id,contact_id,reference_id,amount_due,as_of_date,age_days,age_bucket,entity_type
094875b2-b071-4a54-85a1-d7bf6811313f,ef173824-236e-4589-af6a-5bd7edb0e89f,485098e8-272e-4da5-b53c-c5ed8f191d38,20600,2026-06-18,106,90+ Days,Customer
36d22d08-be6e-48fd-9fbd-61c101f9f95f,ebd4b889-4b94-4c8e-acde-8b3b5f560d31,7a00bb89-bed7-4a17-a76d-6b899b98849d,147000,2026-06-18,94,90+ Days,Customer
e1a7ca74-f6b5-4f35-93ec-84919fb52cf1,271cdaa5-4d7d-46cd-9a43-7e3bb4bb922a,d3cb495f-2fe8-464c-b1ec-af3b0f5c3f4c,400975,2026-06-18,699,90+ Days,Customer
199fe441-0730-4b92-89a7-ad9c0fa53512,2df9cb4d-3931-42d6-b71e-03529a9850cb,31de97b5-0e31-4138-bcea-4cff3cb3dddc,1212500,2026-06-18,74,61-90 Days,Customer
a8920565-f7cf-43c9-9370-802988ee54bd,fdf56cc8-2c66-486d-ae8f-8f48c5a28b0c,a9356e93-31fc-4131-9382-cc0fbc04ccd7,2900,2026-06-18,55,46-60 Days,Customer
2469c8b8-b9c4-417d-9d8b-e3753ca930ea,e0140edd-1909-49ae-9bdf-d36e683f578d,b5abd912-5dc8-4418-b2e9-43b0ba7518a6,322000,2026-06-18,529,90+ Days,Customer
9884b30d-0311-41e4-afe9-d11bcd016338,94840a95-c5bb-495e-a6b6-b69f8754b8b8,8a0978bf-8f0d-4fc7-98d9-da9477ccf7c2,321500,2026-06-18,325,90+ Days,Customer
2d631a3c-0567-49d6-a3fa-fa6830ad0d62,71be3019-2872-4e46-9e8f-941663554ca2,93bfa025-bbb1-4b1d-b701-542bfce4d232,318000,2026-06-18,515,90+ Days,Customer
0b8dbe80-a327-49c7-bf58-6d583aa2a2af,56037025-414a-4a5f-8b0f-a21864528f78,daab4b27-4ca9-41ba-99db-7dde17a01b6b,3712000,2026-06-18,224,90+ Days,Customer
2f3c6095-5961-4378-97c1-558f5ef5acdb,71be3019-2872-4e46-9e8f-941663554ca2,bf65ce07-e26e-47e2-84b3-4b63a510d45f,179000,2026-06-18,106,90+ Days,Customer
ef4adfe6-169a-4f3e-8bc1-9291fa707321,71be3019-2872-4e46-9e8f-941663554ca2,09f3fe27-c4c6-421d-af54-43435ea29b83,407070,2026-06-18,62,61-90 Days,Customer
3d34c88d-6c8c-44f4-850d-2fe3753c24cf,71be3019-2872-4e46-9e8f-941663554ca2,f2e854af-20d9-4a2f-adf1-1f4a9905f4a8,532900,2026-06-18,94,90+ Days,Customer
dabf4bf1-e049-4999-aea0-a6b2b551c69b,2df9cb4d-3931-42d6-b71e-03529a9850cb,a61b3635-be56-4513-8dd5-4761db571dbf,900,2026-06-18,74,61-90 Days,Customer
3613ad5d-58ba-46b0-b509-dc1c1ebc8bf6,7f074738-5a84-4e01-9226-9a0acb1a86d8,94d3440f-7632-40cf-955f-a649f4a1ea5d,1042500,2026-06-18,620,90+ Days,Customer
d6dbd077-7f82-4c7d-aa70-468169439794,fb0dc6af-e04e-4271-a539-9702b4d8fdfb,ee2d6e1c-b6ed-4d1e-b30c-7f9bcfcea109,1038000,2026-06-18,267,90+ Days,Customer
52deafbc-b9d5-4eff-b1ff-70f67cf1ca13,71be3019-2872-4e46-9e8f-941663554ca2,9e014367-9eaf-4875-84f9-f82883a81316,1031328,2026-06-18,220,90+ Days,Customer
96586870-567c-42eb-9643-cdf2149710be,e99e6ca5-a4bb-4343-a635-49f04389ca2a,01dafc52-465b-4544-9d54-19958e73adec,1027780,2026-06-18,297,90+ Days,Customer
e22258f6-5c1b-422d-85c9-04b8824853c5,ee050b45-8c17-4d06-ba05-a7f64ed04dab,01409ce3-9882-48fe-b41f-45752a2cdb68,1024878,2026-06-18,541,90+ Days,Customer
2355c252-3c7e-47ce-a558-8401e6658a1c,71be3019-2872-4e46-9e8f-941663554ca2,6d64395a-84d8-4072-9f7f-687ea183b5f3,978800,2026-06-18,490,90+ Days,Customer
fb56cbc4-2b99-4059-98f9-39ba91ec727e,f0fcd114-c83c-4557-ab8e-29869eb50b7b,b7e09c1a-4142-4dd7-aae3-c8ac79952246,966000,2026-06-18,620,90+ Days,Customer
99ae05ec-9bde-414c-a306-66883155a643,f3df996d-b48b-4239-8bf1-1e46b44fabd6,142004af-888c-4900-96d2-af2c52ddceb7,960000,2026-06-18,186,90+ Days,Customer
3694a126-0b2e-4244-953a-07e9d77d6597,71be3019-2872-4e46-9e8f-941663554ca2,497a9c92-ca4d-4ae9-83c8-93efbb5c4239,447500,2026-06-18,106,90+ Days,Customer
dd42a0ed-aafd-4afd-9e70-5d1f8d1c9b84,71be3019-2872-4e46-9e8f-941663554ca2,39cc3b9f-0256-446d-ba8a-9ed7729d0875,314500,2026-06-18,62,61-90 Days,Customer
39284a68-49f8-4dd2-8771-921ffb9729b0,71be3019-2872-4e46-9e8f-941663554ca2,005ddcec-bf8b-4118-b370-273654f9a001,180000,2026-06-18,94,90+ Days,Customer
1a2ccb23-de45-49bf-9674-4db1f9b20595,8c104193-5a04-40c1-9868-8f62355a4de8,ab77639a-5334-41e2-a742-59a8605e3f2f,6200,2026-06-18,74,61-90 Days,Customer
6024b088-e342-4069-b7e2-c745bdde6788,9afccd26-29ec-49e6-a7e3-cc474a13274b,663545fa-b7ba-4751-88ed-665b9147c6b0,1038000,2026-06-18,616,90+ Days,Customer
5b18e434-3f95-49b3-9b05-5a0adc046c5f,cf121604-4741-4796-857c-55d8be0de39a,cfcdd083-2529-4b56-bac5-3dbe3ee59a89,18000,2026-06-18,53,46-60 Days,Customer
dba31dd9-5f46-407a-a086-2da6102f28ce,ba202cd1-1a40-4147-b679-0ece50f6be0a,7c4ee7b9-def2-476a-9274-b5598d185ec3,477550,2026-06-18,60,46-60 Days,Customer
e0fce5f0-9960-4642-bdaf-77c638f45f95,ee050b45-8c17-4d06-ba05-a7f64ed04dab,f06cf78d-02e4-4223-a7f5-3fd69f7db19e,1127499,2026-06-18,496,90+ Days,Customer
b9b84a71-6331-4129-9c9f-0b2b1031c153,71be3019-2872-4e46-9e8f-941663554ca2,a0b08fd1-20f2-4897-8210-dfd16ef62846,1110000,2026-06-18,581,90+ Days,Customer
4f5761aa-0e6c-4a81-87e0-d799dd27eaea,cf35118b-bee6-44e5-8011-470d64b8d0fc,7fe1b10a-4c01-42ad-b9a4-143b158c4241,1106250,2026-06-18,246,90+ Days,Customer
058ad70d-3871-43d0-bc7c-01b4731907de,d5cfc9ca-e095-4816-8888-c0cd5c1bc4e1,cf516246-fe64-42db-b377-80834f6be9f5,1095000,2026-06-18,458,90+ Days,Customer
95ec5bf0-7666-46ad-b2f2-a7d0d4c8b499,7048623d-7a72-46d8-957d-95ee5ed6799c,e86fc6e4-9bfb-48b8-b273-48345f7dd62d,1800,2026-06-18,106,90+ Days,Customer
229b8150-ce72-461f-9b3a-ab4d747a2918,1212e5df-2191-4eea-862f-248bb96835d6,836e4743-39d0-42f7-acff-a8a66627456f,376000,2026-06-18,62,61-90 Days,Customer
19188990-ce49-4a3e-a734-e4015e4ecfe4,c6e017b2-c27d-4969-95de-8284a705a232,b7a23919-c1eb-427c-9b10-1f7faf1a891f,567000,2026-06-18,94,90+ Days,Customer
b65223c3-d265-4464-a182-f59053994bda,ef173824-236e-4589-af6a-5bd7edb0e89f,cd2e1589-dacf-4b90-ab21-f3e1111f350e,1648000,2026-06-18,74,61-90 Days,Customer
0cc4a700-fca5-4d11-b9d0-20bed221686f,87bffc9a-c1ea-4b52-88c7-fe3347a493d7,427c8eec-bd2b-4513-ac53-6ae583fc0d3e,2400,2026-06-18,53,46-60 Days,Customer
e4e80127-a960-4b1d-a944-9d43a96e8027,ef173824-236e-4589-af6a-5bd7edb0e89f,3e4b5d2c-3985-4f6b-863c-79c48a2369b9,1536000,2026-06-18,149,90+ Days,Customer
0c992081-49bb-40c9-949f-31dacbfc463f,7278af2d-7018-4d13-bb4d-1b35f4307714,00197808-e4f2-45e6-b986-d9165b3ca0db,1440000,2026-06-18,163,90+ Days,Customer
35b64fef-3fa7-4e5d-a155-f59dd166223a,4b5902bf-67f1-4e06-8882-ca516c1842db,5897a2c7-aad8-443c-827f-d9ac50f64f4d,1369250,2026-06-18,216,90+ Days,Customer
4f67cff5-67bc-427c-bfe4-a5bccb0291b4,e99e6ca5-a4bb-4343-a635-49f04389ca2a,cfc9c3f3-6c39-4d83-a1cb-a7fd6a99f39d,1260000,2026-06-18,277,90+ Days,Customer
c10c27ba-6d64-4a43-8b5e-5d17e58d14a7,628bcaf4-621f-4082-9aff-5ac50eb5f547,32cbccee-5bdd-44b8-94ad-c1b4ce12c303,447500,2026-06-18,106,90+ Days,Customer
97636903-729d-4ec3-9fc3-776cbd60f7af,c6e017b2-c27d-4969-95de-8284a705a232,a2a7d802-e67a-45d4-bb2e-8bd8f80df4b3,265600,2026-06-18,94,90+ Days,Customer
23d4fc3d-6ea7-4060-8b61-c44ae273308f,831c411d-fe4b-4063-9964-7eff24d5feb3,e715ca35-8807-4c08-9afe-34d05b030803,324000,2026-06-18,60,46-60 Days,Customer
1a7e218e-be06-49c1-a75d-587877d9afc8,3f57352d-df9b-4863-bdf6-4e7a6f5e5f20,55263633-8fed-47f9-b08a-c578bf7601e4,6000,2026-06-18,74,61-90 Days,Customer
1f02462c-48ef-48b0-9a3b-2055c276f01c,71be3019-2872-4e46-9e8f-941663554ca2,3b576f53-b944-46a2-a04d-64816b88fafd,552773,2026-06-18,53,46-60 Days,Customer
b7724d0a-243a-4855-9e1f-bfa09b3f44e9,e99e6ca5-a4bb-4343-a635-49f04389ca2a,49a47f0f-11d9-439d-84a3-2e087d4764cb,1028606,2026-06-18,283,90+ Days,Customer
5b335797-d0fe-4a55-b0f2-627528e575a1,f3df996d-b48b-4239-8bf1-1e46b44fabd6,8a33b8ca-29f2-478b-9899-81cbe1e4fbb9,1019200,2026-06-18,205,90+ Days,Customer
d2ec59b5-efb5-428c-8e33-15654c5028ab,ee050b45-8c17-4d06-ba05-a7f64ed04dab,b201d3db-72bf-4742-bfc1-4800c39a899c,1007499,2026-06-18,420,90+ Days,Customer
336c3265-f530-4611-a529-dbab682cd957,f3df996d-b48b-4239-8bf1-1e46b44fabd6,694a97ad-7b84-4ecc-a1cf-10e907ab7013,960000,2026-06-18,177,90+ Days,Customer
096d31b2-795e-47c7-9453-b62871314c73,b68482aa-3798-4bc4-96c2-ae22f9e1f162,41c6f636-8d56-4e7d-a27c-9c749451f289,270250,2026-06-18,521,90+ Days,Customer
9427534b-69a4-4bcf-a8b0-cf940d875a9f,add3d1ff-35de-4335-a95b-9db45afafaaa,f68c8617-553d-4f7e-9457-2877fe85ed80,313250,2026-06-18,106,90+ Days,Customer
10ce5f1d-cbb1-486b-bdbb-41b9186b47cf,71be3019-2872-4e46-9e8f-941663554ca2,e8db5bf2-419c-4aec-a905-70bde13be486,732850,2026-06-18,749,90+ Days,Customer
aca6dbaf-5449-4aef-8e0c-bb7657ca7195,71be3019-2872-4e46-9e8f-941663554ca2,8d5fa8f4-3dd1-44d2-bd60-dc8f6a969d69,493875,2026-06-18,679,90+ Days,Customer
cf56cc09-f394-4c41-b994-865002e07987,31ba490b-d257-4dcd-8a73-9e4fb49e1359,37e4b3f0-7dee-4c25-8c29-5cfbd4ad94c2,438499,2026-06-18,156,90+ Days,Customer
ba3bc9ed-b08e-40b5-a254-2fb6f9f80582,fdf56cc8-2c66-486d-ae8f-8f48c5a28b0c,6b0f5e6d-670d-499f-a08e-06d0145f1829,1790,2026-06-18,94,90+ Days,Customer
38673800-a95a-4938-9dc5-e9f8d02da1a3,71be3019-2872-4e46-9e8f-941663554ca2,0302dc41-0b34-495e-8408-f48a8438c114,8387,2026-06-18,676,90+ Days,Customer
a1da7cc7-ff52-4632-94ff-209679de7b2f,71be3019-2872-4e46-9e8f-941663554ca2,921c406f-18f0-4239-9fba-7c1be2310596,455000,2026-06-18,74,61-90 Days,Customer
019d1ddb-af05-4c8f-839a-6354ee96e04d,46259c13-632d-449f-a96f-f1deab0e0046,cc20abca-8ed2-4184-8bb9-ff171c63abc5,257055,2026-06-18,53,46-60 Days,Customer
5fc419f5-ad1b-4175-b786-470f3e2a93a6,7278af2d-7018-4d13-bb4d-1b35f4307714,8f7375b6-dd1c-486b-bb28-7e0197bc8019,1515000,2026-06-18,126,90+ Days,Customer
73d83204-2376-4167-a611-29786e146d25,ef173824-236e-4589-af6a-5bd7edb0e89f,5a34cec0-cbad-46d2-b1b7-f54f01a5f499,1545700,2026-06-18,165,90+ Days,Customer
8ca08504-a87d-488f-a36b-d8aeb1eeaaa3,3f57352d-df9b-4863-bdf6-4e7a6f5e5f20,f96aa88f-745d-45f9-b664-0f2987cfc91e,5600,2026-06-18,94,90+ Days,Customer
4c80728f-0bf0-4a56-99ef-4a087b5768e4,71be3019-2872-4e46-9e8f-941663554ca2,92350eb6-917e-4682-9618-10856f9bd5ca,592500,2026-06-18,711,90+ Days,Customer
8f71a830-acdf-46cd-b2eb-22119de6a7e9,71be3019-2872-4e46-9e8f-941663554ca2,3daf3224-e585-4c65-95f2-894a5c085c13,534000,2026-06-18,695,90+ Days,Customer
0317ea08-de0b-44b3-8471-fd04311a1a81,71be3019-2872-4e46-9e8f-941663554ca2,c788c824-916c-42a3-9cd6-4e03b258dc6c,393194,2026-06-18,720,90+ Days,Customer
93564089-4908-4999-a1aa-12d493008f95,71be3019-2872-4e46-9e8f-941663554ca2,c027f01e-1b69-4b67-8e5a-12d5315ccb44,302500,2026-06-18,74,61-90 Days,Customer
951e16d6-97f6-4d56-b673-f7be3d154e79,46259c13-632d-449f-a96f-f1deab0e0046,15210e8e-faf3-4f16-9cc7-f0979ed2bc12,114800,2026-06-18,170,90+ Days,Customer
f81f7816-d12a-421a-8282-2504c3433ab0,71be3019-2872-4e46-9e8f-941663554ca2,0409d556-4d12-4118-b99c-94aeaba5d2c6,98400,2026-06-18,679,90+ Days,Customer
4e54c605-32c9-47f5-9d91-7de749d928e2,d11168e8-0acb-4143-82e4-419e25634be8,27b9ea70-a2eb-45a9-a5f8-e71ce792b699,153600,2026-06-18,655,90+ Days,Customer
3ae766f2-12fc-4e3e-b8e7-9fc00749c6a5,71be3019-2872-4e46-9e8f-941663554ca2,6aaee437-a796-42f5-86b0-27516ec2f898,128325,2026-06-18,694,90+ Days,Customer
388f9c4e-b678-471a-b9e4-1fcbd9ed8d51,4b5902bf-67f1-4e06-8882-ca516c1842db,3bc06a9f-eb20-48a3-a41a-843b45c4a32c,695000,2026-06-18,53,46-60 Days,Customer
8bdc00a0-f7bb-451b-bcd3-7238ee15129e,71be3019-2872-4e46-9e8f-941663554ca2,0f8bfd3d-8901-4afd-a68d-87b059b56d62,918750,2026-06-18,469,90+ Days,Customer
0f966846-92f3-4829-bbb4-f73e7d10e266,fdf56cc8-2c66-486d-ae8f-8f48c5a28b0c,294fec58-045b-444c-80a7-fb73a7b0bced,4200,2026-06-18,62,61-90 Days,Customer
55a3da52-2a8d-4de8-9a63-bd5c975748db,8f06ff88-5db5-47ec-b27f-af2ef21de406,d0bc4de8-8de2-4d5a-9112-a1d6973d490c,268500,2026-06-18,106,90+ Days,Customer
29c788df-b8ad-4fa8-9619-1ed0f72b5f5d,f339fea8-85c3-46ca-9d61-5a3dcbbb1b85,cd9adb7b-3740-4219-9ce2-1f61482baddb,191000,2026-06-18,240,90+ Days,Customer
33291965-cc42-4c06-a757-eccfee9cf504,2df9cb4d-3931-42d6-b71e-03529a9850cb,6d2eb58c-86c4-418d-8d95-3d1cb7179a37,1800,2026-06-18,94,90+ Days,Customer
f06df015-4a36-4118-80c5-f0808abfc3d1,c10c3408-1a47-464d-9517-5024fa2d007d,62360e50-e88d-4e07-b11e-10adf11f3086,133850,2026-06-18,545,90+ Days,Customer
458ec3ab-feda-40b3-8b38-b418ebe0a8e0,71be3019-2872-4e46-9e8f-941663554ca2,5410dcbb-7298-435d-ba4a-8f0e77783795,72000,2026-06-18,745,90+ Days,Customer
58ced36f-d418-4a56-abb0-677cbca93ccc,f1e51592-40e6-4c0e-ba12-f1e4bfda0f43,14339868-124c-42dc-bdd1-c044e2e1166d,232500,2026-06-18,74,61-90 Days,Customer
38bbc64b-1baf-4141-b498-588555d400d5,fdf56cc8-2c66-486d-ae8f-8f48c5a28b0c,c3befa23-cf68-45f6-87c9-ec185d941edf,8000,2026-06-18,52,46-60 Days,Customer
13c6d911-7d8b-497e-bc5f-458d8f3fe169,71be3019-2872-4e46-9e8f-941663554ca2,cbc3fcc3-7e24-4e12-a707-9cbec010f18d,922499,2026-06-18,529,90+ Days,Customer
749e743a-a552-40b2-83d6-07972ccd018d,6e294634-9504-4be4-960e-df2f3ae4b416,fd8a300f-2ebd-4024-94d2-d2b8fe7b72ba,575000,2026-06-18,412,90+ Days,Customer
fb71a88f-ad49-4a64-b1ac-14c871122afc,71be3019-2872-4e46-9e8f-941663554ca2,a0439994-4133-446c-8e50-3a1ab486ba90,225781,2026-06-18,718,90+ Days,Customer
23f0df00-b0a4-4a23-92c9-46995be00ec1,d11168e8-0acb-4143-82e4-419e25634be8,46c37aeb-067a-421c-94ac-94c2e28d0037,96000,2026-06-18,651,90+ Days,Customer
3bfe4025-84fa-4d90-a6bf-fdcadb0aba73,71be3019-2872-4e46-9e8f-941663554ca2,c77064f3-e7ca-49d0-ad30-88c23c15f072,117000,2026-06-18,736,90+ Days,Customer
455fae60-317a-4590-ab54-4ec84277dbb2,fdf56cc8-2c66-486d-ae8f-8f48c5a28b0c,a318c76b-6c7a-463f-b9ce-ed7051b0a502,1450,2026-06-18,52,46-60 Days,Customer
770b133b-a7a8-4584-9b5b-1b52927456ed,99654bf2-99d2-4963-a48f-35d1eacc4352,c8a08167-cdb5-4f38-8e97-d9433f4becc4,1132800,2026-06-18,93,90+ Days,Customer
e3d88d89-6d7f-4b32-b067-09a310c2b9d1,46259c13-632d-449f-a96f-f1deab0e0046,36e76f75-c02c-4f5e-9461-da8b5a61f4ff,150000,2026-06-18,74,61-90 Days,Customer
6618555e-9144-4a03-a009-2e9e4abc2422,ee050b45-8c17-4d06-ba05-a7f64ed04dab,ce9e88f5-8d40-40d5-b02c-536d8ca6eb19,914999,2026-06-18,597,90+ Days,Customer
8c93c3ad-49dd-4e30-b904-630f2c0aed8e,ee050b45-8c17-4d06-ba05-a7f64ed04dab,bf914d25-bdc3-4d2a-afba-91679e682684,915000,2026-06-18,771,90+ Days,Customer
f0245426-aec4-40f0-b8f6-7abd725efad0,13434759-d4fc-4dc9-ad3b-480ab7211da2,873aaec4-718d-4f68-aee0-2f8c37bcaaec,633300,2026-06-18,106,90+ Days,Customer
076da812-a2a1-45a6-be01-b21fcbe6810a,71be3019-2872-4e46-9e8f-941663554ca2,86e6d10e-2e79-4742-8559-b22ce9310427,511850,2026-06-18,697,90+ Days,Customer
a456ac04-68fb-4149-bdef-03ffee7d814b,7e5b18e4-acb0-4a74-ad1d-f25958d7de14,65b59457-a99c-4ae8-b33c-2203f600a065,63625,2026-06-18,270,90+ Days,Customer
1028bc25-e94c-4f3c-a5c7-715231f96892,7278af2d-7018-4d13-bb4d-1b35f4307714,f6ada6ed-db04-4dc9-90b8-3dbe6fa026a6,1617100,2026-06-18,93,90+ Days,Customer
8516e2a8-e4e4-463e-8a3d-246a4705864d,4ef83a84-e315-4f3e-94e1-511f936e9e34,85c18c2e-4e5d-4024-b1cf-aa69085ffde9,231500,2026-06-18,522,90+ Days,Customer
58c10aa5-2fc2-46c0-9b5a-5121aab1ba4d,46259c13-632d-449f-a96f-f1deab0e0046,e0232cd6-d724-4fc8-b85a-7c3707b61399,100000,2026-06-18,74,61-90 Days,Customer
bc78deba-f5cc-4a53-bec8-c2356ad5c123,c62ed87b-e442-4815-a36e-6b634e3628f1,dea6e479-4a87-4ea5-b773-f53ac85fee29,84200,2026-06-18,590,90+ Days,Customer
c7de32d1-ddd2-4ae7-b97e-fc23b55efa3b,2df9cb4d-3931-42d6-b71e-03529a9850cb,5a8913b1-575c-47fc-9498-54563d773387,3383,2026-06-18,52,46-60 Days,Customer
d1e36e1c-9d5c-4fe3-99b8-186ce46f1594,628bcaf4-621f-4082-9aff-5ac50eb5f547,9eb016de-7668-477d-8650-331a3e96bd14,447500,2026-06-18,105,90+ Days,Customer
ef76f74b-8ac0-409a-a2e7-d70c93d34a19,71be3019-2872-4e46-9e8f-941663554ca2,41174dbe-d916-46fc-a3d1-f72cb557463c,179000,2026-06-18,93,90+ Days,Customer
6d5cc216-b5f7-42a1-b5ac-013591315645,71be3019-2872-4e46-9e8f-941663554ca2,61ba4f4e-c10f-41e8-8a72-6ed0ae16dcef,217500,2026-06-18,52,46-60 Days,Customer
db253b86-d507-4779-b3c9-a4e57e8ac889,81ac38e2-4f65-4e63-9f47-e21d96b7a523,4c8d156f-14ef-4c21-89c0-b3bcdeb809b3,54190,2026-06-18,74,61-90 Days,Customer
1bf7a2f2-cff9-45b5-8099-b6bab358a625,71be3019-2872-4e46-9e8f-941663554ca2,ad130e58-3dbf-46ef-9f4a-89e3435d3a4d,918750,2026-06-18,464,90+ Days,Customer
2801a743-46cc-42c1-8261-56e8e3a491b0,46259c13-632d-449f-a96f-f1deab0e0046,cbed194d-e2c8-4f5f-bf41-6c8b4a2c4907,400000,2026-06-18,105,90+ Days,Customer
5404381a-57f1-42ee-95f4-597040c8bfdb,ef173824-236e-4589-af6a-5bd7edb0e89f,87d70d51-ceab-4bb7-8492-1cd7f367d445,1648000,2026-06-18,60,46-60 Days,Customer
73fdf72c-dff9-412e-beaf-4bb7e268974d,71be3019-2872-4e46-9e8f-941663554ca2,ad982cd3-0d39-48fc-80aa-ac7b25837cdb,244500,2026-06-18,93,90+ Days,Customer
26b457a8-91b7-4d5e-bae4-240f475452ae,71be3019-2872-4e46-9e8f-941663554ca2,b229887b-3ed9-44bc-9a43-1297d8851248,323000,2026-06-18,685,90+ Days,Customer
69c3d37b-1a38-4d51-8d1a-8328416789fd,d604343c-0482-49ed-80ec-28e4aa0c3fd4,e0e9bf46-280a-40ed-8c93-925ec42d05df,59999,2026-06-18,588,90+ Days,Customer
a19d952f-9bec-4103-ad6d-5910240a9ddd,71be3019-2872-4e46-9e8f-941663554ca2,1b9419f5-2198-429f-a895-e7d996c166e3,766850,2026-06-18,352,90+ Days,Customer
7e7ff9fc-73d4-4b27-84ad-23e1c9b8d5e3,6bc20676-6cd9-4bd5-b300-2a44c353db98,06ca9013-0612-46e5-b722-7ecb5c8b8296,51000,2026-06-18,581,90+ Days,Customer
843fa974-728a-4371-9858-ae9bf642d2e1,95c5d920-3701-494c-b8ec-568a66ffc4ad,b28e500e-6412-4ffa-b68d-168c1a1a9df1,179000,2026-06-18,105,90+ Days,Customer
a15ac4a5-4fc7-45ff-8354-7349024bd512,99654bf2-99d2-4963-a48f-35d1eacc4352,3b268f6f-2c94-4ca8-8dab-f0ba97474f5d,1212500,2026-06-18,50,46-60 Days,Customer
9087ad96-f139-410d-b8df-0b6243d52be6,2df9cb4d-3931-42d6-b71e-03529a9850cb,9457ab88-c5f5-4ffc-818d-29a3387b8ae9,2990,2026-06-18,93,90+ Days,Customer
7beb2615-f383-4b22-8830-72334d4ee8f4,d4686b2c-519c-4f5f-9839-c125dddade95,8d07231f-3ef9-477a-86d8-da64791134ba,665200,2026-06-18,310,90+ Days,Customer
754fd6de-e03d-492a-979f-cc11edc194c6,2df9cb4d-3931-42d6-b71e-03529a9850cb,e9cbad97-85d0-4d1b-8d7b-d72a9271f3d9,3600,2026-06-18,73,61-90 Days,Customer
e2af2681-5310-48cc-b614-517598ed4bdc,71be3019-2872-4e46-9e8f-941663554ca2,aac0aa22-e1f0-452d-8e4f-9d4ba5d084ca,34320,2026-06-18,738,90+ Days,Customer
0782e84b-5b5f-4ddf-86fb-81a5147db48b,a94cb79c-06ac-4336-8736-ea02f8f1b23b,6bab437e-d9c7-4a92-a427-0a134953987f,34000,2026-06-18,778,90+ Days,Customer
02aeea62-11b3-4b26-8715-8237156a1885,71be3019-2872-4e46-9e8f-941663554ca2,5aa13181-ee5e-434e-8155-826caa984a9f,268500,2026-06-18,105,90+ Days,Customer
f77193dc-7fcc-4995-8a0a-d025fbd94f8e,2df9cb4d-3931-42d6-b71e-03529a9850cb,7075111b-90e2-4922-8328-60f6eafac118,2400,2026-06-18,93,90+ Days,Customer
45abdb55-cd84-49cf-9571-2e9782dc2bc8,71be3019-2872-4e46-9e8f-941663554ca2,8d60cf88-793a-495f-83fa-96192c3a4ac7,282820,2026-06-18,73,61-90 Days,Customer
e0902f30-7740-4c5e-8d59-6f9d479549bb,71be3019-2872-4e46-9e8f-941663554ca2,9f3cde11-6b1c-4f33-bbf0-d9efbe9daefa,765375,2026-06-18,188,90+ Days,Customer
68759912-ae08-40fc-9143-3b4ab19d6853,1e8b0fdf-a882-4a38-bf4a-36f1d58a0898,1642642a-d008-43da-8cc9-4109c0ec3f89,259200,2026-06-18,111,90+ Days,Customer
cec0966d-26c1-4c1a-929b-ec82d75a5e14,71be3019-2872-4e46-9e8f-941663554ca2,0e1bb7aa-c26c-4944-ae88-363f32efc8c8,457345,2026-06-18,105,90+ Days,Customer
b2e0763a-99e1-48eb-944d-d2d7a7fdc3ae,71be3019-2872-4e46-9e8f-941663554ca2,83143d46-1a14-47bf-b76c-41906a30b07d,179000,2026-06-18,73,61-90 Days,Customer
2d6d6ae0-aecd-40d1-a250-3b9b462f4811,ec31354d-a2f1-4014-9b0b-848354b1844d,e8769730-27b5-4d07-813f-5aa38b75faf4,769400,2026-06-18,210,90+ Days,Customer
b9bd41f3-886c-4744-8d64-2c598ab62222,71be3019-2872-4e46-9e8f-941663554ca2,ec057794-cae0-41a2-be1f-eb852b8edaeb,178600,2026-06-18,59,46-60 Days,Customer
a59240d8-37d3-4689-a511-cabdac3b0b19,46259c13-632d-449f-a96f-f1deab0e0046,175afaf5-14e9-41c3-b1ef-79e97328d15d,495000,2026-06-18,93,90+ Days,Customer
2fcfab44-260e-4f22-85bf-f1031782511a,c6e017b2-c27d-4969-95de-8284a705a232,c7daafb5-3d34-4ba5-bb8c-47d864dea96d,429000,2026-06-18,73,61-90 Days,Customer
4c191654-e517-4ef3-ba76-cb4ca645a97d,242b18b0-2b6e-4ef6-b311-fa29444b997b,b8b3134f-ea65-487e-ac7d-9e38fd6dd64e,768000,2026-06-18,177,90+ Days,Customer
ddf35005-01cc-467d-a03b-394a4e465396,46259c13-632d-449f-a96f-f1deab0e0046,9d6b7d12-4cbd-4767-9dbe-91af63dc7c2b,269600,2026-06-18,93,90+ Days,Customer
39b7dfc0-e64c-4309-90e0-b288ec60bd86,add3d1ff-35de-4335-a95b-9db45afafaaa,3a266c34-9bfb-4f0f-9018-dfc789deb857,453500,2026-06-18,59,46-60 Days,Customer
32f89e94-b1f2-4646-8f29-a8447ea46209,628bcaf4-621f-4082-9aff-5ac50eb5f547,6e7fa843-f7cd-43ef-ba5b-fdbb4ba68111,277450,2026-06-18,146,90+ Days,Customer
9525c716-56d6-414d-a395-fdd9897ceb58,add3d1ff-35de-4335-a95b-9db45afafaaa,fb9acb1e-4918-4230-9e9e-33c3747c5cac,548150,2026-06-18,52,46-60 Days,Customer
d90ddba0-7bf0-493b-a8e1-682566e226ae,4b5902bf-67f1-4e06-8882-ca516c1842db,642af90e-affb-4f50-b812-0d2e83a57ef7,404000,2026-06-18,73,61-90 Days,Customer
8840470b-68e4-4e5a-becf-c7410093c210,71be3019-2872-4e46-9e8f-941663554ca2,b5d85a57-ea35-47d3-8d2f-50895b4594a1,687150,2026-06-18,364,90+ Days,Customer
e1113598-0320-465c-9d6b-021735ab9f99,3f57352d-df9b-4863-bdf6-4e7a6f5e5f20,1ad8b515-68b4-4597-b771-f9ae82cc5714,1200,2026-06-18,93,90+ Days,Customer
519d9517-32aa-497a-8d62-3624d7336bc7,f1e51592-40e6-4c0e-ba12-f1e4bfda0f43,8f1d96fc-2a13-4607-bc25-c14cb3e5a609,267840,2026-06-18,59,46-60 Days,Customer
7bf6b3d8-570b-42e2-a168-aa82609c1a5c,628bcaf4-621f-4082-9aff-5ac50eb5f547,32699c3d-4a75-4bf1-95d0-34d1a0c4d60e,313250,2026-06-18,143,90+ Days,Customer
11839c66-147b-4b24-b717-a3ddba717ba2,53308ef6-2f48-4765-99a9-ea0e45efd108,88f23c13-7504-479d-bc86-830be38f1498,475000,2026-06-18,52,46-60 Days,Customer
a34a00d6-f7d2-4e2a-a93d-fb6c2f8fb5da,71be3019-2872-4e46-9e8f-941663554ca2,5f4f8f1a-1fde-40a6-9cef-55c89a5c07c6,698200,2026-06-18,570,90+ Days,Customer
8af6f99a-ac77-4fec-8451-8703dd8dba37,71be3019-2872-4e46-9e8f-941663554ca2,3cdb770b-3fa5-4eee-b940-1add7b324909,99000,2026-06-18,93,90+ Days,Customer
04c6302f-c4c6-4b84-8270-32aa36216f5c,1212e5df-2191-4eea-862f-248bb96835d6,66381fca-4bb9-4b55-ad9e-1752f9a7e46a,564000,2026-06-18,59,46-60 Days,Customer
7c463e93-dba3-44cd-b378-310ea337f010,ef173824-236e-4589-af6a-5bd7edb0e89f,0754d631-9269-4a58-bf01-18e5e86a65e8,580000,2026-06-18,357,90+ Days,Customer
d000e5b5-3409-48b5-a7fd-bb895fa94dd1,b40a002d-568f-4cae-beb7-9546cfedd363,4f18d3c2-d569-4bce-bcb5-64d9c0c8e822,686250,2026-06-18,239,90+ Days,Customer
d4f1d1dc-8315-4d47-b419-6fb4d025747d,71be3019-2872-4e46-9e8f-941663554ca2,41b0aca6-f991-4679-b8ec-21c891d1fb95,955520,2026-06-18,58,46-60 Days,Customer
c38a6fc9-48ff-4709-a64a-0440968251d7,71be3019-2872-4e46-9e8f-941663554ca2,33ed7974-5801-47ec-a5ce-df45694f04f2,184300,2026-06-18,93,90+ Days,Customer
fb4c19a3-6485-488b-ba25-328faab3b88e,628bcaf4-621f-4082-9aff-5ac50eb5f547,66956f30-9635-4a86-9954-665b7e39791e,272500,2026-06-18,141,90+ Days,Customer
43cf5233-c6cb-48f8-b60b-3e0a1406adff,f83e8351-57ae-4284-99c8-3d0905e11e48,35d79c89-2b9f-40fe-8a01-41fbf04320ee,232500,2026-06-18,73,61-90 Days,Customer
4d936cce-136b-45c6-821c-cc7bf3e10964,71be3019-2872-4e46-9e8f-941663554ca2,fe3f2d59-16e8-420c-89b8-b5aeb791a198,687602,2026-06-18,324,90+ Days,Customer
6b2b58f6-294d-41b0-9d08-e3cc9581ce70,753d1c5a-1252-4a9e-bdf1-fd0922fbb352,aea1231e-088e-473a-b945-5f21323e8028,590000,2026-06-18,717,90+ Days,Customer
4e0a0c84-9335-40a7-8b74-d973ebb24622,71be3019-2872-4e46-9e8f-941663554ca2,9f27c5a8-98a6-431f-bc7d-718b6886c4e8,268500,2026-06-18,104,90+ Days,Customer
e0f9592d-e033-4294-8737-90d597e9f332,2df9cb4d-3931-42d6-b71e-03529a9850cb,ac09d746-c519-41ae-80b6-0508ba9f6c1d,115500,2026-06-18,58,46-60 Days,Customer
e6194ed1-f7f3-48fc-aa6c-4f4953d84b13,71be3019-2872-4e46-9e8f-941663554ca2,1a8a7fa5-bcbb-4c92-bb2e-0b90e8c90560,188000,2026-06-18,93,90+ Days,Customer
8c475590-b3df-4304-afab-c48617a7dae6,724115cd-6dd9-4b21-b653-db01fe0dda84,2cf6b801-f3e4-478b-9c46-a9fd5be417d2,630000,2026-06-18,53,46-60 Days,Customer
4ae56d23-9cb8-40c4-823b-a79c37402620,6e294634-9504-4be4-960e-df2f3ae4b416,298a6d2b-97f0-4181-bac6-5e4d5f7da960,595000,2026-06-18,400,90+ Days,Customer
07bdf9d6-5561-4776-84b3-d3ac91ae0d7a,71be3019-2872-4e46-9e8f-941663554ca2,ba9c436c-aa1a-447c-98cb-23534a8a25d5,592080,2026-06-18,283,90+ Days,Customer
daee96e3-9a27-4ab8-8728-e4d03a7d014b,71be3019-2872-4e46-9e8f-941663554ca2,ada0a70b-d6b4-4297-bf7d-b1c06843bdd1,567510,2026-06-18,463,90+ Days,Customer
a4acad09-ee0b-40af-b527-d80e1b88479f,cc1c75ac-51c8-428e-9f70-77c001aad47c,5aa0a992-172b-4a28-a285-64eaae244974,566625,2026-06-18,197,90+ Days,Customer
cd8a3966-dcb6-4dc4-9979-0c6894db0efb,add3d1ff-35de-4335-a95b-9db45afafaaa,987d511f-f30f-498c-b879-1029eb0ee271,447500,2026-06-18,104,90+ Days,Customer
b0bae224-b73d-4cf7-aa36-6da4882f5506,fdf56cc8-2c66-486d-ae8f-8f48c5a28b0c,9fa649b7-a3ca-4a07-b2d5-0b8f3da68c05,3840,2026-06-18,58,46-60 Days,Customer
6c7fea87-67d0-4f6e-8543-e15e729698f5,71be3019-2872-4e46-9e8f-941663554ca2,65e1139d-1311-465d-af7d-7f22a4d9c3c5,47000,2026-06-18,93,90+ Days,Customer
db945ea5-1ebe-46c6-a31d-f5a8e6771521,6bfd0ec9-30f4-495c-b104-f19a6d20505a,ad776584-7dc3-422f-b191-66ce360f9504,186000,2026-06-18,73,61-90 Days,Customer
fd8e5959-1513-4289-9860-167eb777d89a,fdf56cc8-2c66-486d-ae8f-8f48c5a28b0c,056be1e5-858f-489d-956b-8621a7d70e71,1470,2026-06-18,51,46-60 Days,Customer
a664c74e-e03f-49cd-801a-cc6165d8bac3,5bd75a72-6cce-49d2-8c36-efc22b10d1c2,d1ac361f-7582-4be1-b001-ed25949393e5,303000,2026-06-18,688,90+ Days,Customer
ad413d94-f658-4b0e-be50-54e63aa073ab,fdf56cc8-2c66-486d-ae8f-8f48c5a28b0c,d41a6ac4-0844-4d0d-9ede-88a39570c481,1550,2026-06-18,73,61-90 Days,Customer
8dd4d2ae-48af-4d70-a235-05a9ea8611ec,cc1c75ac-51c8-428e-9f70-77c001aad47c,88a8cda0-132f-42d0-b12e-819c7d825aa9,358000,2026-06-18,104,90+ Days,Customer
49e033f5-d7c0-4874-bb41-ebe8ee0fb38d,71be3019-2872-4e46-9e8f-941663554ca2,adcface4-15f5-4043-97a3-a1d1bd06ee22,282000,2026-06-18,93,90+ Days,Customer
e6b04206-e2f8-44ea-a6d6-fda016cfb4d0,3f57352d-df9b-4863-bdf6-4e7a6f5e5f20,478dc5fe-6672-4c3e-a07d-420d9036dde5,960,2026-06-18,58,46-60 Days,Customer
9d4ffdfa-915b-4fe7-818d-d55df5b121d9,0fa694d4-ac92-42fb-8ac6-9711c91f236e,5e5ec1a5-0dd4-441d-b32c-29e8b70866e7,502500,2026-06-18,51,46-60 Days,Customer
f615bfaa-049e-4a7f-8837-56899f08f89d,f83e8351-57ae-4284-99c8-3d0905e11e48,25defe5c-72f5-471e-8482-ad3add9af286,145000,2026-06-18,51,46-60 Days,Customer
c0014518-e757-4fd6-b73d-436e58126b38,f0aca777-38ce-4a56-9108-dbbfb2edb831,6a4129eb-2372-4d39-9c3b-99fac595fd67,543000,2026-06-18,710,90+ Days,Customer
4ac4e281-637e-4193-abbd-eb632990cfe9,fdf56cc8-2c66-486d-ae8f-8f48c5a28b0c,f2cd6be9-7044-42e6-bd07-4136c876cc87,1550,2026-06-18,73,61-90 Days,Customer
a88eb2a0-6ba8-44c3-9fd0-c9ba03b23ab0,1e8b0fdf-a882-4a38-bf4a-36f1d58a0898,cc6301d1-5a53-4677-b93a-b7e88468b4ba,447500,2026-06-18,104,90+ Days,Customer
ef99eb49-72d8-4965-aff3-75e05fea120a,71be3019-2872-4e46-9e8f-941663554ca2,988d1bc0-ac4e-4989-9a31-e5628b130c33,194700,2026-06-18,93,90+ Days,Customer
9b34f1db-9fd0-47c2-81a0-795af8a40ff9,077d9584-8f05-42cb-90f1-1e17bab1db5e,5bb7d83a-a07d-4f66-9256-ce8096df4b57,127600,2026-06-18,51,46-60 Days,Customer
962a88d0-e2da-4d2f-94f5-9c3c01bd4ce7,99654bf2-99d2-4963-a48f-35d1eacc4352,58b07df1-ebf7-4d7e-8ab0-d57f9d1ca62a,1212500,2026-06-18,57,46-60 Days,Customer
5737887d-b1e3-420e-8876-a71bb4028a84,2df9cb4d-3931-42d6-b71e-03529a9850cb,904d8b75-fd5f-4863-8421-575fe4e8c40c,895,2026-06-18,93,90+ Days,Customer
b1118c84-1b08-4ab8-baad-6e1a066f8398,628bcaf4-621f-4082-9aff-5ac50eb5f547,f272c26d-c082-4cae-8a65-a8893d5234d8,358000,2026-06-18,139,90+ Days,Customer
bac03900-c9cd-4569-b1ea-b58d7dc8b823,99654bf2-99d2-4963-a48f-35d1eacc4352,6762c201-fe3b-4b6c-851d-2452817f1602,1212500,2026-06-18,72,61-90 Days,Customer
d536f16e-2b9b-4fd7-b7f5-94eedf5a9c9b,2df9cb4d-3931-42d6-b71e-03529a9850cb,863a14a6-b77a-473a-8612-1966aa676fb7,2100,2026-06-18,57,46-60 Days,Customer
7ccc6382-af9f-4363-980d-abc522ffa1bc,7048623d-7a72-46d8-957d-95ee5ed6799c,6f1d65b7-8172-4aaf-b159-2dcf343ac23f,1790,2026-06-18,93,90+ Days,Customer
1ba6aad7-f59c-40ca-b792-036b7db643f4,242b18b0-2b6e-4ef6-b311-fa29444b997b,6174d437-b36d-4864-9a3f-fef6e1d0d199,735000,2026-06-18,407,90+ Days,Customer
f0fdbe94-c487-4f2e-9499-06a8bb1b46ae,71be3019-2872-4e46-9e8f-941663554ca2,19802d88-12eb-4259-9306-2511443fc8ba,285000,2026-06-18,51,46-60 Days,Customer
4987da3c-c365-411a-93dc-ead8474a795f,f83e8351-57ae-4284-99c8-3d0905e11e48,2b348bf1-a0be-463c-a824-a434c5c879ca,186000,2026-06-18,72,61-90 Days,Customer
16d84bd5-d812-4384-87ea-f6f9bbbae2e3,8da5249a-c2b8-48c3-b61c-12ecf6d898d8,d3e43762-8171-4f05-8a5f-9f9454d797f2,551400,2026-06-18,683,90+ Days,Customer
1bacaf96-df8b-4ebd-b58a-96cf4df11a42,3f57352d-df9b-4863-bdf6-4e7a6f5e5f20,9534a4a3-49fc-4a9f-9bd9-60b8837788bc,600,2026-06-18,93,90+ Days,Customer
bcfe00de-9f4d-4e62-b608-2926d0d210be,242b18b0-2b6e-4ef6-b311-fa29444b997b,94cabba2-a3a2-418b-9394-dc2477e02c66,27500,2026-06-18,395,90+ Days,Customer
2331f94a-c925-410f-8242-aa6dd86ae67d,fdf56cc8-2c66-486d-ae8f-8f48c5a28b0c,424746e1-7af9-48fd-97bc-42751a7143fe,1470,2026-06-18,57,46-60 Days,Customer
f5d0265b-7de7-418e-a5a5-83df84ab7a2c,f0fcd114-c83c-4557-ab8e-29869eb50b7b,7d925ef2-f365-4ec9-b855-420c297092e3,671750,2026-06-18,72,61-90 Days,Customer
c324d789-2af7-4bec-8d72-fd15e4c659ba,71be3019-2872-4e46-9e8f-941663554ca2,9a286515-6ba1-4213-8c8e-beb0f6e316cf,97525,2026-06-18,51,46-60 Days,Customer
e91afc7c-e04d-4f80-b460-e5e150ecd8aa,2df9cb4d-3931-42d6-b71e-03529a9850cb,d78b3938-38b9-44f4-b82a-e75066d910fc,43200,2026-06-18,60,46-60 Days,Customer
c530acdf-3829-46e4-8b79-eab04ec58158,16beab9d-c9a2-48f5-be5c-f4b2ca14bd65,efe2d77b-9aa2-4c58-bff5-b8014be10d23,196000,2026-06-18,72,61-90 Days,Customer
ef8ac797-a7bd-4633-8e6e-522476075101,8495a28a-22be-4ddc-b184-f033f3675a64,d1da9fde-f7a3-47fd-99f1-4ab0c53b4573,1376000,2026-06-18,50,46-60 Days,Customer
8983a557-5415-4109-b4e5-f14d16939428,4b5902bf-67f1-4e06-8882-ca516c1842db,50cab8cb-d8e1-4eca-9a97-1c685d97bb2a,490000,2026-06-18,171,90+ Days,Customer
2b29cb26-8723-4928-9ee1-cb497e72361a,2df9cb4d-3931-42d6-b71e-03529a9850cb,fdb1b3bc-b423-4f9d-95ad-a731e7531bf5,6000,2026-06-18,60,46-60 Days,Customer
db2bd01c-f782-4bbe-a15c-1df1bbe8cde9,9c550d4c-077d-4fb4-b74d-3debcfd3b42f,cf5142db-f9bc-452a-96a3-870397913a3a,54165,2026-06-18,50,46-60 Days,Customer
aff6959f-a8fc-4158-af46-a1beae64d8fc,8f06ff88-5db5-47ec-b27f-af2ef21de406,acf745c2-4932-4b46-924f-f88f3e006056,107100,2026-06-18,324,90+ Days,Customer
023f9327-f473-4d78-8aa9-5043734e13f5,8f06ff88-5db5-47ec-b27f-af2ef21de406,5f916d6b-333c-4e59-acec-462fc2b620cf,126000,2026-06-18,323,90+ Days,Customer
b062f3f8-ef94-4d2e-9e14-868a3af8020f,f339fea8-85c3-46ca-9d61-5a3dcbbb1b85,1b72fd5d-84dd-4634-9782-29eb8f294cd0,181800,2026-06-18,72,61-90 Days,Customer
0e80c168-132e-487a-b8c2-0fd63ef70014,e96db2f5-75f3-4573-9c7d-2862020fc1be,f21633e2-4233-454a-9011-4ac7447dc5c5,490000,2026-06-18,303,90+ Days,Customer
fc5d4024-e3fa-4393-b725-bc61f9313b83,ebd4b889-4b94-4c8e-acde-8b3b5f560d31,391d920c-b427-474f-922f-5b58f48c3dfe,261100,2026-06-18,104,90+ Days,Customer
743fe8bc-b08b-4f4e-aa34-22cc45a355e4,71be3019-2872-4e46-9e8f-941663554ca2,53e82ebc-be73-4615-9755-86baa77e7518,1048214,2026-06-18,72,61-90 Days,Customer
d329f2dd-8b51-4213-a26b-a3f1d99f6c28,9c8577e0-bac5-40ed-ab97-d69d5aadb619,04fd23dc-fd7d-4129-9ff6-83e5955dab53,99875,2026-06-18,50,46-60 Days,Customer
29b62e3b-3fc3-41e5-8b11-e31f4e131ce2,2df9cb4d-3931-42d6-b71e-03529a9850cb,ba850929-9214-4e01-bb60-d77580790be6,267000,2026-06-18,74,61-90 Days,Customer
f647dfed-4664-440b-8bf4-4ae3e5bff4a4,d4686b2c-519c-4f5f-9839-c125dddade95,7a240055-f33d-405f-8198-012226470e46,260000,2026-06-18,104,90+ Days,Customer
a2cbdb4f-4bbe-4237-86f4-325bbfbc4ab2,2df9cb4d-3931-42d6-b71e-03529a9850cb,8b599a86-6233-4b6c-afbf-566968e9bda8,126300,2026-06-18,59,46-60 Days,Customer
444c5d1b-ef5c-4e55-aa89-79baf0ba9c4c,71be3019-2872-4e46-9e8f-941663554ca2,4e4f7a14-1d85-4405-9cfc-191bc4b82c60,447500,2026-06-18,97,90+ Days,Customer
1cad5e15-d3b8-476c-a52a-9326b170defc,0fa694d4-ac92-42fb-8ac6-9711c91f236e,e3f52f34-0025-4097-9c54-0365ad314e12,145000,2026-06-18,50,46-60 Days,Customer
b4820737-ea72-4c44-94eb-65155baa6406,71be3019-2872-4e46-9e8f-941663554ca2,87719397-d4eb-47e4-a610-d894e84bc524,286400,2026-06-18,72,61-90 Days,Customer
70e5e709-04ba-46c7-9fa9-d39600630148,e0140edd-1909-49ae-9bdf-d36e683f578d,9e9e2608-2126-4020-8e1d-9b84b796d2e0,488250,2026-06-18,592,90+ Days,Customer
650b118f-d63d-458d-9059-57b13bcd8236,fdf56cc8-2c66-486d-ae8f-8f48c5a28b0c,0e0d773f-aa7d-41d1-b464-10c6f5b0878d,4200,2026-06-18,56,46-60 Days,Customer
21a1ef29-a05b-4a8d-92db-9dfe1bea13d9,9c8577e0-bac5-40ed-ab97-d69d5aadb619,c4fa37a8-be0c-4a7f-92a9-4c22aef1be66,726021,2026-06-18,50,46-60 Days,Customer
c2c6d19c-17e8-44ff-b91e-abcfddd74fa3,7278af2d-7018-4d13-bb4d-1b35f4307714,d7d334d8-9a0c-4018-9d9a-28bcb9e124aa,1648000,2026-06-18,71,61-90 Days,Customer
82175e3f-0b8f-42a8-9250-815fbfaf5827,6ef4fc76-da3f-4422-8a17-41c7ecd6dd4f,12aad60e-b82b-4ec6-8adb-c032628d33a7,288000,2026-06-18,56,46-60 Days,Customer
d59902d3-c7d1-4afe-aace-eff8c6f656d6,79dc8daa-366a-49a0-bca1-ae69bb6a719e,644228e5-4ff2-4c28-a513-97949e99f2d3,102500,2026-06-18,71,61-90 Days,Customer
753ad3fa-464a-4615-b5b8-ef60972cf3a1,71be3019-2872-4e46-9e8f-941663554ca2,e4518bd1-cc7a-475d-9b6d-659c6feefc58,569475,2026-06-18,50,46-60 Days,Customer
64c7a363-032c-4f48-b42f-aea2581f13e5,1212e5df-2191-4eea-862f-248bb96835d6,e8705b2f-ee98-404c-9a91-d0502414e1cf,290000,2026-06-18,56,46-60 Days,Customer
17573865-d832-4fc3-94ec-6e1ca0f53c07,4b5902bf-67f1-4e06-8882-ca516c1842db,537c8e71-e852-4c9e-a1a9-5cf1bf252d16,232500,2026-06-18,71,61-90 Days,Customer
7a94a764-7264-419a-8099-dfde2c0b245d,fdf56cc8-2c66-486d-ae8f-8f48c5a28b0c,7f80e3c8-7e92-4de4-8079-2165134a3c22,4000,2026-06-18,50,46-60 Days,Customer
11eee76d-5bde-4353-afc0-44c7673de315,4b5902bf-67f1-4e06-8882-ca516c1842db,898ca0f6-923f-405c-9a89-10c9459575a4,604400,2026-06-18,56,46-60 Days,Customer
acbbd2b9-d0e7-4f0a-9b84-734d29b64a18,c6e017b2-c27d-4969-95de-8284a705a232,41b56a88-ce99-486b-9218-0ddd3ff7829a,330000,2026-06-18,258,90+ Days,Customer
dd4eb2c7-3175-437d-97f4-930390e68e4f,2fc9f32e-878b-46d8-a0a6-0fbb24336bda,b37eaaad-8b0e-4685-b281-c30b75833205,155000,2026-06-18,71,61-90 Days,Customer
895c7d8e-d017-4f54-8743-166da4efca81,13434759-d4fc-4dc9-ad3b-480ab7211da2,25882979-4710-4af9-af5f-4f920fe0936d,497954,2026-06-18,188,90+ Days,Customer
4dd2fc3a-dc7b-449f-9bee-48f551c7af3a,628bcaf4-621f-4082-9aff-5ac50eb5f547,fd5b6f8b-20e7-4691-b836-ac59331edf4f,559000,2026-06-18,71,61-90 Days,Customer
ddc13a2a-a4c6-4a14-aaa9-2c9526ecc906,2df9cb4d-3931-42d6-b71e-03529a9850cb,e9930b1c-8f67-40ce-a1c8-248bb5e385ec,12967.188000000002,2026-06-18,52,46-60 Days,Customer
af783505-9a8e-447c-9143-a789a4bd276c,8c104193-5a04-40c1-9868-8f62355a4de8,c4160387-127f-48aa-b628-701b1a5907f6,4700,2026-06-18,662,90+ Days,Customer
6db6d28b-a85c-432d-975d-7daf7f716ed3,95c5d920-3701-494c-b8ec-568a66ffc4ad,9602c6e7-7111-4527-b549-38bd01ea1e87,403750,2026-06-18,586,90+ Days,Customer
4ffd78a7-0b6f-4833-acd3-df1cf20c4771,2df9cb4d-3931-42d6-b71e-03529a9850cb,7ed513f0-2a29-4de9-8cfe-5ba8d69e96f3,152750,2026-06-18,71,61-90 Days,Customer
1d267de8-2de3-46e4-b8a7-949075a74f82,2df9cb4d-3931-42d6-b71e-03529a9850cb,2ba372f5-4cac-47ba-ac91-45bd72372a8a,1450,2026-06-18,55,46-60 Days,Customer
43d388c4-980c-48f9-9bc4-315660160bc7,9c550d4c-077d-4fb4-b74d-3debcfd3b42f,b908d1c2-ab43-4612-b370-de5088d33eab,67324,2026-06-18,549,90+ Days,Customer
fe50abcc-df96-4ce1-b4cc-ad38f69e96ea,95c5d920-3701-494c-b8ec-568a66ffc4ad,e40fb85e-21c3-42c1-858e-101c2884cae5,142500,2026-06-18,589,90+ Days,Customer
abd9b883-0d80-40e6-9fd8-1606a01c28b0,2df9cb4d-3931-42d6-b71e-03529a9850cb,2cd0f0de-8ed9-44e3-9655-72c00acd796d,4000,2026-06-18,55,46-60 Days,Customer
cf2d463d-9dd2-4872-a022-b49a9706834e,7278af2d-7018-4d13-bb4d-1b35f4307714,706ff7a8-b07c-4c13-9b30-e53d42253b02,707000,2026-06-18,69,61-90 Days,Customer
496c612d-1bed-4db1-a56d-d0765bb72611,56037025-414a-4a5f-8b0f-a21864528f78,a64b923c-9e8e-4ce8-835a-2a70e41b0e42,2968000,2026-06-18,48,46-60 Days,Customer
839b6d63-a0a6-4193-87a8-ff6c49407a23,f0fcd114-c83c-4557-ab8e-29869eb50b7b,85252fca-89c5-40e8-a13a-c4e85fe7e3e2,620400,2026-06-18,53,46-60 Days,Customer
2eafe8d1-b31b-4952-953a-d743677c8df4,7e5b18e4-acb0-4a74-ad1d-f25958d7de14,aabe1d24-41a0-472b-82cd-1ae20a6604dc,468625,2026-06-18,70,61-90 Days,Customer
9966ec29-ea83-4f1a-adaa-2fcc91660169,2df9cb4d-3931-42d6-b71e-03529a9850cb,88a6bfdc-50ad-48dc-83ae-929c07d64088,93000,2026-06-18,48,46-60 Days,Customer
b8396cff-60b6-476c-94aa-9308932913b5,71be3019-2872-4e46-9e8f-941663554ca2,8dcd433b-df3d-4e40-908a-5a53b4211196,340100,2026-06-18,147,90+ Days,Customer
27ae306b-2eea-4d9f-8620-b3c064c5fcac,3907239e-a3a6-4372-a3f2-e3025acb2412,67ca61b8-03a4-4e81-a00f-c94aeb672cb3,194900,2026-06-18,272,90+ Days,Customer
3f19bdc8-386b-4b7d-9e43-9fb1091bc328,7048623d-7a72-46d8-957d-95ee5ed6799c,70694d2f-bf4c-496e-8e31-954ded26168a,3868,2026-06-18,48,46-60 Days,Customer
bc227625-dc4c-46d7-a830-5a816e86f08b,3907239e-a3a6-4372-a3f2-e3025acb2412,70ed194d-bc34-4250-b822-de1f54849037,43500,2026-06-18,272,90+ Days,Customer
31099133-398c-4413-8231-59aec5541242,ebd4b889-4b94-4c8e-acde-8b3b5f560d31,f7089438-3541-45e3-9ff8-ac66d5ebe837,8440,2026-06-18,694,90+ Days,Customer
b29eb59e-fdd9-43aa-9666-259d02e03694,6bfd0ec9-30f4-495c-b104-f19a6d20505a,d09f37db-e5de-45dc-8a97-748d225e3239,340625,2026-06-18,70,61-90 Days,Customer
a159bcbf-8c01-4c7d-ae3f-77302b8dc7f7,71be3019-2872-4e46-9e8f-941663554ca2,aa719c2f-95de-4fd6-9dc4-40063acdbd76,341600,2026-06-18,563,90+ Days,Customer
2e767f26-9908-44de-a58e-8f526298cf26,077d9584-8f05-42cb-90f1-1e17bab1db5e,ce540c11-8132-4f42-ae42-3f484dbc4e17,232500,2026-06-18,70,61-90 Days,Customer
1548816c-759e-4ea6-867b-b8d22b45d9f5,7278af2d-7018-4d13-bb4d-1b35f4307714,2518fcf8-5f2c-45f9-84f3-ce3e324feaa4,1512000,2026-06-18,52,46-60 Days,Customer
d31b03ed-d55e-4f20-a667-9ce29bcf69e2,6ed94d48-4563-4119-98c1-537fc055af4d,2f220206-6ed6-4b49-acf5-8312e4cf5817,346860.00000000006,2026-06-18,48,46-60 Days,Customer
8f14455d-a833-4aad-a00d-7db72be5b369,b077f4f7-954e-4c70-935a-84ea00d1f006,04f0dfee-dca5-40f8-9008-0793737bebfb,43150,2026-06-18,70,61-90 Days,Customer
ba7047cb-a756-4189-9479-2cac17db9a3f,71be3019-2872-4e46-9e8f-941663554ca2,04199ecf-5b21-4f06-b267-eb9f34a5612d,325800,2026-06-18,424,90+ Days,Customer
132c5156-1881-4ac5-8220-5e4eced03e7a,fdf56cc8-2c66-486d-ae8f-8f48c5a28b0c,974d2c0a-1fa1-4182-9d7f-4a75b7990081,3560,2026-06-18,70,61-90 Days,Customer
230f5127-6fcb-46ab-b6e8-4bc6aeff341f,628bcaf4-621f-4082-9aff-5ac50eb5f547,eef4b4ac-245b-40de-87e0-bf97eba6a6fb,3160,2026-06-18,136,90+ Days,Customer
429fff0d-11b1-4323-af6d-8f8250aee75d,6fce2037-e91f-4db6-b993-2ee74fd125d7,b83c3d41-2c92-4786-8852-e2e37ed73379,427000,2026-06-18,48,46-60 Days,Customer
81a5c3b9-60bd-4af1-977f-9c975c990bfc,f83e8351-57ae-4284-99c8-3d0905e11e48,4039fbdf-664d-4382-9315-27638600f406,362500,2026-06-18,48,46-60 Days,Customer
19c102e1-5bc0-4262-ae2f-6fa64e728d7c,71be3019-2872-4e46-9e8f-941663554ca2,53af974b-9eb5-418a-b88b-84c0d45fd8b9,460000,2026-06-18,70,61-90 Days,Customer
c36bf5a4-198c-4b7c-8bda-bd89afb913c2,4b5ac98b-a0ab-444a-a1fd-4a30c7c440a6,fe6fcdd1-910c-4553-9f4d-66e55efd01d5,183500,2026-06-18,337,90+ Days,Customer
1bf5618b-95d1-47c6-8019-15836b4be059,e0140edd-1909-49ae-9bdf-d36e683f578d,4a5a1998-c3c8-45bb-a9ad-311d6c81312f,323750,2026-06-18,529,90+ Days,Customer
993a6906-e248-4230-b279-0af8be1ef70c,5d343860-55e6-4607-a4c7-2b9c642122b9,c86f5bc5-dc0a-4e14-8fb4-c10c5ed69b87,187400,2026-06-18,329,90+ Days,Customer
4f90c9ad-373b-45d5-9149-e2d13cac3592,4b5902bf-67f1-4e06-8882-ca516c1842db,cdc34236-b2ea-4131-8252-b067200d6906,50500,2026-06-18,70,61-90 Days,Customer
00dd8840-11cd-416e-bb69-cadfd89c8656,3a3d1c29-0d68-4f42-a244-9fafaef50e48,89489946-d73a-4644-a56e-6e4647e82345,111250,2026-06-18,48,46-60 Days,Customer
bc71b935-6d75-4e94-90f9-9167716aaa9b,2df9cb4d-3931-42d6-b71e-03529a9850cb,a0532bd3-7e80-471c-915b-71256c70d6e1,1450,2026-06-18,48,46-60 Days,Customer
d0a628b4-cb89-45a1-9a24-7b3e0bff2999,71be3019-2872-4e46-9e8f-941663554ca2,c5037ab1-bd32-4685-a15e-6f179b3a914c,400000,2026-06-18,70,61-90 Days,Customer
50f687a2-2962-4325-a59f-5e560f920675,71be3019-2872-4e46-9e8f-941663554ca2,ef486b5c-5ce6-4588-8ce6-fc2e5ee12bec,324375,2026-06-18,337,90+ Days,Customer
10ab031e-34da-4667-96ef-1d542feebdaa,3d2a3b54-c351-49e9-95ff-ed7f44780b3c,13528888-846d-48d5-b040-68877f422a1d,164000,2026-06-18,328,90+ Days,Customer
22faa294-8736-4847-a794-4610ed9d33d8,b40a002d-568f-4cae-beb7-9546cfedd363,cb23dbf1-eaf9-4b47-b709-9d52653c095d,570000,2026-06-18,86,61-90 Days,Customer
499cbc2a-b07a-4d98-990c-77b8ed9dc47e,fdf56cc8-2c66-486d-ae8f-8f48c5a28b0c,c08c946e-5410-4ee2-9413-971f408e414c,1450,2026-06-18,48,46-60 Days,Customer
bfd20c6f-3831-4530-b0b9-b7bb02953610,71be3019-2872-4e46-9e8f-941663554ca2,b8ca1d87-f240-41e2-8381-448c08a88c16,372000,2026-06-18,70,61-90 Days,Customer
1aca6919-3fd6-4e50-87ba-11ea8d8273cf,71be3019-2872-4e46-9e8f-941663554ca2,132ba893-87ea-4ca0-8dbd-904e4281313b,193750,2026-06-18,615,90+ Days,Customer
f044a959-5cd2-46b7-a0af-a8017639080c,6736f09d-4a67-4f8b-9193-4a93f57ac6cc,45e3f660-fd15-4f7c-8838-9cb2d6025483,34010,2026-06-18,70,61-90 Days,Customer
bae08156-c3e1-4258-b826-a54f7a180e21,2df9cb4d-3931-42d6-b71e-03529a9850cb,d9dcbf42-6be3-4d28-a665-79757e330c64,1400,2026-06-18,86,61-90 Days,Customer
b766f2b9-f297-47e5-b6f6-33c00c8ee812,2df9cb4d-3931-42d6-b71e-03529a9850cb,2bb5252a-5b5f-44a0-8662-b86e946c73dd,1450,2026-06-18,48,46-60 Days,Customer
004f0c25-6c84-4e95-b28c-8b71675f7176,ebd4b889-4b94-4c8e-acde-8b3b5f560d31,040edc34-dc7a-4fad-8fb5-504e7c599a0e,192928,2026-06-18,189,90+ Days,Customer
bdb205ba-14d0-4559-8111-bedf4de361b8,7278af2d-7018-4d13-bb4d-1b35f4307714,42ca48a9-8642-4a94-8632-2dcd02758791,1480000,2026-06-18,46,46-60 Days,Customer
6bd093b3-a90f-4873-8a8c-6a52276d5b9e,2df9cb4d-3931-42d6-b71e-03529a9850cb,1771647a-0b1c-4bbd-8844-1a1a7ffb68cc,1800,2026-06-18,83,61-90 Days,Customer
176841c1-66b2-459e-8a35-ad3b6f35d379,2df9cb4d-3931-42d6-b71e-03529a9850cb,c74b351a-6b84-470f-b81a-c764bb1ccbc8,3600,2026-06-18,83,61-90 Days,Customer
62a27059-35c1-4644-b6ba-0d0f689701cc,fdf56cc8-2c66-486d-ae8f-8f48c5a28b0c,30af86e4-978e-4802-b723-34147b797909,1450,2026-06-18,46,46-60 Days,Customer
82ed0f0f-fa5f-4454-8db6-87305d4877a1,ebd4b889-4b94-4c8e-acde-8b3b5f560d31,a40f0ec9-3f41-4eb0-8fbf-ca3327e3d0f0,176000,2026-06-18,700,90+ Days,Customer
3d1a9554-34e7-475e-b65a-455c01c7c99f,71be3019-2872-4e46-9e8f-941663554ca2,7c351019-41a4-4163-9761-8d88de06df7f,192500,2026-06-18,562,90+ Days,Customer
0aadb421-2fe3-4fe1-9f5f-1584c599c4da,fdf56cc8-2c66-486d-ae8f-8f48c5a28b0c,ef250eae-664e-4af5-ad5e-3e59959dc0e9,7200,2026-06-18,83,61-90 Days,Customer
e09473eb-66e1-49ea-95dd-9a85a1f723a2,2df9cb4d-3931-42d6-b71e-03529a9850cb,416a01f8-04cd-464e-816b-0d2645a5affe,400,2026-06-18,748,90+ Days,Customer
27bbdd94-6345-46d0-b67e-82f1d11a54de,2df9cb4d-3931-42d6-b71e-03529a9850cb,b43cbb5e-6a6f-4f3f-bb0b-41e5baca0228,1620,2026-06-18,652,90+ Days,Customer
bcbd0fe6-020c-46b8-944e-b1839bb1fd4c,2df9cb4d-3931-42d6-b71e-03529a9850cb,29121786-f913-48f7-88bc-442e0a61e179,2200,2026-06-18,46,46-60 Days,Customer
8cc7bc61-5334-429e-a23b-ebfea839e566,6bfd0ec9-30f4-495c-b104-f19a6d20505a,d1365bca-4510-433d-86f5-50d1991d78bf,155000,2026-06-18,69,61-90 Days,Customer
40af0ccb-0cfe-4e27-8fbe-ed13b6440c90,2df9cb4d-3931-42d6-b71e-03529a9850cb,025a90d8-adcd-4037-bdd0-6210d9cece06,1200,2026-06-18,758,90+ Days,Customer
3377f5d6-eab1-471f-ade0-04c8bf5a6e67,7278af2d-7018-4d13-bb4d-1b35f4307714,ab50e496-e013-44c6-bb54-a19f8377279c,1648000,2026-06-18,83,61-90 Days,Customer
08d4ec2c-4e4b-4383-bd51-87ce458f42b1,18743788-16a2-4f11-93bd-cd2374745762,9bf69e2d-1f9e-41b4-9b93-8e87c39b9499,1071000,2026-06-18,69,61-90 Days,Customer
86f60863-3c7c-409e-95f1-a2bbddb6f523,fdf56cc8-2c66-486d-ae8f-8f48c5a28b0c,da535198-55d2-430d-8f9d-dd3f51a5d924,1500,2026-06-18,46,46-60 Days,Customer
2c3f9f01-7da4-4f4a-8169-52c000697092,271cdaa5-4d7d-46cd-9a43-7e3bb4bb922a,dcba15e4-61e3-4baa-9cd6-2f3d7225a7be,169450,2026-06-18,653,90+ Days,Customer
3f65ce53-a6e6-4eb8-80c8-a228ce278736,2df9cb4d-3931-42d6-b71e-03529a9850cb,5d268c26-d322-4311-9bd2-6b3f86a6adf2,850,2026-06-18,771,90+ Days,Customer
0b75afea-5300-424c-ba3f-5ea6331be0cd,2df9cb4d-3931-42d6-b71e-03529a9850cb,da67d949-bcc4-4b28-a648-461c48c0e815,1400,2026-06-18,757,90+ Days,Customer
4a09d28d-a62e-44d4-9d1d-5cc4c0eacb6f,2df9cb4d-3931-42d6-b71e-03529a9850cb,cef3d1f5-3594-44eb-a036-c348eed881ce,1350,2026-06-18,745,90+ Days,Customer
3eab6061-cd8f-4a27-9d5d-46578a6bbf84,2df9cb4d-3931-42d6-b71e-03529a9850cb,7fd85de9-8c29-4b5d-ae5f-c7da5a198b85,4600,2026-06-18,676,90+ Days,Customer
831845ec-acdb-4119-9964-253b3020213d,2df9cb4d-3931-42d6-b71e-03529a9850cb,e97ee230-2444-4446-a0c4-7a958a7069ba,31000,2026-06-18,655,90+ Days,Customer
574782b4-f7b9-4c01-b4d6-4e17a63c25eb,0fa694d4-ac92-42fb-8ac6-9711c91f236e,daab00fb-d5f7-4fbc-aa89-d379ed3a621d,150000,2026-06-18,69,61-90 Days,Customer
19777959-a0af-41a9-a602-174b4c8c06fc,71be3019-2872-4e46-9e8f-941663554ca2,1cb3be5f-b471-450f-91dc-7aad061f7738,358000,2026-06-18,83,61-90 Days,Customer
61f2b3fc-e657-4740-8648-e0e334f0dde2,71be3019-2872-4e46-9e8f-941663554ca2,582d4953-77be-454e-b093-2b7edb953b6b,150000,2026-06-18,46,46-60 Days,Customer
d7e83983-7947-4e1e-955c-b0902305eded,2df9cb4d-3931-42d6-b71e-03529a9850cb,31dfd062-1171-4e29-b40a-2e33b6f81916,1700,2026-06-18,769,90+ Days,Customer
c654c4a5-8306-4f66-842f-ad239dd0b8b6,2df9cb4d-3931-42d6-b71e-03529a9850cb,2500e726-8b06-46fe-a7ac-1a1d0c8873fa,46090,2026-06-18,752,90+ Days,Customer
2144c581-98c0-4d52-a98c-179489e204d4,71be3019-2872-4e46-9e8f-941663554ca2,587a63fe-b9b2-48d3-921c-db20112f6cb6,175420,2026-06-18,83,61-90 Days,Customer
08eb7b92-46ca-4a9d-b059-9b3ebdfd8662,6736f09d-4a67-4f8b-9193-4a93f57ac6cc,c3c6451c-e75e-48f3-8aac-dfd8673c4bce,37500,2026-06-18,46,46-60 Days,Customer
1ccd4257-b668-47ce-bdb0-f9ebd25d068c,2df9cb4d-3931-42d6-b71e-03529a9850cb,c4ad9cab-e600-4b64-8c39-ea616bf9fea0,1790,2026-06-18,69,61-90 Days,Customer
0eeb59d6-5942-4957-a2c8-25b00240885a,2df9cb4d-3931-42d6-b71e-03529a9850cb,e1854469-05a1-4337-b535-79f787c5f319,3200,2026-06-18,766,90+ Days,Customer
6fd05dd5-b7aa-46b1-8495-d304ce9e8b88,71be3019-2872-4e46-9e8f-941663554ca2,7b3174c4-8e4e-4960-a117-609b48aa199d,879943.75,2026-06-18,46,46-60 Days,Customer
49ffada3-2800-42d9-830b-a7880c075c45,2df9cb4d-3931-42d6-b71e-03529a9850cb,003efe89-9160-4520-8a35-b7490943cf5b,10000,2026-06-18,69,61-90 Days,Customer
8877ecd7-8a41-47c1-9498-89197993e7cb,2df9cb4d-3931-42d6-b71e-03529a9850cb,e3f8fa43-f4c7-4a2a-8b40-998d5a53f108,1580,2026-06-18,758,90+ Days,Customer
5cba17c5-f89c-4dea-900f-b7bc741c2433,fdf56cc8-2c66-486d-ae8f-8f48c5a28b0c,5736ee16-a29b-4e1e-adb6-6b58fdba1978,4000,2026-06-18,46,46-60 Days,Customer
54f39297-f896-475e-8450-e0abba900c92,2df9cb4d-3931-42d6-b71e-03529a9850cb,bda72285-8c05-467b-bcaa-0eeb515966df,1800,2026-06-18,69,61-90 Days,Customer
1f30b460-a417-4688-9c73-8994aaeea32f,2df9cb4d-3931-42d6-b71e-03529a9850cb,71946936-83a2-4389-861b-168a002c359e,400,2026-06-18,751,90+ Days,Customer
3f6cfe9a-1ec7-4f94-a142-9f3a281e5490,2df9cb4d-3931-42d6-b71e-03529a9850cb,5769b84c-094e-4aa1-b969-dc2709c67854,113400,2026-06-18,653,90+ Days,Customer
4d7ac7c4-0b76-4398-811e-6b4bcd459783,2df9cb4d-3931-42d6-b71e-03529a9850cb,af13d1c0-5150-44ae-8aaa-4dcbc596067f,5365,2026-06-18,746,90+ Days,Customer
c03a5e4b-10b0-48eb-8688-4f850ef421dc,2df9cb4d-3931-42d6-b71e-03529a9850cb,4aa68a26-66ee-4f02-9c00-887d5d62fdd9,11905,2026-06-18,651,90+ Days,Customer
8903ffe1-eafd-4f32-95cd-f689b26ac143,1212e5df-2191-4eea-862f-248bb96835d6,626c215f-b0cb-4e11-9126-0e68892960c8,75000,2026-06-18,695,90+ Days,Customer
6265f617-64e4-4740-9c41-63a75b7ed7cb,f0fcd114-c83c-4557-ab8e-29869eb50b7b,737280a1-7598-4431-a05c-fdd459007d8f,599952,2026-06-18,668,90+ Days,Customer
2c1f732b-920e-4846-9036-bc7c67e69f5c,3907239e-a3a6-4372-a3f2-e3025acb2412,887f5ae7-96fd-4c26-b784-bf3785125c8d,447500,2026-06-18,102,90+ Days,Customer
c72e8cd6-25a8-4f75-b015-51834a512103,628bcaf4-621f-4082-9aff-5ac50eb5f547,6d2a5da9-43c4-4e9d-8f06-556512e12bcf,313250,2026-06-18,102,90+ Days,Customer
e0bd565c-cf5a-4548-8d83-46fd1970af6d,71be3019-2872-4e46-9e8f-941663554ca2,a3815f1d-cfc0-4264-982c-19f14fb82ed7,1156250,2026-06-18,517,90+ Days,Customer
bcc3fd1a-554b-494c-adc1-b4f0b37490b0,2df9cb4d-3931-42d6-b71e-03529a9850cb,4d67bdba-170a-444c-bd07-85ede94c19cf,900,2026-06-18,81,61-90 Days,Customer
633cd79f-351b-43d4-be5d-80d095f5ec48,2df9cb4d-3931-42d6-b71e-03529a9850cb,dea8fdb1-aa43-4a1a-8028-21916531b02e,3000,2026-06-18,45,31-45 Days,Customer
c2910df3-a301-4607-97b2-6b03b0376bd7,51bf73f4-c8da-4e75-b5c1-72b2dc1014a0,54bf724d-c401-47aa-909d-2638d2185337,151650,2026-06-18,337,90+ Days,Customer
673a7217-76d4-4e22-b80f-2bdb247742c3,e363fd6a-6b4d-4a1e-bc25-3407c67f6af1,f06ffd53-b6d8-4373-816c-212c4c857725,155000,2026-06-18,343,90+ Days,Customer
bf93a32f-1e3f-4230-97c7-f54d9e19e2ae,2df9cb4d-3931-42d6-b71e-03529a9850cb,3c429eb2-d200-4737-8e0f-47f09c8511cc,1800,2026-06-18,102,90+ Days,Customer
dd5618d2-2a3e-4b6c-8e1e-be36c2d45806,71be3019-2872-4e46-9e8f-941663554ca2,9c23f01a-a774-4132-8dc2-691075342c68,223750,2026-06-18,81,61-90 Days,Customer
84346a03-5131-4a91-90dc-5b26181a81e7,fdf56cc8-2c66-486d-ae8f-8f48c5a28b0c,5f701c4b-5e3d-442e-934a-69e5ac8e7ed8,3500,2026-06-18,45,31-45 Days,Customer
e7206860-b3b5-4d68-bc7d-e66484b569c0,cb9742f2-b64b-403b-a01c-866e7493f406,d6e2ef42-060e-451e-bb13-053e7155c8c0,416000,2026-06-18,102,90+ Days,Customer
0d0a7d7f-7dca-4f35-9f35-6e20eaefe22a,71be3019-2872-4e46-9e8f-941663554ca2,69a17305-053c-40b7-96e2-00ce3136d0b7,417070,2026-06-18,81,61-90 Days,Customer
785692ad-0068-4ddf-81f7-97f59824396b,fdf56cc8-2c66-486d-ae8f-8f48c5a28b0c,8a527e2e-f1d5-4017-98dd-4b804fb05eb2,3000,2026-06-18,45,31-45 Days,Customer
339899b4-c48b-4b97-96b4-4e1b7a2f4e34,7278af2d-7018-4d13-bb4d-1b35f4307714,5b3aa7a7-8a53-42d4-912a-8f95659a6efe,1616000,2026-06-18,102,90+ Days,Customer
971599ec-2be6-494f-9223-e78e0974f0a5,99654bf2-99d2-4963-a48f-35d1eacc4352,7dc9c2cc-cd41-4171-8835-998f31c659a8,1225000,2026-06-18,45,31-45 Days,Customer
9785d4b0-0c0c-4699-a471-f1c79d21f7f3,fdf56cc8-2c66-486d-ae8f-8f48c5a28b0c,a4fb79bd-339e-4e12-b4ca-3bc6aa88cfff,1800,2026-06-18,102,90+ Days,Customer
03682dd3-760a-4f43-9580-903129afb8e5,71be3019-2872-4e46-9e8f-941663554ca2,aa697e5a-d2ac-4f28-8de3-0928b2c6aa60,154525,2026-06-18,81,61-90 Days,Customer
204f6d76-3680-48bb-9158-720314feb5b2,d4686b2c-519c-4f5f-9839-c125dddade95,7605b130-8e7b-4789-97de-01e9dc7e0de1,948500,2026-06-18,44,31-45 Days,Customer
fb406ef5-1399-495e-932d-d6d309fc485f,cb55367a-1da2-40df-aac3-6ea2d3ef7d67,ff5b68ba-2363-4e3b-92fe-b8d10374cbe8,79000,2026-06-18,74,61-90 Days,Customer
375fa6bc-1687-4561-9cea-4f4edb108213,2df9cb4d-3931-42d6-b71e-03529a9850cb,10111cd2-bb33-4ccb-8978-a045ddb5bb8f,366099.48,2026-06-18,102,90+ Days,Customer
38f5dfcd-05a7-4d43-bad0-d0a10cc76531,4b5902bf-67f1-4e06-8882-ca516c1842db,187655a6-d83f-4f96-9e2e-ca06906accba,313500,2026-06-18,44,31-45 Days,Customer
d9a4e50e-e873-4394-9a86-ef1c8438b699,9c8577e0-bac5-40ed-ab97-d69d5aadb619,2b7d4551-ddcf-4c65-96c6-5de51a1c7826,867800,2026-06-18,93,90+ Days,Customer
0493a14c-6b4a-41f3-aa7b-44897a04b30d,71be3019-2872-4e46-9e8f-941663554ca2,3eaf8f49-f43c-43db-a127-7efa16f903bd,918000,2026-06-18,102,90+ Days,Customer
17ba0f4c-395a-42a5-9097-4f9af32eeb6a,46259c13-632d-449f-a96f-f1deab0e0046,c64b8a46-1372-4ca8-9901-a67f385ff6b1,278800,2026-06-18,44,31-45 Days,Customer
e3fb8a72-59e7-40b3-b2ed-181fdff520b0,e96db2f5-75f3-4573-9c7d-2862020fc1be,ce557e09-940c-4860-8ba6-fbd3d6429275,15400,2026-06-18,316,90+ Days,Customer
9ea42528-1397-4bed-bd9e-c6611d4b0793,9c8577e0-bac5-40ed-ab97-d69d5aadb619,d475153d-fc74-4784-a13d-f291537260b3,73562.5,2026-06-18,102,90+ Days,Customer
a047bb28-ee97-492e-8b65-67f91a3d445b,bd9ee415-fdb7-415e-8f52-bd65bb786d2c,0df33ab5-dd26-4a85-a6e7-381e41f93c10,539375,2026-06-18,44,31-45 Days,Customer
7b3b9e6b-ea0d-40eb-a921-22d45438995e,d70a1f63-f837-43a6-9a85-e5c926dd4536,1d54321e-184e-467a-b023-c055b37dbc48,126692,2026-06-18,428,90+ Days,Customer
b91bfd58-4c48-4981-a714-da6ce150a3d0,71be3019-2872-4e46-9e8f-941663554ca2,7ddb97d6-8e08-4599-a9f7-245a893a3f29,1470000,2026-06-18,102,90+ Days,Customer
4a4f8d5a-f83d-442d-a08d-dce3fee08b78,3a3d1c29-0d68-4f42-a244-9fafaef50e48,d72de90c-a831-4c8a-b08b-e7bf3d0392e6,428125,2026-06-18,44,31-45 Days,Customer
4096a868-5ce8-472e-9792-b6de295be496,f83e8351-57ae-4284-99c8-3d0905e11e48,74d433eb-82a1-40df-a66e-3067b414222a,366750,2026-06-18,79,61-90 Days,Customer
e38030ab-5d1e-4284-9def-03725fefb80e,7048623d-7a72-46d8-957d-95ee5ed6799c,9199fb67-91cb-4f64-8856-81057eb0692b,3600,2026-06-18,104,90+ Days,Customer
359b1f2d-dc27-49f4-be44-4b6a1f26ca06,077d9584-8f05-42cb-90f1-1e17bab1db5e,9d05e263-7a9d-4c6b-870d-c874f115e454,75000,2026-06-18,44,31-45 Days,Customer
a6b9aa9a-c0a2-4f94-ad09-0362d4e49bc9,979665cd-4976-4bf0-87cf-b926c5ce93c7,04a01a2a-446d-4174-b8ab-a33e7930ebc4,313625,2026-06-18,79,61-90 Days,Customer
7e0ee627-b754-4aae-a51b-2ad9f21ed337,7278af2d-7018-4d13-bb4d-1b35f4307714,908e8d0b-a05f-43a2-b32c-462413ba6221,832500,2026-06-18,69,61-90 Days,Customer
227cd697-e9e2-40e4-93e4-6c1a9201714e,71be3019-2872-4e46-9e8f-941663554ca2,2e792122-4f4b-416c-af6f-a2b752d83923,115500,2026-06-18,550,90+ Days,Customer
04834d18-88d6-41de-9e16-8cc6c4e1a8df,2df9cb4d-3931-42d6-b71e-03529a9850cb,c0e68bd4-8c79-4396-97eb-68c699ec3e0c,1800,2026-06-18,104,90+ Days,Customer
c630c8f5-0a39-483f-a720-53361dd2a9e1,4b5ac98b-a0ab-444a-a1fd-4a30c7c440a6,e1a14c13-1db6-4d25-abb8-9d570bf901a7,177812.5,2026-06-18,44,31-45 Days,Customer
6056c4d0-592a-4add-b5f1-1b818e8f120d,3f5f3d50-1c6a-40ed-b9f7-54abb1203a7e,c4e7d6b1-688b-452f-9e83-3eb89c5f2c27,115500,2026-06-18,556,90+ Days,Customer
8d6579ec-8f55-4b34-bc2f-c989e494d5bf,2df9cb4d-3931-42d6-b71e-03529a9850cb,8003e24e-f04e-4a9a-8aa3-5ab2c759d969,1800,2026-06-18,102,90+ Days,Customer
dff0d7c9-a1a2-4798-ac23-30c301e103ea,7aa4c350-26bd-4d26-b550-aecc4ece0b1e,6919dfc4-72cd-4206-bb31-fb01c54f2037,139500,2026-06-18,44,31-45 Days,Customer
d6a55a53-df1f-489f-a41f-fbed66e45d7f,f0fcd114-c83c-4557-ab8e-29869eb50b7b,f49f7c1e-2724-4b41-8440-c752c71e7c31,433500,2026-06-18,79,61-90 Days,Customer
e633447a-cf9a-4dfe-998f-6edf9b234444,fdf56cc8-2c66-486d-ae8f-8f48c5a28b0c,ba7f7ba2-2df3-4b12-bd88-9cb62390b33a,7160,2026-06-18,102,90+ Days,Customer
28e37c31-940b-4266-9cfd-b8e97ca3b7a1,fdf56cc8-2c66-486d-ae8f-8f48c5a28b0c,f48c9e1e-1483-479e-b045-fc1ed9445c97,1500,2026-06-18,44,31-45 Days,Customer
bf2aed6c-315c-48f5-9c3b-5efe2e047bca,71be3019-2872-4e46-9e8f-941663554ca2,d43cc3a8-604b-40ae-a732-b74aaf370983,107400,2026-06-18,79,61-90 Days,Customer
7e689455-8b27-4499-ab36-5462a6fd7428,9c8577e0-bac5-40ed-ab97-d69d5aadb619,e38bb0fa-7bbc-4d4d-8f8f-8992b9d07dc2,108004,2026-06-18,67,61-90 Days,Customer
2a3f7308-de7f-4220-9888-5667dfab8cec,f3df996d-b48b-4239-8bf1-1e46b44fabd6,16df4f56-f707-44ff-819b-142225fba0f3,1035000,2026-06-18,101,90+ Days,Customer
ce3e012a-a9fc-4a3e-8cc7-0bfe2530bca7,9c550d4c-077d-4fb4-b74d-3debcfd3b42f,6f7a292b-13c3-4917-b8f4-ba0d6dfcb890,15000,2026-06-18,44,31-45 Days,Customer
d27a4b2c-5fa0-4e83-8ace-60573811b97f,2df9cb4d-3931-42d6-b71e-03529a9850cb,12f52b7c-e71d-48d0-9bb1-6d26544c955a,530440,2026-06-18,79,61-90 Days,Customer
06d1118b-a3fe-45c1-8837-80d51693f45f,9c8577e0-bac5-40ed-ab97-d69d5aadb619,a821322b-d265-4a9f-98e1-7584e265b2a5,606200,2026-06-18,67,61-90 Days,Customer
9f72c5cb-7738-46b8-a06a-751c63c9ab64,4b5ac98b-a0ab-444a-a1fd-4a30c7c440a6,f95f9807-665d-4436-860f-9b37b7bff49c,179000,2026-06-18,101,90+ Days,Customer
e42f4f35-2334-4e88-8094-70c047aa9b19,3907239e-a3a6-4372-a3f2-e3025acb2412,761a2dec-5c79-408c-b84e-030351214aa7,58800,2026-06-18,44,31-45 Days,Customer
a0dd748d-aac9-4b4c-adb9-87b87607dff3,2df9cb4d-3931-42d6-b71e-03529a9850cb,09631f54-9184-4e12-9651-a643e367eab9,1550,2026-06-18,79,61-90 Days,Customer
5994aa39-8729-41b4-96db-c4e8a605d8fc,f3df996d-b48b-4239-8bf1-1e46b44fabd6,841c9487-6199-4b6c-bb36-4b60b1f571fc,1000000,2026-06-18,66,61-90 Days,Customer
a179a660-ae09-4f38-9d7f-b5fcba8fa1dd,8da5249a-c2b8-48c3-b61c-12ecf6d898d8,aacf014a-a47e-40c0-8fa5-a865274cd7c2,825000,2026-06-18,661,90+ Days,Customer
83f04368-cd61-4305-85f3-247bf7711e6c,add3d1ff-35de-4335-a95b-9db45afafaaa,6dbd178f-9249-4089-b9c9-2326e7a26cc4,275980,2026-06-18,109,90+ Days,Customer
748db00c-9605-4654-9f5e-d877111bc8fb,077d9584-8f05-42cb-90f1-1e17bab1db5e,4d38d2ad-03f3-46de-85bd-a90a434968c6,179000,2026-06-18,101,90+ Days,Customer
6d161b9b-5506-45b4-86c6-35b640167450,7048623d-7a72-46d8-957d-95ee5ed6799c,f8dc8287-adc2-47cc-a613-19b1c961231e,4200,2026-06-18,79,61-90 Days,Customer
3081022c-b562-41a4-abbc-0b8db323a1a9,99654bf2-99d2-4963-a48f-35d1eacc4352,c18239cf-c062-4ff5-97d7-18110e0c7205,1175000,2026-06-18,69,61-90 Days,Customer
20125323-eefc-426d-8777-46b470f91b21,71be3019-2872-4e46-9e8f-941663554ca2,985dfb22-527f-4896-806e-aa3a80de755b,823605,2026-06-18,207,90+ Days,Customer
c6688c24-70c3-4a40-9d59-cf0947ae7a55,71be3019-2872-4e46-9e8f-941663554ca2,b74c6ee4-7661-4c9e-abae-3e3a8263458e,447500,2026-06-18,101,90+ Days,Customer
97bc7e8c-2d40-400f-b280-ca23e16a7b9d,7278af2d-7018-4d13-bb4d-1b35f4307714,092e8cfe-436a-48d4-8249-06cdda1bac4c,1480000,2026-06-18,42,31-45 Days,Customer
0d70ad3b-b4f7-4ccb-b15a-164467d534f1,c6e017b2-c27d-4969-95de-8284a705a232,cb92fefb-ede7-4bad-af26-67bf50b09da6,140000,2026-06-18,79,61-90 Days,Customer
26d39f79-f35e-4a76-a997-cf74e3dcc8ab,71be3019-2872-4e46-9e8f-941663554ca2,d3bdd866-4d7a-4066-a08e-c32fe158fe3c,934350,2026-06-18,69,61-90 Days,Customer
72eb3cb4-03a1-49c2-8a71-174c5904c049,71be3019-2872-4e46-9e8f-941663554ca2,effb4f85-12e2-4aff-95c4-3caf65f3e11d,447500,2026-06-18,101,90+ Days,Customer
d2dba7fc-0f69-4b0d-a1b8-a38810728d48,71be3019-2872-4e46-9e8f-941663554ca2,59bc4b0e-6561-4862-a512-06db7cac14f8,175420,2026-06-18,79,61-90 Days,Customer
1efc8dfb-6ffe-4e8c-a451-734c39c7d6cc,2df9cb4d-3931-42d6-b71e-03529a9850cb,74eb6379-66c1-4f78-b777-72017c16805a,3580,2026-06-18,69,61-90 Days,Customer
86f5998a-8bf9-405e-88b1-c46b7f9cbcf5,46259c13-632d-449f-a96f-f1deab0e0046,caf3878c-401c-4c00-bbb3-74260d4be1dc,256500,2026-06-18,43,31-45 Days,Customer
04e1f4e1-15d2-4601-802f-12e314705e3f,95c5d920-3701-494c-b8ec-568a66ffc4ad,d8b554fa-27b3-481d-aefc-8afc5a62816a,313250,2026-06-18,101,90+ Days,Customer
193038a2-94ee-4ecc-8082-c312935001f5,71be3019-2872-4e46-9e8f-941663554ca2,de1b39a0-e500-421a-844f-20dbb52562a4,1170400,2026-06-18,79,61-90 Days,Customer
c013da0c-8c1d-40a5-b323-e2e8c9e3c686,c6e017b2-c27d-4969-95de-8284a705a232,d0d6b6e9-81a8-454b-944d-32a4dd1e21e5,250000,2026-06-18,67,61-90 Days,Customer
7129685e-f277-41f4-bc5d-179326e058fb,0e59f9b8-792d-43cb-a7e3-39a3cbf25ae7,12d90abd-8767-48cf-a56b-4dd0584ac214,70000,2026-06-18,552,90+ Days,Customer
ea2574ab-d060-4f6a-ac27-80edec5493d8,3f57352d-df9b-4863-bdf6-4e7a6f5e5f20,5fc10ff2-1c2b-4a9c-a9a0-96d6e0156821,2300,2026-06-18,79,61-90 Days,Customer
681beab6-4e51-4b8a-bc56-ef63ab8ce435,e68871a8-18d6-4060-964c-f5ee029055bd,85f7abef-5a08-416a-92fb-53156cc46cb0,812000,2026-06-18,270,90+ Days,Customer
fe04d590-32b4-4d97-b4a1-8b1cfdbba310,99654bf2-99d2-4963-a48f-35d1eacc4352,2bfd618c-0235-45f4-aa6f-926a4080e607,988125,2026-06-18,101,90+ Days,Customer
e5d4dc24-2b41-4f50-8ebb-75fce6bb7077,2df9cb4d-3931-42d6-b71e-03529a9850cb,bd3e917a-47ea-4b1a-b0ee-d469cc307048,1800,2026-06-18,79,61-90 Days,Customer
04a8fafe-27d6-4bce-b408-8f4c296e94e8,516eb9ad-ee68-4e36-9328-692922b9061c,ea47e2fd-6373-4a94-b9d6-7dbbbf905be8,345080,2026-06-18,43,31-45 Days,Customer
d40c50cb-fd15-4e34-95d8-b48e8893ca6e,2df9cb4d-3931-42d6-b71e-03529a9850cb,630fbff1-7c1f-4cfb-9326-31328fd998ca,178000,2026-06-18,67,61-90 Days,Customer
975b925e-2ee8-48bf-ad3a-35e4f3d2ea65,d4686b2c-519c-4f5f-9839-c125dddade95,423a0520-0cd8-4d0e-a901-320d935c8198,815500,2026-06-18,269,90+ Days,Customer
feb2efca-6b03-4538-8129-e94ed8b9b23f,71be3019-2872-4e46-9e8f-941663554ca2,fcef8ca8-8bda-4874-90ed-4abd85147cfc,808460,2026-06-18,330,90+ Days,Customer
c364d7fe-6a4d-4e0a-8c75-39a23e930103,ee050b45-8c17-4d06-ba05-a7f64ed04dab,4ac8c1ac-6f2a-4d09-8376-3a6f6d616190,800000,2026-06-18,695,90+ Days,Customer
c2f8d840-4c2e-4226-a61c-e9962324bdbe,2df9cb4d-3931-42d6-b71e-03529a9850cb,fc1e09cd-edaf-4741-90f3-c329d583870b,46000,2026-06-18,100,90+ Days,Customer
178edae2-06da-4865-b6cb-ffdec825ef1d,71be3019-2872-4e46-9e8f-941663554ca2,22c46903-3edb-42ab-be19-7fe4d263cb23,621660,2026-06-18,43,31-45 Days,Customer
d7407abb-b717-47e2-a074-75ea375b6012,2df9cb4d-3931-42d6-b71e-03529a9850cb,a9b4880d-327b-4d4c-97c7-2d48f8bbc477,1550,2026-06-18,79,61-90 Days,Customer
5fb27f4a-b32b-4cad-8414-7537973360c1,2df9cb4d-3931-42d6-b71e-03529a9850cb,bfebb6f6-77ec-47bf-9fb7-c2671dc9fa02,411180,2026-06-18,67,61-90 Days,Customer
12fca9b3-25c9-4229-afc7-5a8fd67d6603,13434759-d4fc-4dc9-ad3b-480ab7211da2,d5b9eddd-9905-4626-b854-faa376dc2b8f,798300,2026-06-18,175,90+ Days,Customer
aa9586b5-e372-4b6c-9d98-870a56ea6911,8da5249a-c2b8-48c3-b61c-12ecf6d898d8,2a2762b8-32a9-475c-8f17-8b21013ed2a3,788000,2026-06-18,753,90+ Days,Customer
f68ed6b9-bd83-4284-8ff5-f9bd3f7e2ec5,3f57352d-df9b-4863-bdf6-4e7a6f5e5f20,2a886874-5fed-4b21-9e79-0c8cd35817ab,1550,2026-06-18,79,61-90 Days,Customer
5e1b86c6-d91c-44a9-bd0f-f8de4861b70f,979665cd-4976-4bf0-87cf-b926c5ce93c7,e8d9e946-154e-41a8-b82a-aa01435e8227,281680,2026-06-18,198,90+ Days,Customer
50ff7d9f-5182-46a5-bb29-9216f8edd24c,46259c13-632d-449f-a96f-f1deab0e0046,2bc77810-0691-41c1-8791-05decc6b90d1,216520,2026-06-18,100,90+ Days,Customer
16290f35-e622-446a-88e7-f7e07ddfa3a4,9c8577e0-bac5-40ed-ab97-d69d5aadb619,411a873b-9691-4dac-b9b5-6ea52beb3563,36000,2026-06-18,43,31-45 Days,Customer
457822aa-6a82-4d0d-8ae3-c47de643911c,71be3019-2872-4e46-9e8f-941663554ca2,765cd266-2632-4356-b79c-691b3bb1e04b,533500,2026-06-18,67,61-90 Days,Customer
8aa13a60-0959-40a2-8bf6-592e794f9074,71be3019-2872-4e46-9e8f-941663554ca2,4f543614-347c-45d2-a297-a39fa864d592,320500,2026-06-18,525,90+ Days,Customer
f8c6ada5-a4f0-4bfa-8090-50d4d547f5d8,1a42863c-c5fb-4bad-bd55-5ec8b0d96206,f451dd35-2ef6-4671-adbf-9d65b3dc6480,319400,2026-06-18,476,90+ Days,Customer
50ee36be-0a49-4167-9bef-f77883e797f0,628bcaf4-621f-4082-9aff-5ac50eb5f547,dbf8f39a-24b9-46f9-822c-23d3924d0105,447500,2026-06-18,100,90+ Days,Customer
0547110a-b721-4719-9a67-ae457a9618e1,cb55367a-1da2-40df-aac3-6ea2d3ef7d67,e6c79f55-031a-4507-8b55-63e33475e6ac,63125,2026-06-18,43,31-45 Days,Customer
22ab627c-6420-41da-963b-5cee17517091,2df9cb4d-3931-42d6-b71e-03529a9850cb,ef25e762-3a6d-44b9-87c9-8bf0c4d9eb7c,2450,2026-06-18,79,61-90 Days,Customer
827be38c-2127-4aa2-a131-c2244c7a86fd,add3d1ff-35de-4335-a95b-9db45afafaaa,c65f1673-cbb6-4c7a-aaae-1704f845e8d5,441675,2026-06-18,67,61-90 Days,Customer
85744b25-3445-4eeb-bcb7-8fdfac96d9fe,39e3f045-ed2a-4d83-aee6-68046c1dfbb7,c0f9265d-0bed-42c0-9707-3121785c13d3,317750,2026-06-18,697,90+ Days,Customer
52a2470b-32c0-40b6-a0d7-b86f40ed78ff,fb0dc6af-e04e-4271-a539-9702b4d8fdfb,193029ac-009f-4f98-adbe-dfd3bdc4491a,315000,2026-06-18,315,90+ Days,Customer
e18cd607-855b-46a0-b5c1-725bc96f7ef8,13434759-d4fc-4dc9-ad3b-480ab7211da2,b48f1d2b-0c94-461b-b462-91d3b02ab229,313320,2026-06-18,148,90+ Days,Customer
3ff86b15-0181-4fe0-a8bf-c974724c5066,add3d1ff-35de-4335-a95b-9db45afafaaa,618f7439-08e3-463a-9941-bb5f2b4430b7,313250,2026-06-18,100,90+ Days,Customer
395d6d2b-d3ab-4069-8cc4-b4f40a4f893d,c6e017b2-c27d-4969-95de-8284a705a232,65f06a70-8ade-46b0-95d8-389fd1d6f842,300000,2026-06-18,79,61-90 Days,Customer
9c96a4d3-f83a-466f-bb0b-89c865fe9963,f4365c09-2c12-4388-9e00-68fd7a957575,b1294377-b03a-4e6b-a57d-7c2e6e0bda16,51000,2026-06-18,518,90+ Days,Customer
18ca49e6-6d24-4451-832e-9c16592f15dc,71be3019-2872-4e46-9e8f-941663554ca2,81856c50-6ad5-4f14-8588-08280af7b530,469875,2026-06-18,100,90+ Days,Customer
1705ca78-638d-41a3-b74a-949df65d09c6,fdf56cc8-2c66-486d-ae8f-8f48c5a28b0c,93bce4e4-ce06-43e8-a987-c6b7e8a2af91,3600,2026-06-18,78,61-90 Days,Customer
00f37d85-f7f4-409d-917c-012f9b3c549e,c6e017b2-c27d-4969-95de-8284a705a232,fd3e0b0f-be8c-4876-9c91-c8a1beccc57b,371910,2026-06-18,66,61-90 Days,Customer
9b78facf-8cda-47f2-8f80-713e9a40a34a,b68482aa-3798-4bc4-96c2-ae22f9e1f162,d77e0454-d343-43ab-9ffb-6bb87e89accd,37500,2026-06-18,506,90+ Days,Customer
9f06d903-07ce-4908-aad0-3f340b17bd09,71be3019-2872-4e46-9e8f-941663554ca2,bc77144d-dea4-412a-a4a7-5c44b7c760cc,605500,2026-06-18,100,90+ Days,Customer
d4dc147d-02ff-4fa5-a61d-a8a1839e2572,7f074738-5a84-4e01-9226-9a0acb1a86d8,25364595-be6a-4cb6-8553-0a7b15dc7192,1153750,2026-06-18,619,90+ Days,Customer
819e42c0-ac69-4656-8cda-ca9c6e632ed0,2df9cb4d-3931-42d6-b71e-03529a9850cb,83bb41ff-3ca6-49b4-8cfd-05f2d1cf4377,360150,2026-06-18,78,61-90 Days,Customer
3830bdc6-8719-422d-940c-a18eff1daf0f,271cdaa5-4d7d-46cd-9a43-7e3bb4bb922a,962e08cc-e36d-41ca-b4dd-11fa8b31efb7,97000,2026-06-18,66,61-90 Days,Customer
0810d72a-63b2-494d-bcd4-5869ee96550e,a0d6ec45-2c63-4f94-92ef-71a6d07fec61,90c5317b-41e3-4101-be0b-1d2a971566ac,37500,2026-06-18,498,90+ Days,Customer
10373a23-08f2-4a89-8cc1-0986ead4e318,fdf56cc8-2c66-486d-ae8f-8f48c5a28b0c,27285ad1-78ca-4b7a-8213-18f36b069f24,8400,2026-06-18,66,61-90 Days,Customer
bf436e25-eada-4385-b4d1-1a414ced669c,ebd4b889-4b94-4c8e-acde-8b3b5f560d31,d765406d-db97-4bd5-9fa4-b98168c6f0a7,247500,2026-06-18,100,90+ Days,Customer
9689b306-da14-45f6-adff-7e654716af2c,f1e51592-40e6-4c0e-ba12-f1e4bfda0f43,d0c0a096-29f2-4426-a986-a7b67de60f43,366750,2026-06-18,78,61-90 Days,Customer
99975220-2421-4dcb-bd13-d6ac40ab6e54,c62ed87b-e442-4815-a36e-6b634e3628f1,bbbe00ba-7ac7-4b87-a833-9145594014ee,37450,2026-06-18,538,90+ Days,Customer
04c39e7e-d802-419c-b2a5-401931eff349,3907239e-a3a6-4372-a3f2-e3025acb2412,b3286653-b449-4c5e-9e0c-1962c37ce381,808650,2026-06-18,78,61-90 Days,Customer
4f240d48-a1e0-4913-a435-a06412e56a63,99654bf2-99d2-4963-a48f-35d1eacc4352,94a7c1f1-f8c2-4b3a-a499-d3085892bb80,1150000,2026-06-18,66,61-90 Days,Customer
cb41a9d8-48e2-4c10-b951-879e4bbdfca4,d78da672-2264-4485-aa03-b559e81130e6,7d0e149d-d214-46de-9e03-e9940d3bed07,37500,2026-06-18,463,90+ Days,Customer
9f1ad653-a87a-4129-af6a-13be089ad254,9c550d4c-077d-4fb4-b74d-3debcfd3b42f,918e6dcd-66c1-4819-b37d-c24771b82f8b,66750,2026-06-18,100,90+ Days,Customer
5429c693-75f4-4ca5-8ba5-19938713fa14,71be3019-2872-4e46-9e8f-941663554ca2,e86c73cf-5b06-467d-b343-4c44e8eb6aab,37125,2026-06-18,415,90+ Days,Customer
0125b27f-f72c-4455-a619-2a19c88ff7c3,3f57352d-df9b-4863-bdf6-4e7a6f5e5f20,3af6acb0-da18-45ab-b397-864a5269033d,900,2026-06-18,78,61-90 Days,Customer
6e2db545-6d34-4b75-a9f9-d32ceba4482e,13434759-d4fc-4dc9-ad3b-480ab7211da2,8050f014-10e4-4bb0-925a-ec52c10b36cd,184880,2026-06-18,100,90+ Days,Customer
320edd1b-52c3-4fab-bf44-20ce03c26163,7278af2d-7018-4d13-bb4d-1b35f4307714,a338f65d-2bab-4fb9-8b3a-d6013a470e2f,1480000,2026-06-18,64,61-90 Days,Customer
38cbb43b-751a-4c93-b9a5-866bbc7adb01,8b9418c8-0000-4984-94fa-c5e4194426c3,54123ceb-458c-40aa-b25c-15d76271e981,3337500,2026-06-18,219,90+ Days,Customer
a1abc7a9-3936-4cc2-8b5c-4b4382497586,56037025-414a-4a5f-8b0f-a21864528f78,545d707b-74ca-4a29-bb40-2f446bc36c0a,3840000,2026-06-18,149,90+ Days,Customer
50191097-575f-435d-afbb-0d3c012032c3,56037025-414a-4a5f-8b0f-a21864528f78,88aa29db-8c55-456d-b2c5-dadcb4c9a2c5,3365600,2026-06-18,213,90+ Days,Customer
ee0652c6-928c-4236-b9a0-774f2685c99f,56037025-414a-4a5f-8b0f-a21864528f78,c245e294-3bc9-475c-ac5d-db2cbe354763,3360000,2026-06-18,210,90+ Days,Customer
b32c2707-7d21-465e-9767-23ff29ea25d7,e99e6ca5-a4bb-4343-a635-49f04389ca2a,99c16e40-b714-41cb-84d2-943cd152021b,3163200,2026-06-18,269,90+ Days,Customer
499a31dd-e1a4-4473-846d-545d48bcdf39,e99e6ca5-a4bb-4343-a635-49f04389ca2a,4f02e510-3467-4656-a481-9e2e8f25b5a7,3150000,2026-06-18,272,90+ Days,Customer
8ac33f3f-2ff1-485d-a003-3db6973f1638,cf35118b-bee6-44e5-8011-470d64b8d0fc,85238c9a-2f6e-4723-8830-b33396e5b066,3105000,2026-06-18,244,90+ Days,Customer
95de80d3-ffd5-4663-9f80-99117b666c47,56037025-414a-4a5f-8b0f-a21864528f78,9433fb31-642d-40f0-9113-4de0aa8c7599,3248000,2026-06-18,227,90+ Days,Customer
1fe79ada-e910-45f5-911a-c9178465a62a,e99e6ca5-a4bb-4343-a635-49f04389ca2a,2505e39c-db48-4283-9318-59fce6757399,3105000,2026-06-18,255,90+ Days,Customer
f805e295-a0af-4a78-94b9-1908cb9c4883,d5983bac-f278-458a-b74e-d5e2da45063d,1564102c-a3ee-4ec6-8391-d15e81e9d52c,2414320,2026-06-18,546,90+ Days,Customer
c843055c-ccf2-4b41-8402-b8f4b8356bfb,56037025-414a-4a5f-8b0f-a21864528f78,2879ccc8-a64c-4d7d-929e-702fb8e939d1,2385000,2026-06-18,379,90+ Days,Customer
3dafa5df-4ec6-4341-90ff-40d7a2b158d7,e99e6ca5-a4bb-4343-a635-49f04389ca2a,0b3d9e89-8595-461b-83dc-983d22f79806,2786250,2026-06-18,263,90+ Days,Customer
818c64fc-a871-41e5-9afa-1c9081b290af,56037025-414a-4a5f-8b0f-a21864528f78,b26ff448-051c-4081-8f37-5f0e22cf2e41,2385000,2026-06-18,407,90+ Days,Customer
4eb95b14-6be7-4650-a2c8-5f9298718169,8da5249a-c2b8-48c3-b61c-12ecf6d898d8,b6e8eafb-2bea-419d-9f3f-9569a97ba896,2989110,2026-06-18,692,90+ Days,Customer
fc82b21b-15c7-4873-afd4-2a6e49cbe6ab,56037025-414a-4a5f-8b0f-a21864528f78,5d9b04ac-6c78-4394-9c35-c573c1513baa,2385000,2026-06-18,420,90+ Days,Customer
d1415a5e-3e06-473c-8768-61dbba7d8a08,d5983bac-f278-458a-b74e-d5e2da45063d,c601c3f6-bea9-416f-be18-91da8771b0b1,2362500,2026-06-18,669,90+ Days,Customer
0a5d42c6-c0b3-40e0-b622-c41789325459,56037025-414a-4a5f-8b0f-a21864528f78,278e2d99-b828-4eb4-a14c-f24088911e36,2385000,2026-06-18,430,90+ Days,Customer
1155c1b8-24f6-44e6-ae08-aa30c883e188,56037025-414a-4a5f-8b0f-a21864528f78,65beb832-922a-4e17-9683-7e83757083e9,2385000,2026-06-18,410,90+ Days,Customer
cbc12ec2-d4e1-40a9-9c55-ad2900be5780,56037025-414a-4a5f-8b0f-a21864528f78,84f17b9e-5158-473d-8991-30e06904c0e8,2269725,2026-06-18,416,90+ Days,Customer
96acdf94-19dc-487e-a511-db84d0dc5d4c,71be3019-2872-4e46-9e8f-941663554ca2,c64ca18a-1e8d-4f17-b577-c6b3e533952f,17400,2026-06-18,546,90+ Days,Customer
2aec76aa-5cd7-4842-b5e7-ab7941c0989e,71be3019-2872-4e46-9e8f-941663554ca2,c929c32a-ddb1-4932-8e0d-cee395db3239,17100,2026-06-18,319,90+ Days,Customer
e9534ec7-c233-407e-b93c-0ba01b1e33b0,8da5249a-c2b8-48c3-b61c-12ecf6d898d8,b8f290d0-5b43-4feb-8041-b4b195477ccd,17400,2026-06-18,767,90+ Days,Customer
3e3eceea-1e81-4f74-ba1a-db2edae27add,d5983bac-f278-458a-b74e-d5e2da45063d,8f9564b6-95e1-485f-8fcf-c156c7e346a7,2164887,2026-06-18,739,90+ Days,Customer
634ba4b2-a015-4408-af63-c048511a3937,8c104193-5a04-40c1-9868-8f62355a4de8,0ddd28f0-7cc6-49a4-b12d-61b83e04bced,12600,2026-06-18,100,90+ Days,Customer
b94935ca-e148-43e0-be42-059ac4ae4875,c2e44d7b-0e00-4667-83c3-e7b12a5d96e7,a69d659d-342e-4a82-b7c4-99d35ed19242,14500,2026-06-18,756,90+ Days,Customer
951269d5-718f-4b9b-b79e-b5e8a6d9d52f,c6e017b2-c27d-4969-95de-8284a705a232,55c7feef-55ce-469a-80e8-1da4137ca1cd,250000,2026-06-18,78,61-90 Days,Customer
b759f487-4776-40f9-995a-dca310c3e330,3907239e-a3a6-4372-a3f2-e3025acb2412,b10e62fd-c938-4b18-93f9-5e20ee0f6f66,742880,2026-06-18,66,61-90 Days,Customer
a1cd6c21-ad39-4e2d-8052-8e0bd5416f45,d11168e8-0acb-4143-82e4-419e25634be8,cb95e235-8cd5-4b72-95e0-bcbeeaa78cb8,17000,2026-06-18,559,90+ Days,Customer
727664b8-3edc-4429-b7f4-980de96619a4,2df9cb4d-3931-42d6-b71e-03529a9850cb,7f84e41a-15e6-4492-a1c2-8fa3f6f203c8,16250,2026-06-18,423,90+ Days,Customer
3b3e07c1-d2ca-420b-b6ae-85b8779c5863,f0c11e44-1236-4c2e-8285-613ab5dec4ba,11af04a6-feb2-448c-bfcd-bc6f425efb9a,15800,2026-06-18,633,90+ Days,Customer
92c915ec-8a29-4fae-905e-6cb23aa1c422,56037025-414a-4a5f-8b0f-a21864528f78,71b8c377-5b40-46b0-92c9-75a7e0b88c11,2226000,2026-06-18,356,90+ Days,Customer
c904617f-821a-4949-a79e-db2c33fe5f60,56037025-414a-4a5f-8b0f-a21864528f78,a017bd37-3076-475e-a0ea-c127996da400,2226000,2026-06-18,359,90+ Days,Customer
ae4d1eb4-c7a8-45da-b423-aef95d0cc71c,56037025-414a-4a5f-8b0f-a21864528f78,d182d13d-bc37-44a4-af25-8142ab25a154,2226000,2026-06-18,381,90+ Days,Customer
51082b5e-dfff-44e3-8576-6023b638499f,56037025-414a-4a5f-8b0f-a21864528f78,beaf7095-68a4-4544-a267-b3998b2e3ee8,2235000,2026-06-18,295,90+ Days,Customer
891f468c-635f-4835-a8e8-e0d088f6d60e,56037025-414a-4a5f-8b0f-a21864528f78,57f94357-d542-4b79-ba37-4460065ed0f5,2226000,2026-06-18,367,90+ Days,Customer
cd6eff02-d3d0-493c-ade6-902b2161e361,56037025-414a-4a5f-8b0f-a21864528f78,d631c876-391a-472e-bb66-625d6b2853ee,2226000,2026-06-18,400,90+ Days,Customer
aaac9add-b858-4267-9670-6d34dff1991a,56037025-414a-4a5f-8b0f-a21864528f78,868171a6-1612-42b9-9c84-e305207e4187,2226000,2026-06-18,403,90+ Days,Customer
ddeaf25d-8a88-4679-925d-d092bdefd520,56037025-414a-4a5f-8b0f-a21864528f78,f2f51bf9-bc62-43ab-88d8-813480c0e084,2226000,2026-06-18,414,90+ Days,Customer
25fab2ec-ce81-4210-9134-ddf8eedb86de,56037025-414a-4a5f-8b0f-a21864528f78,b2d9716a-e787-4f0c-894a-1734f1d3e79a,2128000,2026-06-18,325,90+ Days,Customer
483e1a2e-e190-46d5-8501-6974b47901cd,d5983bac-f278-458a-b74e-d5e2da45063d,66f9681f-8a11-44cd-999d-f2e791ef040d,2100190,2026-06-18,638,90+ Days,Customer
1d733f7f-f16b-4056-8bf8-36bd2510e7a9,56037025-414a-4a5f-8b0f-a21864528f78,afaf41d0-f3c5-40b0-90f8-678e1d081066,2128000,2026-06-18,337,90+ Days,Customer
4479c9e3-024b-4e28-98d2-b95e0b3a996e,56037025-414a-4a5f-8b0f-a21864528f78,01902c0a-3fad-4013-ad45-182a3b8f879d,2052000,2026-06-18,333,90+ Days,Customer
da441742-77ff-4bd4-93f3-c28198ba5cb1,23754594-2605-4a30-9b16-81e8f9f5158c,47c67142-b4cd-40e5-8c4e-c10a15455059,15600,2026-06-18,399,90+ Days,Customer
648d02db-2038-45f8-9508-4a270eee191a,da2657ee-a1d0-43d5-8cc2-aa06dc2076d4,704cfa44-b178-4d7b-b59f-11d279727985,15000,2026-06-18,409,90+ Days,Customer
3a4b328b-d64a-4294-bdbb-8633723a3dae,8c104193-5a04-40c1-9868-8f62355a4de8,4de159da-50c0-4380-997c-d2887609ccf3,14250,2026-06-18,612,90+ Days,Customer
4d1c689c-2a8e-4a25-b21f-e919d260f88f,f339fea8-85c3-46ca-9d61-5a3dcbbb1b85,0d269d7c-0e59-49e7-81fa-f4c7b8b3427f,312750,2026-06-18,242,90+ Days,Customer
1c0a09e7-119a-430f-9885-5e7048a83abf,ec31354d-a2f1-4014-9b0b-848354b1844d,72381a36-f748-4020-a737-ae747aa9c898,315000,2026-06-18,326,90+ Days,Customer
cc1e958c-3f83-4b60-8819-45b0d5fed959,71be3019-2872-4e46-9e8f-941663554ca2,94717df0-8f3b-403f-b031-0b1fd4c7a0be,884525,2026-06-18,78,61-90 Days,Customer
aa4242de-5ec2-4727-9898-51242efb2bee,516eb9ad-ee68-4e36-9328-692922b9061c,6bc24686-6849-4edc-91f4-7041700032ef,159200.5,2026-06-18,66,61-90 Days,Customer
7dc551ce-27cc-4c2b-bc35-823f2f0bab55,d604343c-0482-49ed-80ec-28e4aa0c3fd4,95275b61-6da3-46d1-9196-f39401a2051a,17199,2026-06-18,387,90+ Days,Customer
f96df895-b6fe-4eee-8688-52604f7f3168,d5983bac-f278-458a-b74e-d5e2da45063d,cb1c0d5e-0e3e-4acd-956e-22f0643065ce,2158125,2026-06-18,643,90+ Days,Customer
9a4755c4-ed8b-4481-9742-cdedbb073744,8da5249a-c2b8-48c3-b61c-12ecf6d898d8,11ecfcb1-ae06-4c4b-9d2b-105bd575d648,312000,2026-06-18,745,90+ Days,Customer
1e65f3ce-6421-4eb8-96d1-15cdf02709d2,ccb49d47-ef18-415e-84ff-5119d836592b,5176f81a-90b6-4372-b3b4-068fc1041a11,314500,2026-06-18,676,90+ Days,Customer
a06cc443-a98a-4fff-a06c-87bb4de1633a,3c4d3236-1af3-4a76-8560-1be48d264c9a,4f98ee30-83d0-4a5e-b1a6-62461616ed51,1779998,2026-06-18,304,90+ Days,Customer
85626348-a04d-45d0-abfe-c304d99c3613,56037025-414a-4a5f-8b0f-a21864528f78,d8323da5-8904-4e78-ab75-f64986cdcddd,954000,2026-06-18,433,90+ Days,Customer
4f36a63b-a1d9-41d8-9aa2-37a10f4d36b0,8da5249a-c2b8-48c3-b61c-12ecf6d898d8,a4cef7ef-92d6-4f70-819d-97b6e19ebce9,946500,2026-06-18,672,90+ Days,Customer
c0938630-550b-4703-ab6e-34158b9edafb,8da5249a-c2b8-48c3-b61c-12ecf6d898d8,f5b9a80f-bde1-4131-8bb2-828a1b8c64a5,940625,2026-06-18,480,90+ Days,Customer
7b90418f-19a0-4624-99de-19a86ba08a69,e0127f48-7045-4fdc-b308-c030eb515cc1,d7828a3d-ffe2-42d7-bf74-87e236348000,937500,2026-06-18,602,90+ Days,Customer
5b095aeb-8213-4adc-bf7c-8d83f44bf317,e0127f48-7045-4fdc-b308-c030eb515cc1,184c0fe1-a1ac-40a9-9da8-1c4543eca91d,931250,2026-06-18,571,90+ Days,Customer
717eae11-da69-4aa7-af9f-cf5627fa8d59,cf35118b-bee6-44e5-8011-470d64b8d0fc,0c48bbba-7f9e-4e67-8216-ab66e93a73a2,1770000,2026-06-18,256,90+ Days,Customer
799aae8e-7d29-471b-a2f0-fa43f8b9093d,ef173824-236e-4589-af6a-5bd7edb0e89f,6c7ad414-26b8-40ab-9a17-2f146875e98c,1456000,2026-06-18,184,90+ Days,Customer
29ba2172-6c3f-4922-8235-abd12c895682,71be3019-2872-4e46-9e8f-941663554ca2,96855d8d-98a7-46b2-bfbf-bf7c05943726,1231572,2026-06-18,273,90+ Days,Customer
473db3cf-57e7-4d82-bfa6-2a16e0ec8f30,e99e6ca5-a4bb-4343-a635-49f04389ca2a,dcbb7505-0956-4b55-bcd5-2685a3e7b967,1140780,2026-06-18,277,90+ Days,Customer
44d7647b-729a-481d-b5e1-0aba1f0a4f15,096efaf2-16d1-4b69-ad27-28a2a3ea1396,331bbeff-46ca-451c-b141-a0c7f3a23963,17000,2026-06-18,738,90+ Days,Customer
22659433-78e7-4e0a-a5ee-59757642714d,d604343c-0482-49ed-80ec-28e4aa0c3fd4,7ced0111-d64b-43ec-8af1-188595cee37b,16524,2026-06-18,328,90+ Days,Customer
2ad49821-21ce-4ecb-82da-ec0e947ff151,88548589-99b3-4063-8b07-848049753a24,1638e0f9-b2d8-4251-a973-8004f18670c5,15800,2026-06-18,758,90+ Days,Customer
c32bcb10-d627-486a-b961-f544d2fccef0,ac70db65-33c8-4b07-9267-7fd892c2b0b9,b7bb398a-1e31-4439-a22f-88e5806ff75c,15700,2026-06-18,654,90+ Days,Customer
dd09787d-27a7-4539-84d0-ad2d8ba5bd4f,2df9cb4d-3931-42d6-b71e-03529a9850cb,9536d1ef-e0c7-4e67-adcb-4cbf802a5181,16650,2026-06-18,766,90+ Days,Customer
7e2f0e36-ff35-480a-9eef-a7de67c66996,875a62db-28fd-4bff-9a4c-da458a2b8056,79125090-8ce8-47fa-b2fc-633256e21974,356280,2026-06-18,66,61-90 Days,Customer
0c5faf3e-acab-4da9-821f-345b27d8f843,2df9cb4d-3931-42d6-b71e-03529a9850cb,a9f962ef-4b9a-4896-99f0-10ec318158d7,17350,2026-06-18,407,90+ Days,Customer
27340ddb-00fe-4c6d-a842-206e232ea360,8271e256-26ff-4a66-9c74-2741dc14709a,2985a44e-30b3-4261-acd4-586dc571a837,17000,2026-06-18,266,90+ Days,Customer
2f566f27-98fb-4582-aa12-88f0119d92cc,d5cfc9ca-e095-4816-8888-c0cd5c1bc4e1,fac574ef-35bd-49d3-80d2-45998a7492db,1130000,2026-06-18,515,90+ Days,Customer
aa8a8a53-c051-47a7-863d-0226f864f9f1,e99e6ca5-a4bb-4343-a635-49f04389ca2a,b5229ce2-2728-478d-8043-c4daf734c3de,1125000,2026-06-18,276,90+ Days,Customer
3760ce58-da46-48da-87d6-fd6791e89b70,71be3019-2872-4e46-9e8f-941663554ca2,2ac518f4-84ca-4fca-a2f5-6b3665fb3d3a,1110000,2026-06-18,573,90+ Days,Customer
03cfa152-9184-453b-90cf-20f01872a6ec,71be3019-2872-4e46-9e8f-941663554ca2,fab4eaad-920d-4b0c-b989-ece6ea55037f,1102500,2026-06-18,490,90+ Days,Customer
0474dfc6-4959-4ff8-8ac0-09f83184b40b,e99e6ca5-a4bb-4343-a635-49f04389ca2a,bb2f2d6c-0517-4cfc-9c94-df2e804d776e,1095780,2026-06-18,280,90+ Days,Customer
118ce8f2-b8f5-4b29-ba82-25622d4c6f72,f3df996d-b48b-4239-8bf1-1e46b44fabd6,0709257a-4acf-42b5-9091-fe745a57cc3e,1092000,2026-06-18,214,90+ Days,Customer
36d271dc-c519-4dbe-869e-6bc5f51a37f9,ee050b45-8c17-4d06-ba05-a7f64ed04dab,434c8f55-d6a2-4a3b-91d3-d90fd164c769,1079999,2026-06-18,447,90+ Days,Customer
8365f586-3de2-4b30-9f71-9d5b8983b16d,ddc6b03a-4a98-439c-bfaf-cb665a6c6c5b,ca826de2-a44f-4ad9-abb3-1cdfe248e2d9,1074500,2026-06-18,720,90+ Days,Customer
1e85005b-6e36-42f6-b340-40526003171a,8da5249a-c2b8-48c3-b61c-12ecf6d898d8,7e2690d4-9d82-4cfc-85e8-c853dbe2ca1c,1059375,2026-06-18,492,90+ Days,Customer
b06c70d9-3f00-407b-a252-f886f07177b0,c3fb7a8a-5562-40d6-a440-ac11aa686157,414d185d-2069-4a12-a41c-0637b0699e24,1032995,2026-06-18,571,90+ Days,Customer
a8357c0a-ecb1-4171-8cde-528571763194,71be3019-2872-4e46-9e8f-941663554ca2,54508f44-755b-4b45-96fc-05161f92bf90,1087500,2026-06-18,448,90+ Days,Customer
f0fc45b5-4b5c-4dbd-b1bc-ab8ee8602e46,e99e6ca5-a4bb-4343-a635-49f04389ca2a,dbe30364-e1b7-4c62-b13c-612a79f860b9,1019271,2026-06-18,279,90+ Days,Customer
3d9c3145-b599-4811-905c-fdd08d06d305,ac70db65-33c8-4b07-9267-7fd892c2b0b9,b8b9d96c-7afa-45f8-b3f8-a3794d116248,15700,2026-06-18,631,90+ Days,Customer
499a6ed0-5cb2-4d5c-9638-6d9380016246,da2657ee-a1d0-43d5-8cc2-aa06dc2076d4,b2aeee0c-a52e-4272-adef-12987998e9e9,15200,2026-06-18,501,90+ Days,Customer
272b3862-4ec0-4182-960f-8607ae821223,b215a7fe-5be9-4c02-8f7d-bdd95c0e84b2,c04273d0-e4c5-4bec-9980-7e1dba6ae526,14700,2026-06-18,755,90+ Days,Customer
b50197ae-4c0c-48ae-a392-2ec4950a03a3,71be3019-2872-4e46-9e8f-941663554ca2,a90973c3-7cb5-4cc9-b26c-5b2733c3654e,447500,2026-06-18,99,90+ Days,Customer
7cd972b7-84c2-4d96-9a3a-d565e0b76574,6bfd0ec9-30f4-495c-b104-f19a6d20505a,0cc8dd79-2aed-44aa-bea3-b8371079969d,155000,2026-06-18,77,61-90 Days,Customer
7ded036c-c783-49e8-b9ad-2b73eafb21a8,2df9cb4d-3931-42d6-b71e-03529a9850cb,314e7772-b9b8-49cc-bf5d-0821e17692ba,30000,2026-06-18,66,61-90 Days,Customer
092f5809-0592-44af-9958-d8b9f701432f,831c411d-fe4b-4063-9964-7eff24d5feb3,bc334b01-4a17-453e-834b-f071f73ffab2,77000,2026-06-18,77,61-90 Days,Customer
bd77d50f-5a49-43ff-8cd2-7120c24f0e71,d604343c-0482-49ed-80ec-28e4aa0c3fd4,cefae027-7617-40c3-8c72-50d12a25bbb7,17550,2026-06-18,323,90+ Days,Customer
f101b0d7-6819-4044-b0df-4c4d8115de23,c2e44d7b-0e00-4667-83c3-e7b12a5d96e7,b0cb467b-184e-4c70-8192-5d4a71701990,8500,2026-06-18,752,90+ Days,Customer
cb94a340-6907-41ed-8236-2c70125a022c,71be3019-2872-4e46-9e8f-941663554ca2,1102f8d9-d8ea-4a2b-af4d-7021683fbde9,358000,2026-06-18,99,90+ Days,Customer
b1e4bf30-cd48-4877-ba4a-1bd29ee44163,c6e017b2-c27d-4969-95de-8284a705a232,f4febdeb-2a6a-456f-90d5-ea9836bd6577,142949,2026-06-18,242,90+ Days,Customer
868602c5-748e-480e-800d-1322b37c94e7,4b5ac98b-a0ab-444a-a1fd-4a30c7c440a6,dcb5f036-a14c-4f2a-8bc3-10c05bb98c86,185625,2026-06-18,77,61-90 Days,Customer
6811297a-dc1e-4647-844a-8149c2eaa2a8,7048623d-7a72-46d8-957d-95ee5ed6799c,221c8e96-c917-4fc0-9327-e979f26586ff,4200,2026-06-18,66,61-90 Days,Customer
9e2698cd-c108-4ac3-b466-c17b337a47b6,965fee94-c193-4224-9278-fdb4cf8fe87f,68e4b81a-00ca-4908-a336-199ccba48f00,9400,2026-06-18,698,90+ Days,Customer
3de5a923-3876-47ce-840b-ae680f6853bf,ee050b45-8c17-4d06-ba05-a7f64ed04dab,ffc9a9a1-f3a4-446e-bd07-cf8254937987,1004999,2026-06-18,461,90+ Days,Customer
7bd411ab-b830-4f3f-bdc9-844797fd24f2,c6e017b2-c27d-4969-95de-8284a705a232,449f3f0f-8b58-413a-add4-64845903a8f3,997150,2026-06-18,167,90+ Days,Customer
6a51df47-f276-41d8-bef2-8c8a8da7809d,c6e017b2-c27d-4969-95de-8284a705a232,57419234-7e5e-4a84-a269-eb602219e367,975000,2026-06-18,137,90+ Days,Customer
eb2d1657-6b0a-47c0-be3d-d49e6ea1e1fc,8da5249a-c2b8-48c3-b61c-12ecf6d898d8,8a395ab9-835a-418c-8632-9e34976cf44e,968000,2026-06-18,697,90+ Days,Customer
217d871c-22ec-438a-ac89-2c3c5db1fb19,ee050b45-8c17-4d06-ba05-a7f64ed04dab,3c79215d-fba9-4e70-8ce2-f9d0f7f67475,955000,2026-06-18,590,90+ Days,Customer
39a2cbea-27c9-4d4a-95a4-d04b422286f0,353bb4af-8760-4bd7-a2d2-354d4f3d52ba,32bc7b9f-675a-4dc2-b224-e47dd0a0ffbc,954299,2026-06-18,588,90+ Days,Customer
926a8e77-5a54-46a6-b055-13534a0bdab7,42d252ce-09ff-4009-912a-ee9ecb4bac8b,efb784b8-6946-4928-a01c-c063a70d4eb8,950000,2026-06-18,395,90+ Days,Customer
0aa0c52c-808a-413a-b523-17535e88f60e,8da5249a-c2b8-48c3-b61c-12ecf6d898d8,49a12d90-ca78-4e4e-b7bb-64091e676309,944600,2026-06-18,696,90+ Days,Customer
f5e8f1f3-ac94-4ec1-a587-91743652d4e4,71be3019-2872-4e46-9e8f-941663554ca2,912fd5ce-f565-4127-b729-225ef5c56bbc,937750,2026-06-18,122,90+ Days,Customer
53d64763-da11-4f0c-9254-3d47eccc1931,2df9cb4d-3931-42d6-b71e-03529a9850cb,b48d89a7-61c7-4536-a2c0-dd8054a8729e,9250,2026-06-18,496,90+ Days,Customer
3d789c73-3cc5-4a5f-805c-6c778af6c1b2,9c550d4c-077d-4fb4-b74d-3debcfd3b42f,4b6a2bc2-d2f1-4503-b533-15af0346fa51,9000,2026-06-18,454,90+ Days,Customer
5eed9a4e-1a33-4349-bcce-6300850f7b38,ac70db65-33c8-4b07-9267-7fd892c2b0b9,34d8ffa3-0cb2-47b1-bccd-4ac416fa1cd0,8800,2026-06-18,480,90+ Days,Customer
3907172c-7cab-4bce-838d-9661bda0aaa5,57343a3c-bedc-4f32-af27-80a239e77b70,fad14362-ec14-425b-a541-dbf81136ac2f,8610,2026-06-18,736,90+ Days,Customer
6725601f-fec1-4ea6-a703-df5803636763,6f0fa011-e115-4b61-b69f-9ea36cfbb0e1,c63f54da-3e2a-4fe7-b762-1474204aeca1,8250,2026-06-18,618,90+ Days,Customer
d2f46706-0bad-4f6d-8c03-72e3f94b01b7,8c104193-5a04-40c1-9868-8f62355a4de8,ebcb3721-ca28-48f1-8b1a-a1f655c04ca7,8000,2026-06-18,385,90+ Days,Customer
ae915f7f-f005-48a1-8d4f-60eb6694dd15,f44a0530-a9a7-44dc-a935-1788e1ed642f,c4aae462-7e21-4a97-894d-b5e1c7578c99,1144206,2026-06-18,490,90+ Days,Customer
df0206da-8bfa-432f-919b-176a6a0fb11e,c62ed87b-e442-4815-a36e-6b634e3628f1,73848a90-8099-4f05-80fb-c396d5c8f89b,9400,2026-06-18,613,90+ Days,Customer
37ec65b3-fbcc-429e-a722-4b5e5f6f5f38,8f06ff88-5db5-47ec-b27f-af2ef21de406,f92c668d-9036-4298-8353-3ca654e17439,829750,2026-06-18,99,90+ Days,Customer
a2ea70f5-6222-49f4-a89f-0ee755ca7003,ef173824-236e-4589-af6a-5bd7edb0e89f,20dc8fe5-2e45-429d-8994-27e78449f32a,927200,2026-06-18,347,90+ Days,Customer
2098bba2-8ba1-4152-b561-45156fa40ede,cc1c75ac-51c8-428e-9f70-77c001aad47c,55256a86-5d44-4940-8680-7afc1526b995,232500,2026-06-18,77,61-90 Days,Customer
54007ea0-8815-4977-9068-45872d6cc38d,ebd4b889-4b94-4c8e-acde-8b3b5f560d31,b025af86-352e-4a4a-8767-d3ce63d8ade9,232950,2026-06-18,66,61-90 Days,Customer
1a22cc07-5007-4918-a3a8-bbe288e0ca04,e0127f48-7045-4fdc-b308-c030eb515cc1,fcf3c81a-ae98-48b6-8b54-4fa24815c0f3,937500,2026-06-18,701,90+ Days,Customer
6a6ad133-c70d-4bf8-a4c7-d408448deb0c,8da5249a-c2b8-48c3-b61c-12ecf6d898d8,88087714-cab6-4258-a498-63e6763ecc02,931250,2026-06-18,662,90+ Days,Customer
204f610d-2d04-4f5f-90ea-d3f92016a0e8,e0127f48-7045-4fdc-b308-c030eb515cc1,4915bbdf-93a6-43a2-bf41-b452899dcdef,931250,2026-06-18,678,90+ Days,Customer
4fef678d-009d-42b1-b99a-e7ac16dc86c3,242b18b0-2b6e-4ef6-b311-fa29444b997b,301798a4-a9fd-41c7-8252-6cd759ba3bf0,1380000,2026-06-18,241,90+ Days,Customer
ed31e96a-a91d-43d2-89c9-f32fc04ae89f,cb9742f2-b64b-403b-a01c-866e7493f406,d07fc2c6-d4af-4707-ab28-e8e3cb724831,1244500,2026-06-18,221,90+ Days,Customer
8f304518-a2dd-49c7-a3e0-a1dc242764fa,ee050b45-8c17-4d06-ba05-a7f64ed04dab,89d84889-a8e1-496c-b029-f47cc0b6823f,1172500,2026-06-18,217,90+ Days,Customer
15cfe287-37f8-431b-8b9f-57dae0e46e78,71be3019-2872-4e46-9e8f-941663554ca2,b86442f2-30a0-457f-8651-355a3f20371a,1156250,2026-06-18,528,90+ Days,Customer
7ec17390-03cc-4201-af91-5b27b7e11ed9,e99e6ca5-a4bb-4343-a635-49f04389ca2a,863e0212-cc13-44f8-98d9-7242a67dbe38,1081351,2026-06-18,233,90+ Days,Customer
e1cf1262-584c-49f5-b9c2-89a1d2d626d9,42d252ce-09ff-4009-912a-ee9ecb4bac8b,5f174d0b-40af-42c5-95d7-023b5face068,1045323,2026-06-18,517,90+ Days,Customer
e2392827-1f74-47d8-97b8-26416af5232d,7f074738-5a84-4e01-9226-9a0acb1a86d8,1b89b5f5-1dfa-4f7d-af1a-2803ce654910,1042500,2026-06-18,620,90+ Days,Customer
18ac30fc-f95a-4c24-8786-5eb737c8af87,71be3019-2872-4e46-9e8f-941663554ca2,8ea5ecb8-c9af-450a-9667-bb47a7d42830,1156250,2026-06-18,540,90+ Days,Customer
eddeaaf5-7e9f-45a8-b90f-f7ec4ff53c52,bb06e984-748a-4ec3-b26b-493fe02b438f,0f885853-d2ec-4264-8e24-af910083efe6,9375,2026-06-18,762,90+ Days,Customer
dfebb380-772a-4a0a-89f4-32fd5539604f,9c550d4c-077d-4fb4-b74d-3debcfd3b42f,7f7212b2-f965-4048-8702-923dd2454d8e,9300,2026-06-18,513,90+ Days,Customer
5b5a36df-a0b4-4099-8c6a-b7cf1e063d7f,51bf73f4-c8da-4e75-b5c1-72b2dc1014a0,d34915fe-5167-4cfc-b31c-5e2c2155ae1b,9200,2026-06-18,368,90+ Days,Customer
c830dc07-9c3c-41c0-a48c-69e4897c0bad,2df9cb4d-3931-42d6-b71e-03529a9850cb,5b3efe09-35fa-4dd0-ba09-fb6872437308,4489,2026-06-18,550,90+ Days,Customer
d8bf392a-6a59-4151-82d4-707508b6a725,739d627c-2121-41b9-8865-1b72472a5780,20a7db35-e12a-4398-b2b7-dcbfaecf171e,188000,2026-06-18,99,90+ Days,Customer
2a18e11b-8dcf-48aa-9f8a-02702947a5f4,8da5249a-c2b8-48c3-b61c-12ecf6d898d8,b3fe0bde-382b-439f-ac6c-5d5dc6e70845,1139820,2026-06-18,539,90+ Days,Customer
7af040cc-8311-4938-99bd-ed9c613ce448,2df9cb4d-3931-42d6-b71e-03529a9850cb,2a6f45b8-2231-430b-b5b5-3f8474322419,1800,2026-06-18,77,61-90 Days,Customer
fd9c3c2e-cf9f-4027-ada6-06e7cc45acb8,71be3019-2872-4e46-9e8f-941663554ca2,56d47fcd-7395-45d1-b77b-afa731a284bd,236100,2026-06-18,66,61-90 Days,Customer
d2c4980f-5d5e-44fd-984d-8b2170a9f8e2,cb55367a-1da2-40df-aac3-6ea2d3ef7d67,8059e5a8-c82e-4ba4-9b8c-c89de0ee89a6,9430,2026-06-18,461,90+ Days,Customer
b0c86828-0e3e-4d99-adbd-b4b9ee691bbf,d5cfc9ca-e095-4816-8888-c0cd5c1bc4e1,8d6772f2-b17c-4c47-a6ba-0d72bc6decd2,1149000,2026-06-18,552,90+ Days,Customer
a45c74fb-e1bc-4654-8cdb-ba72894ba639,42d252ce-09ff-4009-912a-ee9ecb4bac8b,d3c56357-1e2b-4d19-81a6-b53b5fd0b1ef,1125000,2026-06-18,242,90+ Days,Customer
0070ac02-4403-4ca5-b53a-195ccf7f963a,71be3019-2872-4e46-9e8f-941663554ca2,ad6da14c-e815-4341-97ff-98586583dada,1110000,2026-06-18,566,90+ Days,Customer
fb4ada0d-097f-4b88-b8b3-f42c20c451d0,71be3019-2872-4e46-9e8f-941663554ca2,06c8ff7d-1bf1-4aa6-aa4a-b31eda82e159,1110000,2026-06-18,580,90+ Days,Customer
5c4ac85a-187e-42bd-b98c-a259645232f8,cf35118b-bee6-44e5-8011-470d64b8d0fc,5d550d57-ee77-40e8-af30-0a82c6c98d1a,1106250,2026-06-18,246,90+ Days,Customer
8d84a7e8-c90a-40ca-90b6-9f544e30d4c8,e99e6ca5-a4bb-4343-a635-49f04389ca2a,e0766375-36d0-4da4-8fae-fbb08f2f779c,1095280,2026-06-18,291,90+ Days,Customer
54bea23d-c153-48dd-bb23-95486b81d7a0,f44a0530-a9a7-44dc-a935-1788e1ed642f,e7eae610-1c59-4884-b935-8db303e57b86,1100000,2026-06-18,469,90+ Days,Customer
1766b965-d4b5-4db2-87f9-fc1fab50b1de,2970f735-35b8-46ff-9a1d-ec4693521735,d23f436d-5761-427e-bf4c-70dd5bd7b311,9375,2026-06-18,762,90+ Days,Customer
0068203f-e9cc-4855-969e-49b0efe10671,2df9cb4d-3931-42d6-b71e-03529a9850cb,31d661a0-1f32-490c-be78-3c98543d0e44,9100,2026-06-18,412,90+ Days,Customer
3967a3d8-a011-416e-88d4-2fbef4a17144,8c104193-5a04-40c1-9868-8f62355a4de8,373da976-7fcd-4f8c-901e-0541687df53b,9000,2026-06-18,469,90+ Days,Customer
f322d663-709d-4df8-a812-debb085ecf05,c622c3d7-9289-41b3-ab8e-2c29215faa4c,1cf630e0-188c-45bf-af57-31800b4b9f67,8550,2026-06-18,465,90+ Days,Customer
ab525ab4-257d-4ff5-86b0-9179c29e469c,d604343c-0482-49ed-80ec-28e4aa0c3fd4,251865f9-0a9f-4c56-aea8-a1df3d1ec4e1,8300,2026-06-18,519,90+ Days,Customer
96b73bb1-0f48-4396-8e61-8f1cd5fc1a46,43086681-9177-4b8d-b49f-e5c449a73ade,5e1339cf-df74-4fb7-8104-3bd9a0a94db9,8125,2026-06-18,352,90+ Days,Customer
913f4228-7e09-4152-97f9-52a530fa8eef,2df9cb4d-3931-42d6-b71e-03529a9850cb,356a07c1-ec1d-4a1a-a882-cf14a3bebe49,7980,2026-06-18,290,90+ Days,Customer
573711af-be6a-4338-aaef-e539167ed9a1,2df9cb4d-3931-42d6-b71e-03529a9850cb,a317a353-b23f-4be3-82a4-1b5fe3e7a7ab,7300,2026-06-18,480,90+ Days,Customer
ea7c67c4-4c34-4bcd-b53e-b1465e8d4194,2df9cb4d-3931-42d6-b71e-03529a9850cb,0a25334c-68b3-4c53-aa0f-2f450d0fd00f,7300,2026-06-18,482,90+ Days,Customer
b6a3cd9a-19f3-46e4-9525-20a3f0b6c907,2df9cb4d-3931-42d6-b71e-03529a9850cb,ed6edef0-2fd5-456a-bb79-ac84be459791,7100,2026-06-18,435,90+ Days,Customer
f1a8f4f1-61c6-49b4-aebe-94553d03cb4c,1e8b0fdf-a882-4a38-bf4a-36f1d58a0898,502fa430-84d3-4305-9715-2e08b13a7d77,236000,2026-06-18,99,90+ Days,Customer
3e6b97bd-d9e4-49a5-91e6-182df68c6221,71be3019-2872-4e46-9e8f-941663554ca2,ff192404-fdff-4c0f-b093-ddaf7dbfe1a0,868100,2026-06-18,77,61-90 Days,Customer
f74e0f08-23af-4965-8294-d285e96436df,71be3019-2872-4e46-9e8f-941663554ca2,efb2d5c6-854f-43ae-8955-089f0dccf5ca,185940,2026-06-18,66,61-90 Days,Customer
0d190a5a-394e-4761-9b15-d929e0d0e790,71be3019-2872-4e46-9e8f-941663554ca2,cf89e867-5000-4c5c-b060-6e50119eec15,1087500,2026-06-18,450,90+ Days,Customer
2c4b3948-418e-48a0-a83e-1f391e4aee3c,e5292d40-6064-4169-875d-acf942d10206,070b6044-cee8-46a2-bbcb-948e75ae6b58,1079364,2026-06-18,430,90+ Days,Customer
5317b7a4-ec81-4a50-822d-04e0b450ac97,71be3019-2872-4e46-9e8f-941663554ca2,2300099f-0506-43bc-aee1-1cab1cdf77b8,1065750,2026-06-18,178,90+ Days,Customer
c56c5918-cd1c-43a0-a40c-77ed2e3d1917,56037025-414a-4a5f-8b0f-a21864528f78,e6e41678-0fc8-4b93-857d-07dde0447303,1590000,2026-06-18,423,90+ Days,Customer
2a5108a6-66a5-4192-8d6d-cda5eb16d6a3,7278af2d-7018-4d13-bb4d-1b35f4307714,cd3b5b8d-17d3-4ad2-a700-781de3827194,1515000,2026-06-18,155,90+ Days,Customer
43b52fa4-a525-4cde-a5e2-5510cefee371,ef173824-236e-4589-af6a-5bd7edb0e89f,1eeaba16-be38-46a5-a706-7d0b7d0b7298,1464000,2026-06-18,221,90+ Days,Customer
d29e7e3a-f965-488e-a566-59dedd571189,8da5249a-c2b8-48c3-b61c-12ecf6d898d8,10b4372d-073a-4bd0-9638-e6628b6ddb44,1059375,2026-06-18,487,90+ Days,Customer
d9762dc4-0efa-493a-b228-d44a3816b643,c6e017b2-c27d-4969-95de-8284a705a232,637ef1c9-2aed-4370-8698-cb8cc158911a,1045600,2026-06-18,153,90+ Days,Customer
1cc07421-0586-4f34-b200-b89a78d69bb2,f3df996d-b48b-4239-8bf1-1e46b44fabd6,c622a4f4-d3b7-4b69-be05-9fd95ca4e581,1045000,2026-06-18,135,90+ Days,Customer
d4449e48-07c2-4dde-9613-e73434410276,f3df996d-b48b-4239-8bf1-1e46b44fabd6,12fe1639-ee30-4d0a-ac41-27278574aaf5,1035000,2026-06-18,158,90+ Days,Customer
98b82666-b497-4a1c-9cb9-8ad29c8dec1e,7278af2d-7018-4d13-bb4d-1b35f4307714,6d5bd78a-c89e-4e94-97ed-a26121aed381,1030000,2026-06-18,140,90+ Days,Customer
944dc4cf-d871-4629-95ea-fb9bce25793a,e99e6ca5-a4bb-4343-a635-49f04389ca2a,5a878f7c-85d9-4a8f-8492-078483cbfdf8,1027780,2026-06-18,297,90+ Days,Customer
4e4534cd-8c17-4dc5-871a-4dc3dd12da8f,30c6649d-c288-46e2-adc3-2bc11a77e44f,d9922a98-2851-4b3c-8724-96ea4389ccc9,1024999,2026-06-18,542,90+ Days,Customer
93f0e4be-a505-4b8c-b88f-375670cba374,13434759-d4fc-4dc9-ad3b-480ab7211da2,473e3742-b03b-45a5-ad1b-f3a964e4bcef,1017060,2026-06-18,120,90+ Days,Customer
f99172c2-064e-430b-9748-d90f98db72a1,30c6649d-c288-46e2-adc3-2bc11a77e44f,aa42d1e8-689b-4e4b-be3f-d1b47a45c900,999999,2026-06-18,559,90+ Days,Customer
2cad24ec-b861-4ce4-8737-33e9f9b4b476,71be3019-2872-4e46-9e8f-941663554ca2,fc3aa168-87d0-40f9-9d99-e3eeb1f5b358,985927,2026-06-18,298,90+ Days,Customer
fec7db5b-5419-4b39-899e-55df982fe323,71be3019-2872-4e46-9e8f-941663554ca2,9b1cd132-bf44-4c7c-a270-e3face299014,982500,2026-06-18,360,90+ Days,Customer
83fca168-d0c5-4b33-818f-3a98a0f03db8,42d252ce-09ff-4009-912a-ee9ecb4bac8b,f41925b3-ea12-4690-81b8-8469adfd153f,974999,2026-06-18,258,90+ Days,Customer
c64a515c-aa13-42ff-b1f1-077ffd638182,e99e6ca5-a4bb-4343-a635-49f04389ca2a,279468fc-40f4-481b-a180-37c4bd09ba57,965640,2026-06-18,301,90+ Days,Customer
0a847fa3-9090-4891-9bfc-79524fc2392a,82b84633-877e-4f83-b407-4b242b213f59,c17de2b5-1670-49d8-b13c-0457825c2c65,9400,2026-06-18,671,90+ Days,Customer
e5a45292-255d-4018-ab65-c49ecd864d6b,b466d9f1-b516-415f-95f3-43bf4419f771,fb326eff-a261-4554-ad16-bbb75f739350,9375,2026-06-18,762,90+ Days,Customer
2f5f895c-cbe8-46cd-8f6f-0118a5e7a215,8c104193-5a04-40c1-9868-8f62355a4de8,0adb4d3b-29d7-422a-a7bf-7a5ba83535c5,9200,2026-06-18,526,90+ Days,Customer
f44aac8c-8749-4433-90cc-1a8bd7eddf7d,2df9cb4d-3931-42d6-b71e-03529a9850cb,b1ec8c66-3d47-4c0c-b915-53e03f116f09,9000,2026-06-18,458,90+ Days,Customer
6ec21990-3952-4983-b97e-513c7899c891,ab338b7c-2914-48ff-8ffe-2951d186fd0c,f480f248-8784-4aed-a5be-ef99b70d8d18,9400,2026-06-18,597,90+ Days,Customer
93597a16-5531-4851-8b71-91408bd6d865,13434759-d4fc-4dc9-ad3b-480ab7211da2,d8dee436-e55c-4db1-b3b4-36ab04ad340a,253155,2026-06-18,99,90+ Days,Customer
3f01334a-32fe-436d-91ba-5e82720660cb,71be3019-2872-4e46-9e8f-941663554ca2,5861b1ea-e298-4a21-91d5-1dbbedec47e0,175420,2026-06-18,77,61-90 Days,Customer
04303df6-ad95-472a-9685-307053c4f67f,9c550d4c-077d-4fb4-b74d-3debcfd3b42f,11008d71-acc0-44b8-9289-ca6876a2a115,51450,2026-06-18,77,61-90 Days,Customer
f908ed6d-6582-4102-b7c7-72f19c04f478,516eb9ad-ee68-4e36-9328-692922b9061c,9b585652-4019-412f-a445-c63ca3c7431e,58800,2026-06-18,66,61-90 Days,Customer
79d94a88-1a1c-4452-84b0-db3781827109,71be3019-2872-4e46-9e8f-941663554ca2,99fd0976-446a-46f1-b3b8-c92e00edbc35,252500,2026-06-18,76,61-90 Days,Customer
7c382c05-c367-47a3-9fd5-2fa4351619a0,ebd4b889-4b94-4c8e-acde-8b3b5f560d31,cedf3ce1-b8b4-453d-8e0a-86a1906b75fe,19300,2026-06-18,65,61-90 Days,Customer
795f5444-2b2c-4d75-9725-bcb06860d3fa,8c104193-5a04-40c1-9868-8f62355a4de8,d9ec78db-2c54-4213-b81b-040bfd00959a,5900,2026-06-18,171,90+ Days,Customer
1fdb8294-0754-41b2-9dff-ff52fda9cca8,6736f09d-4a67-4f8b-9193-4a93f57ac6cc,3339bf54-eb51-45f8-b4cb-c0809c462291,51910,2026-06-18,105,90+ Days,Customer
d269d1b0-6070-4809-97c2-0c44711dda31,46259c13-632d-449f-a96f-f1deab0e0046,f4445e7e-3ff8-4b63-bbf8-8399be70990e,400000,2026-06-18,76,61-90 Days,Customer
6626414c-4e29-4d5a-ba1c-d795c3ceb9dd,ac70db65-33c8-4b07-9267-7fd892c2b0b9,b2ae736f-e8ed-4fb8-b80b-395f42b5b2f2,5500,2026-06-18,507,90+ Days,Customer
6258fa32-84c8-4efc-b5fe-3cacffd6dff6,add3d1ff-35de-4335-a95b-9db45afafaaa,e9adccf5-32aa-4fb0-99bc-6522972488b4,248000,2026-06-18,76,61-90 Days,Customer
5fe209fc-da7f-423c-bf90-00e580cd8825,e8fc6767-8d39-497d-9d63-98130295f1cc,75b93606-6cdf-4b74-8ac7-2b1f0e6ce209,1095950,2026-06-18,65,61-90 Days,Customer
5685df71-635e-4f95-be58-0a35f556306d,2df9cb4d-3931-42d6-b71e-03529a9850cb,63174e65-d655-44fe-a2a8-45c69557de81,5850,2026-06-18,414,90+ Days,Customer
8d9d7079-877f-4ccf-9870-7f54278c002c,bd9ee415-fdb7-415e-8f52-bd65bb786d2c,3e87485d-e3f7-466e-9327-2d42392400b7,20500,2026-06-18,65,61-90 Days,Customer
089b33c0-7f9c-4adc-bcb9-765a0efef932,e8eebbbf-0288-444d-8431-e3f30876c782,73aaade3-6c0a-4d26-b77b-5a13ba0a2c45,668000,2026-06-18,109,90+ Days,Customer
fcaedf1c-25c8-4863-ba0a-38bdf65c092b,4b5902bf-67f1-4e06-8882-ca516c1842db,3605e637-5ba1-4573-8e53-5a9a97bb091a,232500,2026-06-18,76,61-90 Days,Customer
d53a3992-48fb-4225-bc12-e748ddeba09b,2df9cb4d-3931-42d6-b71e-03529a9850cb,2c88b384-71a5-4322-8add-cbc89d6b8966,5850,2026-06-18,451,90+ Days,Customer
36b498c5-2dca-4057-875d-1522606900b9,2df9cb4d-3931-42d6-b71e-03529a9850cb,6f457f1c-da96-4a2e-9fd9-01dcea3e9b51,10000,2026-06-18,98,90+ Days,Customer
4151e6bf-dba9-4bfb-986c-9c518727c589,2fc9f32e-878b-46d8-a0a6-0fbb24336bda,dbf87bc6-713a-42cf-80be-84819daece0d,155000,2026-06-18,76,61-90 Days,Customer
9fb3d382-494e-44cc-a5a7-1dfdd231d1de,0fa694d4-ac92-42fb-8ac6-9711c91f236e,16e23602-f8be-4c4c-bb77-621acfae4458,393875,2026-06-18,65,61-90 Days,Customer
9de0d5d6-0ed8-4a32-bd77-6429cfbc97e8,2df9cb4d-3931-42d6-b71e-03529a9850cb,67816648-5341-484e-97d7-b681d80b8490,5865,2026-06-18,437,90+ Days,Customer
910f0a67-4bce-422f-8bbd-dae1e1fdcc23,2df9cb4d-3931-42d6-b71e-03529a9850cb,8001db9e-e914-45c5-a5be-ae29432c8373,2700,2026-06-18,749,90+ Days,Customer
ccbb313c-b804-4b64-a61a-935ac7c60d94,71be3019-2872-4e46-9e8f-941663554ca2,08f5e6bc-0309-4939-8f3e-f5313386a07a,954325,2026-06-18,695,90+ Days,Customer
958cb683-7f38-4850-b2d0-393c8d856765,71be3019-2872-4e46-9e8f-941663554ca2,2f256e4d-1814-43b4-b2d7-b01b8541327a,892750,2026-06-18,98,90+ Days,Customer
477a37bd-ca28-4896-a670-f4bae6b11849,7278af2d-7018-4d13-bb4d-1b35f4307714,e9999d5c-c672-4340-84d2-1cd13fb1e1b5,1648000,2026-06-18,76,61-90 Days,Customer
533c4d59-9c9f-4660-b859-0224ef11cc44,2df9cb4d-3931-42d6-b71e-03529a9850cb,3584d3d8-70da-4ec8-a7bd-d4c397c71db7,3000,2026-06-18,531,90+ Days,Customer
528a370f-8d9b-4144-a750-86d688eed6dc,ee050b45-8c17-4d06-ba05-a7f64ed04dab,5bc01c53-7361-42bc-b7b6-6f4feeb13c94,955000,2026-06-18,590,90+ Days,Customer
a84b99b2-b35b-4c04-94c0-3f6aaf82b25b,58cacb19-26f8-4710-82a0-ef5aaf515fcd,8a33c41f-57e3-4d20-8ef1-adcf92ebd349,947705,2026-06-18,608,90+ Days,Customer
a4eaa813-e772-45cf-a3cb-388a9a4d57e4,71be3019-2872-4e46-9e8f-941663554ca2,b9b592b3-b8e1-4695-bc21-b32d6f55c175,941400,2026-06-18,569,90+ Days,Customer
8d137641-0be4-4160-9597-19b83780330d,71be3019-2872-4e46-9e8f-941663554ca2,b74b01b8-8b3d-4ff1-b2d6-15a70bdd0bd2,937500,2026-06-18,601,90+ Days,Customer
6a8f500e-0bdb-4fd4-85e6-523e585857b9,e99e6ca5-a4bb-4343-a635-49f04389ca2a,5fb14232-22c2-49d7-b15c-5caf6923a1f3,934500,2026-06-18,304,90+ Days,Customer
8f9ff646-c0ff-4fc5-95be-e1e033c71d96,2df9cb4d-3931-42d6-b71e-03529a9850cb,db6f5112-3e29-4b79-a362-6d0a803077d2,2700,2026-06-18,135,90+ Days,Customer
8273947c-bdb7-4548-a730-e7268d215af8,71be3019-2872-4e46-9e8f-941663554ca2,7678dd2b-bab3-4d0a-a31a-ae9d623f4b25,416030,2026-06-18,678,90+ Days,Customer
4bc4c05b-b306-4e24-a889-58966332d658,71be3019-2872-4e46-9e8f-941663554ca2,2e48ba8a-457a-4db1-b59d-677ba8f707e1,268500,2026-06-18,98,90+ Days,Customer
29b7a1dc-2264-48e8-a2ce-8ecfe418f25f,7278af2d-7018-4d13-bb4d-1b35f4307714,784e3c64-11ca-42d8-869e-c3856aabb029,1648000,2026-06-18,78,61-90 Days,Customer
462583f3-2e29-4044-b885-8b99ae7d3352,2df9cb4d-3931-42d6-b71e-03529a9850cb,a7c58bc4-de8b-4e69-9a0b-9df87a9ea311,2100,2026-06-18,66,61-90 Days,Customer
2a2e27ca-e0ad-4434-a747-f687d8212ae7,ee050b45-8c17-4d06-ba05-a7f64ed04dab,c97e41db-b2f8-4345-bae5-a21d3998d882,933750,2026-06-18,267,90+ Days,Customer
2c1cc18f-e37f-4524-9f2d-157699ec0429,8da5249a-c2b8-48c3-b61c-12ecf6d898d8,ce302719-dd46-4703-b6c3-83bff900c816,929000,2026-06-18,693,90+ Days,Customer
eb92889c-3331-4f91-861d-cda95a4ba928,f3df996d-b48b-4239-8bf1-1e46b44fabd6,19419dbd-07aa-4920-ad88-0edf38837998,965000,2026-06-18,168,90+ Days,Customer
46dc24a6-1e7e-40ee-9860-6dc4b6853e3f,b077f4f7-954e-4c70-935a-84ea00d1f006,e48c2fd8-5d4e-44bc-801d-1143adc7a9c6,36750,2026-06-18,65,61-90 Days,Customer
f70ba62c-810d-4ba6-ab46-7ebb60f37b0a,46259c13-632d-449f-a96f-f1deab0e0046,bb4caa2d-e80f-400a-8595-5b378d1620b4,99000,2026-06-18,98,90+ Days,Customer
c8dd4b68-6055-47d9-9cca-bee1307d1417,f83e8351-57ae-4284-99c8-3d0905e11e48,4b3fe3de-6295-4fa1-98a6-c58bd2e6db48,289250,2026-06-18,76,61-90 Days,Customer
85791826-929d-448e-ab26-5749c963e287,2df9cb4d-3931-42d6-b71e-03529a9850cb,f8ec82e2-e11a-4255-a6c4-16c09c5861d9,3210,2026-06-18,384,90+ Days,Customer
9eee0cdf-839d-4c90-ae7c-e68475e80d3e,2df9cb4d-3931-42d6-b71e-03529a9850cb,68e6594a-410c-4b45-bee6-887e62d69904,3200,2026-06-18,491,90+ Days,Customer
de5050c3-536e-4bb8-9199-ae6b594a2aea,2df9cb4d-3931-42d6-b71e-03529a9850cb,4c8016ff-1969-4c4f-bb5e-3986bd5fc81c,3000,2026-06-18,546,90+ Days,Customer
ab9a0e3e-c962-4e2f-b3b7-b4842b2f2062,2df9cb4d-3931-42d6-b71e-03529a9850cb,e22011aa-2d32-4820-8adc-ac5a7c917ac0,2650,2026-06-18,156,90+ Days,Customer
b5f82a7e-50a7-4a6c-b9ab-af370c32380d,2df9cb4d-3931-42d6-b71e-03529a9850cb,d19e3fc0-5624-4045-8181-518ad2e95e4c,2400,2026-06-18,185,90+ Days,Customer
586dac2f-2ff5-414a-8cbf-f1d043cbc0ea,add3d1ff-35de-4335-a95b-9db45afafaaa,eef3cdd8-0103-4dff-83e2-3e8edcee0550,626500,2026-06-18,98,90+ Days,Customer
6fe38a3a-dc74-47f8-8ade-1406bcdf8729,87b2f8f3-29d2-49ad-9951-aacda4effe82,2403b377-4f44-4b66-bf83-813c3dbeeff1,185625,2026-06-18,76,61-90 Days,Customer
3eaff966-980c-4a30-a206-51147e2487ec,5d343860-55e6-4607-a4c7-2b9c642122b9,1e060ad4-87a0-4c43-bf80-38a08d929494,187500,2026-06-18,65,61-90 Days,Customer
cd9569e6-a0a9-4678-baaa-400c36fbee2a,4f0cd4d4-6997-4586-b94d-cfbfc15ccd92,91aca54a-d741-4e93-9865-c4ec67de40c7,953125,2026-06-18,601,90+ Days,Customer
9be1782e-1a6d-4258-bfe1-0c7db819b668,8da5249a-c2b8-48c3-b61c-12ecf6d898d8,5a2a7e25-11f0-420a-80ca-4b21046646d5,975000,2026-06-18,679,90+ Days,Customer
27ce0c46-4add-4f03-9d7d-2f61b15b5c1f,8da5249a-c2b8-48c3-b61c-12ecf6d898d8,d0bca169-0f66-4585-b901-aca07701e0ae,949000,2026-06-18,715,90+ Days,Customer
0beb051f-2b28-4251-bc42-91e497a96b6d,e99e6ca5-a4bb-4343-a635-49f04389ca2a,a56ce1d2-c6c9-4184-8077-c44e5e3d4304,947375,2026-06-18,311,90+ Days,Customer
2cfe8940-e54d-4eca-8de8-ea6c4407f6d5,8da5249a-c2b8-48c3-b61c-12ecf6d898d8,8767ef72-3450-43b4-ad2c-29db2b93834f,968000,2026-06-18,700,90+ Days,Customer
0ed87cc1-a0dc-4bf0-80be-f31475452c30,2df9cb4d-3931-42d6-b71e-03529a9850cb,4d75ea34-1ad7-4e0e-bfde-f1551f645c7b,3100,2026-06-18,343,90+ Days,Customer
e9ad40ae-f21c-47ef-a39e-621bc02470c0,6e033f20-4870-4327-9719-a6300ec02ac8,043c6aa1-750d-40ff-a7f3-53964393bb2f,3000,2026-06-18,618,90+ Days,Customer
4c183f09-a4f0-4db1-9ac7-80c5e3c99b19,fdf56cc8-2c66-486d-ae8f-8f48c5a28b0c,7d19afe7-51f7-44c4-94c1-d32de78236b5,1800,2026-06-18,98,90+ Days,Customer
40220aae-26f7-4bfe-894a-a40c22a0a1f2,e363fd6a-6b4d-4a1e-bc25-3407c67f6af1,d720e2a6-e62e-4351-b0f7-1658984f11a1,310000,2026-06-18,76,61-90 Days,Customer
581d8e02-35b4-4e86-950d-8ef69910c54c,7f074738-5a84-4e01-9226-9a0acb1a86d8,f6ced2ed-f91f-47c0-9d07-00aff20822f5,1125900,2026-06-18,619,90+ Days,Customer
d3fef92c-ed86-45cc-a68f-3f21ffa83573,2df9cb4d-3931-42d6-b71e-03529a9850cb,74817902-4fc8-46d1-9e04-1fd5e9a085af,1450,2026-06-18,65,61-90 Days,Customer
310881a8-1952-44aa-ab93-aea22dbb98ea,2df9cb4d-3931-42d6-b71e-03529a9850cb,6b276333-d1d1-4e54-910e-f90679938c7d,3240,2026-06-18,497,90+ Days,Customer
4a71496f-471b-4cf4-8c0a-1afe24596e8b,fdf56cc8-2c66-486d-ae8f-8f48c5a28b0c,0f50e69c-b7ef-4315-bc8c-dfe6ab5c17ad,1470,2026-06-18,65,61-90 Days,Customer
83991d48-bf5c-498a-b3a0-492cd36e9177,831c411d-fe4b-4063-9964-7eff24d5feb3,5c5cd34b-6661-44b0-b8ab-8e147f5cbfc7,155000,2026-06-18,76,61-90 Days,Customer
846717e9-8dae-402d-9677-1af1445c8464,2df9cb4d-3931-42d6-b71e-03529a9850cb,604c8b9b-5bb2-4a66-98e8-d5eea849f058,2000,2026-06-18,457,90+ Days,Customer
2c9294e4-171b-4dfb-b207-10bf6a102cdc,7048623d-7a72-46d8-957d-95ee5ed6799c,b2d978ac-a07f-48ea-8e46-88a976446c1a,1980,2026-06-18,221,90+ Days,Customer
69a25aef-f47f-4fdd-b6e7-292d6e41c4f5,71be3019-2872-4e46-9e8f-941663554ca2,4f6db0c9-15ab-4a4c-834c-1e53befdebfa,937500,2026-06-18,590,90+ Days,Customer
0a9c3363-cbb8-4114-9330-cf211b98b21d,e0127f48-7045-4fdc-b308-c030eb515cc1,c025567c-1beb-469b-a6c2-e0d4278906ec,937500,2026-06-18,717,90+ Days,Customer
91b811de-28f7-4fdb-be8e-5c37e49957aa,e99e6ca5-a4bb-4343-a635-49f04389ca2a,af5ee605-86c9-46b1-868e-7f6ad6e25451,929687,2026-06-18,319,90+ Days,Customer
c2c80435-e52a-4948-961a-b6793f7a523b,b40a002d-568f-4cae-beb7-9546cfedd363,75f88cb7-982b-4bd1-a528-4e0b2e1a732b,931906,2026-06-18,212,90+ Days,Customer
cafd21d9-f58a-44e6-83e4-cc8ee4f28595,7278af2d-7018-4d13-bb4d-1b35f4307714,68e9cbd2-ac41-4a5f-8f33-5b8c04aad876,1648000,2026-06-18,136,90+ Days,Customer
d6efcb14-bacc-40d5-aa90-6d482e5ce4a2,56037025-414a-4a5f-8b0f-a21864528f78,e0c37438-9e2a-4fd4-858d-51ae7bc7f8a1,1590000,2026-06-18,386,90+ Days,Customer
5ea6e8e5-9448-4b13-b696-93181baaa969,56037025-414a-4a5f-8b0f-a21864528f78,15df807b-add9-43f6-89c8-cbb6e62369a3,1590000,2026-06-18,426,90+ Days,Customer
68c52924-3de2-4c5e-97ae-c0a2845a6537,71be3019-2872-4e46-9e8f-941663554ca2,85695ace-2368-44ea-be69-e9b650ee739f,1560000,2026-06-18,122,90+ Days,Customer
5403b30e-8bdc-4ddb-b861-5dac8a206046,ef173824-236e-4589-af6a-5bd7edb0e89f,75ad8a90-d20f-418c-81c6-8483d0238f6b,1507200,2026-06-18,139,90+ Days,Customer
d8a3e79a-6b87-4e35-98da-eb943226c4e0,7278af2d-7018-4d13-bb4d-1b35f4307714,79f20bde-aab6-4738-b650-034214bf55d2,1440000,2026-06-18,165,90+ Days,Customer
3c08298f-aad2-411a-afb1-fe8405584609,c6e017b2-c27d-4969-95de-8284a705a232,9f7d51ee-d94a-46b0-b89d-33561fcbace8,1425300,2026-06-18,149,90+ Days,Customer
851b89ed-57d3-4226-98a8-e4f7aa614956,ef173824-236e-4589-af6a-5bd7edb0e89f,8d66b979-af27-4ac9-ab9d-71a8b6e082bb,1419600,2026-06-18,195,90+ Days,Customer
cf7af3ea-5df0-4d81-a606-6dc7df6d6039,2df9cb4d-3931-42d6-b71e-03529a9850cb,84519627-71e0-4215-892b-3580fabdc1e4,1930,2026-06-18,171,90+ Days,Customer
01e5d041-bcd2-4e39-8693-2b2a26637aca,2df9cb4d-3931-42d6-b71e-03529a9850cb,c37606fc-5a06-4bd4-bb5e-c0619bcba52b,1930,2026-06-18,184,90+ Days,Customer
7d5d6ea7-df0a-4d0f-8c6e-ecef9691ed00,2df9cb4d-3931-42d6-b71e-03529a9850cb,d2bd2ac5-2747-4fbd-a2c1-9d5951113ab1,1900,2026-06-18,353,90+ Days,Customer
61a24bf4-67d7-4975-9f41-21b49fad8306,2df9cb4d-3931-42d6-b71e-03529a9850cb,df326190-3717-4bab-9717-a25767ad0a57,1900,2026-06-18,452,90+ Days,Customer
4cc42a0e-1813-4a4d-91db-8bf41ea16639,2df9cb4d-3931-42d6-b71e-03529a9850cb,32a025d9-9e71-44fd-a29f-c4569cd498ea,1850,2026-06-18,254,90+ Days,Customer
c4e9772b-8be7-44f8-881d-e1c8da6c3a71,2df9cb4d-3931-42d6-b71e-03529a9850cb,5a52edcf-dd41-4608-b260-c5d00e823d7d,1810,2026-06-18,181,90+ Days,Customer
b016c514-fe1f-4972-8b51-09e4f16ba282,2df9cb4d-3931-42d6-b71e-03529a9850cb,dc632da1-a272-476f-9874-8bfce67676a0,1800,2026-06-18,132,90+ Days,Customer
6d2f826f-ad99-4c05-8871-c7a46256aaf2,2df9cb4d-3931-42d6-b71e-03529a9850cb,95b29c09-6cf7-43d0-b252-7e5c55d6a0b0,1800,2026-06-18,135,90+ Days,Customer
4901762d-463c-49dd-bfff-ec2ab5b38566,2df9cb4d-3931-42d6-b71e-03529a9850cb,e86f312f-a7f7-4371-baa6-87d3b3676597,1800,2026-06-18,146,90+ Days,Customer
d387c1da-6738-461e-ae61-6fff7d1c7241,8da5249a-c2b8-48c3-b61c-12ecf6d898d8,3cec5795-bb3a-4eeb-af2a-097060377f41,1840320,2026-06-18,716,90+ Days,Customer
8e9a572a-9cd7-4072-9393-f2d0c0befd6c,e99e6ca5-a4bb-4343-a635-49f04389ca2a,1f0e5d9a-3eee-4640-a945-f4d6dc6551b4,1177500,2026-06-18,178,90+ Days,Customer
1d23e726-445f-4bf0-85e9-08c42fb4830e,fdf56cc8-2c66-486d-ae8f-8f48c5a28b0c,33705015-623e-4cf3-9b64-2907b6177d8b,1470,2026-06-18,65,61-90 Days,Customer
7c39d777-b73e-4b5a-9551-8560cee9dc4f,f3df996d-b48b-4239-8bf1-1e46b44fabd6,a8d7c8a1-2143-45f1-90fb-4e47beddcb3b,1552500,2026-06-18,97,90+ Days,Customer
8a691617-4f9b-4817-89a6-51e6e64f6497,c6e017b2-c27d-4969-95de-8284a705a232,e9a827b3-78e2-47a5-bbcf-a6c73e5f2156,138000,2026-06-18,248,90+ Days,Customer
c33f44c5-b867-43ca-b91e-9671f993c163,f44a0530-a9a7-44dc-a935-1788e1ed642f,a5329cd7-5c4c-44d8-a755-cf3546328431,1122499,2026-06-18,483,90+ Days,Customer
ee5c5b20-8447-4083-8af5-c0e7061f9def,2df9cb4d-3931-42d6-b71e-03529a9850cb,ac061a6f-4c90-4b28-983e-45c642b70682,179000,2026-06-18,76,61-90 Days,Customer
62b03149-5f29-4057-8bc7-d07edc47b762,e99e6ca5-a4bb-4343-a635-49f04389ca2a,dfaabb5e-1401-4dbe-9f13-02fb97598da3,1365000,2026-06-18,276,90+ Days,Customer
e387b2d8-0214-430c-8d62-6bfbdc3b8865,99654bf2-99d2-4963-a48f-35d1eacc4352,22ce409c-2b8f-4354-8e25-8eb94d05da93,1252500,2026-06-18,202,90+ Days,Customer
9feda04e-3cd7-424f-8f4c-e399dbbf3a20,99654bf2-99d2-4963-a48f-35d1eacc4352,67397408-b839-4d6e-9776-64f079cc910d,1170400,2026-06-18,198,90+ Days,Customer
e81421f7-42eb-4a39-be82-23010d9311cb,42d252ce-09ff-4009-912a-ee9ecb4bac8b,fe7bd52e-2375-44c2-91e1-2316076beda0,1125000,2026-06-18,529,90+ Days,Customer
7f2d2979-2bcf-46a6-944a-c552aa66ca2f,ee050b45-8c17-4d06-ba05-a7f64ed04dab,d2e244dc-1b84-4c64-9e56-bc27cfcd6834,1114999,2026-06-18,574,90+ Days,Customer
433de953-1030-49a5-a647-9aaa9a8b7e61,71be3019-2872-4e46-9e8f-941663554ca2,bda7623e-0053-4941-b8dd-24dc6d48ae96,1110000,2026-06-18,581,90+ Days,Customer
7d14b19a-6b4d-4711-8d33-137a55ca1e52,cf35118b-bee6-44e5-8011-470d64b8d0fc,668b0602-2ffd-41ee-9eb1-46007cfa7caf,1106250,2026-06-18,245,90+ Days,Customer
ac4352fd-9d8e-4894-82fb-c380a3421b2c,ee050b45-8c17-4d06-ba05-a7f64ed04dab,d65fbcef-02a9-405d-96a6-18d780069671,1104499,2026-06-18,210,90+ Days,Customer
b0d07b75-0dce-4ada-8cd3-83a0ee0537a4,2df9cb4d-3931-42d6-b71e-03529a9850cb,7a221429-c41d-4946-a874-c28ff90bd42f,2000,2026-06-18,144,90+ Days,Customer
75662617-3391-40f7-82a2-b5ef4d24e5aa,2df9cb4d-3931-42d6-b71e-03529a9850cb,c6aa83c6-3a7d-4d2a-9547-ee9f64a656f0,2000,2026-06-18,465,90+ Days,Customer
ecec72d1-56c8-46b9-bd49-116aa29bc845,2df9cb4d-3931-42d6-b71e-03529a9850cb,d9607bb6-7154-46cd-98c0-1ed0effa1452,1970,2026-06-18,158,90+ Days,Customer
d32bf90b-1ff8-4fc0-b4cd-c22e4837b5b3,7048623d-7a72-46d8-957d-95ee5ed6799c,ecfaf62a-889c-4a1a-86e5-ba480a8d4a4b,1920,2026-06-18,186,90+ Days,Customer
c29890a6-2844-4371-9d46-b547ff7f6676,2df9cb4d-3931-42d6-b71e-03529a9850cb,41cb4dae-9942-4b90-b22c-0d42e8a45bb6,1810,2026-06-18,150,90+ Days,Customer
a3afc735-946e-4c1f-8e53-e8f4e7b70814,7048623d-7a72-46d8-957d-95ee5ed6799c,802e59f8-635a-4b3a-9789-c97652e02217,1800,2026-06-18,200,90+ Days,Customer
08dad653-b043-44fb-83a7-03e3909a7504,2df9cb4d-3931-42d6-b71e-03529a9850cb,154fa234-bce4-4755-aa3d-78e73a06cca6,1800,2026-06-18,119,90+ Days,Customer
3b1b2a58-5ec9-4f01-b54c-d607af8c6680,2df9cb4d-3931-42d6-b71e-03529a9850cb,d20ad70f-d25f-415c-9792-589df0f07a92,1800,2026-06-18,132,90+ Days,Customer
5d1d5f4c-8abe-47ae-a744-d7ece2a22b16,2df9cb4d-3931-42d6-b71e-03529a9850cb,61076cb8-9605-48a2-91e7-6b6753cf9156,1800,2026-06-18,155,90+ Days,Customer
ba0373ee-39df-48c9-b6d9-56b864e3f8bf,7278af2d-7018-4d13-bb4d-1b35f4307714,ba5bb710-7dcf-4e5e-9951-a0c8df9353ba,1616000,2026-06-18,129,90+ Days,Customer
eac7e5cc-44c2-410d-ab33-8f080f26ff53,242b18b0-2b6e-4ef6-b311-fa29444b997b,743aec52-95c1-457b-a3bd-c7d1992da7cb,996000,2026-06-18,258,90+ Days,Customer
cea58f91-2962-4c65-a413-1ed3775dd1f1,ef173824-236e-4589-af6a-5bd7edb0e89f,bf038f5e-c33e-459c-9873-24a1edd172e0,559500,2026-06-18,232,90+ Days,Customer
5eed9956-f6c3-4ab2-a062-391dcd70b0bb,4773b1ae-845f-4eba-a64c-a9dbebd5eb47,fb030084-3678-4461-8510-06c3b885df6b,1156250,2026-06-18,688,90+ Days,Customer
3de82b11-e4d0-4195-955a-e47c43118ed8,7278af2d-7018-4d13-bb4d-1b35f4307714,a0954550-7016-489f-aa58-ce4026ac2a88,775290,2026-06-18,174,90+ Days,Customer
73c948b2-8e0b-4601-ad8b-a1216a77ad9b,cb9742f2-b64b-403b-a01c-866e7493f406,e084e943-dc76-42aa-b9a6-26b5d84392f8,981200,2026-06-18,247,90+ Days,Customer
3912aaac-51dd-47a2-97ef-a904c25fca25,2df9cb4d-3931-42d6-b71e-03529a9850cb,172f4891-58f1-401c-8c5b-1fc62bc32667,1800,2026-06-18,76,61-90 Days,Customer
d3d66644-bef8-421a-bf02-88df63478383,2df9cb4d-3931-42d6-b71e-03529a9850cb,2f9ad25c-7875-42a0-8c16-7b4ca0d7d751,1970,2026-06-18,221,90+ Days,Customer
ab43710e-bb01-4ba8-9105-52a039b1a8b5,2df9cb4d-3931-42d6-b71e-03529a9850cb,9fbe88fd-1a83-49ae-876b-71e897854b9f,1930,2026-06-18,184,90+ Days,Customer
c9a412de-40c4-47d1-88b2-225a1f79aba5,e99e6ca5-a4bb-4343-a635-49f04389ca2a,f0310a08-3e04-44f9-ae4c-ddc9eca58f16,1095780,2026-06-18,280,90+ Days,Customer
9fb2ea6f-4d0c-4cc9-bd9d-30d14a96bda5,4981436e-024e-4995-a548-d32aefa7e1e8,ba1e391b-58ca-4ea0-a2f7-848eaabdd2dc,1092000,2026-06-18,472,90+ Days,Customer
41b4ea33-6117-425d-955b-be72bd253312,e5292d40-6064-4169-875d-acf942d10206,f17ddc7a-5de5-476c-a233-90a730f077fc,1084999,2026-06-18,427,90+ Days,Customer
7fd301a5-7c46-4d91-bc71-c347b0f55ed7,f0fcd114-c83c-4557-ab8e-29869eb50b7b,8395348b-f0ef-490c-b357-786a6af23dc1,1070000,2026-06-18,486,90+ Days,Customer
488475a6-881a-4cd2-9605-ea460f08b796,ee050b45-8c17-4d06-ba05-a7f64ed04dab,ea491baf-7dcf-42be-b727-ed38aba2009c,1050750,2026-06-18,214,90+ Days,Customer
0bb9ebb3-1f87-4c66-9347-b18cd9471226,8da5249a-c2b8-48c3-b61c-12ecf6d898d8,e3f723c0-cd36-447e-9d5f-84dbfbc79a8e,1037500,2026-06-18,709,90+ Days,Customer
6bb2bd98-ee4b-478d-9c74-bce5ce694552,99654bf2-99d2-4963-a48f-35d1eacc4352,ed2e27c6-556d-4954-8f1d-70cb8f226ee5,1229999,2026-06-18,203,90+ Days,Customer
e8648bce-17ab-4d62-8517-00b0a8ce7559,42d252ce-09ff-4009-912a-ee9ecb4bac8b,0d5b4587-6b4a-4be3-952e-83071aaaf4ea,1196639,2026-06-18,413,90+ Days,Customer
e604bc10-02d5-4060-966f-103b41863fba,242b18b0-2b6e-4ef6-b311-fa29444b997b,e2754b3c-1a7a-49c6-8c87-a7dfcdfc79bf,1380000,2026-06-18,226,90+ Days,Customer
933eed74-48a5-4d97-996f-6efe9f868ea8,71be3019-2872-4e46-9e8f-941663554ca2,fd5cd6d6-58ba-4cd7-8273-9d5c86aa6359,1333000,2026-06-18,128,90+ Days,Customer
f17244f0-d991-4410-980e-51904c14c5b0,242b18b0-2b6e-4ef6-b311-fa29444b997b,7ae9881e-ef59-49a1-89d8-86852fd9b360,1149000,2026-06-18,234,90+ Days,Customer
2a383980-79ce-49a0-8eeb-6d8f7a202981,42d252ce-09ff-4009-912a-ee9ecb4bac8b,5dcfb430-dc7e-4167-bb79-4bf86916a438,1125000,2026-06-18,532,90+ Days,Customer
f75de2e9-123a-4a5b-81b4-50a683d2d6b1,ee050b45-8c17-4d06-ba05-a7f64ed04dab,9a81f1f3-27a8-4b28-8681-1ffdd44fbd26,1125000,2026-06-18,235,90+ Days,Customer
2c226853-006e-40a4-9d66-6421c9d39a44,7f074738-5a84-4e01-9226-9a0acb1a86d8,82a97fe9-95e1-4e3a-b4a7-d85d883af6d8,1132850,2026-06-18,619,90+ Days,Customer
442df2f1-e7ef-44fc-81ed-414914e6af1c,cf35118b-bee6-44e5-8011-470d64b8d0fc,56c73e90-c7ea-429a-9772-57610b54fc2b,1106250,2026-06-18,247,90+ Days,Customer
ea96acd6-c456-411f-ab61-b90f542b7048,71be3019-2872-4e46-9e8f-941663554ca2,19c7e1a2-506e-41e4-9e12-80615f05f46d,1110000,2026-06-18,552,90+ Days,Customer
84099ef7-18a7-4398-b222-99623dfbfb72,2df9cb4d-3931-42d6-b71e-03529a9850cb,4ba1c233-13b4-4dc0-9876-882fda339c7d,1920,2026-06-18,169,90+ Days,Customer
2959c7a8-f640-4985-abbc-23d33660ce70,4005726e-05f6-4521-b9c6-ca2d73e2961e,c944d520-174c-4d52-b8ef-ca44aaeada84,1900,2026-06-18,352,90+ Days,Customer
21338a16-0c7c-45e0-98ee-7ccf8ec34b65,2df9cb4d-3931-42d6-b71e-03529a9850cb,54a6b1ed-8704-42cd-8bc9-4bad62b74011,1850,2026-06-18,363,90+ Days,Customer
7c840f0c-a7b9-4e51-aeb2-40bddb02ecb0,7048623d-7a72-46d8-957d-95ee5ed6799c,f2cb8018-2136-4807-8849-19ea8fc8eb76,1800,2026-06-18,216,90+ Days,Customer
00d284b6-2d2b-40d6-ad6f-43afe782a1f6,2df9cb4d-3931-42d6-b71e-03529a9850cb,5dd8dc79-eb6e-4985-b8f5-8eb5db5e2d6c,1800,2026-06-18,126,90+ Days,Customer
9c5f1820-0bf7-4990-a234-c8253b63aa2f,2df9cb4d-3931-42d6-b71e-03529a9850cb,d4502393-34c8-4ff7-bd29-7c31fa844fd3,1800,2026-06-18,136,90+ Days,Customer
c91d49eb-b64b-44fc-a751-6248cf68162c,2df9cb4d-3931-42d6-b71e-03529a9850cb,361da6bb-561f-458a-a0ca-f65345360ffc,1800,2026-06-18,149,90+ Days,Customer
4660de80-c7ee-4764-a8a3-903346490d84,2df9cb4d-3931-42d6-b71e-03529a9850cb,5f273a3b-cdaa-4eb8-ac10-fa7ac42a2b38,2100,2026-06-18,64,61-90 Days,Customer
84ccff71-6d8b-4534-aa83-97b72fb35ff5,2df9cb4d-3931-42d6-b71e-03529a9850cb,05cb0c5e-de31-4855-b195-b7913259167f,1900,2026-06-18,745,90+ Days,Customer
02806e37-4b51-4588-acf6-9ad4dc692190,95c5d920-3701-494c-b8ec-568a66ffc4ad,4e9a4ed6-5fe8-41e1-ae13-81babd12d729,322200,2026-06-18,97,90+ Days,Customer
aa7aa9d8-cabb-4ede-aca3-1c42540d5fa9,2df9cb4d-3931-42d6-b71e-03529a9850cb,5defc3ab-9fd8-43d9-af3c-684309624c84,1950,2026-06-18,496,90+ Days,Customer
903055a2-f86e-4269-9af0-46c2a02f4f8d,2df9cb4d-3931-42d6-b71e-03529a9850cb,c8e0c360-c434-4762-995c-4a7a0b849317,1900,2026-06-18,195,90+ Days,Customer
4c12442a-a854-4766-95ef-7c435b8b1be3,2df9cb4d-3931-42d6-b71e-03529a9850cb,06a11a64-9753-4f96-ae86-c402a87ae43d,1850,2026-06-18,395,90+ Days,Customer
37d1cf71-7bde-41ab-b5d7-5cf01284fcea,71be3019-2872-4e46-9e8f-941663554ca2,481dbc79-ed35-4a01-983b-6f1438bb7d2b,1110000,2026-06-18,573,90+ Days,Customer
7ef028b9-7246-4c2c-9945-6a85cee4a585,71be3019-2872-4e46-9e8f-941663554ca2,56fd2521-f2a0-491b-8419-652d74512442,1092900,2026-06-18,515,90+ Days,Customer
54cf19d1-fb7c-4d25-9f9d-695a9cf35118,8da5249a-c2b8-48c3-b61c-12ecf6d898d8,43c15328-daf4-4e6b-b332-df7b011d70ec,1099500,2026-06-18,578,90+ Days,Customer
0b450885-ce9b-4f7c-b890-c3b05e46aab1,8da5249a-c2b8-48c3-b61c-12ecf6d898d8,7ac97f0c-6eac-4095-a257-b9ae76903236,1079250,2026-06-18,470,90+ Days,Customer
6058c769-1040-426d-8f25-602bd0504511,242b18b0-2b6e-4ef6-b311-fa29444b997b,7bf60ca7-477d-483c-95e4-bcfd8a27419d,1078000,2026-06-18,156,90+ Days,Customer
1028d046-fe35-462c-bb27-703d2a5e4d44,9afccd26-29ec-49e6-a7e3-cc474a13274b,ddd3d49f-24c9-4a13-af7c-bc28d387cdb8,1038000,2026-06-18,522,90+ Days,Customer
5b7438fe-e9c7-4aa0-a3be-099f5fe5a740,ee050b45-8c17-4d06-ba05-a7f64ed04dab,6b7dac86-e1d8-480f-be47-e2e28d7ae84e,1049999,2026-06-18,582,90+ Days,Customer
df3efda0-a404-4cb6-ad45-2a600683c81c,ddc6b03a-4a98-439c-bfaf-cb665a6c6c5b,a1d75f0e-7e74-4ccb-b7a4-85b6283c972c,1033387,2026-06-18,534,90+ Days,Customer
5db5f8e2-3f5e-4caa-87b5-9ff5b52e592d,8da5249a-c2b8-48c3-b61c-12ecf6d898d8,1d8531d0-a563-49c5-89ab-cc9dfcf326a5,1010000,2026-06-18,714,90+ Days,Customer
0bdaa25c-08bc-43b6-b2c6-045f93d72c7f,2df9cb4d-3931-42d6-b71e-03529a9850cb,931e9855-de16-4d58-a50b-ca04f653dd72,1800,2026-06-18,126,90+ Days,Customer
50784c1b-7c56-49b3-bc36-7d4ed56971bf,2df9cb4d-3931-42d6-b71e-03529a9850cb,673c50d5-de6a-4490-9915-eedb53ad4d8b,1800,2026-06-18,132,90+ Days,Customer
de6f9780-86d7-475d-8dba-d6bb22d96826,2df9cb4d-3931-42d6-b71e-03529a9850cb,9e0e486b-cb4a-467e-bf29-6e820f4ca6fb,1800,2026-06-18,146,90+ Days,Customer
83707388-abd5-42f6-b67c-dad655898e27,e99e6ca5-a4bb-4343-a635-49f04389ca2a,443a0dd6-693f-4f42-b1a6-e09185927b81,1375824,2026-06-18,220,90+ Days,Customer
77aa108d-43e9-4eb1-b12b-9357437886dc,71be3019-2872-4e46-9e8f-941663554ca2,de36312d-496a-465c-993d-61002908a45c,1156250,2026-06-18,517,90+ Days,Customer
d91dac9a-95f5-4e52-962c-70d3c16bf8ca,2df9cb4d-3931-42d6-b71e-03529a9850cb,341ede92-837b-496d-8159-f1a660a83e8c,10200,2026-06-18,76,61-90 Days,Customer
0382b9af-a3d3-4a5f-a671-5cf0b05f0014,f44a0530-a9a7-44dc-a935-1788e1ed642f,d67f8678-384b-4424-9bc3-74d54d38c6e5,1123159,2026-06-18,479,90+ Days,Customer
d62d569f-3521-410b-8a26-3133ed7e63b6,ee050b45-8c17-4d06-ba05-a7f64ed04dab,5d69068d-fa25-4d70-8986-bba7388100b9,1169999,2026-06-18,223,90+ Days,Customer
dc0020b5-5c49-442b-a77c-2095716a49cc,71be3019-2872-4e46-9e8f-941663554ca2,13ee07ec-327b-46a2-929c-f336df560d31,1049140,2026-06-18,588,90+ Days,Customer
2fc94eb7-bd54-4895-bb62-1383b5ecbb5b,71be3019-2872-4e46-9e8f-941663554ca2,e11e254a-58ec-4011-9398-9323deb275fc,358000,2026-06-18,109,90+ Days,Customer
3af69771-2a47-4e93-9ccb-6d7288217d75,9c550d4c-077d-4fb4-b74d-3debcfd3b42f,21500032-84bf-4c8a-924c-8349d74f5edf,12000,2026-06-18,64,61-90 Days,Customer
6b580019-b24e-42cb-aeee-7683219070dc,71be3019-2872-4e46-9e8f-941663554ca2,62d90a02-e19d-443b-a4d3-2f0bbfca7044,447500,2026-06-18,97,90+ Days,Customer
68391503-361e-4f60-b657-8d03f63064be,c6e017b2-c27d-4969-95de-8284a705a232,e737aff7-4e77-4b48-977f-7d68d8500737,232500,2026-06-18,76,61-90 Days,Customer
59206095-a979-421a-9bb8-dbf5bd06e173,71be3019-2872-4e46-9e8f-941663554ca2,8b228d66-3d1e-4638-9df9-79e639196e16,1246156.0499999998,2026-06-18,64,61-90 Days,Customer
d57131da-068e-47f5-996c-b9c69f2e27dc,2df9cb4d-3931-42d6-b71e-03529a9850cb,264404f8-8969-4460-95b4-7e505d3ebf88,620,2026-06-18,95,90+ Days,Customer
38a1369f-2108-4d1f-933c-466cd5acd85e,99654bf2-99d2-4963-a48f-35d1eacc4352,6a547674-4aa7-43ec-89b4-1489ea3539c9,1137500,2026-06-18,64,61-90 Days,Customer
061226ad-70cd-4ca9-a9ea-635ec654f118,2df9cb4d-3931-42d6-b71e-03529a9850cb,cb6d9bb0-ca66-4627-ab37-a166626ab1cb,1780,2026-06-18,277,90+ Days,Customer
6580e240-e58b-4a1e-8a29-7a6096f20828,add3d1ff-35de-4335-a95b-9db45afafaaa,f5845dfe-dfa1-453d-9cc1-725f0d3a6bcb,402750,2026-06-18,95,90+ Days,Customer
c9f41bb0-6920-47fb-a7c5-d3de85f4c394,cc1c75ac-51c8-428e-9f70-77c001aad47c,3513a226-565b-4dcd-9941-aef410955d68,323687.5,2026-06-18,65,61-90 Days,Customer
df5041c7-ce94-4616-9e6d-4d56c283e0a9,d70a1f63-f837-43a6-9a85-e5c926dd4536,61562183-7f16-4be0-ba4e-b1231d22c8fb,1760,2026-06-18,688,90+ Days,Customer
83d6a350-681e-4549-bb7d-6408be9cc473,628bcaf4-621f-4082-9aff-5ac50eb5f547,d846ed5b-6ae0-41b2-bc0a-79786d6611fb,286400,2026-06-18,95,90+ Days,Customer
653ff224-6aa4-445e-9742-1915ba2fa3f5,ee94c91b-f5ff-4b99-9fd2-0a205f94f1bf,f9d3b200-7bb6-4881-9f49-44483e5ab75e,265500,2026-06-18,63,61-90 Days,Customer
a011f2e1-835f-43ea-b91c-047449c91f47,d70a1f63-f837-43a6-9a85-e5c926dd4536,d01ac227-ec3f-4078-9519-0e0d9944e052,1780,2026-06-18,710,90+ Days,Customer
63d4fc2f-02a9-4635-a109-5645a8cc5182,46259c13-632d-449f-a96f-f1deab0e0046,f9c52a66-c0a9-4968-891c-1a18622f9577,319100,2026-06-18,95,90+ Days,Customer
c666f25c-5e67-4df5-9624-54df00f1229b,53308ef6-2f48-4765-99a9-ea0e45efd108,4374bf9d-f09f-4e6b-8aed-20343eb8ee05,265500,2026-06-18,63,61-90 Days,Customer
25cf0c4e-b53f-4085-95c1-ea346a141bcc,8da5249a-c2b8-48c3-b61c-12ecf6d898d8,50208d47-b4cd-47cd-a8e4-46bd86896737,1770,2026-06-18,689,90+ Days,Customer
7cc14469-c411-4315-a5d1-1e5aaf653736,0b023cb5-127a-4ede-ade1-f1aea182069f,c95af939-0f74-4054-9eeb-d8c01f563a03,240010,2026-06-18,63,61-90 Days,Customer
c4eee8a6-6eec-4743-b5ce-cb18f6854e74,242b18b0-2b6e-4ef6-b311-fa29444b997b,faa19719-98c1-44cb-adfe-5de55ddd6328,190000,2026-06-18,95,90+ Days,Customer
786bce83-4ff1-4e0a-a2ce-54455cc51b6b,7048623d-7a72-46d8-957d-95ee5ed6799c,bc65352b-e451-495a-b5cc-23fbb7e80d5a,1760,2026-06-18,255,90+ Days,Customer
11614e11-f6c8-4255-ab50-cb2b20554552,71be3019-2872-4e46-9e8f-941663554ca2,fbee0bde-9742-4df1-bf49-51f8c777bcf4,268500,2026-06-18,95,90+ Days,Customer
27ac5012-1102-4877-a51e-fc917873cba2,71be3019-2872-4e46-9e8f-941663554ca2,613a9540-28c6-440f-9132-f53babb8a79e,147000,2026-06-18,63,61-90 Days,Customer
10eaa424-76b2-4f71-8b04-f68f16e1b301,8da5249a-c2b8-48c3-b61c-12ecf6d898d8,aa260949-5250-4466-b40e-152c96ed3781,1027000,2026-06-18,708,90+ Days,Customer
1575d1d9-9d3e-4a87-90e4-cba5e1661a40,c3fb7a8a-5562-40d6-a440-ac11aa686157,2bfc39eb-6a70-4fc4-9611-e18b2de2cb48,1017375,2026-06-18,554,90+ Days,Customer
41207143-1eb7-4d8a-97c8-e36ed2b50312,8da5249a-c2b8-48c3-b61c-12ecf6d898d8,a7af9750-9eac-47bc-ba22-4481983e8c75,975000,2026-06-18,678,90+ Days,Customer
d5c0e87d-8a04-436e-b9fe-21a60fd24a4c,ee050b45-8c17-4d06-ba05-a7f64ed04dab,66e280a4-ea42-44c4-a0a8-feaa5272f9ae,1007499,2026-06-18,422,90+ Days,Customer
e87400f2-68de-4817-a0f4-152123e7df8e,8da5249a-c2b8-48c3-b61c-12ecf6d898d8,1e2d9e06-ad07-44b2-89c9-cb721fdb7e37,968000,2026-06-18,698,90+ Days,Customer
9ff9525d-d36e-4373-96d2-d66ef7dd227a,42d252ce-09ff-4009-912a-ee9ecb4bac8b,b8aa643b-f436-4777-a381-eb01668a02e7,963613,2026-06-18,416,90+ Days,Customer
40e357c6-150d-474d-975a-392adcda0d41,2df9cb4d-3931-42d6-b71e-03529a9850cb,1a506818-f5f8-4670-942b-193ec51709e5,900,2026-06-18,433,90+ Days,Customer
ca2d05ac-4e76-4c49-805e-20e6fe3d9d8c,2df9cb4d-3931-42d6-b71e-03529a9850cb,54ab1785-5d1a-4b9d-be37-b3aa0e16acfd,850,2026-06-18,540,90+ Days,Customer
0a624807-f0b0-4d57-8141-e4c491cf6fda,71be3019-2872-4e46-9e8f-941663554ca2,979cde7d-1346-4b12-afe7-e1c7b539ab90,554000,2026-06-18,95,90+ Days,Customer
e30f1b50-82af-44ff-b732-d14bdd92a754,2df9cb4d-3931-42d6-b71e-03529a9850cb,35ccee30-9130-408c-aaf9-2d867fe5075e,1270,2026-06-18,374,90+ Days,Customer
35705ffe-8de7-46b5-b89f-e3f3e60420d3,acc76122-192c-47ad-adaa-9c9babc33160,eb9f1a7b-b99c-44c0-927d-2d68b718635e,966000,2026-06-18,456,90+ Days,Customer
7bdd0c00-1cc1-4a29-8317-8f4b873b2f33,3c4d3236-1af3-4a76-8560-1be48d264c9a,fa3292ac-7fce-4811-84f2-b1b070a90d88,950000,2026-06-18,256,90+ Days,Customer
4237a005-13a1-4ea1-8f10-7d909bbfdb71,ee050b45-8c17-4d06-ba05-a7f64ed04dab,3d79b68b-5873-4666-a174-15c74618c02a,941250,2026-06-18,267,90+ Days,Customer
359a0be1-42c9-4a6f-9598-63a12130bf96,8da5249a-c2b8-48c3-b61c-12ecf6d898d8,fe2f7d8d-dd8c-4deb-8b00-d3c58d4d4299,950000,2026-06-18,681,90+ Days,Customer
c34bf482-31e1-4d4e-ab98-e27b4f54f189,8da5249a-c2b8-48c3-b61c-12ecf6d898d8,ec56c255-5c38-4bf2-bbda-46b1c3938163,943000,2026-06-18,715,90+ Days,Customer
14ea8e73-6482-44be-9065-c688cab55c31,71be3019-2872-4e46-9e8f-941663554ca2,52399c8a-1744-445d-9dda-74d784eb1b19,937500,2026-06-18,604,90+ Days,Customer
910e2a95-3ccb-44e7-befe-69cb73a9db02,71be3019-2872-4e46-9e8f-941663554ca2,f0c9105d-afae-4d71-8795-fb1bbacc74f6,912250,2026-06-18,708,90+ Days,Customer
b42ff48a-9b8a-46be-81f5-e518a299e6a3,2df9cb4d-3931-42d6-b71e-03529a9850cb,60fb3da2-3b36-46ca-9d8b-30f917682bf4,13848.000000000002,2026-06-18,95,90+ Days,Customer
17ea51a5-a4ad-4be9-95be-5c8458bd405a,71be3019-2872-4e46-9e8f-941663554ca2,1379935c-d6c6-4de6-945e-77e77f730a86,528500,2026-06-18,76,61-90 Days,Customer
96a62a80-7429-4fc5-93c2-59850398faf4,56037025-414a-4a5f-8b0f-a21864528f78,9e7de7e6-ecff-4c45-a256-d0bf3214a7e5,3052000,2026-06-18,63,61-90 Days,Customer
df70938b-735f-4454-8a26-ccdf8534f829,2df9cb4d-3931-42d6-b71e-03529a9850cb,09b12411-b238-4740-a106-715b110b372d,1290,2026-06-18,343,90+ Days,Customer
56624bd5-1d39-4a44-828b-4bd66d7c828a,8da5249a-c2b8-48c3-b61c-12ecf6d898d8,488a3b08-1225-44b4-bd6d-12e86e8c2926,931250,2026-06-18,662,90+ Days,Customer
c80b0241-5adc-4b43-a51f-b63bddf4c1ce,8da5249a-c2b8-48c3-b61c-12ecf6d898d8,d7456191-3dcf-42a8-a97b-0351d57068d5,931250,2026-06-18,665,90+ Days,Customer
18c3a69c-e671-46c9-88d5-326ea97c6535,8da5249a-c2b8-48c3-b61c-12ecf6d898d8,1aa00cf8-7405-4d40-a19e-6067bee16b84,925100,2026-06-18,699,90+ Days,Customer
85e71eb7-6434-4be1-bcf0-ef52277d2d8b,56037025-414a-4a5f-8b0f-a21864528f78,697c9585-cb51-42a6-820e-5b7d77672a0e,1590000,2026-06-18,399,90+ Days,Customer
ef60e97c-f4eb-4c4e-9953-4272b9aa0121,ccb49d47-ef18-415e-84ff-5119d836592b,f427776f-7bb4-4561-b481-f4743411da40,913625,2026-06-18,758,90+ Days,Customer
9041e242-6038-464b-ad8c-19570be33f4a,8da5249a-c2b8-48c3-b61c-12ecf6d898d8,eccb097c-d592-4f6d-ab86-a1e0c447b265,909400,2026-06-18,685,90+ Days,Customer
46f3b80e-00f1-44a4-b337-6c4412d2c399,2df9cb4d-3931-42d6-b71e-03529a9850cb,e42fc03a-2e0e-4c3b-8240-c4ddf02baa66,1250,2026-06-18,314,90+ Days,Customer
991bc888-55f8-4a05-905b-1ca75c480c87,fdf56cc8-2c66-486d-ae8f-8f48c5a28b0c,f3678bff-1c16-4e6e-9202-5b7d6de3f46a,7160,2026-06-18,94,90+ Days,Customer
acc94b1b-1ece-4f79-b142-567700209463,3f57352d-df9b-4863-bdf6-4e7a6f5e5f20,64c0a376-2962-45a6-9b55-6d0217df32ea,3100,2026-06-18,74,61-90 Days,Customer
f0a380ff-8e9c-4cda-91da-fc76a9c507eb,71be3019-2872-4e46-9e8f-941663554ca2,3de6b3c7-ccfb-4a3a-9b1f-31829366611f,894625,2026-06-18,698,90+ Days,Customer
baa00ee7-dc41-4d2a-af79-a9d471c86bb8,d9b2eb32-034b-4fb9-b662-68e4ceaeeb89,e155a84f-f11e-49c8-8453-ac5da1116f05,874999,2026-06-18,148,90+ Days,Customer
feaf330e-9805-4345-8864-b1b89750d98d,2df9cb4d-3931-42d6-b71e-03529a9850cb,296ff975-ce2c-495c-87d9-57a83e878640,1299,2026-06-18,207,90+ Days,Customer
5f553b2a-2a84-44de-8d22-92f729767b82,ee050b45-8c17-4d06-ba05-a7f64ed04dab,08e215ab-8dc4-4f9d-893e-e3838d455ceb,905000,2026-06-18,736,90+ Days,Customer
012c4b62-d97e-41c0-8720-7e79c25edc09,18743788-16a2-4f11-93bd-cd2374745762,296ce952-119a-4628-8259-5cddebb5e2a2,900250,2026-06-18,239,90+ Days,Customer
b7c954c0-a2ea-4d39-b0e5-29e11e7b8125,42d252ce-09ff-4009-912a-ee9ecb4bac8b,734dc275-36cc-448f-84e2-440d0b1a6693,900000,2026-06-18,408,90+ Days,Customer
57505aea-7d97-4667-b45c-8cb966b95661,4f0cd4d4-6997-4586-b94d-cfbfc15ccd92,10b23a28-a822-4a6e-9a54-2a25162c6c82,897250,2026-06-18,718,90+ Days,Customer
a7d74624-e41a-4189-9f22-c5b2a4e06f7d,8da5249a-c2b8-48c3-b61c-12ecf6d898d8,cb907edc-8edd-4b38-8654-4c515b7756f4,891295,2026-06-18,711,90+ Days,Customer
df109bfe-462a-48dc-8943-cbe68237f163,e0127f48-7045-4fdc-b308-c030eb515cc1,1fc6e04c-1a14-4128-9a84-3d943a15781e,887500,2026-06-18,625,90+ Days,Customer
4b039508-0834-4c85-a7a1-aa0fafd2f4aa,d4686b2c-519c-4f5f-9839-c125dddade95,b3168124-2ef3-47ef-aea8-ffb61dffb10f,882000,2026-06-18,230,90+ Days,Customer
885b6a26-d352-4c8c-a3e1-3a9afadc8916,2df9cb4d-3931-42d6-b71e-03529a9850cb,32413faa-b6a9-4ee2-bec2-7b42b18028d6,1250,2026-06-18,323,90+ Days,Customer
102d9b9c-b202-4c9c-9458-e9903c9da15a,2df9cb4d-3931-42d6-b71e-03529a9850cb,4c5afaf3-5e9e-4259-8622-e303908f0970,900,2026-06-18,230,90+ Days,Customer
8af27b64-4961-4583-9fd6-3357cc6dcad1,2df9cb4d-3931-42d6-b71e-03529a9850cb,d69d2745-df39-4388-9397-244d8638fcdd,890,2026-06-18,263,90+ Days,Customer
b5ffb955-aa03-4fd1-82ac-9f8c15267ebb,2df9cb4d-3931-42d6-b71e-03529a9850cb,c8338993-22eb-41a8-92fe-2e45b49ea5a9,850,2026-06-18,464,90+ Days,Customer
f181965f-bb72-4ced-b354-837c2112996a,2df9cb4d-3931-42d6-b71e-03529a9850cb,984cbdbd-c337-49e0-9fbf-21bffc692e2e,840,2026-06-18,517,90+ Days,Customer
587aacfa-ccec-4f3f-8755-8843f4fbeeba,2df9cb4d-3931-42d6-b71e-03529a9850cb,f8bb7991-4162-45d0-bee4-b6d4de0f4e63,835,2026-06-18,479,90+ Days,Customer
d9694770-d3a4-4c51-a994-e0e2757e3d16,71be3019-2872-4e46-9e8f-941663554ca2,e7aa87cb-6cc2-4e15-a671-2860d672e553,76216,2026-06-18,642,90+ Days,Customer
83501640-37e9-427a-a2c4-0cf14b49b114,ebd4b889-4b94-4c8e-acde-8b3b5f560d31,6aab6ff8-f7ee-444b-8a2b-156202d4c3d9,236500,2026-06-18,94,90+ Days,Customer
97de7ac7-0853-472e-b575-71a1c8717d05,71be3019-2872-4e46-9e8f-941663554ca2,d08d343c-d90c-45ef-be12-49ce38a254fb,50500,2026-06-18,74,61-90 Days,Customer
8016b601-19da-4207-a45a-f473fc0d6735,4b5902bf-67f1-4e06-8882-ca516c1842db,04182f50-75e0-4777-ab4a-343791b99c81,56970,2026-06-18,238,90+ Days,Customer
97d9d768-451c-41c0-974d-e1663c6e9d36,84a3b001-94f5-4c5f-b5fe-1ba3599567e6,66b4067a-9ebb-4d3d-a090-0f827242b2b3,868750,2026-06-18,626,90+ Days,Customer
15be27e5-24fc-48ca-a3cd-47ba6067055e,1a42863c-c5fb-4bad-bd55-5ec8b0d96206,fee9a3ff-76a0-4c1c-86bf-9090da7bd044,865000,2026-06-18,533,90+ Days,Customer
bc733444-603b-42e7-a82e-8e3f01ae496b,8da5249a-c2b8-48c3-b61c-12ecf6d898d8,c309544d-6866-4407-b2bc-9b6efb4fe113,860750,2026-06-18,722,90+ Days,Customer
97e74637-f9a4-4c0e-8fce-6f3720cd58d2,ccb49d47-ef18-415e-84ff-5119d836592b,0abe4133-6c0d-4d8e-89c7-96d488ea6da5,855250,2026-06-18,723,90+ Days,Customer
591e2902-e904-421a-a06a-041acdbf7e21,71be3019-2872-4e46-9e8f-941663554ca2,ae1ec2fb-e0d8-4ad5-b074-2d0264a5e75c,851300,2026-06-18,277,90+ Days,Customer
4155a2e7-cd6a-41ea-b678-dc4b3cf757ec,8da5249a-c2b8-48c3-b61c-12ecf6d898d8,5952e746-c7d9-4008-975b-4150e3004739,848000,2026-06-18,736,90+ Days,Customer
1b0cf32d-a4e3-431d-9a20-6084b8ec786d,8da5249a-c2b8-48c3-b61c-12ecf6d898d8,353ce879-e9b9-45e8-83a5-ac3a2c06c0ee,836750,2026-06-18,598,90+ Days,Customer
f6844c7c-1fe9-4b32-92d9-6b829b38600f,71be3019-2872-4e46-9e8f-941663554ca2,1a434589-87f8-48f9-835f-1a6dc6677e8a,833000,2026-06-18,260,90+ Days,Customer
f6139cb2-5108-45bf-9b4a-65b19d662ed4,71be3019-2872-4e46-9e8f-941663554ca2,f5cececa-3718-4d54-b095-188a3cc8c3e3,312500,2026-06-18,393,90+ Days,Customer
001ebf12-2ffa-40b8-9787-9c09e5a65b64,71be3019-2872-4e46-9e8f-941663554ca2,a3481aad-05dc-4a42-b1e8-ea83b342c202,311125,2026-06-18,597,90+ Days,Customer
741f971b-bd4a-4622-b2c5-896946374c71,271cdaa5-4d7d-46cd-9a43-7e3bb4bb922a,4dbe4c24-068e-411d-b38a-b693ecef4b5b,310450,2026-06-18,590,90+ Days,Customer
49ee873b-3822-4c71-82dc-8d16e2eded04,71be3019-2872-4e46-9e8f-941663554ca2,a5d35269-2d99-4caf-aafb-96ed635df7bc,307700,2026-06-18,333,90+ Days,Customer
ea94d145-6b96-471a-b47b-373b3982d400,71be3019-2872-4e46-9e8f-941663554ca2,46cd0b85-4f60-4286-aa59-0be3ee5c0f22,306250,2026-06-18,428,90+ Days,Customer
7a504c59-8f6b-4470-b2fb-21f2698fdb2b,4ef83a84-e315-4f3e-94e1-511f936e9e34,dc8f8e61-1003-463e-98f0-b6a20b44ee70,304500,2026-06-18,459,90+ Days,Customer
082a27b8-3362-4c9d-bafc-824b3d2b4339,71be3019-2872-4e46-9e8f-941663554ca2,fa4cb0f7-951d-4423-be6c-ca9277b7f0e1,304000,2026-06-18,150,90+ Days,Customer
f5fa9db1-e7c9-4f24-8bf2-245d3ecc01db,71be3019-2872-4e46-9e8f-941663554ca2,14cdced9-cbe1-4447-83c8-f4ce3aaca52e,918750,2026-06-18,479,90+ Days,Customer
086ce45c-c773-467c-81a3-6adec67c2213,8da5249a-c2b8-48c3-b61c-12ecf6d898d8,89201d28-c1ae-4c0c-bd22-e3351f56a53d,913500,2026-06-18,712,90+ Days,Customer
52f94790-a038-405e-b8c2-2a12a5d7787f,71be3019-2872-4e46-9e8f-941663554ca2,d7a7f209-8d73-4a6a-ad53-60515bbde246,312000,2026-06-18,727,90+ Days,Customer
369249d9-6ec5-4573-bbdf-d80ca5342db1,8da5249a-c2b8-48c3-b61c-12ecf6d898d8,863afd01-ec2f-4197-b519-8b8636e287cf,910000,2026-06-18,683,90+ Days,Customer
e3538484-5a28-4d9d-b112-239338ea83ac,8da5249a-c2b8-48c3-b61c-12ecf6d898d8,ccb9c059-6a1f-4533-b377-c216ef75328c,909000,2026-06-18,620,90+ Days,Customer
c8f5ab38-0907-469d-b90d-d1b86033143b,71be3019-2872-4e46-9e8f-941663554ca2,2f3105fd-fcbe-435a-ac2c-ab8983040875,904500,2026-06-18,387,90+ Days,Customer
265fd0dd-0004-43f8-938d-c9abae3dfb56,8da5249a-c2b8-48c3-b61c-12ecf6d898d8,15aa91ca-a1b8-44b9-b074-c6b1126b9b6f,901562,2026-06-18,591,90+ Days,Customer
174616ac-4fdc-4544-b8cd-9ea7d3c6f473,4981436e-024e-4995-a548-d32aefa7e1e8,cd6e56d7-a261-4dce-aa43-3834bc976565,900000,2026-06-18,461,90+ Days,Customer
bc65b124-14d7-41c1-838f-f3800f5b4124,8da5249a-c2b8-48c3-b61c-12ecf6d898d8,4ba500ce-b855-44c2-8ba2-9cdaddcbc9a7,898000,2026-06-18,693,90+ Days,Customer
a99fcb0d-00f1-49d1-84f0-1e3bdc070c94,8da5249a-c2b8-48c3-b61c-12ecf6d898d8,3159f93b-e1fa-4897-b39d-23159e59efa0,895000,2026-06-18,711,90+ Days,Customer
12fa288f-9ad2-4570-9c4a-2ca28b0a62b4,8da5249a-c2b8-48c3-b61c-12ecf6d898d8,160755e0-5670-4411-bb68-b40efcddfc23,892500,2026-06-18,627,90+ Days,Customer
347386c3-077b-4cd9-8988-ac4248af63f2,ee050b45-8c17-4d06-ba05-a7f64ed04dab,7193a6db-b690-4722-a808-3885339f03bd,880000,2026-06-18,513,90+ Days,Customer
9817b808-1d9e-49ad-a65d-6b373db40122,8da5249a-c2b8-48c3-b61c-12ecf6d898d8,e04072c6-7e59-4461-878f-df202867b596,879050,2026-06-18,507,90+ Days,Customer
8a7d76fe-623a-4f20-95e7-c498a38a2c94,8da5249a-c2b8-48c3-b61c-12ecf6d898d8,8ee84d88-5a9d-486c-a9ae-d84cd8f5dced,870000,2026-06-18,681,90+ Days,Customer
8c8f01a1-0f62-4bad-9580-c30936d871e7,22f3c314-4681-438c-96f5-2c089289e523,ab6e6962-f0f7-45a5-8c99-87a90118864b,866500,2026-06-18,674,90+ Days,Customer
96ef6678-8635-4e49-966a-a00e1dd53417,42d252ce-09ff-4009-912a-ee9ecb4bac8b,f9e65aa3-0653-4e05-9618-1e688a0b80bc,855174,2026-06-18,555,90+ Days,Customer
033c8649-7db9-4651-adb9-095545f1f183,8da5249a-c2b8-48c3-b61c-12ecf6d898d8,2524a682-b8f2-4ec3-be77-7d302cfb5759,850300,2026-06-18,742,90+ Days,Customer
8660f44b-4efb-484a-a526-03377a9586bb,71be3019-2872-4e46-9e8f-941663554ca2,d460c4ef-8d09-4332-b596-fccd08c792f8,846675,2026-06-18,615,90+ Days,Customer
8dcdea5e-47d2-4bc2-8501-4b3bf89470d4,8da5249a-c2b8-48c3-b61c-12ecf6d898d8,faf48a93-4098-40f3-ae89-4810965f13b2,843600,2026-06-18,727,90+ Days,Customer
49718a74-a81c-416f-87a8-424cdeea267c,8da5249a-c2b8-48c3-b61c-12ecf6d898d8,d0d2796d-1312-4a37-a743-8f64729359c2,838750,2026-06-18,525,90+ Days,Customer
8346cc50-7bdf-4bd7-885f-3ca66ba2aecd,8da5249a-c2b8-48c3-b61c-12ecf6d898d8,8e32876b-b754-4395-a993-4e4708e10429,830000,2026-06-18,697,90+ Days,Customer
98ea09ae-cfda-4a64-bfc7-b90eaed6b881,71be3019-2872-4e46-9e8f-941663554ca2,ecf62c0b-bfce-4d33-99ca-02f77e8cdd34,827349,2026-06-18,178,90+ Days,Customer
fedd2b99-3473-44c9-8902-fdd256a1068f,ddfcbd9f-71ee-4343-a831-beb7757ac3b0,51336a55-cc31-45c3-aad2-51427a348d81,821310,2026-06-18,202,90+ Days,Customer
34fa71a5-c3ad-4189-ab99-5781db72b8b2,ccb49d47-ef18-415e-84ff-5119d836592b,df6e9833-ba41-410a-b107-a9a6bdd16782,816375,2026-06-18,742,90+ Days,Customer
996ffdfe-e8b7-498e-8b37-948cc3f2e028,71be3019-2872-4e46-9e8f-941663554ca2,1b91cfc1-4a63-4d48-9789-b1225196a915,808640,2026-06-18,179,90+ Days,Customer
d7df624c-21b2-482b-895a-daa0d7295482,13434759-d4fc-4dc9-ad3b-480ab7211da2,09c5901c-4707-4b64-88c8-8e9a775d37e1,803159,2026-06-18,118,90+ Days,Customer
57b855e3-8925-45c6-98a1-3f304f2c9b4e,13434759-d4fc-4dc9-ad3b-480ab7211da2,1877f325-5e8c-4cce-b3f0-ca8747df4757,798300,2026-06-18,175,90+ Days,Customer
b19eaecf-05d9-43a1-ad03-8a16722873f0,71be3019-2872-4e46-9e8f-941663554ca2,d8e572d5-1d7b-49ab-94c6-48311d588509,791380,2026-06-18,380,90+ Days,Customer
d7519139-34f8-4966-b36d-7fef96d778fa,c62ed87b-e442-4815-a36e-6b634e3628f1,53fd18c6-9a6e-4d50-b3e8-65b4f6dec015,321500,2026-06-18,146,90+ Days,Customer
dae4bd9a-1257-4bc5-9d8e-2b9470a4ebc3,94840a95-c5bb-495e-a6b6-b69f8754b8b8,ff0c9711-6b50-48de-9e31-348a34fe7ba2,318000,2026-06-18,594,90+ Days,Customer
29c0e9dd-8f88-4e1d-a76f-20aa2c8ad6f8,71be3019-2872-4e46-9e8f-941663554ca2,d4cd185b-08ce-400c-9486-61ab51bec80e,312500,2026-06-18,400,90+ Days,Customer
b18f835b-13ab-4b01-9425-57dc93bb242e,71be3019-2872-4e46-9e8f-941663554ca2,923ed351-b21d-4f4a-8297-ad07818bc6be,311999,2026-06-18,559,90+ Days,Customer
b39c77c8-7ad6-4aa1-bf17-4155e999fde6,ccb49d47-ef18-415e-84ff-5119d836592b,542a5406-461d-4543-8dff-f95e1d46b94d,311000,2026-06-18,748,90+ Days,Customer
fc522055-97a9-40ad-af16-64ffa2a605a8,71be3019-2872-4e46-9e8f-941663554ca2,79b0f4d4-3772-4c84-8e37-4078d2634631,761000,2026-06-18,637,90+ Days,Customer
a3263dec-0abc-4e76-9e96-d1fde6a90e56,1a42863c-c5fb-4bad-bd55-5ec8b0d96206,a6ea4e3d-14ba-4e72-95e9-ad7a9ea7ef1c,865000,2026-06-18,534,90+ Days,Customer
b5cd4792-bef7-4eb5-a784-549092186371,353bb4af-8760-4bd7-a2d2-354d4f3d52ba,41950639-4b80-4d17-8c45-f27b4c22ed90,813100,2026-06-18,660,90+ Days,Customer
4d08d913-9b83-4fc2-9afd-ed7ea2f532e8,71be3019-2872-4e46-9e8f-941663554ca2,5f523b50-00ec-4024-8ef6-98aff5de226c,310999,2026-06-18,241,90+ Days,Customer
a5d1081a-1246-4f20-8938-f3e2e7986327,271cdaa5-4d7d-46cd-9a43-7e3bb4bb922a,fa4c6756-3163-4290-8dc9-66e252a4b299,308000,2026-06-18,570,90+ Days,Customer
35f467f2-2462-4981-9320-376526057c19,71be3019-2872-4e46-9e8f-941663554ca2,14670ad2-5c06-44a4-88f5-57abf5d0a295,307050,2026-06-18,436,90+ Days,Customer
21f5dce2-ac90-4b2e-a6e6-be271e18aead,71be3019-2872-4e46-9e8f-941663554ca2,b20fc8f2-4a18-4993-81b3-ff8629c7af36,306375,2026-06-18,592,90+ Days,Customer
c9503fe8-5d96-41ca-9687-a01e234a27d3,dd8cb13e-af3e-4023-99a5-c9c9d747209f,2fe97c48-43af-46c9-8648-aeac6011022e,305559,2026-06-18,743,90+ Days,Customer
ea9e5d7d-4b82-402c-aa28-47f7ce27b398,71be3019-2872-4e46-9e8f-941663554ca2,bdd0f498-2d7e-4f63-93d2-c2156cd7975c,303400,2026-06-18,497,90+ Days,Customer
5c1522ed-83f6-40f4-b014-f801798c7ff1,f0fcd114-c83c-4557-ab8e-29869eb50b7b,50158b6b-ab3c-4636-90e0-9fdf696d9a8b,913000,2026-06-18,559,90+ Days,Customer
f84ee65c-eb51-4816-aaf9-bd1f846e2593,8da5249a-c2b8-48c3-b61c-12ecf6d898d8,7f0c5c12-187a-4df4-98e6-a37329515209,907000,2026-06-18,567,90+ Days,Customer
9c082eab-e2b4-4f8f-9d62-46fbd83bd4f0,ee050b45-8c17-4d06-ba05-a7f64ed04dab,d49e3183-8f26-4123-bc54-fbc6d1fd3d07,905000,2026-06-18,721,90+ Days,Customer
a4452a70-7859-45cc-abef-b77db23aec84,e99e6ca5-a4bb-4343-a635-49f04389ca2a,d1e4ef69-1be9-4a77-8da2-c61d59d3c167,901073,2026-06-18,276,90+ Days,Customer
c4c5789e-ac5b-4e63-bb92-ec487090fefb,42d252ce-09ff-4009-912a-ee9ecb4bac8b,033f7389-3f62-4ac1-b103-2290744cc230,900000,2026-06-18,408,90+ Days,Customer
d4947252-40e2-4001-b196-b7cac33c7ae5,4f0cd4d4-6997-4586-b94d-cfbfc15ccd92,43699862-1512-4b72-9fa3-ee1e0dc0b9be,896500,2026-06-18,718,90+ Days,Customer
b24a3ffd-341c-440b-8b45-0aab5900c38c,753d1c5a-1252-4a9e-bdf1-fd0922fbb352,de37d854-4173-4f38-8942-c1a4e1b27e17,893750,2026-06-18,651,90+ Days,Customer
a3d839af-97c0-4d42-8b2e-b215a08fccd1,c6e017b2-c27d-4969-95de-8284a705a232,2b189d79-baf0-47f5-9d83-7e58ceba8379,882925,2026-06-18,238,90+ Days,Customer
b6ed9f46-5c9a-467a-8425-31f2479bcd1e,8da5249a-c2b8-48c3-b61c-12ecf6d898d8,7e849f30-3cbc-4949-a1e1-ac7f747f671b,881750,2026-06-18,662,90+ Days,Customer
45f65b34-a390-4af9-82a4-6903bc486e79,71be3019-2872-4e46-9e8f-941663554ca2,809613b8-8c17-474b-9253-7411ccd9226d,879500,2026-06-18,123,90+ Days,Customer
53d04f8d-aa21-47ce-93de-f46745a93783,71be3019-2872-4e46-9e8f-941663554ca2,a4780f91-db6c-45f1-ad88-311819d1d997,868750,2026-06-18,626,90+ Days,Customer
10c3f41b-7e60-4d5e-8356-a227fa521a5b,71be3019-2872-4e46-9e8f-941663554ca2,65abd906-d0d8-4fe1-9573-c23668aa06ed,860500,2026-06-18,385,90+ Days,Customer
037c31ea-539d-4d43-abba-bb1726c64631,42d252ce-09ff-4009-912a-ee9ecb4bac8b,399378f1-3c52-4eb6-a08c-c7a508329001,855000,2026-06-18,391,90+ Days,Customer
f6e7182a-452d-4a41-8792-29077393fbc4,8da5249a-c2b8-48c3-b61c-12ecf6d898d8,92dd3f9c-8e23-49ba-a071-c43185834774,845000,2026-06-18,675,90+ Days,Customer
9d898c02-3d9a-4abd-b28d-d2e3e8ff84cc,8da5249a-c2b8-48c3-b61c-12ecf6d898d8,339e0f76-34b6-4ad2-8c9e-961d5b8ea060,842500,2026-06-18,678,90+ Days,Customer
eb4f2f09-29ba-4b5b-a1e4-6cd19b94d1f5,6f5a24a0-1dbd-4a1b-9e43-42f82094fc21,a3cb43ef-4579-4685-a0c5-4f1a8bd83463,834000,2026-06-18,359,90+ Days,Customer
dd93ed5f-423b-4414-9778-eb8ea0550864,e68871a8-18d6-4060-964c-f5ee029055bd,d2a2682c-511c-42df-a076-6680d8b82b8e,828250,2026-06-18,199,90+ Days,Customer
38bf37b3-8ace-49e5-a1f6-1fa1676c0cb5,f0fcd114-c83c-4557-ab8e-29869eb50b7b,2b5d47a3-e213-4887-9768-20ffb0c96c9a,825000,2026-06-18,592,90+ Days,Customer
97db89cf-1dde-4af7-b307-9c030e959eb1,71be3019-2872-4e46-9e8f-941663554ca2,97bf4ab5-cb4f-4912-8dab-c2a31b7115a6,819450,2026-06-18,185,90+ Days,Customer
1575ce4c-be68-4962-beff-e962a800f829,22f3c314-4681-438c-96f5-2c089289e523,64ea58d4-9172-494d-aaa9-68091d5e4365,815999,2026-06-18,634,90+ Days,Customer
3481a8cc-5b34-4425-a5e7-4588a6246729,13434759-d4fc-4dc9-ad3b-480ab7211da2,a399280d-aa24-4ed1-9d20-e1559f7d87bd,809359,2026-06-18,183,90+ Days,Customer
c7744f94-e9e7-4b0e-b9b2-b2a8d82d6214,ee050b45-8c17-4d06-ba05-a7f64ed04dab,dc7fa707-b064-46ad-b739-0473432d63e6,807142,2026-06-18,743,90+ Days,Customer
f2a3a9bd-c462-483b-8edc-fc67cf501012,ddc6b03a-4a98-439c-bfaf-cb665a6c6c5b,11336ffe-3c74-4f97-bdad-eea0a0d4457c,800000,2026-06-18,738,90+ Days,Customer
b2d53693-7643-44b2-aa7f-725b86df34a8,71be3019-2872-4e46-9e8f-941663554ca2,37bd094a-a428-4307-b260-ae2206f8cd12,786250,2026-06-18,511,90+ Days,Customer
6276e5b0-74f5-4a33-981f-01791df86447,71be3019-2872-4e46-9e8f-941663554ca2,9a70b5c6-20b1-4626-842e-cf618e5fb761,322500,2026-06-18,154,90+ Days,Customer
b495f97c-4ea9-4c77-860e-8d5392a8ed1b,71be3019-2872-4e46-9e8f-941663554ca2,d0a92bad-54b5-41fe-ad1a-6395b8a824fe,319300,2026-06-18,581,90+ Days,Customer
8c273193-98b3-4814-a05b-8cc8ea1bc3b6,f0aca777-38ce-4a56-9108-dbbfb2edb831,96ebca3a-1792-409c-b96f-c7b10f16c22d,316000,2026-06-18,742,90+ Days,Customer
e62897f7-4d69-46da-ae2b-d5b635a1d1e0,58c876c6-a52e-47a3-a7d8-ff1b4f03929b,2921b361-7616-4d20-8c7f-314c9464e737,232700,2026-06-18,146,90+ Days,Customer
e993d366-8cf3-4142-b816-b1147c923041,a63cf2df-207a-47ed-a68a-3d1bffb08bb0,d65acd26-8958-44f2-8087-a663faaaa440,311512,2026-06-18,568,90+ Days,Customer
7d3a6701-5dea-41ce-980f-e364ce39fc8a,cc1c75ac-51c8-428e-9f70-77c001aad47c,7da83944-109f-4554-9e37-828b2eb4474e,311500,2026-06-18,268,90+ Days,Customer
3529c6ba-b7de-47ee-a773-e38a9c07029a,71be3019-2872-4e46-9e8f-941663554ca2,0e1b0e27-d271-478d-b1f3-4c10506bc20b,309750,2026-06-18,367,90+ Days,Customer
8b285086-3d90-4643-a5c2-da83045aae54,71be3019-2872-4e46-9e8f-941663554ca2,98a2305d-10a9-479d-b66e-ff40bb46ae64,307500,2026-06-18,274,90+ Days,Customer
8d621d08-bc05-4fe5-a51e-bdbd9ea3f5c7,cc1c75ac-51c8-428e-9f70-77c001aad47c,be4a090f-9802-4dd2-baf6-1d989b94b0ca,98025,2026-06-18,326,90+ Days,Customer
5c252664-4ed1-4996-80b0-2ceb7f6503cb,71be3019-2872-4e46-9e8f-941663554ca2,a9b7682f-6c36-41ce-a2b3-dd1126ced01d,305650,2026-06-18,156,90+ Days,Customer
e367cc8f-2c20-4dc4-92b2-6d2050fdff2b,71be3019-2872-4e46-9e8f-941663554ca2,f029f0c4-736e-46aa-8d7e-c3a63f5647e3,304500,2026-06-18,423,90+ Days,Customer
2cba06c3-b35d-4758-979c-b67c2d232038,94840a95-c5bb-495e-a6b6-b69f8754b8b8,269b9c69-b5ce-4670-b733-dd3a55da905b,303250,2026-06-18,339,90+ Days,Customer
cb7b9ed6-8def-4574-9e97-e9d3264e92c8,ee050b45-8c17-4d06-ba05-a7f64ed04dab,64e37865-786c-4079-b303-8595056bfe0c,914999,2026-06-18,597,90+ Days,Customer
87cf992a-f3f2-4458-849b-b279e4181d28,8da5249a-c2b8-48c3-b61c-12ecf6d898d8,a5c310b9-4fe4-46ab-bbc1-18f366e7927f,912500,2026-06-18,739,90+ Days,Customer
464192cd-9666-4bf1-808f-51561d53bfc2,71be3019-2872-4e46-9e8f-941663554ca2,3a457506-bebe-431a-9d2a-ad5fb0982f6e,909500,2026-06-18,708,90+ Days,Customer
7d8ac47f-df41-4e53-925b-e57d2d4a4610,8da5249a-c2b8-48c3-b61c-12ecf6d898d8,b81cd9fa-ad52-4ea7-8c5f-462b36bf42a3,907000,2026-06-18,714,90+ Days,Customer
2162b564-0a30-4579-905e-03218481ef7e,ee050b45-8c17-4d06-ba05-a7f64ed04dab,03c51c91-1ef6-432f-859c-e0dc3e250289,900000,2026-06-18,723,90+ Days,Customer
f287d49e-5b5f-44a3-8328-a4dd665964ba,743d9156-09aa-48c2-8e1c-140cc5b70f78,5e6ff54c-41f2-425e-b8c3-2e1a8de27f98,900000,2026-06-18,417,90+ Days,Customer
4a1a252c-987f-4fa8-bf9b-b3a47a4c4e25,71be3019-2872-4e46-9e8f-941663554ca2,b8c6e655-9679-4a6a-b1bb-2978a54e2df8,898000,2026-06-18,143,90+ Days,Customer
4e3f2830-acb3-4132-8ed9-921a6f5f26b1,71be3019-2872-4e46-9e8f-941663554ca2,5848ed16-dc89-4014-902a-d33b0d3c3589,894510,2026-06-18,360,90+ Days,Customer
c839e88c-0b72-4c9f-8a46-33c963eb5ab7,71be3019-2872-4e46-9e8f-941663554ca2,48b61d7a-10ab-4173-800b-2584969bcfb0,890000,2026-06-18,450,90+ Days,Customer
645d5efb-0873-4682-9f48-ac4060a365b9,353bb4af-8760-4bd7-a2d2-354d4f3d52ba,ab66b284-cc08-4f85-8c14-e1c943dd8721,884000,2026-06-18,615,90+ Days,Customer
6254109c-8e74-4d37-9339-0a24a7af18aa,ee050b45-8c17-4d06-ba05-a7f64ed04dab,8031b0a8-3b7b-453f-a76d-389209fbf43f,880000,2026-06-18,756,90+ Days,Customer
b5307bd4-c993-45df-8c75-3a41622fbc35,71be3019-2872-4e46-9e8f-941663554ca2,bcc831ed-9ac5-4735-b278-128e99954ab7,875000,2026-06-18,624,90+ Days,Customer
3c519aa1-f876-4dde-acb5-bb82a2357e10,9c8577e0-bac5-40ed-ab97-d69d5aadb619,5fa185b3-377f-4916-8614-3720456a5cac,869952,2026-06-18,135,90+ Days,Customer
b061444c-c6a0-4c51-8d9e-9117b532c8b3,8da5249a-c2b8-48c3-b61c-12ecf6d898d8,087e53ad-e0cf-4625-a429-33f1827f1930,865000,2026-06-18,755,90+ Days,Customer
d84d64db-63f2-4255-8c97-fc1a4064b653,f3df996d-b48b-4239-8bf1-1e46b44fabd6,769330de-fefc-4a10-b6b4-b92cc005bff3,864500,2026-06-18,193,90+ Days,Customer
5ffc57eb-267f-4ea1-9e12-cf9f3bf5771c,ee050b45-8c17-4d06-ba05-a7f64ed04dab,357f366f-0842-4ce7-83b7-7f2636ca5742,862500,2026-06-18,398,90+ Days,Customer
bf3cc5e5-690f-41c5-98f7-5f8fd1d0b817,8da5249a-c2b8-48c3-b61c-12ecf6d898d8,cfbd5d45-c3c5-4880-b402-7d7314c20f33,857500,2026-06-18,533,90+ Days,Customer
07e446b3-d463-4a96-89ce-46de42103ca9,c6e017b2-c27d-4969-95de-8284a705a232,c902b18c-8710-4ecb-bac9-b7c1d43685a1,850100,2026-06-18,175,90+ Days,Customer
22413968-f1a5-40a3-9129-891dbe0187e4,2df9cb4d-3931-42d6-b71e-03529a9850cb,5a29522e-43e1-478e-9620-5fee194797a3,850000,2026-06-18,403,90+ Days,Customer
d5ed114a-7eed-4bce-b4a9-84cc96b145a1,8da5249a-c2b8-48c3-b61c-12ecf6d898d8,3b860ae2-4815-41b8-8010-05a90207b13e,843000,2026-06-18,725,90+ Days,Customer
e62f2144-c981-4d34-bd9b-6a8758174c19,4f0cd4d4-6997-4586-b94d-cfbfc15ccd92,3d7c4cd7-b700-477c-9ecc-7de69dacacc2,835000,2026-06-18,720,90+ Days,Customer
722fc579-028c-4cc8-8a34-f20dbe9bf5a6,42d252ce-09ff-4009-912a-ee9ecb4bac8b,8d70f8e1-1c2a-43cc-ac1b-e68a3edfbaa2,831219,2026-06-18,553,90+ Days,Customer
6beed244-cb02-4c39-bb76-f4cd436a9926,6f5a24a0-1dbd-4a1b-9e43-42f82094fc21,372ded13-fd53-4e6d-afb6-222da9721ed9,825000,2026-06-18,328,90+ Days,Customer
de8c4f7b-cf36-4d27-94e0-fe8af0e6f57a,8da5249a-c2b8-48c3-b61c-12ecf6d898d8,99ce63fd-ee3d-42c1-b353-85d8014fddf1,819600,2026-06-18,735,90+ Days,Customer
d238515d-0d02-4c9c-bea7-5140b320d6fa,8da5249a-c2b8-48c3-b61c-12ecf6d898d8,11f8d190-68c7-4168-89a8-357dbd2bd466,814840,2026-06-18,669,90+ Days,Customer
d814e4ca-4dd5-4f60-baa3-31694fba16a5,8da5249a-c2b8-48c3-b61c-12ecf6d898d8,162c17ef-9b86-4610-89f3-e0e2ce598215,812000,2026-06-18,748,90+ Days,Customer
3878c9fc-7e23-484d-a004-0164de8c763b,8da5249a-c2b8-48c3-b61c-12ecf6d898d8,fc19ba50-bab2-4080-a644-1de4609efb5f,807500,2026-06-18,662,90+ Days,Customer
34fbab8e-80af-48ca-b6c9-62bcedd45409,ee050b45-8c17-4d06-ba05-a7f64ed04dab,2dc6f260-c28c-415b-9d79-22f393de04d5,800000,2026-06-18,698,90+ Days,Customer
2e9b5907-a16f-4c97-a227-7c8dfb27cc65,71be3019-2872-4e46-9e8f-941663554ca2,9876256b-4378-4412-b127-45bfe62e2c55,793750,2026-06-18,167,90+ Days,Customer
2514d5f4-8924-4444-b6b9-cfd789bb9dac,e96db2f5-75f3-4573-9c7d-2862020fc1be,fb0cf950-a991-4aa5-87b8-27281079feed,787640,2026-06-18,179,90+ Days,Customer
8ffe283b-5165-4197-aa39-73ceac028dc9,71be3019-2872-4e46-9e8f-941663554ca2,0f729cfc-e81f-44f1-b602-c1dd19d97de7,323000,2026-06-18,430,90+ Days,Customer
f5554633-0454-4122-9878-2006c8427a29,c9057d69-7d6f-4f31-9be5-5f07606c320b,2d21c007-d648-4ce8-b274-4c98b88f81ad,321000,2026-06-18,602,90+ Days,Customer
7fa09ac4-010f-4c4a-9ece-114efe979c7f,b68482aa-3798-4bc4-96c2-ae22f9e1f162,2b4d198a-7a70-42a0-957c-5d841e1c201c,320250,2026-06-18,437,90+ Days,Customer
9856c9e7-2be7-49eb-bc99-1d66256a0483,71be3019-2872-4e46-9e8f-941663554ca2,25a066e7-4438-4cfd-9d3e-c34fe9133116,318000,2026-06-18,527,90+ Days,Customer
dfe7bc3a-8d0c-407c-b710-43747bd0584c,61512ab1-0ef3-4a1e-87f7-c1818d094209,b6e3bfee-f1cf-404e-9147-55e0629d725e,315000,2026-06-18,221,90+ Days,Customer
20a7bdcb-2531-4a0e-9271-33316a3c5b6c,ccb49d47-ef18-415e-84ff-5119d836592b,40fd84a1-5c85-4d61-b682-e879b1ffa224,312500,2026-06-18,759,90+ Days,Customer
d5767611-d2ac-4e52-9dee-03181d94fc6e,71be3019-2872-4e46-9e8f-941663554ca2,9ba76a67-9815-42f3-8606-05e2f13b5c49,312088,2026-06-18,245,90+ Days,Customer
feba03c9-0238-4069-890a-0c66503bbfaf,8da5249a-c2b8-48c3-b61c-12ecf6d898d8,bb5e62e8-7d2a-44c5-be8d-e6d2abcadb75,311500,2026-06-18,699,90+ Days,Customer
ebbb2a17-30e4-454b-a366-00824a464aaf,d70a1f63-f837-43a6-9a85-e5c926dd4536,ce9b059c-7a42-4b07-987f-d0b5d1846869,309950,2026-06-18,510,90+ Days,Customer
54677071-d770-4518-acad-19fed56b479d,71be3019-2872-4e46-9e8f-941663554ca2,3a566396-7db1-4bed-a787-1c99c3157d1a,308500,2026-06-18,438,90+ Days,Customer
b19f538b-67ce-4738-8493-0ce182d86f32,d70971cf-d8a3-4155-92ac-d00095d6cce3,f2ba71f2-65df-4813-b497-c50a8b9a059c,304399,2026-06-18,540,90+ Days,Customer
7d5c0ee2-3ad7-4078-a602-1aa83f92ab9f,71be3019-2872-4e46-9e8f-941663554ca2,978a507f-5c12-4b09-9e60-b351f1c70b62,304300,2026-06-18,149,90+ Days,Customer
0b05f68b-cc3f-43f5-aa84-6b2ba8b37fb2,71be3019-2872-4e46-9e8f-941663554ca2,43e19d30-7333-4dfa-b813-4d2ec7fd3d6f,306000,2026-06-18,735,90+ Days,Customer
3f25be25-9823-4bae-95a5-02828cefe7db,8da5249a-c2b8-48c3-b61c-12ecf6d898d8,514d51e6-81cf-47ae-82f1-520daae49c4f,912500,2026-06-18,738,90+ Days,Customer
24708993-feb6-4f35-8338-5e9fc9b02772,242b18b0-2b6e-4ef6-b311-fa29444b997b,2f09acc5-00d3-48c3-b91b-b354550fbdbb,742300,2026-06-18,389,90+ Days,Customer
7d9d9ac3-4da6-4bc5-b2b1-d2f1f566f8f7,8da5249a-c2b8-48c3-b61c-12ecf6d898d8,cdca053a-f4b2-42b1-a938-8835ab3c2d96,909000,2026-06-18,694,90+ Days,Customer
30a27208-cc2c-47f7-b04b-529b6cabc4aa,8da5249a-c2b8-48c3-b61c-12ecf6d898d8,862fd6b0-cbce-408c-80c1-7e9db093dd0a,903400,2026-06-18,518,90+ Days,Customer
3e7c84a8-7725-4413-9157-618fa39a3fad,71be3019-2872-4e46-9e8f-941663554ca2,f35a392f-8032-4de8-bcbc-cae923752d47,902812,2026-06-18,465,90+ Days,Customer
ca1a5ee3-7547-4883-90d7-206fda085e25,ee050b45-8c17-4d06-ba05-a7f64ed04dab,45751aef-52ce-4625-87ea-2502e9318137,900000,2026-06-18,755,90+ Days,Customer
f742723f-fe8f-4670-adec-641d51f96145,8da5249a-c2b8-48c3-b61c-12ecf6d898d8,4c07f665-775f-4cfe-b16f-9b05239fca35,898500,2026-06-18,721,90+ Days,Customer
ef4d03f2-1273-4e7c-a97f-46b4478de53c,ee050b45-8c17-4d06-ba05-a7f64ed04dab,e88e0f8d-f728-4117-bdb6-2befd25d064c,895001,2026-06-18,710,90+ Days,Customer
0a7aa45e-56ec-44b3-af65-d234ca0ecea2,ee050b45-8c17-4d06-ba05-a7f64ed04dab,c3cf3788-3627-4116-8a74-4335c13da656,889999,2026-06-18,745,90+ Days,Customer
24dcb267-8271-47a6-96a7-29aaf286eb82,8da5249a-c2b8-48c3-b61c-12ecf6d898d8,19c9fc67-9997-43a9-93a1-44142ef737b6,888750,2026-06-18,625,90+ Days,Customer
e391c1c9-b2eb-4ec7-a6fa-15f6809753e7,e0127f48-7045-4fdc-b308-c030eb515cc1,1e29bbf7-ee2e-41d7-9de9-e30224407c2b,881250,2026-06-18,633,90+ Days,Customer
0a46379e-b911-4c75-81e1-296a92e266a3,71be3019-2872-4e46-9e8f-941663554ca2,1674b555-fb2b-4a03-b924-f3f2eb1d066a,874000,2026-06-18,268,90+ Days,Customer
27791bcc-9fdc-46d4-88ea-a64f2833e379,8da5249a-c2b8-48c3-b61c-12ecf6d898d8,69e7fbf9-5a1a-4da7-b7e0-f54cc55a9807,870250,2026-06-18,643,90+ Days,Customer
5aa82a9b-83fe-4347-96f9-f32f6af376a4,7e8dad36-2a64-4fee-befe-3123f6ca73d7,be15e4af-f761-4ff7-ae70-fa3c4dbe7f59,865000,2026-06-18,542,90+ Days,Customer
d05cfba4-31c5-49ea-85c9-395ade490650,8da5249a-c2b8-48c3-b61c-12ecf6d898d8,ae8bb7b1-5316-46d7-917d-a1f3f29c0283,858200,2026-06-18,678,90+ Days,Customer
f734443c-2974-42d4-9932-87bca9215454,71be3019-2872-4e46-9e8f-941663554ca2,ec99e1f1-9ec9-4b16-a2c8-9a28ae9d7417,855918,2026-06-18,346,90+ Days,Customer
a2f8f69d-bd6d-448b-8fa1-6a338a032f49,8da5249a-c2b8-48c3-b61c-12ecf6d898d8,196820d6-f3cf-481e-9214-2770b584b900,850000,2026-06-18,654,90+ Days,Customer
67e72cf2-aefc-42b7-b828-92627e223813,8da5249a-c2b8-48c3-b61c-12ecf6d898d8,eb1bdbce-45a5-4032-8fa2-ca256c43123f,846000,2026-06-18,643,90+ Days,Customer
3af6c7c7-ce7f-46b5-8e12-ea10981ba929,71be3019-2872-4e46-9e8f-941663554ca2,5fc35b5d-0456-4b2c-891c-ebbdc58af455,839675,2026-06-18,412,90+ Days,Customer
7402e831-8307-460c-a972-6c4b5a06a334,8da5249a-c2b8-48c3-b61c-12ecf6d898d8,43e5829d-ab1f-49ba-a4c0-7537212c0f34,833000,2026-06-18,735,90+ Days,Customer
f6f9e50d-94e5-4c7b-93db-31f692864870,71be3019-2872-4e46-9e8f-941663554ca2,733a0133-24e3-46ae-bf6d-1bc295305f9c,827700,2026-06-18,619,90+ Days,Customer
e0365f5a-331e-4dbe-83e7-4274db4d39e4,ee050b45-8c17-4d06-ba05-a7f64ed04dab,563bd0d9-7ae7-4601-b19d-8815640b02cb,824999,2026-06-18,602,90+ Days,Customer
269dda93-fdfe-46d2-b39c-c46647d8ff25,8da5249a-c2b8-48c3-b61c-12ecf6d898d8,baacb8eb-c0c8-47ee-b5fc-5c8690bee706,817975,2026-06-18,664,90+ Days,Customer
65ec64fb-f5c3-4482-b77e-8fa8969f86ec,8f06ff88-5db5-47ec-b27f-af2ef21de406,1411ac47-f89d-4fba-a503-0603f4e03dac,814000,2026-06-18,205,90+ Days,Customer
d305203f-3f00-46f4-9bea-4f8ee7255dca,22f3c314-4681-438c-96f5-2c089289e523,7b4fc763-d7a1-4d6d-8f41-fa13665f5d5b,809000,2026-06-18,582,90+ Days,Customer
be818014-2851-4275-a679-a1b663bf142b,8da5249a-c2b8-48c3-b61c-12ecf6d898d8,7bf93b83-5a8b-4487-b17d-1b6430338fc2,806500,2026-06-18,739,90+ Days,Customer
bcf12e89-7704-4352-9891-c6d30b4625b2,13434759-d4fc-4dc9-ad3b-480ab7211da2,ed55b25d-7254-4964-8154-4b0fd01a67fc,798300,2026-06-18,160,90+ Days,Customer
b41e5909-b1fb-47d4-b77e-d17cb4232b9d,22c3834b-a9d8-4851-8514-d59d3b562b07,3660ec96-2057-4182-bf5f-fa4dcbd6f08f,793230,2026-06-18,247,90+ Days,Customer
5a2ce283-9938-4a1a-90f3-1b2076523e64,71be3019-2872-4e46-9e8f-941663554ca2,596ba2dc-3f6a-44d1-83d0-02728177216a,782580,2026-06-18,395,90+ Days,Customer
91bbb87b-b405-4d0a-9256-8c7958856e62,71be3019-2872-4e46-9e8f-941663554ca2,a684b0b4-2098-4488-896f-46ca8fd156e6,781840,2026-06-18,498,90+ Days,Customer
4d4056d1-8cf2-4517-b8a6-52523f784792,13434759-d4fc-4dc9-ad3b-480ab7211da2,3c258a73-7c60-4f67-84c2-0bd57dd9d51c,783300,2026-06-18,150,90+ Days,Customer
9c4dc9e9-a284-465e-bd8e-9ad40bada627,ee050b45-8c17-4d06-ba05-a7f64ed04dab,2180d047-5064-4ec1-b389-30d827d0d863,780000,2026-06-18,612,90+ Days,Customer
58383d81-aad2-44da-bbbd-0111a471707e,8da5249a-c2b8-48c3-b61c-12ecf6d898d8,67f45d35-040c-4cbc-a20c-de5babbb6d08,780000,2026-06-18,744,90+ Days,Customer
000ffae2-7ff4-404f-8fcc-308cd4030283,8da5249a-c2b8-48c3-b61c-12ecf6d898d8,ef936483-4fa6-4f93-9400-df9f6cace095,778000,2026-06-18,751,90+ Days,Customer
79c69e54-3e37-4ae4-b3bb-ec3c510932af,8da5249a-c2b8-48c3-b61c-12ecf6d898d8,3de6daf6-c330-4f1c-9a35-f091c664b4f0,780000,2026-06-18,734,90+ Days,Customer
e7dd8f16-2232-49d0-af68-a279f7001ff4,ee050b45-8c17-4d06-ba05-a7f64ed04dab,8e9ce9f2-5017-43ec-8f4b-fa41a1e28488,774999,2026-06-18,693,90+ Days,Customer
0262497f-d9be-43e8-ad24-595c24b604cc,9ef1c398-08d9-42ff-a90f-e79958f2aadc,75c8461f-2f68-4b6a-a767-24daa9e4a5ba,776000,2026-06-18,115,90+ Days,Customer
ec113f8b-d5cd-480e-bf44-2940b604af26,71be3019-2872-4e46-9e8f-941663554ca2,f7dba75f-cbbc-4c6e-a55d-709ee8ccd389,774512,2026-06-18,297,90+ Days,Customer
7358482e-c619-4830-a91d-e8d8b158ada5,71be3019-2872-4e46-9e8f-941663554ca2,c7818ad5-0068-4b3f-938b-d809855c9dfa,772500,2026-06-18,156,90+ Days,Customer
7bb03bd1-0acc-4bb4-8761-521c263e7880,9c8577e0-bac5-40ed-ab97-d69d5aadb619,e8815efc-4b18-4604-a044-3f95f35f2c72,774800,2026-06-18,196,90+ Days,Customer
c0ca1e2d-e929-4288-b1f9-ae7b26dfce6c,71be3019-2872-4e46-9e8f-941663554ca2,a074a7bb-118f-47b5-85a6-838ccf29063d,772500,2026-06-18,359,90+ Days,Customer
c2289e36-00b1-4b30-9685-453e1260a6f0,6e294634-9504-4be4-960e-df2f3ae4b416,5dbca95c-46da-4fe4-a820-04a655bba402,770287,2026-06-18,291,90+ Days,Customer
afe4c10a-5fd9-4879-81e5-476fd85a8aeb,71be3019-2872-4e46-9e8f-941663554ca2,2ff354cd-3afe-4565-a60e-a72712af5e6e,764112,2026-06-18,448,90+ Days,Customer
c5f2de5f-a8c1-461f-b171-2b95e7600bf7,a196000a-c83c-402d-8024-2a2c4dda447c,c85107fe-207f-41bb-9bc4-a87c28d2c63f,760000,2026-06-18,311,90+ Days,Customer
d10533b2-d342-43e9-a1b2-a18bf5487824,42d252ce-09ff-4009-912a-ee9ecb4bac8b,374628f7-f6ad-4885-bc10-4c9def421cfe,749999,2026-06-18,646,90+ Days,Customer
11c4410d-ab1b-4a67-883e-6eac33da4a30,ccb49d47-ef18-415e-84ff-5119d836592b,12236125-e549-40d9-81f3-58485a1e9401,311000,2026-06-18,725,90+ Days,Customer
f9365f26-7a50-43d6-8de7-927c288737be,7f074738-5a84-4e01-9226-9a0acb1a86d8,0be75fa3-c2d0-4ae0-875f-d03d27895c11,310625,2026-06-18,619,90+ Days,Customer
3c5ef71b-7953-4547-a2cb-ffbbb5b8458e,71be3019-2872-4e46-9e8f-941663554ca2,3fffc3d3-26e6-4d5e-ae08-943975f940ad,309600,2026-06-18,608,90+ Days,Customer
2d30fc0c-41cc-4a24-89d4-b9ad1ef346cc,71be3019-2872-4e46-9e8f-941663554ca2,48d6d6a2-fd33-4535-b516-2dd2fbda6ef0,307665,2026-06-18,175,90+ Days,Customer
4210a178-c701-485d-8403-a45af1b83e4b,71be3019-2872-4e46-9e8f-941663554ca2,6ba18da0-3f31-48ca-928b-3a75dce25441,306006,2026-06-18,336,90+ Days,Customer
bc673e3b-dc40-4ac6-9058-07df306c0609,71be3019-2872-4e46-9e8f-941663554ca2,eeacd763-7df4-4576-8419-d949cd1ec952,305360,2026-06-18,486,90+ Days,Customer
60a53a62-9f2a-4c56-862a-d664756f7950,271cdaa5-4d7d-46cd-9a43-7e3bb4bb922a,dc0a6bac-93b8-47e9-bb09-10a890d4c15d,303500,2026-06-18,646,90+ Days,Customer
629099bf-e073-4cac-aea0-e3c3fcdf9ee2,5bd75a72-6cce-49d2-8c36-efc22b10d1c2,dbecca47-d3cf-4ae2-9f53-60ec3dcd8c8c,303000,2026-06-18,676,90+ Days,Customer
ebed7708-2cd1-4dc4-a6a8-82a09421a0ed,71be3019-2872-4e46-9e8f-941663554ca2,60fce9cc-7c23-4d30-95bd-681919cdeec6,302850,2026-06-18,556,90+ Days,Customer
beb47bf4-ed43-472a-8dbc-4fbcf634b8e4,71be3019-2872-4e46-9e8f-941663554ca2,01b2aef4-666c-4e7a-8053-980c5d37c4a7,301250,2026-06-18,420,90+ Days,Customer
e530bf08-90dc-4daa-84c8-ddf0397a4eb5,71be3019-2872-4e46-9e8f-941663554ca2,bf34c5dc-2d88-46ea-aede-f01e3efcc89d,300000,2026-06-18,532,90+ Days,Customer
eb320d42-f77e-4608-a4d5-ed2735467fd9,71be3019-2872-4e46-9e8f-941663554ca2,96e13218-2263-42b3-b149-c2f6e8925991,296800,2026-06-18,419,90+ Days,Customer
29c9570e-0789-45c5-bf9f-9a98522cedb0,71be3019-2872-4e46-9e8f-941663554ca2,709f6d96-8619-4d77-839f-faacccaf99af,295650,2026-06-18,259,90+ Days,Customer
9fcb0206-3549-449c-9564-22ef0f66dfee,71be3019-2872-4e46-9e8f-941663554ca2,a27a2f8a-bd21-456f-b6b3-6d937e623175,294379,2026-06-18,241,90+ Days,Customer
3a463b76-fa40-415a-b223-a90ca99f1ec8,e0140edd-1909-49ae-9bdf-d36e683f578d,8d31b7d8-8f31-4477-b9a0-11027bf69c84,293550,2026-06-18,596,90+ Days,Customer
e512fca9-e24c-429c-b7d1-a6265c61e900,46259c13-632d-449f-a96f-f1deab0e0046,8b4a1705-6586-4b46-961d-380ffc1ebfe4,292000,2026-06-18,146,90+ Days,Customer
11b2e401-732a-46aa-aa35-eb2e8ba14bae,71be3019-2872-4e46-9e8f-941663554ca2,a0edf5dd-f3c2-44da-8d17-c22621e3c99c,291000,2026-06-18,550,90+ Days,Customer
1d293012-d2f8-4cca-b2f1-40a02fb8e781,71be3019-2872-4e46-9e8f-941663554ca2,c2c5fae7-5b2f-4a48-a3df-773d1fe3394b,290250,2026-06-18,394,90+ Days,Customer
8d9f34af-99a4-4357-b9a1-574baef04d81,71be3019-2872-4e46-9e8f-941663554ca2,ebc05dac-0eae-4f02-958f-b8ea135a4a7b,288750,2026-06-18,255,90+ Days,Customer
f9a491ee-897e-4bc9-96f3-d34987108f2f,71be3019-2872-4e46-9e8f-941663554ca2,d872dd1a-b639-4068-8304-f215e88e434e,287512,2026-06-18,623,90+ Days,Customer
7c1d18db-4c4b-49d3-9eb1-88de50a59d0e,e96db2f5-75f3-4573-9c7d-2862020fc1be,ed27859e-d86e-4915-b97f-2608d0b74b2a,286400,2026-06-18,184,90+ Days,Customer
f862f389-dfb5-403e-a509-d6adc76ea781,71be3019-2872-4e46-9e8f-941663554ca2,427b534a-70b0-4bce-81de-634ec1c390d9,283800,2026-06-18,424,90+ Days,Customer
0b9cb1c3-7a09-4179-82ed-cef93cda530a,4773b1ae-845f-4eba-a64c-a9dbebd5eb47,3b530e37-7229-47c3-a436-3f7d7f22dad0,279562,2026-06-18,620,90+ Days,Customer
4a278b43-8003-4bb6-b842-21debad88377,5d9668d3-223c-4cab-9204-86baf7004bed,fe47197b-1bf7-4278-99bf-0de04bafcf16,277500,2026-06-18,381,90+ Days,Customer
fbfbb11e-ac2d-4e71-8f27-ab61bddc7da8,95c5d920-3701-494c-b8ec-568a66ffc4ad,4cf556af-6d57-48a7-a57c-66bb6e712bba,276500,2026-06-18,120,90+ Days,Customer
acd40166-3484-4af6-a2a3-ca42acd29d65,71be3019-2872-4e46-9e8f-941663554ca2,d9dedeca-188d-4d62-8431-8d6fa26f1865,276050,2026-06-18,314,90+ Days,Customer
886b1d2b-9f73-4f2a-a0a5-a4cc1f6cd8df,61512ab1-0ef3-4a1e-87f7-c1818d094209,823104f7-21dd-4b05-a8cf-e6af18ff4a2d,275000,2026-06-18,409,90+ Days,Customer
0cea6848-3934-47aa-918b-0e58e1c5b082,9c8577e0-bac5-40ed-ab97-d69d5aadb619,a2ebf158-a177-45c3-b95f-36de443f9011,273750,2026-06-18,283,90+ Days,Customer
33ff8123-bfb9-4d18-ae11-3c13237eb187,71be3019-2872-4e46-9e8f-941663554ca2,c35e0810-5fe2-419d-aaea-44dd3b38f040,272750,2026-06-18,591,90+ Days,Customer
4f960273-bb4d-4c15-899b-0bd0355ce7bf,40f85701-0113-4092-bf94-71fce4830301,5a836f47-745d-4542-9f94-7624c166cfc8,270000,2026-06-18,501,90+ Days,Customer
383fa912-b6a0-44ca-92ab-089993d82237,ebd4b889-4b94-4c8e-acde-8b3b5f560d31,e9066985-d423-4392-879b-ef718e204894,270000,2026-06-18,136,90+ Days,Customer
e2fbecf9-2d36-4346-aa1b-c176f92aa973,71be3019-2872-4e46-9e8f-941663554ca2,1b943845-82e3-4820-8641-1ebf78e98e79,269500,2026-06-18,564,90+ Days,Customer
079122e9-7d8c-42f5-a32b-9813196df4ac,96b16a85-109f-4221-acc1-70fa87bccddc,1f12056e-f4fb-4cb6-b146-9489b750e233,268500,2026-06-18,119,90+ Days,Customer
8664a0e5-7df2-4ce7-b41e-d7ebbc3824d1,e363fd6a-6b4d-4a1e-bc25-3407c67f6af1,e2c4e006-6e71-461c-80e4-586a5db796bd,268500,2026-06-18,141,90+ Days,Customer
f388f601-89a1-4ffa-98c5-488e4110ccd5,f83e8351-57ae-4284-99c8-3d0905e11e48,21537518-26fc-4da8-8264-5300782d3249,268500,2026-06-18,141,90+ Days,Customer
9907d026-5f22-44e4-b626-82b4575228a4,8735ca05-6bd6-459b-a780-428ffe8dece4,192a4f77-799e-4e70-9674-47727fec927c,268500,2026-06-18,155,90+ Days,Customer
55f8eafd-61c4-470e-a568-a99290811c83,71be3019-2872-4e46-9e8f-941663554ca2,0fa223cf-9810-4442-89e4-505610920324,763000,2026-06-18,574,90+ Days,Customer
a0378439-4fa2-4288-9468-cbe4090a644b,71be3019-2872-4e46-9e8f-941663554ca2,49dadbdb-4e60-435b-97cc-44caf30a373f,283919,2026-06-18,742,90+ Days,Customer
7dcffd23-dfe1-4e4c-b206-114b6e57402c,a196000a-c83c-402d-8024-2a2c4dda447c,8445cdd4-2713-46fc-ae71-213bd11158a9,749999,2026-06-18,336,90+ Days,Customer
b5542fb7-8f6e-408e-9583-45665e7895dc,42d252ce-09ff-4009-912a-ee9ecb4bac8b,9514dfe5-28c2-4f03-85fa-192c52bc5a83,749999,2026-06-18,655,90+ Days,Customer
226fa26d-ad05-472d-ae77-6acbe8ade8b6,e99e6ca5-a4bb-4343-a635-49f04389ca2a,8615b0ab-5b77-4118-af29-2e1489ac5417,740000,2026-06-18,297,90+ Days,Customer
b4584fca-4eed-449b-ba95-8ce87ef39fe4,5bd75a72-6cce-49d2-8c36-efc22b10d1c2,cbb9b3fd-a33a-4d1c-8ddc-878c5829daaf,303000,2026-06-18,679,90+ Days,Customer
be7cb4c4-3d18-4c36-ac29-8198fcef14f5,71be3019-2872-4e46-9e8f-941663554ca2,108305d2-120d-4080-8134-7798733316ea,282250,2026-06-18,743,90+ Days,Customer
966ba07f-fb34-4280-94ee-1fe21ea7c6dc,1b6208e2-3404-4731-877d-3e2d93821bb0,c8d11367-889a-4d73-99c1-4f7c092d9da7,280400,2026-06-18,613,90+ Days,Customer
665cfdf9-e4fe-4adb-baef-383cd16745ff,71be3019-2872-4e46-9e8f-941663554ca2,ed48fc83-dd28-4abe-a346-231e3ab4d216,271250,2026-06-18,687,90+ Days,Customer
c33ef329-b98f-4f1a-8054-85d6a4dc640e,71be3019-2872-4e46-9e8f-941663554ca2,d6d25bb1-0c1c-4076-a003-4c63333e75c5,268500,2026-06-18,712,90+ Days,Customer
5aff1747-5c0a-46f2-a835-0656c0a6a64c,71be3019-2872-4e46-9e8f-941663554ca2,8ce81bd7-7456-40aa-920b-7be59f35bb70,302800,2026-06-18,203,90+ Days,Customer
b0a74e26-2d0a-41bf-a8d8-56b447dfd6a7,242b18b0-2b6e-4ef6-b311-fa29444b997b,6f90cdfb-7b8a-432d-af6d-6d4fd1cbd0e8,300000,2026-06-18,291,90+ Days,Customer
7c77a509-6ce1-4d35-90f3-9e82c69bc482,71be3019-2872-4e46-9e8f-941663554ca2,9d58cc1d-26b3-4127-9456-a17e8263f759,298000,2026-06-18,326,90+ Days,Customer
92209e08-8fed-4195-b137-bb7f39384bbf,80dd1cba-db4a-4856-92ac-722a4b856b9f,f81cb337-fa9f-4876-a186-ba4ca645e5a0,295500,2026-06-18,526,90+ Days,Customer
558f96e3-325c-4d26-a72c-09c8180d6a27,8da5249a-c2b8-48c3-b61c-12ecf6d898d8,217d6758-73f8-4092-89dc-12ce5f232560,294353,2026-06-18,722,90+ Days,Customer
fc1a0235-3762-412a-be57-2b41627315c5,94840a95-c5bb-495e-a6b6-b69f8754b8b8,bf0068b6-177f-41ef-b4e0-9ae666d48366,293000,2026-06-18,367,90+ Days,Customer
4cca08c8-c4a2-4098-9008-e2cacda546c8,46259c13-632d-449f-a96f-f1deab0e0046,c0d8782b-36e4-405b-942b-dd4219787f0d,292000,2026-06-18,146,90+ Days,Customer
503d5085-5a26-4a53-a439-0a368b07dc21,71be3019-2872-4e46-9e8f-941663554ca2,d046d75b-b9da-4708-b5f9-146a1820db46,290937,2026-06-18,379,90+ Days,Customer
d9bfa80b-ac27-4cd5-a40a-b3391a2cea0f,51bf73f4-c8da-4e75-b5c1-72b2dc1014a0,69040fc1-966c-44e9-b278-0c00149e5f28,290250,2026-06-18,230,90+ Days,Customer
85203d0b-2006-4c37-b2c3-71cd197068b6,71be3019-2872-4e46-9e8f-941663554ca2,6aba9451-38e1-4c90-98f7-45bb26a25ea6,288750,2026-06-18,269,90+ Days,Customer
9f913c07-b644-4d8e-bd9b-2e683fb5be3f,71be3019-2872-4e46-9e8f-941663554ca2,e46769de-9bc6-40db-b5d0-82556b9ff941,287875,2026-06-18,401,90+ Days,Customer
b2374138-08e7-4374-bf34-116088718bac,71be3019-2872-4e46-9e8f-941663554ca2,fbdf02fb-495b-4c43-91af-6288499666ce,285900,2026-06-18,200,90+ Days,Customer
db4b2d80-c0bf-4f14-a6e1-1ee743cd3783,1b6208e2-3404-4731-877d-3e2d93821bb0,137dde0c-b6ea-4c63-8690-375e29059025,284500,2026-06-18,581,90+ Days,Customer
96d9bf4e-38d1-49a3-8dce-66e6e0a49a81,71be3019-2872-4e46-9e8f-941663554ca2,671ad394-b0de-43e4-b417-603278020921,283725,2026-06-18,262,90+ Days,Customer
a639fd30-0c0e-4a60-9179-45dfcf7daeeb,71be3019-2872-4e46-9e8f-941663554ca2,b6426933-cb45-45e7-98fe-2083418afa75,282500,2026-06-18,518,90+ Days,Customer
d9ebf5fd-8dd8-4909-91b2-1da2e80c274d,80dd1cba-db4a-4856-92ac-722a4b856b9f,d04bf9ee-27c7-4e35-b3e3-6f3996bf1dce,280000,2026-06-18,650,90+ Days,Customer
61255ee5-b76a-43ce-8355-75822553d5d1,e81165ad-05bb-4b73-9bde-443bc6e8b08a,23f9a57a-37cc-40b7-a1cc-4a0a1369b783,279300,2026-06-18,450,90+ Days,Customer
05ed5c32-4466-4fe5-b817-e1412263dc24,94840a95-c5bb-495e-a6b6-b69f8754b8b8,7e53ba65-cdb2-4de1-8c62-43db222dc4af,277540,2026-06-18,409,90+ Days,Customer
cacc17f7-ee7e-4afc-87a3-6501e2b4b3a7,4981436e-024e-4995-a548-d32aefa7e1e8,b9b49772-ae5a-4445-8096-4ab63b23a177,277500,2026-06-18,534,90+ Days,Customer
df2e84ca-306b-45f3-922d-a05fc7390b37,935452e3-cd62-48f6-8240-a237fbb049e2,134699e6-8c0b-4ec6-8f9e-653f58b6c27c,276000,2026-06-18,384,90+ Days,Customer
adbedcab-e333-4bfc-885b-4d83a7388631,71be3019-2872-4e46-9e8f-941663554ca2,e8a970c0-70c7-438d-8dcd-90711b2bde49,275000,2026-06-18,403,90+ Days,Customer
c01f1e71-e9f2-4350-819f-436d88a7f942,51bf73f4-c8da-4e75-b5c1-72b2dc1014a0,8fe3ba5a-4493-4753-bccd-32bfe54685d7,273645,2026-06-18,242,90+ Days,Customer
77190467-d907-4616-9e3d-c133d6590516,71be3019-2872-4e46-9e8f-941663554ca2,6c481b03-da23-4722-b19a-4f9a5f81e893,300000,2026-06-18,736,90+ Days,Customer
083c960f-845e-49c8-9acf-bbd3c2dbbc47,db025b00-0042-4eab-ac2b-1486ac11df9c,24a8efac-3cf9-4721-8a75-a21fc701af82,271150,2026-06-18,750,90+ Days,Customer
f6787eaf-5b5f-41a6-b726-fd401d2ff364,ebd4b889-4b94-4c8e-acde-8b3b5f560d31,c8a97394-219b-4822-bce0-0da93d17c41b,270000,2026-06-18,135,90+ Days,Customer
31d53a49-3d62-4f6d-84e4-21595efe99e2,271cdaa5-4d7d-46cd-9a43-7e3bb4bb922a,ccf1ac22-1982-4506-87b5-71368079c037,269500,2026-06-18,559,90+ Days,Customer
845ac5cf-a18d-4251-afd2-16db6b9e672f,077d9584-8f05-42cb-90f1-1e17bab1db5e,24eaf72b-324f-4aec-9435-f70d14c99916,268500,2026-06-18,132,90+ Days,Customer
2d4f556c-5e42-4e15-a6fd-fbcbeeadb5f3,979665cd-4976-4bf0-87cf-b926c5ce93c7,950d4e12-ccda-441d-b10a-9d75b750b88c,268500,2026-06-18,119,90+ Days,Customer
a2fdd3bd-7437-44aa-8d21-33e9077f2dd8,ad9a5ae4-bea9-4ae4-ac63-464ff555e655,e8f5ca84-9208-4edb-9f37-59c00fc1abfe,268500,2026-06-18,149,90+ Days,Customer
7860b6ae-5201-4cec-b9f6-e12ba9b5908c,6ef4fc76-da3f-4422-8a17-41c7ecd6dd4f,4ebc13e6-3cba-4121-a771-e0206afc72e8,160040,2026-06-18,220,90+ Days,Customer
56933974-fc8a-475c-adac-bacc75984a30,d70a1f63-f837-43a6-9a85-e5c926dd4536,a6390904-bd5e-4ca9-87b9-c1ea1df513f2,268000,2026-06-18,469,90+ Days,Customer
b4ff8dcf-2f2b-4109-a005-83a7b056dceb,aaeb0740-87f4-4b33-8b8a-50dd7e46d35f,feb1c422-93af-498c-88da-3b78b9d82f24,267400,2026-06-18,153,90+ Days,Customer
db63988d-db9d-4c20-9b61-aff98225dd7c,71be3019-2872-4e46-9e8f-941663554ca2,d1faab75-c954-4d13-89c3-8da3b364c2ea,267000,2026-06-18,272,90+ Days,Customer
7027a6be-f144-4b5b-823d-87e981372014,acc76122-192c-47ad-adaa-9c9babc33160,140b53f0-f4db-4363-b14c-8dedca89f875,265500,2026-06-18,380,90+ Days,Customer
edd7928c-a386-4807-9793-4d4a287ab5e3,8da5249a-c2b8-48c3-b61c-12ecf6d898d8,29877e0f-93c8-4c93-af9c-6e44c16f3e22,264000,2026-06-18,723,90+ Days,Customer
bdbf04bd-1a4d-4322-8ab0-d416af973475,71be3019-2872-4e46-9e8f-941663554ca2,a6df440f-9e5f-4a39-944d-5b21422ae71d,264000,2026-06-18,356,90+ Days,Customer
75c9b679-acb6-4adc-aa98-2033792aae79,71be3019-2872-4e46-9e8f-941663554ca2,06d95e82-274c-428f-8ccf-6ca3e89a16ac,764625,2026-06-18,389,90+ Days,Customer
e35635f4-2e75-4e3c-ac7f-881e50f9625e,71be3019-2872-4e46-9e8f-941663554ca2,da5f1c53-6826-49cf-bec4-1257e6167387,754097,2026-06-18,489,90+ Days,Customer
cdb2ba75-8d91-4e36-a0ee-42f071e5819e,22f3c314-4681-438c-96f5-2c089289e523,f9f95890-239c-4af2-b699-7453014404e7,752500,2026-06-18,421,90+ Days,Customer
a3d0b1bd-e869-42bf-8fcc-7ce0ca3c6c62,ee050b45-8c17-4d06-ba05-a7f64ed04dab,5dbb23df-3b0b-4efd-9db9-58ce28111e12,749999,2026-06-18,690,90+ Days,Customer
b72f38b8-18f8-4878-a524-75f7eaf8470d,e68871a8-18d6-4060-964c-f5ee029055bd,ebbe3a78-e0f9-4a1f-9a86-588927e39ac7,748000,2026-06-18,234,90+ Days,Customer
5b90246b-8926-4356-ab7a-7950ec5afc46,94840a95-c5bb-495e-a6b6-b69f8754b8b8,9b21a233-db9f-41ae-91f3-d1d8015de1bc,303000,2026-06-18,422,90+ Days,Customer
aa06595a-7f96-46c7-86dc-ce2f2ffacfc6,5bd75a72-6cce-49d2-8c36-efc22b10d1c2,49d48842-601f-4b88-be17-d3fada58f691,303000,2026-06-18,688,90+ Days,Customer
9132a78c-9550-4438-b6ae-02493a7a009d,e0140edd-1909-49ae-9bdf-d36e683f578d,12e7676a-b033-4c02-9c23-70fec1942fec,300000,2026-06-18,534,90+ Days,Customer
7e7accb7-b3d3-43c9-8159-578bda8b916b,71be3019-2872-4e46-9e8f-941663554ca2,62945194-29c5-4940-91c3-f43cabb9217b,299250,2026-06-18,156,90+ Days,Customer
69219848-5671-4a01-9f6d-aa2579a3f5de,58c876c6-a52e-47a3-a7d8-ff1b4f03929b,184ea053-dc48-4dd0-b9b7-025e0642bbca,126250,2026-06-18,136,90+ Days,Customer
018d17af-a640-4ec9-b902-fc0c65cd6587,71be3019-2872-4e46-9e8f-941663554ca2,6aedd508-b149-44d1-8220-15c26821c174,266300,2026-06-18,727,90+ Days,Customer
71e67489-e950-4db7-8812-e6cfc8b81dae,b451812e-f688-4528-9863-43ab65ad904e,e837b5a8-2174-482f-8d81-71c095f9145a,296600,2026-06-18,531,90+ Days,Customer
d4a11dbb-3818-4f59-a49a-dbdef8754cdf,71be3019-2872-4e46-9e8f-941663554ca2,720c61db-f78e-4159-876d-4d53fa1d0980,293000,2026-06-18,616,90+ Days,Customer
103f53db-9ee4-48ec-a312-2f88bedd0a4d,acc76122-192c-47ad-adaa-9c9babc33160,48d5c8be-ad79-4b77-ae87-a4bcf92b6468,292500,2026-06-18,472,90+ Days,Customer
a7f1e939-1345-45e6-ad93-19a18f61ac10,694b1c49-614a-495f-928f-2c1ce8e477cb,1fb8c606-69fc-4265-ae62-433b8bcd7137,290400,2026-06-18,710,90+ Days,Customer
5ee72f6e-78d4-40cf-9e73-ce4133628357,71be3019-2872-4e46-9e8f-941663554ca2,d902cdc0-f0b0-49d4-a281-f01c8db81bae,289999,2026-06-18,546,90+ Days,Customer
ec26805a-baff-4a8f-b8cf-ddbdbb6dc5e5,2bc5bcfb-185f-4a64-95b6-32efd7cfec25,e187e5aa-f9d8-46c4-98e6-a944e8c5d336,288000,2026-06-18,361,90+ Days,Customer
43134317-0aac-4c46-9b8f-744abbf09d04,96b16a85-109f-4221-acc1-70fa87bccddc,32c2910e-1612-4c0c-9ef5-e73064594709,285139,2026-06-18,197,90+ Days,Customer
dd9ec137-e624-4b26-8120-4fda503aa6f3,2941bd55-d0d4-4e91-b8ac-781bc32cf76e,3c811f99-9b83-48f1-8dd7-9fa5076b9231,284000,2026-06-18,385,90+ Days,Customer
316565d9-d73c-48c4-85bf-1267973dd488,51bf73f4-c8da-4e75-b5c1-72b2dc1014a0,f56cb300-7465-4322-a190-90e4e7012fb0,283430,2026-06-18,214,90+ Days,Customer
b6e3fc32-f194-48b0-8b48-a9a8a3265bd6,bcbaec73-638e-4901-a191-927ebd500743,1439a69b-04d2-4435-b0d0-4133c3b95c07,282000,2026-06-18,230,90+ Days,Customer
a2c8173c-89d8-4d34-9c22-69fd68f6486f,51bf73f4-c8da-4e75-b5c1-72b2dc1014a0,7265de1f-7283-40ad-bddd-abbbcf6bc781,280150,2026-06-18,280,90+ Days,Customer
5a4c3ff1-f8f0-4261-be33-8e71ef4b5b1d,8da5249a-c2b8-48c3-b61c-12ecf6d898d8,0703a2cd-55af-4528-a024-7fa6c73041b6,279240,2026-06-18,739,90+ Days,Customer
2f95780c-3b54-4084-bc39-ba0e63dfe1ed,be6aebf8-8a0f-4527-a9d4-d94f09f3c93a,6e53f90a-6cb5-45dd-9721-68fa6a02a79f,277500,2026-06-18,219,90+ Days,Customer
808ef985-9efc-41de-bd61-b37ba2ab44d0,71be3019-2872-4e46-9e8f-941663554ca2,4595ca8c-0632-43c9-9bc8-cfd4ebc0b0fb,276500,2026-06-18,500,90+ Days,Customer
d9a64109-09c3-4cf1-8d4b-3984d0645cb1,71be3019-2872-4e46-9e8f-941663554ca2,33b917d9-f85b-4d58-8438-d1ef40423464,275737,2026-06-18,265,90+ Days,Customer
4e816c40-1c38-41dd-9b76-63aac6ef8d81,b68482aa-3798-4bc4-96c2-ae22f9e1f162,68863ac5-9d2f-497a-b9e4-7559428cfc1d,275000,2026-06-18,492,90+ Days,Customer
fe837618-330e-4158-9e70-2e34b7924597,51bf73f4-c8da-4e75-b5c1-72b2dc1014a0,ff165e3a-eeab-405b-aeec-2fceb90f4cfb,273060,2026-06-18,217,90+ Days,Customer
795d33a5-056a-4281-8f46-84aeaeb4b1e2,831be7e0-3cb9-492d-9bc6-2df6548e5db2,56f1f99b-b2dd-4778-b966-f8db4577b5c3,271740,2026-06-18,440,90+ Days,Customer
e0918b4d-b7a5-4383-b84a-cf8dfe2819e9,71be3019-2872-4e46-9e8f-941663554ca2,4626fcac-8642-4abe-9cdc-8478db9da441,270000,2026-06-18,119,90+ Days,Customer
941d909d-ccaf-461a-9ffa-21dda3c68f5c,e0140edd-1909-49ae-9bdf-d36e683f578d,581e5c85-ce8d-46e1-b8a7-260104fd93fb,268600,2026-06-18,555,90+ Days,Customer
f76f40fc-0598-4c03-a189-99d9d8d88be8,51bf73f4-c8da-4e75-b5c1-72b2dc1014a0,bb6a78b7-4b3a-4edc-8def-08ee9805a214,268500,2026-06-18,255,90+ Days,Customer
4fbfee6a-03be-4978-930e-9f8c968860bf,979665cd-4976-4bf0-87cf-b926c5ce93c7,29e33329-0ce7-4d31-b89d-71540f40b1a2,268500,2026-06-18,132,90+ Days,Customer
52b95478-592c-40b9-a7e0-05ff93e23d83,71be3019-2872-4e46-9e8f-941663554ca2,81231523-5ff2-4e4c-a5bf-b4a6912377b0,268500,2026-06-18,113,90+ Days,Customer
10cbedc9-415f-4037-91ea-26f308420c2c,71be3019-2872-4e46-9e8f-941663554ca2,e90508b2-e06a-4d86-a73e-e02dea304635,288212,2026-06-18,712,90+ Days,Customer
165d337b-45c5-4656-bfcf-b61d946ed72d,71be3019-2872-4e46-9e8f-941663554ca2,f6e7ab51-926d-4c2a-bcba-2f0dd87eb48d,267000,2026-06-18,282,90+ Days,Customer
b0f155f8-ca9a-45b1-9cab-c28c6a1071d5,e363fd6a-6b4d-4a1e-bc25-3407c67f6af1,d45a6ade-ce72-4346-be2d-58943df6cb54,266369,2026-06-18,211,90+ Days,Customer
f54ea9fa-2720-46f3-bc26-ba9838cd2681,1a43f43a-c716-459f-80a5-52348231fcd0,3ff092f0-7699-4da8-9bfa-8bec1c75a67d,265500,2026-06-18,695,90+ Days,Customer
367b37e6-86eb-491d-9298-dfcf44888e6d,8da5249a-c2b8-48c3-b61c-12ecf6d898d8,6ff219fb-87d0-475f-bda1-c43b53e830a6,264000,2026-06-18,723,90+ Days,Customer
9f92935e-c8c8-46b2-8cc3-a29db4f7be40,bf7ad4b0-16b4-4783-9a9c-aba5665797fe,3d3764c0-2b17-464d-b1b2-45ae61e2e550,268500,2026-06-18,140,90+ Days,Customer
b27e49b6-b449-44dd-b6b6-764df9566560,eee8508b-403d-4e9d-a833-a1c0cc370a93,56d66f55-29c3-4039-9637-04dc8f626eb8,268500,2026-06-18,139,90+ Days,Customer
22296311-c2f4-4ab7-a447-b1b88bae5769,ee050b45-8c17-4d06-ba05-a7f64ed04dab,32b847e3-b247-4470-a664-547a6db36ff9,762499,2026-06-18,615,90+ Days,Customer
57383aea-f5a3-4afd-b8c1-0aabb893c2bf,242b18b0-2b6e-4ef6-b311-fa29444b997b,4bd692c3-7995-431e-8883-594b8ba933ca,762000,2026-06-18,380,90+ Days,Customer
4463b153-78a4-41cd-a0ef-434f42cad0ab,a196000a-c83c-402d-8024-2a2c4dda447c,246f14d8-4353-4757-9e5e-c89a36d6b4e3,749999,2026-06-18,610,90+ Days,Customer
762cba1e-31cf-47d3-8510-a61b2557f46b,42d252ce-09ff-4009-912a-ee9ecb4bac8b,5fe91a1d-40bf-4a51-9d61-51de02fdaac2,749999,2026-06-18,657,90+ Days,Customer
6ef586cc-1066-41b5-ae6c-f57c8c7065b0,80dd1cba-db4a-4856-92ac-722a4b856b9f,acf6955c-f4cc-42da-8bf4-8d3b08ae9482,303250,2026-06-18,591,90+ Days,Customer
724e3b95-1d59-451f-9c36-98e6aeecd2ac,4b5ac98b-a0ab-444a-a1fd-4a30c7c440a6,941dd5d2-de8a-4783-aca6-462457028129,301625,2026-06-18,132,90+ Days,Customer
8fded2a0-1c58-4da1-91b8-128b3cdae9b0,5bd75a72-6cce-49d2-8c36-efc22b10d1c2,f6243407-99c4-46b9-b273-b9c77948dfa5,301550,2026-06-18,382,90+ Days,Customer
61063f92-8327-4c5f-90b5-20294cfa15bc,71be3019-2872-4e46-9e8f-941663554ca2,0f5576ec-08e2-4faa-b753-5c78d1dfd90c,299250,2026-06-18,157,90+ Days,Customer
a4a1ba67-248a-43b7-ada7-fa2b492b66ed,16551b80-b0c1-46d5-8940-71260022fd1c,6f579a68-3f05-4bda-9629-43c4857681e0,298900,2026-06-18,540,90+ Days,Customer
6841a461-e00f-48b2-9efb-43e766fa897a,71be3019-2872-4e46-9e8f-941663554ca2,07e474bb-b0f3-4c3a-b2a1-fc5910c6caa7,295968,2026-06-18,601,90+ Days,Customer
2beb3a65-ad6f-49ac-9c56-a06dd5c8560d,8da5249a-c2b8-48c3-b61c-12ecf6d898d8,94cedc8f-c5df-442e-924e-7a363ef8515b,294353,2026-06-18,737,90+ Days,Customer
f09681c5-5a03-467a-909c-d36b187d93eb,6bfd0ec9-30f4-495c-b104-f19a6d20505a,09d0b282-ba91-40fd-a3c1-909ea7cd18b8,38545,2026-06-18,279,90+ Days,Customer
79eb3e7c-c5c0-4c57-90f3-85c9f943e9c8,71be3019-2872-4e46-9e8f-941663554ca2,b2d99bed-5e3e-4e17-b0c3-5136c6132f7b,293750,2026-06-18,326,90+ Days,Customer
2acf2f1d-3575-453a-b522-48bea249c6b9,71be3019-2872-4e46-9e8f-941663554ca2,48946a7a-53f0-48e8-a1b3-1c3f89c8b17e,291750,2026-06-18,368,90+ Days,Customer
9012f32d-3f98-4d0e-abdf-8c7f933c5b3f,ccb49d47-ef18-415e-84ff-5119d836592b,a2149701-5782-4bac-913e-f4ed8870dc21,290700,2026-06-18,685,90+ Days,Customer
1a3fffa4-5284-4913-a9b3-2d8003429fb1,71be3019-2872-4e46-9e8f-941663554ca2,a11b2c27-cb40-473b-9964-f280104bf96b,290000,2026-06-18,564,90+ Days,Customer
c25ed54c-3d1e-4afd-b851-7d378a544b37,242b18b0-2b6e-4ef6-b311-fa29444b997b,437abec9-5e45-4c2c-94ce-cfc006ec5ddb,288000,2026-06-18,182,90+ Days,Customer
6b757431-f50d-406e-98fc-e50bfc21bc5b,ebd4b889-4b94-4c8e-acde-8b3b5f560d31,4a977038-a0e6-4272-b483-9258ada37fa4,288000,2026-06-18,225,90+ Days,Customer
869fd6a3-df1c-49cb-9fad-8105c186eccf,71be3019-2872-4e46-9e8f-941663554ca2,c6a65b44-9381-4c49-8059-748649a8ccf6,285000,2026-06-18,448,90+ Days,Customer
83bceb3d-4bca-4ae3-90ed-63545ec6b79c,71be3019-2872-4e46-9e8f-941663554ca2,c8fbef10-b6f1-452d-8e1e-d024d2e6981b,283800,2026-06-18,424,90+ Days,Customer
f7984ebe-52e5-4e6d-b674-929c49cf6e77,b68482aa-3798-4bc4-96c2-ae22f9e1f162,1d5707ce-cabc-41f3-993f-dc8132762905,280000,2026-06-18,454,90+ Days,Customer
a1e4bce2-9e36-4145-97fa-d279034afa81,cb9742f2-b64b-403b-a01c-866e7493f406,002fbd8c-db50-4dcb-be9d-22efe8af7b65,279240,2026-06-18,184,90+ Days,Customer
1847d709-ab57-4ee4-97c2-0efb7ebfdc07,94840a95-c5bb-495e-a6b6-b69f8754b8b8,5bc49b5d-b7b4-477e-9209-01cec99625e3,278250,2026-06-18,396,90+ Days,Customer
b5a5845a-be5a-4907-ba84-e43dbddbe337,71be3019-2872-4e46-9e8f-941663554ca2,ee7b038a-142c-4823-bdb6-07b760aaa048,277000,2026-06-18,424,90+ Days,Customer
f86aed8d-22d4-41a3-a202-5439102ee5e6,39e3f045-ed2a-4d83-aee6-68046c1dfbb7,3099d154-d8ff-44a8-89da-3350ae2a522e,275250,2026-06-18,610,90+ Days,Customer
eaa80f3b-b4c8-46c5-99d8-ebc930f31393,71be3019-2872-4e46-9e8f-941663554ca2,b76efcc9-c69f-4337-991a-16f6c1beb62b,273000,2026-06-18,223,90+ Days,Customer
cbc73f75-ccc0-4dcf-bf5a-d0350aa4441c,c622c3d7-9289-41b3-ab8e-2c29215faa4c,b878bb01-192b-48aa-b534-215d0284b650,273000,2026-06-18,711,90+ Days,Customer
8631c028-aad3-47fb-b44b-15d6a9318175,96f8c31d-8874-4382-947a-a6236f251b81,ef159dd5-3a61-4270-a987-7ff36e885734,270500,2026-06-18,615,90+ Days,Customer
1773e920-3306-4c90-b1dd-f9048780e41f,40f85701-0113-4092-bf94-71fce4830301,2327d7a0-679a-4ba9-8c3f-16cdd5b4f4ef,270000,2026-06-18,613,90+ Days,Customer
5cf2d682-a3d7-416d-aedb-a21a202c07b9,c81204ce-d171-4f1e-a34b-eb7b553ddaeb,1612c46c-6075-48a4-84f8-0edcbb314a4a,269500,2026-06-18,557,90+ Days,Customer
e971afcc-1aa3-4521-868b-d2df07e990a1,077d9584-8f05-42cb-90f1-1e17bab1db5e,2b469ba6-0c3d-4aac-b685-742cf0ceb9b0,268500,2026-06-18,141,90+ Days,Customer
ea6d46ad-379b-4463-9e70-365543c7ff84,8f06ff88-5db5-47ec-b27f-af2ef21de406,7d52ff06-80b0-4ff9-a62f-d8baf88975ef,268500,2026-06-18,119,90+ Days,Customer
5139b77b-750d-420b-9bec-2ff020d86275,71be3019-2872-4e46-9e8f-941663554ca2,f77ae2e3-a035-4835-bcb6-06edea206ba6,268500,2026-06-18,141,90+ Days,Customer
5b97adc9-4316-4333-bcc8-873e0d471d50,b68482aa-3798-4bc4-96c2-ae22f9e1f162,6f449bdf-b362-42a9-9d94-85d132a81328,275482,2026-06-18,525,90+ Days,Customer
a8d2442f-60f0-44a8-b143-82c0c43219bc,7f367ba9-b9e1-4d7a-a895-564eedaeb810,4c5b724c-033a-4a16-b162-8469f45bb8ca,268500,2026-06-18,134,90+ Days,Customer
3082e8ec-4565-4716-adda-691b45c04c6c,71be3019-2872-4e46-9e8f-941663554ca2,fdccf237-93df-4bb6-bd52-95e282ce4341,267812,2026-06-18,316,90+ Days,Customer
a5606b06-e716-468d-b055-0e72e68948e6,3d2a3b54-c351-49e9-95ff-ed7f44780b3c,9c43e252-90fd-4861-8646-9c25ef37c7da,267000,2026-06-18,269,90+ Days,Customer
7cf86636-d3ae-45c2-8f78-3da4380b21e6,71be3019-2872-4e46-9e8f-941663554ca2,b60b779d-9a1b-4378-82e7-c15f7b400b66,265800,2026-06-18,564,90+ Days,Customer
a066b9e4-dea1-4620-bb15-3bccc0198e41,7ec6a241-cccb-4c99-b833-c8da36af9ba0,89d8eead-572a-49ff-8076-72f327e5f2ed,267000,2026-06-18,277,90+ Days,Customer
adffa8b0-96b3-47c5-add7-c4d089b7c6ab,40f85701-0113-4092-bf94-71fce4830301,e6a10e2a-b3cc-4b72-b368-1682e9fda589,264000,2026-06-18,480,90+ Days,Customer
d5163db3-be96-4808-a554-dd55bc622dc9,e363fd6a-6b4d-4a1e-bc25-3407c67f6af1,766a7c9c-5533-4c09-b759-c2dc0ab7946c,264000,2026-06-18,322,90+ Days,Customer
d3b137a9-e5ab-41d7-a2ed-2d3c24eecd74,8f06ff88-5db5-47ec-b27f-af2ef21de406,bb914292-059d-4347-95b9-f154beb67fbf,764160,2026-06-18,225,90+ Days,Customer
218ffe5d-8f38-4cbf-bf70-7cd11415d925,71be3019-2872-4e46-9e8f-941663554ca2,b3f08823-9737-4707-9fb7-86d6409d2d28,760000,2026-06-18,524,90+ Days,Customer
f44b41ad-2251-4584-8cf4-58bf3b2001ec,dd9e4314-694d-4353-8261-817b0794fbe3,45ac5590-99b8-46e0-8b28-fec55d7a90c4,750000,2026-06-18,415,90+ Days,Customer
1681c5fd-1ae3-424a-b65d-a24894114fd1,42d252ce-09ff-4009-912a-ee9ecb4bac8b,6f3d7f03-b2d9-4d2d-99ca-e942ce3cce9e,749999,2026-06-18,646,90+ Days,Customer
4d62739b-a9cb-40d5-8df2-70dc14579319,71be3019-2872-4e46-9e8f-941663554ca2,8587cf81-e80f-4da5-b7e9-50d1c23d5969,736325,2026-06-18,189,90+ Days,Customer
084ad105-f45c-4441-8359-7ed7faa7bf51,242b18b0-2b6e-4ef6-b311-fa29444b997b,74be2cd4-59b5-4f78-ba0a-f4d1bb144e38,735000,2026-06-18,157,90+ Days,Customer
444e68f7-b95f-49a3-a80c-3be91e3c8142,271cdaa5-4d7d-46cd-9a43-7e3bb4bb922a,5471151d-0154-48c6-83d3-218e61a0a9d1,739000,2026-06-18,580,90+ Days,Customer
3e444b53-6678-4547-b01d-d409ec29a2c3,e99e6ca5-a4bb-4343-a635-49f04389ca2a,283cc6f7-5298-44d9-aa68-c8c57a7bcfb0,733760,2026-06-18,288,90+ Days,Customer
fe229347-2c91-49cb-95aa-5c91ddc2005c,dd8cb13e-af3e-4023-99a5-c9c9d747209f,1c5500cf-4c7b-415a-93c6-ecf2ef16198d,734000,2026-06-18,738,90+ Days,Customer
6356d2a4-9162-430d-a927-2bd769b76727,6ef4fc76-da3f-4422-8a17-41c7ecd6dd4f,ccbdd707-1e12-4d9b-91ec-b491781a8f33,733600,2026-06-18,211,90+ Days,Customer
3574432c-af1d-4eb1-9d21-c10a558ab2fa,a196000a-c83c-402d-8024-2a2c4dda447c,d7020a6e-8cc3-4a76-8d0c-32c5d85484d0,730000,2026-06-18,616,90+ Days,Customer
6caafed6-8ed8-4b11-8fa3-80b788564160,f1e51592-40e6-4c0e-ba12-f1e4bfda0f43,8f9f863a-d9b0-43c8-958f-b229d7b808ed,19550,2026-06-18,155,90+ Days,Customer
803c655a-1894-46ee-9cef-64ccf6119d2b,71be3019-2872-4e46-9e8f-941663554ca2,3fef30ff-b3b0-49d0-bc4f-ba32aaea44b2,728000,2026-06-18,344,90+ Days,Customer
3c2ea6db-b024-4a61-a75d-f58b1e68bff2,ee050b45-8c17-4d06-ba05-a7f64ed04dab,7ac03fc5-9659-4dcf-9a0e-bc8a885068e7,724499,2026-06-18,606,90+ Days,Customer
7840ca26-2fa5-4bdc-a219-966ecff80fe2,ee050b45-8c17-4d06-ba05-a7f64ed04dab,128b0740-2a82-4468-9e53-0855a8501726,730000,2026-06-18,616,90+ Days,Customer
8cfb7f48-3bcb-46f1-b2d6-e9e824d866b7,71be3019-2872-4e46-9e8f-941663554ca2,c219a651-45f1-4c23-9da1-c7c1d11b7c87,730660,2026-06-18,486,90+ Days,Customer
6586cfc6-4eb3-4701-bc04-4e8df2b8f121,36dd081b-5d34-45be-9e23-0c1519a91bf8,05ab556d-caf1-4f9f-b924-004f20218958,720000,2026-06-18,401,90+ Days,Customer
bf7413f6-dc15-4601-a552-20e3d5604cfa,ee050b45-8c17-4d06-ba05-a7f64ed04dab,7c88de2b-10c1-456a-aef2-b4d55f7e657a,717500,2026-06-18,626,90+ Days,Customer
051c1e2a-066f-4112-8ad7-49df6150f52f,ee050b45-8c17-4d06-ba05-a7f64ed04dab,25a1fa58-74e5-4194-a8d8-85bf76a11111,717500,2026-06-18,630,90+ Days,Customer
17e127c6-165c-4f3e-806a-e5b449cc759f,8da5249a-c2b8-48c3-b61c-12ecf6d898d8,61ce6c9a-a892-4d12-8e1f-57c1676bd462,723250,2026-06-18,513,90+ Days,Customer
0e44bb6d-7731-44df-a5ee-c79936ad47da,71be3019-2872-4e46-9e8f-941663554ca2,337ccbf5-9d28-4dbf-b0e0-3f0b7ba2d847,717500,2026-06-18,119,90+ Days,Customer
1967f274-fea0-49c7-9d39-b4007cb5ea16,58cacb19-26f8-4710-82a0-ef5aaf515fcd,b5a33bfe-bcd4-4664-8255-d9898a27ecfe,715625,2026-06-18,542,90+ Days,Customer
1e7954a1-3d79-438b-a140-adc9e87065b0,34acb9d9-1802-4aed-9744-313423a2db23,6142bafc-ed2b-4cbd-b87f-c79a3877c421,714500,2026-06-18,583,90+ Days,Customer
61a9320a-82dc-4454-811a-45da058ce184,ee050b45-8c17-4d06-ba05-a7f64ed04dab,d5d20577-bcef-4cfa-8580-a774a46b91a0,714999,2026-06-18,630,90+ Days,Customer
c253ba94-37fe-4637-91b0-1f72ed5d7313,6e294634-9504-4be4-960e-df2f3ae4b416,836f1062-e2a2-4cca-ab49-0eb0a79a2b35,714000,2026-06-18,402,90+ Days,Customer
2f089e5e-85ed-41f4-9973-6051fa332bff,71be3019-2872-4e46-9e8f-941663554ca2,93e6eaf3-49a0-4434-9c6e-631606e78a56,716482,2026-06-18,247,90+ Days,Customer
cb268460-294c-4310-bc03-c74c28839198,71be3019-2872-4e46-9e8f-941663554ca2,f3ed97e4-e9c6-4cb0-8fa2-82fbdaeff022,707500,2026-06-18,116,90+ Days,Customer
947b6e33-72e6-4161-abad-7e48cc84d169,ee050b45-8c17-4d06-ba05-a7f64ed04dab,64655eac-f106-45b9-8b44-f95808c5ce78,707499,2026-06-18,667,90+ Days,Customer
00948b18-ea38-4b15-9ac2-a3df2cd63e9a,ee050b45-8c17-4d06-ba05-a7f64ed04dab,04cef03d-89bb-4f61-a7f5-18aea7f7180a,707499,2026-06-18,659,90+ Days,Customer
52af009b-db85-47a7-9177-2e75d0fb5b10,71be3019-2872-4e46-9e8f-941663554ca2,bf005bf6-7d58-4039-9b1c-0aa1dc6c0867,711575,2026-06-18,160,90+ Days,Customer
a3849a14-8036-41a2-b306-315447a1020e,71be3019-2872-4e46-9e8f-941663554ca2,94a3809c-3061-4ef3-a2fa-07379733e14d,706947,2026-06-18,500,90+ Days,Customer
debeadcf-362a-42d9-bb8d-ee0b704340a6,71be3019-2872-4e46-9e8f-941663554ca2,6f6ab5ad-57d6-4e04-9c4a-7b905540da16,706582,2026-06-18,317,90+ Days,Customer
2ee4ad74-b174-4a0c-9511-258d10912804,ee050b45-8c17-4d06-ba05-a7f64ed04dab,13196682-cb58-4e7a-91cd-884be84b958d,705178,2026-06-18,710,90+ Days,Customer
2ad1dca2-5ef6-47f0-8077-e7f3ead9f0ee,71be3019-2872-4e46-9e8f-941663554ca2,5ba8402f-fe86-4165-b60f-81060feed6d5,707400,2026-06-18,199,90+ Days,Customer
705e4793-4e2d-4ed1-a36b-cce2fd5ae6c3,ee050b45-8c17-4d06-ba05-a7f64ed04dab,92e6e98e-82e2-4318-95dd-7f2a5d97a668,705000,2026-06-18,652,90+ Days,Customer
0ba705ad-87e0-4a08-b285-90c331fc0843,f0fcd114-c83c-4557-ab8e-29869eb50b7b,28c018eb-c171-4fb6-a9c3-909982090f74,704000,2026-06-18,501,90+ Days,Customer
41bf80ac-feec-454f-b0b5-3d0edb739499,9c8577e0-bac5-40ed-ab97-d69d5aadb619,1b275bc9-ee44-4e12-b0c4-880d12cfa0c5,702425,2026-06-18,155,90+ Days,Customer
4c34876f-2cc9-4679-bb5b-ecaa915a7149,ee050b45-8c17-4d06-ba05-a7f64ed04dab,3677879d-3c4f-4226-bde6-798c7c8b810b,705000,2026-06-18,658,90+ Days,Customer
aa45fdcd-5716-4682-a9ba-ab501b28f4c7,13434759-d4fc-4dc9-ad3b-480ab7211da2,8b285b03-56fe-4a07-b814-307c608d0746,699300,2026-06-18,140,90+ Days,Customer
04de81c0-05e7-434d-bc00-f4502dd2863a,71be3019-2872-4e46-9e8f-941663554ca2,683838a4-711b-4857-9378-cb3db9c335e7,693750,2026-06-18,520,90+ Days,Customer
e1cea705-b165-4991-9d5b-4e9d1ed4815c,5f27bee7-c714-4bfc-b036-d4c1e018d522,605ffd1f-603f-425b-8238-a4f16e40edf7,697500,2026-06-18,210,90+ Days,Customer
f68a5bd8-02d4-4168-8b82-32e435ce2eef,0a08be05-99f5-46e7-918c-1a12487083e1,e1ed63ee-fcad-4440-9dc7-8c1ca1f408f3,679000,2026-06-18,216,90+ Days,Customer
47d24e4e-edd6-4f42-94b4-407486880ab2,71be3019-2872-4e46-9e8f-941663554ca2,21dd9813-504d-4c6a-9e7e-983153d8a02d,675250,2026-06-18,157,90+ Days,Customer
3da9d157-f6cf-47ba-9ed5-f3cb237d21e8,58cacb19-26f8-4710-82a0-ef5aaf515fcd,c33dd0cb-4d23-45bf-ba34-64bbe579dca2,672250,2026-06-18,526,90+ Days,Customer
790a4f83-6fe1-43d2-9862-01aa104b4f6c,71be3019-2872-4e46-9e8f-941663554ca2,4bac67be-655d-4d16-9370-14d2048a4f70,663500,2026-06-18,125,90+ Days,Customer
3c199e4d-af69-4c77-aab0-0b6c016f1f77,ee050b45-8c17-4d06-ba05-a7f64ed04dab,036f6c21-07c0-4f9a-9afb-29b355feb9bd,660000,2026-06-18,503,90+ Days,Customer
8f68ebe0-1696-4431-949c-88ae087be599,71be3019-2872-4e46-9e8f-941663554ca2,a0d446f7-e079-470e-b89a-a278a27978f0,658000,2026-06-18,144,90+ Days,Customer
e2c7ff6c-f0a7-48ae-8f1d-3d0316809c65,71be3019-2872-4e46-9e8f-941663554ca2,9635241f-1ef2-485b-b20d-a94e8448461e,649993,2026-06-18,606,90+ Days,Customer
15a298ef-1e45-425d-856c-79b37bb04964,71be3019-2872-4e46-9e8f-941663554ca2,14f6ab15-5028-4db3-9fae-e9135df01620,640025,2026-06-18,112,90+ Days,Customer
e15b65f8-cbc3-4997-8973-2c1992638f17,a196000a-c83c-402d-8024-2a2c4dda447c,194d6f0e-cee7-4713-b949-2bdee08e612a,634506,2026-06-18,524,90+ Days,Customer
42b6eb30-99fc-47d0-816b-54df1f652506,2eca054f-561f-491f-8265-94eed66bdf4f,d0ba02d5-bd9b-48d9-8fc0-a2186f550f99,681870,2026-06-18,207,90+ Days,Customer
4b936f6b-5371-4ba0-8f35-43e3f63a3206,71be3019-2872-4e46-9e8f-941663554ca2,dc9afd75-cfe6-4d39-9117-53397217ea04,624350,2026-06-18,433,90+ Days,Customer
ebbff309-8197-4d74-a956-68d16903896f,4b5902bf-67f1-4e06-8882-ca516c1842db,6881db8e-736e-4e9c-b8c6-7da9530770b4,618000,2026-06-18,148,90+ Days,Customer
d9cab2ff-d6bf-4521-a6f2-97a3926fa35c,a196000a-c83c-402d-8024-2a2c4dda447c,1d3c940e-a287-472e-a1f5-d8e4bd8ecc2f,614999,2026-06-18,585,90+ Days,Customer
4f69c36d-b54d-4e90-83fc-c30596e01f64,6e294634-9504-4be4-960e-df2f3ae4b416,7de260cf-fcd0-421f-9b7d-93216bbcd7f9,610000,2026-06-18,387,90+ Days,Customer
c729dca3-b950-4d58-9e25-2abfba193634,beb13cfd-593a-4390-b602-93a464c0d4d5,a6139459-c23c-4a95-8f27-9905a2ba2a63,607500,2026-06-18,483,90+ Days,Customer
1c1fc6d0-b9a5-4c25-9fd7-122808389b97,7b237e41-2adb-467e-99f1-32f71332e3e7,4e39801f-5bd7-4e4f-a2cf-d4de919f9399,700000,2026-06-18,436,90+ Days,Customer
3ce9e5bd-73c6-4931-8e6f-8d0609d999f8,71be3019-2872-4e46-9e8f-941663554ca2,387f38c2-6cb9-4921-a508-b6e712aa598d,619700,2026-06-18,701,90+ Days,Customer
b5ded03a-59ef-4ea9-95e0-95b08502f387,18743788-16a2-4f11-93bd-cd2374745762,040d2421-319f-41cc-9d83-977a6284b694,315000,2026-06-18,322,90+ Days,Customer
85116942-f7ca-4226-a3c0-1f4eb8c7e912,8da5249a-c2b8-48c3-b61c-12ecf6d898d8,e9cd3055-cccd-4bb7-b150-78829c9e21eb,606805,2026-06-18,746,90+ Days,Customer
d23f3cee-b8df-46f0-9c76-7189e28518f8,71be3019-2872-4e46-9e8f-941663554ca2,cc77a99c-344d-492c-9a89-4b21f90a1d56,605100,2026-06-18,149,90+ Days,Customer
6b3c9fd9-c17d-4167-b275-8b0bedc0a041,71be3019-2872-4e46-9e8f-941663554ca2,050da02d-d499-4bdd-a341-aa18485275e6,601300,2026-06-18,427,90+ Days,Customer
7482dee0-ac99-44ab-9154-4c32366891c7,ccb49d47-ef18-415e-84ff-5119d836592b,888cfdc6-9214-4e57-9ae7-d909cda697cc,599450,2026-06-18,693,90+ Days,Customer
ca1055e5-4d2c-424f-8241-a390ae4466ce,56037025-414a-4a5f-8b0f-a21864528f78,a9e090b0-c160-4aac-9579-59db1bf0c4ea,596250,2026-06-18,408,90+ Days,Customer
7bc11b59-ed05-494e-aa21-4021361d81e9,71be3019-2872-4e46-9e8f-941663554ca2,d79413ab-67c7-4a84-bf06-5172348056d5,590400,2026-06-18,484,90+ Days,Customer
8f7bc1c0-45d4-4940-8ad5-bf85ab01f811,94840a95-c5bb-495e-a6b6-b69f8754b8b8,730f6a55-c342-423e-847a-872ed1e8cbfc,588800,2026-06-18,560,90+ Days,Customer
4f75ef68-002c-46e3-95c7-2c80ff132509,8da5249a-c2b8-48c3-b61c-12ecf6d898d8,1f5278f8-7a46-49cc-9639-c85763411dfe,584000,2026-06-18,736,90+ Days,Customer
9734cd06-ead1-4fe5-9788-668f8b98f0e2,8da5249a-c2b8-48c3-b61c-12ecf6d898d8,e9ad2354-33fe-4c65-8477-2a001f6fa509,578875,2026-06-18,500,90+ Days,Customer
821c0dc6-4241-49a0-b234-394173f1550f,71be3019-2872-4e46-9e8f-941663554ca2,2bd3db2f-a446-4bc9-a0df-5a052f3c36c0,577000,2026-06-18,350,90+ Days,Customer
dba990d4-16e4-4d9b-8cd7-0f2f5f2dd460,dd9e4314-694d-4353-8261-817b0794fbe3,12ce7857-e107-4515-8d12-8f4770aab973,574000,2026-06-18,514,90+ Days,Customer
ffd94b00-f540-4646-86a8-56f542fc72b1,8da5249a-c2b8-48c3-b61c-12ecf6d898d8,afbbbfab-e491-499d-80ba-9524879ae03c,572500,2026-06-18,736,90+ Days,Customer
3d44d17d-37dc-419f-9ec5-0a979cf7aec8,8da5249a-c2b8-48c3-b61c-12ecf6d898d8,f379ddc8-93cb-4080-9012-9528f0fe4e1a,571875,2026-06-18,605,90+ Days,Customer
152b9227-6558-448f-88ad-114e5d2e1b69,8da5249a-c2b8-48c3-b61c-12ecf6d898d8,b9786cb2-0590-4767-ae7b-87f2f870e78d,570900,2026-06-18,745,90+ Days,Customer
f8e692e4-6c8e-44ab-8801-f2bcbf0ee8a0,8da5249a-c2b8-48c3-b61c-12ecf6d898d8,f0255522-a43d-4e86-9b4b-eb72e497c0af,567800,2026-06-18,744,90+ Days,Customer
7e6804f0-ebf5-44c7-9b9b-6bffd61d0736,71be3019-2872-4e46-9e8f-941663554ca2,a99bfebd-eec1-455a-9490-e470ef28daca,567000,2026-06-18,506,90+ Days,Customer
d0c27925-b87c-4838-ba1d-b22291685df9,71be3019-2872-4e46-9e8f-941663554ca2,444b91ed-5523-4946-8ef1-6497e2015e41,564000,2026-06-18,431,90+ Days,Customer
8a12fcfd-bbb3-465a-950e-2cc47b563430,ee050b45-8c17-4d06-ba05-a7f64ed04dab,73ee062e-0505-483a-b17d-2af9a17aae19,562500,2026-06-18,235,90+ Days,Customer
3f75e65c-dae0-439a-bfec-179423157de6,71be3019-2872-4e46-9e8f-941663554ca2,fd61ebd5-5843-4968-ba1c-a0d1ce48e23c,562500,2026-06-18,599,90+ Days,Customer
bf076475-731f-4d4b-bb62-6d520d63aa0d,9c8577e0-bac5-40ed-ab97-d69d5aadb619,d01b0fb1-a779-4974-8c1d-22d7acdd4f97,562500,2026-06-18,255,90+ Days,Customer
6c7586ab-525c-4f89-b988-e97704fc2f98,ddc6b03a-4a98-439c-bfaf-cb665a6c6c5b,0aed7b54-c230-48b4-8987-327ff4aaaf2c,560000,2026-06-18,538,90+ Days,Customer
6349e42c-afb8-4dbc-8caf-31ce07832c1b,8da5249a-c2b8-48c3-b61c-12ecf6d898d8,3ff5214f-7090-4737-b712-0684e5c97382,559000,2026-06-18,555,90+ Days,Customer
4d3b1018-d12a-4ba1-8f8e-ba3049689104,8da5249a-c2b8-48c3-b61c-12ecf6d898d8,cd3525a5-068b-4554-b949-7aa0eaab1e93,557000,2026-06-18,612,90+ Days,Customer
cb4b0f46-122b-4a3d-b1b7-fab5608174d0,8da5249a-c2b8-48c3-b61c-12ecf6d898d8,b7ad2230-c330-447e-b31d-5e88778b3605,555125,2026-06-18,637,90+ Days,Customer
01d238ca-d3a7-44c5-a266-c7f6ea0b4eff,71be3019-2872-4e46-9e8f-941663554ca2,1fa31705-1168-442d-b270-45c56e5d4a66,555000,2026-06-18,526,90+ Days,Customer
29fb36a0-4219-4496-8f54-0d0300610063,8da5249a-c2b8-48c3-b61c-12ecf6d898d8,9275be52-e231-40d2-b649-869b8db2a947,553600,2026-06-18,571,90+ Days,Customer
84c85030-2c78-4ddb-9db2-0ed84082f7cd,4981436e-024e-4995-a548-d32aefa7e1e8,8fb5d283-6d32-41cc-ab0e-af24f5458c86,552000,2026-06-18,505,90+ Days,Customer
e2116295-cf1d-42c8-bb51-88b9221ab06a,61512ab1-0ef3-4a1e-87f7-c1818d094209,1d182698-4ff8-4ed1-9652-c2b41fa23cdc,692000,2026-06-18,451,90+ Days,Customer
9c9f23dc-fd15-42a8-bce8-29cd7b0c881c,4981436e-024e-4995-a548-d32aefa7e1e8,e8e8b926-49b0-4ff8-b2ff-06b2b39a9388,682500,2026-06-18,480,90+ Days,Customer
5ae99f24-0f4a-40b3-b2c0-a23598f8a612,a196000a-c83c-402d-8024-2a2c4dda447c,f5e83c15-c9de-4e0c-bfa9-1a12c85a6e96,668999,2026-06-18,574,90+ Days,Customer
554d05c3-2e81-4c0a-a8d7-2c7c6af185e8,be6aebf8-8a0f-4527-a9d4-d94f09f3c93a,35faf23a-986a-456a-9214-d6d65c88c086,660000,2026-06-18,512,90+ Days,Customer
61b21cd8-2029-4590-9e18-c1f589b80fe5,13434759-d4fc-4dc9-ad3b-480ab7211da2,6331bcd8-f76d-4ec3-a86f-a5d42c91798f,652750,2026-06-18,153,90+ Days,Customer
865ccb0f-7111-4de4-b6e1-ddaed9931100,71be3019-2872-4e46-9e8f-941663554ca2,b2e3b49b-c64d-43cd-8a0f-ff802c11c162,648500,2026-06-18,514,90+ Days,Customer
bf212455-6702-4161-9e15-da7353ba40f0,71be3019-2872-4e46-9e8f-941663554ca2,b462101e-a7ce-46ad-b406-93986802cd38,631500,2026-06-18,463,90+ Days,Customer
f92ecd4a-b1e4-4993-b58d-db7c6b3e46b3,a196000a-c83c-402d-8024-2a2c4dda447c,bc3772ba-2afb-45b5-abef-f289d271da94,629999,2026-06-18,582,90+ Days,Customer
f6e17786-96f1-47d7-9bd7-b767e9507d55,13434759-d4fc-4dc9-ad3b-480ab7211da2,21972bb1-3b40-4cd3-b94c-eed84fba388f,624679,2026-06-18,123,90+ Days,Customer
8eda42a3-deef-47e4-afd8-effeb354cd00,96b16a85-109f-4221-acc1-70fa87bccddc,1c9f7875-7ec5-4b5a-a30f-3c11ce41db15,621200,2026-06-18,226,90+ Days,Customer
e1600120-1d06-4e90-abe3-2551210b9dcd,71be3019-2872-4e46-9e8f-941663554ca2,767b267e-f3fd-4f09-94a0-0c6677f8f08a,617350,2026-06-18,323,90+ Days,Customer
fb8f78b2-3c66-4e95-8163-e4b52b6c9e11,9c8577e0-bac5-40ed-ab97-d69d5aadb619,e55557e7-ffad-4b2d-8d8d-87d1e89840eb,615538,2026-06-18,171,90+ Days,Customer
3bbb85f9-cda1-4c12-b795-4a4328233543,a196000a-c83c-402d-8024-2a2c4dda447c,0f5019a8-2c8c-4338-b05b-825b7c873bb2,614999,2026-06-18,541,90+ Days,Customer
4992fd1a-8174-4a20-9756-3ab0bbf7ef9c,4f0cd4d4-6997-4586-b94d-cfbfc15ccd92,64efb190-6606-4474-878f-8732abb4000a,610000,2026-06-18,325,90+ Days,Customer
916e6893-0729-408b-98a3-319039586dee,242b18b0-2b6e-4ef6-b311-fa29444b997b,0694a00c-531e-4227-93ba-286bbe56ec91,609700,2026-06-18,203,90+ Days,Customer
0da3e991-6464-49d3-817c-c6c71201b3c4,a196000a-c83c-402d-8024-2a2c4dda447c,0ca2c0f8-8f08-461b-af2e-3919bcdef529,605100,2026-06-18,503,90+ Days,Customer
ae063037-b990-46ae-9b2a-cb47169b7c27,71be3019-2872-4e46-9e8f-941663554ca2,bb092bd7-0d37-4e23-a181-145948e0c478,603500,2026-06-18,120,90+ Days,Customer
6bca371f-0041-497d-98cc-c455c714f858,71be3019-2872-4e46-9e8f-941663554ca2,56f4ca7b-ae88-420a-a684-98dd955c23f1,558810,2026-06-18,687,90+ Days,Customer
81fb8ead-d098-4235-8489-a5484ef34ad2,6eb42534-b7c0-486a-a2c6-379e3ca78b31,b19c9d23-c21d-4983-9021-cdd2e24b31c3,685000,2026-06-18,385,90+ Days,Customer
2d5944bf-a93a-4e24-b5a3-7ebb7359f35d,24aef1b9-d897-43a8-b394-84a3eaf5e593,50f951bb-81bd-463a-91a9-cef6e150a5e0,661700,2026-06-18,695,90+ Days,Customer
39ed38b4-64ad-4b84-90fa-f9aaaa90befb,95c5d920-3701-494c-b8ec-568a66ffc4ad,a692878e-bb41-4812-ada7-a5661ef839bc,525931,2026-06-18,366,90+ Days,Customer
cd5cff44-f9dc-4ddb-806e-8f2290a4b548,a196000a-c83c-402d-8024-2a2c4dda447c,baa6130f-49cd-4980-b00c-8fa6e7f86021,600989,2026-06-18,553,90+ Days,Customer
5d8780cd-6006-41be-845c-3fa16dda8627,ee050b45-8c17-4d06-ba05-a7f64ed04dab,92f5a4aa-fc10-413a-8ae8-fbf3b211d0cc,595000,2026-06-18,209,90+ Days,Customer
d23800c6-0a6a-4fee-b256-ece2ed275a8f,e0140edd-1909-49ae-9bdf-d36e683f578d,cea2edf0-7391-4414-b39f-ffb32b6ad730,588800,2026-06-18,508,90+ Days,Customer
1654418d-3b07-4817-ab2c-aa5f88261a44,ee050b45-8c17-4d06-ba05-a7f64ed04dab,3a1d6e52-34d8-4102-af2c-38b729fd96d5,586234,2026-06-18,689,90+ Days,Customer
d0aa4115-5bb0-45b5-a869-8f3307b9cacb,71be3019-2872-4e46-9e8f-941663554ca2,4b370ed8-1d13-454d-8094-e94a9c46d63f,578250,2026-06-18,345,90+ Days,Customer
54ee1515-e43c-4cd4-a3fa-1b7704ab8345,ba2a426b-f3d4-434e-ae15-02fb4d0d1756,0dc35a0b-c70e-4c2f-8ed5-b304ebad3ab9,578125,2026-06-18,678,90+ Days,Customer
6a88671c-47cc-4785-9581-85f326c6dc48,71be3019-2872-4e46-9e8f-941663554ca2,ecbb4053-a99a-48f0-8d98-ffee7951383c,573400,2026-06-18,468,90+ Days,Customer
19f7f1bc-622a-45a1-8389-f9eca8047098,d3bd615d-d50e-4da2-853b-1f8f3eea6550,dd681771-b36c-49f2-ac3d-796833357e84,570000,2026-06-18,540,90+ Days,Customer
d69345e4-4d60-4ede-a232-d38b629c2c08,71be3019-2872-4e46-9e8f-941663554ca2,4092faf6-6471-4d2e-beff-b90117047cd3,569500,2026-06-18,357,90+ Days,Customer
3d7a9faf-9791-40a5-8f65-bd34a115181e,6e294634-9504-4be4-960e-df2f3ae4b416,4b2190ac-9e02-4296-82a7-119727c9dcfb,567500,2026-06-18,409,90+ Days,Customer
e3fa9295-e680-4717-91d8-20b10c183503,ccb49d47-ef18-415e-84ff-5119d836592b,f22fd571-1cf9-4758-bc05-85bb66de8d05,564453,2026-06-18,603,90+ Days,Customer
f627abdb-4dbd-4c95-be24-56af747b64e0,8da5249a-c2b8-48c3-b61c-12ecf6d898d8,da187e5f-92bb-4328-8525-0288f58e3b14,563500,2026-06-18,689,90+ Days,Customer
ce17d140-82f5-4434-b82a-dcab84c1c574,ee050b45-8c17-4d06-ba05-a7f64ed04dab,9c7217fa-3183-4282-aaef-ca826e12f6f7,562500,2026-06-18,237,90+ Days,Customer
59581545-fb59-4a4f-a7c3-566e019d0b75,e0127f48-7045-4fdc-b308-c030eb515cc1,b8071c2a-3d01-4fc6-927e-bc65d8704648,562500,2026-06-18,603,90+ Days,Customer
3963e529-3e82-4d7a-9bd6-e5153f36d993,e96db2f5-75f3-4573-9c7d-2862020fc1be,b949a3c0-fe88-46fc-a60b-4fa0d867e8e8,561000,2026-06-18,212,90+ Days,Customer
3eff7ff8-87d7-4fac-98e7-36129203eb3b,8da5249a-c2b8-48c3-b61c-12ecf6d898d8,9fc9e2e0-ef90-482b-979b-52ce35d532d1,559000,2026-06-18,545,90+ Days,Customer
2fd45213-0ec3-41b4-b2d8-1be665e6699a,8da5249a-c2b8-48c3-b61c-12ecf6d898d8,6f8bd61d-cac6-4a07-9551-ae1e64f572f0,559000,2026-06-18,577,90+ Days,Customer
d8b01f31-0efc-4ef9-b321-27d2abfb31e4,e99e6ca5-a4bb-4343-a635-49f04389ca2a,3ea95858-a335-4cbb-af33-8ae292035087,558300,2026-06-18,302,90+ Days,Customer
7984addb-92b9-4333-884b-f34a07509e39,f8f33b1f-87de-473a-b1b4-85908a4b3fbb,d2fe2469-3243-45ce-8f4f-37043eba3125,556250,2026-06-18,517,90+ Days,Customer
7c97a696-c043-42e4-8e87-9f7564d8dfeb,f8f33b1f-87de-473a-b1b4-85908a4b3fbb,4b3e59c3-8af7-455c-aef4-52a457f65c2f,555000,2026-06-18,391,90+ Days,Customer
2c79a20d-04ad-4301-827a-96952ba92cae,8da5249a-c2b8-48c3-b61c-12ecf6d898d8,be8aaa92-7614-4420-a2fc-50140b3cce82,553250,2026-06-18,597,90+ Days,Customer
a94636a6-2c09-4b4c-a1e5-6dbdf27a09c9,a196000a-c83c-402d-8024-2a2c4dda447c,a8e7e1f9-cb4c-4fbc-a75b-e8d2a94c2417,551999,2026-06-18,364,90+ Days,Customer
277d6bfd-7640-4675-bf31-9c477adece8c,71be3019-2872-4e46-9e8f-941663554ca2,012c0b01-d059-47af-b865-9890f0803cc2,575250,2026-06-18,714,90+ Days,Customer
077f002e-db28-4a6d-9cc8-93df8ad5dd14,71be3019-2872-4e46-9e8f-941663554ca2,7faec2ea-9470-4fc6-902e-00e5df8a81ca,681800,2026-06-18,298,90+ Days,Customer
c2d7c15c-a30c-409a-9076-209d365c1294,71be3019-2872-4e46-9e8f-941663554ca2,b89a94d2-b31c-4c70-aca6-69b5838eaa51,674584,2026-06-18,228,90+ Days,Customer
21590e47-2e5c-4e3b-9b48-c97e71858e59,71be3019-2872-4e46-9e8f-941663554ca2,d8258a25-c922-43c9-b22b-ea6d086ff54f,668150,2026-06-18,522,90+ Days,Customer
d4574911-9e38-4bef-b027-385abf06b1e4,22c3834b-a9d8-4851-8514-d59d3b562b07,ca1e80ff-d065-4ba1-9f47-28c1c00fb8f3,660812,2026-06-18,270,90+ Days,Customer
9010560a-6c69-4dce-ac25-7f413683328f,be6aebf8-8a0f-4527-a9d4-d94f09f3c93a,aa03455d-105f-4248-b991-44245d5bd11e,660000,2026-06-18,526,90+ Days,Customer
1616765e-e8ea-4bb1-8163-cff07fbbd9b9,13434759-d4fc-4dc9-ad3b-480ab7211da2,a5567254-52d9-4a85-b7c3-120800ff720f,652750,2026-06-18,154,90+ Days,Customer
b6c43c1d-5e6e-4b9d-8d52-33c10a2bbf7b,71be3019-2872-4e46-9e8f-941663554ca2,d587f00f-1291-45cc-880f-de5537fcd2d9,643125,2026-06-18,485,90+ Days,Customer
fb5f1d6f-0bcf-4085-8a75-1ec19d5a741b,242b18b0-2b6e-4ef6-b311-fa29444b997b,1f7301d4-f014-4c21-b032-7e39084882da,636000,2026-06-18,128,90+ Days,Customer
68b756e5-e923-43a0-91ff-f0dca34508b5,71be3019-2872-4e46-9e8f-941663554ca2,81ceb154-4e36-418b-8fe4-5f9208de94b8,630200,2026-06-18,527,90+ Days,Customer
2651b2cf-2b77-43c9-ba99-b921259ae8c7,71be3019-2872-4e46-9e8f-941663554ca2,baa68b8e-ee65-476c-ac64-283b8cfd0296,623500,2026-06-18,492,90+ Days,Customer
a48d8ab9-cd42-4859-9419-d180047e231a,71be3019-2872-4e46-9e8f-941663554ca2,b7acae05-1755-4017-9d9a-03661affb854,618000,2026-06-18,276,90+ Days,Customer
72f6a30a-f90a-4885-8857-13d6ac6a0565,242b18b0-2b6e-4ef6-b311-fa29444b997b,f7d5fbd4-ab3f-4937-b75e-4a82a1be144d,615000,2026-06-18,268,90+ Days,Customer
40387d02-44bf-4216-a21f-caf3c11f15b8,f0fcd114-c83c-4557-ab8e-29869eb50b7b,c0d63c9d-441d-4a83-b1f1-050aea735688,610500,2026-06-18,514,90+ Days,Customer
b0b40772-a8ca-42d9-a784-02ce281b0ab5,8da5249a-c2b8-48c3-b61c-12ecf6d898d8,3f50fd66-6a6f-42a8-949e-d96f5f18e66c,609700,2026-06-18,699,90+ Days,Customer
2a8b94b2-b8cc-47ad-bd98-28e327792fa0,71be3019-2872-4e46-9e8f-941663554ca2,f72f50e1-f24e-4ed4-b073-81142fdfd7c4,607632,2026-06-18,319,90+ Days,Customer
c7d4135a-b6ae-4598-9b3b-927dfed44ea4,7278af2d-7018-4d13-bb4d-1b35f4307714,17e49a16-07b0-4797-a5e7-cf1efc2b4871,606000,2026-06-18,140,90+ Days,Customer
808240a2-efed-4f5e-a6c3-3aa807cc5dc9,ee050b45-8c17-4d06-ba05-a7f64ed04dab,730e838e-c1ce-457a-962a-04a4f2cef585,602223,2026-06-18,687,90+ Days,Customer
16b4ca42-6853-42a2-846f-c981c5cc7988,71be3019-2872-4e46-9e8f-941663554ca2,87a74476-5969-486d-85b1-9fdaa143fc1e,600875,2026-06-18,164,90+ Days,Customer
aae1377e-0383-4220-ade4-d01abbc5b475,71be3019-2872-4e46-9e8f-941663554ca2,454d5296-9ab7-4bc3-aa24-e87af696a950,624700,2026-06-18,724,90+ Days,Customer
dcccdc6b-aa48-4631-a8b7-2496b2e26db5,353bb4af-8760-4bd7-a2d2-354d4f3d52ba,4bf5c86b-c5ec-42e2-b0b6-fefd51c9df82,589187,2026-06-18,554,90+ Days,Customer
e32d54c1-356e-42e1-ae39-6adf89bf28a1,13434759-d4fc-4dc9-ad3b-480ab7211da2,51da0439-d7a9-47b1-8c62-fd43647afce1,585420,2026-06-18,174,90+ Days,Customer
aa7c6026-7f2a-4e6d-959e-7c00428db357,71be3019-2872-4e46-9e8f-941663554ca2,7d6a92be-6d39-4594-a460-2c5f734b1cf8,580450,2026-06-18,356,90+ Days,Customer
12a77337-1600-47fb-a7e4-261610a58f06,a196000a-c83c-402d-8024-2a2c4dda447c,d5d525e8-fa70-42f7-83fb-bac1ba843eb9,576798,2026-06-18,540,90+ Days,Customer
f1b0614f-b743-4797-8d1e-923c47a262d4,8da5249a-c2b8-48c3-b61c-12ecf6d898d8,4e548e7a-3750-4aef-bebb-2d05bfff7962,573000,2026-06-18,699,90+ Days,Customer
3e4c381c-2dde-4f8b-b5ff-f1bcd53845ff,8da5249a-c2b8-48c3-b61c-12ecf6d898d8,b0431f27-7551-43c6-9e6d-8a7cd1ffed5f,572400,2026-06-18,680,90+ Days,Customer
de15f676-31dd-4d58-b756-1afd54f78538,8da5249a-c2b8-48c3-b61c-12ecf6d898d8,3184da3a-f55f-4e65-a5ba-760d64005fd1,570075,2026-06-18,588,90+ Days,Customer
387358de-0178-4334-a770-288c2c081139,71be3019-2872-4e46-9e8f-941663554ca2,7c756715-c766-4d3d-82e4-b72c9530759a,570000,2026-06-18,527,90+ Days,Customer
9703e80f-95ed-49ca-bf62-30c67bf144d0,8da5249a-c2b8-48c3-b61c-12ecf6d898d8,70017d50-a992-4dc2-a815-81e9da8cf280,567200,2026-06-18,694,90+ Days,Customer
3c96e883-7922-4fef-9f1f-656050bb7a5e,71be3019-2872-4e46-9e8f-941663554ca2,000a806a-0d6e-4254-8afa-f4fa2e5d43fe,566200,2026-06-18,212,90+ Days,Customer
4ff60d0c-9b20-43cf-b847-e79e21d67594,e363fd6a-6b4d-4a1e-bc25-3407c67f6af1,e045f8e0-9557-4fe1-9ae3-3738a3175b83,516500,2026-06-18,338,90+ Days,Customer
5eab0694-7d57-49a4-a124-d85e2a88508c,8da5249a-c2b8-48c3-b61c-12ecf6d898d8,9656c794-557f-4dfa-a1e8-5cf3eaaaf57a,562500,2026-06-18,748,90+ Days,Customer
1bf837b5-32cf-4b64-b826-44fc046c8912,18743788-16a2-4f11-93bd-cd2374745762,eebd444f-98a4-4ad3-8137-6dc4888b3773,560700,2026-06-18,193,90+ Days,Customer
cc29c939-8341-411b-9edf-652acaed974b,8da5249a-c2b8-48c3-b61c-12ecf6d898d8,a273d943-0a1e-48d2-86c1-1a62ca9d8fb7,559200,2026-06-18,712,90+ Days,Customer
ef2f2797-d8a6-4686-94cd-c8b8202e992e,71be3019-2872-4e46-9e8f-941663554ca2,e15dd48d-3c38-4d01-9f8e-8d34a2803b40,558930,2026-06-18,273,90+ Days,Customer
12b5ce86-d18a-4ce9-97e5-0d1706dcf55b,8da5249a-c2b8-48c3-b61c-12ecf6d898d8,cfbf2332-4278-450b-8d95-113a4fba4ff9,558000,2026-06-18,586,90+ Days,Customer
b927b887-e8bb-48e9-9147-8de902c0bd5b,e50cb861-132f-46f8-adef-85c4c7c29fb5,2a90f96c-1c19-4a1b-ab4f-4dff1db338da,556250,2026-06-18,515,90+ Days,Customer
1ad144a0-c9a7-4cbc-afd1-bd6f669b9b27,6e294634-9504-4be4-960e-df2f3ae4b416,7b2452a5-10ce-42f4-b80b-6af64567c007,555000,2026-06-18,224,90+ Days,Customer
bb805d8c-797c-40a2-817e-db12df30891c,4981436e-024e-4995-a548-d32aefa7e1e8,1a7d1ba9-c019-41ca-85d4-b94098232215,555000,2026-06-18,528,90+ Days,Customer
78168d04-b9a7-45f7-8013-da7744a2ac4e,71be3019-2872-4e46-9e8f-941663554ca2,49ed48e4-03a9-44e1-930f-675e761f4dcc,551810,2026-06-18,255,90+ Days,Customer
d72f3933-398d-419a-a8a0-a7c43d35110b,6e294634-9504-4be4-960e-df2f3ae4b416,2aea9f1c-de37-4b31-9dcc-156c2e7f7885,681000,2026-06-18,409,90+ Days,Customer
cc7ead86-eed3-4813-a19a-a6efb40de3ca,71be3019-2872-4e46-9e8f-941663554ca2,3612476d-4565-4977-9d38-60b82148dc1c,673825,2026-06-18,191,90+ Days,Customer
3dc2d9e6-8f1a-43cd-b7bb-2dfbd2d54edf,71be3019-2872-4e46-9e8f-941663554ca2,f834fb9c-02e9-4d45-89db-002ce4428da0,666837,2026-06-18,182,90+ Days,Customer
b05287fc-6352-4698-b8a3-ccdfcfb7ce40,71be3019-2872-4e46-9e8f-941663554ca2,92f0d194-ecd3-4484-942d-471161a5905a,659250,2026-06-18,291,90+ Days,Customer
48a96d01-f387-4f40-919b-a0d5db5d8e78,9c8577e0-bac5-40ed-ab97-d69d5aadb619,5b585f55-3c08-446c-8875-60761633e48f,650000,2026-06-18,116,90+ Days,Customer
ec9eb88f-a871-468c-8d4a-47e5e4a0dd23,71be3019-2872-4e46-9e8f-941663554ca2,a3aad85c-7be0-4da0-805a-68dfb41f1535,562400,2026-06-18,701,90+ Days,Customer
e2c380c8-c617-4167-a9e8-e08580985846,71be3019-2872-4e46-9e8f-941663554ca2,381b0357-9451-491f-8a37-ce8020d7ead7,636000,2026-06-18,146,90+ Days,Customer
27ad244c-4c46-48dd-a093-68383c8d0b4a,71be3019-2872-4e46-9e8f-941663554ca2,15ef0930-f73c-4ed1-9f4b-3d988052c87f,630100,2026-06-18,585,90+ Days,Customer
b0aa9590-e03d-4b77-bf42-21253579690b,13434759-d4fc-4dc9-ad3b-480ab7211da2,578761dd-e84e-43bc-8ee6-b68a89ff1ca4,624679,2026-06-18,122,90+ Days,Customer
a5f1257b-e198-4bc6-bcf8-f93380b4dd95,71be3019-2872-4e46-9e8f-941663554ca2,5d0e3f64-f026-40cf-aaa9-7d07afec0c7f,621762,2026-06-18,613,90+ Days,Customer
ba1a78a8-faa7-4f28-9866-927621463557,13434759-d4fc-4dc9-ad3b-480ab7211da2,cef14b8e-4201-4c29-8073-906530aab4fd,617039,2026-06-18,147,90+ Days,Customer
e79e55fc-0480-45db-a61b-a776b3587758,8da5249a-c2b8-48c3-b61c-12ecf6d898d8,73134fec-0b56-45d7-a7be-1927eb7c4ef1,615300,2026-06-18,725,90+ Days,Customer
b01c47ac-dcf5-4f1e-8ee7-eea9adadd130,a196000a-c83c-402d-8024-2a2c4dda447c,70dcee9f-42fd-4305-8ec8-75adcdc3211c,614999,2026-06-18,585,90+ Days,Customer
2cb1533a-94dc-46ff-b751-b07d981e89b4,6e294634-9504-4be4-960e-df2f3ae4b416,2439e874-5dc4-4220-b82a-10d0246d525f,610000,2026-06-18,381,90+ Days,Customer
be7ba8f7-6d8a-47f8-965f-a4a7e247ae9f,71be3019-2872-4e46-9e8f-941663554ca2,245183fc-385e-48e9-a0b7-f85dc06be066,609500,2026-06-18,125,90+ Days,Customer
dfe3a756-a24d-4ea2-a970-0703c041da52,71be3019-2872-4e46-9e8f-941663554ca2,9cbe5b1d-94d9-4be5-bc5d-a69cb809050d,607500,2026-06-18,384,90+ Days,Customer
ae4f3181-6312-4d77-80b3-ddaedf2df6c1,a196000a-c83c-402d-8024-2a2c4dda447c,d719c528-8365-40b9-9b9c-bf56c0bb8709,605009,2026-06-18,553,90+ Days,Customer
5ff8e3b9-1de2-4a04-b22f-53904641f35f,e99e6ca5-a4bb-4343-a635-49f04389ca2a,0552a355-5451-4f32-b39d-9e308a5878c2,603299,2026-06-18,295,90+ Days,Customer
ba5ec57d-d647-47fa-8f66-4b4b85733bc5,6e294634-9504-4be4-960e-df2f3ae4b416,42ed250c-3a98-475c-9ccf-f63e2ecc00c4,600000,2026-06-18,398,90+ Days,Customer
cb2e970e-a898-49ce-acb4-d9b08a80e47e,e0140edd-1909-49ae-9bdf-d36e683f578d,1a1f4f79-bb8b-48f3-964d-40a61ae60845,596000,2026-06-18,521,90+ Days,Customer
753a2189-f405-4c4c-af6e-1df3b816e037,a196000a-c83c-402d-8024-2a2c4dda447c,b5f3aa05-9714-4001-af3b-e133f0e6cbf2,587499,2026-06-18,212,90+ Days,Customer
0f1ea32c-7524-4dff-8196-8358c64e5c4f,8da5249a-c2b8-48c3-b61c-12ecf6d898d8,bf78ada3-d2b3-4544-b640-f10bc6217188,577500,2026-06-18,675,90+ Days,Customer
4bf9f9ad-c78b-410d-801d-c05e96ad3c85,94840a95-c5bb-495e-a6b6-b69f8754b8b8,527a585f-2d29-459a-aa8d-4f07be768fc3,574500,2026-06-18,521,90+ Days,Customer
56d0bcfa-5f09-4fa6-8711-81eb3a3475fe,e8eebbbf-0288-444d-8431-e3f30876c782,3cb5cb03-27a5-4a57-bb26-aa0399809502,396000,2026-06-18,184,90+ Days,Customer
5dce4673-fc8e-4390-9def-d53b85a21ec5,f3df996d-b48b-4239-8bf1-1e46b44fabd6,1dcb448d-cdb5-4628-9570-efe87a9870cc,100782,2026-06-18,224,90+ Days,Customer
ee67627a-1a24-4102-bf00-74d811d72114,8da5249a-c2b8-48c3-b61c-12ecf6d898d8,5d0982b0-cf66-460c-8cbf-25da5b46516b,573000,2026-06-18,693,90+ Days,Customer
2884bdb1-c73d-4e09-8f33-2fa785a5e2e6,8da5249a-c2b8-48c3-b61c-12ecf6d898d8,3b16db81-ca02-431c-a730-ed5ccfcf7fdb,571875,2026-06-18,529,90+ Days,Customer
986b3612-6c9f-4111-af29-7ee1a726a4a1,d3bd615d-d50e-4da2-853b-1f8f3eea6550,3e4a60fb-953e-4f91-aa3a-7fb3e845ebe2,570000,2026-06-18,538,90+ Days,Customer
7c4b0ca0-d016-4c50-8931-c954d4245227,71be3019-2872-4e46-9e8f-941663554ca2,d5810be8-c7f0-4a66-87a8-e3a29947cd66,570000,2026-06-18,546,90+ Days,Customer
5f0f69ae-7dbf-4328-bc41-61317d3ad0cd,58cacb19-26f8-4710-82a0-ef5aaf515fcd,07ef1e54-a523-4edf-a85f-b0415960c3c4,567187,2026-06-18,619,90+ Days,Customer
f738fed3-055f-4827-bef8-83192c4711eb,71be3019-2872-4e46-9e8f-941663554ca2,a94f2cb7-0198-4a40-96f3-1b9f7c561e99,565545,2026-06-18,225,90+ Days,Customer
b7f74c6f-8570-4b24-9336-4b32737ec6a7,d3bd615d-d50e-4da2-853b-1f8f3eea6550,c25a9001-3623-47af-8235-c35f298d2427,562800,2026-06-18,507,90+ Days,Customer
990638ed-7819-4700-a0f6-ec6b88dd0a30,6e294634-9504-4be4-960e-df2f3ae4b416,355ff8f6-6727-4994-901b-289ad3edbd9e,562500,2026-06-18,410,90+ Days,Customer
a95b2f1b-baa9-4b62-8bae-e08c50a8265e,8da5249a-c2b8-48c3-b61c-12ecf6d898d8,4760c1fa-a944-4118-b35c-9fa9b709b298,561300,2026-06-18,710,90+ Days,Customer
d082072f-6d30-4f75-9bd6-30307aa92e5b,71be3019-2872-4e46-9e8f-941663554ca2,aeb6bf56-0ec2-406f-b44b-a8cf3e6a96c0,560625,2026-06-18,588,90+ Days,Customer
bbca5251-1e2e-439a-9c2d-8829a9893bee,8da5249a-c2b8-48c3-b61c-12ecf6d898d8,b3137367-3787-40b6-b7be-a0aed6eee509,559000,2026-06-18,549,90+ Days,Customer
1e91961c-c4b6-4037-ba70-f8a9be77b877,71be3019-2872-4e46-9e8f-941663554ca2,93d57acc-3d55-455f-a4b0-0a892b1dc57e,558750,2026-06-18,200,90+ Days,Customer
60967d61-3aa3-4b13-acf8-d00be80dc3df,71be3019-2872-4e46-9e8f-941663554ca2,e9dcbc0e-bb44-44a5-b9f9-33ac901c057b,557317,2026-06-18,484,90+ Days,Customer
3b1c19ad-fbf6-499e-847d-2cca63c5d246,71be3019-2872-4e46-9e8f-941663554ca2,5b082470-8cb8-42bd-b60a-b296748d389b,555500,2026-06-18,458,90+ Days,Customer
5659f6a0-dc26-4aca-a223-eb19be5acfb3,84a3b001-94f5-4c5f-b5fe-1ba3599567e6,4b1ae897-f054-4f71-9a94-36b1aa37bca8,555000,2026-06-18,701,90+ Days,Customer
e5855ee2-9bd7-4e9c-8f3a-dc3e0acd9aca,71be3019-2872-4e46-9e8f-941663554ca2,37f2b197-60ed-4f60-99c1-f7794573f3e2,554590,2026-06-18,326,90+ Days,Customer
2bd6da64-a8e9-4c50-8a20-84ac692337f4,d3bd615d-d50e-4da2-853b-1f8f3eea6550,7d0cdb30-a9bd-4cf7-8059-ccd09d991521,552000,2026-06-18,519,90+ Days,Customer
0b7dfa0d-6086-48eb-b9d2-aec5433a3d51,4f0cd4d4-6997-4586-b94d-cfbfc15ccd92,c6102bae-0a69-4d7e-b668-ad184819002f,551825,2026-06-18,699,90+ Days,Customer
f7d8c404-5b3c-4ac0-a2fb-5179edaba111,71be3019-2872-4e46-9e8f-941663554ca2,12be142c-e4cb-444c-b18b-1ab7194cad61,566400,2026-06-18,559,90+ Days,Customer
4886220c-a736-4c9b-bb39-4ac75f91e5b5,71be3019-2872-4e46-9e8f-941663554ca2,0d15e813-28a8-49a8-8600-0aab803f9ece,563369,2026-06-18,554,90+ Days,Customer
878b7a87-9c01-4dc5-8f4b-c5429f43b67c,cc1c75ac-51c8-428e-9f70-77c001aad47c,d91aa014-05fd-43e9-aa93-e7d9f2b4b827,561106,2026-06-18,210,90+ Days,Customer
5d54e1e1-488f-48e2-a69c-96977b44aa6e,71be3019-2872-4e46-9e8f-941663554ca2,f9834a29-a4ec-4e4e-8ae8-c54c8cdac9ef,559625,2026-06-18,354,90+ Days,Customer
a4aaca03-aece-4f49-bb7e-e30d2ff29df8,e0127f48-7045-4fdc-b308-c030eb515cc1,7a97f6fb-e3d6-422d-9233-880f36b80384,559475,2026-06-18,743,90+ Days,Customer
f275bba9-4747-4266-9b00-ce93dba308dc,e0127f48-7045-4fdc-b308-c030eb515cc1,1959b99b-74ff-457a-8d86-5ffd814d204a,558750,2026-06-18,679,90+ Days,Customer
cb07e7ee-e9c7-4961-a425-0530642a1a4f,71be3019-2872-4e46-9e8f-941663554ca2,ccdca1b5-6693-4f06-b027-dd3459855771,555000,2026-06-18,534,90+ Days,Customer
71aef833-fc1b-4125-9970-14d65f934265,4981436e-024e-4995-a548-d32aefa7e1e8,16b29f58-5f0f-41ca-aae8-d9c0313d861d,555000,2026-06-18,517,90+ Days,Customer
567c14d0-f41a-4b70-9188-7e79462c66e4,a196000a-c83c-402d-8024-2a2c4dda447c,7266ccb7-8104-4579-850a-d32737e3a9a3,551999,2026-06-18,360,90+ Days,Customer
08f75e4d-9c83-4d56-a04c-abf73885c739,71be3019-2872-4e46-9e8f-941663554ca2,50476dc0-2c95-4e57-b277-897d1fff2929,551600,2026-06-18,568,90+ Days,Customer
92296b94-5952-464e-9b85-0c9d4a6aa3f5,8da5249a-c2b8-48c3-b61c-12ecf6d898d8,cf0f4425-f8a9-4d4b-bac4-839def3b6c61,571875,2026-06-18,529,90+ Days,Customer
929e151b-3411-4cb7-b1ff-793c8f61334e,71be3019-2872-4e46-9e8f-941663554ca2,60f44006-bd44-4383-9fe1-a45dcef1f3f7,573670,2026-06-18,457,90+ Days,Customer
68073fea-34c3-4c09-a8a4-a460f02ff710,4f0cd4d4-6997-4586-b94d-cfbfc15ccd92,5a6991b8-e100-4d14-89e4-23c07810c835,569725,2026-06-18,723,90+ Days,Customer
5945bb85-aebf-4f99-a91e-9d0cdb35540b,71be3019-2872-4e46-9e8f-941663554ca2,33f74b94-d8ed-4f4e-ac4c-c4d6d694b3bf,690070,2026-06-18,590,90+ Days,Customer
5fdcfa7d-f7a5-4291-8131-28e83bb49636,8da5249a-c2b8-48c3-b61c-12ecf6d898d8,7328d533-bd0c-4914-85f9-049d5954ee6c,684000,2026-06-18,535,90+ Days,Customer
5b7d1122-5295-4526-b854-eb86c5c2a728,2eca054f-561f-491f-8265-94eed66bdf4f,0bc708c8-1bfc-4e14-b098-f519eaa61f82,660812,2026-06-18,272,90+ Days,Customer
47cb7a94-8f7f-4815-83a9-15b4497323e4,71be3019-2872-4e46-9e8f-941663554ca2,ef7c1848-2e53-4058-975a-c03de40e7b97,665195,2026-06-18,368,90+ Days,Customer
e77af731-65ef-4685-8a4a-ec192b44b419,a196000a-c83c-402d-8024-2a2c4dda447c,1547feee-fc70-4cad-ae73-6a25c64fbe9a,660000,2026-06-18,521,90+ Days,Customer
72ea2b1f-832e-4159-9859-b8d9462a9cd3,71be3019-2872-4e46-9e8f-941663554ca2,bf19045e-1c00-4ec0-998c-d46ea81dc646,653203,2026-06-18,454,90+ Days,Customer
b71d9c5e-b7b4-44bf-8b73-0ab418a128fc,71be3019-2872-4e46-9e8f-941663554ca2,b50d4377-3f6e-4277-8c3f-11b517cd5f71,649800,2026-06-18,423,90+ Days,Customer
661b33c2-579e-48c1-8b5e-8299df5e895b,e50cb861-132f-46f8-adef-85c4c7c29fb5,32bf6a4c-f812-4f71-b61e-b91a6e3252ac,647999,2026-06-18,450,90+ Days,Customer
95ec5ee2-fffa-49b3-b313-96cd079ae112,e81165ad-05bb-4b73-9bde-443bc6e8b08a,10365ea5-c027-41e1-8747-09f310b257ad,556400,2026-06-18,578,90+ Days,Customer
6c8a6b4c-706c-4a9a-8223-2dac8615904b,13434759-d4fc-4dc9-ad3b-480ab7211da2,91679047-1ea5-4bb6-af9a-9afe862d2de5,630429,2026-06-18,184,90+ Days,Customer
e9a1d695-ca26-4423-ae1c-401a704e31f8,f0fcd114-c83c-4557-ab8e-29869eb50b7b,b5bd5a65-658e-43c7-89b6-1996c180f530,625000,2026-06-18,449,90+ Days,Customer
fb630f1e-dcbc-417e-8f0d-a24bf8812dab,71be3019-2872-4e46-9e8f-941663554ca2,3449ab52-5285-4d79-b289-686a5036d472,624232,2026-06-18,479,90+ Days,Customer
007c8920-e621-448f-8795-57771ca53a3a,58cacb19-26f8-4710-82a0-ef5aaf515fcd,5f7513b3-b2ea-4ebc-892e-cb5a5d0d6f0e,555088,2026-06-18,699,90+ Days,Customer
0714d32a-345b-4256-883e-cc2c18027c58,95c5d920-3701-494c-b8ec-568a66ffc4ad,ce25a82e-be2c-4ed4-98d5-813043595860,31649,2026-06-18,415,90+ Days,Customer
c17122e4-8a3b-498e-8439-5fcbad5296fc,71be3019-2872-4e46-9e8f-941663554ca2,8c13bf1c-49bf-4701-9ae5-b4ee9361476a,616800,2026-06-18,368,90+ Days,Customer
f9aaa8b1-2259-4869-8cb6-71f3c14be5f2,a196000a-c83c-402d-8024-2a2c4dda447c,559f78f2-c3bc-4c92-89f9-31ebb581cdd1,614999,2026-06-18,421,90+ Days,Customer
38e989e3-2c74-4a0c-b5e4-e3ba8a223d7b,a196000a-c83c-402d-8024-2a2c4dda447c,609e8598-275b-4c4c-ad3a-65f6bb01f19c,612000,2026-06-18,459,90+ Days,Customer
6dd01cfb-d864-4425-8fee-2857a10aef7e,242b18b0-2b6e-4ef6-b311-fa29444b997b,28e8078f-5a0d-491a-80a2-16d4e6034ba8,609700,2026-06-18,198,90+ Days,Customer
fbb4f47d-dba9-48d1-9ce4-588dee371945,71be3019-2872-4e46-9e8f-941663554ca2,37baf339-302d-4747-916f-873052417a38,608395,2026-06-18,436,90+ Days,Customer
dcb5804c-0a60-4604-a33d-eabff1bd3cfa,beb13cfd-593a-4390-b602-93a464c0d4d5,3209bb8b-00d8-4610-b198-336379042636,607500,2026-06-18,483,90+ Days,Customer
ff86a42a-501b-4e4c-882f-236ff29ec333,96f8c31d-8874-4382-947a-a6236f251b81,f2d20a5a-f803-4306-a691-7141266589e3,605000,2026-06-18,584,90+ Days,Customer
2ceae77b-80a7-4e75-98a6-063b9d87667b,e99e6ca5-a4bb-4343-a635-49f04389ca2a,084958cf-cc03-467f-ae43-a8ce2e85ae66,603300,2026-06-18,300,90+ Days,Customer
eb7fe558-db87-4688-b36e-20a4690d8a70,ccb49d47-ef18-415e-84ff-5119d836592b,ed488405-84d2-43c9-9247-9b3b7616a07c,598200,2026-06-18,700,90+ Days,Customer
010d4a88-f641-4ee0-8dbe-a2094ceb7957,80dd1cba-db4a-4856-92ac-722a4b856b9f,66477b44-f4a9-4adc-b329-efac9da8fe9d,302500,2026-06-18,676,90+ Days,Customer
964fac0d-9059-4e01-84a1-530fba8e56df,6f5a24a0-1dbd-4a1b-9e43-42f82094fc21,41fc81a1-30c6-408a-ba0f-570de4481f34,300000,2026-06-18,316,90+ Days,Customer
faec2e14-c49f-4b53-b904-bff4aededfb6,71be3019-2872-4e46-9e8f-941663554ca2,7d9d865b-d697-44c8-8114-58ccf8f03131,300000,2026-06-18,280,90+ Days,Customer
78ff76be-523e-4aa3-bf9c-31ee1088b513,95c5d920-3701-494c-b8ec-568a66ffc4ad,5a7ad35d-aade-41d8-a9d0-97cc4a965523,295350,2026-06-18,126,90+ Days,Customer
c193207f-6d36-4185-a8a3-23bb7e6d650e,71be3019-2872-4e46-9e8f-941663554ca2,e5bd7e07-ff25-4ed1-b4e8-9c56dba15cb7,295250,2026-06-18,361,90+ Days,Customer
18665e00-2fc7-4069-b69b-8f2e5a637ed8,71be3019-2872-4e46-9e8f-941663554ca2,4c90008d-efd1-49fd-bfc2-2cff7e6429db,293750,2026-06-18,419,90+ Days,Customer
ba524c73-9e93-4992-af70-5fce3e899cee,8da5249a-c2b8-48c3-b61c-12ecf6d898d8,f80e8c87-fd02-4462-9c8b-3558247e27d7,292500,2026-06-18,738,90+ Days,Customer
7d36d429-9784-4ca5-9bde-b2e34220898e,71be3019-2872-4e46-9e8f-941663554ca2,20fdc734-554e-4425-bc42-6bc79b047caa,291500,2026-06-18,234,90+ Days,Customer
71ec97f9-4796-4e3f-86cb-a0b7bcb8faa9,71be3019-2872-4e46-9e8f-941663554ca2,3c848add-88ed-4168-a42c-eeaeb355b4b5,290400,2026-06-18,380,90+ Days,Customer
56dc725d-3a63-4ce1-92c0-cde17b219ac7,8da5249a-c2b8-48c3-b61c-12ecf6d898d8,a6df6495-507c-490e-b582-58a0ed3f1320,289411,2026-06-18,752,90+ Days,Customer
8863e49e-4e66-4b11-9c11-f8df28beba66,71be3019-2872-4e46-9e8f-941663554ca2,c2f230b9-8c72-4331-96e3-26acfe7ac390,287475,2026-06-18,237,90+ Days,Customer
3d344508-e560-4e6d-a83a-6ada239daee7,95c5d920-3701-494c-b8ec-568a66ffc4ad,76dbd1fd-6863-4f77-921a-7cc4b96f9e4e,286500,2026-06-18,158,90+ Days,Customer
3c64c6a8-3408-4094-b1b5-6069cf94a6e5,6ef4fc76-da3f-4422-8a17-41c7ecd6dd4f,47c4e6ca-094c-4937-af19-bae2a4b89219,283850,2026-06-18,202,90+ Days,Customer
c287a341-d031-4b1b-a986-4337d3527037,71be3019-2872-4e46-9e8f-941663554ca2,dc9a7b23-8efb-4e92-9a39-7a6d57f0623c,283600,2026-06-18,144,90+ Days,Customer
449ac070-9fff-4a1b-b5be-e7f486ff5959,71be3019-2872-4e46-9e8f-941663554ca2,466827c0-dc12-4c78-a2c9-5e656de9707b,281500,2026-06-18,482,90+ Days,Customer
e04d7051-746c-4bba-ab80-c2de1212457e,71be3019-2872-4e46-9e8f-941663554ca2,a909f6c3-59d3-4167-b048-62421037eb66,280500,2026-06-18,557,90+ Days,Customer
af7c1d8e-0c39-40c9-a5b7-bd82c7130022,8da5249a-c2b8-48c3-b61c-12ecf6d898d8,cf4db89f-e986-4b17-9971-78b25a185f4c,279680,2026-06-18,716,90+ Days,Customer
5551aae7-0efd-4db9-86c4-25cd097dd768,be6aebf8-8a0f-4527-a9d4-d94f09f3c93a,b0c57747-ee21-4b03-8bf4-b40aae42c413,277500,2026-06-18,207,90+ Days,Customer
8e1aa6ab-965a-419d-8b0f-7a8579091b0f,be6aebf8-8a0f-4527-a9d4-d94f09f3c93a,f7f78c7a-e984-4c48-9c5e-9bf37fd99490,277500,2026-06-18,223,90+ Days,Customer
950d71cf-82c4-4a40-970f-768ce4008067,4b258052-1399-4244-a36b-e087424e0980,6f1eec47-e73c-4c9d-a77d-2af5fcd30950,276050,2026-06-18,586,90+ Days,Customer
d8c0ddd3-d21f-4658-9d68-068e015d0da8,4ef83a84-e315-4f3e-94e1-511f936e9e34,059201e4-7ea6-4a64-82ac-69eafdbda9e6,274000,2026-06-18,421,90+ Days,Customer
da2b705b-e0b6-44ba-9227-b641d55840d0,3a7d94bb-5c12-4883-8ad6-89e229c72c2a,923513d2-d42f-4e30-ab74-27f191ec4c3e,271250,2026-06-18,750,90+ Days,Customer
0a5e0339-9c2a-41ed-8c4c-9f99a04c4f88,c81204ce-d171-4f1e-a34b-eb7b553ddaeb,bdbffadb-1bbd-4f0b-941e-b211bb006a61,271250,2026-06-18,582,90+ Days,Customer
15fe88fd-8a6e-47eb-9287-ba594ce60a69,91ef0a4a-933b-49ad-9214-225e7b7a0c58,c3986889-d127-4d04-8637-726678f97e52,270200,2026-06-18,654,90+ Days,Customer
89748d66-18c0-4aa7-8470-324915c7177f,f0fcd114-c83c-4557-ab8e-29869eb50b7b,3d9a0d70-184e-4e33-a12c-63894714cdfc,270000,2026-06-18,267,90+ Days,Customer
cdeb5d9f-f51f-4d53-8503-342a6f3b97ba,46259c13-632d-449f-a96f-f1deab0e0046,336b08ac-26ec-4024-a916-e11a7f365f56,269000,2026-06-18,115,90+ Days,Customer
277e7c9d-1bed-4c1e-9ff8-3e6a636025e3,9ef1c398-08d9-42ff-a90f-e79958f2aadc,f2d92bb1-1a7f-4b4e-b46a-a9f9fb496e32,268500,2026-06-18,163,90+ Days,Customer
09db7b97-fc70-478f-ab36-20cf7181a3ac,ae1c1a81-1b14-40c4-b8c0-f34710c576cb,d9a691d7-0193-4898-9f0e-b5df37c49fb5,268500,2026-06-18,160,90+ Days,Customer
0b1fae5a-eb45-45fc-8204-5c3bb7e6a1c9,8f06ff88-5db5-47ec-b27f-af2ef21de406,87e5abde-e793-43c4-9ce7-a9e313be393c,268500,2026-06-18,140,90+ Days,Customer
9a864981-ad41-49b9-b6f7-d97a63e89237,51bf73f4-c8da-4e75-b5c1-72b2dc1014a0,621adea9-fdb4-42ca-9db0-5850602490f4,267750,2026-06-18,263,90+ Days,Customer
66d42bd0-3761-4e06-afe1-502ce9514aa9,13434759-d4fc-4dc9-ad3b-480ab7211da2,8cc8aacf-8444-4ff6-8073-76ca99083de9,267719,2026-06-18,115,90+ Days,Customer
894760d0-b56f-499b-86a6-96c54dce4b3b,51bf73f4-c8da-4e75-b5c1-72b2dc1014a0,4b38c814-3fdc-4959-abab-c56e2b60967f,265500,2026-06-18,697,90+ Days,Customer
9be0b035-b14d-4177-a0de-3155d5a7286d,5bd75a72-6cce-49d2-8c36-efc22b10d1c2,5946e1fb-6a7d-46ed-ac10-ac3145d1598a,264550,2026-06-18,384,90+ Days,Customer
f8e5b9e1-523b-4018-a546-4b9e3ef2eb19,f0aca777-38ce-4a56-9108-dbbfb2edb831,b9073233-4daf-4006-a269-e5263b4e98a8,264000,2026-06-18,554,90+ Days,Customer
7c2666a4-0162-4934-9027-ed0f7d240258,1b6208e2-3404-4731-877d-3e2d93821bb0,ee9b2354-6df2-415a-93bf-54792b82b4ae,276050,2026-06-18,587,90+ Days,Customer
1f4d2f34-a78a-4d8b-846b-d930d346c1cd,5bd78e3e-c793-45af-9207-447306d75441,d26ec84d-fd95-47e6-bee6-ea3d7f1b8c1a,274000,2026-06-18,658,90+ Days,Customer
a839110d-65be-46b5-b156-dea5b39f1081,71be3019-2872-4e46-9e8f-941663554ca2,3dfec33c-5275-4b7d-934a-e6d7aa73f03a,268500,2026-06-18,711,90+ Days,Customer
e4cec5b0-a0d1-4a75-b82a-378b26c3e84a,cc1c75ac-51c8-428e-9f70-77c001aad47c,26be3651-e9f2-463c-95ba-075b9ff3aad3,34835,2026-06-18,277,90+ Days,Customer
9e729fcb-c38f-4457-b49a-a33eef6e70d2,44241cfa-3426-4b7e-b72f-a6cb09c45f45,b24ad657-2bf2-4fa1-af05-f40a6748b249,266450,2026-06-18,609,90+ Days,Customer
9a068927-99b7-4b8d-8225-b36be0a52e61,71be3019-2872-4e46-9e8f-941663554ca2,774d38bc-bd85-4431-a2c1-cbc51f9f0ba9,263000,2026-06-18,265,90+ Days,Customer
f2e936fe-e845-46a5-a82e-08253aa2bcd4,19f9541f-8157-48ba-a008-92b6159819ac,71bb3fb0-128e-44ec-8c9e-73459cf2a54a,260500,2026-06-18,567,90+ Days,Customer
8adbb9d5-a4ba-4240-a7f2-598a854d522e,8da5249a-c2b8-48c3-b61c-12ecf6d898d8,a6bb9bed-3f97-4620-9aa9-2853ca93c0ad,260281,2026-06-18,686,90+ Days,Customer
c1ca0b3a-a7f4-4d4e-a091-bef0f9168cf3,8da5249a-c2b8-48c3-b61c-12ecf6d898d8,db28c95d-5e2d-4341-bf64-154c911bb2a7,540900,2026-06-18,717,90+ Days,Customer
d968bf55-1248-4aa1-a2c7-1bf4aaf69a0e,71be3019-2872-4e46-9e8f-941663554ca2,237b33db-bdfa-48d6-aef0-d0049519fefd,538375,2026-06-18,625,90+ Days,Customer
8aa40342-43ea-46ac-9cc6-7b68b716bc84,9c8577e0-bac5-40ed-ab97-d69d5aadb619,b41b8317-098a-466b-b07a-dd56cd0dcde1,537500,2026-06-18,277,90+ Days,Customer
9f49e552-2b6e-4e69-96f3-ba88c35c330f,71be3019-2872-4e46-9e8f-941663554ca2,20607743-923d-411f-b6f8-88210db8c3d8,534625,2026-06-18,591,90+ Days,Customer
c9ec2d01-594f-4e23-98f7-10969ed97bee,8da5249a-c2b8-48c3-b61c-12ecf6d898d8,19f667af-31de-4ff8-8889-af44ea69207c,534000,2026-06-18,708,90+ Days,Customer
3dbf2fb8-79d8-45b8-a8e3-bf40467248fa,71be3019-2872-4e46-9e8f-941663554ca2,ce5d7562-7182-46f8-be80-57493f12e451,533575,2026-06-18,525,90+ Days,Customer
0c1719d2-0133-4b32-90ab-0fc747ee919b,71be3019-2872-4e46-9e8f-941663554ca2,bfb53cdf-a8bf-4948-b7f1-7f6e84eecf75,532475,2026-06-18,571,90+ Days,Customer
395ddede-fc6d-42ad-a3e4-cee8544ba714,71be3019-2872-4e46-9e8f-941663554ca2,bf84479c-19ca-43e6-aa40-c2046dc7b115,540500,2026-06-18,679,90+ Days,Customer
b1b3b395-ff0d-4a3a-b8a6-2f658ce1fdca,8da5249a-c2b8-48c3-b61c-12ecf6d898d8,ffb23b33-c1e0-4c27-b3b0-19de049c964a,530000,2026-06-18,648,90+ Days,Customer
f0e53aac-ff8e-4d49-a416-f6d15122e845,e0127f48-7045-4fdc-b308-c030eb515cc1,07d1aec9-8e31-482c-9fc3-950fcb466172,528750,2026-06-18,639,90+ Days,Customer
2e513e93-1c61-479d-bda5-84ba62eba120,71be3019-2872-4e46-9e8f-941663554ca2,8d71c2be-a959-402c-bac8-a01c2c0a76c9,527300,2026-06-18,228,90+ Days,Customer
f1ec1e0d-441c-4231-9b12-32117ef24929,71be3019-2872-4e46-9e8f-941663554ca2,6781654f-0adc-42d6-913e-5b9ee31aeca7,523470,2026-06-18,333,90+ Days,Customer
026e544d-e8dc-489c-a3d3-e641cf7a6527,f0aca777-38ce-4a56-9108-dbbfb2edb831,5d806b9f-b244-4247-8466-6b53e45ac22e,522000,2026-06-18,594,90+ Days,Customer
e901a9ac-bc51-4551-92ff-fa0ce0588ee3,71be3019-2872-4e46-9e8f-941663554ca2,3ebc88b4-1b3c-44f6-80fc-e76846243562,519875,2026-06-18,611,90+ Days,Customer
d7c8d6b1-5f13-4f49-8209-67f9529d9ee2,a196000a-c83c-402d-8024-2a2c4dda447c,1a8d4e95-35e9-4574-aa8b-9a2f7b629db0,518749,2026-06-18,552,90+ Days,Customer
ce65d35d-e0da-4d6f-b328-71f49f308c63,71be3019-2872-4e46-9e8f-941663554ca2,6a9d637a-a189-4bbe-a5d3-76c2ce384607,513400,2026-06-18,302,90+ Days,Customer
5f4e9940-b3bb-46b3-add3-1671650a1b24,71be3019-2872-4e46-9e8f-941663554ca2,0d685c59-8e00-4963-a078-045752456c25,511500,2026-06-18,196,90+ Days,Customer
7a7023fd-0ea2-4acc-8285-17a463475274,ee050b45-8c17-4d06-ba05-a7f64ed04dab,81f40563-cad6-48bd-942f-74cc947cbdf5,510000,2026-06-18,347,90+ Days,Customer
41313d1e-7229-48f6-8004-288f0d66c745,80dd1cba-db4a-4856-92ac-722a4b856b9f,529ef964-10a9-4e71-920c-ba80dee3be0e,508600,2026-06-18,501,90+ Days,Customer
75e48900-1dbd-4062-b7ce-0c6eb1f29e5f,8da5249a-c2b8-48c3-b61c-12ecf6d898d8,fdec3815-7c7f-4298-8e2e-9a2a868b293a,507000,2026-06-18,744,90+ Days,Customer
bd43140f-fb06-4272-979d-8b64b9e62cf7,71be3019-2872-4e46-9e8f-941663554ca2,a7f52266-725e-4491-9b9f-9601121cd70b,504710,2026-06-18,478,90+ Days,Customer
2f3bc11e-c661-4d3a-9213-8ca8bee93c88,71be3019-2872-4e46-9e8f-941663554ca2,fc6b18a2-ed0b-498b-8eed-90bf21717a67,502838,2026-06-18,482,90+ Days,Customer
4f8d16aa-c91c-4a2b-9a5e-4fd947ef9a02,ceacec5a-ac86-4de1-8076-9e383cfcda8e,e9af8b3e-e320-4c1d-95a0-04b64cdebf6b,501000,2026-06-18,601,90+ Days,Customer
1641cf76-6429-4b54-96ab-c1d0893ee0d7,9c8577e0-bac5-40ed-ab97-d69d5aadb619,02bea322-7cdb-4f9d-b37e-ab030f1ed225,492800,2026-06-18,392,90+ Days,Customer
216c8d6c-0c53-4ef0-8426-9e8f24ccc3e4,71be3019-2872-4e46-9e8f-941663554ca2,59f35c62-d42d-4432-9dbe-0c460da2a287,537000,2026-06-18,713,90+ Days,Customer
3126e88e-813b-4ae6-a043-3654bde7abff,c6e017b2-c27d-4969-95de-8284a705a232,ed7879fd-2c67-426e-9a6a-6ed67bb93352,267500,2026-06-18,136,90+ Days,Customer
d1985dd5-004f-4f1e-b4f7-338827c3b593,71be3019-2872-4e46-9e8f-941663554ca2,4be2037e-1e76-466e-aab1-3d7fde51f834,522206,2026-06-18,721,90+ Days,Customer
65bb4cc9-1a2e-460a-a783-38de9ececfa8,ccb49d47-ef18-415e-84ff-5119d836592b,57844f45-fbf8-4b5a-8e0e-36063e41d7e7,264350,2026-06-18,727,90+ Days,Customer
6e497ecb-9968-4af5-b34b-4e1f3e4c8967,71be3019-2872-4e46-9e8f-941663554ca2,d30c3a15-6398-4e2c-a579-955ee84ce310,551250,2026-06-18,492,90+ Days,Customer
f8dba96d-4891-4f45-986d-a54ca5914630,a196000a-c83c-402d-8024-2a2c4dda447c,fc3825eb-852e-4326-a4ec-313c2222e79f,550000,2026-06-18,284,90+ Days,Customer
49dd8c8f-7f35-431e-860d-31e39f71c4b6,22f3c314-4681-438c-96f5-2c089289e523,65b8ce32-9da1-4d7f-af65-e94aa55633f5,549750,2026-06-18,699,90+ Days,Customer
a9336c5a-f0c4-499b-ab00-65743bdd9d8a,71be3019-2872-4e46-9e8f-941663554ca2,52014d62-2798-4b26-99c4-e8b41b938c5d,206301,2026-06-18,638,90+ Days,Customer
db5fd374-5543-47ab-800c-16e717d5af1d,71be3019-2872-4e46-9e8f-941663554ca2,67cbcb7c-379a-46aa-9b1a-3dce1eb70022,371284,2026-06-18,642,90+ Days,Customer
b7c56050-29e6-45e4-89ea-b32abeeba30d,71be3019-2872-4e46-9e8f-941663554ca2,83a7aad5-199e-4f81-bebf-4efa9ccfa5df,146520,2026-06-18,631,90+ Days,Customer
ce6ec319-dda4-4154-83b4-fc85488a256d,8f06ff88-5db5-47ec-b27f-af2ef21de406,0c35d67c-036e-4882-aae2-cb956ba80f19,259360,2026-06-18,263,90+ Days,Customer
2a5243e9-8a0a-461a-854f-4f81bc95d730,71be3019-2872-4e46-9e8f-941663554ca2,b3f5e6c3-e7cb-4a4d-ba4d-9cebb27719d3,531000,2026-06-18,766,90+ Days,Customer
a343a602-7f6f-4e9e-a29c-80f20ef6af5f,7e5b18e4-acb0-4a74-ad1d-f25958d7de14,cff5fa9e-0006-41fe-a3a3-8d87f8312a79,168450,2026-06-18,303,90+ Days,Customer
44d0521c-ebeb-4e37-88a2-f302628c942a,95c5d920-3701-494c-b8ec-568a66ffc4ad,f03c2f6f-b15a-4228-9609-3f35b19e2b42,513000,2026-06-18,694,90+ Days,Customer
d47fc94a-9c24-49a7-8e6c-ab1fd73f60f9,71be3019-2872-4e46-9e8f-941663554ca2,412f11bc-8bf6-45f8-a77c-1b0d249c8514,547812,2026-06-18,307,90+ Days,Customer
bbf7bd4c-58e1-40e0-9c0b-416015b52cf4,8da5249a-c2b8-48c3-b61c-12ecf6d898d8,23603398-2aac-4273-ba02-53a4f2689ac2,545900,2026-06-18,560,90+ Days,Customer
eaf37999-edfe-4fd4-9e94-f9f89f4173aa,71be3019-2872-4e46-9e8f-941663554ca2,df4899cb-dfd7-4960-9229-34fbf1f11eda,546562,2026-06-18,714,90+ Days,Customer
0a24c2f1-7325-4900-8b48-ace9e0a0e0eb,8da5249a-c2b8-48c3-b61c-12ecf6d898d8,28af49ac-bca5-4138-837c-10bc894d156a,535930,2026-06-18,762,90+ Days,Customer
b0d8ee4c-acf9-4fa2-8891-006815884723,8da5249a-c2b8-48c3-b61c-12ecf6d898d8,06772942-94d3-4f60-a683-10f0825a5b9a,551250,2026-06-18,634,90+ Days,Customer
32dd1239-214f-4ffb-8d24-3ee160830c3d,71be3019-2872-4e46-9e8f-941663554ca2,6be93ef5-e9ce-4216-8dcf-03606e166589,550300,2026-06-18,399,90+ Days,Customer
4537e90b-e8d4-4971-be06-64735b522476,ee050b45-8c17-4d06-ba05-a7f64ed04dab,fb2bf85f-315f-4147-9ac5-c3a3f9519879,550000,2026-06-18,248,90+ Days,Customer
41e56809-b616-41d5-8cac-1e4b01bad2e3,71be3019-2872-4e46-9e8f-941663554ca2,96916dd9-f5ce-478f-b4d0-a369cba9eae4,548750,2026-06-18,417,90+ Days,Customer
d4f93cb0-f52b-491b-abc4-712e0a91c466,8da5249a-c2b8-48c3-b61c-12ecf6d898d8,6b280c7e-c6f5-4bfd-b221-f2f3486b1377,547000,2026-06-18,674,90+ Days,Customer
125bdf57-29bb-429d-a93c-8e3efd8b19d9,58cacb19-26f8-4710-82a0-ef5aaf515fcd,9c4be3ab-13e1-4150-891a-0a2a563b3499,546375,2026-06-18,428,90+ Days,Customer
ce58f5b1-01fb-4618-b89f-9e3dd73a0dd7,4f0cd4d4-6997-4586-b94d-cfbfc15ccd92,2a68080a-e34e-4552-8807-fb57746b2bf5,543750,2026-06-18,720,90+ Days,Customer
7e9c29f8-c1c4-49d2-aa55-edd0b5abfe20,71be3019-2872-4e46-9e8f-941663554ca2,cf463bda-b5cf-4571-ae97-786affbc5f37,542560,2026-06-18,560,90+ Days,Customer
cbafc678-ef17-4111-b052-b3b42bc7a75e,4f0cd4d4-6997-4586-b94d-cfbfc15ccd92,7c69fbf9-9a56-4cb7-a889-9eb2d3a710e8,540000,2026-06-18,725,90+ Days,Customer
a5d9085b-aff9-4e97-95ae-28751160a268,71be3019-2872-4e46-9e8f-941663554ca2,f48cb9f4-a260-4b48-ac47-23c4c16fe643,539000,2026-06-18,482,90+ Days,Customer
6c468568-feba-46d4-a1b8-fe642059f89c,71be3019-2872-4e46-9e8f-941663554ca2,9015c60a-988f-4313-b83b-76c98840ce72,534000,2026-06-18,708,90+ Days,Customer
78f3e547-aa66-4114-bd2a-8ea5a51279b6,71be3019-2872-4e46-9e8f-941663554ca2,60383b10-5238-4002-ab8b-208866121e33,535477,2026-06-18,483,90+ Days,Customer
7c02268c-79c6-4895-8e9e-38daf83974db,8da5249a-c2b8-48c3-b61c-12ecf6d898d8,0e20843f-682a-4469-9d3b-2e2f6b9bb8f8,534000,2026-06-18,695,90+ Days,Customer
8105be0f-23d8-461b-afa7-d89f092637ba,8da5249a-c2b8-48c3-b61c-12ecf6d898d8,3a337327-9fbb-4347-8da1-7a03b4b52e71,530125,2026-06-18,601,90+ Days,Customer
197d4f69-cc3c-482d-a6c4-ec3e7f91322c,71be3019-2872-4e46-9e8f-941663554ca2,24c0c2e2-e2d3-46fa-9a14-8fb633566984,529200,2026-06-18,134,90+ Days,Customer
a46da63d-4a01-4fb3-a3b6-526cd0154282,8da5249a-c2b8-48c3-b61c-12ecf6d898d8,36cf7fd3-f26e-4064-a9f1-9005f4e236c4,528500,2026-06-18,751,90+ Days,Customer
6ce15179-59aa-4c5a-8123-9967476ae71f,71be3019-2872-4e46-9e8f-941663554ca2,cb7bd117-6a52-4325-a114-4f501a53e771,526500,2026-06-18,450,90+ Days,Customer
3f74d8f7-3aee-4f56-af41-950071d0bf89,8da5249a-c2b8-48c3-b61c-12ecf6d898d8,c331bb73-55ff-439f-adbb-bdb054890cad,522400,2026-06-18,651,90+ Days,Customer
468727bc-a349-43c3-a559-2cd4dd4a1a2c,2df9cb4d-3931-42d6-b71e-03529a9850cb,5cbf136d-3ac4-44b6-aefd-136a0f68f544,522000,2026-06-18,408,90+ Days,Customer
1b8031b1-43f1-4688-9b2b-43eb221e3c4b,be6aebf8-8a0f-4527-a9d4-d94f09f3c93a,5eca42a8-7b41-4461-a4a7-d2153f8f7114,520000,2026-06-18,437,90+ Days,Customer
0b8ee90f-948c-44e2-9708-ac44efa795f0,f0aca777-38ce-4a56-9108-dbbfb2edb831,e44fc43c-f885-4def-a8ca-cdee1ddb56b4,519000,2026-06-18,617,90+ Days,Customer
a08c0a0d-d779-4a96-b590-7fb0a4aec1d0,1a42863c-c5fb-4bad-bd55-5ec8b0d96206,dcf3020b-91ae-4226-a0dc-087d3d895c90,519000,2026-06-18,505,90+ Days,Customer
ee522f50-8689-4c8b-8df4-a6ea15bae97b,71be3019-2872-4e46-9e8f-941663554ca2,67bd3974-10b8-447a-b18b-71d626eef28b,518119,2026-06-18,538,90+ Days,Customer
0efe2a92-034d-4d2c-a5c7-565228515535,71be3019-2872-4e46-9e8f-941663554ca2,59a0267f-b776-45a8-94f4-0c1580490b64,515000,2026-06-18,162,90+ Days,Customer
11f7fd89-a878-4863-bcc5-94f115a61ade,7e8dad36-2a64-4fee-befe-3123f6ca73d7,3d9efa38-b2d2-4385-8604-84d5293c7fbc,513000,2026-06-18,221,90+ Days,Customer
d7911daf-2572-45c1-b6da-057a7f73517e,71be3019-2872-4e46-9e8f-941663554ca2,1dc7975f-3e43-4b88-bafe-23ba97723cb5,509700,2026-06-18,147,90+ Days,Customer
3c82eb58-d63f-49ba-90db-338752cec5ac,3907239e-a3a6-4372-a3f2-e3025acb2412,04208185-4bfa-404e-a590-23ef8087eb09,508125,2026-06-18,121,90+ Days,Customer
3455c133-5af1-477d-8fab-c9fe8c20e101,8da5249a-c2b8-48c3-b61c-12ecf6d898d8,ec7748c5-8ce3-49b8-877a-8eb58bd3c088,507000,2026-06-18,743,90+ Days,Customer
f8bac14a-6a6e-46a3-8570-6ffedb827a96,71be3019-2872-4e46-9e8f-941663554ca2,222c5382-ead4-4a15-8b82-fe34b7d7e4e1,502812,2026-06-18,270,90+ Days,Customer
1745086c-a892-4886-81a0-4fa866c23250,58cacb19-26f8-4710-82a0-ef5aaf515fcd,a52760ab-f593-4afb-bf90-570f1860d8bf,501000,2026-06-18,590,90+ Days,Customer
c9fb4141-e817-4337-8f18-dee6da312a47,8da5249a-c2b8-48c3-b61c-12ecf6d898d8,18d9b2c3-482c-483d-b180-efbc85fb24be,498050,2026-06-18,755,90+ Days,Customer
27c75455-bc1b-4d5a-8903-4697ce199c94,71be3019-2872-4e46-9e8f-941663554ca2,4fae0160-6b14-4e1d-b98f-7c6bd207077f,496500,2026-06-18,263,90+ Days,Customer
178c9156-0a54-4eb2-a798-dd8693b69335,71be3019-2872-4e46-9e8f-941663554ca2,60c546d5-0a1a-4acd-8b92-fe4e8dce652c,492875,2026-06-18,366,90+ Days,Customer
e26663f5-9a8b-4b58-8e0b-b2823105c6a0,ebd4b889-4b94-4c8e-acde-8b3b5f560d31,5a6ef950-d090-4c9f-93de-921d6ce3c435,264000,2026-06-18,235,90+ Days,Customer
ee0f83e7-2e02-4223-bcbf-96174430a14d,71be3019-2872-4e46-9e8f-941663554ca2,d7f981c2-a33f-49da-b3dd-574a0f439b02,263250,2026-06-18,449,90+ Days,Customer
511fc7ef-6422-4ac4-8694-18604bea00f5,71be3019-2872-4e46-9e8f-941663554ca2,6e0c95da-6b1b-48c6-874c-3af790f4bdd1,533250,2026-06-18,718,90+ Days,Customer
54fb02a1-b65e-4a5b-9c0c-d7c83ea8b34d,f83e8351-57ae-4284-99c8-3d0905e11e48,83bad8bf-add8-4a4e-a992-e9e510b85652,54270,2026-06-18,274,90+ Days,Customer
c1bb9b64-820f-4cbd-b859-af6746b3fb2e,71be3019-2872-4e46-9e8f-941663554ca2,57423893-a949-4f7f-b1b7-2bc994b0d531,525000,2026-06-18,687,90+ Days,Customer
f0feafa7-a57b-4b2b-9a8c-1d3dfaa3d6fe,71be3019-2872-4e46-9e8f-941663554ca2,1e75de04-8b28-4028-9074-7727732b6352,505300,2026-06-18,693,90+ Days,Customer
4d8a3c81-7233-484f-a26e-1870722519d4,71be3019-2872-4e46-9e8f-941663554ca2,2d0322b7-14eb-4401-9f89-5a6bc3878837,262000,2026-06-18,519,90+ Days,Customer
a3592e8c-e12b-47c7-a828-63bc1bb310db,f0aca777-38ce-4a56-9108-dbbfb2edb831,b4af9c29-1637-4553-bce2-881bc1fe76ee,261000,2026-06-18,599,90+ Days,Customer
78182c1d-2260-4aa3-a90c-67b7c65a72a5,71be3019-2872-4e46-9e8f-941663554ca2,113e0f0c-a5ab-4d90-b551-008a74767dd1,260000,2026-06-18,315,90+ Days,Customer
bba69a15-e7af-40a9-a739-e4d26ebb15da,93fddc8e-f4f2-462f-bbee-aab9c87be7fd,b64b5134-eaa3-4553-ab69-68b43fc5eac7,259200,2026-06-18,476,90+ Days,Customer
42a5e3a7-fdac-4a59-a40d-28d1e5a9c35e,f0aca777-38ce-4a56-9108-dbbfb2edb831,80f2d164-2362-4356-9004-252af90f08d6,258750,2026-06-18,517,90+ Days,Customer
ac507ab4-bddb-41a9-bf77-3b3204f880c4,1212e5df-2191-4eea-862f-248bb96835d6,e39d49a5-dbf1-41d5-9bdc-1b0c14c899b1,551250,2026-06-18,655,90+ Days,Customer
dbc355a7-4ac8-4f5d-b808-85e897ad2d9c,8da5249a-c2b8-48c3-b61c-12ecf6d898d8,03604df4-e713-4e49-8efc-6652e042120d,550250,2026-06-18,689,90+ Days,Customer
c524bc8f-c184-4c5d-87f6-d7e8ac5632c4,be6aebf8-8a0f-4527-a9d4-d94f09f3c93a,0be6a617-921e-4e80-8bbb-ec6c3ba86ee6,550000,2026-06-18,515,90+ Days,Customer
aee52357-03bc-4e74-b290-7677b7a864f2,ccb49d47-ef18-415e-84ff-5119d836592b,1e4e2eb4-40b2-4494-ab5d-08ce6d1a803a,546500,2026-06-18,759,90+ Days,Customer
5e142e07-e18b-40af-a15b-911e642852e2,8da5249a-c2b8-48c3-b61c-12ecf6d898d8,398b60b8-935a-4e52-bfc4-7f269c4855b3,544400,2026-06-18,578,90+ Days,Customer
4465ca2c-7bf0-41cc-a471-1d68b2bdd158,20d8b4ad-21d0-4eed-9c94-3a8a13064817,62d500c4-2017-4828-b343-5260d2375521,542593,2026-06-18,198,90+ Days,Customer
1b69aeef-21aa-4d21-a8cc-26657e32a5bd,71be3019-2872-4e46-9e8f-941663554ca2,525a5b5d-d841-48d7-b5ab-59bc04a509b1,540480,2026-06-18,203,90+ Days,Customer
8211cbd7-915f-4952-b313-dd2af18a3666,8da5249a-c2b8-48c3-b61c-12ecf6d898d8,60439906-1bbe-4eb6-a7b2-cc8aea98c78b,538000,2026-06-18,723,90+ Days,Customer
39625d8d-c6a2-4336-8bea-300c59ce8024,71be3019-2872-4e46-9e8f-941663554ca2,bed80d73-ce6e-418d-bb14-7efdc6a38440,535024,2026-06-18,314,90+ Days,Customer
bd6d6104-32c0-4aa6-8e00-3cd9dd9a9954,8da5249a-c2b8-48c3-b61c-12ecf6d898d8,fddd060a-48a5-4906-b378-c6d7002ea21a,534000,2026-06-18,708,90+ Days,Customer
1a7f775c-72f7-428e-b3bd-934fb9cfb5ca,6ef4fc76-da3f-4422-8a17-41c7ecd6dd4f,a4f83c2f-516e-4466-b414-d383a5c19ff8,533450,2026-06-18,174,90+ Days,Customer
42bcaa63-2c29-4f91-9778-780cf7b69b7b,8da5249a-c2b8-48c3-b61c-12ecf6d898d8,92243a19-b414-4a28-a9e0-cd8bc9721e39,531000,2026-06-18,728,90+ Days,Customer
aa253dfc-8adb-494b-8c93-e85abb5ab60d,cc1c75ac-51c8-428e-9f70-77c001aad47c,38bc0781-7e90-4a8b-97b7-074b1b5b97ec,530331,2026-06-18,247,90+ Days,Customer
b37d1d9c-4e3e-4c3d-8c8a-ac7002d1a8e1,c3fb7a8a-5562-40d6-a440-ac11aa686157,271b3985-1db2-4bb5-9cd0-0eeaf1372ccc,528175,2026-06-18,581,90+ Days,Customer
5db8ce93-677d-474c-a56e-a027446a31cd,ee050b45-8c17-4d06-ba05-a7f64ed04dab,565311d6-5643-4c2f-b248-a9780c85fda4,524999,2026-06-18,253,90+ Days,Customer
1bc6cdd7-af5f-4095-b68c-1624d92860ad,71be3019-2872-4e46-9e8f-941663554ca2,a30a3125-8f0b-4028-9fb6-243298c7cdc5,522625,2026-06-18,598,90+ Days,Customer
3e403e08-f283-44f7-9e3b-5c8f2024df04,f0aca777-38ce-4a56-9108-dbbfb2edb831,1aba5a7e-bfa3-4765-bee7-c365f0e27e13,522000,2026-06-18,608,90+ Days,Customer
ad52c874-00f3-4b2e-97cd-a1b7263bf9b8,e81165ad-05bb-4b73-9bde-443bc6e8b08a,6ea1eec8-5c30-44f6-8ecf-1ea311f8203d,520175,2026-06-18,510,90+ Days,Customer
fc0170e7-e598-4505-832d-d745ce5b2a36,58cacb19-26f8-4710-82a0-ef5aaf515fcd,fbd11c4c-7ccd-44d8-b8d9-1d9469e69f86,519843,2026-06-18,559,90+ Days,Customer
8de758ac-acbd-4554-b41e-d2849276f3b2,71be3019-2872-4e46-9e8f-941663554ca2,3af3e459-b826-4c4f-9b54-15dea32e33d6,547050,2026-06-18,696,90+ Days,Customer
0f23ce70-2b47-44cd-afda-dd1447e62b21,f3df996d-b48b-4239-8bf1-1e46b44fabd6,8aabb8db-7466-4578-a1fe-8b851e6101aa,517500,2026-06-18,146,90+ Days,Customer
11efbaf6-36e9-4390-981d-59c51fd6d4b5,4f0cd4d4-6997-4586-b94d-cfbfc15ccd92,05eea32f-75ec-4bbe-9d99-ff7cd4eda9e6,539875,2026-06-18,737,90+ Days,Customer
b7129b9c-d8a0-4422-9342-fff16f77ad7d,71be3019-2872-4e46-9e8f-941663554ca2,3abeee73-ca50-4505-ad58-022e3fb5ede9,511500,2026-06-18,205,90+ Days,Customer
d117aee6-161a-4f83-99dd-5b117e3c3f2b,a196000a-c83c-402d-8024-2a2c4dda447c,e1b35f71-4046-466b-ad4c-271e999fac4d,510000,2026-06-18,401,90+ Days,Customer
c0740aaf-ac52-4489-bda0-7ab1b9a40415,71be3019-2872-4e46-9e8f-941663554ca2,46406087-5ff0-49f8-bd9c-1ac1f69906d4,509400,2026-06-18,227,90+ Days,Customer
8908f362-6233-4c82-8ae3-46a6967c82e2,dd8cb13e-af3e-4023-99a5-c9c9d747209f,7cfe7719-0441-4aa9-997d-050bdd2ff75c,508236,2026-06-18,742,90+ Days,Customer
4fd91a8d-3e7c-4d80-953b-00ac1871fd73,8da5249a-c2b8-48c3-b61c-12ecf6d898d8,20019a54-20e6-449b-90ee-2dac875b8f57,507000,2026-06-18,743,90+ Days,Customer
47bd5335-4b63-435d-9897-9e87a31ff3b8,94840a95-c5bb-495e-a6b6-b69f8754b8b8,bd579cfe-0aef-4672-92b2-65b5572de89f,505650,2026-06-18,612,90+ Days,Customer
727f6d01-0988-4644-a514-1de26f8045fc,f0aca777-38ce-4a56-9108-dbbfb2edb831,a07e507f-ed28-46ba-a100-09bfe5f13b3a,502500,2026-06-18,657,90+ Days,Customer
109c4a0e-811a-4c02-8b43-642952351e5d,51bf73f4-c8da-4e75-b5c1-72b2dc1014a0,c6dbe478-a2f0-4953-8417-06b8dfce48da,501100,2026-06-18,709,90+ Days,Customer
360dc402-167a-4276-b907-f751302b66ca,71be3019-2872-4e46-9e8f-941663554ca2,94db4784-9028-481d-bec0-dcb6604cf0f6,497000,2026-06-18,550,90+ Days,Customer
c77d486c-896e-4f48-b602-0c3e31b6ae1f,8f06ff88-5db5-47ec-b27f-af2ef21de406,8e44723d-1eee-49ef-9fb5-bc68828dd128,494350,2026-06-18,244,90+ Days,Customer
746051dd-7129-4b4c-800f-010982e32b54,94840a95-c5bb-495e-a6b6-b69f8754b8b8,5e3dbf3d-17e1-4435-9346-8532dbb3664e,492850,2026-06-18,534,90+ Days,Customer
a66ca866-a33e-43cd-9b3c-8c9f056ad1cc,71be3019-2872-4e46-9e8f-941663554ca2,00719b2d-27da-4cca-87e3-a23d14603894,263000,2026-06-18,262,90+ Days,Customer
fe72bfdc-6b54-468b-a453-b8f338ebf329,19f9541f-8157-48ba-a008-92b6159819ac,d052e7b5-7ed4-4ae7-8b00-5361f21ecdc3,261500,2026-06-18,583,90+ Days,Customer
2f08f79f-1e8a-43fd-a967-80e86a15a1c4,61512ab1-0ef3-4a1e-87f7-c1818d094209,c3ccaec7-f5bb-4c63-bfd8-7b35a9c9c75d,204000,2026-06-18,536,90+ Days,Customer
39fa7686-b5f8-4900-bae6-9a4c996fe666,7e8dad36-2a64-4fee-befe-3123f6ca73d7,18a364a2-da53-49fd-b75a-1f16ee6270ff,224500,2026-06-18,576,90+ Days,Customer
6ccba254-b4a7-4f40-8831-8d95da14154d,8da5249a-c2b8-48c3-b61c-12ecf6d898d8,06a1d1a0-96b7-4fea-a70c-6be85cd9fb8c,536250,2026-06-18,766,90+ Days,Customer
3d7e686c-1309-4b30-8f69-3e39a696e39a,71be3019-2872-4e46-9e8f-941663554ca2,32e7a874-dfff-447d-974b-ee698f6ed7fb,514919,2026-06-18,742,90+ Days,Customer
5d42d6bf-15bb-484f-966c-a0b49385921c,71be3019-2872-4e46-9e8f-941663554ca2,6df67539-562e-4377-92d3-8006dacaeb36,233648,2026-06-18,627,90+ Days,Customer
a6a8ebb9-8be8-412f-9e70-2e9edfca8ab2,3907239e-a3a6-4372-a3f2-e3025acb2412,598390e6-696a-43cc-9399-838c666e9f8b,258800,2026-06-18,204,90+ Days,Customer
db93ca01-0a87-4302-9631-fc06ef0145f7,71be3019-2872-4e46-9e8f-941663554ca2,91a701b3-6b50-4b1e-9d76-8b10acbc606b,260800,2026-06-18,548,90+ Days,Customer
c20102c3-1a77-47a5-9d64-a85555ef7339,71be3019-2872-4e46-9e8f-941663554ca2,8a08ee06-6451-4645-8b86-4964bc1fcdf6,260000,2026-06-18,339,90+ Days,Customer
6264141f-8994-4477-93f8-b6fe6c33fb85,2bc5bcfb-185f-4a64-95b6-32efd7cfec25,d47278d2-8088-4586-8570-aeef903cba2b,259500,2026-06-18,534,90+ Days,Customer
fe3a4f80-8c70-4f67-9a30-65f3ce49416c,f0aca777-38ce-4a56-9108-dbbfb2edb831,65e49f23-01f4-4963-8235-855d964adf84,258750,2026-06-18,510,90+ Days,Customer
ba0a793a-fad9-404c-a1f3-c3125c73d259,46259c13-632d-449f-a96f-f1deab0e0046,b6cd6149-7d8c-4549-96a5-1b1885ceb13d,257500,2026-06-18,154,90+ Days,Customer
612a177c-7de9-423c-bcd7-a8f2e6171c8c,71be3019-2872-4e46-9e8f-941663554ca2,62827d4e-ec6e-410a-9a98-35875d685b6c,551250,2026-06-18,505,90+ Days,Customer
79d262a5-0fde-4356-8db5-463be2963017,71be3019-2872-4e46-9e8f-941663554ca2,753522b9-efd3-4c85-a851-30926184edd3,550000,2026-06-18,534,90+ Days,Customer
acbe7ba8-047b-4b5c-a6b8-105d3219aad5,8da5249a-c2b8-48c3-b61c-12ecf6d898d8,b95f6ae2-0597-4d56-bb4c-fb4c9609fad9,547500,2026-06-18,727,90+ Days,Customer
4ae49611-484e-4936-8db4-6e6d03525681,753d1c5a-1252-4a9e-bdf1-fd0922fbb352,2b0f2a20-485a-4175-ba26-9b84398724af,546875,2026-06-18,631,90+ Days,Customer
a3974138-ea8b-4c27-a435-ecb4fb903838,71be3019-2872-4e46-9e8f-941663554ca2,f9a869e4-db99-45bc-b410-66beca544a66,546000,2026-06-18,490,90+ Days,Customer
a075c77f-481d-4a62-8713-71a320aada78,71be3019-2872-4e46-9e8f-941663554ca2,3fa01c48-c6f1-4378-88a4-60f1b45b971e,543690,2026-06-18,538,90+ Days,Customer
7ad0b048-5840-48a3-af75-f28c7c9c3b6b,8da5249a-c2b8-48c3-b61c-12ecf6d898d8,126bfae6-f319-4720-9a93-c595f274a778,542712,2026-06-18,597,90+ Days,Customer
dd45e1b8-5590-495f-85e9-21fcc580d2a4,f0aca777-38ce-4a56-9108-dbbfb2edb831,1427eef7-ccdd-4d91-9370-e83fd846decd,540000,2026-06-18,700,90+ Days,Customer
fc18872d-9123-4813-b5f4-c35f7b69bcc2,71be3019-2872-4e46-9e8f-941663554ca2,8317db65-fcb3-41dd-be88-405e1c67e5b4,538118,2026-06-18,591,90+ Days,Customer
acb980d2-230f-495c-af44-611f9241af72,71be3019-2872-4e46-9e8f-941663554ca2,bac50fad-5b23-4e3d-953e-1bb5f0d093bd,536000,2026-06-18,382,90+ Days,Customer
94042e41-7508-4bf8-b6c9-99c03aeb8a94,3907239e-a3a6-4372-a3f2-e3025acb2412,0ebfe611-c30c-4eeb-8e56-c860f634f78c,107400,2026-06-18,244,90+ Days,Customer
4743738b-fd4f-4a0f-a7af-ade664d7dc4b,8da5249a-c2b8-48c3-b61c-12ecf6d898d8,c4181cf1-83c3-4810-8c50-8e7a214cb93e,534000,2026-06-18,708,90+ Days,Customer
35834753-4104-4ecd-b6a0-64ef35956464,18743788-16a2-4f11-93bd-cd2374745762,a54a68c7-e2e7-4815-893d-a531cea8f984,534000,2026-06-18,268,90+ Days,Customer
832764e8-cf11-4d36-8c82-cec43ba32bb2,f8f33b1f-87de-473a-b1b4-85908a4b3fbb,a8502b4c-b684-464e-b652-91dc84fb030e,531050,2026-06-18,434,90+ Days,Customer
12ed3262-dc96-4b60-a713-d142464fc5bd,71be3019-2872-4e46-9e8f-941663554ca2,bc3dbb3f-7e7e-4571-8c99-34537ed05098,528910,2026-06-18,586,90+ Days,Customer
81afefd4-d2b3-476e-bbbe-ef1f26a13f28,ccb49d47-ef18-415e-84ff-5119d836592b,0a798cbb-3dac-426f-8256-93def7323004,528550,2026-06-18,697,90+ Days,Customer
af2cbfc7-9561-4e2c-956d-972418c613af,94840a95-c5bb-495e-a6b6-b69f8754b8b8,808455d8-c20a-4cdf-a26e-e35c63b04cf6,525670,2026-06-18,503,90+ Days,Customer
a8e324d4-4f26-4ffa-9e11-0c6c922b1379,71be3019-2872-4e46-9e8f-941663554ca2,d34e48ea-3453-4469-ab1c-7f5e8561a661,521625,2026-06-18,163,90+ Days,Customer
ab193cc6-4b1c-41e6-9b3b-2e532100c30f,22f3c314-4681-438c-96f5-2c089289e523,e528af28-096c-4bce-b6eb-36fb2984b304,520000,2026-06-18,573,90+ Days,Customer
29b12343-5c56-48d7-b0e3-483aac02ff02,0a08be05-99f5-46e7-918c-1a12487083e1,76465596-40f9-4475-8dba-2626c5f37f6f,519000,2026-06-18,228,90+ Days,Customer
1906ac7d-03bd-42c6-b1fb-d55dbb669e0a,8da5249a-c2b8-48c3-b61c-12ecf6d898d8,b9abce25-f73f-4dd4-8a94-f6bb51509aee,518800,2026-06-18,755,90+ Days,Customer
4476e64e-3423-4056-abfd-b5d9e7dc7e8d,71be3019-2872-4e46-9e8f-941663554ca2,a275b9fe-84c4-4c9f-9c63-4b140636458a,514750,2026-06-18,426,90+ Days,Customer
62c4eb63-d0f7-45cd-844e-de597de5c4ed,71be3019-2872-4e46-9e8f-941663554ca2,d52adc48-a355-43f3-b0f2-a33b3c7ad774,512300,2026-06-18,511,90+ Days,Customer
600c0ba7-bb8f-4f2b-8e54-aa2b08035d35,8da5249a-c2b8-48c3-b61c-12ecf6d898d8,e005db0d-3107-44fa-9b28-6a7508031de6,510375,2026-06-18,606,90+ Days,Customer
a20a16b5-135b-4440-86b4-82f5adfdf320,8da5249a-c2b8-48c3-b61c-12ecf6d898d8,75475700-5232-41f5-835c-48210ccd37b6,510150,2026-06-18,604,90+ Days,Customer
9f5f43e6-6b73-472c-814e-993ad3b6974c,f0aca777-38ce-4a56-9108-dbbfb2edb831,5b61b4e0-f3a3-4fcb-b337-47118ace08de,508500,2026-06-18,668,90+ Days,Customer
62474dc1-898d-4118-96c1-c7eb656b7262,71be3019-2872-4e46-9e8f-941663554ca2,10b1143e-22b8-4b0b-b79e-8fea233127ee,507500,2026-06-18,448,90+ Days,Customer
6c5d8405-1d02-45e7-ae85-240860c98115,3907239e-a3a6-4372-a3f2-e3025acb2412,2462a08c-4c59-483e-a249-60d1f6346392,505000,2026-06-18,163,90+ Days,Customer
05626faa-e006-4ac0-bf24-75319029af81,8da5249a-c2b8-48c3-b61c-12ecf6d898d8,7197f283-fac1-4ae0-a2e3-788ea6cecd74,502750,2026-06-18,645,90+ Days,Customer
dcb44dd9-d245-4041-a93f-7d6fd404fa9f,71be3019-2872-4e46-9e8f-941663554ca2,24ebc580-aba6-4d38-bdd9-fabb3b99e885,499745,2026-06-18,211,90+ Days,Customer
783453e7-ad24-4065-9a9f-a9565b61e777,8da5249a-c2b8-48c3-b61c-12ecf6d898d8,55c5984f-30f3-4a71-ac34-042997dd2d5f,498000,2026-06-18,751,90+ Days,Customer
508a9f65-da95-47c4-b921-b0fecf2bbd3e,49ac593d-cc98-4338-b7e6-7674eaa65e8a,6d5f6502-7970-4cc2-bd0c-d6ac86827ab5,495000,2026-06-18,771,90+ Days,Customer
7063b371-2c40-4fb2-8415-422de2646caf,f0aca777-38ce-4a56-9108-dbbfb2edb831,40b180f5-ea0f-4b81-abdc-e524370e1149,492000,2026-06-18,629,90+ Days,Customer
ca9b0eec-0bdc-4c4c-abf1-86b5ad9d9e9e,71be3019-2872-4e46-9e8f-941663554ca2,e65ff209-17fb-478c-9c98-f95d55fafac4,533000,2026-06-18,683,90+ Days,Customer
21192b87-a4d6-4698-aaa7-d5905a5efe75,19f9541f-8157-48ba-a008-92b6159819ac,c5e07055-9a5c-47e1-bdad-2d806eaed35d,260500,2026-06-18,549,90+ Days,Customer
5d6b1211-d3a1-48c6-85ac-6e670339cfe6,71be3019-2872-4e46-9e8f-941663554ca2,8b44a83a-d6ca-4312-ba65-01c3143d7844,530100,2026-06-18,738,90+ Days,Customer
c8e68c0b-5283-4708-af99-8a7f6b069e02,9af8a055-23ef-47c9-920d-95f184187ed9,b34b0447-1b36-4f47-8c2d-1c67824ecdea,522650,2026-06-18,584,90+ Days,Customer
6d16bc54-3165-424e-b831-ecdbf456b4a1,71be3019-2872-4e46-9e8f-941663554ca2,2bf5ead5-99b9-43d0-983c-6269c9733c4c,516612,2026-06-18,757,90+ Days,Customer
7f7acf41-1c39-4dc5-8b2b-f109b0322110,71be3019-2872-4e46-9e8f-941663554ca2,9c999492-2bb2-4dd8-9739-ef0e6340a2d3,507112,2026-06-18,696,90+ Days,Customer
318e673a-cddd-4558-abea-c4802dd7a3d5,19f9541f-8157-48ba-a008-92b6159819ac,9123c661-734c-4a3d-a8cd-ed6437e384a6,261500,2026-06-18,584,90+ Days,Customer
7c6e6d4c-67b9-4084-972b-de19fcf9baab,bfcb2ad5-5068-47f5-a7cc-b23afd7270fc,5d5061ca-4e84-46b7-ba2d-a02f1558d078,259550,2026-06-18,136,90+ Days,Customer
44675592-0bf3-4978-9b03-89aaf985aa39,61512ab1-0ef3-4a1e-87f7-c1818d094209,43a3acec-6ab9-416f-9799-8bc98dedb315,259500,2026-06-18,534,90+ Days,Customer
3a310ada-a0af-47b7-900b-a11cc2ae3a9a,71be3019-2872-4e46-9e8f-941663554ca2,3f2b0368-9f3d-4090-a3ce-1a6c0822394d,259000,2026-06-18,564,90+ Days,Customer
1d3b146b-bc41-4e88-ac05-594aa0071c4f,71be3019-2872-4e46-9e8f-941663554ca2,9d993ee0-abf8-488b-8848-18b404dd0056,550250,2026-06-18,699,90+ Days,Customer
07043688-af9d-4669-9d93-66b1c2387815,1212e5df-2191-4eea-862f-248bb96835d6,5fcd5dcc-94e0-4423-95d9-8989d9f93d73,551250,2026-06-18,644,90+ Days,Customer
a3c2bcbd-932e-4052-9324-c6ec76213e99,a196000a-c83c-402d-8024-2a2c4dda447c,97c47100-1456-4c9e-b7ac-2caa39a53f84,550000,2026-06-18,513,90+ Days,Customer
3995de87-a210-47bb-999e-66c022cdc0ea,71be3019-2872-4e46-9e8f-941663554ca2,3af88431-5d8c-4f0b-87cc-066300f71556,549140,2026-06-18,605,90+ Days,Customer
f1f4c000-0dee-4477-a81f-258c00405161,e81165ad-05bb-4b73-9bde-443bc6e8b08a,ff50cce7-fff5-4fad-9d4f-6131093042d5,547075,2026-06-18,414,90+ Days,Customer
bb5b0c4c-5931-4c04-aa11-2a60d18908ff,f83e8351-57ae-4284-99c8-3d0905e11e48,718ae50a-1713-4075-86a7-3c1cc8ea1a0e,546550,2026-06-18,230,90+ Days,Customer
e6105c0c-cf4c-462c-9ff4-f7ee278fc901,8da5249a-c2b8-48c3-b61c-12ecf6d898d8,11bcdbc2-d5a4-4a32-b17a-fdd064d62964,545400,2026-06-18,744,90+ Days,Customer
c8f070e8-71d5-4f18-bf4d-70498f881834,8da5249a-c2b8-48c3-b61c-12ecf6d898d8,61fba125-5828-4f94-869c-10a88f6fced9,541250,2026-06-18,498,90+ Days,Customer
2e8be6c8-02d5-45e7-a65d-522c341da9d3,d4686b2c-519c-4f5f-9839-c125dddade95,01822844-7692-4bae-88e8-2fa7ae4ff7d5,540000,2026-06-18,130,90+ Days,Customer
a159ac50-a753-4316-bc21-947aa9683a6c,f0aca777-38ce-4a56-9108-dbbfb2edb831,fb0d43d2-0a81-4073-945d-1b9deed0623b,537000,2026-06-18,687,90+ Days,Customer
b95acf2d-996c-4c55-87b9-6227295ca536,8da5249a-c2b8-48c3-b61c-12ecf6d898d8,6c553529-18f2-4e6d-8a9c-f3b202785ac0,535500,2026-06-18,584,90+ Days,Customer
34ecfb17-762b-485c-aea4-493c8f5bbb0e,34acb9d9-1802-4aed-9744-313423a2db23,2b032adc-8577-494e-8b93-61e6ced3b2fb,534100,2026-06-18,592,90+ Days,Customer
1e67e760-151b-4a80-9f0a-95919bf6875f,e363fd6a-6b4d-4a1e-bc25-3407c67f6af1,990a81ee-3ac2-4c69-a5bd-c9b061de7b9a,534000,2026-06-18,279,90+ Days,Customer
dff17aaa-e191-46a8-84c1-8879c1e9c76a,71be3019-2872-4e46-9e8f-941663554ca2,356c101e-7a3e-4431-8888-b14106114cfe,533500,2026-06-18,577,90+ Days,Customer
70b4a783-9a86-4750-83a9-7e4d1e991ada,8da5249a-c2b8-48c3-b61c-12ecf6d898d8,deeb165c-93b3-4021-add0-d7b13248d3bd,532375,2026-06-18,603,90+ Days,Customer
dc30c3c1-da54-43f5-8728-4e34f8df6146,71be3019-2872-4e46-9e8f-941663554ca2,c9582f0f-eb00-4931-b114-41f5a525e440,530720,2026-06-18,209,90+ Days,Customer
c27aba67-cc54-4402-819c-1177dba50dd6,6e294634-9504-4be4-960e-df2f3ae4b416,e025c07b-b535-4dc9-9813-b61b8910ce6c,530000,2026-06-18,311,90+ Days,Customer
186cd980-dadc-472b-a92c-7bbc851355e2,f0aca777-38ce-4a56-9108-dbbfb2edb831,5e75b20a-74ff-47a9-a78d-04be35d6b747,528000,2026-06-18,681,90+ Days,Customer
558576ab-66ba-45b1-a4a3-e7e155a5f5fe,8da5249a-c2b8-48c3-b61c-12ecf6d898d8,8fa806e9-6258-48b7-a85c-620e4059d3e3,525625,2026-06-18,609,90+ Days,Customer
41b215db-c3b3-4f21-985a-20842465e23c,8f06ff88-5db5-47ec-b27f-af2ef21de406,9b924a91-8283-435f-917b-8de779de76f6,525250,2026-06-18,132,90+ Days,Customer
c35af3f6-a323-41af-bd69-c83bc8735158,8da5249a-c2b8-48c3-b61c-12ecf6d898d8,0f3976b9-6991-44af-a434-daa69b4bd1c4,522000,2026-06-18,682,90+ Days,Customer
4bfcfd91-16f7-4da7-aff8-175e87b6de29,71be3019-2872-4e46-9e8f-941663554ca2,0f48d1be-b5cd-4369-ad1b-4c502f7ad5df,521200,2026-06-18,279,90+ Days,Customer
02534496-cb2a-4fd6-bec9-c5aab34849bc,0a08be05-99f5-46e7-918c-1a12487083e1,102231c1-27a8-423a-b9c7-573d3e0c5f24,519000,2026-06-18,232,90+ Days,Customer
c6fbda26-e5de-4b14-b040-f292067bb8f4,1a42863c-c5fb-4bad-bd55-5ec8b0d96206,308ceb50-8862-42f5-ab79-996daae47240,519000,2026-06-18,490,90+ Days,Customer
7401d53b-c031-4691-b60a-9bdfe0bd1049,13434759-d4fc-4dc9-ad3b-480ab7211da2,707a9a34-d934-41c2-a9ae-8999365cfedd,515799,2026-06-18,148,90+ Days,Customer
a5c159ff-d8e7-4992-b99d-7caf3d1ff2c3,8da5249a-c2b8-48c3-b61c-12ecf6d898d8,de11cd25-1e48-4940-845e-c83ff73213df,512000,2026-06-18,752,90+ Days,Customer
21414fdc-578a-4cde-b272-2fd8bde2d9c3,71be3019-2872-4e46-9e8f-941663554ca2,a27e2546-8399-4418-936b-6ff67fefa69e,509800,2026-06-18,217,90+ Days,Customer
582b35ef-f9b7-4268-960a-98541e077831,9afccd26-29ec-49e6-a7e3-cc474a13274b,86069490-da50-4a20-8bde-64499f852791,508500,2026-06-18,592,90+ Days,Customer
57db1765-0e3b-42c6-b27c-189140fa587f,f0aca777-38ce-4a56-9108-dbbfb2edb831,91131cf0-3a1e-4c66-8d4a-7c30ef7fc226,507000,2026-06-18,720,90+ Days,Customer
a19dca31-49c3-4e2d-bd52-21fe9dcf45bc,f83e8351-57ae-4284-99c8-3d0905e11e48,58b8830e-3207-437d-8b9f-cf624810fd8d,499410,2026-06-18,190,90+ Days,Customer
878e6d85-2b92-42ac-a2bb-223954260dfc,71be3019-2872-4e46-9e8f-941663554ca2,f1c055f6-8567-43b2-beff-f90f96d1d70d,496900,2026-06-18,578,90+ Days,Customer
1987789c-9c30-4c0c-82d5-e4fa731c5980,f0aca777-38ce-4a56-9108-dbbfb2edb831,414e9c26-1b43-4034-8b0d-e6e8acfd51e4,492000,2026-06-18,648,90+ Days,Customer
c1b8162d-6415-4ce3-9a56-6df14c7c9974,8da5249a-c2b8-48c3-b61c-12ecf6d898d8,b54dd87f-b42e-45dd-a3d6-ba3a8ec0e9ce,491150,2026-06-18,589,90+ Days,Customer
aef833ae-396b-422b-8108-d04ddf947bb5,ef3f4e84-96a1-48bf-a814-01dd82a0cd9c,a8bb9f25-3b96-47c1-8864-d5196c0a8826,492000,2026-06-18,477,90+ Days,Customer
7253d5ee-be45-4aae-a9f5-b4a2f655d193,4f0cd4d4-6997-4586-b94d-cfbfc15ccd92,e94bbd9c-e434-4aaf-897d-fb52a9e5a07b,540000,2026-06-18,728,90+ Days,Customer
5a72d06f-a67c-439b-881d-9fad01a097df,71be3019-2872-4e46-9e8f-941663554ca2,d12b15c8-ac2c-4a19-9819-06054ecce47f,174193,2026-06-18,676,90+ Days,Customer
43ee534c-84b1-44e1-b815-adfb21c680fe,71be3019-2872-4e46-9e8f-941663554ca2,715fd68d-6e5e-4f62-92cc-467e25b9732e,338250,2026-06-18,631,90+ Days,Customer
31d5822e-660e-4d13-9764-19643e1aa7a8,71be3019-2872-4e46-9e8f-941663554ca2,7a728772-ef7d-4f0c-897d-3064d50ac0d3,513000,2026-06-18,690,90+ Days,Customer
de8ad371-a577-452f-8f28-37a8ce08c90c,71be3019-2872-4e46-9e8f-941663554ca2,309dd8cd-bd5b-4d7e-9ee2-ca9b615b0fb9,510000,2026-06-18,687,90+ Days,Customer
10818fdb-a22d-4f0f-afea-06a035598ed3,71be3019-2872-4e46-9e8f-941663554ca2,0751b0ab-8b24-44fe-88f2-674f4fcd09d1,507000,2026-06-18,763,90+ Days,Customer
daeef9eb-2718-418f-a0e8-00fcde0d11a9,71be3019-2872-4e46-9e8f-941663554ca2,8d92ff7a-8471-4e02-98df-00a57eba3a7a,152686,2026-06-18,643,90+ Days,Customer
430c0e59-3369-4d10-8e2b-5a03d7107d10,71be3019-2872-4e46-9e8f-941663554ca2,6ce0f468-2c0d-49a6-aeb5-67eafd4a9977,501750,2026-06-18,643,90+ Days,Customer
60eca35e-7e6d-4998-bfdb-ae996d994c09,8da5249a-c2b8-48c3-b61c-12ecf6d898d8,b4d31540-382b-417e-8cce-68c4f1bbe8ee,491250,2026-06-18,760,90+ Days,Customer
690001c2-2348-4c6c-96a6-a4a886f38ec6,f0aca777-38ce-4a56-9108-dbbfb2edb831,8c271efd-be9b-4579-9206-0dfd12bb56c4,492000,2026-06-18,637,90+ Days,Customer
1dd17a96-b0f0-4503-8a50-0252a243c1f8,ddfcbd9f-71ee-4343-a831-beb7757ac3b0,3439b866-b7d1-4997-9e3a-51404f3dfb39,490292,2026-06-18,211,90+ Days,Customer
1fbb8c63-3ee3-4195-b8c2-b144aaf9cd41,71be3019-2872-4e46-9e8f-941663554ca2,965268ce-69e5-4430-9c96-9d325e1f0428,491000,2026-06-18,207,90+ Days,Customer
0be0a75e-1d48-4493-a247-931933a05226,8da5249a-c2b8-48c3-b61c-12ecf6d898d8,77d8fe61-b79e-4ada-91b5-e837769ef2fb,487500,2026-06-18,639,90+ Days,Customer
fcd48acb-7a38-4433-b8d8-59800d8f535b,58cacb19-26f8-4710-82a0-ef5aaf515fcd,85100bd1-4b97-49ec-b280-a3a2d908ed73,485400,2026-06-18,627,90+ Days,Customer
d27e0f30-641e-4630-95d7-2c7eddfadbfe,8da5249a-c2b8-48c3-b61c-12ecf6d898d8,bba1e495-578b-463d-82be-a33cb0072dab,482000,2026-06-18,717,90+ Days,Customer
d40198ed-56ee-44b0-b8e5-994be99b295b,e96db2f5-75f3-4573-9c7d-2862020fc1be,8b324281-c791-42f8-9088-d142de78147e,480000,2026-06-18,289,90+ Days,Customer
6bfa8370-eab9-46bd-9195-b91601d31595,d70a1f63-f837-43a6-9a85-e5c926dd4536,a5aeea23-8cca-42a3-80e4-0fa610a41689,478700,2026-06-18,693,90+ Days,Customer
951fa464-b166-4a2a-85b0-7e239db4e086,71be3019-2872-4e46-9e8f-941663554ca2,71ca553f-c061-4ecd-8733-b7f5d3f94db7,477000,2026-06-18,512,90+ Days,Customer
889edaf6-7042-421a-a1f1-6efbe95905c9,71be3019-2872-4e46-9e8f-941663554ca2,7d3cb8f9-bf3d-4dd3-8d21-5727a3800d6f,475000,2026-06-18,616,90+ Days,Customer
3809996b-1be6-4f8b-86bf-dd7ad7fae934,f0aca777-38ce-4a56-9108-dbbfb2edb831,79e25ef8-a169-41da-bf64-e40af8c99a41,474000,2026-06-18,737,90+ Days,Customer
f0196d3c-6b14-4641-9914-800b75f52a9c,71be3019-2872-4e46-9e8f-941663554ca2,080a4d5b-01e5-4d84-abda-b1ab2d48142f,471000,2026-06-18,499,90+ Days,Customer
0a8d6ee1-a5c3-4ce9-b9f5-e17470b59bc0,71be3019-2872-4e46-9e8f-941663554ca2,af04b3e4-9f7d-4f6f-9e95-39b1e903eb62,469512,2026-06-18,312,90+ Days,Customer
99cd5b2c-0e89-4015-9574-4c09767c9522,ccb49d47-ef18-415e-84ff-5119d836592b,167994d4-9682-435b-a5a5-fe80e6758d5d,466500,2026-06-18,736,90+ Days,Customer
a7b69727-b8e5-4d7a-87d3-1a73907b1f4c,4f0cd4d4-6997-4586-b94d-cfbfc15ccd92,ed5c064e-fc69-4ca0-89ca-13a85e21d19c,465000,2026-06-18,722,90+ Days,Customer
ae914dfc-450b-4951-9adb-42d8fa7cff7b,71be3019-2872-4e46-9e8f-941663554ca2,f7b8a2e9-817b-456d-bfbe-8fe85b69002b,463999,2026-06-18,529,90+ Days,Customer
fd1e631c-51f0-4b7f-9b26-ddc2eaf646f3,71be3019-2872-4e46-9e8f-941663554ca2,0848c17d-7bdb-404f-91ed-43d4db1cc030,461250,2026-06-18,195,90+ Days,Customer
eccfb97b-b61c-4775-ba85-a61da7f9b9fe,5bd75a72-6cce-49d2-8c36-efc22b10d1c2,49803980-3771-4958-9b6a-9e343ed9a13b,455999,2026-06-18,232,90+ Days,Customer
d5aa2699-d4e7-46f8-91f8-6aae7ca2409a,61512ab1-0ef3-4a1e-87f7-c1818d094209,b621e255-e262-4a20-aed5-493382ce4f9c,454500,2026-06-18,422,90+ Days,Customer
bd8d862a-bc38-4e99-9ce1-a33cd4c1c7c5,71be3019-2872-4e46-9e8f-941663554ca2,ffbfe0eb-31e5-4427-ab03-b90d8e4eb6e2,453250,2026-06-18,169,90+ Days,Customer
d0231928-aac2-40d2-89d4-1bf646607078,b5762db9-18c1-42e8-8b82-ee4960dda3ac,4e9cc7a0-e3f7-4911-9bf6-eba3876b1819,452750,2026-06-18,531,90+ Days,Customer
9b7814f0-6760-40f9-9ac7-decaa14f058a,94840a95-c5bb-495e-a6b6-b69f8754b8b8,9c89a992-3fa0-4731-8c93-89b5cc5d8d89,450500,2026-06-18,573,90+ Days,Customer
387c4cbb-6ff2-41ff-a0ee-70bd99e550b5,4981436e-024e-4995-a548-d32aefa7e1e8,85b0f8d0-e040-42f7-a020-8108cda7dd84,450000,2026-06-18,452,90+ Days,Customer
329fa41c-ffc1-4432-b0b9-e33bbfc98d9e,71be3019-2872-4e46-9e8f-941663554ca2,378af875-fe8d-48ae-ac13-a7e14bac3950,447500,2026-06-18,115,90+ Days,Customer
8d6ef6eb-3e28-48f4-b27c-07cde204295a,eee8508b-403d-4e9d-a833-a1c0cc370a93,3d49b6e4-6243-479f-a2dc-8eafb4d78e47,447500,2026-06-18,135,90+ Days,Customer
84f8235e-68b5-4b9c-9e34-cae7c2b7f8a8,71be3019-2872-4e46-9e8f-941663554ca2,bc46d966-85c2-4991-a774-7b66eda4afe7,445000,2026-06-18,269,90+ Days,Customer
c1792a13-a58a-4449-bf4c-04e4abc33b97,71be3019-2872-4e46-9e8f-941663554ca2,b26b07be-fcfe-43a3-846c-b4e99adcb66c,444250,2026-06-18,582,90+ Days,Customer
0dd95c97-140b-473b-a33c-8b6dbfe34614,71be3019-2872-4e46-9e8f-941663554ca2,fc659342-3d70-431c-b637-46b2bf566e6c,440500,2026-06-18,276,90+ Days,Customer
3e0a94a7-6a93-49fd-ace0-502e5359f48e,9af8a055-23ef-47c9-920d-95f184187ed9,09c8c03b-c906-4677-96ee-9b5348c93e87,438500,2026-06-18,532,90+ Days,Customer
842388ba-7361-4941-982e-ba469f315d14,96bdd17d-e2c7-4081-b5f4-cc9826bb78f4,90f5bb7f-c29f-4deb-af91-d8233f9d5aa1,438000,2026-06-18,616,90+ Days,Customer
3e078fad-c937-4805-9545-dcca4d979f0e,f0fcd114-c83c-4557-ab8e-29869eb50b7b,bf9827c1-05f0-44e3-ae77-f0fa9ff64fc1,435000,2026-06-18,421,90+ Days,Customer
c5afdd69-945f-40b7-ab57-4fcda7b14c8f,a196000a-c83c-402d-8024-2a2c4dda447c,e712e8c8-743a-498c-9334-ffd630ec5447,434999,2026-06-18,396,90+ Days,Customer
f4a4d72d-6e1e-4837-a120-059d449cba07,71be3019-2872-4e46-9e8f-941663554ca2,3accf5ba-50d5-4d27-9cd0-24f7111c242c,432000,2026-06-18,134,90+ Days,Customer
ad71fd08-5b1c-4af8-bce8-525ace96729e,f83e8351-57ae-4284-99c8-3d0905e11e48,34791204-1778-496a-a06c-d77ea5b86bd0,429600,2026-06-18,165,90+ Days,Customer
453688ae-7273-4a98-b9b0-0c2650441429,61512ab1-0ef3-4a1e-87f7-c1818d094209,dd91e691-cc4e-47d5-a9f1-6ac4aadf6bca,427500,2026-06-18,398,90+ Days,Customer
28eb5e8e-8205-4b8b-853e-15d68df9b5b9,71be3019-2872-4e46-9e8f-941663554ca2,25b7fe31-708d-4c54-b5a3-e04a0b82ec99,427200,2026-06-18,542,90+ Days,Customer
9e9f7659-224d-4d84-9fc6-323111ce16fc,a196000a-c83c-402d-8024-2a2c4dda447c,9735d488-1258-44e8-81e2-432bbcc7ee94,425000,2026-06-18,402,90+ Days,Customer
a1178a58-d101-4337-9ef3-d90836a62dbe,ddcc485d-c56b-48af-b1d2-4e7a42c50052,b5f7595b-d01e-4c83-8a43-dc28d4a17ef7,425000,2026-06-18,267,90+ Days,Customer
b1ecea6e-a5ee-438a-ba11-3f649dc86efe,acc76122-192c-47ad-adaa-9c9babc33160,81bae453-1528-4e36-b02f-9f7a17309230,423500,2026-06-18,437,90+ Days,Customer
c01085d9-93e3-43bd-adcc-018d620d29d9,b5762db9-18c1-42e8-8b82-ee4960dda3ac,c7c2c760-1ce5-4f5f-af41-2ecc8fc114e3,422500,2026-06-18,560,90+ Days,Customer
25531a4c-e2a3-4abf-a900-2473372815e2,7e5b18e4-acb0-4a74-ad1d-f25958d7de14,7e829d3c-aac8-4ba4-b6bb-744ec614f346,420650,2026-06-18,218,90+ Days,Customer
49587dd6-5fa4-46e2-b082-2fd689a7bb72,8da5249a-c2b8-48c3-b61c-12ecf6d898d8,19874fa1-1315-47ac-956e-810ec6d97e1f,418700,2026-06-18,757,90+ Days,Customer
de81b54d-7cbc-481a-8d28-6e2f491f68ff,5bd75a72-6cce-49d2-8c36-efc22b10d1c2,0696c5ac-c336-43d8-9a82-e83dada611e2,416250,2026-06-18,386,90+ Days,Customer
c7b22e93-81fc-44fa-8a29-14bc6e7221d5,71be3019-2872-4e46-9e8f-941663554ca2,f1aabe35-451d-4356-86bd-cd4e4d70e7e8,413314,2026-06-18,548,90+ Days,Customer
a1ced017-0214-4186-9abf-82470b7677d2,71be3019-2872-4e46-9e8f-941663554ca2,5126031b-c0d0-4cf3-b326-7cfc5945f213,410000,2026-06-18,472,90+ Days,Customer
51af9e7a-c5c7-483c-97a7-cc1d119cd141,9ef1c398-08d9-42ff-a90f-e79958f2aadc,99466dc4-9791-48ba-8ba8-6141bc6b5bc9,457500,2026-06-18,244,90+ Days,Customer
5c570e19-e7d0-42d6-8d0c-6a0929ab5353,71be3019-2872-4e46-9e8f-941663554ca2,40d82199-e648-4b61-95f8-2facd61c4f37,93784,2026-06-18,643,90+ Days,Customer
6bead65d-1a1f-4204-a160-6df74dcfc402,46259c13-632d-449f-a96f-f1deab0e0046,290a74de-6d25-49df-ba57-4837c7c8761f,257600,2026-06-18,163,90+ Days,Customer
774e189f-cde9-49f7-b1f1-a69304e0400a,4f0cd4d4-6997-4586-b94d-cfbfc15ccd92,7abe5c39-e61d-4476-b3e3-f5ed18bc5f01,487775,2026-06-18,734,90+ Days,Customer
01b3a7bd-841d-486a-9ca8-627c84ca1597,4f0cd4d4-6997-4586-b94d-cfbfc15ccd92,9f83c12e-c5c1-4657-97da-83a59c89d9c8,486600,2026-06-18,724,90+ Days,Customer
09d32aff-b5c2-4086-bba0-1ccfd5d362ee,71be3019-2872-4e46-9e8f-941663554ca2,5bc9850a-cf34-44a4-b97a-e7640360177c,480000,2026-06-18,400,90+ Days,Customer
9d5098c9-15c6-4821-bd71-10500b9476b5,d9b2eb32-034b-4fb9-b662-68e4ceaeeb89,57fb1f1d-9399-4bfe-b367-646d340fbf4f,479999,2026-06-18,143,90+ Days,Customer
8648064a-1ac5-4441-a0fe-bb53e9b1cfa7,e0140edd-1909-49ae-9bdf-d36e683f578d,05bd1e4b-f0e1-496d-bd76-78daf3c15834,477750,2026-06-18,501,90+ Days,Customer
ca9fcf36-95f3-452c-a493-8e9c97232a63,71be3019-2872-4e46-9e8f-941663554ca2,15f5c5b8-636d-43b2-924a-0e4f594928e7,475140,2026-06-18,200,90+ Days,Customer
0e417936-a16b-4d71-8fb2-faa752ed2865,8da5249a-c2b8-48c3-b61c-12ecf6d898d8,cad31b82-eaad-4610-8f52-91b01fcc9eec,474000,2026-06-18,665,90+ Days,Customer
4a84cc70-dabc-4aa6-b34c-c082e3f3caef,71be3019-2872-4e46-9e8f-941663554ca2,7b1ee5f7-7006-47ba-9c7c-6626ec06e42f,470000,2026-06-18,212,90+ Days,Customer
e6289c76-4307-4bef-83d5-381771618759,7e5b18e4-acb0-4a74-ad1d-f25958d7de14,f25eb9d9-9172-4550-bdc2-b0626f3748e6,466175,2026-06-18,240,90+ Days,Customer
0fc00695-c5ab-432c-9090-142ff9c41204,7e5b18e4-acb0-4a74-ad1d-f25958d7de14,0b3ea001-953e-4a30-bca6-cfa4725f2504,466175,2026-06-18,242,90+ Days,Customer
10fd77c6-d973-4713-8c46-4c3d3df0b692,4f0cd4d4-6997-4586-b94d-cfbfc15ccd92,8c69468c-d87d-474b-8de9-e9d2865a5b00,465000,2026-06-18,727,90+ Days,Customer
4ab0f21d-649f-4197-8161-f8fd6aa44848,71be3019-2872-4e46-9e8f-941663554ca2,8ef5fdc8-47a1-4ea5-9c06-4c79910c6515,461837,2026-06-18,343,90+ Days,Customer
2ce8bd8f-697c-426d-a7fe-6ece320609d4,242b18b0-2b6e-4ef6-b311-fa29444b997b,6b7a3c3f-26f2-4266-ba7e-c7f80f34bd3e,457500,2026-06-18,339,90+ Days,Customer
608619ba-0414-4654-a780-d0f4a40ec840,71be3019-2872-4e46-9e8f-941663554ca2,a7b76606-bcec-4b62-a92b-cfc6d4a3a55f,457250,2026-06-18,372,90+ Days,Customer
1bdbed9e-12c5-407a-ba54-e0423c8149eb,71be3019-2872-4e46-9e8f-941663554ca2,5df6ccc2-acbe-4fd2-b1b7-9669b90910b6,455500,2026-06-18,431,90+ Days,Customer
87be25b4-de2a-4d81-a83a-f1258c54cd07,71be3019-2872-4e46-9e8f-941663554ca2,ef036964-966d-422c-abd3-8d4bad166d2e,453000,2026-06-18,420,90+ Days,Customer
7db26fd0-3db0-4b32-a9c0-768901f1bf5a,71be3019-2872-4e46-9e8f-941663554ca2,9ac793b5-bb4b-465d-9312-9924e6859241,451180,2026-06-18,393,90+ Days,Customer
a1c7fda7-1173-4b8f-b911-860ad8d00285,85b8ac40-a74c-4da7-a527-f0123486b975,6b358ea6-e841-4a89-86aa-18b2843a91ae,447500,2026-06-18,115,90+ Days,Customer
2cff1986-10c7-415b-8bea-0bb1acc301b6,4b5ac98b-a0ab-444a-a1fd-4a30c7c440a6,0bc4b731-6f62-4cfd-8c4e-0a5518292c90,447500,2026-06-18,165,90+ Days,Customer
1acf8ec1-5988-4cd3-84b7-6f40c9c0e6c8,71be3019-2872-4e46-9e8f-941663554ca2,a370bc32-c60e-49cf-bf14-9680dbdda385,447500,2026-06-18,126,90+ Days,Customer
7d3dbe1e-bb04-449c-bd9c-8d64d0905ae9,71be3019-2872-4e46-9e8f-941663554ca2,ee4483f6-6963-45d1-bacd-bb3e60561cb4,447425,2026-06-18,541,90+ Days,Customer
e5c85639-9195-4773-acad-1d8a5afd39ca,71be3019-2872-4e46-9e8f-941663554ca2,63e01cdc-0983-45ad-a992-5c0ba5d6993f,445000,2026-06-18,520,90+ Days,Customer
a97d92ae-27df-415a-a6d1-bc51e0324297,18743788-16a2-4f11-93bd-cd2374745762,1606ffe4-2097-4a3e-83ed-f47cebc6007f,443700,2026-06-18,214,90+ Days,Customer
9162c8b2-b592-4c2d-9f2f-8ee08d1d6c7c,71be3019-2872-4e46-9e8f-941663554ca2,85b2d360-c4fd-4475-8578-197d75157f51,442500,2026-06-18,256,90+ Days,Customer
554a46ce-b05d-46e1-a5bd-dac8d174eb3a,be6aebf8-8a0f-4527-a9d4-d94f09f3c93a,8e7b1bbd-5d0d-402b-82a9-ecf775fe81e6,440000,2026-06-18,527,90+ Days,Customer
67457237-77c6-47d9-929e-7763d6546b7d,51bf73f4-c8da-4e75-b5c1-72b2dc1014a0,fd26e994-4c10-4f70-8a67-61e949c27a91,438450,2026-06-18,228,90+ Days,Customer
4d8dc936-5ca0-4978-9614-059c0d8f31ef,71be3019-2872-4e46-9e8f-941663554ca2,ec21523c-7135-45ed-ad24-01dedea130d9,437000,2026-06-18,268,90+ Days,Customer
31d23515-6c63-42c0-8257-d58c19f738db,71be3019-2872-4e46-9e8f-941663554ca2,cfcbc260-3555-4bcd-8d14-41bfc1636ef5,435250,2026-06-18,507,90+ Days,Customer
edb8e7b2-ed9f-421e-ad80-efda0b4f6262,46259c13-632d-449f-a96f-f1deab0e0046,774b263b-845d-40ae-9bc0-f00677efb302,432000,2026-06-18,128,90+ Days,Customer
96eeb772-6bd2-4183-9f6c-3c1b1ef7b27f,71be3019-2872-4e46-9e8f-941663554ca2,c53390d7-ca46-4c87-88af-c3533e0385c4,431200,2026-06-18,169,90+ Days,Customer
d3021d76-6809-4ee5-b44d-663a6a1a6530,94658b3c-db4b-49d0-951b-126badd4d6a5,65589854-eba0-4489-b01d-bb551a8402ba,426500,2026-06-18,586,90+ Days,Customer
4faab2d9-d832-4578-8b51-7433f6a79bb1,94840a95-c5bb-495e-a6b6-b69f8754b8b8,b32d8a7d-949d-4ab0-a1d1-fd92e8710ad8,425150,2026-06-18,587,90+ Days,Customer
5b67e874-c79f-4108-9a88-5f31ddcd063e,71be3019-2872-4e46-9e8f-941663554ca2,7b4d36fc-a65f-4706-ae3f-bb3f45156198,424420,2026-06-18,387,90+ Days,Customer
7a86ffae-4f46-469f-a0ae-27c3db33e262,71be3019-2872-4e46-9e8f-941663554ca2,902802bb-a1a5-43b6-b1ba-2caa46d942a2,423000,2026-06-18,401,90+ Days,Customer
4246ab5d-f6ae-4b59-a686-9175eb30fa83,271cdaa5-4d7d-46cd-9a43-7e3bb4bb922a,a0d98e90-c9f9-4be6-ba70-df182468cefa,421500,2026-06-18,664,90+ Days,Customer
3b3ff262-650e-41a0-b7d5-35b104db5de7,4bd34c79-b46b-44ed-84fb-b03017795229,2d24ccae-1775-4239-b7f2-a6aed4396dee,420000,2026-06-18,269,90+ Days,Customer
532b75ac-c61a-4c56-b581-afcd8e59e4d8,8da5249a-c2b8-48c3-b61c-12ecf6d898d8,e5379c0b-1a9f-4497-94c5-22277398cf94,418700,2026-06-18,757,90+ Days,Customer
52849244-836f-4ea1-acad-6026ce7dfbb6,5bd75a72-6cce-49d2-8c36-efc22b10d1c2,9de9c97c-1aa7-4499-a6ad-58f0d78131e5,416250,2026-06-18,387,90+ Days,Customer
739bae95-ecbb-4833-8312-d0ff47f20be6,ccb49d47-ef18-415e-84ff-5119d836592b,97a62f14-79ec-4fca-ba66-7052d456df84,414050,2026-06-18,709,90+ Days,Customer
5fd4abc9-acaa-4c1a-8f60-3d4e54b71aba,cb9742f2-b64b-403b-a01c-866e7493f406,2cac06fd-4158-488e-b2bc-1c9a67f5be83,412000,2026-06-18,154,90+ Days,Customer
108fae9a-4ef2-423b-a87e-8e030e36b1f6,71be3019-2872-4e46-9e8f-941663554ca2,1307fbdf-797a-4efc-833e-50ebc598542f,410785,2026-06-18,261,90+ Days,Customer
c4820398-351a-4fc1-8208-6648c76da108,71be3019-2872-4e46-9e8f-941663554ca2,4601b1fe-b238-41f1-b52b-30473333fca7,491150,2026-06-18,618,90+ Days,Customer
11e9efdd-c0d1-4fee-acfa-8522f1b82827,71be3019-2872-4e46-9e8f-941663554ca2,b40a4cca-c614-449a-9c50-d67e3ad409ee,471650,2026-06-18,727,90+ Days,Customer
f258dc41-95e5-4d3a-b45e-c0b20f1ebbaa,a95576b2-7667-4ce8-a54f-c614a08cc151,33369a3a-ee94-4e59-9a17-ee764b7ed0c8,230000,2026-06-18,186,90+ Days,Customer
b1024682-bf9b-4fa7-b212-c4d525ccad79,8da5249a-c2b8-48c3-b61c-12ecf6d898d8,2d93bb6d-a553-4e73-8f3f-fe7c778c960d,432500,2026-06-18,759,90+ Days,Customer
c49dc247-0284-4006-a9bc-74f6d8fefc9a,ccb49d47-ef18-415e-84ff-5119d836592b,4e41a899-5629-4f45-9850-00bbd05ed0d1,428750,2026-06-18,762,90+ Days,Customer
1d5e3e2b-3d68-4911-bcb4-894d98a08061,8da5249a-c2b8-48c3-b61c-12ecf6d898d8,a42d770c-2453-4461-b1f7-750cf48776f8,487500,2026-06-18,633,90+ Days,Customer
da3ebc77-7e7a-4e12-a07f-f21770373174,71be3019-2872-4e46-9e8f-941663554ca2,d5daf84b-9c53-403e-a4c6-5a8aa944cdf8,485245,2026-06-18,231,90+ Days,Customer
6e26348a-cf8d-4951-95a4-416cf5554f7f,7e8dad36-2a64-4fee-befe-3123f6ca73d7,84801b80-756e-42e7-a06b-a910337b1a8b,484500,2026-06-18,438,90+ Days,Customer
b1732b29-6b58-4af0-a39f-ee8e1e9a0f80,d70a1f63-f837-43a6-9a85-e5c926dd4536,236e51b0-5d2d-42a2-ba5a-225a0981af13,480150,2026-06-18,591,90+ Days,Customer
0ac8857f-176d-4842-ad84-49625c054e07,71be3019-2872-4e46-9e8f-941663554ca2,89a75983-7f82-457c-b5be-ff2232f41369,478100,2026-06-18,623,90+ Days,Customer
bcd2b22b-2f05-4fc3-b101-a2519e2082c8,71be3019-2872-4e46-9e8f-941663554ca2,f8147bcb-c0be-46fb-a398-f538b83f6692,476600,2026-06-18,273,90+ Days,Customer
68eea0ac-bff6-4cbb-9634-8e7c91a2e9f4,b47542f5-1b54-4bd1-a387-acdd178eea3b,9cab0318-3b6b-4eee-95c5-6911599903c5,476480,2026-06-18,739,90+ Days,Customer
6f866e4e-d8ce-4d30-b3bb-ecb543c5ac53,71be3019-2872-4e46-9e8f-941663554ca2,02bda8fc-03fe-4a1a-af83-9e3cd90d0060,472687,2026-06-18,291,90+ Days,Customer
f8e60ac8-e838-4d4f-9f6e-7c83cd79af55,9af8a055-23ef-47c9-920d-95f184187ed9,311e58e5-041f-4c9d-bd44-bcf2227b23fb,471375,2026-06-18,480,90+ Days,Customer
f4c794ff-529f-4300-8590-11659a94333b,71be3019-2872-4e46-9e8f-941663554ca2,b58aa4d3-3ba8-44ec-8b3b-48aa3495d389,468312,2026-06-18,471,90+ Days,Customer
0715050c-67d3-42c7-a778-799d15fa33f1,71be3019-2872-4e46-9e8f-941663554ca2,094ceed0-a82c-42d3-8c61-a18404d2ee54,465250,2026-06-18,413,90+ Days,Customer
037f7b95-c3b7-4e9d-bae7-b62c7642191d,8da5249a-c2b8-48c3-b61c-12ecf6d898d8,ca8b8f51-71eb-4f17-83b2-9e25ec49e2ac,463000,2026-06-18,738,90+ Days,Customer
98fdc8bb-0f2d-45e0-8160-3cf0bcad4856,a196000a-c83c-402d-8024-2a2c4dda447c,c254aa90-7b99-4aa0-b585-0081c8d2cbba,459999,2026-06-18,367,90+ Days,Customer
1327f79c-bc1b-4220-929b-7ac550acee1c,71be3019-2872-4e46-9e8f-941663554ca2,42a78704-26bc-4af1-8a84-f54936b41532,455937,2026-06-18,291,90+ Days,Customer
f390d201-4a56-46e2-97fc-ec09020497df,71be3019-2872-4e46-9e8f-941663554ca2,84f7baf4-a360-47b2-bd1d-b287b1ced85f,454000,2026-06-18,449,90+ Days,Customer
e7273734-163a-4565-929b-06a6746a1e77,6f5a24a0-1dbd-4a1b-9e43-42f82094fc21,3ccd8ff1-e497-4fa4-b5f5-e4bd3141bfb5,453750,2026-06-18,350,90+ Days,Customer
c30ab624-d682-4c63-919a-197f4738f264,71be3019-2872-4e46-9e8f-941663554ca2,889cd1cd-7025-4f18-8716-57017ec0d71c,452150,2026-06-18,561,90+ Days,Customer
8bb8a49e-394e-4813-8bca-d1daf1de10b4,71be3019-2872-4e46-9e8f-941663554ca2,1defdbd9-3d72-480b-80c5-2996af3b1229,451000,2026-06-18,472,90+ Days,Customer
4a61ed05-d410-4e21-be02-338c724c1fe4,6ef4fc76-da3f-4422-8a17-41c7ecd6dd4f,4f595222-8efa-4483-9f32-7de3c96d1b84,447500,2026-06-18,115,90+ Days,Customer
6d8afcc6-0a7e-4767-8701-42de4b5cc2f7,cc1c75ac-51c8-428e-9f70-77c001aad47c,ca07b544-d469-4b57-a4e9-ea34992ddb3d,447500,2026-06-18,132,90+ Days,Customer
bccaa574-2869-4199-b38c-263c75623ece,71be3019-2872-4e46-9e8f-941663554ca2,7fc90b89-7b86-408b-a050-60b24fc039c9,447500,2026-06-18,127,90+ Days,Customer
cf84a71e-62be-4424-a99e-85685131d7c3,71be3019-2872-4e46-9e8f-941663554ca2,fc51b701-c806-4b99-9d82-5315dfaaf32f,447300,2026-06-18,416,90+ Days,Customer
81fc798f-02ce-46fa-973a-e93bebc6efc3,13434759-d4fc-4dc9-ad3b-480ab7211da2,369772ed-3ad9-417d-b33b-69d57e98f0df,446199,2026-06-18,113,90+ Days,Customer
30a167dd-c2cf-438b-ba15-87e321dd738f,a196000a-c83c-402d-8024-2a2c4dda447c,4eb4c1b1-4427-420a-b252-77e2493f68c3,444999,2026-06-18,356,90+ Days,Customer
e7aebfac-a374-4ccc-aab1-40dd92a37a94,71be3019-2872-4e46-9e8f-941663554ca2,ae793b0e-bc5e-4907-b24d-b01dcf7b779e,443125,2026-06-18,611,90+ Days,Customer
e5492c9e-fa17-4bde-8428-b2ead19560e6,71be3019-2872-4e46-9e8f-941663554ca2,11ef85b4-46a4-4aee-aea5-a85e0fbb678e,438820,2026-06-18,276,90+ Days,Customer
812391a7-357d-43dd-8c77-18a275bf487f,b5762db9-18c1-42e8-8b82-ee4960dda3ac,3035b0ff-ef8b-403f-9993-9ed572da3d6e,438350,2026-06-18,515,90+ Days,Customer
044cc1c4-710d-471f-af6f-073674eda166,71be3019-2872-4e46-9e8f-941663554ca2,e2e4c86c-a66b-400e-9458-e21a37fc4618,435500,2026-06-18,351,90+ Days,Customer
c05cac78-81e8-44a9-8244-21a110ae40fc,71be3019-2872-4e46-9e8f-941663554ca2,15efc2cd-dd50-4c77-b8b9-eb1786442d6a,433192,2026-06-18,625,90+ Days,Customer
835bf850-2a03-4f72-8278-9183eaecfc62,71be3019-2872-4e46-9e8f-941663554ca2,74451ad4-e978-4c34-a78c-4fe218f8748e,432000,2026-06-18,433,90+ Days,Customer
9103c5b5-aaa5-42f2-8298-4c8b1bea6fa9,71be3019-2872-4e46-9e8f-941663554ca2,ace0935f-1f25-40bf-93fb-7dbe71901bb4,431600,2026-06-18,396,90+ Days,Customer
d79b3605-a6a0-4138-a747-2c8e459338b1,71be3019-2872-4e46-9e8f-941663554ca2,2dcf3da1-ebba-4766-9d1b-18a87ca543f1,427375,2026-06-18,316,90+ Days,Customer
f6b587d5-5629-4c79-83f7-61f4cfbbd40b,71be3019-2872-4e46-9e8f-941663554ca2,f73f5e19-abb6-4c79-bc22-aea7082cbeec,426375,2026-06-18,413,90+ Days,Customer
55bf48d9-385a-451e-b43f-0ba2cb697efc,71be3019-2872-4e46-9e8f-941663554ca2,eb0ca646-7db4-4d97-a998-86e29bcb9008,425968,2026-06-18,480,90+ Days,Customer
347332ad-2421-4bc7-be3c-c1c981c45f93,71be3019-2872-4e46-9e8f-941663554ca2,db737361-1f2d-4243-94ba-a5969443bda6,424420,2026-06-18,400,90+ Days,Customer
8cf4cf18-6a31-4699-ae2f-35608113ecb8,242b18b0-2b6e-4ef6-b311-fa29444b997b,afdae17b-dc6d-4ce0-8bb7-44cc53e8d5ef,424000,2026-06-18,142,90+ Days,Customer
16fdebbb-b3ff-452b-8249-8f11c2e5f7ae,9af8a055-23ef-47c9-920d-95f184187ed9,2cc56476-a7c7-48f9-94e4-c5e508eaea1b,420675,2026-06-18,482,90+ Days,Customer
47f288c5-764a-41a4-b6ea-51417f38efd9,71be3019-2872-4e46-9e8f-941663554ca2,3e5c89c8-86c6-4b71-b590-81f6177ba24b,419500,2026-06-18,379,90+ Days,Customer
6c62cd8a-cc9b-4769-ae81-ade419347771,96f8c31d-8874-4382-947a-a6236f251b81,9f017610-5ae1-4b39-a305-4e968b3ffb29,419150,2026-06-18,599,90+ Days,Customer
770b86e5-7999-46c8-85e0-f1331ab16245,5d9668d3-223c-4cab-9204-86baf7004bed,6b39995f-6ef0-4bb6-a9dd-5aaa6c4561d7,416250,2026-06-18,384,90+ Days,Customer
5e4cacec-83e1-4f08-8943-768414516c2e,c6e017b2-c27d-4969-95de-8284a705a232,3bbb1202-647c-427e-95a8-d77a16624a5c,416000,2026-06-18,121,90+ Days,Customer
631db85a-2f4e-46bc-8bb8-010f4e05f579,8da5249a-c2b8-48c3-b61c-12ecf6d898d8,5d3348ed-da9c-4488-b0c1-f653d728dbc4,413064,2026-06-18,535,90+ Days,Customer
f432f70f-950a-4838-ac73-7cb4a3be1e8b,71be3019-2872-4e46-9e8f-941663554ca2,f81f9969-6e9f-41af-a06b-7361dfaef222,412000,2026-06-18,157,90+ Days,Customer
4bb3e91a-9b5a-45e7-9b04-6c42f6529d69,42d252ce-09ff-4009-912a-ee9ecb4bac8b,dc6582d6-1202-4e66-826b-173b18ab02bc,487499,2026-06-18,254,90+ Days,Customer
e80761a0-152c-43d6-9583-179f7d740f41,ec31354d-a2f1-4014-9b0b-848354b1844d,403f149e-b023-495f-924f-f292ad6fa30b,470781,2026-06-18,266,90+ Days,Customer
08990b92-1fae-43ef-aada-d4206b998307,71be3019-2872-4e46-9e8f-941663554ca2,3a1caee6-30b0-4bb8-a23c-1edbfa5ba1ad,463038,2026-06-18,721,90+ Days,Customer
3bc56cb4-d8fd-4ade-9953-ceb526d6e14f,71be3019-2872-4e46-9e8f-941663554ca2,d88a7f7a-2a46-48a7-b17a-bf4083879f71,486000,2026-06-18,144,90+ Days,Customer
0707249d-4a0b-4fb4-8f87-db2674cdddc6,f83e8351-57ae-4284-99c8-3d0905e11e48,f8d4d9e2-5768-4108-86b1-1b4038dd499d,484430,2026-06-18,175,90+ Days,Customer
9088da0f-156b-4b98-b682-fcc864184a3e,71be3019-2872-4e46-9e8f-941663554ca2,676dd0ea-fb15-4b22-8f3a-1dc8f40eecd4,480130,2026-06-18,518,90+ Days,Customer
6b9811d1-d6f1-4907-b9d8-a5d6997221d5,ebd4b889-4b94-4c8e-acde-8b3b5f560d31,9c8d4e5f-71d1-4edc-9d79-d104deb77cf0,479500,2026-06-18,233,90+ Days,Customer
311e8e8e-1e4b-4a34-b802-f13b0bdbed40,71be3019-2872-4e46-9e8f-941663554ca2,d1f6da45-58c8-456f-8d7e-71650571aa0f,477750,2026-06-18,394,90+ Days,Customer
297e372e-1a6d-49d5-9f18-3a1029f45b20,71be3019-2872-4e46-9e8f-941663554ca2,65e94490-dfce-449c-b161-07edab42bb94,468000,2026-06-18,723,90+ Days,Customer
20be0aff-9370-44e5-aaa0-8d59fbe357b3,8da5249a-c2b8-48c3-b61c-12ecf6d898d8,f422b43e-ab47-4045-b009-61142e0ee280,474000,2026-06-18,665,90+ Days,Customer
56c1acf5-ba93-4bbb-b093-237c51b755e6,51bf73f4-c8da-4e75-b5c1-72b2dc1014a0,be8bd0bf-3a48-428e-8c9b-f73b5d9fd5cd,471000,2026-06-18,382,90+ Days,Customer
fb8b7e40-6742-4486-9373-9bb456888a65,71be3019-2872-4e46-9e8f-941663554ca2,aa437587-0a78-42d4-a40d-22c9220ef9d7,458437,2026-06-18,748,90+ Days,Customer
a735576a-35db-4b56-a026-1bc308398a95,e96db2f5-75f3-4573-9c7d-2862020fc1be,9992111f-1b76-435c-9883-c70d328d5bac,465937,2026-06-18,261,90+ Days,Customer
5d4b40c3-eb73-4f72-9a58-1e919a4ef8c1,71be3019-2872-4e46-9e8f-941663554ca2,8d411c00-bea1-46cf-b2aa-170aa5216013,464400,2026-06-18,162,90+ Days,Customer
b1589e03-6c7b-4175-8f02-1dd0563e84e1,71be3019-2872-4e46-9e8f-941663554ca2,4d40b692-8d32-4781-ad90-3eaef1002656,462700,2026-06-18,576,90+ Days,Customer
374b29cf-1211-4af2-96b8-4c3488d8f008,71be3019-2872-4e46-9e8f-941663554ca2,b4f0684b-f105-4db0-8303-ea6b64050e2a,456000,2026-06-18,190,90+ Days,Customer
5b81ac45-b069-494b-950f-f29cc3ff97ca,71be3019-2872-4e46-9e8f-941663554ca2,75f31cfb-5f9c-4b58-902e-729e0380931f,455000,2026-06-18,480,90+ Days,Customer
e5bb894b-4954-400b-872d-6ec7f13295be,71be3019-2872-4e46-9e8f-941663554ca2,df6f58fd-e274-4e24-882a-9e1da49e8d29,453510,2026-06-18,619,90+ Days,Customer
8f61bd38-7c01-4f1a-beee-67fd6dadb3f2,71be3019-2872-4e46-9e8f-941663554ca2,12ff82dc-c751-411c-ad18-55ea7f8d0890,452677,2026-06-18,491,90+ Days,Customer
2304ef51-fe47-4f0e-bfe7-c85a0c4478ce,271cdaa5-4d7d-46cd-9a43-7e3bb4bb922a,0c9d5427-2c3d-49b1-b669-46a89c62924f,450800,2026-06-18,679,90+ Days,Customer
e4bc8607-95b0-4697-b7c7-2ce57252f526,f8f33b1f-87de-473a-b1b4-85908a4b3fbb,77df2da7-e1a1-4ff0-98ad-c4f20d1975df,449999,2026-06-18,318,90+ Days,Customer
9e04fcb4-4a80-4258-8305-428045670f00,6ef4fc76-da3f-4422-8a17-41c7ecd6dd4f,2acedf6c-6af2-491a-b038-07f999cc96ae,447500,2026-06-18,183,90+ Days,Customer
76c46a18-2876-4c8f-8743-6c72a9929bc6,71be3019-2872-4e46-9e8f-941663554ca2,1697b134-9b2d-42bd-b26b-c1303ecd7939,447500,2026-06-18,112,90+ Days,Customer
24e704f7-5331-43ba-92c1-7869dd2fa42e,71be3019-2872-4e46-9e8f-941663554ca2,4926fb38-7943-45d5-9cba-0b5c46daad4b,446510,2026-06-18,247,90+ Days,Customer
e416d2a4-edbe-4713-97fc-5ee6679fef0a,917661e1-3ddc-4cdb-882a-56e83978c161,5eaba43d-8ebc-4ac0-aab0-688acedeae62,445000,2026-06-18,256,90+ Days,Customer
28585b93-b37d-4396-b5e3-1c3e276b0f8b,71be3019-2872-4e46-9e8f-941663554ca2,abff3708-fcfa-4e30-bc38-d6ef07cacb6d,444500,2026-06-18,332,90+ Days,Customer
ef19c60f-26d1-4a17-8870-448f10cdc394,71be3019-2872-4e46-9e8f-941663554ca2,e4d44f34-6ec3-44e8-a7b9-24fe7eaa6277,442670,2026-06-18,547,90+ Days,Customer
d7007178-48ad-472b-a032-48f3169425a7,7e5b18e4-acb0-4a74-ad1d-f25958d7de14,dd81da0f-72b8-4d94-a37e-32ee13fed5af,439949,2026-06-18,290,90+ Days,Customer
51623193-ae4d-4de2-a758-5ccd58635816,71be3019-2872-4e46-9e8f-941663554ca2,19a1eb59-0030-412c-a1d3-b2c0d7f46dda,435000,2026-06-18,543,90+ Days,Customer
c61604e0-df8f-49d1-96d7-eee968214480,71be3019-2872-4e46-9e8f-941663554ca2,b91e28ea-3fc3-42f7-899f-bc2ef7c2308f,433600,2026-06-18,121,90+ Days,Customer
edf19586-7ef7-4f80-9333-c34596a62cf0,46259c13-632d-449f-a96f-f1deab0e0046,e75e1c20-283a-43b9-8dc4-4059506614ed,432000,2026-06-18,133,90+ Days,Customer
91ea87ea-7dad-49ed-9255-45d8f45c297c,cc1c75ac-51c8-428e-9f70-77c001aad47c,298fb7fb-ce61-4186-bf60-65362c5cb7ec,431500,2026-06-18,175,90+ Days,Customer
7fd8235d-4f17-4e46-b9d7-2b7192e7c814,71be3019-2872-4e46-9e8f-941663554ca2,451533ee-4165-44e4-a1ff-73d2b5561b93,428500,2026-06-18,517,90+ Days,Customer
1d395e4d-c9ae-4ddf-bb96-06226bd38648,71be3019-2872-4e46-9e8f-941663554ca2,02cb54d7-d467-46d6-8a90-11b9092fb336,426690,2026-06-18,366,90+ Days,Customer
91dff5a8-ebcc-4be0-8da3-68ec7d48d4e2,71be3019-2872-4e46-9e8f-941663554ca2,9584ea06-986f-41dc-89bc-68f3de02da4d,425000,2026-06-18,560,90+ Days,Customer
5debfe85-9465-42c1-966e-071091ed8075,71be3019-2872-4e46-9e8f-941663554ca2,d33e5837-f9bd-43a8-bf56-dbbae5ac4c8a,423875,2026-06-18,499,90+ Days,Customer
401a4834-ac86-499d-a2c6-8e3819a28407,8da5249a-c2b8-48c3-b61c-12ecf6d898d8,98d2e8ba-3b8f-4194-8fcd-388d4c260527,422180,2026-06-18,582,90+ Days,Customer
fd581e4d-08cd-4ef9-82d4-7f3fed5a9233,71be3019-2872-4e46-9e8f-941663554ca2,26904976-bc32-4e5c-ba71-109807e1d056,420300,2026-06-18,449,90+ Days,Customer
2e61c9dc-d5fb-47ba-bfbe-7b67680b135a,71be3019-2872-4e46-9e8f-941663554ca2,4715039b-224a-45f5-afe1-f31e4dc56f34,418750,2026-06-18,365,90+ Days,Customer
83f8d52a-71a3-44e8-b16a-0058e6de2f97,5bd75a72-6cce-49d2-8c36-efc22b10d1c2,b48776f5-a55e-43cf-a1e6-2f337cc0eeec,416250,2026-06-18,380,90+ Days,Customer
47a3e0ea-8061-4e15-b42d-6d3242f0b3e8,71be3019-2872-4e46-9e8f-941663554ca2,3b2ae95f-620b-4dbc-8fec-fadd50848622,415475,2026-06-18,584,90+ Days,Customer
82d0fd13-5ea0-4c94-aade-9c06d791be41,71be3019-2872-4e46-9e8f-941663554ca2,dd715da3-6357-4e12-b9f7-dfac22789d5c,412650,2026-06-18,352,90+ Days,Customer
f52d8229-bb62-4bad-9cc8-1fee76b5e830,71be3019-2872-4e46-9e8f-941663554ca2,ea2794a1-81f1-40eb-9dcb-bb1336c58ded,411070,2026-06-18,317,90+ Days,Customer
fdc0cf25-0652-4eb3-887c-75eb6ba0f377,71be3019-2872-4e46-9e8f-941663554ca2,b84ebd0c-bd05-4902-adf9-8d69547129c6,408498,2026-06-18,227,90+ Days,Customer
81cd3da6-de54-4bf8-8938-13480737a645,71be3019-2872-4e46-9e8f-941663554ca2,498fa8c7-a313-405b-b67f-11e6c9f5b861,487900,2026-06-18,471,90+ Days,Customer
d7c2284e-bd91-4a19-a9c6-af8d64d87722,42d252ce-09ff-4009-912a-ee9ecb4bac8b,e25d42bd-deab-4f91-8d32-f7252ad3a14d,487499,2026-06-18,255,90+ Days,Customer
94a92863-3b62-476f-968c-701282a81add,e0127f48-7045-4fdc-b308-c030eb515cc1,4f1f327c-a3ac-4ae9-aab5-f4539263366e,485625,2026-06-18,779,90+ Days,Customer
e2eb0f4c-cdc5-4971-b768-3d41b7da880b,ebd4b889-4b94-4c8e-acde-8b3b5f560d31,fd4e6f43-cbc7-4df0-87f9-8ee7a1fc339d,11960,2026-06-18,258,90+ Days,Customer
e6868ecf-f008-4dde-af89-be1e3020398b,4e149a65-2e58-4469-b352-ff58480bc0a8,d045e7fc-d01c-4d1c-adb9-d24ef932e05f,120000,2026-06-18,224,90+ Days,Customer
7b086584-a3d2-42dc-80f0-cf808cb1d1f9,71be3019-2872-4e46-9e8f-941663554ca2,62794895-ee4d-4c50-954d-413591ade7b7,482800,2026-06-18,218,90+ Days,Customer
48fcdf6c-29cc-45a8-9538-2629e6211f91,71be3019-2872-4e46-9e8f-941663554ca2,5fb1dc2a-cbd5-42a2-b817-467b626a8e49,480100,2026-06-18,284,90+ Days,Customer
5bd6fdd9-e19a-4268-95ad-33db57c50aae,71be3019-2872-4e46-9e8f-941663554ca2,c3e8a147-8704-45cf-9850-0f1a3f31a0fb,477700,2026-06-18,207,90+ Days,Customer
bc620e5b-2464-4615-a439-ebd48bd4a937,c6e017b2-c27d-4969-95de-8284a705a232,df601f85-b681-41c3-9644-6bbfd10c1b7e,475200,2026-06-18,164,90+ Days,Customer
e6ac33ec-345d-4a1a-b9e2-71f839a15c8a,8da5249a-c2b8-48c3-b61c-12ecf6d898d8,cb8660ab-7550-481b-b2c4-2b060c23084e,474000,2026-06-18,759,90+ Days,Customer
4a1f0261-7dc7-461a-b6a4-19bbdbeefc7e,9ef1c398-08d9-42ff-a90f-e79958f2aadc,7b18b236-f8ba-4b34-9da7-38bc8ca6930e,470500,2026-06-18,121,90+ Days,Customer
6ce3e0c9-44a9-462b-a895-6f6d74b65287,ccb49d47-ef18-415e-84ff-5119d836592b,6ef7143d-63b2-4d5b-b999-75cd7b657323,466500,2026-06-18,744,90+ Days,Customer
22f050ad-3c3d-4816-931a-b41cf00327a9,4f0cd4d4-6997-4586-b94d-cfbfc15ccd92,534ea7d7-bc8f-4719-ba01-ab4c0097d6a7,465000,2026-06-18,725,90+ Days,Customer
f8423447-f4e0-4098-a09c-7b9f7060b07d,95c5d920-3701-494c-b8ec-568a66ffc4ad,32a34446-b7a2-44b2-ad86-933d79871aec,463550,2026-06-18,342,90+ Days,Customer
4543fcd7-d0fa-45f7-bbda-bf13ccf3bac3,80dd1cba-db4a-4856-92ac-722a4b856b9f,c57fd0f3-8e9e-4b01-9e4e-3d0c7afb3cf4,462250,2026-06-18,435,90+ Days,Customer
76efb544-641b-453f-aef0-aedefdfc1024,71be3019-2872-4e46-9e8f-941663554ca2,549c059b-c9ee-4629-a57b-6f76840e223e,457625,2026-06-18,535,90+ Days,Customer
702895f5-736c-4781-8cbf-5d50d9f5efa7,71be3019-2872-4e46-9e8f-941663554ca2,4612eb12-0314-47f0-8c52-9d9970acb21d,456615,2026-06-18,568,90+ Days,Customer
b4584031-f208-4828-857e-236dfe65a2be,71be3019-2872-4e46-9e8f-941663554ca2,c04caee9-9267-4142-a58c-a307bac1686f,454750,2026-06-18,342,90+ Days,Customer
fa97fa6f-ae65-455c-a4f3-c6ad0118c36e,8da5249a-c2b8-48c3-b61c-12ecf6d898d8,2181edfb-215f-484b-9a01-cd706a700775,453500,2026-06-18,563,90+ Days,Customer
1eb23156-2ad2-46c7-816d-599f2963b1c9,80dd1cba-db4a-4856-92ac-722a4b856b9f,e6a4e36d-792b-443b-af82-7a8305146c37,452500,2026-06-18,399,90+ Days,Customer
c1d334b2-8070-4598-ad44-03dd05700461,242b18b0-2b6e-4ef6-b311-fa29444b997b,0fd9195f-7381-4879-86f4-1886e88e8d5f,450000,2026-06-18,317,90+ Days,Customer
264cbcbb-a1a0-40aa-9d17-1dcfce6c0aef,5bd75a72-6cce-49d2-8c36-efc22b10d1c2,267f66d7-94cc-497b-b88f-cc9a80e5e79b,449999,2026-06-18,254,90+ Days,Customer
2a84d3e8-d21c-47d2-9bbc-ca004446df02,ae1c1a81-1b14-40c4-b8c0-f34710c576cb,b1a99d9c-0e09-4686-b1db-e23effefcaf0,447500,2026-06-18,169,90+ Days,Customer
5025d11c-8d1d-46eb-a02c-759b4ce2cef6,71be3019-2872-4e46-9e8f-941663554ca2,feb31637-e40d-412c-b437-1fbd28ce00f4,447500,2026-06-18,126,90+ Days,Customer
932e9291-a0ac-49dd-84f7-44460704a83e,a52563a7-fcd1-4276-b839-ab566d15b028,57bec5e5-3369-4ff2-ae39-adb3217ea648,447500,2026-06-18,177,90+ Days,Customer
c3fb6c3f-b60f-45b9-829f-3022f434815d,71be3019-2872-4e46-9e8f-941663554ca2,303a6d13-2918-4392-92a5-de06c1489a80,447000,2026-06-18,311,90+ Days,Customer
d8ad7002-ab17-40ea-ae61-dcaa8e945b26,51bf73f4-c8da-4e75-b5c1-72b2dc1014a0,8e76f2da-af52-4219-a44e-363bcf61f1b2,445000,2026-06-18,722,90+ Days,Customer
fcb28354-052d-4c82-969d-25bdcbd87cb4,271cdaa5-4d7d-46cd-9a43-7e3bb4bb922a,856f13f3-12d4-43a0-8e53-538eb5e3d12d,443200,2026-06-18,582,90+ Days,Customer
8da9b462-ef0b-444f-ac48-be57dd1b7662,71be3019-2872-4e46-9e8f-941663554ca2,0ffcf3a9-9fbc-47ce-82c4-24796f86ee06,441250,2026-06-18,367,90+ Days,Customer
79a799c5-b87d-49af-8db0-010c25b395ab,71be3019-2872-4e46-9e8f-941663554ca2,0def4c00-f0a6-4db0-a65e-e197cd9e0c62,438440,2026-06-18,233,90+ Days,Customer
2197be8f-8294-477e-a0f1-25ce904b6278,71be3019-2872-4e46-9e8f-941663554ca2,8b04a27a-0bfc-4731-af7d-83d17ea353d8,436625,2026-06-18,613,90+ Days,Customer
ee48797a-4f0e-4d8f-ab7b-722da60847c7,71be3019-2872-4e46-9e8f-941663554ca2,5a8592ee-5577-4bf5-82dd-be11cc8cb82a,433600,2026-06-18,251,90+ Days,Customer
380fb38a-6a93-43dd-8ec2-b76ef53705e3,46259c13-632d-449f-a96f-f1deab0e0046,23881c8e-0104-4d6f-9eb1-d17a7dab2aff,432000,2026-06-18,141,90+ Days,Customer
22c2635f-321e-4fa1-bb28-ffbeb1198718,71be3019-2872-4e46-9e8f-941663554ca2,cea76e23-a543-4f3f-a1c7-b05e457c876f,431500,2026-06-18,452,90+ Days,Customer
5395d58e-a36c-40f0-9f49-546cd66f8f0a,ee050b45-8c17-4d06-ba05-a7f64ed04dab,0d022558-a327-4460-b503-c9feb279cce9,428484,2026-06-18,686,90+ Days,Customer
7f4b6e54-b322-4b40-ac0f-0f5b4ae6602a,8da5249a-c2b8-48c3-b61c-12ecf6d898d8,f356cc1d-5865-40cf-b5f9-917476d6953d,426600,2026-06-18,642,90+ Days,Customer
e9ceecbd-72ef-4c27-bcc8-4e6a74bd78ba,ebd4b889-4b94-4c8e-acde-8b3b5f560d31,684da079-f0c3-49ba-a245-84e6b27958f4,424750,2026-06-18,204,90+ Days,Customer
3ae93727-5802-4e7c-8f9d-911d7d1bd0af,8da5249a-c2b8-48c3-b61c-12ecf6d898d8,1312fb44-55bd-4df3-bf05-d0bf095833b8,423500,2026-06-18,553,90+ Days,Customer
6c2b580c-615c-4e7d-9ae5-266337c50198,96b16a85-109f-4221-acc1-70fa87bccddc,2d9e0d43-c8d3-482b-a255-6f487c41f3e1,421620,2026-06-18,206,90+ Days,Customer
9bd37cd3-bb20-4da0-8b59-552f39d138b9,5f27bee7-c714-4bfc-b036-d4c1e018d522,9c91bef0-dd24-4065-b892-355ee426e6ed,420000,2026-06-18,263,90+ Days,Customer
b26302a3-5f2b-48bd-97cb-f3b8979a166e,22c3834b-a9d8-4851-8514-d59d3b562b07,9416ef5e-4ce9-4119-bf82-89f08d6117a6,416850,2026-06-18,199,90+ Days,Customer
92d10bd1-2d7f-438c-a798-20347a45c2ac,5bd75a72-6cce-49d2-8c36-efc22b10d1c2,cd944efe-b67c-40e6-8d52-71bb77723f9f,416250,2026-06-18,384,90+ Days,Customer
8fa2044d-04d4-4b28-a001-68f9f64417e3,71be3019-2872-4e46-9e8f-941663554ca2,e10a6ae0-3172-4f99-b86b-8257562401bb,415000,2026-06-18,531,90+ Days,Customer
382f6375-8845-4f14-a021-b7d8043b4c47,46259c13-632d-449f-a96f-f1deab0e0046,ce09580d-17f7-47d3-be29-4b09ffe330a1,412000,2026-06-18,151,90+ Days,Customer
2a32c90a-868e-4e14-a1ba-fd8df5e116fb,71be3019-2872-4e46-9e8f-941663554ca2,4bc91c58-6ae3-4173-87b9-84a198dc29d4,410999,2026-06-18,545,90+ Days,Customer
8eea1618-27f9-4aa2-9190-ddd8a130d463,80dd1cba-db4a-4856-92ac-722a4b856b9f,39bb12e9-6d65-4216-9fee-9b3dbba666b5,408125,2026-06-18,554,90+ Days,Customer
ae96d6e2-69c1-41de-8072-e6a1b49df7c9,71be3019-2872-4e46-9e8f-941663554ca2,867501df-1acc-4cdb-9233-707078db5d1e,408000,2026-06-18,162,90+ Days,Customer
329928c9-7d0b-4201-9d7b-3ebece257ffc,ca7954fa-0d1a-48e9-b611-1e984e4b0850,12743837-a005-4825-8081-84bf2120d131,404000,2026-06-18,773,90+ Days,Customer
467ea30c-a6bd-48a6-acb1-ee58b847828b,71be3019-2872-4e46-9e8f-941663554ca2,c40bb5e4-ca01-4444-9e57-ceb13f8ac462,402750,2026-06-18,137,90+ Days,Customer
8efd943b-6bd3-44e1-81ba-585f87d29b12,9210470f-bbf0-4c64-9538-eafcd517a6c9,ab021245-06c8-4fcb-a88a-17369eb52deb,435000,2026-06-18,626,90+ Days,Customer
ba53d039-a45b-4d9a-b044-5c4de3ae4c12,71be3019-2872-4e46-9e8f-941663554ca2,d570b052-6d98-41fe-9d75-862817dc30bb,425250,2026-06-18,758,90+ Days,Customer
318d3d5d-40f3-46f2-9176-979ba7dade01,16551b80-b0c1-46d5-8940-71260022fd1c,e9c499e2-e1c0-4570-8888-ab8e9196fe57,398800,2026-06-18,511,90+ Days,Customer
d750ef36-6447-43f5-a25b-e23de489f4b8,71be3019-2872-4e46-9e8f-941663554ca2,19e258fd-b246-4197-aed8-6f037ca35fba,397977,2026-06-18,590,90+ Days,Customer
9b8276ff-5cd4-40be-b07f-3de9cb413558,242b18b0-2b6e-4ef6-b311-fa29444b997b,67af13b5-909e-434b-9f1c-3dc7fcbf6beb,392000,2026-06-18,164,90+ Days,Customer
c40af2c5-b345-4079-8ecd-12f7d96d58dc,71be3019-2872-4e46-9e8f-941663554ca2,bbb6994f-2829-48a7-a1b7-bb022eb9ab94,389500,2026-06-18,171,90+ Days,Customer
08d12283-5145-4f33-9ff5-c4ee30dd6cd8,71be3019-2872-4e46-9e8f-941663554ca2,5c909246-83c7-4b8b-a66e-0181ae6907d0,388750,2026-06-18,336,90+ Days,Customer
021aaaf0-1984-4a37-95f1-4cd88dff89be,f0fcd114-c83c-4557-ab8e-29869eb50b7b,a38005a7-0a4c-4a00-a11e-4a3ce7b788c5,385950,2026-06-18,169,90+ Days,Customer
ea48fb9b-76bc-4f4e-b9b3-f099fd509bdf,242b18b0-2b6e-4ef6-b311-fa29444b997b,82798644-1d8a-4a9c-8319-c764d6e8c323,384000,2026-06-18,181,90+ Days,Customer
b5559e23-abbf-4767-a6b2-c1cf4205bb9a,5bd75a72-6cce-49d2-8c36-efc22b10d1c2,68e35f08-d77e-4a0b-82df-fb4d67c656be,380087,2026-06-18,686,90+ Days,Customer
6792e2a7-987a-4977-8ffd-b89361da0c52,5bd75a72-6cce-49d2-8c36-efc22b10d1c2,6656518d-0bb9-4199-9607-d4a0bf9b21c4,377876,2026-06-18,687,90+ Days,Customer
0736bb51-1ee5-42a2-a2f6-397992b30a1e,71be3019-2872-4e46-9e8f-941663554ca2,a973cd73-b403-40a0-ac28-60bf232bf72b,377600,2026-06-18,547,90+ Days,Customer
a8505646-d558-4da1-be1b-72a7d6f33c17,e81165ad-05bb-4b73-9bde-443bc6e8b08a,6fb19a97-5904-4b90-92bb-8334fe662bc8,374550,2026-06-18,527,90+ Days,Customer
71b26040-6f4a-4d44-8276-dcfaa69afeb2,13434759-d4fc-4dc9-ad3b-480ab7211da2,6366ae4e-e806-45ad-839f-2c17faf7fbe8,372960,2026-06-18,139,90+ Days,Customer
ded18d75-eed2-4249-a278-e42c959e8a6f,935452e3-cd62-48f6-8240-a237fbb049e2,28220443-4c7d-48c7-b5b2-f5191af1406a,371400,2026-06-18,556,90+ Days,Customer
adf87bab-2736-47fc-88e8-5b2c0d3a7e6e,be6aebf8-8a0f-4527-a9d4-d94f09f3c93a,593698a5-2c81-4bc7-93d1-c7c2df306c4b,366390,2026-06-18,429,90+ Days,Customer
ea6ee185-eb47-4ec1-b940-d1520083a022,71be3019-2872-4e46-9e8f-941663554ca2,8cae5ef5-29c0-4402-ac5a-7162979e236e,362800,2026-06-18,547,90+ Days,Customer
e19a51a5-a479-444e-95e2-d6b91fca97a4,71be3019-2872-4e46-9e8f-941663554ca2,8a7d34c7-a470-4a96-843d-a624646a0433,362087,2026-06-18,337,90+ Days,Customer
cb793af6-d870-4744-b7b8-253c033f1968,71be3019-2872-4e46-9e8f-941663554ca2,3a60ea31-62ea-4146-9303-3275d3ee6cf4,360843,2026-06-18,468,90+ Days,Customer
27355e63-0b13-4366-9408-43441cf1792b,71be3019-2872-4e46-9e8f-941663554ca2,1cf167bc-f54d-4255-b50f-9996a40d3932,360000,2026-06-18,357,90+ Days,Customer
53314d31-39ac-476c-bf36-24e990962d06,71be3019-2872-4e46-9e8f-941663554ca2,5ccf8c81-89f1-4503-92bd-00d45cf54214,358725,2026-06-18,626,90+ Days,Customer
06ed4a53-5279-4d55-8154-8a1803d9caf5,95c5d920-3701-494c-b8ec-568a66ffc4ad,b357ae35-5a26-44ab-812c-23e2ab4db9eb,358000,2026-06-18,146,90+ Days,Customer
182d695b-b05a-4735-a2b0-6686e63bc47a,6ef4fc76-da3f-4422-8a17-41c7ecd6dd4f,e047c710-4eab-4299-a722-a0d7ac171c6c,358000,2026-06-18,144,90+ Days,Customer
e55f8480-764a-4fff-a1db-1001c0c81aa5,cc1c75ac-51c8-428e-9f70-77c001aad47c,f1ff9019-bfb5-4b25-8fa6-25f5d13265ee,358000,2026-06-18,122,90+ Days,Customer
bc44bbd6-637e-4aaa-9f72-dbe32c00fb38,71be3019-2872-4e46-9e8f-941663554ca2,dddbc20c-37cb-4446-9f0d-a43a9af27a03,358000,2026-06-18,140,90+ Days,Customer
cbba9ace-5004-49e7-aa2b-c35d010e1e93,71be3019-2872-4e46-9e8f-941663554ca2,3dbc0b5f-e316-41d9-a9b7-09f04dad670d,358000,2026-06-18,140,90+ Days,Customer
e15ba17f-721d-45b9-a1f1-ea1d7855c2ef,71be3019-2872-4e46-9e8f-941663554ca2,6fdd1f25-c25f-4320-ba2d-644bbac28e4c,375930,2026-06-18,715,90+ Days,Customer
1b4427fb-cb04-481a-ac10-dfc1a477c253,dd8cb13e-af3e-4023-99a5-c9c9d747209f,5c48c4f3-cc0d-4227-b132-4bd91faa3920,357000,2026-06-18,742,90+ Days,Customer
2bf63ff5-06e5-46e8-b68f-15bb715fd751,71be3019-2872-4e46-9e8f-941663554ca2,37aacbdb-ecbd-48b4-a4a2-c42821a5eabc,353800,2026-06-18,531,90+ Days,Customer
88c88fe7-b156-41f9-9deb-68a8b849a9b6,f0fcd114-c83c-4557-ab8e-29869eb50b7b,28df0c4d-e0dc-44b5-83ff-d57a95dc863f,352000,2026-06-18,524,90+ Days,Customer
f2380044-d687-4546-b76a-c1b4d9ec03dd,71be3019-2872-4e46-9e8f-941663554ca2,ec580388-a3fd-4c8a-851a-3bbf52cadbed,351200,2026-06-18,517,90+ Days,Customer
523bbbfb-373a-43bd-a285-16614cc42fd9,ebd4b889-4b94-4c8e-acde-8b3b5f560d31,b6fedb72-7f02-4232-9403-747c6d538d00,349500,2026-06-18,235,90+ Days,Customer
59210a77-b324-4139-8287-aa827506efbc,71be3019-2872-4e46-9e8f-941663554ca2,b8b1f16f-1bf5-474d-9e34-24dea91a458f,348750,2026-06-18,332,90+ Days,Customer
3c04cde9-abd4-41f9-bf26-e12648e3e21b,242b18b0-2b6e-4ef6-b311-fa29444b997b,ca96863f-a27f-43f1-8701-14c6e4b93073,348000,2026-06-18,279,90+ Days,Customer
642dc02e-ae3c-4d23-b3cd-ca650dc9b50e,1a42863c-c5fb-4bad-bd55-5ec8b0d96206,e0dd1106-b3b3-4a6b-bc91-f098563de2fe,346000,2026-06-18,454,90+ Days,Customer
f8bdb046-b02f-4012-9499-099c79e4a222,2bc5bcfb-185f-4a64-95b6-32efd7cfec25,132c2d5e-3275-4819-8a5b-a3bcb7aacf96,346000,2026-06-18,505,90+ Days,Customer
5ac9f91c-8f39-4d75-96fd-f1fabcd7737c,71be3019-2872-4e46-9e8f-941663554ca2,ea7fd5bf-f0e5-4cb9-a94e-2e86b5197daa,345602,2026-06-18,237,90+ Days,Customer
e9c964ab-154f-4ce2-8898-d703dd80cb6b,13434759-d4fc-4dc9-ad3b-480ab7211da2,259836df-9951-4851-ab22-4061a3add10d,343649,2026-06-18,123,90+ Days,Customer
e7e55052-7377-452b-b1dc-ce981aecc6ca,f0fcd114-c83c-4557-ab8e-29869eb50b7b,2a8ddb0d-9677-4d27-9461-2b0a0afda300,342000,2026-06-18,399,90+ Days,Customer
844f4cb1-7a01-4867-94ef-eefe767ad1e2,71be3019-2872-4e46-9e8f-941663554ca2,a1da5f0d-924e-4d8b-8537-8346ecb3accb,402750,2026-06-18,137,90+ Days,Customer
2684354a-9399-4146-8716-be45409f1859,f0fcd114-c83c-4557-ab8e-29869eb50b7b,5d6a54d8-9416-4720-bb79-ed8a37474ff0,398600,2026-06-18,370,90+ Days,Customer
3de90569-6dab-4242-9bbc-0435e7c038a7,71be3019-2872-4e46-9e8f-941663554ca2,523fbeef-a417-4abe-abd5-98c729295a8b,369000,2026-06-18,681,90+ Days,Customer
fc9849fb-fd84-4478-8f07-8ea9bf5f405d,2fc9f32e-878b-46d8-a0a6-0fbb24336bda,4c10edda-449b-4591-9863-ac60f88c8b0f,93520,2026-06-18,123,90+ Days,Customer
49f47494-ae07-4b24-9fa9-3a8c2fab8f94,71be3019-2872-4e46-9e8f-941663554ca2,783b0878-468d-4216-b17d-26c990613e62,357420,2026-06-18,689,90+ Days,Customer
9572b675-49b6-4c34-ad5a-9708fa5c1db0,2f8756e1-600a-49b8-a3ac-32f9adf5020e,924cf912-7cc3-4f29-a6a9-7c2b4001be53,356000,2026-06-18,269,90+ Days,Customer
81738c50-f4d7-48e1-bd90-cc3bb958e465,71be3019-2872-4e46-9e8f-941663554ca2,795977ec-fce1-4f02-8c1c-e9092b9e843b,347000,2026-06-18,688,90+ Days,Customer
ec638c13-a7e6-47c6-a485-da8b18c2f2f4,71be3019-2872-4e46-9e8f-941663554ca2,6b8a4ff3-135c-44a1-8b60-1f32d17f9c14,405562,2026-06-18,753,90+ Days,Customer
cc62c4f1-1d46-482b-94b7-fead2844e05b,71be3019-2872-4e46-9e8f-941663554ca2,ee753bdb-f432-45f9-8b8a-ff40b26fa83b,395625,2026-06-18,385,90+ Days,Customer
82345cc2-c502-49a1-8ffc-bf9cc013b5b0,71be3019-2872-4e46-9e8f-941663554ca2,f6cb2fa2-0999-4ad9-8bc4-b444872759b8,394250,2026-06-18,205,90+ Days,Customer
e37e4f74-ea3d-4701-b1aa-79613ad26f96,39e3f045-ed2a-4d83-aee6-68046c1dfbb7,983805fa-3a7b-425a-aee8-65e3e3358c25,393500,2026-06-18,624,90+ Days,Customer
6c0637cd-a359-4ab0-8e5a-da3d03e1d873,71be3019-2872-4e46-9e8f-941663554ca2,13adaad5-19cd-4499-93e1-801c07101f1f,391600,2026-06-18,710,90+ Days,Customer
a97bb54e-1b74-40e3-a591-89272610b8fd,51bf73f4-c8da-4e75-b5c1-72b2dc1014a0,fea65d8d-c498-44fa-837f-ab65a22a04e8,386650,2026-06-18,239,90+ Days,Customer
ef3b6023-75c1-4149-97e8-1bb95a1cfcd7,077d9584-8f05-42cb-90f1-1e17bab1db5e,b1860e41-0b23-4948-a4e9-5a7284eabf9f,382800,2026-06-18,230,90+ Days,Customer
0c99d7dc-8387-498e-873d-861d20e19785,9c8577e0-bac5-40ed-ab97-d69d5aadb619,be4db713-0dad-4562-b90f-49e2b2ee00b7,381875,2026-06-18,235,90+ Days,Customer
ec9fbe00-5f50-4353-aab3-8309fb969759,6bfd0ec9-30f4-495c-b104-f19a6d20505a,24c2ccba-ebb1-491c-af6a-269c50eaad26,307745,2026-06-18,206,90+ Days,Customer
acd807a5-6dbd-4025-b3c6-57daffe4afa9,71be3019-2872-4e46-9e8f-941663554ca2,c2459b5d-bfae-4cc5-9057-9da57b8752bc,376250,2026-06-18,405,90+ Days,Customer
def2cfc3-52b7-4df6-b310-f45debcf5b3f,71be3019-2872-4e46-9e8f-941663554ca2,aa47905e-7e67-45fa-9b4a-0c7cfebb1979,375000,2026-06-18,452,90+ Days,Customer
2e67a828-f69b-4ea1-a50c-2c5bbd5f72cd,71be3019-2872-4e46-9e8f-941663554ca2,2022ba32-7502-40d6-a246-895335596dcc,373450,2026-06-18,258,90+ Days,Customer
f6ca00f2-73e7-45a3-a3b7-2f795684777e,71be3019-2872-4e46-9e8f-941663554ca2,903dc227-37a7-4ed9-86fb-a2b3022b2fef,371087,2026-06-18,498,90+ Days,Customer
f8bdde0d-f8c9-4792-9b50-981474820349,be6aebf8-8a0f-4527-a9d4-d94f09f3c93a,7d8930b4-9030-49bb-b701-8d6abe274402,370000,2026-06-18,209,90+ Days,Customer
62ab1c57-b525-4a6b-a503-9b90dda14124,71be3019-2872-4e46-9e8f-941663554ca2,ad1b3f09-a9f6-4919-8d96-e8d5e0306bae,366500,2026-06-18,562,90+ Days,Customer
5e2c955d-fb93-4861-9861-26cbbb7c60bd,ee050b45-8c17-4d06-ba05-a7f64ed04dab,70ced206-4b50-4180-8a4b-23b89aa92070,361500,2026-06-18,207,90+ Days,Customer
3b8661ba-b324-445d-a792-f7c259cf4463,71be3019-2872-4e46-9e8f-941663554ca2,049cd2d2-eeaa-4de5-a489-8c941913b17d,360150,2026-06-18,233,90+ Days,Customer
02140dd8-a50a-4b6a-a090-8e236a90c4d7,11196cb7-c0ba-4cfb-8146-845f78d7b77c,92dcb56e-2fb1-4185-a76a-ec00f0b4c3cf,360000,2026-06-18,700,90+ Days,Customer
00f8b9bd-d5f8-4a6a-83ad-7fd3ba3f3697,71be3019-2872-4e46-9e8f-941663554ca2,cb0d73b1-7440-4450-a70f-66a706fea68f,359900,2026-06-18,602,90+ Days,Customer
cf89dcaf-d14e-41eb-b2e5-5f27ac08517a,8da5249a-c2b8-48c3-b61c-12ecf6d898d8,7d7d889a-51ad-47c1-9230-10e12d8ce372,357750,2026-06-18,762,90+ Days,Customer
bb0ad08a-f061-4f34-8f88-4cba33e4c25c,b76b001a-ed2c-448e-b05b-ce16386cc91b,129f3c92-9aab-45e0-8f1a-65b4bf78f746,358000,2026-06-18,483,90+ Days,Customer
12123190-2be8-4b81-bdd4-9d7ed6c8a0b6,71be3019-2872-4e46-9e8f-941663554ca2,9e9c2b62-aa07-4b66-9341-993da3fee29d,358000,2026-06-18,133,90+ Days,Customer
2bdc19b6-d0c6-4cfd-ac27-7960bf3ac170,71be3019-2872-4e46-9e8f-941663554ca2,fcf2c09d-c631-4c25-8fed-1ad718f72949,358000,2026-06-18,144,90+ Days,Customer
339d971b-01d7-4bc2-bc44-2bdfe2a490ee,2fc9f32e-878b-46d8-a0a6-0fbb24336bda,cdb1eb83-2f2c-4f1a-b72f-91c147874654,358000,2026-06-18,114,90+ Days,Customer
accf8d70-e36e-4690-96cf-578d6510e149,f1e51592-40e6-4c0e-ba12-f1e4bfda0f43,6e1079cc-5d5f-4037-8ecc-d61fd519ebdc,358000,2026-06-18,148,90+ Days,Customer
80d98fed-f80f-4d29-bb52-8e3e208213dd,13434759-d4fc-4dc9-ad3b-480ab7211da2,f725d088-5425-4a5c-bc29-4369e8d56ea6,356959,2026-06-18,114,90+ Days,Customer
1c0aec36-d972-4364-946a-a1a7ed366f1a,271cdaa5-4d7d-46cd-9a43-7e3bb4bb922a,c99ee3ab-74f3-4989-a14e-a51f280546da,354000,2026-06-18,652,90+ Days,Customer
b9abb6ce-cd92-4a8b-a9cb-f97eddf35089,8da5249a-c2b8-48c3-b61c-12ecf6d898d8,d298603c-086b-424f-9dd7-cf0328f4fe16,353250,2026-06-18,749,90+ Days,Customer
28432393-e2f8-49e4-a5a7-a4a3b408e461,f0fcd114-c83c-4557-ab8e-29869eb50b7b,f54fe92c-62d6-4846-928c-7d64e794a975,352000,2026-06-18,559,90+ Days,Customer
60d43301-e350-4a09-b354-b22c3049587a,71be3019-2872-4e46-9e8f-941663554ca2,fbf3d19f-5c9d-4257-b701-1e8f082e231f,350752,2026-06-18,475,90+ Days,Customer
c82c787f-5f94-4aac-8aa3-fabf62d93aad,71be3019-2872-4e46-9e8f-941663554ca2,02ff1191-993a-4d64-9a8f-df1f3fa7a507,348750,2026-06-18,343,90+ Days,Customer
060433d3-18e0-46ee-81c1-57f6a0529994,2df9cb4d-3931-42d6-b71e-03529a9850cb,4cf3e79a-2fcc-4b4c-a502-86ba1d3603cf,346375,2026-06-18,477,90+ Days,Customer
5668b4c3-cb82-4046-9793-716137a90070,1a42863c-c5fb-4bad-bd55-5ec8b0d96206,403d564e-b3d6-41e4-b97f-4fe7dd89a26d,346000,2026-06-18,471,90+ Days,Customer
509c78e0-8e3b-4269-bc44-ab401170f157,f0fcd114-c83c-4557-ab8e-29869eb50b7b,8cb1ca05-538d-47c0-ab21-4f0cb3ae0a04,346000,2026-06-18,592,90+ Days,Customer
4c0f8708-8db0-4e76-9892-991d0d4be199,71be3019-2872-4e46-9e8f-941663554ca2,f5874b20-d586-4a60-b185-879a2098cd59,344500,2026-06-18,510,90+ Days,Customer
bfd10fa0-b06d-4bf0-9232-e021a9a05b36,13434759-d4fc-4dc9-ad3b-480ab7211da2,d0f9d22f-175d-4577-95e2-60f3b1904003,343649,2026-06-18,125,90+ Days,Customer
99e407a4-5133-468d-b539-42b09fab4924,13434759-d4fc-4dc9-ad3b-480ab7211da2,1ae7188e-b7c1-4fc6-87d5-814d95a4aa80,343649,2026-06-18,125,90+ Days,Customer
9c0d5623-d42d-4ac9-b377-86c0e1fa8648,71be3019-2872-4e46-9e8f-941663554ca2,6885a483-ef07-4cf3-8098-7b9a7b392e2f,409000,2026-06-18,454,90+ Days,Customer
ab2bbfc8-77e1-43b9-9769-403ad07361a4,71be3019-2872-4e46-9e8f-941663554ca2,ab7f7d68-3db1-44c1-a95c-ed949ad20018,407000,2026-06-18,529,90+ Days,Customer
c924e20c-bbfc-4364-885f-de78126f3eaf,71be3019-2872-4e46-9e8f-941663554ca2,3f133b0c-2c34-41f0-9073-4a25022a9136,403450,2026-06-18,447,90+ Days,Customer
7c1dddd5-85af-4641-a9b0-5ab2f0697dc3,71be3019-2872-4e46-9e8f-941663554ca2,e57ebaaa-d8b8-4668-bd31-862f943fcee3,402250,2026-06-18,160,90+ Days,Customer
773778d1-d307-42ec-9fa9-e8c1c2d7cc18,71be3019-2872-4e46-9e8f-941663554ca2,6281b46e-92e1-42f5-9d56-33c1429b0d9f,395862,2026-06-18,619,90+ Days,Customer
3bf3aa66-8cf5-45a4-bf3c-19e4e9595eae,917661e1-3ddc-4cdb-882a-56e83978c161,d7b8299a-534f-4d98-a870-e3a1885c6f69,286000,2026-06-18,263,90+ Days,Customer
1ebaf75c-ab11-4dd3-b6b3-5f884684d6bb,0a08be05-99f5-46e7-918c-1a12487083e1,cc24f905-4a6f-4484-afce-dab9c9463538,258000,2026-06-18,329,90+ Days,Customer
ed0c1078-72be-428a-82c9-b8e8a0909cf6,96b16a85-109f-4221-acc1-70fa87bccddc,e3825ff8-0d0f-4d50-a256-226d339ac8fa,313650,2026-06-18,233,90+ Days,Customer
c1571fe0-9018-4947-a628-88886dd6ea90,80dd1cba-db4a-4856-92ac-722a4b856b9f,374e7222-bec5-4670-b2ec-5c626b6c7bd1,393800,2026-06-18,472,90+ Days,Customer
9990f305-8df0-40dc-80ca-caa6aed97427,61512ab1-0ef3-4a1e-87f7-c1818d094209,3b3ff3c7-a23d-407f-bf77-cbafaed3133a,389250,2026-06-18,519,90+ Days,Customer
b16e618f-4be2-4d87-b46b-2bc3760885e9,4f0cd4d4-6997-4586-b94d-cfbfc15ccd92,88845a94-de00-40d0-b369-c4c60153d890,387100,2026-06-18,709,90+ Days,Customer
ab089387-450a-46ec-9f82-50fc07d63b27,71be3019-2872-4e46-9e8f-941663554ca2,e818f116-1526-475b-ba44-b8d2526cc589,392375,2026-06-18,756,90+ Days,Customer
3fba0253-d567-4ad2-bbd5-7d69dde8542c,271cdaa5-4d7d-46cd-9a43-7e3bb4bb922a,f6368f32-b830-467c-a973-5216403376f5,381250,2026-06-18,592,90+ Days,Customer
c678b855-1089-409b-bf4d-a85c7e7f94af,94840a95-c5bb-495e-a6b6-b69f8754b8b8,29d5ba3f-0db6-4e85-a494-de6c7a752b0f,379000,2026-06-18,626,90+ Days,Customer
f22983f0-d8c3-4aea-95d6-fa960a73134e,e363fd6a-6b4d-4a1e-bc25-3407c67f6af1,5dc0b5bb-8be4-49b4-9996-807bea28c2ff,373400,2026-06-18,330,90+ Days,Customer
10e93b94-214f-4b53-ae6b-d43f6e092b3b,bf7ad4b0-16b4-4783-9a9c-aba5665797fe,6cc928dd-4558-4bc7-82ce-5ec6be79a066,358000,2026-06-18,146,90+ Days,Customer
c99ed58f-2f32-4f39-8854-100ba0f8ddee,4b5902bf-67f1-4e06-8882-ca516c1842db,b8e7746b-95ed-4acc-b366-c80887fdf036,367200,2026-06-18,125,90+ Days,Customer
4da82c81-af4b-4776-aeb4-33cae05792a4,94305b80-a7ed-4533-95c9-3e5182e4e042,f1f2b76e-eb8c-4b99-b60a-2cb998fb7535,365500,2026-06-18,591,90+ Days,Customer
3e95d96d-0921-41e3-921e-287cea724a51,d5cfc9ca-e095-4816-8888-c0cd5c1bc4e1,9ce0d97f-8ab5-463b-83c8-d3881a826177,365000,2026-06-18,490,90+ Days,Customer
328fc4be-d60a-4074-85fd-82aa14b642dc,71be3019-2872-4e46-9e8f-941663554ca2,b116b83a-0910-49ba-8c18-a0ab0780f0e9,362590,2026-06-18,400,90+ Days,Customer
5efcf61d-c865-421a-b0f1-aea3729e0dde,9ef1c398-08d9-42ff-a90f-e79958f2aadc,f71aef59-bf2b-4b31-a652-d3715115838d,360500,2026-06-18,154,90+ Days,Customer
05c0452f-980a-4236-8a49-7d536b631395,dd8cb13e-af3e-4023-99a5-c9c9d747209f,006b07f3-d24d-49dc-a244-026f0419ab75,360000,2026-06-18,756,90+ Days,Customer
84bd7441-d0f9-4568-b002-bd5a1c1786c2,71be3019-2872-4e46-9e8f-941663554ca2,ece525ae-3e1d-4c9b-975e-ef64bbf82e54,358125,2026-06-18,361,90+ Days,Customer
1d82868a-ac32-437d-9f70-5b0a0b75740a,85b8ac40-a74c-4da7-a527-f0123486b975,9c1ec031-5c7d-4830-a39a-4ef7a442ced9,358000,2026-06-18,144,90+ Days,Customer
2713a2c3-4ee4-46b2-9cd4-0f4607523f3d,9ef1c398-08d9-42ff-a90f-e79958f2aadc,9a19d28e-d0f5-40f0-b174-82b933507972,358000,2026-06-18,143,90+ Days,Customer
2dbb031d-8556-4d31-b6f3-7c6777c97069,9ef1c398-08d9-42ff-a90f-e79958f2aadc,8031ce73-be87-4ea6-8a2e-699552658a19,358000,2026-06-18,148,90+ Days,Customer
ccb05cb9-7732-49af-8fbb-649386be30e8,71be3019-2872-4e46-9e8f-941663554ca2,8739959f-aa50-411b-bae6-1f68c072654e,358000,2026-06-18,116,90+ Days,Customer
dd55ab35-93af-4ead-ae2d-671a8b6dae4e,71be3019-2872-4e46-9e8f-941663554ca2,085cad34-c318-4231-97db-632bc5142f6c,358000,2026-06-18,181,90+ Days,Customer
b204840a-dfb4-4fd5-b020-5721870bd717,71be3019-2872-4e46-9e8f-941663554ca2,988fbaf3-8f36-46c1-aa95-e29c8b17780e,358000,2026-06-18,232,90+ Days,Customer
f77eff28-2f1c-4f4e-9fdf-b7a376526884,2bc5bcfb-185f-4a64-95b6-32efd7cfec25,a956f615-7b93-498f-8376-d7b8d46c2b46,356875,2026-06-18,407,90+ Days,Customer
e836c3b5-db23-4781-8985-f6c064d78de6,71be3019-2872-4e46-9e8f-941663554ca2,c2b9dcba-eaa0-4972-a227-fe388c6dc22e,355575,2026-06-18,591,90+ Days,Customer
be547d68-7c9b-4d54-a1ac-4dad970591a1,11196cb7-c0ba-4cfb-8146-845f78d7b77c,2020700c-04d4-4b3a-b27b-dec10f268910,352000,2026-06-18,676,90+ Days,Customer
69af001f-0434-446b-80a4-f9792e173801,e0140edd-1909-49ae-9bdf-d36e683f578d,4bf17b06-d009-4fad-aa95-e054365e5e37,351000,2026-06-18,587,90+ Days,Customer
df8a5376-17eb-4d6b-bc6c-4c31b5bdcc30,ceacec5a-ac86-4de1-8076-9e383cfcda8e,d4faf4ae-9fff-4f7d-8351-c20854150c70,350000,2026-06-18,615,90+ Days,Customer
afb829bf-a484-4d88-b6bf-2d53ac3769da,e81165ad-05bb-4b73-9bde-443bc6e8b08a,e7e72a96-0c94-413a-ac0d-9ee55d47a429,349300,2026-06-18,546,90+ Days,Customer
3044d092-34ab-4815-931f-4c105e0270a9,71be3019-2872-4e46-9e8f-941663554ca2,97611559-86da-4482-9bc4-c9a93164ef90,348700,2026-06-18,448,90+ Days,Customer
4a87b289-6286-469d-8024-2ff7c87c50e9,4684e1c5-234b-4bba-abfb-3c85a3d63f29,f7160366-71af-4eec-a822-690dbd0a5d1b,346375,2026-06-18,477,90+ Days,Customer
a1096778-0247-48f7-8faa-2f1b43abcffc,1a42863c-c5fb-4bad-bd55-5ec8b0d96206,1e66e852-69d2-43b5-b634-8caab21f7ca6,346000,2026-06-18,513,90+ Days,Customer
b95a05f9-138d-4f3c-a3b0-fe9d86de0c7a,13434759-d4fc-4dc9-ad3b-480ab7211da2,157fd010-79ba-47be-91ad-e4121b9e31fe,345804,2026-06-18,112,90+ Days,Customer
6634a055-2ac2-462d-a7dd-2164ede66d84,71be3019-2872-4e46-9e8f-941663554ca2,96bf416d-3075-4d3b-8d23-0a036bada6d8,341657,2026-06-18,244,90+ Days,Customer
b9d47977-2e71-4f13-b358-1040499c5e34,71be3019-2872-4e46-9e8f-941663554ca2,46d5b6a3-297d-4892-89a5-67adc62732ee,402000,2026-06-18,405,90+ Days,Customer
72f35e2d-02c1-4d23-927a-02b60a0397e6,71be3019-2872-4e46-9e8f-941663554ca2,cf6378df-a1c7-4f1c-b706-b74398f725bf,397200,2026-06-18,475,90+ Days,Customer
453005f8-480d-409a-a54d-71a50bae4040,9cb686d7-fffa-4aa2-9ab0-de4cbdaf886f,98bc9519-8edf-41bc-b73c-6521a06f95b9,395000,2026-06-18,434,90+ Days,Customer
65ffc480-0b8f-4ffb-9bbd-87106acb634b,4b5ac98b-a0ab-444a-a1fd-4a30c7c440a6,8149ed2a-00ad-4f1b-8704-92b210bd7fc2,110750,2026-06-18,270,90+ Days,Customer
a086fbd9-7790-4f51-91ec-6464fe9f051a,8da5249a-c2b8-48c3-b61c-12ecf6d898d8,1d19d22a-373e-486b-a2b6-55355d625462,347250,2026-06-18,767,90+ Days,Customer
9442a9fc-6ff1-4f7d-9dcf-9401143a2f31,628bcaf4-621f-4082-9aff-5ac50eb5f547,d010c520-85c0-4e1b-ab61-dfafea9726a4,167840,2026-06-18,116,90+ Days,Customer
6bf4b691-2afa-4c41-ad5c-24b44977248a,3a7d94bb-5c12-4883-8ad6-89e229c72c2a,cde3fc29-4496-42c3-8a85-3cb8267338f9,387500,2026-06-18,753,90+ Days,Customer
5c1196bf-87a3-4182-9d3d-15bc5796b700,16551b80-b0c1-46d5-8940-71260022fd1c,ce04809b-fb1c-4870-b74d-1e0b5372ccea,385500,2026-06-18,497,90+ Days,Customer
2ad70880-4f20-4975-8ede-1f77cdd01f18,51bf73f4-c8da-4e75-b5c1-72b2dc1014a0,ee45c1dc-bdb8-4e39-b43b-9ba0934c0578,384560,2026-06-18,736,90+ Days,Customer
225494d5-763d-4752-a261-401fd83c40df,71be3019-2872-4e46-9e8f-941663554ca2,728b41c1-cb98-4281-87cb-e9e24898d7a9,383450,2026-06-18,564,90+ Days,Customer
4fc0badb-727c-4ad5-b76f-399d36ff1520,71be3019-2872-4e46-9e8f-941663554ca2,97bd9821-e957-4eff-b35d-bc027bbb2b2c,381718,2026-06-18,606,90+ Days,Customer
56cd23ed-91b9-4ea4-97fc-589453b46448,71be3019-2872-4e46-9e8f-941663554ca2,730f0005-bffd-4188-ae97-13437955d18c,374800,2026-06-18,279,90+ Days,Customer
a993259b-9ac1-4265-8363-039b4c1f938f,f83e8351-57ae-4284-99c8-3d0905e11e48,65bad051-0ac9-447e-9baf-9906d911ecf6,373350,2026-06-18,205,90+ Days,Customer
ad90a418-5450-4db7-8328-775811a2e8a5,935452e3-cd62-48f6-8240-a237fbb049e2,265ae2c0-4d6e-4fe6-83b6-e98580d25f79,371500,2026-06-18,515,90+ Days,Customer
1ff755e1-5fef-4595-9e36-dc34046fa231,71be3019-2872-4e46-9e8f-941663554ca2,7d647448-10bf-41c7-9e5d-6666b529d65b,369455,2026-06-18,402,90+ Days,Customer
79a281b0-5460-423c-b431-034568de0cbc,b5762db9-18c1-42e8-8b82-ee4960dda3ac,ee9fb3c1-30a2-4f0f-b40d-82a3764968ea,367100,2026-06-18,597,90+ Days,Customer
38b63596-c0c1-457f-9514-4545cf16cf11,71be3019-2872-4e46-9e8f-941663554ca2,c8540eb5-698d-4e58-b0e9-efc1e170af7f,365775,2026-06-18,185,90+ Days,Customer
f5726a9f-dad4-46db-b072-31f5c0568859,71be3019-2872-4e46-9e8f-941663554ca2,12ac8757-c35d-497d-adad-28a9c6b8dc82,364000,2026-06-18,122,90+ Days,Customer
623f16fb-b16c-4932-8795-863bc8f44995,71be3019-2872-4e46-9e8f-941663554ca2,4daa9736-c244-4d1f-a247-506b159c90bd,362480,2026-06-18,209,90+ Days,Customer
27b198b6-daf3-4c1e-bfbb-f089fa3f50ec,f474b113-2188-4a08-8d71-3410c062da09,7b1679bc-2e0e-425c-a1cd-803ce424f5dc,360000,2026-06-18,508,90+ Days,Customer
449cfe64-9e05-4db9-9a2f-65e1ac729c8a,71be3019-2872-4e46-9e8f-941663554ca2,518573c3-2c62-4189-af65-3097f91b537c,359249,2026-06-18,241,90+ Days,Customer
315e570c-f6e8-48a2-87b7-14d41fb1d487,0e59f9b8-792d-43cb-a7e3-39a3cbf25ae7,90ed81ef-6faf-4a9c-bcc3-dfec3df35834,378000,2026-06-18,638,90+ Days,Customer
9d87793b-e93b-453a-b416-5217fae63f6c,9ef1c398-08d9-42ff-a90f-e79958f2aadc,4a53da90-adcf-425c-93cc-99144ea89ff2,358000,2026-06-18,136,90+ Days,Customer
ecebb4c8-505e-4454-9557-87038fee1073,71be3019-2872-4e46-9e8f-941663554ca2,8a8483b3-5113-49db-837e-de181594cd68,358000,2026-06-18,121,90+ Days,Customer
f13d43d1-992c-4a5e-a9ed-f987cc1b4186,71be3019-2872-4e46-9e8f-941663554ca2,b58b3cdc-1863-4fa1-bc36-c4baaafe5619,358000,2026-06-18,142,90+ Days,Customer
5bb53ac2-6c0e-431e-8db1-b364acc9a7e4,71be3019-2872-4e46-9e8f-941663554ca2,f9d83085-f161-407f-a012-b3a36b6a6723,114154,2026-06-18,637,90+ Days,Customer
c607d30d-5ea3-47dc-9361-d051d1e33cca,bfcb2ad5-5068-47f5-a7cc-b23afd7270fc,9b2f3505-fbff-4f59-99b1-b318cc43d772,358000,2026-06-18,127,90+ Days,Customer
4bd6aaa2-4e25-4a41-917a-648f6708fae0,dd8cb13e-af3e-4023-99a5-c9c9d747209f,2bae45ef-a9db-4ee3-ac92-8a288ca97cec,357000,2026-06-18,743,90+ Days,Customer
472de21e-0199-443e-88d1-a91542405f60,2bc5bcfb-185f-4a64-95b6-32efd7cfec25,811ea30f-094b-4ce3-af61-6f43d4e65652,352000,2026-06-18,562,90+ Days,Customer
ce5f6a8e-756a-4ea4-985e-05af7feec837,6395e378-3136-46d3-a859-c6545af16de2,f8cf7872-3688-40c3-8bcb-159b381d9143,360800,2026-06-18,624,90+ Days,Customer
767eb12e-60d5-4fba-a72c-d8b91a20cd4a,7e5b18e4-acb0-4a74-ad1d-f25958d7de14,38282d15-bb33-4b8e-bd1d-f1b4ff127b3e,349100,2026-06-18,168,90+ Days,Customer
109d93c4-1e80-401a-a923-0f2f0132f706,94840a95-c5bb-495e-a6b6-b69f8754b8b8,04da319c-1a2c-49cb-9e00-19475f3fd4b1,348380,2026-06-18,545,90+ Days,Customer
21bfdc92-e798-41e9-bd67-829dfc3afedc,71be3019-2872-4e46-9e8f-941663554ca2,432757d0-a3a0-4e5e-b411-1aceb5938aec,347187,2026-06-18,343,90+ Days,Customer
caf62b87-54fd-492d-9323-c48f3b2e5ba9,1a42863c-c5fb-4bad-bd55-5ec8b0d96206,f73d20c8-59a3-45d7-b72e-9e838ea9bb78,346000,2026-06-18,440,90+ Days,Customer
ee30263e-232b-44db-97be-6cc31317879c,71be3019-2872-4e46-9e8f-941663554ca2,ff9ee69b-24e9-46e7-bc38-6e020e45a22f,345900,2026-06-18,391,90+ Days,Customer
315f485c-43a0-455d-a356-2d8eb30a654a,71be3019-2872-4e46-9e8f-941663554ca2,1f0e0b46-d5af-4ef9-b2e2-f1e35d16d44c,345000,2026-06-18,585,90+ Days,Customer
b7280033-d5bf-4693-ad45-c56333dae2fb,dd4504c0-2ff9-4ca7-9dbb-3d50adb9641e,f6081439-f054-4db9-afe9-9d454012c0c9,344000,2026-06-18,578,90+ Days,Customer
1350b1f5-9389-4f83-945c-2aeb41e239f4,917661e1-3ddc-4cdb-882a-56e83978c161,3eec6c2d-aacf-4350-b5d2-d0c5fc133c44,342950,2026-06-18,230,90+ Days,Customer
aa935a40-2402-4674-bb1f-71c4eaa88a85,b077f4f7-954e-4c70-935a-84ea00d1f006,ba041d7b-5b7c-481b-9f6f-9f134bbfe08d,358000,2026-06-18,120,90+ Days,Customer
d5bed7ec-876a-4025-94f6-23e3e461e674,71be3019-2872-4e46-9e8f-941663554ca2,9b58be0c-792d-4455-8d9e-c7ee27c79c43,402750,2026-06-18,128,90+ Days,Customer
2ef38055-8b4e-477b-8d0f-fc5ce03114df,ddc6b03a-4a98-439c-bfaf-cb665a6c6c5b,011e87bc-0869-4d89-baac-b6fd3535f58c,401312,2026-06-18,664,90+ Days,Customer
ccf32c65-b4ce-4876-8a5b-961081d5b461,94840a95-c5bb-495e-a6b6-b69f8754b8b8,906d44eb-a30a-45c8-919b-b6f1042b2763,395700,2026-06-18,671,90+ Days,Customer
bd6a0ed9-45de-480a-9c2e-7cdcc8d823b4,ee050b45-8c17-4d06-ba05-a7f64ed04dab,a32c66e1-30c1-4c68-ba65-efecf4b596a8,393818,2026-06-18,681,90+ Days,Customer
d549beac-0b2a-49d5-b3f9-454810f07f7d,ccb49d47-ef18-415e-84ff-5119d836592b,da7857c2-e4bb-41e3-9226-edcc591fcb51,392500,2026-06-18,752,90+ Days,Customer
dd3e9ac1-56e8-4c1f-aab1-5a8a21a1ecb8,8da5249a-c2b8-48c3-b61c-12ecf6d898d8,c80db6fc-0cd7-4061-931e-0a25d88f08b8,357750,2026-06-18,760,90+ Days,Customer
26e978e5-935d-4475-9385-5dbbabe85b92,9af8a055-23ef-47c9-920d-95f184187ed9,db0af440-5066-4177-95af-0350b1a9f4f7,351800,2026-06-18,563,90+ Days,Customer
960c334b-6911-4788-85ee-9a2250ea830b,95c5d920-3701-494c-b8ec-568a66ffc4ad,ac9b4751-eb29-465e-990a-72bd67bf2ed0,341400,2026-06-18,694,90+ Days,Customer
4d3a8791-cc4a-4993-9f11-21f1eb25c855,b451812e-f688-4528-9863-43ab65ad904e,209a12ef-5dcd-45d2-9b2d-99d4b2f98353,391050,2026-06-18,569,90+ Days,Customer
69acdfc8-ecfe-4b46-8dc2-5970be89689a,e96db2f5-75f3-4573-9c7d-2862020fc1be,8fdc300e-bf60-476c-989e-102f6dded4ba,388000,2026-06-18,181,90+ Days,Customer
d7bffaac-6efe-4e7f-8add-f3358f18ada8,ec31354d-a2f1-4014-9b0b-848354b1844d,5fb4700d-a7a8-4bb0-95db-2f5fcb681a68,387040,2026-06-18,237,90+ Days,Customer
256aaa54-7802-4821-bc7c-2a43efb0a8e4,71be3019-2872-4e46-9e8f-941663554ca2,7161b521-9c8d-4115-b56f-3ec79badf0f2,384687,2026-06-18,470,90+ Days,Customer
dd99befb-e1a0-4523-9657-003d105c918a,71be3019-2872-4e46-9e8f-941663554ca2,38bf4fc2-0816-4049-af24-82c2cca29815,381375,2026-06-18,613,90+ Days,Customer
473f43c4-b732-4dee-a2d8-f7aace271a94,0a08be05-99f5-46e7-918c-1a12487083e1,26ffbac8-664d-4343-ab31-cf98cb8a5416,378000,2026-06-18,326,90+ Days,Customer
be99d8a3-43e6-4c71-bda2-ebd0c3ca5632,8da5249a-c2b8-48c3-b61c-12ecf6d898d8,a34529f2-57b8-4ce0-a2e9-def3895e1ec1,377500,2026-06-18,722,90+ Days,Customer
b729c5c7-08d9-4c60-98b5-39a6f81cb92e,71be3019-2872-4e46-9e8f-941663554ca2,23228ef0-1492-4c7b-b101-5a15e7a5af6e,375000,2026-06-18,323,90+ Days,Customer
7bde8ff8-e782-422e-a754-fec20dc9e435,71be3019-2872-4e46-9e8f-941663554ca2,d9020489-d19d-44a2-89d1-e0311dd30461,374750,2026-06-18,532,90+ Days,Customer
806e3983-dc28-43e8-a92f-908e9018b609,71be3019-2872-4e46-9e8f-941663554ca2,3543fdca-4572-47d2-8604-1cf4bdd29f70,372750,2026-06-18,457,90+ Days,Customer
c9200bb3-1554-49f9-a73d-2952f5a57e62,b5762db9-18c1-42e8-8b82-ee4960dda3ac,5baab819-580c-4e37-9241-984eed83d272,371650,2026-06-18,577,90+ Days,Customer
31ebcd30-7968-4883-af6c-aa5e525665c7,71be3019-2872-4e46-9e8f-941663554ca2,dc25afc0-f68b-4983-a21f-7ec513853783,369000,2026-06-18,511,90+ Days,Customer
a25a9000-d09c-4c54-a4d9-36565a68ec83,71be3019-2872-4e46-9e8f-941663554ca2,0a993441-0bfc-4da1-b6b2-a087913ec9f7,367062,2026-06-18,337,90+ Days,Customer
a76d7da4-fc8d-44b2-be94-9768bcd4dae7,46259c13-632d-449f-a96f-f1deab0e0046,d0978b79-9484-4c22-b49f-9a9252ab0898,365750,2026-06-18,120,90+ Days,Customer
1f3e29b6-1b05-44f4-ab13-0061d317f0c9,71be3019-2872-4e46-9e8f-941663554ca2,b4b819d4-2d6f-4e63-9bbf-3b5c05c9d034,362375,2026-06-18,599,90+ Days,Customer
8e447dbc-a741-45c3-8bee-f7603fe56b4d,6886fa95-ec7c-4b8b-b146-496286f7b865,a707c3b8-26d1-4ba0-9606-77bb1ff62da6,360500,2026-06-18,637,90+ Days,Customer
8c7ddb63-baeb-410b-9e16-cf05ffef6346,7e8dad36-2a64-4fee-befe-3123f6ca73d7,af6e93c3-4f6c-4022-a146-2e35e7d696f9,360000,2026-06-18,370,90+ Days,Customer
70ee71c0-bab3-4787-a601-d0d28647eef5,71be3019-2872-4e46-9e8f-941663554ca2,ad51e07b-81f5-41c1-b64d-c524a6bb476f,359550,2026-06-18,431,90+ Days,Customer
776ac1ef-37f2-4e3f-b0b5-bd5479e7e097,95c5d920-3701-494c-b8ec-568a66ffc4ad,2714835d-bff3-469b-86b3-cf2df3f402dc,358000,2026-06-18,142,90+ Days,Customer
b2cc1654-949c-4cb3-a036-65808e9d53b0,e8eebbbf-0288-444d-8431-e3f30876c782,0d7aa69e-2e0a-4a91-b681-35a35e055ad2,358000,2026-06-18,179,90+ Days,Customer
7cf4884a-973b-48a6-8295-d54d350b0e18,71be3019-2872-4e46-9e8f-941663554ca2,e9f32c82-8b21-438f-85a7-23bf706fa46f,358000,2026-06-18,120,90+ Days,Customer
569ffc9d-3d20-465b-9a80-37a14d3e5aee,71be3019-2872-4e46-9e8f-941663554ca2,1c5b85e1-70ff-4d69-899d-0f3bcf63e82a,358000,2026-06-18,142,90+ Days,Customer
b0ae48ff-5a44-4c89-a8d3-d4ccd711ecda,f1e51592-40e6-4c0e-ba12-f1e4bfda0f43,5452bca2-9a83-4425-9f7f-cb80196b67c7,358000,2026-06-18,116,90+ Days,Customer
850f525a-a1b6-4c27-aff6-d116d65604db,99654bf2-99d2-4963-a48f-35d1eacc4352,802d054d-06a0-4f46-8960-1f5d70a2a784,357750,2026-06-18,207,90+ Days,Customer
627b3d6a-ad99-4f9f-93dd-6b91e3234c7f,ebd4b889-4b94-4c8e-acde-8b3b5f560d31,6a0c5988-e37c-4a04-a71c-b6411a5152d5,357000,2026-06-18,237,90+ Days,Customer
10eea4f4-7416-430d-977b-3fd4b5fc3507,8da5249a-c2b8-48c3-b61c-12ecf6d898d8,09c90e8a-ed9c-48b9-9fcd-86b7778515bf,356375,2026-06-18,514,90+ Days,Customer
49cea9b8-4aa7-4796-a56c-9c4d5552bc3c,d70a1f63-f837-43a6-9a85-e5c926dd4536,932b848d-e1e2-4893-9841-63dc69feace1,354000,2026-06-18,563,90+ Days,Customer
349a8f8e-ccf0-493a-9a8c-0c04853a951a,71be3019-2872-4e46-9e8f-941663554ca2,8dbc543d-ebb5-45b2-ad1f-8f7e738d799a,351875,2026-06-18,372,90+ Days,Customer
e9c240ac-8949-4808-a202-162826868607,71be3019-2872-4e46-9e8f-941663554ca2,56db7397-b545-4d91-8576-31322c2a3a2e,349062,2026-06-18,491,90+ Days,Customer
540c78bf-c3d3-44f6-a855-e13a51443f6c,8da5249a-c2b8-48c3-b61c-12ecf6d898d8,9894eeb3-5e80-4680-bd2f-998f04d81d16,348375,2026-06-18,503,90+ Days,Customer
3d4304b4-9574-42c4-9537-ca329c7dc4a5,cc1c75ac-51c8-428e-9f70-77c001aad47c,218ba87c-812f-407d-ba3e-de2b43eda88a,346750,2026-06-18,112,90+ Days,Customer
c07dcbbd-7ce2-4b82-b78c-b26c6b7602b9,7e8dad36-2a64-4fee-befe-3123f6ca73d7,731da3b5-92ba-46d0-81df-359979607558,346000,2026-06-18,507,90+ Days,Customer
8d90d5c8-052a-4986-b366-7c98607422d4,1a42863c-c5fb-4bad-bd55-5ec8b0d96206,89c43dfb-98ea-4634-94c3-d46b8dc47c17,346000,2026-06-18,514,90+ Days,Customer
ff21b243-75ea-40f1-97bc-70e1f2fb4928,71be3019-2872-4e46-9e8f-941663554ca2,9e5f3ca6-9349-4885-acd8-f1bd11707f8f,345599,2026-06-18,225,90+ Days,Customer
7ad965b2-6e77-46aa-afea-74ca71ae6eb1,71be3019-2872-4e46-9e8f-941663554ca2,e6afeaa8-ddf9-443f-a00e-884ae43e35e0,343750,2026-06-18,391,90+ Days,Customer
299174d0-9932-4555-8018-6a1002913d5d,71be3019-2872-4e46-9e8f-941663554ca2,69af6a68-ebdb-4911-be87-9ba2258c0904,341000,2026-06-18,578,90+ Days,Customer
69ddb17f-1080-45a0-9243-ba6401284885,71be3019-2872-4e46-9e8f-941663554ca2,276937d4-53eb-4752-b13c-1c9a3fac5d7b,340320,2026-06-18,468,90+ Days,Customer
609180eb-8a23-4a27-8d05-72de7defe47f,71be3019-2872-4e46-9e8f-941663554ca2,a498dd9c-9f57-44be-ad88-f309886d6bd6,263000,2026-06-18,532,90+ Days,Customer
fc1f0ba1-5fec-4d90-bd49-f252452c616a,9c8577e0-bac5-40ed-ab97-d69d5aadb619,860ddffa-a66a-4ba0-aa4e-a0e5b038547f,261308,2026-06-18,237,90+ Days,Customer
b8aef847-5107-4c26-b590-3be8609b0d1d,ebd4b889-4b94-4c8e-acde-8b3b5f560d31,fede27da-9dd6-421a-994d-4760105d48d0,261250,2026-06-18,120,90+ Days,Customer
14bb0d85-57bb-4092-b183-2c49f03afbf9,71be3019-2872-4e46-9e8f-941663554ca2,cbc03672-9d7f-4cde-b17a-4fd2ab273699,260000,2026-06-18,354,90+ Days,Customer
2351a0d7-92f4-44f9-b335-4fb9751e3584,71be3019-2872-4e46-9e8f-941663554ca2,066c003c-37e8-4bd6-9fcd-3e3cf199cdbc,259450,2026-06-18,302,90+ Days,Customer
9dcbcf07-7373-4fdd-9a26-e255305ff99a,ceacec5a-ac86-4de1-8076-9e383cfcda8e,8213b663-9c7d-4e33-ac28-1cfea3e067c4,258712,2026-06-18,622,90+ Days,Customer
20d9ba29-b607-41db-bbfd-1326e2e39c98,163c153e-cdee-4abb-93b9-c64090b57bd8,c28fdcda-a118-493e-8e49-365c0a395894,358000,2026-06-18,148,90+ Days,Customer
fff34fd5-3087-4b6f-81ec-1ee19f490087,94840a95-c5bb-495e-a6b6-b69f8754b8b8,734e0e5f-df9e-474c-9b1d-e8fc42d0c169,352000,2026-06-18,681,90+ Days,Customer
d656821b-24a6-4dd4-b00f-b30362b72745,58cacb19-26f8-4710-82a0-ef5aaf515fcd,53767b14-da62-45e0-bb2c-991d17483d59,350000,2026-06-18,715,90+ Days,Customer
1fae3bd6-7fc8-405f-b292-1464aa9afa11,34acb9d9-1802-4aed-9744-313423a2db23,94521298-7e5d-4790-b722-0f8f9aeb4234,342712,2026-06-18,622,90+ Days,Customer
50b67325-77e9-4bbb-9b5c-1d2b8a945313,71be3019-2872-4e46-9e8f-941663554ca2,653df37d-0f09-48d3-b7e7-4d696e4c3e21,257137,2026-06-18,505,90+ Days,Customer
aeadf62c-6ede-4582-8752-b952e0628f18,cc1c75ac-51c8-428e-9f70-77c001aad47c,8183c433-5944-42be-8d49-e68ef5e33ff7,256000,2026-06-18,214,90+ Days,Customer
cce322db-a441-461e-9688-a5b7b575bd34,1b6208e2-3404-4731-877d-3e2d93821bb0,faf109f2-5724-4ece-9186-a9218d44bde4,255000,2026-06-18,539,90+ Days,Customer
58efb81a-8d57-4208-8570-35904a278580,71be3019-2872-4e46-9e8f-941663554ca2,c6cbe33a-fb03-4920-8a2c-4af8940c1af2,254255,2026-06-18,452,90+ Days,Customer
c8a92dda-9a15-49df-ab50-6277354cd28b,e8e19ce7-02ae-498d-a52b-e905a6840c0c,19303111-9b1c-41d8-8b37-555e1fcf5c52,253500,2026-06-18,540,90+ Days,Customer
6d7aa55a-07bb-411c-b148-08858f8ffb6a,71be3019-2872-4e46-9e8f-941663554ca2,8a694820-147f-48de-8ad5-33c6367b0d91,253312,2026-06-18,601,90+ Days,Customer
d1ef5351-62a8-4021-94e9-3b2af54ef97c,58cacb19-26f8-4710-82a0-ef5aaf515fcd,9efd2093-ee8d-4f59-9b0c-1fadd8b17659,253000,2026-06-18,398,90+ Days,Customer
86292338-ebd7-4894-9f6f-bae4c4192a11,71be3019-2872-4e46-9e8f-941663554ca2,52cdb9ac-a5bb-48f7-888d-8e5c04ac5ac3,251598,2026-06-18,324,90+ Days,Customer
6abda571-7488-4940-b707-74e2f4296099,2eca054f-561f-491f-8265-94eed66bdf4f,57446e2a-eaf8-4291-b972-ec307713beee,187000,2026-06-18,255,90+ Days,Customer
70c8db43-010d-4cea-b8f1-3bf855b454e8,db0bd5b6-c001-485c-b548-de7dabea0a92,04bb734b-bdc4-4328-b1c7-073cab4b601f,250000,2026-06-18,402,90+ Days,Customer
e219aebe-2ddd-4764-8e27-a01aa6d24495,8da5249a-c2b8-48c3-b61c-12ecf6d898d8,a93e3585-858e-4a89-a293-5707f4afb37b,249200,2026-06-18,724,90+ Days,Customer
21e8e567-a809-40e1-86a0-200ddec09b0e,4ef83a84-e315-4f3e-94e1-511f936e9e34,d943e32f-7714-499e-963e-c268cf304e93,248400,2026-06-18,498,90+ Days,Customer
090a0106-e88f-4d5f-8416-50952f206fe2,71be3019-2872-4e46-9e8f-941663554ca2,76f6d838-ea65-4966-824e-e51bb38fbcc9,248300,2026-06-18,552,90+ Days,Customer
e1242ad3-29a2-41b5-ae86-457f8f7e31e9,cdeabcfc-1768-40f2-8537-1857ecb86b51,6d077444-0212-4d1b-b61e-db30d2dd2cb8,247500,2026-06-18,769,90+ Days,Customer
d4940c67-a33c-474e-bfff-a8bd58154b84,80dd1cba-db4a-4856-92ac-722a4b856b9f,f9e4cb7f-ca7c-42ca-830e-1a503a1cc91f,246375,2026-06-18,633,90+ Days,Customer
d2c686de-89f8-4a4f-9a4d-c121ab6b86f5,71be3019-2872-4e46-9e8f-941663554ca2,71bfbc71-169b-46e1-ba19-58558ac2ad7f,246187,2026-06-18,599,90+ Days,Customer
f8992c4c-4c4a-4f41-9043-4b8912c9c821,71be3019-2872-4e46-9e8f-941663554ca2,8bc2f2f1-67af-4b28-b8b0-6560d87066fd,242456,2026-06-18,513,90+ Days,Customer
96b37b9e-5830-479d-bb64-3f0337873534,831be7e0-3cb9-492d-9bc6-2df6548e5db2,482c23cd-dd13-40f0-86b2-c60d5a2d632d,240599,2026-06-18,487,90+ Days,Customer
420ddf43-f6ba-4ade-8ccc-b214f067ec6e,46259c13-632d-449f-a96f-f1deab0e0046,0b5b5102-37c7-4263-8a07-c19f432240df,239000,2026-06-18,144,90+ Days,Customer
02350f16-f28d-465d-963a-5c529ab4e24a,ebd4b889-4b94-4c8e-acde-8b3b5f560d31,7b1062d8-f3ba-4efe-bffe-cadf3d8ac9bf,238400,2026-06-18,174,90+ Days,Customer
3b7de87d-c113-4b79-9938-2ffd9a9f7a7f,c6e017b2-c27d-4969-95de-8284a705a232,d98a956f-ee6d-431f-84ca-50859a56cc06,237500,2026-06-18,137,90+ Days,Customer
39b316ce-08c5-4ec6-a379-2929f5fa4e5e,71be3019-2872-4e46-9e8f-941663554ca2,3d822d72-6bcd-4071-bbe5-58fc0131d1d8,237000,2026-06-18,514,90+ Days,Customer
68f6ccfc-7997-408e-96bd-7a19063c228a,c622c3d7-9289-41b3-ab8e-2c29215faa4c,63ab9d3c-faa2-41c5-8a45-36b9e3cc5a40,237000,2026-06-18,725,90+ Days,Customer
8e4e8c44-dbd9-42a7-8484-78fba57fd1da,1639558e-a731-47ae-859d-e4af3ad77ba1,60a5f414-c033-4865-be96-df0266a56181,210000,2026-06-18,429,90+ Days,Customer
5a37c4bd-6d09-4792-8bee-9e8c193bda38,71be3019-2872-4e46-9e8f-941663554ca2,53ef9135-bbbd-4fc5-b25e-ff219bf39ed9,216000,2026-06-18,132,90+ Days,Customer
d4422b6a-27d2-4eee-b2fd-e967d2e80a55,2b6e22f9-25d1-4c27-9859-cd26832f994d,bb188f44-0696-49f2-a16f-908094fa177f,215562,2026-06-18,291,90+ Days,Customer
ce267626-5302-49a6-8b5a-61cb21a99c43,9c8577e0-bac5-40ed-ab97-d69d5aadb619,80979df7-d601-4a07-a370-c1e4ee07cdf4,214158,2026-06-18,169,90+ Days,Customer
6743f1ae-0a65-4c3f-9ff7-a813c727a467,fe06ea1f-0638-4bb2-bc55-e4df89cb0c56,f669fa57-d74a-40ac-a5f1-5717539c6846,213000,2026-06-18,580,90+ Days,Customer
1b76890a-3aff-4733-a364-1190f17c743c,71be3019-2872-4e46-9e8f-941663554ca2,0aab9b60-72ff-479d-8e92-3b429ce29d6c,212500,2026-06-18,512,90+ Days,Customer
5ca2cfdd-ef07-4db2-9d0e-efcee7ba2b6b,61512ab1-0ef3-4a1e-87f7-c1818d094209,b7dfebce-3345-45d8-ac63-17e62e416a4d,211500,2026-06-18,333,90+ Days,Customer
3cd0b377-af6f-4f0c-acdd-38a6a8c673b3,43f18d41-d83e-4fa9-8263-86bc03043d1b,8936b516-6694-483d-b028-5aed2c936500,210500,2026-06-18,773,90+ Days,Customer
8246decb-a70b-4a74-9b9b-2379771d7bc3,02da9eae-b45b-4b42-820f-926f0a158850,6282643b-f58a-4abf-8175-72c630907965,208400,2026-06-18,653,90+ Days,Customer
cd0af218-8fcd-4709-8d3a-b0ff05f8426e,dc96db54-a1c0-4be1-81f5-c22f9594bf7d,0e1a3494-2c11-4b6f-86cc-30ea456d4689,207500,2026-06-18,455,90+ Days,Customer
645f9797-3411-4114-99e6-8f8abe19396e,9c8577e0-bac5-40ed-ab97-d69d5aadb619,b036d832-3b5a-4f62-a300-7338b69371a2,207500,2026-06-18,421,90+ Days,Customer
425affe2-9c03-4bb9-bdd1-95c0903bbe70,71be3019-2872-4e46-9e8f-941663554ca2,90882cc5-3aad-4f8b-aed1-6fd0ab368f8d,256000,2026-06-18,550,90+ Days,Customer
950ceb9e-fdf1-4edc-8c37-484e2c0b3b87,04cfaf51-5992-400e-b165-162c806cd74a,4e4487b0-e5bf-4bed-a8de-7ca1772e0565,255125,2026-06-18,762,90+ Days,Customer
b5f8399c-28f9-40e6-87f2-72b451c6b891,58cacb19-26f8-4710-82a0-ef5aaf515fcd,5b06a6ee-6113-47f6-b1f5-1dc053a9ca46,255000,2026-06-18,396,90+ Days,Customer
03baece8-14aa-492f-a25c-dce74d8abdc4,71be3019-2872-4e46-9e8f-941663554ca2,db981e87-138a-4bcf-b8dc-33d446c1e588,254250,2026-06-18,616,90+ Days,Customer
c4cedb2b-3fda-49dc-a86c-ccc3fba3a87f,19f9541f-8157-48ba-a008-92b6159819ac,b5d7c76e-9f05-4aa4-b887-2c3d7bf3fde1,253900,2026-06-18,513,90+ Days,Customer
2aed776c-0d77-4073-a5e6-8eaf5ac8bcfe,271cdaa5-4d7d-46cd-9a43-7e3bb4bb922a,cc3ea496-3dfe-48de-b743-781e3a97046e,253500,2026-06-18,687,90+ Days,Customer
7076e234-10a1-4c31-abbb-1128d71c9c2e,2bc5bcfb-185f-4a64-95b6-32efd7cfec25,06d29d53-eb4a-4487-9f4c-1cdbc816a804,201250,2026-06-18,655,90+ Days,Customer
ff74096a-5bfc-4982-8f32-4c96aebbfa28,e363fd6a-6b4d-4a1e-bc25-3407c67f6af1,7d5e94ea-868e-4cb4-9470-f07edf6ca658,252874,2026-06-18,226,90+ Days,Customer
30fad20a-3957-46a3-9110-d318311162f3,16551b80-b0c1-46d5-8940-71260022fd1c,82aa5f87-91f8-46cd-9dc8-5e476ec7fc9d,251500,2026-06-18,556,90+ Days,Customer
59a550be-748d-4276-8197-a78a2b231c16,94840a95-c5bb-495e-a6b6-b69f8754b8b8,9200a314-92bb-4bff-a728-5bc28de4292b,251250,2026-06-18,655,90+ Days,Customer
ff1fda53-fb69-41cd-87ea-2330f3593f24,9ef1c398-08d9-42ff-a90f-e79958f2aadc,99cca6e4-c13e-4f25-b6c7-0de5fba7cb81,250600,2026-06-18,186,90+ Days,Customer
ebac9d09-5a77-4d15-86dd-3c27bba69bf6,51bf73f4-c8da-4e75-b5c1-72b2dc1014a0,dec3cf78-ccdc-4216-8e0a-4671ad64b0f5,250000,2026-06-18,403,90+ Days,Customer
333c8a2a-0789-4168-9761-5851e42bd5ab,22f3c314-4681-438c-96f5-2c089289e523,0fe3a5c1-9099-498d-b8b3-d2e4991efe48,249000,2026-06-18,519,90+ Days,Customer
9a970602-da43-47c2-b87a-0eb089cce590,6ef4fc76-da3f-4422-8a17-41c7ecd6dd4f,463a33a1-17b8-4013-8cc7-93ddd0e2b9b7,248810,2026-06-18,171,90+ Days,Customer
b9ebd296-6ba2-4ddb-b677-cf4615fe568c,cdeabcfc-1768-40f2-8537-1857ecb86b51,ce7ac044-8758-471f-9257-3acde0e76265,247500,2026-06-18,767,90+ Days,Customer
ff8ae241-32a0-4e9f-8564-30b63a543e9f,cb9742f2-b64b-403b-a01c-866e7493f406,5c78096c-7ea9-4df6-a3af-1d4b217413b4,247020,2026-06-18,169,90+ Days,Customer
6071f839-725b-46d4-ae38-03e65c1b1b59,71be3019-2872-4e46-9e8f-941663554ca2,e5ae6114-5e14-4c69-bc72-ae1d911ec226,246000,2026-06-18,459,90+ Days,Customer
96da0793-cba9-454b-9fe1-4c9abff7f607,9af8a055-23ef-47c9-920d-95f184187ed9,ee480d90-5653-49e2-8c1b-f3a2e9ef50ad,244400,2026-06-18,399,90+ Days,Customer
35afe1f6-908a-4ff0-b53f-9941ef118f3f,271cdaa5-4d7d-46cd-9a43-7e3bb4bb922a,1ef02ef6-d0f4-4078-8656-18799c3de7b5,243000,2026-06-18,667,90+ Days,Customer
1c093866-1d90-4c4e-9352-383132f2adb7,80dd1cba-db4a-4856-92ac-722a4b856b9f,7f0b5f60-03f6-4915-bdb6-b55e83146fbe,241762,2026-06-18,622,90+ Days,Customer
c41ac14b-3fca-419f-8d67-011c63535bca,71be3019-2872-4e46-9e8f-941663554ca2,ee181b16-40cf-42e5-88c9-8bd020ca78ce,239000,2026-06-18,552,90+ Days,Customer
b169bacb-2875-464e-b838-b2d76d13b32a,f0aca777-38ce-4a56-9108-dbbfb2edb831,46555f35-76fb-4940-9d92-57f432004f44,239250,2026-06-18,756,90+ Days,Customer
d74cc640-2afc-485f-961c-8f1f605ecede,f0aca777-38ce-4a56-9108-dbbfb2edb831,b643b399-eea6-412e-b910-77dc3a951a7d,237000,2026-06-18,748,90+ Days,Customer
4eef45d0-8c4d-46d9-a657-3a338a78b406,3a7d94bb-5c12-4883-8ad6-89e229c72c2a,eb47eb16-17e0-454c-bd75-64917fccf2ae,235500,2026-06-18,764,90+ Days,Customer
6a9897b7-3c4f-4e05-ab79-9dd18f1616cd,b47542f5-1b54-4bd1-a387-acdd178eea3b,fb7bbc3f-ec12-4d55-998d-d49c8b6c8236,235060,2026-06-18,743,90+ Days,Customer
1d41b7ae-0115-4796-b8ce-929a9a13dd9a,b451812e-f688-4528-9863-43ab65ad904e,f86ee9e6-70d8-454e-8498-b7f8b16a4684,235500,2026-06-18,542,90+ Days,Customer
d0881736-1e49-41ea-b518-0259a8d2fd34,71be3019-2872-4e46-9e8f-941663554ca2,28b4d517-4a50-43cd-9564-fb5839447d00,234600,2026-06-18,440,90+ Days,Customer
0feb5165-d2a7-4e93-b0f7-ce87023e712d,3a7d94bb-5c12-4883-8ad6-89e229c72c2a,3d40d111-c36d-4c53-a823-c24589fce320,234000,2026-06-18,762,90+ Days,Customer
4e45abbd-401a-4725-921a-d32f8e3dce3a,c622c3d7-9289-41b3-ab8e-2c29215faa4c,7bc38bb3-7251-4b47-9a6e-a0e3d4062f44,232800,2026-06-18,555,90+ Days,Customer
fa4a0615-4ef6-4177-bf6c-4422ad18709c,71be3019-2872-4e46-9e8f-941663554ca2,d1d626fd-628f-491c-bfc3-d4251acdc2d4,339750,2026-06-18,720,90+ Days,Customer
dbd68ef1-e060-4e56-a85c-c655fa62147c,5f27bee7-c714-4bfc-b036-d4c1e018d522,517e3658-cd11-462c-a8b5-a527c467a620,232500,2026-06-18,207,90+ Days,Customer
ba274d7a-97b0-43cf-a75c-7cff0a65825d,71be3019-2872-4e46-9e8f-941663554ca2,60d1e93c-f6fe-4404-9691-8b28ad29f1a4,232750,2026-06-18,398,90+ Days,Customer
1d4dc4dc-86f6-4b87-bfd2-86b2e62b3cfb,71be3019-2872-4e46-9e8f-941663554ca2,1c26fe21-89e2-4f27-8c26-2bcce24be1c8,232000,2026-06-18,452,90+ Days,Customer
772156c0-8807-4140-96d5-a0c711821a9b,71be3019-2872-4e46-9e8f-941663554ca2,b08cfcf8-a455-40bd-8dac-4389cbbe2d51,232500,2026-06-18,302,90+ Days,Customer
92bd1ddd-4d76-46cd-af3c-7ea743b642ee,6a33d931-d891-40fc-9fe2-23cd9d50098c,0a135fff-a67e-462a-a43c-8d62c26cfc4f,231650,2026-06-18,617,90+ Days,Customer
d4375af1-45a5-4fec-87fa-9b4943a0d493,71be3019-2872-4e46-9e8f-941663554ca2,c18dc624-a325-4123-a985-bd4b633b6cdb,232000,2026-06-18,452,90+ Days,Customer
cb11779d-9538-4e52-9def-dcd60564019c,71be3019-2872-4e46-9e8f-941663554ca2,be0e1ffc-c8f2-482d-9b4d-49162c458f4d,231150,2026-06-18,612,90+ Days,Customer
e5ad18d4-6dfa-4f29-b20b-b46d59d196f3,4981436e-024e-4995-a548-d32aefa7e1e8,f487156c-9fd5-4da2-988e-f229fd5100ff,231250,2026-06-18,540,90+ Days,Customer
a8b05ef4-5542-4cbb-87b9-3ac413cbf26e,71be3019-2872-4e46-9e8f-941663554ca2,bc40890e-d619-4747-97d6-a5556d437742,230725,2026-06-18,342,90+ Days,Customer
083bb43b-adf3-4078-9936-8a76d428a00c,acc76122-192c-47ad-adaa-9c9babc33160,168bbed0-c019-4a0c-8d4c-9d8fd683a767,230500,2026-06-18,396,90+ Days,Customer
987a7cc7-7c44-4109-bbd5-55a8f3c4534e,71be3019-2872-4e46-9e8f-941663554ca2,f35d9f6b-e715-4761-a25a-f580b18d2188,229200,2026-06-18,305,90+ Days,Customer
132047e5-a3df-41a7-9c82-2a0f1c2bfef4,ebd4b889-4b94-4c8e-acde-8b3b5f560d31,ed57ca2e-7327-44c7-8dca-36846fc956c8,230474,2026-06-18,202,90+ Days,Customer
963a62ff-ea5b-481d-a3b9-4ee9b22fefbb,271cdaa5-4d7d-46cd-9a43-7e3bb4bb922a,1bfffd49-65ae-475d-afa1-9b5cd581356a,228750,2026-06-18,608,90+ Days,Customer
6a5e5160-eaf3-418e-bf3f-00c35dddc5b4,71be3019-2872-4e46-9e8f-941663554ca2,80a33d05-8052-40e8-99ce-5a34e1df215d,228475,2026-06-18,319,90+ Days,Customer
96adc30e-4487-40fb-bff5-cc5f59745d58,71be3019-2872-4e46-9e8f-941663554ca2,5b98493a-fbfe-41c9-9f3f-11c15e6cf992,340000,2026-06-18,419,90+ Days,Customer
9d2a0ded-ef33-4f2f-8fcf-aa490bc3fcd0,71be3019-2872-4e46-9e8f-941663554ca2,c5636c09-1fa6-4c54-8659-9b49d36b4d23,340000,2026-06-18,420,90+ Days,Customer
4a65baaa-025d-4f0f-b4d4-13932d89b912,71be3019-2872-4e46-9e8f-941663554ca2,d4a0988a-30c0-4a54-918b-2ea7354e36c7,340000,2026-06-18,533,90+ Days,Customer
1e806202-1c6b-4910-9328-14cf40edbc56,ccb49d47-ef18-415e-84ff-5119d836592b,e512e983-ebf5-441f-b752-308b433ce4d3,340000,2026-06-18,601,90+ Days,Customer
f6486181-c8d2-4bc1-ba5d-ec5bf59b62b1,f0fcd114-c83c-4557-ab8e-29869eb50b7b,c6f13cb6-8d71-432c-bee0-89b167df6b8c,339000,2026-06-18,317,90+ Days,Customer
10bb5e15-0f26-41d8-b3e2-98b6be5e64e3,8da5249a-c2b8-48c3-b61c-12ecf6d898d8,decf9302-1692-4ecc-987e-ea6412207881,338000,2026-06-18,566,90+ Days,Customer
08a0d76b-f1ad-489d-a723-ab319f16cf2f,cc1c75ac-51c8-428e-9f70-77c001aad47c,bda49f22-a45d-40f3-95f5-4663d0523536,337750,2026-06-18,256,90+ Days,Customer
a6195404-1480-4258-b226-569bc53eb75c,51bf73f4-c8da-4e75-b5c1-72b2dc1014a0,96e2dbc7-6b81-4720-bd86-9f939fa92442,339000,2026-06-18,766,90+ Days,Customer
76aa63f2-8f0c-44e4-ad67-e21c80b0d221,94840a95-c5bb-495e-a6b6-b69f8754b8b8,2b872f6b-051b-40cc-b55f-d41e875e34ef,337000,2026-06-18,385,90+ Days,Customer
80651eef-176f-4683-8102-1f5cffab8714,71be3019-2872-4e46-9e8f-941663554ca2,1ec53431-a6fa-40a2-8926-1b576db6730d,337000,2026-06-18,543,90+ Days,Customer
86ef2d6c-5349-417d-8d6b-7f99a9c91865,71be3019-2872-4e46-9e8f-941663554ca2,3bff6449-fac6-4ef5-9b4d-682c8016f043,336700,2026-06-18,354,90+ Days,Customer
7729ff55-30e2-4de6-9887-aa935ce3a6c3,04cfaf51-5992-400e-b165-162c806cd74a,bb24a5b7-1e52-47c9-86ae-211140855624,336000,2026-06-18,771,90+ Days,Customer
a4838530-f748-4ffa-94f5-eff9865464e4,80dd1cba-db4a-4856-92ac-722a4b856b9f,43b87efb-4470-4325-adcf-e5b0b9fae351,337500,2026-06-18,698,90+ Days,Customer
f8e903e3-4c8a-4777-9b37-288b5ccfe907,2df9cb4d-3931-42d6-b71e-03529a9850cb,a5b0436a-3af3-48cf-8e8e-3c029cbe98a3,335491,2026-06-18,202,90+ Days,Customer
7303bbde-1430-49ac-98a4-ab489cbb246a,e96db2f5-75f3-4573-9c7d-2862020fc1be,290aac94-f939-408a-9740-606f855ae83c,335000,2026-06-18,302,90+ Days,Customer
eca8065d-93c8-4941-b64c-b9c9f1b63bc8,71be3019-2872-4e46-9e8f-941663554ca2,d4324a88-1a2a-4825-8864-791bb0d98bcb,335575,2026-06-18,506,90+ Days,Customer
9c9eb064-fef1-46b8-9b84-d8337b0ba7c0,935452e3-cd62-48f6-8240-a237fbb049e2,05525895-f893-4dff-9cd1-ed4950fb31c9,334800,2026-06-18,533,90+ Days,Customer
340f12a4-7f50-41a8-a7d5-51464b23750a,917661e1-3ddc-4cdb-882a-56e83978c161,3f4f20b1-0ed8-4750-83d1-75deca2c40cc,334006,2026-06-18,220,90+ Days,Customer
478207c0-f43d-4adb-90f8-39cdf513c37a,a36a3590-064b-4309-9f40-026d703d2912,3f98481b-dbeb-4b26-8eba-1b134574139a,333600,2026-06-18,449,90+ Days,Customer
a54a746c-552d-4161-91ef-ba927db1c99a,ddc6b03a-4a98-439c-bfaf-cb665a6c6c5b,cb840f99-5a61-4ba7-b424-1937ea0b0b8e,334000,2026-06-18,718,90+ Days,Customer
56e7d172-de7b-4112-9b70-f236ea3c243f,4b258052-1399-4244-a36b-e087424e0980,44aacfaa-f8d9-43b1-acd9-b3705bd8c9c7,334000,2026-06-18,598,90+ Days,Customer
638b9dcf-1e3f-4250-bebb-7509da6a7dfa,71be3019-2872-4e46-9e8f-941663554ca2,17315c5c-ba1b-4021-ba04-f737482ca4a8,334085,2026-06-18,251,90+ Days,Customer
85d7b4e5-b49d-4f22-8034-026e21ad071e,71be3019-2872-4e46-9e8f-941663554ca2,8e2819d7-54ef-49d7-b92c-56da69a37c61,332447,2026-06-18,421,90+ Days,Customer
7807e523-0195-4c32-af78-53979d047050,71be3019-2872-4e46-9e8f-941663554ca2,a2566468-93f8-4eb9-a3f3-7088359508a0,332250,2026-06-18,113,90+ Days,Customer
91e760e0-11ac-4641-aa4a-a0e4e72e082a,71be3019-2872-4e46-9e8f-941663554ca2,fc6a4098-75a9-4770-a33c-bd57ba605887,332175,2026-06-18,354,90+ Days,Customer
071b2112-512a-44d4-9a11-cc2620f8781a,34acb9d9-1802-4aed-9744-313423a2db23,5173930d-2520-4ce1-bcf1-0b86cab0c31f,332000,2026-06-18,519,90+ Days,Customer
ed422062-e3c4-4fb5-b8bf-ff349da61393,8da5249a-c2b8-48c3-b61c-12ecf6d898d8,63ab0531-cebf-46b4-9c74-b34463b13ce0,331705,2026-06-18,759,90+ Days,Customer
34f005b5-d197-4d27-a31c-fe76bdc56f31,71be3019-2872-4e46-9e8f-941663554ca2,13f3af30-1568-4378-826d-f9714a7d3d99,330275,2026-06-18,596,90+ Days,Customer
5f67275c-1597-4892-bf24-d8c2645e25fc,8da5249a-c2b8-48c3-b61c-12ecf6d898d8,23499ea0-859f-4ae0-a420-5ef8c87a6a90,331750,2026-06-18,575,90+ Days,Customer
f108a63b-0858-425c-a620-854918f1bbbf,2bc5bcfb-185f-4a64-95b6-32efd7cfec25,0c917f44-34b1-44bf-b7ad-edf4176fcb07,330000,2026-06-18,626,90+ Days,Customer
c0f0d749-32cf-4925-b5fd-da2e3671ff17,71be3019-2872-4e46-9e8f-941663554ca2,531428d0-5924-40af-9302-272598d5ac0d,328687,2026-06-18,426,90+ Days,Customer
399c6663-fe10-4afd-8823-3f781ddbd1e5,71be3019-2872-4e46-9e8f-941663554ca2,3cc8ebd8-0c98-4c79-abb6-25b5ba606f77,326800,2026-06-18,262,90+ Days,Customer
0926633e-87ff-46f7-af52-8a1a038fc42b,71be3019-2872-4e46-9e8f-941663554ca2,16e02ed2-f262-483c-b045-a8adf5c74c44,327500,2026-06-18,361,90+ Days,Customer
3685a94f-3daf-476f-96ef-3473cb222063,2ae86115-7910-4054-a4c7-724545e24184,6b31d342-a894-4056-886b-792bdd034fbe,328400,2026-06-18,592,90+ Days,Customer
0f48d2f9-2f6d-4dd8-a5c3-aba3de6acefe,2df9cb4d-3931-42d6-b71e-03529a9850cb,be05a008-eb27-4d48-8f14-bc629ec70259,326600,2026-06-18,223,90+ Days,Customer
04c40dba-47b4-4014-8687-7d7fefc5e8eb,ccb49d47-ef18-415e-84ff-5119d836592b,90326d4c-1e4b-4278-84bd-f758b8c55551,326000,2026-06-18,661,90+ Days,Customer
f7d38788-dd7e-440f-8d44-97d2ed3241df,b5762db9-18c1-42e8-8b82-ee4960dda3ac,af528119-c80c-4723-9145-3a63fe31f330,326000,2026-06-18,463,90+ Days,Customer
6efee33e-be1c-4507-bec5-e2e2c99d21e2,71be3019-2872-4e46-9e8f-941663554ca2,411db02e-8e94-42db-bf83-fbbceb48802b,326000,2026-06-18,284,90+ Days,Customer
df04a741-8ef8-4147-8580-6790f2aa616d,94840a95-c5bb-495e-a6b6-b69f8754b8b8,a428960b-fb5b-43d0-a5e7-f0d8f4836454,326500,2026-06-18,354,90+ Days,Customer
dbe38e27-50d4-4d88-83a2-0fe144310605,1a42863c-c5fb-4bad-bd55-5ec8b0d96206,f78e29d6-c584-45c5-b1ca-7f850e446784,325000,2026-06-18,430,90+ Days,Customer
0f991578-aa19-4a15-8e9b-b47d198d031d,2bc5bcfb-185f-4a64-95b6-32efd7cfec25,98413d99-cdba-4d54-bfcd-189774d12be3,325000,2026-06-18,427,90+ Days,Customer
4ef37f8a-4bed-4274-a309-b2145fa99c5c,463319c7-73f2-4cab-8cfb-09d5445464cd,1d8e887d-6c65-4fbe-9890-322017c0bd05,335000,2026-06-18,655,90+ Days,Customer
5cd83b9e-8dc8-4e4c-9aa0-fa295be519e9,71be3019-2872-4e46-9e8f-941663554ca2,f8f57767-849a-4ac6-bd5d-d78046b62dbf,324500,2026-06-18,212,90+ Days,Customer
f1139168-afbe-427c-9841-2837b1594f17,94840a95-c5bb-495e-a6b6-b69f8754b8b8,5d381512-e2ef-49d4-a69b-8b08c3adc758,323090,2026-06-18,484,90+ Days,Customer
63700c3f-edd0-4a9e-9fe0-244e3c68e85b,71be3019-2872-4e46-9e8f-941663554ca2,f6727827-917b-44f7-97b6-c182435473dc,258000,2026-06-18,560,90+ Days,Customer
8e549fd9-d06d-4c1f-95b3-14a7920ceea2,71be3019-2872-4e46-9e8f-941663554ca2,5300cdc0-ca04-40bc-9cc4-246a83d945a8,257000,2026-06-18,410,90+ Days,Customer
3e560763-7732-4e24-ba56-7cfb9e0f6292,2f8756e1-600a-49b8-a3ac-32f9adf5020e,f520e656-baba-49c8-bf88-b8f9456f651b,255000,2026-06-18,255,90+ Days,Customer
a3702a73-ec83-49f5-bc43-6f7d1a343bd1,b451812e-f688-4528-9863-43ab65ad904e,a96c4a96-f5a8-4a5c-81b1-3c8a1be44b11,254900,2026-06-18,581,90+ Days,Customer
7dd61355-9017-4a30-9f2a-c5c525cadac5,19f9541f-8157-48ba-a008-92b6159819ac,c3669904-ca24-4f7e-8cd5-ba45e84cb169,253900,2026-06-18,531,90+ Days,Customer
970bf735-cc14-45a8-a31a-e62e7609ab30,2df9cb4d-3931-42d6-b71e-03529a9850cb,baf93812-efc6-41ac-b34a-80a25fdf76fb,253500,2026-06-18,491,90+ Days,Customer
481ce51f-32b0-42f7-b991-28a9f131feaf,71be3019-2872-4e46-9e8f-941663554ca2,a0423341-fb25-42d7-8593-55b7cfedba4d,253140,2026-06-18,410,90+ Days,Customer
11a4aeda-572c-40f9-be25-5363e3f50a31,71be3019-2872-4e46-9e8f-941663554ca2,20f65f12-9d56-4f23-99d8-f67f23c1c06b,251600,2026-06-18,543,90+ Days,Customer
35d997b4-de3b-44dd-955c-3d96d8419806,71be3019-2872-4e46-9e8f-941663554ca2,495fed3e-b65f-4053-903d-f80db2cbd695,50500,2026-06-18,634,90+ Days,Customer
a77be75f-5ca7-4b3c-91cb-e81cb30ff29d,fe06ea1f-0638-4bb2-bc55-e4df89cb0c56,8cb70be3-92fc-4d1e-be9a-5e85291bb2e7,328312,2026-06-18,605,90+ Days,Customer
963d143f-b681-4da9-b7d1-33b11e070f45,16551b80-b0c1-46d5-8940-71260022fd1c,4bdcd5ad-aa4f-43ba-9176-c5ea57ff2b8e,251500,2026-06-18,567,90+ Days,Customer
b53cb2a0-31f7-4e0c-8df5-b9a70eeb0bf9,71be3019-2872-4e46-9e8f-941663554ca2,e0cc114f-45dc-4a8e-ba9a-8ebe51fe5d36,250125,2026-06-18,326,90+ Days,Customer
60998f70-1616-4003-b830-2cd793edd32e,71be3019-2872-4e46-9e8f-941663554ca2,9d627b9d-766a-48a7-be61-c388febea91f,250000,2026-06-18,323,90+ Days,Customer
74d8e159-30e8-4c94-a366-3788c3a6abcd,71be3019-2872-4e46-9e8f-941663554ca2,fc07a89a-1659-42e3-9a80-d00d4bc98ce2,249000,2026-06-18,518,90+ Days,Customer
f99e0291-00fa-4962-9ec7-05573e10bfd1,f0fcd114-c83c-4557-ab8e-29869eb50b7b,ac63782e-3cb4-49f9-b3cc-59bf6813ae61,247500,2026-06-18,302,90+ Days,Customer
6ad31042-cb14-455f-997d-05a38fc956ae,9ef1c398-08d9-42ff-a90f-e79958f2aadc,5677b832-d461-468d-8a65-b436141e3c63,247020,2026-06-18,169,90+ Days,Customer
ce43d393-d881-4596-936f-735ff34d5f19,71be3019-2872-4e46-9e8f-941663554ca2,54bf819e-fdff-424d-ae53-c39092921fd0,245710,2026-06-18,387,90+ Days,Customer
8884f854-19fe-4611-8666-fbb1d865b49f,16551b80-b0c1-46d5-8940-71260022fd1c,da1a946f-a3c6-45b5-b438-5fb36c0b9188,243700,2026-06-18,471,90+ Days,Customer
0fef4381-6586-4423-b330-46e7f371b91f,1a43f43a-c716-459f-80a5-52348231fcd0,de96517d-f737-468a-904c-43e85cbe1e95,243000,2026-06-18,724,90+ Days,Customer
7f9143fd-ad83-4ceb-96f0-e69b107f9260,20d8b4ad-21d0-4eed-9c94-3a8a13064817,a37230a8-2727-4d4f-b82f-b7c5277179a5,242290,2026-06-18,237,90+ Days,Customer
9d43e5af-b310-46a2-baef-2edde2911471,ec31354d-a2f1-4014-9b0b-848354b1844d,4c78b231-2ccd-44b8-8363-7940ecd1cefa,239000,2026-06-18,168,90+ Days,Customer
633cfab7-106e-4c84-8859-a9854c68f488,71be3019-2872-4e46-9e8f-941663554ca2,1ac4b67d-da73-4ad6-a37d-185241ebb582,239000,2026-06-18,546,90+ Days,Customer
58d9be79-87b5-4917-8311-2456ce51e86a,b68482aa-3798-4bc4-96c2-ae22f9e1f162,13b27fe8-b2e2-42ce-9af0-845f07363b50,238000,2026-06-18,363,90+ Days,Customer
b19398b2-8f2f-4d75-bb05-d55a9889270f,f0aca777-38ce-4a56-9108-dbbfb2edb831,68d241d0-0836-459c-9fc2-ac9d59917759,237000,2026-06-18,725,90+ Days,Customer
3b122033-7df5-47fb-86c1-55dece4ffec3,71be3019-2872-4e46-9e8f-941663554ca2,5b45de25-5c8b-4c1e-ad15-f3d4e4331a69,225375,2026-06-18,380,90+ Days,Customer
92e487e4-193e-4f6e-92e3-f7687feba9a9,71be3019-2872-4e46-9e8f-941663554ca2,22a2263c-dd87-42f7-a95e-c98faf3e953f,225000,2026-06-18,485,90+ Days,Customer
b166202b-e1ef-44b7-a08b-362f1a1cfd2d,71be3019-2872-4e46-9e8f-941663554ca2,686d0e86-24d9-4252-9f83-9795efe2e00e,224000,2026-06-18,519,90+ Days,Customer
51aa73dd-9df6-4ce0-b4a0-ba091f97098a,ddfcbd9f-71ee-4343-a831-beb7757ac3b0,67c9b9c3-f11d-4507-9930-01020ce7a37c,223750,2026-06-18,153,90+ Days,Customer
dc105fe9-8158-4b76-9def-1efb75a1150d,1b6208e2-3404-4731-877d-3e2d93821bb0,d679b8dd-3b66-4f44-9bc2-62038aaa157e,250500,2026-06-18,598,90+ Days,Customer
7adc1dff-78dd-41fe-86de-22d523199623,4981436e-024e-4995-a548-d32aefa7e1e8,e9f5adef-bd0d-4425-8982-ec07435d3c65,223500,2026-06-18,440,90+ Days,Customer
adc44cf5-a58a-4dce-ae49-72237b7ddaac,831be7e0-3cb9-492d-9bc6-2df6548e5db2,0477de1d-abf2-45f9-a547-191be30d8d7a,221200,2026-06-18,506,90+ Days,Customer
218ec921-6abb-4e52-ab54-e31a4852892e,2bc5bcfb-185f-4a64-95b6-32efd7cfec25,eb91d21c-5963-4c12-a73a-5f0fdaff8fb6,219750,2026-06-18,382,90+ Days,Customer
a76f239c-9ec3-4e41-a224-b469a0e39f4c,71be3019-2872-4e46-9e8f-941663554ca2,0f39d49a-e322-4c24-8cbb-4a6f8436c6ff,206250,2026-06-18,552,90+ Days,Customer
776ffb73-50ec-4653-8d47-e9f64d5747f1,ddfcbd9f-71ee-4343-a831-beb7757ac3b0,59b0d872-e107-4040-af72-b8e2c1a9e08e,205625,2026-06-18,174,90+ Days,Customer
984742c5-881c-4ee9-96f8-24db7d0ba18b,51bf73f4-c8da-4e75-b5c1-72b2dc1014a0,00468654-3d25-4579-9286-a3df675018a9,204560,2026-06-18,188,90+ Days,Customer
95aa478a-edd3-4228-b5c5-351459899eaf,271cdaa5-4d7d-46cd-9a43-7e3bb4bb922a,63e0f421-7274-49d8-a712-d0fae9e2a9ba,204000,2026-06-18,681,90+ Days,Customer
46077522-1977-4210-906b-c465df79cde5,71be3019-2872-4e46-9e8f-941663554ca2,73e64c7c-f4b7-4235-95a8-866f46a96321,201625,2026-06-18,533,90+ Days,Customer
370e7a5d-336e-4715-8d95-6313fa2b0984,c9057d69-7d6f-4f31-9be5-5f07606c320b,24a82a76-817f-408f-9484-effaa9df1610,201375,2026-06-18,625,90+ Days,Customer
119d2a4e-acc0-4723-973b-5d69a2764b58,2bc5bcfb-185f-4a64-95b6-32efd7cfec25,b653b444-f0b9-441e-b372-9fd22e475b00,201000,2026-06-18,321,90+ Days,Customer
65d08645-64e9-46e7-8ea5-987b2d717c5f,71be3019-2872-4e46-9e8f-941663554ca2,326a0263-a301-433e-8e91-6cc5c13400f4,199375,2026-06-18,592,90+ Days,Customer
b80d4ef0-3796-4c0b-8351-19451dc26833,71be3019-2872-4e46-9e8f-941663554ca2,a539b16d-bb96-46b1-8aea-affe27aaea22,199000,2026-06-18,303,90+ Days,Customer
56348add-a23c-44c6-b60c-85ec8ddf9d1e,935452e3-cd62-48f6-8240-a237fbb049e2,6e1c6def-7ce1-4a76-a633-b5fac6256abb,198000,2026-06-18,420,90+ Days,Customer
7e8fa56d-ffb2-4c03-8abc-ccfcc144a74c,2eca054f-561f-491f-8265-94eed66bdf4f,0db34cfe-9195-47b1-8b39-29d1625cec69,196900,2026-06-18,204,90+ Days,Customer
345f0fce-758a-4de5-89db-346c7cba2740,d11168e8-0acb-4143-82e4-419e25634be8,c088a683-8499-423d-b35d-758702ff2d84,195500,2026-06-18,493,90+ Days,Customer
5fbcfeb5-8b96-494e-85e7-dbd623c9b6fc,ccf0936e-491c-4ff2-8abe-a57cd3abf497,08417f7a-e96b-48c2-a9cd-c326834b306d,195000,2026-06-18,532,90+ Days,Customer
1289b844-8d2d-4e4e-aff1-6298e7fdeaa1,71be3019-2872-4e46-9e8f-941663554ca2,e9e60ee7-3c44-48fd-8495-96cdb4a59633,256225,2026-06-18,517,90+ Days,Customer
939867f8-af50-4bf3-a84f-28914ff84b99,71be3019-2872-4e46-9e8f-941663554ca2,cef527f1-41f5-4ddc-80fc-9a0b92a9e4b7,255325,2026-06-18,396,90+ Days,Customer
660e8d20-9304-4f83-ace1-6b5bf217fdb7,71be3019-2872-4e46-9e8f-941663554ca2,04fd5951-b090-4cae-a0bf-9f6f233df051,255000,2026-06-18,534,90+ Days,Customer
a97aef25-8c15-4804-8633-d42ceb3aab3e,71be3019-2872-4e46-9e8f-941663554ca2,fee730c0-15e9-48d3-bfc6-0c05c8bedf48,254375,2026-06-18,402,90+ Days,Customer
5b195af0-36f9-4d28-8fca-fb8157609a03,2df9cb4d-3931-42d6-b71e-03529a9850cb,5b27b535-386f-461a-be04-aec76aa575df,253949,2026-06-18,534,90+ Days,Customer
e85540eb-d0d9-4330-99cb-41de60741788,f75784ca-4073-4a63-b63c-efbf1df39db4,0e84e845-049c-4798-b625-5d99d8716639,253000,2026-06-18,398,90+ Days,Customer
dff138ba-7559-4ea2-85ff-f65329651f9e,c622c3d7-9289-41b3-ab8e-2c29215faa4c,24cda247-8d28-4458-b8fd-88ce34f74050,252000,2026-06-18,693,90+ Days,Customer
bc80f5de-fa57-41bc-873f-8aca1e38951e,3a7d94bb-5c12-4883-8ad6-89e229c72c2a,baa7df6a-e2d3-4413-9099-2863e66eccff,251250,2026-06-18,772,90+ Days,Customer
7a70d0a0-17e7-42b9-85e5-90e331186c4f,71be3019-2872-4e46-9e8f-941663554ca2,ea4fb833-7718-4d98-aea3-17ffd8a8b733,250800,2026-06-18,550,90+ Days,Customer
a27f55e7-45f9-4d69-8dfd-90f462d39324,71be3019-2872-4e46-9e8f-941663554ca2,fe5b1efb-4ea7-495a-b1cf-b26db965f4aa,250250,2026-06-18,489,90+ Days,Customer
0dd6847d-bfe3-49d0-9c57-f4d09c6d8762,71be3019-2872-4e46-9e8f-941663554ca2,8c70f5ba-bd08-4846-afb5-5d699f7bdf7a,248400,2026-06-18,735,90+ Days,Customer
e2d6a9bc-9600-429f-a3e6-d1a325ddda7c,71be3019-2872-4e46-9e8f-941663554ca2,31284028-d351-4c7d-abe6-3048173c3e89,195000,2026-06-18,751,90+ Days,Customer
32cdf11f-4361-4106-b193-c99942c6a6bb,71be3019-2872-4e46-9e8f-941663554ca2,67fc7432-b320-4b0c-ae55-cfbac9d9d665,253500,2026-06-18,687,90+ Days,Customer
9d2d67ef-d0eb-416a-a63b-8b5a684af8dd,219f301a-1a4f-4012-a9b5-0e112c8a5921,b9de932f-e902-46d7-8c98-ee99cd1e634f,250000,2026-06-18,400,90+ Days,Customer
b3dac308-a0cf-47a8-a863-b796c4408e3c,8da5249a-c2b8-48c3-b61c-12ecf6d898d8,6e60ebfd-a500-4bd6-965e-bcdbdde8bd92,248675,2026-06-18,520,90+ Days,Customer
9100b031-1cfe-4957-adf5-c1ba078f60e7,40f85701-0113-4092-bf94-71fce4830301,b02cb1e9-6eec-4b05-ade5-85135ccbb58d,248000,2026-06-18,385,90+ Days,Customer
524ae074-9d6c-408c-aa47-38c9efe03e33,e81165ad-05bb-4b73-9bde-443bc6e8b08a,09151813-1bf2-4e25-a5cd-6b793edf0605,247050,2026-06-18,345,90+ Days,Customer
b6ba3940-1114-4f10-a5fc-5c8ce24ef06d,ebd4b889-4b94-4c8e-acde-8b3b5f560d31,7faa536d-a133-478c-aaca-b29bf5d686e3,246750,2026-06-18,186,90+ Days,Customer
f6d5bea9-f42d-42a3-b790-a1da83d54ea1,4a371d57-3bf1-4d22-9ab3-0025e212aebb,8c3e8f7c-89b0-4d38-a0b3-91e8cd119a0b,245087,2026-06-18,491,90+ Days,Customer
d71315f5-c3ec-497f-ae8e-397578ae5dc0,271cdaa5-4d7d-46cd-9a43-7e3bb4bb922a,2dcd505d-8371-4cff-be91-cee7157ee11b,243750,2026-06-18,652,90+ Days,Customer
5f9afa21-753a-456d-941a-70d6c1639ada,71be3019-2872-4e46-9e8f-941663554ca2,e97d4acb-c62e-454c-abfa-d66e21081511,242725,2026-06-18,424,90+ Days,Customer
ca1b920f-d641-42c6-b0ba-2d1a0fab75af,71be3019-2872-4e46-9e8f-941663554ca2,84d75ca6-eb85-4a6f-b2ae-af21b593ecc4,241250,2026-06-18,244,90+ Days,Customer
528a6912-9283-46ce-8f0c-7b718dcbd778,85b8ac40-a74c-4da7-a527-f0123486b975,45b83939-bcb1-439b-8024-4e8d70669fa0,223750,2026-06-18,153,90+ Days,Customer
1678aaf8-d81b-468e-a18d-4912a73833f2,d70a1f63-f837-43a6-9a85-e5c926dd4536,4d78f7ba-8c21-479e-9db6-4ebb3186b64d,238900,2026-06-18,542,90+ Days,Customer
23d2c24a-bfb3-4035-ac1d-c80933512684,934f196f-8320-4e39-9758-edd48c1257b3,55a9f2c2-b83b-43e3-a1d1-4a4c6d983d93,237840,2026-06-18,596,90+ Days,Customer
05c2879a-197b-4993-b4de-045cba60d5e2,71be3019-2872-4e46-9e8f-941663554ca2,cba89fad-55bc-4a9f-85fe-1186aea7420e,222500,2026-06-18,697,90+ Days,Customer
c8d29a34-3e7e-4860-a68a-11336475fb12,5a6fe33a-a836-4dee-9a50-9d39aea8888a,63563739-97d4-449c-93f4-c087ef4cd06f,225000,2026-06-18,778,90+ Days,Customer
f980e6b0-c65c-42ee-941b-f38856c5f147,71be3019-2872-4e46-9e8f-941663554ca2,d285792a-8903-4d26-beb8-19a308e6b192,225000,2026-06-18,451,90+ Days,Customer
c7eba609-fea4-412b-8b90-487315ba8715,2df9cb4d-3931-42d6-b71e-03529a9850cb,61dc8940-c4b5-4101-ad07-ccd31165e21c,223939,2026-06-18,524,90+ Days,Customer
dc651dd9-d7ba-4d9e-b991-4f41d63ce033,aaeb0740-87f4-4b33-8b8a-50dd7e46d35f,3ecd55f8-40e7-4d9f-a530-1ef56da65ee6,223750,2026-06-18,171,90+ Days,Customer
54bb374a-1443-40f2-ab88-bfd37a1a965b,71be3019-2872-4e46-9e8f-941663554ca2,eb0e29c0-c193-477d-a64b-29a9784831a6,220500,2026-06-18,384,90+ Days,Customer
5b3b025a-7987-48c7-a7b8-fb4916e210b7,9c8577e0-bac5-40ed-ab97-d69d5aadb619,d1f964b3-26da-4757-b581-ecb25bb132b7,219006,2026-06-18,317,90+ Days,Customer
8c5eab6a-4add-4afc-8809-0467999a3021,71be3019-2872-4e46-9e8f-941663554ca2,9b03f02f-6a25-42f8-a723-511a271c6305,197600,2026-06-18,577,90+ Days,Customer
fda2ddb0-7c6f-4054-8646-5c11147bfdc3,acc76122-192c-47ad-adaa-9c9babc33160,628f54a7-7198-4328-9fbc-7cf4552eeaaf,195000,2026-06-18,396,90+ Days,Customer
480267ed-fb7c-4935-a690-46a957494752,acc76122-192c-47ad-adaa-9c9babc33160,a44f941e-b222-4018-b2ad-bfcf49c1eb04,195000,2026-06-18,409,90+ Days,Customer
aea0741f-8e64-4146-bb7a-a7d92b8628ad,ebd4b889-4b94-4c8e-acde-8b3b5f560d31,b3b609a6-c035-4c9f-8187-47470789a1e3,194025,2026-06-18,204,90+ Days,Customer
e3a9bf8a-62f8-4e04-ace7-7b29550b7326,831be7e0-3cb9-492d-9bc6-2df6548e5db2,bb354061-9101-4e7e-832b-c7afdbd95cca,194000,2026-06-18,515,90+ Days,Customer
d97f7d39-503c-4398-afb2-cad2f7b7c722,a36a3590-064b-4309-9f40-026d703d2912,5273f6ec-3a85-44ef-a175-bc20dd802a51,194950,2026-06-18,463,90+ Days,Customer
c48fa7e4-1ec0-4d9c-aa53-a9b7633383df,71be3019-2872-4e46-9e8f-941663554ca2,0e4ef5fc-6caa-4596-808c-0b2669d7012b,193200,2026-06-18,512,90+ Days,Customer
41bc7fe0-1fd9-4316-a295-da5d16b8dc00,4b258052-1399-4244-a36b-e087424e0980,4066c0bf-93c5-41f9-ac5a-8754d926f25f,193465,2026-06-18,587,90+ Days,Customer
a5f03bd4-a97c-430a-8dbd-a8f56f0afa88,c622c3d7-9289-41b3-ab8e-2c29215faa4c,95623e61-807a-4c66-a31b-7948201ca362,193500,2026-06-18,527,90+ Days,Customer
d5973b8a-414f-436b-8b1c-fbc94c2b8e65,46259c13-632d-449f-a96f-f1deab0e0046,3d458c84-0fa7-43bd-a2a9-1760b42ba60f,324000,2026-06-18,132,90+ Days,Customer
1cbbb26e-0f08-4d40-8397-c4a8ff665042,71be3019-2872-4e46-9e8f-941663554ca2,8207cf4b-31a3-45d8-a238-f53b9ad138bd,256000,2026-06-18,570,90+ Days,Customer
1ebcfbec-97bd-456c-85b2-a7395f30d358,16551b80-b0c1-46d5-8940-71260022fd1c,f8c2be91-23b2-4b84-9fed-2c0ac79e66c7,255400,2026-06-18,447,90+ Days,Customer
25a281ba-8d91-4bc0-9002-86c67c97780b,71be3019-2872-4e46-9e8f-941663554ca2,bff735c9-5a4a-4ec6-8ad5-19b6769d50a2,173900,2026-06-18,630,90+ Days,Customer
0b71a7e6-2a9f-4fba-a715-23cbf1309fe9,9af8a055-23ef-47c9-920d-95f184187ed9,345e2cff-cd4c-414f-94c4-ff58efec7f54,254075,2026-06-18,437,90+ Days,Customer
9e4ab379-13b3-429a-b4e9-07492d5888c7,40f85701-0113-4092-bf94-71fce4830301,a3b5d4e3-8048-4e7a-b143-0ea7ac937bab,254000,2026-06-18,436,90+ Days,Customer
5863a3e2-fe50-41d1-9663-a431cddbe7b7,3a7d94bb-5c12-4883-8ad6-89e229c72c2a,d75f44f8-afb0-4d0f-a09c-5b61df306558,252000,2026-06-18,780,90+ Days,Customer
e6ee8e98-7f4b-447c-a6bb-1ca2b51d1c79,71be3019-2872-4e46-9e8f-941663554ca2,41d9d846-e9da-4b19-b721-da81b2fb6c3e,250500,2026-06-18,739,90+ Days,Customer
1b2ad934-d3cb-449d-9a41-39a04108938f,71be3019-2872-4e46-9e8f-941663554ca2,685698b1-4708-4dc5-b6a8-3d53b83d26b4,251150,2026-06-18,434,90+ Days,Customer
9b15c8f5-cf58-4eaa-b69a-8c31bb428c7f,02da9eae-b45b-4b42-820f-926f0a158850,038a2807-1a37-4291-b896-ab7bb5f13b34,250900,2026-06-18,601,90+ Days,Customer
87cccd46-c387-40d0-b044-9027171c15bd,1b6208e2-3404-4731-877d-3e2d93821bb0,e2bde358-478e-49e9-b7d2-213ec4517c5b,249000,2026-06-18,529,90+ Days,Customer
e59dee9c-8b29-4167-b24a-373458d047ce,4b5ac98b-a0ab-444a-a1fd-4a30c7c440a6,e5bd116c-1d62-4b11-bf73-539128610ea1,124500,2026-06-18,322,90+ Days,Customer
fcd70418-51b1-44db-9edb-4ddab34efa36,87b2f8f3-29d2-49ad-9951-aacda4effe82,683e337b-a5dc-46a2-9d99-242c4789b21a,52000,2026-06-18,339,90+ Days,Customer
c1dc16ab-4433-46f7-88c3-60145ed0121b,9cb686d7-fffa-4aa2-9ab0-de4cbdaf886f,82923933-33f0-4287-8bcd-8c8930bf18cb,137547,2026-06-18,473,90+ Days,Customer
5839ac74-7eee-4294-98db-7cdc80e16c9c,2941bd55-d0d4-4e91-b8ac-781bc32cf76e,cc31c96b-99f2-4792-a383-9c1c8ab65fb6,248500,2026-06-18,491,90+ Days,Customer
0070b87b-7810-4625-b6fc-739f13c40872,3a7d94bb-5c12-4883-8ad6-89e229c72c2a,746c09a2-1b0c-4a9f-898e-841aead4a93f,247500,2026-06-18,767,90+ Days,Customer
85d72938-cd84-488f-a668-084515934593,7e5b18e4-acb0-4a74-ad1d-f25958d7de14,b609492b-3e10-497b-a11b-346d8b85a031,247500,2026-06-18,156,90+ Days,Customer
cd776b38-1acb-421c-a8c5-09d3fe371ce9,71be3019-2872-4e46-9e8f-941663554ca2,0a6ac082-447d-475b-85b7-97e6ac8ec78e,246500,2026-06-18,407,90+ Days,Customer
3ce94be5-e056-4b80-abf8-7cae5f0726f2,beb13cfd-593a-4390-b602-93a464c0d4d5,cec8f830-3d9a-42f4-aaa9-cb35a025009a,246000,2026-06-18,479,90+ Days,Customer
50e9d69c-122a-4fb9-8dcb-1a952bd923be,271cdaa5-4d7d-46cd-9a43-7e3bb4bb922a,07a9e6c4-98ed-428d-b5a1-0caf092c3248,243000,2026-06-18,668,90+ Days,Customer
90aa87ad-4a0d-4d8c-9cb1-b43f15249e92,71be3019-2872-4e46-9e8f-941663554ca2,f11190c5-8b74-49aa-aa88-4ae82794a2b1,240465,2026-06-18,282,90+ Days,Customer
9f924c2a-04b7-4cdc-901e-ee2e2ace3f69,71be3019-2872-4e46-9e8f-941663554ca2,017590bc-0f80-42ed-8649-21b7e39f50ad,238265,2026-06-18,130,90+ Days,Customer
e72c7eea-391a-4410-8ff4-b1ffd6f06748,e81165ad-05bb-4b73-9bde-443bc6e8b08a,021db47e-d6f0-45ed-9d5d-a3888e1410ab,237200,2026-06-18,465,90+ Days,Customer
d02e61e4-4bdd-410c-9758-767aa7c4df2e,71be3019-2872-4e46-9e8f-941663554ca2,35b5aa6c-f920-4a13-8655-b9a576710540,237000,2026-06-18,526,90+ Days,Customer
bea4f2cc-f30c-4c7a-a096-82de6bb5fd61,280514a5-b054-4273-81f2-29362ebc940f,5c3a21c3-9c41-4ef1-baf7-670cbd05f6fe,218750,2026-06-18,616,90+ Days,Customer
59dc7b5f-06cb-494d-b76d-4d6a32c95e45,8da5249a-c2b8-48c3-b61c-12ecf6d898d8,5c7201c1-8959-440e-a345-e17de128008f,210000,2026-06-18,767,90+ Days,Customer
78313e99-2f7e-4d12-a551-9aeb16e26035,61512ab1-0ef3-4a1e-87f7-c1818d094209,e73fe277-ceb1-4686-9fd4-58347a5a023c,216000,2026-06-18,363,90+ Days,Customer
6acc67e0-4a0b-46ef-b403-a6613b793240,71be3019-2872-4e46-9e8f-941663554ca2,2759d76f-ec76-41ce-ae15-0d05fa90e121,216000,2026-06-18,527,90+ Days,Customer
c0a2a716-314e-4c3b-bebd-08606ada8374,c6e017b2-c27d-4969-95de-8284a705a232,65238a32-9bcc-4f26-b261-916f193ad9cf,214800,2026-06-18,164,90+ Days,Customer
80968361-ea39-4b5d-8267-23129e6c5329,c81204ce-d171-4f1e-a34b-eb7b553ddaeb,8c2c1cb8-4fdc-40e0-b923-efda3e6a563e,235200,2026-06-18,633,90+ Days,Customer
a17b1a13-4058-4b28-aa8f-f67558966221,71be3019-2872-4e46-9e8f-941663554ca2,b83c6603-bece-4b85-8b42-d247fe3473d1,212707,2026-06-18,262,90+ Days,Customer
937297b3-1fe6-4648-b4b5-b393bec13180,280514a5-b054-4273-81f2-29362ebc940f,3ba26809-a299-40ef-bc28-c89c80bc0826,212450,2026-06-18,591,90+ Days,Customer
504b81e9-845f-4fd6-b1ea-1e75bd554ce7,6d750907-fbbe-4ddf-9d1c-e14335fde6f7,f8d8e9ac-a328-4c1b-83ff-fbda52e1814b,210000,2026-06-18,648,90+ Days,Customer
eb40263b-cb06-470f-b925-9b83b9b2eb0e,71be3019-2872-4e46-9e8f-941663554ca2,9d39b5ea-9b38-4aa1-8afe-c5e7c9f7d99d,209780,2026-06-18,450,90+ Days,Customer
478f1f9a-d557-4a38-aacb-a17e9e4016d3,71be3019-2872-4e46-9e8f-941663554ca2,2ffe0eba-4332-4459-84f0-6ad2b5b5f87d,208800,2026-06-18,569,90+ Days,Customer
82c8f5ca-9037-4eaa-919e-1425482cf928,71be3019-2872-4e46-9e8f-941663554ca2,5d4b16ff-7e9d-4cfb-85a0-23e2918f26e3,208250,2026-06-18,410,90+ Days,Customer
2da8c06e-104b-4495-bed0-aea4a689352a,71be3019-2872-4e46-9e8f-941663554ca2,c7956cf1-98d2-40da-b16a-fd8697195279,207500,2026-06-18,513,90+ Days,Customer
5a5f0f36-7426-4d0d-a5f3-f8cb9117942a,71be3019-2872-4e46-9e8f-941663554ca2,e3076ebb-a49f-4db0-9d19-1d38ebe52bea,207150,2026-06-18,448,90+ Days,Customer
bab73e55-4a23-412d-97bf-4c71b7306939,71be3019-2872-4e46-9e8f-941663554ca2,467f81f2-172e-4c51-a4b8-618c67f9aaa7,206200,2026-06-18,500,90+ Days,Customer
94642433-02d3-4595-bbcd-6f7e44dc1ec6,95c5d920-3701-494c-b8ec-568a66ffc4ad,1575ffd3-a61a-4b47-8453-322fff889211,205850,2026-06-18,115,90+ Days,Customer
4185ab92-c292-4a9f-a3f0-a8e44e406571,71be3019-2872-4e46-9e8f-941663554ca2,54806b6a-4d4b-43d8-b8c9-f7ff0c8b284f,204875,2026-06-18,319,90+ Days,Customer
3a73b39e-0f2e-428e-93f7-84b9e6f38eb9,be6aebf8-8a0f-4527-a9d4-d94f09f3c93a,5bdc8d71-e35d-4970-8d44-e5f8625196fc,203500,2026-06-18,227,90+ Days,Customer
c557a9dc-1221-49c1-a2ce-39fab8ebe832,71be3019-2872-4e46-9e8f-941663554ca2,63008b71-03e5-4e34-97a1-921270183f1f,202425,2026-06-18,310,90+ Days,Customer
005c5a71-82ad-4d35-88c9-85a2c073349a,a51ff970-12c6-4739-b809-5fbc65af2cd3,2801f462-0b15-414b-8302-b395634b0e87,201250,2026-06-18,529,90+ Days,Customer
e829bd9b-be07-4a98-97bf-15a4ca7bc12d,2bc5bcfb-185f-4a64-95b6-32efd7cfec25,e60ea748-f520-4896-9fde-c2758f5548f4,201000,2026-06-18,338,90+ Days,Customer
e43b4364-e0c3-4b56-ac33-83761e69eaea,71be3019-2872-4e46-9e8f-941663554ca2,db7e57d2-94aa-4e9b-89ab-ba1824f9257b,200000,2026-06-18,410,90+ Days,Customer
a781ae20-4d43-4555-9ecd-fa61d512e14e,b31425c6-7091-41f6-9861-0321cb1eecc9,9929e0a8-768f-4d2c-b9a2-2663d2f6649b,236200,2026-06-18,510,90+ Days,Customer
712aa9e2-a4ae-4109-baa9-ebfad0aee87a,71be3019-2872-4e46-9e8f-941663554ca2,448c30ef-b464-452c-8d45-18e031aed4e2,233500,2026-06-18,382,90+ Days,Customer
de32255b-e135-4d6d-8904-096dc0c245f4,71be3019-2872-4e46-9e8f-941663554ca2,51c2f7f3-e888-4fcc-9d51-a6bfd27f7d5e,232700,2026-06-18,134,90+ Days,Customer
5bf9b5aa-c286-4b6e-875c-2f08c9920deb,71be3019-2872-4e46-9e8f-941663554ca2,bbe2f293-d95f-4716-b59a-9c3d5d760385,232500,2026-06-18,387,90+ Days,Customer
5aa80414-ebb5-4784-9ead-3497a911aa98,71be3019-2872-4e46-9e8f-941663554ca2,677cd952-ef73-42bd-8356-6476895fe848,231680,2026-06-18,402,90+ Days,Customer
f94ee8f6-fe3c-4a2d-bf34-a8b8a054a907,71be3019-2872-4e46-9e8f-941663554ca2,466c550a-0ebe-4666-8413-f1e60d18c749,231240,2026-06-18,497,90+ Days,Customer
fc26493a-3acd-4879-b471-58f37d169756,71be3019-2872-4e46-9e8f-941663554ca2,8926c52a-2e73-4b99-bcc9-14c8f27c2646,230600,2026-06-18,323,90+ Days,Customer
0ad5e157-fdce-4b34-a3b1-5687ab4819ce,935452e3-cd62-48f6-8240-a237fbb049e2,8a65d139-ddbb-4112-b7b2-cc0cf4d15e4c,230500,2026-06-18,392,90+ Days,Customer
aee38c64-379a-4336-98dc-ee236cf497fe,271cdaa5-4d7d-46cd-9a43-7e3bb4bb922a,ad8a127e-9532-4ee8-ae21-064c0daad277,228750,2026-06-18,597,90+ Days,Customer
25ba7788-9506-4b45-8f19-e10939ee3d46,831be7e0-3cb9-492d-9bc6-2df6548e5db2,cc61e8e4-a476-4d6c-a25b-e19b4a9ee99d,226300,2026-06-18,476,90+ Days,Customer
8038244e-cfd9-46cd-a3a3-c8d38a3321d0,46259c13-632d-449f-a96f-f1deab0e0046,95a654ab-562c-435c-8a96-de4e7966e406,23800,2026-06-18,175,90+ Days,Customer
a25ca6cf-27c7-428e-b9fd-1847b44dceaa,ddfcbd9f-71ee-4343-a831-beb7757ac3b0,51fee167-b498-4889-8f98-c0866c75149e,169300,2026-06-18,220,90+ Days,Customer
e9bccc1a-cfed-4c60-973f-27dc27919413,71be3019-2872-4e46-9e8f-941663554ca2,d6ac9519-32b3-4884-8583-136f7bf04c70,216000,2026-06-18,739,90+ Days,Customer
ad1501a1-61b5-40be-a775-a12d7160f9c1,71be3019-2872-4e46-9e8f-941663554ca2,7488babe-6b46-46d9-a5bb-2119a39537a4,224500,2026-06-18,576,90+ Days,Customer
1db5c2b1-80cc-4878-b4f3-ee3967f94449,c6e017b2-c27d-4969-95de-8284a705a232,ce599b26-a49b-477b-8d75-183014fa7f19,223750,2026-06-18,136,90+ Days,Customer
eb54260f-345a-42e8-8cb7-e9bab45fc4c0,58c876c6-a52e-47a3-a7d8-ff1b4f03929b,8a0e2aa2-af59-42a5-a930-29cd8b651c20,223750,2026-06-18,125,90+ Days,Customer
b84d77d2-8486-4ef3-b543-b677521f1550,40460eb3-11c4-454e-b924-f4d5c4350b23,6eb71716-bc8d-4f28-895c-5f148797abbb,208875,2026-06-18,339,90+ Days,Customer
0842022c-5542-485e-adf6-94e6e8bd7720,831be7e0-3cb9-492d-9bc6-2df6548e5db2,189ad03f-c5d1-41f5-a89e-b9466717a7ff,221200,2026-06-18,500,90+ Days,Customer
d55efc42-fe05-4a24-a690-cbbd258e77b7,51bf73f4-c8da-4e75-b5c1-72b2dc1014a0,a1c736b1-869e-470d-a81c-5b910d1c7f12,219800,2026-06-18,745,90+ Days,Customer
02495792-d419-4236-8ac9-d6b11360c706,51bf73f4-c8da-4e75-b5c1-72b2dc1014a0,b79c96b7-4799-4ac4-a92c-aa324fae5dd0,218129,2026-06-18,757,90+ Days,Customer
ea5c047d-5cce-484a-9af1-f1b60cc6697e,46259c13-632d-449f-a96f-f1deab0e0046,ef6ae008-5ed7-4b36-8066-e6d32cd0033e,216000,2026-06-18,128,90+ Days,Customer
1ce9022a-2b7e-4067-9e10-56148e3b2496,2941bd55-d0d4-4e91-b8ac-781bc32cf76e,f569be16-95be-4a0d-a481-d4225755c4ac,216000,2026-06-18,429,90+ Days,Customer
b92a1a03-72a3-4b27-af43-14c33efe2163,71be3019-2872-4e46-9e8f-941663554ca2,1468e0e1-a9f4-47d1-b3c4-a21d9300ae02,214800,2026-06-18,150,90+ Days,Customer
946224b8-6f1e-465a-b01f-8fc87bbba378,271cdaa5-4d7d-46cd-9a43-7e3bb4bb922a,d806e8d9-8427-4e07-b273-9d86c727e454,214000,2026-06-18,685,90+ Days,Customer
1f4094bb-563c-4572-8a5c-c7e36fb65ee1,71be3019-2872-4e46-9e8f-941663554ca2,e7a2ebec-3f04-4327-95bc-a72b607f2afb,213000,2026-06-18,317,90+ Days,Customer
0a726033-fa29-417d-9fbb-338162ed5185,401d1dd1-7487-4d90-ac6b-ce5bc399670d,789cebca-c643-4c23-8026-8d02951fb63c,212500,2026-06-18,571,90+ Days,Customer
45657e37-0b1b-4e5f-a71d-ec5ff11e7925,61512ab1-0ef3-4a1e-87f7-c1818d094209,c9866024-a962-4ff3-959e-242a958393ad,211500,2026-06-18,333,90+ Days,Customer
ff797926-575d-43b0-80ed-75ce43132db1,6e6eb1a9-aa09-459a-873e-997c0fdf4e80,6e09f6af-33be-44b8-957a-c7d2a7f9fa9a,210250,2026-06-18,465,90+ Days,Customer
bad90eb6-87b1-493d-889a-1b1eb2645e9d,16551b80-b0c1-46d5-8940-71260022fd1c,d391c265-6ae8-4ad4-8efb-1313c080ecbf,210000,2026-06-18,604,90+ Days,Customer
c0bce7a9-f18b-410a-8834-cf44cd070b52,9c8577e0-bac5-40ed-ab97-d69d5aadb619,028189ae-f6d1-4c99-a46a-dbb3b0708c1c,209475,2026-06-18,241,90+ Days,Customer
5da8dfbc-1b3b-49f5-9b78-22c703e2849d,02da9eae-b45b-4b42-820f-926f0a158850,ccfc5f33-7f60-4ef9-994d-0c5470329c81,208000,2026-06-18,626,90+ Days,Customer
ba768d82-f20c-40e8-a415-1972903b8ef5,b68482aa-3798-4bc4-96c2-ae22f9e1f162,5e54ee81-c433-4aa7-9b2a-6f7ff10f4a24,207500,2026-06-18,501,90+ Days,Customer
ff39f011-5d99-4b95-9967-9b98c9aee3eb,46259c13-632d-449f-a96f-f1deab0e0046,6d0dd1ca-4ed8-4042-a9b2-dfb8f7b2756c,206000,2026-06-18,151,90+ Days,Customer
be58ec1a-1e8e-49a2-96a0-6484502408d6,71be3019-2872-4e46-9e8f-941663554ca2,885f197f-b058-49fa-acc0-d76b0a852f59,205900,2026-06-18,259,90+ Days,Customer
274dcc0c-e517-4d0c-9e84-e01054465fd5,b68482aa-3798-4bc4-96c2-ae22f9e1f162,ca676e4c-d2be-45ad-9735-88fabe3c1d3f,204900,2026-06-18,380,90+ Days,Customer
9aa680d8-3506-4a81-9888-ec2e2d82ccd9,2df9cb4d-3931-42d6-b71e-03529a9850cb,16edba41-79f4-48d8-9998-63e02e32d673,203000,2026-06-18,542,90+ Days,Customer
e0d45b75-5245-495b-ab22-91615e2f69b7,e99e6ca5-a4bb-4343-a635-49f04389ca2a,646761da-0f52-4094-8a4c-c5a71f53368b,201099,2026-06-18,294,90+ Days,Customer
f67b01e2-b845-4dde-ba8c-de999c0e7e7b,71be3019-2872-4e46-9e8f-941663554ca2,7055f94c-3ca7-47cc-a606-e52f2fdfadb2,200900,2026-06-18,317,90+ Days,Customer
dcfae9c6-5b20-46d3-a09e-36fe172360d3,ebd4b889-4b94-4c8e-acde-8b3b5f560d31,88bca682-de58-4ffd-bf8e-e436cbc80897,199770,2026-06-18,211,90+ Days,Customer
c5f9cdde-2a60-4c60-8633-bf3a3dd515c1,88930eae-d9ac-4994-a9db-253ed1bfcecb,8ef8ffaa-dcf4-4a84-835f-113ebe92f2b5,207300,2026-06-18,766,90+ Days,Customer
8c4cce7a-14e6-43a1-9dc2-4597b4bb47e8,51bf73f4-c8da-4e75-b5c1-72b2dc1014a0,6a0eb9d6-26ae-484e-a9bf-0b3d6e15b3d7,197250,2026-06-18,305,90+ Days,Customer
799595c8-2a04-4ec6-946e-25594f33c599,ebd4b889-4b94-4c8e-acde-8b3b5f560d31,1566caba-580f-43f1-9dc9-fd2d13f84580,196049,2026-06-18,202,90+ Days,Customer
59be45de-60ac-4389-b35a-62c0412a5784,94305b80-a7ed-4533-95c9-3e5182e4e042,c554a078-7ac9-4968-aac7-e49592603789,324000,2026-06-18,533,90+ Days,Customer
76797ea4-e630-4673-86ed-5ff4c85f082d,71be3019-2872-4e46-9e8f-941663554ca2,a879d8e1-39de-456e-a812-2a8a367b578f,235812,2026-06-18,259,90+ Days,Customer
ba0ec95a-ff5c-4a02-aedc-8c9866ea5949,95c5d920-3701-494c-b8ec-568a66ffc4ad,5ca840ce-2656-48e1-aafc-0fc73c4b2e79,234000,2026-06-18,121,90+ Days,Customer
403cb83a-d42a-4c36-ac21-6d3313ccd08b,71be3019-2872-4e46-9e8f-941663554ca2,ff4e8a7a-3f80-474e-b22e-d47be3d68940,232900,2026-06-18,592,90+ Days,Customer
8167065d-2a3f-4cdf-8e4d-34abbb2fffa4,71be3019-2872-4e46-9e8f-941663554ca2,ad67e106-2423-4327-b4a6-6975f21ac822,232700,2026-06-18,134,90+ Days,Customer
d2a360b9-47f9-4eaf-bc85-691fab628191,71be3019-2872-4e46-9e8f-941663554ca2,3411b3af-1a0d-46bd-bbf2-8cab45727c4e,232000,2026-06-18,452,90+ Days,Customer
73c0bf8d-f39c-4d4b-988a-f67ca09a46d2,271cdaa5-4d7d-46cd-9a43-7e3bb4bb922a,44786bc9-f3f9-4010-a9e4-5bc2f65486f5,231000,2026-06-18,556,90+ Days,Customer
36d40365-6e59-4a08-90f0-f3aca1b9e1f8,acc76122-192c-47ad-adaa-9c9babc33160,396cdd98-9192-40da-8cad-4d3730571f11,230500,2026-06-18,396,90+ Days,Customer
102a0d0b-2b04-4e91-b09c-dcf5ae618629,6886fa95-ec7c-4b8b-b146-496286f7b865,7e9bc812-4854-4366-8111-0213113f9cc4,229300,2026-06-18,625,90+ Days,Customer
367977d4-790b-4fb3-88b9-72dd61960a1b,58cacb19-26f8-4710-82a0-ef5aaf515fcd,7423141d-607d-4d2e-aeb1-475c103a7728,228125,2026-06-18,490,90+ Days,Customer
35523715-0c1c-4920-992d-41528bb9e465,be6aebf8-8a0f-4527-a9d4-d94f09f3c93a,8749b6af-c1c4-4c73-82a7-d5d8462adf5f,226250,2026-06-18,195,90+ Days,Customer
d6f218bd-abfb-4a32-a2da-98da42bb10b4,71be3019-2872-4e46-9e8f-941663554ca2,637fd694-9643-47ac-bbeb-c2fc876abac3,225330,2026-06-18,321,90+ Days,Customer
298eec80-4b09-401f-b01b-17b9a6889eda,71be3019-2872-4e46-9e8f-941663554ca2,d8e402ed-a287-4c1b-9a87-eb2586aa1ba5,224875,2026-06-18,407,90+ Days,Customer
8b98f5b2-2981-4954-801a-72363a74fbc8,ab338b7c-2914-48ff-8ffe-2951d186fd0c,d6b6eb85-548d-4b0d-9d38-142ba440eeba,235000,2026-06-18,590,90+ Days,Customer
f5b83d91-1e52-492a-860a-47861473c44a,7f367ba9-b9e1-4d7a-a895-564eedaeb810,38114c6f-330e-452f-b292-b0722054849a,223750,2026-06-18,136,90+ Days,Customer
b44ecc9a-225e-420c-94f1-2038acbe69b8,271cdaa5-4d7d-46cd-9a43-7e3bb4bb922a,722efee5-f973-4ece-8eb3-eebbf2baaa8b,222000,2026-06-18,223,90+ Days,Customer
7afe1156-6c4f-4e23-a9d8-d720fd9847ed,71be3019-2872-4e46-9e8f-941663554ca2,c9b5892d-6248-4dd7-8889-31ba73c5f751,219500,2026-06-18,580,90+ Days,Customer
7532c5e7-2de0-47b2-ad6f-3ef60a7f10a4,71be3019-2872-4e46-9e8f-941663554ca2,8284e35c-f429-41f3-8d91-3a9156bfe8b1,217570,2026-06-18,525,90+ Days,Customer
9e8da5df-33f3-47f4-a3aa-b6bd741bbb94,61512ab1-0ef3-4a1e-87f7-c1818d094209,5c96d138-7a99-458a-ac7c-1535cd41d78a,216000,2026-06-18,363,90+ Days,Customer
72cfc64b-c191-4145-8a65-3dda0f81839d,271cdaa5-4d7d-46cd-9a43-7e3bb4bb922a,d1a21def-b087-40de-8365-c89e76103194,215749,2026-06-18,290,90+ Days,Customer
cf87bb80-9c22-423a-9b7b-573299ffaf45,13434759-d4fc-4dc9-ad3b-480ab7211da2,8e56d590-f07e-47f5-a090-f992678f4232,214399,2026-06-18,183,90+ Days,Customer
5f991885-71c4-4a8c-a5b5-f3cabb3d6177,71be3019-2872-4e46-9e8f-941663554ca2,411345b7-a0b3-47e1-9b52-2d2bcce1734b,213618,2026-06-18,598,90+ Days,Customer
43e26e00-7ff8-46b3-9168-2cc9d347ec41,d4686b2c-519c-4f5f-9839-c125dddade95,b3cd5186-a55a-46a8-b48a-d506dfb5d200,212500,2026-06-18,267,90+ Days,Customer
747d5e53-8566-481f-abab-31200d86804c,242b18b0-2b6e-4ef6-b311-fa29444b997b,4971d466-9cf2-4f49-a87d-f55bee312f76,212000,2026-06-18,144,90+ Days,Customer
33a1a265-4ad3-433b-ac89-5627e19c7655,9210470f-bbf0-4c64-9538-eafcd517a6c9,5f46a208-9a1d-4fac-8c5d-e34767068cee,210000,2026-06-18,408,90+ Days,Customer
9272b7f2-28a2-44b6-b158-469ebffd750e,a36a3590-064b-4309-9f40-026d703d2912,894aee5d-a995-48b8-b6b3-cbd4161c9c77,209850,2026-06-18,430,90+ Days,Customer
81a93dc4-e339-4535-8bf0-6a84c6c853a8,71be3019-2872-4e46-9e8f-941663554ca2,89dc629e-cee5-48e6-a2ce-54a779a5c31a,208750,2026-06-18,471,90+ Days,Customer
22d60f5f-09ec-4b50-a9a4-f7b5916186ef,831be7e0-3cb9-492d-9bc6-2df6548e5db2,310e160c-9586-4389-b8c8-47bc406d429b,208099,2026-06-18,459,90+ Days,Customer
ac7dad20-1ed3-4b82-964f-87e6b3325202,71be3019-2872-4e46-9e8f-941663554ca2,0340f31f-e76c-4308-9aa7-5eefa720f6fb,207500,2026-06-18,167,90+ Days,Customer
2557065f-542a-43cb-b128-04b6dc19d58f,58cacb19-26f8-4710-82a0-ef5aaf515fcd,a8ad79ff-196a-47a0-834e-99dfbf27801f,206700,2026-06-18,612,90+ Days,Customer
ffc557c7-8a37-4a5d-b73c-7231f1c10bb1,adfce60e-6e4f-4ff6-a41b-4b5a1d4e9b23,b7037dfc-60e3-4145-acc6-bc761d461bc8,206125,2026-06-18,758,90+ Days,Customer
9dd95ab3-b905-41b5-acf6-aadaec4789aa,80dd1cba-db4a-4856-92ac-722a4b856b9f,105ac9b4-7e96-4a22-8081-794afe59ac3f,205000,2026-06-18,471,90+ Days,Customer
7d8f4ca5-579d-44d7-b95f-318671e97197,34fda2a8-c86c-4abc-ba47-e3a71458c7d4,18c6a680-14f4-42db-a68e-6d041108a196,204700,2026-06-18,213,90+ Days,Customer
2e560491-ef6e-4289-9499-b845c65364a0,71be3019-2872-4e46-9e8f-941663554ca2,ad7a4d17-79f2-44c7-8855-e1621c8172fd,203500,2026-06-18,392,90+ Days,Customer
07ac91d4-4f42-4cff-bca2-050524919af4,71be3019-2872-4e46-9e8f-941663554ca2,2fc640ae-df64-4940-bf11-79608dedf0c5,201500,2026-06-18,473,90+ Days,Customer
f6059ddb-66ba-40ad-84d6-d3d6364ffd79,71be3019-2872-4e46-9e8f-941663554ca2,23086b9c-749a-4549-b687-3589c628a111,201000,2026-06-18,367,90+ Days,Customer
0016427e-25de-49b5-a749-7e612e746318,71440dc4-d643-4494-8757-89e3d0af62e9,ef11b5de-aedb-4d8f-a71b-5d48f3e07d42,200000,2026-06-18,575,90+ Days,Customer
5363e59b-1d65-4485-970f-23b6ba3e6103,b68482aa-3798-4bc4-96c2-ae22f9e1f162,e1f74459-387e-407a-94a0-2bba57f895c5,199700,2026-06-18,470,90+ Days,Customer
e405b3ad-5234-4d39-bae2-baa6f939bde7,242b18b0-2b6e-4ef6-b311-fa29444b997b,2235bcff-76fb-4146-a0d4-4c8d459b4eab,198000,2026-06-18,297,90+ Days,Customer
a4deef24-bef7-40fe-9f38-9622728dde7a,95c5d920-3701-494c-b8ec-568a66ffc4ad,ade2694e-933f-4194-972c-4b46e5eb99cb,196900,2026-06-18,160,90+ Days,Customer
c87945e7-55ab-4c3c-8b7a-10731c86e3c2,71be3019-2872-4e46-9e8f-941663554ca2,60ec3b4a-d3a9-465e-97d5-d947c0b1c97f,196250,2026-06-18,345,90+ Days,Customer
072f2c65-84e7-4e91-b9c0-22179ba41c15,13434759-d4fc-4dc9-ad3b-480ab7211da2,8cf140fd-eeca-4daa-9fb4-4abbdde06ad5,196079,2026-06-18,141,90+ Days,Customer
44efbc0b-384e-4dda-a802-2979a4b43ad1,51bf73f4-c8da-4e75-b5c1-72b2dc1014a0,55903bb3-49a0-4041-bda1-6f3fdc0c2a68,235650,2026-06-18,307,90+ Days,Customer
da2e9777-ede2-41f7-b887-c3eae31b091d,71be3019-2872-4e46-9e8f-941663554ca2,d946853f-c56a-4dbf-a472-7608e190b220,235200,2026-06-18,429,90+ Days,Customer
34d3092b-37ed-46c2-9ebb-75067846ed18,271cdaa5-4d7d-46cd-9a43-7e3bb4bb922a,51986147-a066-4b55-a5ed-52d09c06a91c,234900,2026-06-18,273,90+ Days,Customer
02461483-d6f8-4cda-9f94-059e50e586d0,71be3019-2872-4e46-9e8f-941663554ca2,d2ba4b81-d5aa-44f7-a28b-65f979aca668,232800,2026-06-18,200,90+ Days,Customer
34618712-13ff-4066-9835-0743715494d7,c81204ce-d171-4f1e-a34b-eb7b553ddaeb,aaae69d1-859c-4920-bf2a-7c7704e6fe58,232500,2026-06-18,610,90+ Days,Customer
4f9f59c5-5025-40ca-b4b1-3eed88a77667,71be3019-2872-4e46-9e8f-941663554ca2,91799e89-e867-4036-8610-443827da3c51,232000,2026-06-18,452,90+ Days,Customer
50518d51-841f-48fa-8252-beb0420d6e8f,be6aebf8-8a0f-4527-a9d4-d94f09f3c93a,872ff343-123f-400f-82b0-8494b0f06b9b,231250,2026-06-18,224,90+ Days,Customer
c8bd73be-b325-442c-88ec-1dd665e72dcd,8da5249a-c2b8-48c3-b61c-12ecf6d898d8,dfc6d162-f3a1-4189-aaf7-eb5efd90bb51,231000,2026-06-18,570,90+ Days,Customer
5b4c40ec-2e59-49d9-b0e1-ae75e09a47a4,94840a95-c5bb-495e-a6b6-b69f8754b8b8,8fb3b03c-11f1-464a-814c-f37d058f41e3,230750,2026-06-18,435,90+ Days,Customer
4b979bd6-4df0-48f9-ac43-8fd61e45207e,34fda2a8-c86c-4abc-ba47-e3a71458c7d4,85e8ffcd-6db1-4bd5-9d6b-db4037fd56f8,229562,2026-06-18,266,90+ Days,Customer
42813885-609b-48b8-83d2-ee1c3f548c2a,be6aebf8-8a0f-4527-a9d4-d94f09f3c93a,b68807bf-e277-4ba4-81b1-7954f7edda26,226250,2026-06-18,195,90+ Days,Customer
32a4aedb-bf1e-4485-a345-3661bc5971fa,ee050b45-8c17-4d06-ba05-a7f64ed04dab,19ec7201-8d73-455e-916f-f7b118084d36,226048,2026-06-18,681,90+ Days,Customer
e9e691d3-68d9-4bcb-965d-09b741baa85b,71be3019-2872-4e46-9e8f-941663554ca2,a18bcbcd-a3ff-45c0-bff8-2b8a5c9a8ceb,224800,2026-06-18,361,90+ Days,Customer
6b1db533-c59a-4d8e-ab09-b9d260564671,16551b80-b0c1-46d5-8940-71260022fd1c,854e8a93-3f5d-4407-b5da-423617a38d27,224650,2026-06-18,580,90+ Days,Customer
0c6957b3-dc21-42cf-a32c-e518968af462,34fda2a8-c86c-4abc-ba47-e3a71458c7d4,09d00d91-16a6-4a05-b99e-39ff771c271e,222500,2026-06-18,280,90+ Days,Customer
eb610834-a11f-4ecd-8a35-006e5804cedc,19f9541f-8157-48ba-a008-92b6159819ac,c5facf6d-2dc0-4f7e-acfe-363c3031a7cb,210500,2026-06-18,601,90+ Days,Customer
b957a62c-9801-4009-9a7c-3c8abfea0f17,8da5249a-c2b8-48c3-b61c-12ecf6d898d8,5e091ea5-4d3b-4170-997d-e715fd857ee7,210000,2026-06-18,767,90+ Days,Customer
1f4e3e8b-100f-446e-8422-fa6c31e1fa24,9c8577e0-bac5-40ed-ab97-d69d5aadb619,77407f47-8e93-4b0d-a037-6f2e32c48c6a,193166,2026-06-18,434,90+ Days,Customer
000333dd-03d1-42f4-87a4-45e6160cddaa,6ef4fc76-da3f-4422-8a17-41c7ecd6dd4f,84fed550-8e3f-4152-a964-565e414e91e4,223750,2026-06-18,153,90+ Days,Customer
77c35523-eec3-4a8d-8a09-ba3f0b57481e,3907239e-a3a6-4372-a3f2-e3025acb2412,a2a0b3c1-d553-43a6-82a6-b10f36186e0b,223750,2026-06-18,171,90+ Days,Customer
a97dfd07-9b07-4de8-8f6d-60dc4e2f076b,71be3019-2872-4e46-9e8f-941663554ca2,3df05544-5909-4a61-ad5f-031c787d6cf9,223600,2026-06-18,547,90+ Days,Customer
c603c955-6b9f-4b30-9b9a-b56a55d42b48,71be3019-2872-4e46-9e8f-941663554ca2,d2f377e7-588a-4855-859c-ef07d16a77c3,220300,2026-06-18,452,90+ Days,Customer
4e3062c4-c300-45c0-b251-4ac7ed4748b1,9af8a055-23ef-47c9-920d-95f184187ed9,29746b39-813b-467b-98c9-203576bdb790,220000,2026-06-18,475,90+ Days,Customer
4c834fd4-d815-4e20-a57d-ca5d1aa81173,c10c3408-1a47-464d-9517-5024fa2d007d,c95e3d15-af0c-4104-b5ef-06fb9a2c5adc,216000,2026-06-18,472,90+ Days,Customer
c6c100f3-1715-440c-9bff-3498889d2d24,2941bd55-d0d4-4e91-b8ac-781bc32cf76e,afc64240-ad0b-4d4e-b977-45e81906f8b8,201000,2026-06-18,540,90+ Days,Customer
29d0e017-d75b-4f27-8f47-b13b5ff39a2e,71be3019-2872-4e46-9e8f-941663554ca2,c6ca15b3-9882-47fa-8648-eb6440c37390,216000,2026-06-18,135,90+ Days,Customer
9034a70c-d4d6-4095-bbec-c765a72937f2,271cdaa5-4d7d-46cd-9a43-7e3bb4bb922a,f3d64472-ddb5-4899-894e-f0bd390e4dc0,214350,2026-06-18,629,90+ Days,Customer
7b1b091e-42b2-47b6-adb3-e93fde3daaef,16551b80-b0c1-46d5-8940-71260022fd1c,e694c7b0-e224-4f15-9729-8be5bc448477,213500,2026-06-18,615,90+ Days,Customer
ebd683cf-2d3b-4b51-9e57-9895d3cc4922,6886fa95-ec7c-4b8b-b146-496286f7b865,df2ccb9a-29a6-4ab5-bfbb-2ff870eb0dd9,212500,2026-06-18,615,90+ Days,Customer
56a2145c-33f5-490d-a83e-b99e1e15c31b,71be3019-2872-4e46-9e8f-941663554ca2,05befbdd-37c3-4f9e-aacb-fdf0b61b6d9b,210968,2026-06-18,598,90+ Days,Customer
e6fd83e4-8a10-469d-accc-038cfe6ac577,2df9cb4d-3931-42d6-b71e-03529a9850cb,58563b63-e949-4d6e-8cf9-0a2723825eea,210200,2026-06-18,529,90+ Days,Customer
757d630d-466d-4906-90de-9a268a0c1baa,71be3019-2872-4e46-9e8f-941663554ca2,9e21673b-f189-40db-b622-982ba86aba65,210000,2026-06-18,408,90+ Days,Customer
3701df21-f03e-4a5a-9283-dfc7bc023afd,917661e1-3ddc-4cdb-882a-56e83978c161,62adfe99-8bcd-43e7-8dfb-7fe2359669e5,209040,2026-06-18,237,90+ Days,Customer
7b75fa2c-74d0-4bfb-a2ef-e35266b49949,4b5ac98b-a0ab-444a-a1fd-4a30c7c440a6,1d3c9b9f-c284-48de-bef7-91128c839d8e,207640,2026-06-18,182,90+ Days,Customer
fd366b60-036f-4d71-88d3-a7d2b59bcce3,9c8577e0-bac5-40ed-ab97-d69d5aadb619,cb3873d0-2e6c-4707-b800-c41c42279064,207500,2026-06-18,401,90+ Days,Customer
bf9500cb-edeb-4932-a1c6-fe09552c70f5,71be3019-2872-4e46-9e8f-941663554ca2,fa6aaf4f-720b-4ede-b4dc-33f918579ecd,206250,2026-06-18,288,90+ Days,Customer
19017960-967d-4fc6-893e-75a841184d7b,71be3019-2872-4e46-9e8f-941663554ca2,96ce5bfc-d9ad-4930-86ed-e925a80cb882,206000,2026-06-18,155,90+ Days,Customer
c4d6195c-593d-4e16-bc7e-62cc26847624,71be3019-2872-4e46-9e8f-941663554ca2,1cff5720-a601-4205-b602-0598df0d9d6a,205820,2026-06-18,536,90+ Days,Customer
be3a5fb2-ce14-440c-a0d9-4478b8e76e90,271cdaa5-4d7d-46cd-9a43-7e3bb4bb922a,8bd5382e-5e79-437d-b53a-33fa68aef530,205000,2026-06-18,668,90+ Days,Customer
b5ccc0fb-0eb5-4df1-9577-08d652876bc8,71be3019-2872-4e46-9e8f-941663554ca2,abacafb6-0773-4169-9ab7-ca0c9c04b118,203000,2026-06-18,525,90+ Days,Customer
e2a4712c-badf-4a54-a4ce-b1a3d18bcc18,71be3019-2872-4e46-9e8f-941663554ca2,99019f8f-5fa8-4e43-b93f-4ce3bf3e4efb,202500,2026-06-18,564,90+ Days,Customer
297944e2-e932-4139-a496-fcb3d5c8b93a,0c4eb465-2f9c-4822-b19c-75ed98b408ea,11054914-dbc3-453c-bdbe-5bc4d75692fc,200294,2026-06-18,542,90+ Days,Customer
48df2b87-9d86-4d73-b828-96cb3361770b,2941bd55-d0d4-4e91-b8ac-781bc32cf76e,0e9137c7-5ee9-49da-b35a-6c2c1ed928ca,200000,2026-06-18,513,90+ Days,Customer
fd137f97-7bd3-4a02-bbf6-ec53b65e753c,e5292d40-6064-4169-875d-acf942d10206,4a09b429-267d-4d7c-9995-11d2cfaa59b8,198100,2026-06-18,735,90+ Days,Customer
b22b4135-0993-4c6d-b510-743831724f58,71be3019-2872-4e46-9e8f-941663554ca2,5a3f6cde-495f-4839-8ede-36a8154e8911,195469,2026-06-18,742,90+ Days,Customer
92ed980a-f487-44f5-8255-3f26255b72f6,ccf0936e-491c-4ff2-8abe-a57cd3abf497,066ae025-c229-4ff8-b59a-bd0ef9bd119a,192500,2026-06-18,490,90+ Days,Customer
2a60a81d-2ba1-4d96-bb44-4476c6e33874,ccf0936e-491c-4ff2-8abe-a57cd3abf497,cce49f04-1c37-4bc6-aaa4-d5ef598f078c,192500,2026-06-18,514,90+ Days,Customer
bc337d70-57be-4e86-8ae4-02a7feac32ab,71be3019-2872-4e46-9e8f-941663554ca2,fe82d3a5-24a2-4540-933a-5ddab619dcb7,192000,2026-06-18,307,90+ Days,Customer
66786cb2-e673-4116-8fc5-4aa924863f07,71be3019-2872-4e46-9e8f-941663554ca2,39cdc194-3950-4d45-913a-434780002773,191718,2026-06-18,302,90+ Days,Customer
21b1de05-f66e-460e-bcb0-ffb167a8c397,9c8577e0-bac5-40ed-ab97-d69d5aadb619,6ab21cb4-d658-4724-9243-7b2cbe65ab49,190500,2026-06-18,336,90+ Days,Customer
9643ee63-29af-40b4-99e1-6a7773699d04,1f1746d2-52c5-4dc5-aadf-ea179bd755e0,101cf16b-1f19-45a1-b84c-a923fb66ae71,189700,2026-06-18,311,90+ Days,Customer
aba4972b-319d-44d6-a09b-c1230e1cb117,27a12971-33b5-4ba0-970e-6c1a7218f5f4,3189f2b3-17fa-46df-aa6a-6ece45bf7814,188000,2026-06-18,568,90+ Days,Customer
3c61acff-616a-4bd7-be7e-838f545bc141,71be3019-2872-4e46-9e8f-941663554ca2,ad066b1d-a7c2-4861-ab4f-ed362ed39859,187500,2026-06-18,490,90+ Days,Customer
650b12b0-a191-4d8b-8e9e-059917a51c22,f339fea8-85c3-46ca-9d61-5a3dcbbb1b85,1d0f96db-19ff-4b41-8c01-e13d71472aee,187000,2026-06-18,213,90+ Days,Customer
f93a69b9-f041-4cd2-b2e0-8db978e02fef,71be3019-2872-4e46-9e8f-941663554ca2,61281aa1-8096-446a-b738-98f5d168636d,186000,2026-06-18,202,90+ Days,Customer
48440d68-b132-4148-941f-00f8acf49127,71be3019-2872-4e46-9e8f-941663554ca2,3ff5317c-0933-4647-8c61-60c85e431a5d,185600,2026-06-18,512,90+ Days,Customer
ba5d99ff-8f6b-470b-952b-bc0f92376bb4,be6aebf8-8a0f-4527-a9d4-d94f09f3c93a,6fdd1b2a-4e91-48b2-9133-23dc37fee238,185000,2026-06-18,206,90+ Days,Customer
2dbff2ab-d70d-480a-861b-48502f138f56,71be3019-2872-4e46-9e8f-941663554ca2,94c23233-36f8-4e8b-82ff-b7491446b68e,185000,2026-06-18,255,90+ Days,Customer
31c0615d-2888-448d-b1e7-d7927f88e6bf,71be3019-2872-4e46-9e8f-941663554ca2,21559fb8-f720-4f45-8108-f4345a6ece78,182390,2026-06-18,452,90+ Days,Customer
0e88beda-001d-4582-95a9-bdd195a370ab,979665cd-4976-4bf0-87cf-b926c5ce93c7,03a90266-90d6-4b34-b3b5-6e1f57e8397e,34260,2026-06-18,216,90+ Days,Customer
1131daaf-375e-450f-be2b-b2a3d32076e8,077d9584-8f05-42cb-90f1-1e17bab1db5e,21982d75-9ccc-4afb-9ba9-9d736650600e,169687,2026-06-18,280,90+ Days,Customer
491fdcae-de3f-4ecf-b861-94759ddfc6e6,ee050b45-8c17-4d06-ba05-a7f64ed04dab,758b7b0d-a1c2-46db-be05-c28ae8f1b7b8,181000,2026-06-18,716,90+ Days,Customer
dba10242-a6e8-4b2a-8cc3-f312e026331c,931468f1-2c2d-4c95-a25d-b2ae1690295e,8c9f6475-e717-4183-9767-ea9da75810f9,179999,2026-06-18,624,90+ Days,Customer
623bd208-d3aa-40e4-a1d7-71eb20b8910b,2df9cb4d-3931-42d6-b71e-03529a9850cb,f9d2cb9a-d80c-4693-9846-30eca603f729,179000,2026-06-18,142,90+ Days,Customer
c4433030-c996-491a-bee9-17f0aa60a402,2df9cb4d-3931-42d6-b71e-03529a9850cb,440ad9ee-458d-4c15-bfd6-ff13f9faab9b,179000,2026-06-18,155,90+ Days,Customer
06c2c60b-ad9a-4d03-985a-2d580c58be7a,96b16a85-109f-4221-acc1-70fa87bccddc,b129183b-5c66-4e10-81e3-bb165e00121e,179000,2026-06-18,182,90+ Days,Customer
2ac7d72c-0ad5-4a9e-89d7-55a1c81e9aa1,71be3019-2872-4e46-9e8f-941663554ca2,83f4ba66-0c65-4058-af0d-2deff46553b9,179000,2026-06-18,130,90+ Days,Customer
259e9b4b-9ebf-4943-afc0-a767d365e324,99654bf2-99d2-4963-a48f-35d1eacc4352,c45ea027-5cf8-4f59-b293-305f9d2465d6,178875,2026-06-18,206,90+ Days,Customer
cd5dcfdc-43b0-4dd7-a047-8722151c92e6,71be3019-2872-4e46-9e8f-941663554ca2,d29eebea-adb4-4254-9c35-31b0010d9a4d,178625,2026-06-18,609,90+ Days,Customer
ea0d8d82-0e54-4336-bc5d-e9ae85862adf,13434759-d4fc-4dc9-ad3b-480ab7211da2,6bd09817-572b-4237-848f-d386c1b4c65d,178479,2026-06-18,116,90+ Days,Customer
95fb56c4-21be-4f21-84ed-4053b6be8cdf,71be3019-2872-4e46-9e8f-941663554ca2,da99be56-7d24-494b-bf6c-96228e6f2d7b,180100,2026-06-18,686,90+ Days,Customer
6b159d5e-2b5e-4207-847c-638ad7cc60aa,f83e8351-57ae-4284-99c8-3d0905e11e48,e8141c40-5f1d-4f21-be22-cac997d62c9b,178000,2026-06-18,213,90+ Days,Customer
8dd881a1-caf9-4b59-ba69-63577cba647e,0e59f9b8-792d-43cb-a7e3-39a3cbf25ae7,afa19b71-9816-428d-ac01-862a9050b4e3,177500,2026-06-18,566,90+ Days,Customer
569872a6-6401-4b17-896e-0b6ac10a0024,51bf73f4-c8da-4e75-b5c1-72b2dc1014a0,3454a109-7da4-4649-90e3-dfac959f42d2,176000,2026-06-18,688,90+ Days,Customer
ca6eb388-80be-4a52-a19c-0282ecbb56ee,ccb49d47-ef18-415e-84ff-5119d836592b,929e922a-1a80-43b9-b7aa-482d5bc509ee,176000,2026-06-18,694,90+ Days,Customer
5cd29eae-7858-42f9-a14b-dcd568eab451,a196000a-c83c-402d-8024-2a2c4dda447c,7b71269b-1af7-40fb-b2ad-a4fcfb9f86c9,175200,2026-06-18,568,90+ Days,Customer
f838b4f5-cbb4-4b9c-8973-2fc689e8c85c,271cdaa5-4d7d-46cd-9a43-7e3bb4bb922a,fa65782e-3638-4805-9ce7-2e30b5e957b3,174800,2026-06-18,191,90+ Days,Customer
7973bf49-898c-4392-897b-9b3569a6aab2,1a42863c-c5fb-4bad-bd55-5ec8b0d96206,1fd47c78-033c-4e42-9a20-81d7cfcb26a9,173000,2026-06-18,450,90+ Days,Customer
c8670525-45a7-4b41-b415-e43e69422489,2bc5bcfb-185f-4a64-95b6-32efd7cfec25,24472342-f639-479a-86fb-b04d0f697665,173000,2026-06-18,519,90+ Days,Customer
012cb7ce-4343-488b-913d-b50053c3039c,6e6eb1a9-aa09-459a-873e-997c0fdf4e80,f214430a-ff60-4718-8fec-7fdfd61ea525,173000,2026-06-18,473,90+ Days,Customer
4674a1cd-4e27-4dbc-a599-d4706f35bd48,71be3019-2872-4e46-9e8f-941663554ca2,a05d0f13-3f99-4383-9ea0-7dfcba4ef35a,172500,2026-06-18,584,90+ Days,Customer
0eac2e91-ede0-4ced-b869-e4f1d20e5f58,71be3019-2872-4e46-9e8f-941663554ca2,a6e0dffa-95c1-4863-97cd-1722e48fa422,172000,2026-06-18,379,90+ Days,Customer
aa21bfcc-10a7-44dc-90a6-cf2c9fc03943,95c5d920-3701-494c-b8ec-568a66ffc4ad,fec82a7d-8494-4578-84a5-42e70048d9fb,170050,2026-06-18,139,90+ Days,Customer
30438694-8af2-4e84-a29f-9166ec5422ee,4b258052-1399-4244-a36b-e087424e0980,4c5f2316-909d-4852-9139-b2721e155187,170000,2026-06-18,553,90+ Days,Customer
7dab8c27-ab4f-4ce6-bbb0-2dfee4cbba84,d11168e8-0acb-4143-82e4-419e25634be8,bd350d76-4513-4130-aaf5-a7e235b7bd5c,170000,2026-06-18,484,90+ Days,Customer
18a1bfac-a42f-4fb7-b29f-d62fa661fe74,d11168e8-0acb-4143-82e4-419e25634be8,c6767e76-b99e-4c8a-8e93-c9e37ef93bd4,170000,2026-06-18,525,90+ Days,Customer
593de957-eff6-4c93-9a63-91f4e791213f,9cb686d7-fffa-4aa2-9ab0-de4cbdaf886f,17801b2c-627e-40ec-88a7-6aca87797b79,170000,2026-06-18,440,90+ Days,Customer
cc4f06d7-ce22-424f-b050-418fa7adf68d,f0fcd114-c83c-4557-ab8e-29869eb50b7b,1723c943-3f8b-44ed-9f4a-bf5975ba83f3,170000,2026-06-18,483,90+ Days,Customer
99b5b6af-a2d9-44f3-8007-ab212f762935,5909360e-aa7c-42b0-bede-c944c9edbdb7,3df1daa5-27a4-49e8-81a9-f2c6ec624fab,170000,2026-06-18,769,90+ Days,Customer
c42573ef-faab-4157-a0b5-80acdd80d458,71be3019-2872-4e46-9e8f-941663554ca2,31f17a52-3404-4c81-8467-99df9bb470c9,192050,2026-06-18,592,90+ Days,Customer
9a01287f-aa17-43a0-9352-857ebb791481,71be3019-2872-4e46-9e8f-941663554ca2,05cbc854-5f9b-45f9-91d9-2674d46f5904,174000,2026-06-18,683,90+ Days,Customer
0687b7cc-366c-49e0-a1b9-adbaee36b116,71be3019-2872-4e46-9e8f-941663554ca2,bd5b58c9-9aad-4ec4-99c9-b1024ca25066,190100,2026-06-18,546,90+ Days,Customer
7fd8ae7e-9435-4a49-b4e4-7ed8bec3f17d,71be3019-2872-4e46-9e8f-941663554ca2,2af4f11a-138e-4974-b88d-d720ecbe1c47,189320,2026-06-18,547,90+ Days,Customer
8d86cee6-e553-4b98-91df-e55a1c666395,8da5249a-c2b8-48c3-b61c-12ecf6d898d8,179d9b04-50b7-4d1b-80a0-6068045e9165,188750,2026-06-18,722,90+ Days,Customer
15586dea-1a55-46a9-86e3-a83048cc22f6,acc76122-192c-47ad-adaa-9c9babc33160,183e87cc-8358-43e8-9150-d388b9ea3080,188000,2026-06-18,568,90+ Days,Customer
402e80a0-474e-4812-957f-9511ca490ff0,ff5addb1-a877-4729-b7e0-ae8cd4e6eecc,9f843aa9-2b01-4b8b-a199-2714cf14d65b,187500,2026-06-18,575,90+ Days,Customer
056785f5-3395-40d9-8ca2-dd3d62c38f3b,71be3019-2872-4e46-9e8f-941663554ca2,f3dfa7e8-13ff-4b0b-832d-e2aeb3a48052,187200,2026-06-18,277,90+ Days,Customer
b70d788c-9afd-4ba7-a392-2a4fbe0f4d17,71be3019-2872-4e46-9e8f-941663554ca2,8e334d82-9493-4129-b7df-d12894178aa8,191530,2026-06-18,712,90+ Days,Customer
4fa262a3-3ba8-4141-b8c1-8e3047496819,b68482aa-3798-4bc4-96c2-ae22f9e1f162,7816e5dd-bf39-48d5-8137-cc845972d9e9,185200,2026-06-18,518,90+ Days,Customer
762882c5-433b-4697-a2c5-b14eef5c403c,be6aebf8-8a0f-4527-a9d4-d94f09f3c93a,789ec082-42d1-446e-8582-7b84ffecdeaa,185000,2026-06-18,233,90+ Days,Customer
2d27abfd-1a94-41a5-bf59-ae09e0515faa,7f5f2387-3035-4d88-83ec-1cce15cdf910,b77e1c42-bf3e-4f34-be19-66ea25f0c387,184500,2026-06-18,622,90+ Days,Customer
314bda2e-8612-4ec0-9aa3-692db64ff8d9,c10c3408-1a47-464d-9517-5024fa2d007d,e41bc80c-d540-430a-a890-ee004d4dab50,183850,2026-06-18,472,90+ Days,Customer
0f707e7e-63d3-4b7a-adf7-894bb249caba,71be3019-2872-4e46-9e8f-941663554ca2,af3ff138-f2bd-4fe2-bbaa-5dd5c63d7c71,183000,2026-06-18,317,90+ Days,Customer
d0a7b345-ad61-4e1e-a6c0-cdde684f6199,1a43f43a-c716-459f-80a5-52348231fcd0,8a91b2ec-196f-4d13-aeb0-f8a1096f2c66,182500,2026-06-18,736,90+ Days,Customer
11de4003-e0a0-463f-90e1-56c742a62497,71be3019-2872-4e46-9e8f-941663554ca2,e87b3311-2376-44e4-943b-38282a2d29cd,182000,2026-06-18,543,90+ Days,Customer
053611b6-522b-46df-9049-cbc85610b1ec,71be3019-2872-4e46-9e8f-941663554ca2,d2ad6e5f-529a-4a58-98bf-3189c9aa749b,181250,2026-06-18,449,90+ Days,Customer
4ebc84dd-9168-48cb-ad6d-0879409fa583,ccb49d47-ef18-415e-84ff-5119d836592b,38dc2b0c-839f-4bd0-b924-40a3f69c8391,180100,2026-06-18,666,90+ Days,Customer
59e638e1-b99a-48ce-b843-6561829c691b,6bfd0ec9-30f4-495c-b104-f19a6d20505a,96e692e5-adc7-45a6-9600-36109b6ff0c0,154615,2026-06-18,262,90+ Days,Customer
e2826944-fb43-418f-bfe0-c30158c47b1a,b371d37a-1b3a-4a90-a28a-13c496d68deb,fe5fd427-02a2-4bad-8fc9-ff095e750df6,179000,2026-06-18,149,90+ Days,Customer
83ab8612-22f8-4b14-8230-24b63a13f1eb,aee43e8e-0594-4fa2-9ff9-d472ccf712b6,30769588-a0e7-4aab-a782-a43f1b3e45e8,179000,2026-06-18,150,90+ Days,Customer
c24cdfd7-d06b-4e38-b2cb-cab41c29630d,6ef4fc76-da3f-4422-8a17-41c7ecd6dd4f,dc298fa9-4bc7-4df1-aab7-a4e78face001,179000,2026-06-18,157,90+ Days,Customer
20407496-824e-460e-8b55-6f64812d4000,ec31354d-a2f1-4014-9b0b-848354b1844d,19f24f6a-3d29-4a12-bd51-ba88f1e43018,179000,2026-06-18,182,90+ Days,Customer
7e586fdb-71ed-4779-b854-5df33a844952,71be3019-2872-4e46-9e8f-941663554ca2,798f90a0-90ef-4b34-a7a7-0d8c2aa3f350,179000,2026-06-18,133,90+ Days,Customer
51b52e0e-f868-4929-b37b-d999f13190f0,7dac8ef4-07f2-42a1-b9ff-e4ebf9bd0ce0,43446cc1-33e8-4d07-bfbc-5faa6324bc8b,179000,2026-06-18,238,90+ Days,Customer
f82928ff-7a0d-4b82-899a-322e51e03ea9,71be3019-2872-4e46-9e8f-941663554ca2,1622f7cf-e22a-4c21-b291-0a04d881e196,178750,2026-06-18,613,90+ Days,Customer
609bbd54-f272-4ed8-ad62-f5c4dacfa18a,2df9cb4d-3931-42d6-b71e-03529a9850cb,f5ec7262-129a-4b1d-98ab-29a8f05e0271,178200,2026-06-18,489,90+ Days,Customer
22ea1588-bfb3-4e56-85b2-70a233788ac2,8da5249a-c2b8-48c3-b61c-12ecf6d898d8,0a5b934f-43b6-4d28-9b87-1acde5979622,177100,2026-06-18,773,90+ Days,Customer
b4636e10-77f6-4070-8d20-53048a29ab18,71be3019-2872-4e46-9e8f-941663554ca2,a9f00c5c-b065-4e25-882f-16e584c74742,178000,2026-06-18,207,90+ Days,Customer
1b71a482-86c9-4780-b8ed-9124ece088b4,71be3019-2872-4e46-9e8f-941663554ca2,7ba2d9a5-5bba-456c-adae-6d9d7915139f,176250,2026-06-18,564,90+ Days,Customer
ab01148b-26e2-4a8c-86a2-186ed83e783a,c622c3d7-9289-41b3-ab8e-2c29215faa4c,c70d92f3-bbf8-4eab-b610-db89de494f5e,176000,2026-06-18,592,90+ Days,Customer
64e5f927-63da-47d0-9f5b-fcb17e883e83,d11168e8-0acb-4143-82e4-419e25634be8,7d9659f9-9237-44ab-935e-cb9090ebb8c3,175000,2026-06-18,457,90+ Days,Customer
06547ec7-5ae2-4acf-b54a-8438181974ec,934f196f-8320-4e39-9758-edd48c1257b3,1bfa8e1e-1f11-46ca-b92a-07f7002d8fe5,174500,2026-06-18,585,90+ Days,Customer
d89e5f8a-d159-4467-b634-d494961a71b5,271cdaa5-4d7d-46cd-9a43-7e3bb4bb922a,278a5090-d68b-47dc-8ca8-c4b21dfacb85,174000,2026-06-18,345,90+ Days,Customer
4d2960ae-46bf-4170-bec2-9c52960bbdd4,ebd4b889-4b94-4c8e-acde-8b3b5f560d31,7f16d0fa-a94d-42e9-be0d-62e4fc562f91,173000,2026-06-18,231,90+ Days,Customer
4f5e4d9c-2df3-48a5-af74-171d6b5f3cc0,6e6eb1a9-aa09-459a-873e-997c0fdf4e80,b43f7a8c-3aa7-4227-b35e-8bba36f8599c,173000,2026-06-18,447,90+ Days,Customer
53727617-1d73-402a-b827-4455816b33b8,6e6eb1a9-aa09-459a-873e-997c0fdf4e80,b1b95458-968e-422b-9d89-0b0cacd41b01,173000,2026-06-18,484,90+ Days,Customer
805f7e7c-39ef-41a8-b199-8182ef73eed0,e8713488-b03f-4909-8b9d-63fc25a8d5b1,a2c98ed2-cf91-4f5d-b0a9-2100691dc460,172600,2026-06-18,741,90+ Days,Customer
510856c3-f508-4da9-b515-548394106b30,c10c3408-1a47-464d-9517-5024fa2d007d,2689aa05-6964-4768-9112-5e18e6899bdb,172400,2026-06-18,435,90+ Days,Customer
6763f6c7-ae5c-497f-9d6c-6701a9e1c4d8,2bc5bcfb-185f-4a64-95b6-32efd7cfec25,a9620b0b-027d-4e34-9811-4685d4e79f56,171270,2026-06-18,454,90+ Days,Customer
54f87bde-f782-4074-9288-176b4986bc6f,cfd6ccb7-f394-460e-ba59-b25dbbaeaa99,42b7c0a5-835a-4d0b-aba5-62c3a7d9deb7,170000,2026-06-18,471,90+ Days,Customer
5196ff25-0fae-4bc9-938d-7efc47a0e47b,d11168e8-0acb-4143-82e4-419e25634be8,02c658eb-c5cf-4cbf-84b6-5766dec3251c,170000,2026-06-18,532,90+ Days,Customer
e10e65d8-c996-430d-9a15-f4bc4ca33ae5,71be3019-2872-4e46-9e8f-941663554ca2,641eb47f-9f50-4f9c-ae2f-f33d9e9ca4a4,170000,2026-06-18,569,90+ Days,Customer
b5d3b914-af7f-41a2-b4d5-6fd4aa187d2c,9210470f-bbf0-4c64-9538-eafcd517a6c9,8bbf5956-3015-4aad-b329-c91bd6f0aa5c,170000,2026-06-18,566,90+ Days,Customer
ef7d56cc-2fef-4aaf-992d-12370dd41a79,c622c3d7-9289-41b3-ab8e-2c29215faa4c,86e50e60-04dd-4ecb-b240-f4edc2b4e806,169500,2026-06-18,676,90+ Days,Customer
00dd264f-a221-4d2d-813d-067691f41d3e,d78da672-2264-4485-aa03-b559e81130e6,ebd368e0-c63f-4e2e-8bdc-9fecc7f915e9,169000,2026-06-18,566,90+ Days,Customer
b6ab9c6d-4f07-4cbd-a60d-e5194abf1a27,4b258052-1399-4244-a36b-e087424e0980,5e461731-5d8e-4d85-a691-889bfffccf40,192500,2026-06-18,553,90+ Days,Customer
83e926e9-4e1f-43a9-98fc-1a7fcf10f74b,0a08be05-99f5-46e7-918c-1a12487083e1,d26ee578-cd94-4e0f-be7b-e226edc34176,192000,2026-06-18,310,90+ Days,Customer
4a7576b3-0632-4a8d-8cf3-3fca040792f0,95c5d920-3701-494c-b8ec-568a66ffc4ad,14295cf5-d75c-45eb-a57d-9ac66375680f,191250,2026-06-18,564,90+ Days,Customer
5745942c-87b1-4139-9153-0762e462bd8b,c81204ce-d171-4f1e-a34b-eb7b553ddaeb,f0ccd2d3-3cd0-45c5-8fcb-18da0d6b8da0,190000,2026-06-18,624,90+ Days,Customer
ba273240-7d23-4bb3-b1dd-2d22ef413c06,14dcdb3f-2a26-40ba-b6ed-cab221a00dca,29e8f8bd-04c2-4feb-b749-09407790fbf4,189500,2026-06-18,514,90+ Days,Customer
80ac0758-c9e9-4ab5-8e0a-b5f0766610a7,2941bd55-d0d4-4e91-b8ac-781bc32cf76e,373feada-63d0-4fe1-858e-7fb78542f900,182100,2026-06-18,550,90+ Days,Customer
4d36f728-0154-4acc-bd7a-a44026730ada,71be3019-2872-4e46-9e8f-941663554ca2,0d8386e4-29a1-4c63-a405-0edafa4f9977,188000,2026-06-18,330,90+ Days,Customer
e47e0607-cc72-4103-af93-15a687237014,ff5addb1-a877-4729-b7e0-ae8cd4e6eecc,0165e6c8-edd1-4d31-a8eb-6eebd6811564,187500,2026-06-18,575,90+ Days,Customer
c04c66bc-fc81-424e-bb61-0c5f6334babc,71be3019-2872-4e46-9e8f-941663554ca2,96bbc049-e14b-4d0e-af2d-094be998b34e,187200,2026-06-18,203,90+ Days,Customer
a463b387-efbc-442a-9944-7af6142ac933,9c8577e0-bac5-40ed-ab97-d69d5aadb619,20a773e5-43c8-49ee-9f25-ee991c1c1ff6,186250,2026-06-18,367,90+ Days,Customer
8a37af49-68e4-48bf-8adf-c5a6518df8d4,271cdaa5-4d7d-46cd-9a43-7e3bb4bb922a,74f24b51-eda6-406f-b0e3-889d2fa1d298,185500,2026-06-18,319,90+ Days,Customer
32501b2c-6ef2-43f7-84a0-e9ee47a38aca,be6aebf8-8a0f-4527-a9d4-d94f09f3c93a,bbb67eca-f405-4643-b50c-8884a5954b0a,185000,2026-06-18,212,90+ Days,Customer
6a37db66-c829-42c2-a8f9-18f743f72028,46259c13-632d-449f-a96f-f1deab0e0046,e0186143-4824-4ab0-b694-656753b2929e,184700,2026-06-18,115,90+ Days,Customer
586a5a79-6ffc-43c1-af1d-1567d557a80e,242b18b0-2b6e-4ef6-b311-fa29444b997b,10214dd1-e499-4f93-81cf-5fe4dd070969,184000,2026-06-18,226,90+ Days,Customer
8017acbe-3c6a-4363-aa47-57f741ee5ec3,88930eae-d9ac-4994-a9db-253ed1bfcecb,123cbcfc-fb7b-4d81-9c46-56ae43448e26,183100,2026-06-18,736,90+ Days,Customer
49b1d434-63d3-4040-a4cf-f1189f67a4f0,0e59f9b8-792d-43cb-a7e3-39a3cbf25ae7,6177a929-f7b6-4b03-a183-e4dc54c5c4cc,182500,2026-06-18,476,90+ Days,Customer
e937a6bf-6c01-438d-9a5e-35e0aa80940d,71be3019-2872-4e46-9e8f-941663554ca2,e0642d39-11fe-4ee3-959a-efec92d3595e,181400,2026-06-18,566,90+ Days,Customer
cfa715cb-6d79-4bd1-9764-2b37bf9ab33d,f0d5b006-a306-4779-837b-1a3c581d7119,75ca14d0-2982-4323-b4a2-f3d2915491e4,180500,2026-06-18,498,90+ Days,Customer
4a9f1624-3107-4ce5-863f-17d4950df94c,e0140edd-1909-49ae-9bdf-d36e683f578d,c2cfd40c-f885-4286-a10d-d4d2ce123191,179500,2026-06-18,576,90+ Days,Customer
81bd54fa-d42f-4e92-9dc2-b664fa7bb69c,979665cd-4976-4bf0-87cf-b926c5ce93c7,68b91d4b-8a65-4d29-bc4e-45dfbd14b563,178000,2026-06-18,273,90+ Days,Customer
ced24e7a-6811-4ae3-8d10-7f6e4d9957da,8da5249a-c2b8-48c3-b61c-12ecf6d898d8,0c3ad6d7-0ba7-4cd2-b02f-be445ec88d16,176000,2026-06-18,767,90+ Days,Customer
6208b967-67db-4109-b3de-95f372c45fd4,6ef4fc76-da3f-4422-8a17-41c7ecd6dd4f,89558535-c970-4dc8-a704-2c9a25fa4582,179000,2026-06-18,128,90+ Days,Customer
c6d6cce6-a6b2-499e-961a-8843b2b90667,8f06ff88-5db5-47ec-b27f-af2ef21de406,841013bb-c708-4a7e-84a3-2bac5775f72c,179000,2026-06-18,141,90+ Days,Customer
d1ba3f9a-30f1-4b17-b5fe-75a84359cc32,95c5d920-3701-494c-b8ec-568a66ffc4ad,5e363de7-4cd8-47bb-8e0b-3f095d07f0b9,170000,2026-06-18,576,90+ Days,Customer
e293c3e6-92d6-4dae-8328-71fc3a4e13eb,e5c192f1-d5d3-4c38-a1ee-af400fe878fb,9d4fc421-3716-4ee6-8c8a-b548acf3ae53,178742,2026-06-18,244,90+ Days,Customer
5371e471-6d58-41ae-b528-29c5be225030,96b16a85-109f-4221-acc1-70fa87bccddc,cd4e1adf-f26f-48f2-86b2-03c3cfd6a83f,178000,2026-06-18,213,90+ Days,Customer
b2cab980-9453-444e-93bc-4b96cf62838f,34fda2a8-c86c-4abc-ba47-e3a71458c7d4,da007794-d75c-4be1-9675-034b012fa455,178000,2026-06-18,277,90+ Days,Customer
2affca91-acb3-48bb-a33d-0c1363881005,71be3019-2872-4e46-9e8f-941663554ca2,5cf9cad3-34b0-4fa1-83a9-318c2b5a2677,178000,2026-06-18,217,90+ Days,Customer
84a9a7e7-dca6-4e66-abed-6a1c61605ca5,16551b80-b0c1-46d5-8940-71260022fd1c,82e14aab-c872-4264-838c-020d1938df61,177000,2026-06-18,420,90+ Days,Customer
74be8b30-c6b9-4634-80dd-1a71ac07064d,c622c3d7-9289-41b3-ab8e-2c29215faa4c,1e2b6c3c-ebc8-456c-ba3a-91196e4eebe8,176000,2026-06-18,612,90+ Days,Customer
b2a01c32-0c4a-47c1-989c-729b99f5e396,d11168e8-0acb-4143-82e4-419e25634be8,c97e43ac-7f97-40d5-aed6-bd843aab0b90,175000,2026-06-18,463,90+ Days,Customer
dd83c43e-104d-4685-902b-15c2ca04cde5,71be3019-2872-4e46-9e8f-941663554ca2,30d8c385-e229-4f2f-bd98-16ddc5a4d357,173500,2026-06-18,522,90+ Days,Customer
193f87b4-38ae-47a8-9455-3bbdb1153677,1a42863c-c5fb-4bad-bd55-5ec8b0d96206,dcd3337f-df74-4650-afc9-dadd0d5cd1c5,173000,2026-06-18,519,90+ Days,Customer
8cc7b4b5-6bde-4afd-b7dd-95160f3539fc,6e6eb1a9-aa09-459a-873e-997c0fdf4e80,00c11b57-8f56-44d1-ab08-bfb75cf27f65,173000,2026-06-18,452,90+ Days,Customer
73e57883-75b1-42f4-8e87-07ded073ffb8,6e6eb1a9-aa09-459a-873e-997c0fdf4e80,039f2de7-a6c5-452e-bad1-51410168506f,173000,2026-06-18,489,90+ Days,Customer
c0f03607-c3d0-473f-8d91-7bd2a7d26165,271cdaa5-4d7d-46cd-9a43-7e3bb4bb922a,16de0aaa-b9e5-44ed-b98e-e2824821980e,173000,2026-06-18,678,90+ Days,Customer
2dcd1d41-d00a-4144-8fed-8196da986c5f,2941bd55-d0d4-4e91-b8ac-781bc32cf76e,f0535199-6c7e-4fd9-98cf-3d0819611c6d,172200,2026-06-18,458,90+ Days,Customer
3d8478f0-4f8a-46e8-a580-266004fdf0a1,71be3019-2872-4e46-9e8f-941663554ca2,c4ba64c6-46a1-45c0-b2d5-b5074ecdc3f1,171000,2026-06-18,351,90+ Days,Customer
7e1871c7-3d0f-4aab-9e9f-e7bd0a33473d,d11168e8-0acb-4143-82e4-419e25634be8,cc183f9f-2a76-449f-99f9-0fdc5cd6a6c7,170000,2026-06-18,442,90+ Days,Customer
18442234-f891-4e81-a76a-2b2db2bd5330,d11168e8-0acb-4143-82e4-419e25634be8,fa243627-0295-408a-a4e7-536d07aaf71d,170000,2026-06-18,550,90+ Days,Customer
69997247-ed92-4996-ac90-4414256a2e48,71be3019-2872-4e46-9e8f-941663554ca2,83011982-fbdc-46a5-973e-1039c0b8a049,170000,2026-06-18,620,90+ Days,Customer
6431a46d-bb32-431d-8e08-35a30f456f98,f0fcd114-c83c-4557-ab8e-29869eb50b7b,297b4832-6a4e-4e5a-b876-cdc972f4ca18,170000,2026-06-18,470,90+ Days,Customer
4c29d2ef-573e-494c-bd64-de63c468f4c1,6a33d931-d891-40fc-9fe2-23cd9d50098c,b7b7fde0-470f-4918-95fe-889c5007600e,169893,2026-06-18,585,90+ Days,Customer
468d83ce-0a54-436f-a169-5f18173dc832,271cdaa5-4d7d-46cd-9a43-7e3bb4bb922a,d061b0a2-71b3-4775-8ed3-e621899d22af,169375,2026-06-18,590,90+ Days,Customer
e855c8d7-1829-4529-a00f-ec9ab58d76a8,27a12971-33b5-4ba0-970e-6c1a7218f5f4,cc7ef58d-ea06-43ce-a249-ac64c3ad88a5,192400,2026-06-18,568,90+ Days,Customer
1902daad-7e13-46ea-9727-71641d10345b,71be3019-2872-4e46-9e8f-941663554ca2,93c47063-177e-42c1-b5a6-76a36cf01e89,190000,2026-06-18,524,90+ Days,Customer
90c89dec-b076-4758-8192-e114d2e97520,71be3019-2872-4e46-9e8f-941663554ca2,bbe62dea-0307-4fe6-bc10-3d9b0305f2df,188000,2026-06-18,220,90+ Days,Customer
6496af48-9eed-4a21-a9e8-b0ced7a5ae86,71be3019-2872-4e46-9e8f-941663554ca2,4da80dd6-d4a2-4c99-ae14-9b3608ef2374,188000,2026-06-18,231,90+ Days,Customer
253016cc-b314-456f-9321-8cb30b9ab0a0,f0c11e44-1236-4c2e-8285-613ab5dec4ba,834132be-bc20-47cf-a5dc-b233f0269352,188000,2026-06-18,534,90+ Days,Customer
a64f2bf4-d1cd-46cb-9b49-4d6b7d9735d7,f339fea8-85c3-46ca-9d61-5a3dcbbb1b85,3c034246-9d02-42c6-8ebf-108226e0ed84,187000,2026-06-18,191,90+ Days,Customer
1e4dce06-b15b-4f3e-bf92-d997acbd48da,71be3019-2872-4e46-9e8f-941663554ca2,d353c116-0496-427e-9fee-b915da63bfe2,186000,2026-06-18,200,90+ Days,Customer
c4835726-888e-4daf-842b-f49e336b34c0,71be3019-2872-4e46-9e8f-941663554ca2,eb14696d-531a-44f5-a0d5-d5b06214a330,185100,2026-06-18,566,90+ Days,Customer
a3ba40d5-6956-4d83-b353-74fc185a60f4,be6aebf8-8a0f-4527-a9d4-d94f09f3c93a,84d68685-244a-4114-839d-31334da8bd89,185000,2026-06-18,231,90+ Days,Customer
34f1854b-4bdc-4728-b003-744efcb78180,f0fcd114-c83c-4557-ab8e-29869eb50b7b,3e5cde12-81ce-4122-8d73-dffd34866f4e,184250,2026-06-18,521,90+ Days,Customer
62fe2146-fb88-4ad5-b238-98ab5208f32d,c6e017b2-c27d-4969-95de-8284a705a232,df69702b-8638-465a-a7b9-854dcf7f00fd,184000,2026-06-18,241,90+ Days,Customer
e9811fd7-e4bd-4cda-8a66-da9d340b890a,dd8cb13e-af3e-4023-99a5-c9c9d747209f,9504a7e4-b54c-456f-8223-5aae24357692,183500,2026-06-18,735,90+ Days,Customer
d08eba9b-7e6f-4078-9cd3-5c44166d18d1,71be3019-2872-4e46-9e8f-941663554ca2,12ab2538-5c16-430f-9009-55938d4683a1,182600,2026-06-18,531,90+ Days,Customer
db7f1644-561b-40e2-9c7d-e2e687f4ea75,271cdaa5-4d7d-46cd-9a43-7e3bb4bb922a,17b33520-788b-4150-ad29-c3197d3405b2,181700,2026-06-18,673,90+ Days,Customer
c93cabc6-7030-4286-8842-e2919db16eb7,71be3019-2872-4e46-9e8f-941663554ca2,63adbe60-c7a4-4aa0-9c5a-9f734b47a140,180875,2026-06-18,590,90+ Days,Customer
0024834b-faa1-429d-97ec-64966140d481,71be3019-2872-4e46-9e8f-941663554ca2,fec1e0c4-51d4-4216-aaec-85bd4e1925fe,180650,2026-06-18,311,90+ Days,Customer
32796295-0c37-4b36-8014-8e0e6e5133a1,85b8ac40-a74c-4da7-a527-f0123486b975,c1c918ec-868c-40db-b157-e3d046f23c41,179000,2026-06-18,133,90+ Days,Customer
65c1ffcc-bf08-4b39-9195-16c61cff104e,95c5d920-3701-494c-b8ec-568a66ffc4ad,1cf79e85-f950-4da8-8aea-8d444e1f6e0b,179000,2026-06-18,137,90+ Days,Customer
f832f6e6-33d6-4f3d-b652-5b1e93ddb9a2,81ac38e2-4f65-4e63-9f47-e21d96b7a523,1fb6d35c-a4ff-4177-adf7-f390d8b6d8c4,125300,2026-06-18,119,90+ Days,Customer
503e17fc-7577-4e6c-a407-7ab2a23e38ff,96b16a85-109f-4221-acc1-70fa87bccddc,88bed083-65c6-4f9e-abea-a9d7c4cc9f2a,179000,2026-06-18,150,90+ Days,Customer
ba0dea00-ab54-438c-8d44-b29f2f2cc518,b14cb575-3c9c-4e97-b7b2-fbb7e9c8cc03,ff15d258-7399-48dd-a236-5fe9ab97a473,179000,2026-06-18,150,90+ Days,Customer
e14beccd-6f41-4913-9a15-2b4a1e60d6a7,c622c3d7-9289-41b3-ab8e-2c29215faa4c,3c6af184-4a8f-4472-b903-9dbd51dbfabf,179000,2026-06-18,576,90+ Days,Customer
eaf271d7-649e-469c-9b03-b915a0e395dd,71be3019-2872-4e46-9e8f-941663554ca2,4e3cbc19-d943-4e9a-b3ba-d25d482877bc,178800,2026-06-18,449,90+ Days,Customer
8ff07425-fb8b-4993-9c54-60815012c7a9,077d9584-8f05-42cb-90f1-1e17bab1db5e,ed7c3fa6-b354-4d18-8a35-7f8415a80b08,178000,2026-06-18,263,90+ Days,Customer
086486be-6ec0-4f82-a5fa-ce938e7ca202,bfcb2ad5-5068-47f5-a7cc-b23afd7270fc,e34b2259-6b98-4558-969f-135821318e60,179000,2026-06-18,135,90+ Days,Customer
a76f7a51-041b-4f8d-91fb-6fa430f46aab,544b625f-ef7d-4644-83c2-95bbc0c417fa,bc96ea83-7522-4192-885b-746575f0196f,177600,2026-06-18,514,90+ Days,Customer
2c9603c7-c15a-487f-ab7b-504c4e72db07,ccb49d47-ef18-415e-84ff-5119d836592b,fae4fa86-0c3a-4586-9b0b-8c6129fdf85e,176492,2026-06-18,745,90+ Days,Customer
48ff2d1d-9148-4a91-8c06-fb489623029f,71be3019-2872-4e46-9e8f-941663554ca2,d0b1600b-533b-4608-870e-b40918a1d0f9,176250,2026-06-18,436,90+ Days,Customer
7b329e83-0d68-4c3c-b940-cdaca1ec0ad7,68cc1905-5179-4234-8c85-ffc6f7f1c4b5,bfe300c7-d789-4615-902e-8b3586386dcf,175800,2026-06-18,256,90+ Days,Customer
e00e1fa2-595e-449c-bf5f-e5918ca74bdc,51bf73f4-c8da-4e75-b5c1-72b2dc1014a0,c222a172-4e45-46d2-93ab-85604bc81390,174875,2026-06-18,186,90+ Days,Customer
bad38cbb-7b8a-419c-a50f-3e098aa31ae4,71be3019-2872-4e46-9e8f-941663554ca2,63749474-7d64-4986-a946-af8bb4216466,174150,2026-06-18,189,90+ Days,Customer
78c37624-e772-4b9a-8f5b-7e4e07f2d7ed,94840a95-c5bb-495e-a6b6-b69f8754b8b8,43a556ff-04f6-404e-903a-b0f2ff8bfdf9,173000,2026-06-18,473,90+ Days,Customer
5bdba2f4-9189-4a3c-b18e-b196e32ab413,2bc5bcfb-185f-4a64-95b6-32efd7cfec25,1f4ca06c-4fbe-495e-822f-8333dc0d632e,173000,2026-06-18,473,90+ Days,Customer
584aaa7d-ecc1-4c6e-ac79-ae62b9f86179,6e6eb1a9-aa09-459a-873e-997c0fdf4e80,3423ffa2-f377-47ae-aae1-d284c20969ba,173000,2026-06-18,449,90+ Days,Customer
f6321c0e-b682-4b48-a12f-cab62955c053,6e6eb1a9-aa09-459a-873e-997c0fdf4e80,8f931157-1307-447a-b469-a8f341334a19,173000,2026-06-18,505,90+ Days,Customer
36e39db4-7ef3-4682-8748-ada7f14049b9,ebd4b889-4b94-4c8e-acde-8b3b5f560d31,867cc255-91c4-4cf9-9f65-83a054a09db3,172500,2026-06-18,225,90+ Days,Customer
5b02189b-37dd-453d-b970-ab466ffa3740,831be7e0-3cb9-492d-9bc6-2df6548e5db2,53613d46-bd74-4e1a-8215-e24bdd57d6f9,171999,2026-06-18,394,90+ Days,Customer
38955713-010a-467d-a9de-afbe57e5c09b,1f1746d2-52c5-4dc5-aadf-ea179bd755e0,2516e7d1-56fb-4e5d-a93a-d31195e600af,170000,2026-06-18,484,90+ Days,Customer
455233d8-66f9-4783-b8e8-92c6e4dfde92,d11168e8-0acb-4143-82e4-419e25634be8,dec4cd3f-cc9b-4310-ab67-8316cbe6a6d2,170000,2026-06-18,578,90+ Days,Customer
384b8b89-057e-4810-874e-cbdbf6ee750c,a8968394-2e9e-49c7-b0cc-e59f81e73825,e8b158ab-57aa-407c-b9bb-dd61459454dd,171800,2026-06-18,751,90+ Days,Customer
8d55dc1b-02fe-45b1-a5f8-d12ce1e44b95,271cdaa5-4d7d-46cd-9a43-7e3bb4bb922a,e30cdc14-66a6-4dd7-831f-e4b389147afc,169500,2026-06-18,345,90+ Days,Customer
790c299b-3050-4c4f-8d6b-9dfc9c07eb5c,71be3019-2872-4e46-9e8f-941663554ca2,74f16f54-f22e-4f7d-a9e1-3044d42902a1,169000,2026-06-18,448,90+ Days,Customer
b436f7b0-486c-4272-b01a-40d6c59bb9e2,5a6fe33a-a836-4dee-9a50-9d39aea8888a,ea08ae20-47ff-477b-a8ba-4e5c2480c138,192970,2026-06-18,685,90+ Days,Customer
fff34f92-0924-4d6c-8f3a-c72dc6b6be23,7278af2d-7018-4d13-bb4d-1b35f4307714,cf4f445d-236f-4593-b8b1-1fe80af1f066,192000,2026-06-18,160,90+ Days,Customer
61309b4a-790f-4905-b7ab-bea28af46e60,557c5d1d-c40c-417e-9c77-65a613c4eddd,ef55333b-3d9e-417c-9ad6-125d6977fc41,170000,2026-06-18,685,90+ Days,Customer
7b6d5c2f-2e49-4d20-b8ab-7cc2e916c8d6,979665cd-4976-4bf0-87cf-b926c5ce93c7,8a611cfb-36e9-4b8a-be81-2fc3f01b12d5,169240,2026-06-18,247,90+ Days,Customer
da91f62c-dba7-4430-8199-f84cd20e4ec8,cc1c75ac-51c8-428e-9f70-77c001aad47c,c251cdbd-5a2f-438b-be03-778e08eccb09,166550,2026-06-18,336,90+ Days,Customer
24ea4a06-da2b-4700-9e72-ef920b9484f3,f474b113-2188-4a08-8d71-3410c062da09,f893961a-65d8-4a67-9f57-4f5195234152,188125,2026-06-18,487,90+ Days,Customer
cae4e8f4-c949-461c-9256-5b66e9445969,f0c11e44-1236-4c2e-8285-613ab5dec4ba,6356aaf1-ec90-4813-8a73-043726c9d174,188000,2026-06-18,507,90+ Days,Customer
96a7afb4-8f5a-429e-9633-c79e8a15c65a,71be3019-2872-4e46-9e8f-941663554ca2,bf5cc3e8-ea9f-4edf-8d58-3b2d9caaa1b2,187500,2026-06-18,483,90+ Days,Customer
f3ee310c-1196-47ea-85eb-0e3d861bb707,71be3019-2872-4e46-9e8f-941663554ca2,825e0fc1-4e9c-45d6-8268-fdbf06132f49,187500,2026-06-18,591,90+ Days,Customer
341a9243-2f34-41bf-b1ce-d29dffb69b29,71be3019-2872-4e46-9e8f-941663554ca2,e1ed317a-24d6-4c52-b210-0759f57b2f74,186550,2026-06-18,195,90+ Days,Customer
e3b24ef7-2b9c-459c-81fc-645d8d73aa25,71be3019-2872-4e46-9e8f-941663554ca2,a87cf6a4-0f6a-4d23-b3b1-a87358696d03,185000,2026-06-18,239,90+ Days,Customer
875f3599-6f1c-4907-8cf1-b6982e2900c5,ebd4b889-4b94-4c8e-acde-8b3b5f560d31,77bd491d-d820-4281-a67e-ee6e7345261b,184500,2026-06-18,198,90+ Days,Customer
03f825f6-ce2b-4bfd-8fe0-147778107d84,71be3019-2872-4e46-9e8f-941663554ca2,6a46c8b9-0d5c-4d96-a617-56f8dd376d47,184000,2026-06-18,210,90+ Days,Customer
a3a295ad-8bb3-468b-b72d-598f690773af,b68482aa-3798-4bc4-96c2-ae22f9e1f162,de41a916-5c31-41c4-87dd-925bafdce0b8,182720,2026-06-18,314,90+ Days,Customer
c18c2fa6-c43f-4e23-8a30-6e0f1dafe767,f0d5b006-a306-4779-837b-1a3c581d7119,dfc04aa7-9f7e-4154-a618-d1ffbd78bed4,182400,2026-06-18,511,90+ Days,Customer
1b300dc2-a4a9-4aa9-9d71-65491b1d0723,c622c3d7-9289-41b3-ab8e-2c29215faa4c,935492a9-be51-4d99-8801-255d5f4aeffc,181950,2026-06-18,566,90+ Days,Customer
fd8c7814-4501-4082-898c-b0c5c4e9f01e,71be3019-2872-4e46-9e8f-941663554ca2,f1e141b6-aa7d-4fed-a481-0d82e5857cdd,181400,2026-06-18,559,90+ Days,Customer
da4a2a51-89aa-40d9-9920-45bfeacee98c,71be3019-2872-4e46-9e8f-941663554ca2,957b1dc9-373b-4684-84dc-25e2eea53ebb,180500,2026-06-18,563,90+ Days,Customer
4f592344-c51f-4835-b2ee-a7826522f019,85b8ac40-a74c-4da7-a527-f0123486b975,3b77d5c7-6517-4f49-9fd1-343a4df4a66f,179000,2026-06-18,128,90+ Days,Customer
62aa0457-d5ca-4465-a042-d5deeae4b2f6,2df9cb4d-3931-42d6-b71e-03529a9850cb,0dde778e-a3cc-4734-ae93-2038f508ffb1,179000,2026-06-18,125,90+ Days,Customer
79c861f0-6a3e-4acd-8765-c0b781b78b7a,6ef4fc76-da3f-4422-8a17-41c7ecd6dd4f,19d4a1f4-57c0-4ce8-aa8d-8834d8530db9,179000,2026-06-18,133,90+ Days,Customer
4fd0b354-12eb-412f-9cb6-a988b754dfc5,8f06ff88-5db5-47ec-b27f-af2ef21de406,58c30171-5e48-4bb4-b68c-11a06454de64,183700,2026-06-18,310,90+ Days,Customer
221fed06-b5a9-4b36-8377-6e8170b9cea8,c622c3d7-9289-41b3-ab8e-2c29215faa4c,edde2c49-4c44-47ff-8e49-f532edc2588d,120000,2026-06-18,764,90+ Days,Customer
16b12a0e-31bb-401a-8e46-51f9e58b9eeb,5a6fe33a-a836-4dee-9a50-9d39aea8888a,aa61d1d6-770b-45e3-a86f-393a828dc3bc,179000,2026-06-18,712,90+ Days,Customer
d37f4c9d-aeca-416f-9cf5-993fab96e48a,bfcb2ad5-5068-47f5-a7cc-b23afd7270fc,49f351ec-1139-4b60-8a33-f7a4e3e86ee7,179000,2026-06-18,135,90+ Days,Customer
10f3e9c8-cded-45cc-8378-fc6bf1985cdf,f1e51592-40e6-4c0e-ba12-f1e4bfda0f43,08a3d80a-f7f3-4a9a-895b-6299ca785531,179000,2026-06-18,130,90+ Days,Customer
0b4ddd46-1312-4b79-bd2b-7f2d2aabfeb7,f0d5b006-a306-4779-837b-1a3c581d7119,348a3970-f4cc-4222-ae6e-08c02fbb80a0,178750,2026-06-18,483,90+ Days,Customer
236dd516-85d9-45b9-b4d4-c1d06043216f,40460eb3-11c4-454e-b924-f4d5c4350b23,74ca38ae-ad82-41f6-938f-cee9f1a72907,178000,2026-06-18,275,90+ Days,Customer
5ad93967-9ee5-4df3-85af-611bc74c0f1d,5d343860-55e6-4607-a4c7-2b9c642122b9,62ca5507-a505-4cfc-a049-84b281da9108,178000,2026-06-18,280,90+ Days,Customer
2d4abdfb-4513-4235-a289-2c4f4b1ff10d,71be3019-2872-4e46-9e8f-941663554ca2,34bfeb03-4929-4418-9931-c87f6fc44df7,178000,2026-06-18,230,90+ Days,Customer
0c7bad37-75e0-4b9d-b8e4-3ef72a8a0e6a,71be3019-2872-4e46-9e8f-941663554ca2,75925ddd-3f26-4805-9996-474801a7077c,177000,2026-06-18,563,90+ Days,Customer
68c2fa3a-2c95-40de-bf49-ebf2d1c31743,71be3019-2872-4e46-9e8f-941663554ca2,62c2bab9-bdf3-437c-a243-abbe76c8458a,170400,2026-06-18,681,90+ Days,Customer
7ef7f4a9-e3c1-4b41-82e2-d4986c528d8a,9210470f-bbf0-4c64-9538-eafcd517a6c9,ceba7b10-f1aa-4500-91dd-ebcc236fd4cd,175000,2026-06-18,437,90+ Days,Customer
d43a26d1-191c-4615-bbad-7e9ed96e8a30,fe06ea1f-0638-4bb2-bc55-e4df89cb0c56,5332352e-6d44-42ee-8d29-6a475c57215a,174250,2026-06-18,591,90+ Days,Customer
028bdd50-38a0-4e23-b422-053b90123bab,94840a95-c5bb-495e-a6b6-b69f8754b8b8,7bb96c3d-5256-4a04-8b3d-55ed7722e3f4,173000,2026-06-18,447,90+ Days,Customer
eebc7b76-804e-4205-8ae6-e7d5e7d3556c,61512ab1-0ef3-4a1e-87f7-c1818d094209,373ef953-b371-4d61-b252-974c23067a6a,173000,2026-06-18,518,90+ Days,Customer
1aad7ddf-ba41-4f7f-a1ba-771174e856dd,6e6eb1a9-aa09-459a-873e-997c0fdf4e80,bda79e7d-8085-4db9-8da8-7a8db6d1efea,173000,2026-06-18,473,90+ Days,Customer
5910c395-36a5-414a-9e59-86b0c359cebe,6e6eb1a9-aa09-459a-873e-997c0fdf4e80,908d466a-2e73-411d-a441-bba89051e796,173000,2026-06-18,491,90+ Days,Customer
196c956d-5c02-4fd2-a325-7f117b64b805,6e6eb1a9-aa09-459a-873e-997c0fdf4e80,15409e52-9dd3-4ef7-93ee-736008b086a1,173000,2026-06-18,505,90+ Days,Customer
f9bc881a-8bb4-46b0-992a-1a47b99383bc,7f367ba9-b9e1-4d7a-a895-564eedaeb810,76a96440-6923-4f3c-b817-d126d0742464,172500,2026-06-18,137,90+ Days,Customer
4c8b3077-dfeb-4ee0-a790-29eacfcbb93e,6bc20676-6cd9-4bd5-b300-2a44c353db98,ac3d9e4e-4ff7-4db0-b09b-a83e61f84fc9,170000,2026-06-18,447,90+ Days,Customer
e06f7c4a-a3b0-4478-beca-35b04daa93c8,d11168e8-0acb-4143-82e4-419e25634be8,24319ac5-2402-41b6-bb8f-263710285f10,170000,2026-06-18,503,90+ Days,Customer
fd9b5a53-73d9-40bf-a55c-3f1c01f294bf,d11168e8-0acb-4143-82e4-419e25634be8,77555509-a170-4a88-8046-579b654cb489,170000,2026-06-18,566,90+ Days,Customer
65241ba6-e9c8-45b4-8eb3-2dae980c358b,71be3019-2872-4e46-9e8f-941663554ca2,eb479553-89c7-4ce7-bd66-7ea8e5103c63,170000,2026-06-18,574,90+ Days,Customer
7c2a8d00-736e-4dfa-a7a2-e991bd6e2471,f0fcd114-c83c-4557-ab8e-29869eb50b7b,2bd32583-e954-47e3-bf50-94904c7ef8da,170000,2026-06-18,473,90+ Days,Customer
a8e378ac-5c37-4e93-a881-45f6bd4d85ca,2bc5bcfb-185f-4a64-95b6-32efd7cfec25,a826630e-240e-4894-be13-2686ef1fc678,169500,2026-06-18,594,90+ Days,Customer
70051585-3e04-4b2f-9ed9-51a25e2e8d60,71be3019-2872-4e46-9e8f-941663554ca2,bec2ab10-1903-4bd3-99e2-bffe689d77f4,169000,2026-06-18,458,90+ Days,Customer
db5e43df-6dd8-4681-9716-b16a45da9d75,71be3019-2872-4e46-9e8f-941663554ca2,c44d8704-fc75-451d-95f8-987668236977,169000,2026-06-18,480,90+ Days,Customer
059b1296-eed7-4b84-bbde-8a7026ab8b46,71be3019-2872-4e46-9e8f-941663554ca2,9b490e52-c623-4bcb-aadb-9528fd8c99b9,169000,2026-06-18,449,90+ Days,Customer
ce51c568-286a-4c2e-a105-276271744b3f,71be3019-2872-4e46-9e8f-941663554ca2,027ed3cc-95d5-4d4e-8374-f09dd1ffe09c,169000,2026-06-18,473,90+ Days,Customer
1e903b02-d226-45d6-97d0-bb3008824bb2,71be3019-2872-4e46-9e8f-941663554ca2,54e18a68-6743-4d26-a44e-3a39ba8c0544,169000,2026-06-18,505,90+ Days,Customer
18dcc4a6-230d-4871-b6b4-f46c2bf3e48b,401d1dd1-7487-4d90-ac6b-ce5bc399670d,eb9e1b8c-c873-4fa1-9479-e8ee9fa2bb47,169000,2026-06-18,581,90+ Days,Customer
ef884e4a-3685-4b3e-a390-68b20a67f666,b68482aa-3798-4bc4-96c2-ae22f9e1f162,20ef1864-8672-4e27-badb-757e39d69d27,168400,2026-06-18,482,90+ Days,Customer
65ac0fa6-07de-46e5-80d3-fa6d0b79dfe8,e0140edd-1909-49ae-9bdf-d36e683f578d,d03913ea-6e85-4dab-9295-2d0f3a36038c,168900,2026-06-18,584,90+ Days,Customer
392ef25a-a393-4de5-b8e1-0d9cbf05158e,71be3019-2872-4e46-9e8f-941663554ca2,8c70a87c-3ce5-463e-b20a-28906a971ffb,168625,2026-06-18,610,90+ Days,Customer
bfcf3a5e-a073-4dfe-bf39-b9fd4653d149,71be3019-2872-4e46-9e8f-941663554ca2,4e55cdfc-d4da-4f8b-9974-0a1daef32e72,168270,2026-06-18,507,90+ Days,Customer
20cafc2d-8f51-4c37-8399-b33c2ca8c3ce,34acb9d9-1802-4aed-9744-313423a2db23,5b2d321f-44b3-4658-9517-99c1e8478b0f,168150,2026-06-18,564,90+ Days,Customer
857430e0-812d-4f7a-8f68-68ff9d5839c8,1f1746d2-52c5-4dc5-aadf-ea179bd755e0,90cdbf35-42f7-483f-9ec3-6a6bb1f277e3,168000,2026-06-18,485,90+ Days,Customer
ad1eaa75-fa96-482a-940b-c74b99a3b1cf,cdeabcfc-1768-40f2-8537-1857ecb86b51,ee3d68e8-57db-415b-91f2-5e24bfa15550,168000,2026-06-18,774,90+ Days,Customer
b7f1b739-947b-481d-a879-65f791635f6c,71be3019-2872-4e46-9e8f-941663554ca2,10074603-cd05-49a5-bd8e-6767130bd183,168312,2026-06-18,620,90+ Days,Customer
05bc9330-77c2-4386-afba-95173993c3b7,ebd4b889-4b94-4c8e-acde-8b3b5f560d31,50295b32-ab17-4e65-84a5-1ee63634f8c0,167900,2026-06-18,223,90+ Days,Customer
bd2b662a-1ace-48fb-8632-9149bb34a4a9,1f1746d2-52c5-4dc5-aadf-ea179bd755e0,9cc2f8bd-0127-4554-91b4-5a9cbfa2342e,167500,2026-06-18,300,90+ Days,Customer
9a6dfe17-80be-4723-ab29-582d598edc84,51bf73f4-c8da-4e75-b5c1-72b2dc1014a0,fbeb6a85-0d38-4a06-ab2e-57188f9f52db,167500,2026-06-18,399,90+ Days,Customer
15eea899-f7a1-4a0b-b121-d8444e042d84,0e59f9b8-792d-43cb-a7e3-39a3cbf25ae7,39ff31f4-f8d5-4c6d-8d92-92c48d1a5c0d,167500,2026-06-18,449,90+ Days,Customer
8e9fffd1-6bbe-4ae7-a8ec-3c3d96168672,c10c3408-1a47-464d-9517-5024fa2d007d,0d21a333-22c7-4660-93a8-d16bcb256237,167400,2026-06-18,476,90+ Days,Customer
d3bbfdd7-571a-4367-bf0e-7c6264fe9f70,4f0cd4d4-6997-4586-b94d-cfbfc15ccd92,43de1d93-9620-44de-9a72-d57082ae5399,167000,2026-06-18,720,90+ Days,Customer
431cf6e4-9b3f-4ce1-bdb2-9f2aa41cf950,4b5ac98b-a0ab-444a-a1fd-4a30c7c440a6,932d602a-ec29-44bc-ae08-393ffee4975d,167000,2026-06-18,214,90+ Days,Customer
0d729cbe-5b34-43fb-982a-7bf819673ec6,c62ed87b-e442-4815-a36e-6b634e3628f1,9a419f13-dab7-44b3-9980-08a831cd2aaf,167000,2026-06-18,574,90+ Days,Customer
feac9647-b477-4987-8723-51d43c52fddf,2941bd55-d0d4-4e91-b8ac-781bc32cf76e,d4b1c3b5-8cb7-4476-bcb0-377a8e2e4d19,169000,2026-06-18,560,90+ Days,Customer
84cdfae0-3f4a-4ccf-a24e-f2621c7fb5ff,271cdaa5-4d7d-46cd-9a43-7e3bb4bb922a,dcf4ea0a-cbc9-4c1d-ac44-eec9a7d01cb0,167475,2026-06-18,562,90+ Days,Customer
08dcc35a-7d6c-4c9e-bc3c-3ad9e18c1f63,271cdaa5-4d7d-46cd-9a43-7e3bb4bb922a,e7741fb0-6cdb-47d9-8fc9-2fb08e858fd7,166500,2026-06-18,321,90+ Days,Customer
6bfa9a60-9ed4-42bd-bdb4-844c80a43801,71be3019-2872-4e46-9e8f-941663554ca2,84e767b7-b492-47ec-8ef6-2c16be052420,166500,2026-06-18,382,90+ Days,Customer
42bd17d9-b944-49d4-858c-1103163ed7e3,e0140edd-1909-49ae-9bdf-d36e683f578d,a6a3fcf0-a1f3-49f1-93ae-fde838a3bbdd,166250,2026-06-18,580,90+ Days,Customer
b7a87ea6-e3b0-4600-853b-a79eec4b841b,e0140edd-1909-49ae-9bdf-d36e683f578d,bb4f1550-7344-4896-8191-363ec1645d04,166250,2026-06-18,580,90+ Days,Customer
33fdacf0-5872-4c63-8b1e-74bbbf574d70,71be3019-2872-4e46-9e8f-941663554ca2,98858508-25dd-4834-86eb-39ed14ad7091,166500,2026-06-18,577,90+ Days,Customer
aebc061b-f1df-46ab-b879-db0d02fd7db1,2941bd55-d0d4-4e91-b8ac-781bc32cf76e,6bda95d2-f5d0-40a2-8f36-98759bfd69bc,166000,2026-06-18,519,90+ Days,Customer
aac00365-5fc1-4f97-bced-314dfc1c8506,71be3019-2872-4e46-9e8f-941663554ca2,fae02069-4f76-4b44-a9f9-26c882065062,166000,2026-06-18,517,90+ Days,Customer
54536314-d311-4219-8f50-4a51fcc5df9d,2941bd55-d0d4-4e91-b8ac-781bc32cf76e,3bc20971-5f33-4a98-b120-6b713887cd8f,166000,2026-06-18,531,90+ Days,Customer
d539bdce-df5f-491d-ad67-17165468a24c,71be3019-2872-4e46-9e8f-941663554ca2,601d2c46-5fdf-411a-8be6-63bae2f8815e,166000,2026-06-18,518,90+ Days,Customer
8f039cfa-787a-49ae-83f6-8bb6f6bb6473,e0140edd-1909-49ae-9bdf-d36e683f578d,2d95e69e-166d-4e05-a074-b635dce4c8a2,166250,2026-06-18,580,90+ Days,Customer
1bc5a593-f925-45a9-98ac-a67ae285a804,c622c3d7-9289-41b3-ab8e-2c29215faa4c,64023d62-3234-4522-bd01-4052f5ad69d4,165800,2026-06-18,661,90+ Days,Customer
cda36aae-aaac-481c-84ba-fe89ef239329,c622c3d7-9289-41b3-ab8e-2c29215faa4c,2b864726-dd4a-46e5-9244-e59351da560c,165500,2026-06-18,645,90+ Days,Customer
20aca936-3dbe-4484-aabc-83117fe5285e,71be3019-2872-4e46-9e8f-941663554ca2,28e5d8d7-bc51-4150-b8d2-0dbb6acf4a76,165450,2026-06-18,382,90+ Days,Customer
f1b8902c-4d12-4428-bc44-ce4db633f0f6,71be3019-2872-4e46-9e8f-941663554ca2,dc6a768e-5361-4ce6-be7b-5efae801de56,165250,2026-06-18,361,90+ Days,Customer
814c25c7-ad35-4995-bc76-2b2052e792b7,71be3019-2872-4e46-9e8f-941663554ca2,2f38f11a-5454-4f8c-b4e1-558dd340cfc2,166000,2026-06-18,527,90+ Days,Customer
11d21346-ff8b-4549-aa59-53bae96fc786,46259c13-632d-449f-a96f-f1deab0e0046,eb205b39-4b8d-4bd3-8ba6-f000d9590804,165000,2026-06-18,132,90+ Days,Customer
c9ad370b-47f1-4883-9568-b96c6d12ca3c,d11168e8-0acb-4143-82e4-419e25634be8,94167647-dc88-4a0f-be58-3cc060ad01d1,165000,2026-06-18,622,90+ Days,Customer
6b6f0ad3-4b4f-4164-a35d-b15ddc823338,71be3019-2872-4e46-9e8f-941663554ca2,ef125715-c3f2-4a0f-973d-3e4b1261a879,165250,2026-06-18,361,90+ Days,Customer
fc6ee654-9d4a-44a8-a09d-cf04039c3fa4,d11168e8-0acb-4143-82e4-419e25634be8,486103f9-911a-452d-880f-8883294d0b95,165000,2026-06-18,623,90+ Days,Customer
2110c11e-2444-4ddc-ab5a-b418816ea472,f474b113-2188-4a08-8d71-3410c062da09,d68aa3ac-2476-4717-b222-94884d509f2b,165000,2026-06-18,483,90+ Days,Customer
926a370a-4ea1-4ec9-aa66-8fa632c702ab,b451812e-f688-4528-9863-43ab65ad904e,381e7b69-7b68-4000-953f-be12b2d52748,165000,2026-06-18,602,90+ Days,Customer
c9c7211a-8126-41a0-8500-1b8d8fb1c3c6,71be3019-2872-4e46-9e8f-941663554ca2,906a7d54-0028-4a4d-b6b6-d075a469d1ae,165000,2026-06-18,307,90+ Days,Customer
9ee68df5-e52c-477d-8e49-45b48d18d0a3,7e8dad36-2a64-4fee-befe-3123f6ca73d7,6fd48f08-9ac6-418c-8f9d-8d414a4603bc,165000,2026-06-18,307,90+ Days,Customer
4e612a22-477f-4574-9630-fe3ee6904da4,f0fcd114-c83c-4557-ab8e-29869eb50b7b,3c95c8b7-3ccc-41c5-a988-1af92cf791d8,165000,2026-06-18,345,90+ Days,Customer
546d652c-978a-4871-b306-637caa9df8b7,9c8577e0-bac5-40ed-ab97-d69d5aadb619,c47d03f8-3dec-4bca-b7de-2b337ef70978,165000,2026-06-18,303,90+ Days,Customer
11dcbb4b-0024-4503-be72-f7392f227495,beb13cfd-593a-4390-b602-93a464c0d4d5,90af9f62-9d92-4586-8a69-a5dd9261613c,164000,2026-06-18,491,90+ Days,Customer
bcded2ad-8d84-4a58-89c8-60ebbf1205bc,9af8a055-23ef-47c9-920d-95f184187ed9,3cd44ac1-7c90-4a16-acfa-1c946f8bfaf6,164000,2026-06-18,514,90+ Days,Customer
0052d914-7393-4334-8814-fb3a5d527065,71be3019-2872-4e46-9e8f-941663554ca2,ea63a752-819c-4d76-9885-dc58709019ef,163000,2026-06-18,186,90+ Days,Customer
ed3e266a-be36-451a-a5e6-ab82d14a2b7a,51bf73f4-c8da-4e75-b5c1-72b2dc1014a0,e278514e-6d28-4937-8c4f-10b3f2fd1bf5,162500,2026-06-18,368,90+ Days,Customer
cf1ad160-15b8-4073-95d4-37d377dc0573,d11168e8-0acb-4143-82e4-419e25634be8,07d853d0-a5d0-4f5d-8790-39b0cddd1cb1,165000,2026-06-18,676,90+ Days,Customer
3a484d7e-6532-42a3-8027-ee6e86d57b08,71be3019-2872-4e46-9e8f-941663554ca2,ff364960-4234-45aa-ac63-e82c89c904c3,161250,2026-06-18,154,90+ Days,Customer
2cd28f4c-bf45-4001-9a51-560d792bf330,d11168e8-0acb-4143-82e4-419e25634be8,9f05727f-458a-4893-bb3f-40c2f7b0100c,160000,2026-06-18,637,90+ Days,Customer
24182fed-dcf8-47ef-8a41-28f34cd517d5,02da9eae-b45b-4b42-820f-926f0a158850,2cb048e5-fdcf-40cb-8695-d7d3d0b116ef,159000,2026-06-18,715,90+ Days,Customer
a8e8ae41-cb32-4a49-9c67-4cab6a27975c,71be3019-2872-4e46-9e8f-941663554ca2,c78c592d-b9d8-42fc-b95f-391910835ec2,158000,2026-06-18,290,90+ Days,Customer
eb81589d-ad4d-4f02-8a65-8e4905383b55,1a43f43a-c716-459f-80a5-52348231fcd0,ab61ddfb-2402-4709-ae7e-01d87090a035,158000,2026-06-18,757,90+ Days,Customer
f2a6fcfc-40d5-4fb0-b981-1370b227aa36,c622c3d7-9289-41b3-ab8e-2c29215faa4c,edbd099f-4e87-45c6-9b17-9ddd260cf0e2,157400,2026-06-18,540,90+ Days,Customer
9338159f-f136-40c3-8c9b-e99a2e5995a3,271cdaa5-4d7d-46cd-9a43-7e3bb4bb922a,bab8b870-89dc-4272-9bd1-a76d65e74c8b,157000,2026-06-18,183,90+ Days,Customer
3232ad46-e1a9-4ac2-a287-2c509efc801a,ccf0936e-491c-4ff2-8abe-a57cd3abf497,a298fa30-de69-44d1-9ccd-541c040f1953,156000,2026-06-18,556,90+ Days,Customer
41b164c2-f74c-48a5-8d16-f9f55b98e938,71be3019-2872-4e46-9e8f-941663554ca2,092e9c6e-24ab-46b2-a1f0-92c6097c8028,155484,2026-06-18,602,90+ Days,Customer
312efb7f-c57c-452b-9ad7-15cd7ede57ab,68cc1905-5179-4234-8c85-ffc6f7f1c4b5,ea80e678-ba50-4e3a-8fc0-338a0fad923f,154000,2026-06-18,550,90+ Days,Customer
3f915c82-33cb-4c8d-a50e-ebe7b0afde86,73f20216-c41d-4ab3-b0da-19fe1d007b09,7bd1a9f9-6529-46f7-a44c-adc31bded113,154000,2026-06-18,772,90+ Days,Customer
568028c7-db6d-4480-a79e-16408a24a836,95c5d920-3701-494c-b8ec-568a66ffc4ad,8771abc6-deaa-4a4e-9950-2dadc32be95a,154000,2026-06-18,587,90+ Days,Customer
e2f68050-1359-41a6-83ea-a0e6419242db,db0bd5b6-c001-485c-b548-de7dabea0a92,193f4015-6409-45b2-82e1-79c0ef78f186,99250,2026-06-18,531,90+ Days,Customer
eb67f468-1b64-499e-b0a2-91cde4d90080,71be3019-2872-4e46-9e8f-941663554ca2,8f731d6e-902b-4c55-826b-90a9f21bbc33,99050,2026-06-18,507,90+ Days,Customer
2c7d4fed-7529-48c7-8726-a6cbf119a3a9,6bc20676-6cd9-4bd5-b300-2a44c353db98,2868b798-71b6-4e21-8d5c-f005efe411bd,98800,2026-06-18,483,90+ Days,Customer
52ef1089-5900-4ffa-b99e-2105825654aa,d11168e8-0acb-4143-82e4-419e25634be8,0b6a8be5-c841-46b4-8f1f-534125f152c5,98000,2026-06-18,463,90+ Days,Customer
46104037-118a-4bb4-b1a7-4ca970012b0e,b31425c6-7091-41f6-9861-0321cb1eecc9,fb04b083-bae4-495f-8514-b97f0b15abd8,97500,2026-06-18,410,90+ Days,Customer
d5ebbb7a-10d2-455f-9042-7b2177825d14,d604343c-0482-49ed-80ec-28e4aa0c3fd4,a21ef4d6-ec37-40e2-bd03-9f4b803f70be,97200,2026-06-18,441,90+ Days,Customer
653f2711-c340-4ed0-8a15-38b61a750f81,e5c2dd91-83b4-4e5d-a807-caef678edb69,1d11c07a-929e-4854-9ce5-93466cfc2a13,97000,2026-06-18,478,90+ Days,Customer
6cc81501-e85a-42be-80dd-b9527c5b7a2d,95c5d920-3701-494c-b8ec-568a66ffc4ad,97094217-4bdc-4160-a8ab-8280a02f1f1b,95250,2026-06-18,325,90+ Days,Customer
e8f3e87a-280c-4a86-9cee-4b701ec85185,71be3019-2872-4e46-9e8f-941663554ca2,9cc1234c-0eb7-4225-bc8b-59a79739d28a,95000,2026-06-18,174,90+ Days,Customer
fd1e3fdf-5da6-482a-a8ec-a9ae60ec3ade,27a12971-33b5-4ba0-970e-6c1a7218f5f4,c4d95f81-a52b-4e20-8ff5-7713edf23cec,95000,2026-06-18,585,90+ Days,Customer
ac3df814-9acd-4a4e-819c-d03d0ed034ba,ed1a8f9c-e058-48fa-80eb-c2ed68fb6e36,9ac166ab-350d-41e2-b5ed-2ac013d07873,94500,2026-06-18,585,90+ Days,Customer
b4a903a5-85d4-4e43-94f6-50eb81fc30dd,71be3019-2872-4e46-9e8f-941663554ca2,69572d3a-b1a0-45f7-b843-cd6d9a379da4,94000,2026-06-18,220,90+ Days,Customer
866efa55-1f22-462d-ab94-7e3a2a6292ff,5e23d8f9-0f5b-449a-90da-ffadcaf43cac,a68ad1cb-43e5-41b2-bd29-ab79ea378769,93750,2026-06-18,413,90+ Days,Customer
cee70529-8ddf-48a0-89ba-af83ce6358e1,c10c3408-1a47-464d-9517-5024fa2d007d,88a0c5fa-3bad-4350-9ce9-2230d9294667,93250,2026-06-18,497,90+ Days,Customer
949fb058-849c-4f14-aa57-e339068994d1,4773b1ae-845f-4eba-a64c-a9dbebd5eb47,781db030-aef1-45d4-b5ba-b56fd2cb0105,92500,2026-06-18,686,90+ Days,Customer
23cef033-e5e1-47f8-ac00-5993f4878948,ccb49d47-ef18-415e-84ff-5119d836592b,8dc74953-8080-4320-a004-8461421fa117,91850,2026-06-18,564,90+ Days,Customer
edd048fe-caac-4305-ad03-82008f80b0ba,d78da672-2264-4485-aa03-b559e81130e6,2bbb9f39-9bb6-4279-8599-1d6dc5e86624,91200,2026-06-18,314,90+ Days,Customer
346a75b3-eaa2-422a-9df8-922bd69276cc,8ca2b887-66c5-4b20-8d54-8b1ffa495d07,2ca1af76-3ad8-43fc-8425-60545f903498,90000,2026-06-18,492,90+ Days,Customer
9a470420-f1e7-4e04-a01f-4ea6ce92dc88,628bcaf4-621f-4082-9aff-5ac50eb5f547,47714174-0f94-40da-8ada-210cd75d7e07,89500,2026-06-18,113,90+ Days,Customer
1984e48c-cd64-4216-b11f-20990cca7818,8da5249a-c2b8-48c3-b61c-12ecf6d898d8,4b83cc15-7ecd-46cd-a9a1-c6edb2e2bbbb,89000,2026-06-18,710,90+ Days,Customer
d2118397-0f84-40ab-a347-612fb1482b08,0ec16e28-c838-45f0-8887-4df2087044f1,818edba5-bdfb-4b1e-a574-9e5f2779d842,88500,2026-06-18,695,90+ Days,Customer
175ec8fd-56fb-41e8-848e-76eca517a960,94840a95-c5bb-495e-a6b6-b69f8754b8b8,ab8cdb54-4485-4859-bf82-8e90be8d5653,165000,2026-06-18,626,90+ Days,Customer
774758f5-c9f2-4b38-9972-c7001a805abb,71be3019-2872-4e46-9e8f-941663554ca2,590222a1-95a4-414a-860e-7cd800aa5848,165000,2026-06-18,391,90+ Days,Customer
1ef0f34c-b50c-4d03-a73e-540117d92950,beb13cfd-593a-4390-b602-93a464c0d4d5,68bb5127-850c-4d1f-ba03-7ae17bfe9d0e,164820,2026-06-18,459,90+ Days,Customer
63558885-719b-4b0b-b8c8-91976a9c7c08,9210470f-bbf0-4c64-9538-eafcd517a6c9,035c49b0-fb4f-4ed4-9eeb-f2f921a49e9c,164500,2026-06-18,550,90+ Days,Customer
6c3e449c-be1e-4a4d-aaf0-a440f7c1f8a2,2941bd55-d0d4-4e91-b8ac-781bc32cf76e,ff41723a-1c5e-4e39-92ed-22e500bf4ef9,164000,2026-06-18,465,90+ Days,Customer
b0419b15-c4be-465d-8dac-2a5c88bddce5,2df9cb4d-3931-42d6-b71e-03529a9850cb,d01aa23c-a69b-431a-bc3c-2c7a41f434b7,163158,2026-06-18,244,90+ Days,Customer
187966db-7225-4ea4-a80e-c25140b5a26f,cc1c75ac-51c8-428e-9f70-77c001aad47c,85c08716-96fa-4f9d-8d9c-b680cb9cc295,162730,2026-06-18,223,90+ Days,Customer
f3fe0231-a14e-40c3-a49a-2199847fcbdf,935452e3-cd62-48f6-8240-a237fbb049e2,5308386d-4f66-4f31-a04c-39287a9a098b,162500,2026-06-18,410,90+ Days,Customer
82831a7d-d6f1-4d8c-91d5-00abfb0bd8ef,27a12971-33b5-4ba0-970e-6c1a7218f5f4,7e4a951a-5d4b-42b2-96cf-0360cb9ebe05,161000,2026-06-18,520,90+ Days,Customer
469a0514-3ca7-49e9-9318-6c7ce7413e88,16551b80-b0c1-46d5-8940-71260022fd1c,81ef08ac-f2af-4805-8b4a-4ea04f81d429,160250,2026-06-18,592,90+ Days,Customer
de2057a0-7c10-4be0-b630-446802c8eb93,c62ed87b-e442-4815-a36e-6b634e3628f1,a9ce32e8-9dab-4572-be62-401f07dbbad4,159500,2026-06-18,576,90+ Days,Customer
d757dac9-5e9c-4d18-9a5b-f88df20e1d06,71be3019-2872-4e46-9e8f-941663554ca2,f1d63231-8954-40f1-a522-52fda4d702de,158625,2026-06-18,616,90+ Days,Customer
ba714c55-beee-4a79-b139-c051418ce12d,2df9cb4d-3931-42d6-b71e-03529a9850cb,84382217-fa7d-44de-b58d-16a7f139c26b,157500,2026-06-18,380,90+ Days,Customer
ab570167-4884-4150-a4a7-b26b6a4fc039,71be3019-2872-4e46-9e8f-941663554ca2,378c0051-2ffa-42e9-af1c-018d4d33734d,157187,2026-06-18,590,90+ Days,Customer
46e23b2f-7b44-4c05-9606-ce7973ec9e98,d78da672-2264-4485-aa03-b559e81130e6,767291e4-e905-42fe-95eb-919dde34952d,156000,2026-06-18,120,90+ Days,Customer
d2a461aa-7494-4493-99d7-59c16ec492b5,ccf0936e-491c-4ff2-8abe-a57cd3abf497,4d0f8ec0-183f-4bcf-ae38-27c48c174e91,156000,2026-06-18,569,90+ Days,Customer
27fde34e-1b78-4ab2-891e-ae6a5e747925,9af8a055-23ef-47c9-920d-95f184187ed9,3619c1a7-9ad6-42c9-9b81-08b969697f99,154335,2026-06-18,416,90+ Days,Customer
001c2b1f-7a9f-4b33-8aff-4d8d6babb673,71be3019-2872-4e46-9e8f-941663554ca2,31dc11e7-1e55-4dd9-9c27-8deafd367a50,154250,2026-06-18,344,90+ Days,Customer
dc403875-4003-4a4f-af10-25d19879205d,68cc1905-5179-4234-8c85-ffc6f7f1c4b5,6615b006-f27c-447a-ad6b-ed6cc26ebc0f,154000,2026-06-18,512,90+ Days,Customer
2e18afc2-c782-439e-8f65-924ecc61fff4,68cc1905-5179-4234-8c85-ffc6f7f1c4b5,e6c467fe-f311-4775-963e-6f8f0e10bc55,154000,2026-06-18,559,90+ Days,Customer
0d807f69-ed11-4970-b36b-cc8c89040bbe,f0d5b006-a306-4779-837b-1a3c581d7119,6994d6a6-915f-4ca9-898a-82b2dcd7b9df,92550,2026-06-18,573,90+ Days,Customer
39195c58-860e-4a7c-9337-f0d1ac1ea628,db0bd5b6-c001-485c-b548-de7dabea0a92,96ffde36-8c6a-425a-bc96-ac709c00e114,90499,2026-06-18,559,90+ Days,Customer
82ead029-fea3-47a8-b433-1dc1c9ffc977,95c5d920-3701-494c-b8ec-568a66ffc4ad,743e0be3-07cd-4df5-8402-4c94c14d947d,161796,2026-06-18,557,90+ Days,Customer
338b7aab-e2f5-4020-adb7-3369779b1534,2370591b-942c-4c05-97ee-b1f38e3da3d3,b2dd2f57-38bc-4cac-96c9-196b1365773c,161500,2026-06-18,430,90+ Days,Customer
afc4a34e-bda3-4fb6-b12e-a787c81f5b52,5e23d8f9-0f5b-449a-90da-ffadcaf43cac,db83c41e-dc90-4866-b367-7a8243385978,159360,2026-06-18,521,90+ Days,Customer
806b2cd2-bd98-41d4-bc1b-cdf2360c4406,71be3019-2872-4e46-9e8f-941663554ca2,28c85371-8f2f-455e-be65-156e04e7109f,158000,2026-06-18,700,90+ Days,Customer
19cc49f2-5bd9-41a6-9dfc-ca3e2434942a,68cc1905-5179-4234-8c85-ffc6f7f1c4b5,4b43a262-0ef2-4458-bfc5-f62761e20cb2,156000,2026-06-18,686,90+ Days,Customer
8c2d08b6-32c0-466e-87c7-bb61b307c165,e81165ad-05bb-4b73-9bde-443bc6e8b08a,e3e352ac-c677-4467-ba3b-415227123d60,99220,2026-06-18,337,90+ Days,Customer
8985da96-d893-4bc3-891f-49efc9048c76,8ca2b887-66c5-4b20-8d54-8b1ffa495d07,13f65972-d069-4251-8757-e550a3c58d6b,99000,2026-06-18,472,90+ Days,Customer
992f9f64-4e77-48a2-bb1d-238303c26ded,f0d5b006-a306-4779-837b-1a3c581d7119,c2420641-400d-4e00-b365-42dcd91b7d09,98500,2026-06-18,407,90+ Days,Customer
abf030e8-fa55-4a50-8949-208f2065f14d,1f1746d2-52c5-4dc5-aadf-ea179bd755e0,bdd54507-3692-4385-bd77-b623b7a1e498,97500,2026-06-18,318,90+ Days,Customer
cee1cb76-1c9a-4c10-88d3-839688f284c5,8da5249a-c2b8-48c3-b61c-12ecf6d898d8,1e6409cf-7fe8-416f-9370-92a7325c9e47,97200,2026-06-18,669,90+ Days,Customer
64e4971c-8b29-4b14-9e3a-ed710da4ae90,03bd20ce-37d4-442c-a886-6aa7e6737023,fac81ccb-dbc0-4073-8ce1-06d1e7bd89a9,97000,2026-06-18,459,90+ Days,Customer
62d5e0ba-7157-489f-a7eb-54f368ada6b1,cb55367a-1da2-40df-aac3-6ea2d3ef7d67,804d17d3-c484-4aa1-91b5-89507d45f519,96950,2026-06-18,329,90+ Days,Customer
58e6f216-8c65-44fc-8057-127d6e34fd80,d604343c-0482-49ed-80ec-28e4aa0c3fd4,a2b9db6d-c545-403d-bee9-bace34a31f96,95600,2026-06-18,485,90+ Days,Customer
333e03a4-f77e-483f-b35f-183b360ef9ed,d70a1f63-f837-43a6-9a85-e5c926dd4536,7e9a22e7-cb66-4c80-86e2-75e1fa056f9d,95000,2026-06-18,122,90+ Days,Customer
cbeb298e-190f-4d2a-bfef-1706dd1f7e48,ba2a426b-f3d4-434e-ae15-02fb4d0d1756,a564be64-e357-41b9-9c17-bd889484a0d4,95000,2026-06-18,545,90+ Days,Customer
ad25e987-a318-4e2b-a268-2baddd5903ba,1f1746d2-52c5-4dc5-aadf-ea179bd755e0,7f9e4b40-7703-4147-99eb-d3bc846df4b2,94600,2026-06-18,506,90+ Days,Customer
c130482e-a37d-4896-bb40-e5d86e877fa0,03bd20ce-37d4-442c-a886-6aa7e6737023,31064fff-594e-4696-9e64-7d785f232137,94050,2026-06-18,589,90+ Days,Customer
75e0187b-94d4-434e-953e-206e1c273132,0e59f9b8-792d-43cb-a7e3-39a3cbf25ae7,fb921a87-69d2-4d0a-8297-d6cad824f7c0,93800,2026-06-18,406,90+ Days,Customer
27e4865d-9ab7-4629-ae07-b3e332de6047,71be3019-2872-4e46-9e8f-941663554ca2,82073f6f-6f45-46e5-abb1-b11d3ef23eb6,93000,2026-06-18,193,90+ Days,Customer
f784bfb7-89c4-4590-9d5a-1e6088470ff0,51bf73f4-c8da-4e75-b5c1-72b2dc1014a0,d67c47ee-8c3e-4ca8-b263-38d9f22564e9,92520,2026-06-18,323,90+ Days,Customer
a8f9287d-858d-4207-b6c4-34b051d9a9f0,d78da672-2264-4485-aa03-b559e81130e6,a61cf299-f8b0-4d08-ab95-67070878b156,92400,2026-06-18,519,90+ Days,Customer
125f8d68-7371-40ce-8d5c-e8a18a7664e0,c62ed87b-e442-4815-a36e-6b634e3628f1,da308346-a547-42d9-be52-f1bbe161f6ff,91850,2026-06-18,548,90+ Days,Customer
4ec81551-5932-4919-95e8-062306fa0723,c10c3408-1a47-464d-9517-5024fa2d007d,4d870f3b-1ddc-4c7b-9665-b5c82025ac4f,91000,2026-06-18,490,90+ Days,Customer
c913ab0d-034e-47ff-ac4c-fc5bcd00fac9,beb13cfd-593a-4390-b602-93a464c0d4d5,07f15f26-39c7-4924-8fe3-249b5bbf02e4,90200,2026-06-18,459,90+ Days,Customer
aafb6017-449e-40c0-9dac-83b37d1426a4,8ca2b887-66c5-4b20-8d54-8b1ffa495d07,c5e34ad1-daab-4cbc-a111-a9509a1bbd15,90000,2026-06-18,511,90+ Days,Customer
821125c2-4726-4050-8968-207b37946add,2f8756e1-600a-49b8-a3ac-32f9adf5020e,d620720a-a47e-4153-b5d9-47f82c3ca588,89500,2026-06-18,167,90+ Days,Customer
fcb1a166-1a65-48a6-9af3-c0ea31c4b824,11196cb7-c0ba-4cfb-8146-845f78d7b77c,74a5a313-9d01-4fd6-8c8e-d676cdca87e5,89000,2026-06-18,639,90+ Days,Customer
df0bd38a-7635-4754-83ea-f83cfcf2e680,af836182-4a1a-4725-8422-ee72c640fd45,670a74b8-46cb-40f5-9509-0210cf1fa83c,88500,2026-06-18,608,90+ Days,Customer
aac39fc6-9a5f-4293-aeaa-ddee5054a2c4,c622c3d7-9289-41b3-ab8e-2c29215faa4c,6ac21cb5-dd9a-4547-b6ea-128cfff626d7,165000,2026-06-18,429,90+ Days,Customer
b3a037ca-abcf-4c61-bf3d-ce2ed019b0ac,71be3019-2872-4e46-9e8f-941663554ca2,67b127f8-7ca0-4a2c-99c1-ee3f06651ddb,164930,2026-06-18,325,90+ Days,Customer
c66fa7ce-e190-4df3-a07a-010233dda055,1a43f43a-c716-459f-80a5-52348231fcd0,6d505d60-e7a8-429b-8763-2710710e4971,164062,2026-06-18,778,90+ Days,Customer
da1631aa-814d-4bf6-90c6-83c8ec91e04d,2941bd55-d0d4-4e91-b8ac-781bc32cf76e,bca6d022-0c0a-4598-9fdb-190e5ce3a6d8,164000,2026-06-18,472,90+ Days,Customer
c2561f6e-988e-4a3d-810d-8099ce37706d,f339fea8-85c3-46ca-9d61-5a3dcbbb1b85,958ade50-c47e-4462-99d0-db7833ead46f,162730,2026-06-18,223,90+ Days,Customer
803357ee-0b26-49e8-8338-c637ad967dbe,e0140edd-1909-49ae-9bdf-d36e683f578d,1ab733f8-8404-4026-bdaa-46f9dc722285,162000,2026-06-18,458,90+ Days,Customer
1e2b4f44-ec6a-4585-ab50-40906f8e2105,271cdaa5-4d7d-46cd-9a43-7e3bb4bb922a,22d395ed-c3db-4029-9e52-a25c4daaeef0,162000,2026-06-18,136,90+ Days,Customer
26ac1a27-b606-4d0c-b6a0-fc31b0b52da8,6e6eb1a9-aa09-459a-873e-997c0fdf4e80,8721488a-b695-41f0-9ded-98c7d4231c40,161500,2026-06-18,431,90+ Days,Customer
822cc65d-57fb-41af-be0f-b73466cc0bc4,22f5a9c7-2efa-4fd7-8926-71561197afa6,71d1bfb1-4efb-48d4-987a-bb9b51c989ca,161100,2026-06-18,150,90+ Days,Customer
2c44f516-971f-4877-940d-882de6e13630,ccb49d47-ef18-415e-84ff-5119d836592b,8ed66711-2bf6-4812-98ca-97a7a77f77e9,160500,2026-06-18,643,90+ Days,Customer
1e352686-44b4-4d4d-8dbd-6cc3afe06fee,71be3019-2872-4e46-9e8f-941663554ca2,af957069-839c-49e0-bfb5-74c036b54e22,160000,2026-06-18,310,90+ Days,Customer
adc3be54-2b28-4f87-8cb9-5f105327a1ba,51bf73f4-c8da-4e75-b5c1-72b2dc1014a0,11742bba-b475-4f69-8377-cc7d208129e0,158300,2026-06-18,319,90+ Days,Customer
6f2e4212-ddb2-4654-bce4-7554058ceb18,c622c3d7-9289-41b3-ab8e-2c29215faa4c,d2291bbd-bacc-49d7-994a-d7cbd407a47f,158000,2026-06-18,742,90+ Days,Customer
6dd5557a-b18d-437e-8b26-ddbefbb20ef2,d11168e8-0acb-4143-82e4-419e25634be8,1c6a056e-121b-4888-adcb-62039f56e89f,157500,2026-06-18,427,90+ Days,Customer
302e4d61-b822-404f-b360-2b2c09d00709,5e23d8f9-0f5b-449a-90da-ffadcaf43cac,ae82c20c-06f1-494a-9add-596232bf454e,157000,2026-06-18,353,90+ Days,Customer
e9514025-c636-469f-96d7-646404b08b36,cfd6ccb7-f394-460e-ba59-b25dbbaeaa99,b27b01af-552b-463a-b65f-224afcd20732,156000,2026-06-18,406,90+ Days,Customer
bc42c1fa-d59f-41fa-b946-18a9b236d8d4,71be3019-2872-4e46-9e8f-941663554ca2,dced2e3a-fcf1-4cc4-9748-05e5e7b4cc49,156000,2026-06-18,317,90+ Days,Customer
44bee93e-8249-4c19-ad6e-69506b504e7f,5909360e-aa7c-42b0-bede-c944c9edbdb7,d7474ec9-a28c-47c3-993a-ddaf4d648d02,156000,2026-06-18,735,90+ Days,Customer
d11bfe23-f077-4dbe-be3c-9cee41767431,68cc1905-5179-4234-8c85-ffc6f7f1c4b5,4e2cc6ef-b1a9-4f61-84f1-6b7d0442bb0b,154000,2026-06-18,531,90+ Days,Customer
e1622270-bf90-4f58-aa91-0e06c1bbd854,68cc1905-5179-4234-8c85-ffc6f7f1c4b5,4708285c-5b5a-4ef3-b292-2ac22ab518b3,154000,2026-06-18,577,90+ Days,Customer
f41287b9-4510-47a8-9047-e77e94c3a066,d604343c-0482-49ed-80ec-28e4aa0c3fd4,7262fe13-7faa-4ec0-802d-5ed19fa0ab7c,99150,2026-06-18,520,90+ Days,Customer
6b61347f-119b-46d7-8df5-b6eb7f13d30b,71be3019-2872-4e46-9e8f-941663554ca2,60941bed-0635-443d-b266-c7b788c771fb,163800,2026-06-18,762,90+ Days,Customer
9b1a9d97-a846-4052-8014-24361f2be84f,71be3019-2872-4e46-9e8f-941663554ca2,923a3fd6-abb8-468b-9683-6451573897ff,154200,2026-06-18,741,90+ Days,Customer
a1d9e450-1ac3-47a7-8e55-5c597e3cb46b,b40a002d-568f-4cae-beb7-9546cfedd363,92e19d3d-a0af-4f2c-a8aa-f45c7a35a204,107000,2026-06-18,267,90+ Days,Customer
5380e59d-c979-4377-8ee2-2cecf1f1973f,2df9cb4d-3931-42d6-b71e-03529a9850cb,2de3341a-fadf-4cf2-9965-e20e262d9983,98450,2026-06-18,157,90+ Days,Customer
95759140-166c-4955-9cb1-727754485cbe,cb55367a-1da2-40df-aac3-6ea2d3ef7d67,59c6fd9f-696f-40e2-b42e-ad7d814d8a31,98000,2026-06-18,342,90+ Days,Customer
68c75b0b-79a5-4d59-a714-e7226c21d645,0b5f3381-e87a-442b-a7d2-16cc5cffc1ad,3ee8cb1f-642a-47bb-a274-225fd4f259a2,97500,2026-06-18,365,90+ Days,Customer
a541ed22-4cbb-413d-b01f-0027c5ea575f,03bd20ce-37d4-442c-a886-6aa7e6737023,28d23fd6-4061-40ef-b386-c068dd7fb218,97000,2026-06-18,510,90+ Days,Customer
6d77cb62-404f-4493-8791-e04ae55e454f,ccb49d47-ef18-415e-84ff-5119d836592b,c554ee2c-61ba-472f-a8fb-04bf0dee7549,95850,2026-06-18,695,90+ Days,Customer
650a8d19-9ea5-4607-b6c8-7c2804125258,0ec16e28-c838-45f0-8887-4df2087044f1,758ca264-a317-4f70-b3bf-aabbb31912e7,95037,2026-06-18,604,90+ Days,Customer
ab80fca4-1550-4c6d-80e1-eea983d2f661,71be3019-2872-4e46-9e8f-941663554ca2,943963df-83ec-4c23-a88b-6fd6a3651953,94000,2026-06-18,225,90+ Days,Customer
6234f034-8df8-4eab-8dba-f92c9dc7327e,d11168e8-0acb-4143-82e4-419e25634be8,8ec01668-b220-4377-b75d-8076951fd2f4,93500,2026-06-18,517,90+ Days,Customer
349d3c09-1807-4dbc-b7f3-1703c186527f,2df9cb4d-3931-42d6-b71e-03529a9850cb,7fee2d02-adff-469f-98bc-2476e50d1c4f,92650,2026-06-18,458,90+ Days,Customer
0cf94fd3-38bc-4ff8-803e-b96a9de7f979,e99e6ca5-a4bb-4343-a635-49f04389ca2a,0dfa580a-cdd9-4ccd-bdc8-a0073eab07c6,92500,2026-06-18,296,90+ Days,Customer
cc66a128-c2f5-4c77-a787-11987debc74d,d604343c-0482-49ed-80ec-28e4aa0c3fd4,dfd21280-d8ba-4d46-822e-2f86305b44bd,92399,2026-06-18,545,90+ Days,Customer
a6b01506-46ac-4451-b157-a57545816f85,71be3019-2872-4e46-9e8f-941663554ca2,ec650edf-27af-4a91-bc18-361f0f39147f,91300,2026-06-18,517,90+ Days,Customer
bb258aa2-2d87-43cd-8fc3-889b6eb55824,cb55367a-1da2-40df-aac3-6ea2d3ef7d67,8ecf7717-78d5-4b98-9c07-28205d75582e,90900,2026-06-18,419,90+ Days,Customer
ea7b28d7-2c35-4fe4-90a2-96a888999f65,beb13cfd-593a-4390-b602-93a464c0d4d5,03906556-f4c4-4c7a-95f6-a5096299f2c6,90200,2026-06-18,486,90+ Days,Customer
ec5f2875-af65-4517-9bbc-9d531c03d10a,0ec16e28-c838-45f0-8887-4df2087044f1,92ac1c23-acc9-4b8b-a16f-53dfffaaaadb,99000,2026-06-18,779,90+ Days,Customer
e36d3ded-f7b9-4047-a39a-d174d2adea1e,0ec16e28-c838-45f0-8887-4df2087044f1,ba9de13e-2005-4676-8f5c-74d55a750178,89310,2026-06-18,560,90+ Days,Customer
a4a99bba-bf07-40aa-bb99-5a5a054a2f30,13434759-d4fc-4dc9-ad3b-480ab7211da2,5620b1f5-1d09-4638-a84f-2e2044eba4b6,88440,2026-06-18,119,90+ Days,Customer
545ed70c-1440-44bc-9630-518b5f5826a5,c622c3d7-9289-41b3-ab8e-2c29215faa4c,63578161-a084-4587-812c-457f47734ca3,88000,2026-06-18,592,90+ Days,Customer
bab6d0ba-e126-4768-abf1-5e4278e71e91,71be3019-2872-4e46-9e8f-941663554ca2,56bbb8dd-4f1c-4b81-ab41-5cf9a39503e6,165000,2026-06-18,403,90+ Days,Customer
7374e7d8-8c2c-4a7e-8199-aed8584ffc30,9210470f-bbf0-4c64-9538-eafcd517a6c9,57fb3792-9cc4-4928-b1c7-e645d046aff5,164500,2026-06-18,549,90+ Days,Customer
9abc34fc-f15a-4731-8ab3-7b5f7604d26e,f0aca777-38ce-4a56-9108-dbbfb2edb831,d5855297-26a0-45a2-95b0-51aa4a992843,164000,2026-06-18,645,90+ Days,Customer
dd099971-d8f5-4163-9733-a57a065afa9e,2941bd55-d0d4-4e91-b8ac-781bc32cf76e,40302917-d395-4a57-817b-65fc0a8efcd9,164000,2026-06-18,478,90+ Days,Customer
6453decb-6f9f-46fb-b908-b3dda7fc5a85,c622c3d7-9289-41b3-ab8e-2c29215faa4c,274cf930-14f7-4f1a-a09a-d339eee57bfa,163500,2026-06-18,630,90+ Days,Customer
3fa9a2a6-5b39-4154-afc0-22d1758dfcd7,271cdaa5-4d7d-46cd-9a43-7e3bb4bb922a,86ff48bb-1e38-489c-a3b9-a5443a9b1b78,162650,2026-06-18,648,90+ Days,Customer
0e0ad604-2e9c-47f3-971a-081f55bfb31f,94305b80-a7ed-4533-95c9-3e5182e4e042,d01da063-294a-4dc2-aeb0-59d9d81724cb,162000,2026-06-18,549,90+ Days,Customer
42366235-7c63-4e02-b709-96c4e47e2846,271cdaa5-4d7d-46cd-9a43-7e3bb4bb922a,fd2be94a-2ffe-485a-9c40-b9d50b910512,162000,2026-06-18,139,90+ Days,Customer
08fc409c-a116-4745-8c24-d48a329059ac,6e6eb1a9-aa09-459a-873e-997c0fdf4e80,31a05e8c-bbd7-4088-9d62-590c96e4c99b,161500,2026-06-18,438,90+ Days,Customer
1a897468-d1e6-4921-8282-d85cb19d8b96,9210470f-bbf0-4c64-9538-eafcd517a6c9,3c0da9dd-7052-4a63-bda8-e483f6149ffb,161000,2026-06-18,527,90+ Days,Customer
b2e82e72-52ec-4656-8880-6574580ce4de,c9057d69-7d6f-4f31-9be5-5f07606c320b,6c37d103-0bb5-4aaf-938f-474be19b036f,160312,2026-06-18,622,90+ Days,Customer
a9290099-bb8d-439b-aa22-2fafd4b18d42,16551b80-b0c1-46d5-8940-71260022fd1c,1adcf705-7bcf-4ab9-98f7-ba28a81af9bb,159000,2026-06-18,531,90+ Days,Customer
04c7e1ab-4089-47b5-a55a-2a911ce9e424,c622c3d7-9289-41b3-ab8e-2c29215faa4c,0b8d2ca5-f139-4f71-b3c6-f2a1cf4bed79,158000,2026-06-18,752,90+ Days,Customer
804b2b4c-d055-48ff-ab3e-0ad4127154d1,9210470f-bbf0-4c64-9538-eafcd517a6c9,b63c3fd8-98bf-4e5e-bd50-475b2d5073bd,157500,2026-06-18,485,90+ Days,Customer
2cd4a752-1cff-4e9b-9be8-c1cac20eb430,71be3019-2872-4e46-9e8f-941663554ca2,f076a2b3-0cb5-4b3b-9ec4-1d1a82741f05,157000,2026-06-18,500,90+ Days,Customer
ef68fc75-4c8c-4383-9c55-2f13cf35ce9b,71be3019-2872-4e46-9e8f-941663554ca2,c089d649-f1e5-4107-bb35-4f60fa01b438,156484,2026-06-18,599,90+ Days,Customer
d67a4edf-d47c-42d1-9074-dea80935930d,71be3019-2872-4e46-9e8f-941663554ca2,18b8b0d2-74f6-41be-9da5-30894bfb1e02,156000,2026-06-18,212,90+ Days,Customer
6be28532-d2d4-41b0-b4eb-8aba2b7e661f,51bf73f4-c8da-4e75-b5c1-72b2dc1014a0,77a3db34-0365-4fe2-b0e9-3d86151da36b,155700,2026-06-18,277,90+ Days,Customer
e8cfa0e4-2e92-4f3b-93dc-d8d76adbd609,68cc1905-5179-4234-8c85-ffc6f7f1c4b5,f104d712-f305-4b6c-b719-65c78681c301,155000,2026-06-18,615,90+ Days,Customer
1aa1d5a7-a3a5-4007-93ee-6ffb48d5c5b2,3f5f3d50-1c6a-40ed-b9f7-54abb1203a7e,4ff38ea0-2e0e-498b-a856-ba2715ae691e,154000,2026-06-18,526,90+ Days,Customer
789f9d8d-b867-4094-96f6-80cb9edb3612,68cc1905-5179-4234-8c85-ffc6f7f1c4b5,1d1d3f20-05f9-4816-a833-2dd5e02b5a12,154000,2026-06-18,540,90+ Days,Customer
70bdfcb5-13d4-47d7-9614-6c9a1627cd47,68cc1905-5179-4234-8c85-ffc6f7f1c4b5,084a70f1-71ab-476e-a200-b88534e360ca,154000,2026-06-18,567,90+ Days,Customer
ec5d0cf4-1deb-403c-a726-84a15a1f2d0d,db0bd5b6-c001-485c-b548-de7dabea0a92,79bd6457-4e32-4e19-b82f-0a620ef5c6ca,99250,2026-06-18,518,90+ Days,Customer
83bc059d-70a4-4459-b6c5-ccda646609cc,db0bd5b6-c001-485c-b548-de7dabea0a92,9e1037f7-f5ab-474c-92b6-8d8971c26ad6,95249,2026-06-18,547,90+ Days,Customer
d083181b-5d37-40b1-a08f-5b11946225e9,db0bd5b6-c001-485c-b548-de7dabea0a92,71de2b93-50c1-4757-b877-23ab89115325,94999,2026-06-18,548,90+ Days,Customer
45ff9f88-0eda-42dc-a1f8-4780f9f1ebb9,ccb49d47-ef18-415e-84ff-5119d836592b,f866fc55-b70a-49e3-952d-c409d6684174,94800,2026-06-18,764,90+ Days,Customer
cedbacbc-916d-4b2e-a68e-c5149822dd3d,71be3019-2872-4e46-9e8f-941663554ca2,86729950-50a4-4266-adcc-68971430a3d0,89000,2026-06-18,697,90+ Days,Customer
7b313e0d-3024-4c5c-869a-f54c3e5e8bce,d11168e8-0acb-4143-82e4-419e25634be8,313a8e32-29aa-4d21-a5fb-8f6ab474e683,160000,2026-06-18,667,90+ Days,Customer
f196d1ac-74a3-4d84-b423-358bce644025,46259c13-632d-449f-a96f-f1deab0e0046,b5f25335-ae5b-467e-8a92-04637506dc4a,158200,2026-06-18,175,90+ Days,Customer
3a7c62db-50b9-416a-adfe-d7f562ccd3c8,71be3019-2872-4e46-9e8f-941663554ca2,19380005-0fee-4198-8b2c-b3d8b5d60a6d,99000,2026-06-18,400,90+ Days,Customer
b2ec25fe-ce10-4fb5-bd95-12484fa4c59b,c62ed87b-e442-4815-a36e-6b634e3628f1,6db6bc75-7e4a-489a-a475-ae6208e9c43f,98500,2026-06-18,352,90+ Days,Customer
7ce910a2-dc93-486d-8e4a-d6bb28ba8384,9ef1c398-08d9-42ff-a90f-e79958f2aadc,65721ee7-d3ee-4ef8-ad67-188167feed7e,98450,2026-06-18,146,90+ Days,Customer
62e35fcc-3e7e-415b-9a9e-0accc9551582,dd9e4314-694d-4353-8261-817b0794fbe3,ba5db916-0adf-4889-b3a3-f8c713e0d006,97940,2026-06-18,526,90+ Days,Customer
fc2d1baa-4e51-4031-af42-28e67a969782,2df9cb4d-3931-42d6-b71e-03529a9850cb,e22f3c68-d004-4578-9839-af3902fc858a,97000,2026-06-18,435,90+ Days,Customer
a4e5f2ac-b2ed-4a9f-921a-230be68c79b0,7278af2d-7018-4d13-bb4d-1b35f4307714,a84a2de3-9e6d-4d27-92b8-6d946b58ffe6,96000,2026-06-18,172,90+ Days,Customer
d46b825b-2db0-48b3-a1dd-7716dba65b74,f0d5b006-a306-4779-837b-1a3c581d7119,77c55751-8f2d-4528-8402-0144eb8dbf09,95520,2026-06-18,556,90+ Days,Customer
88927632-7202-459b-a7c3-873a4ce2cba4,2df9cb4d-3931-42d6-b71e-03529a9850cb,b4d0ada4-768d-4a44-afdc-7a0556e65e07,95025,2026-06-18,470,90+ Days,Customer
7cc9dd65-db3e-4fff-a29e-eca208eff645,2df9cb4d-3931-42d6-b71e-03529a9850cb,e3016837-95a7-43ba-80d5-769d877b5dde,94999,2026-06-18,423,90+ Days,Customer
675e8efb-bd4f-40d9-b6bd-8466ae690a85,95c5d920-3701-494c-b8ec-568a66ffc4ad,2104c267-dd4b-43d4-9809-421295ae8fcc,94500,2026-06-18,352,90+ Days,Customer
d180e32d-f556-4b0e-8be4-7aa4580c9210,db0bd5b6-c001-485c-b548-de7dabea0a92,40f1acca-d711-42d5-9e1a-5c808bc984c1,94000,2026-06-18,437,90+ Days,Customer
c9667379-5eab-4aeb-94da-dbfd68f05349,0ec16e28-c838-45f0-8887-4df2087044f1,92d68dcb-8b6b-4948-bfcf-28bf73756f8c,93600,2026-06-18,741,90+ Days,Customer
7b3aba55-25be-464c-8464-f7599f4c6c06,71be3019-2872-4e46-9e8f-941663554ca2,616b2833-bcca-434c-8933-fae8795bd336,93000,2026-06-18,200,90+ Days,Customer
67bdaeea-31fe-44a9-83f5-95e409003d7b,6e294634-9504-4be4-960e-df2f3ae4b416,6750fe27-aaeb-4e2a-af41-9bb246dac42e,92500,2026-06-18,224,90+ Days,Customer
6844264d-144d-4d3f-a089-7024ad36a8e1,965fee94-c193-4224-9278-fdb4cf8fe87f,49ae742c-db42-4905-a4d5-95f87334ebee,92000,2026-06-18,686,90+ Days,Customer
8ff5bd58-763a-44e9-b7ca-131acab5f833,18ed5164-13c9-428c-bfdb-9e6c34e7cb1f,bda1d9e7-8cbe-4c5b-b0b0-9de10a0cadf6,91000,2026-06-18,395,90+ Days,Customer
c0f7544f-a8ac-4e6b-a86d-643b1292281f,71be3019-2872-4e46-9e8f-941663554ca2,945a092e-a611-4c55-b4d5-4859093b9f96,90200,2026-06-18,457,90+ Days,Customer
9eb079eb-6a82-4f4b-94e9-78ca5c76aaa9,ef3f4e84-96a1-48bf-a814-01dd82a0cd9c,a7761d4f-5b81-4c84-ae42-70e7651603b7,90000,2026-06-18,779,90+ Days,Customer
d7e69aff-f53f-4463-ab35-b3a3730c1382,f0c11e44-1236-4c2e-8285-613ab5dec4ba,b7cdf7c5-75aa-4733-b61d-cb1dcae2d730,88800,2026-06-18,606,90+ Days,Customer
c5830070-a290-4951-a75c-54ccc390cca4,8ca2b887-66c5-4b20-8d54-8b1ffa495d07,24d158ef-c485-4a3d-ad2e-369d9ffb64b1,88000,2026-06-18,531,90+ Days,Customer
03e007a3-9fc9-4a63-b56e-8a96af38b5bb,f0fcd114-c83c-4557-ab8e-29869eb50b7b,23ef4d9b-bca9-410c-8bfe-f3c8bf70a17e,165000,2026-06-18,526,90+ Days,Customer
df251c0c-3c3e-4fa6-8436-b0690b90083b,9210470f-bbf0-4c64-9538-eafcd517a6c9,9ece1d56-864a-4478-95e7-1b770da52de0,164500,2026-06-18,549,90+ Days,Customer
635b4ec5-87ce-409c-a6b6-019a083e5582,2df9cb4d-3931-42d6-b71e-03529a9850cb,4bfbb885-cc2c-47af-8b96-ceb3bc2946b1,164000,2026-06-18,489,90+ Days,Customer
abd0eeaf-308d-439d-8fae-d9e4cf861ba8,71be3019-2872-4e46-9e8f-941663554ca2,90f326ee-8805-48fd-87e2-3ddc4c7ae7d1,164000,2026-06-18,569,90+ Days,Customer
56d5a267-ad61-4092-b758-8cc8a71b030d,e0140edd-1909-49ae-9bdf-d36e683f578d,1ba65384-2ae0-4678-9d55-467a8043bc94,163960,2026-06-18,529,90+ Days,Customer
df06c9a3-35c3-4901-93a4-57268933519d,94840a95-c5bb-495e-a6b6-b69f8754b8b8,4469ef89-97ec-472a-a81f-fcd1dc284899,162500,2026-06-18,434,90+ Days,Customer
1c4e33ff-0aa1-43a7-8c23-daffd2fea652,3907239e-a3a6-4372-a3f2-e3025acb2412,07dff917-0521-43df-9186-831b1d11a779,37187,2026-06-18,188,90+ Days,Customer
58dfad26-47fa-4819-b780-68e5ee707c17,f0d5b006-a306-4779-837b-1a3c581d7119,9a89a445-0779-4964-b799-c92c9ffbfc97,161760,2026-06-18,435,90+ Days,Customer
a0144637-39ba-4e81-b707-c7fb37a193f9,71be3019-2872-4e46-9e8f-941663554ca2,d8199dbe-5bbd-4e76-bfdd-fb8d8a168e39,161155,2026-06-18,282,90+ Days,Customer
d42029ad-a64f-4a81-b13a-06646cf6cb6e,9210470f-bbf0-4c64-9538-eafcd517a6c9,a7ded8c6-1768-496a-98f0-daa1adc44174,161000,2026-06-18,527,90+ Days,Customer
14f8912f-7dbd-40b0-a741-9213d521b6a1,d46677ba-4aa3-46ef-95e9-eb9fec96b727,96b334c4-6e24-4916-9d06-ea140827c9b9,91300,2026-06-18,764,90+ Days,Customer
912fa46d-5e23-47f8-ae7b-4db4ea6d3e7a,d11168e8-0acb-4143-82e4-419e25634be8,57f68465-041d-47c1-bd0c-b57a02e85ace,160000,2026-06-18,646,90+ Days,Customer
c2ba2daa-6a73-438e-a82f-7679b298d473,9cb686d7-fffa-4aa2-9ab0-de4cbdaf886f,cdc863c9-826b-490c-8159-84807ae8f0ca,158790,2026-06-18,428,90+ Days,Customer
102d4a73-ea80-4bf7-9a42-b243430fa65f,71be3019-2872-4e46-9e8f-941663554ca2,7ec77496-cf66-402f-82a6-e4f3e9fa4f5a,157902,2026-06-18,273,90+ Days,Customer
ef9b647d-1f81-4763-b539-ca9c619097e4,71be3019-2872-4e46-9e8f-941663554ca2,4e964f85-f325-4239-b151-e391d81c7f44,157233,2026-06-18,617,90+ Days,Customer
2ad34b55-3773-43b6-8586-86d49bd5fc0f,51bf73f4-c8da-4e75-b5c1-72b2dc1014a0,b7325e55-d14f-435b-98ac-f62da01e38ad,156000,2026-06-18,725,90+ Days,Customer
db19afe8-ac9f-4f41-a635-4c0f460303dc,ccb49d47-ef18-415e-84ff-5119d836592b,92a4c884-4a22-427b-a2ce-2bd0d4b0e343,155500,2026-06-18,738,90+ Days,Customer
b3ee45a6-1ba6-48f2-9be3-7a7527c25b11,2df9cb4d-3931-42d6-b71e-03529a9850cb,ecaa8f96-958d-4ee6-9d3b-ac0bd4ea8af3,155000,2026-06-18,169,90+ Days,Customer
95be739f-f35b-41c0-a8f8-6ccd317597cd,e81165ad-05bb-4b73-9bde-443bc6e8b08a,221cdf42-4537-4c4d-8767-1ad673a7afb0,154000,2026-06-18,553,90+ Days,Customer
75cfd9f0-79a6-42d6-aec3-819f408fafbb,68cc1905-5179-4234-8c85-ffc6f7f1c4b5,e360f96f-3974-49a8-9ba9-b3946446b6c4,154000,2026-06-18,521,90+ Days,Customer
f28b1a3e-cc55-4939-b528-79d7e6b93de2,68cc1905-5179-4234-8c85-ffc6f7f1c4b5,81d29eba-bd61-4e09-b33e-9a445b82d5f3,154000,2026-06-18,585,90+ Days,Customer
52997f6e-5cea-44e2-a82b-12d7ad045a7a,27a12971-33b5-4ba0-970e-6c1a7218f5f4,5ce88ea9-8b0c-4489-b018-9ab9496d2b59,154000,2026-06-18,555,90+ Days,Customer
fade7029-b558-446b-8758-6ef2e28b07be,cb55367a-1da2-40df-aac3-6ea2d3ef7d67,5a8dd6b6-d378-42f6-a53f-b339d0d406cd,15982,2026-06-18,764,90+ Days,Customer
b637796e-73be-454d-9e69-70859e1c4f32,71be3019-2872-4e46-9e8f-941663554ca2,6a9b57f2-480b-48c2-a2d4-389e763dd26c,156000,2026-06-18,746,90+ Days,Customer
4eee3099-6ac4-4b1d-a6a4-fcab14696e0b,6bc20676-6cd9-4bd5-b300-2a44c353db98,b74af58b-de2e-4de6-b281-a5146bcf2473,153000,2026-06-18,504,90+ Days,Customer
f15751ff-9535-4013-a49a-5abd347be366,3f5f3d50-1c6a-40ed-b9f7-54abb1203a7e,e0bda8ff-d42e-432c-846e-e370be8d36ef,153000,2026-06-18,599,90+ Days,Customer
b068e85c-8cde-4960-8f88-4ac349af860d,9309ba18-52ca-4ace-be5a-8bd95896b3ef,bfce3e6c-acd3-40fa-a3cb-469bbb5ab7c3,154000,2026-06-18,522,90+ Days,Customer
81df8687-9bc7-4e2d-b7f1-51dd6b2c9772,68cc1905-5179-4234-8c85-ffc6f7f1c4b5,939e95ba-c68f-4c7e-92bd-9bb13b38d5ef,153000,2026-06-18,595,90+ Days,Customer
cad30037-d964-4c6a-bb37-5236ab14b057,d11168e8-0acb-4143-82e4-419e25634be8,8c039e93-6dfe-4955-b414-2f1d06b7be8f,153000,2026-06-18,557,90+ Days,Customer
69455666-ae6d-42df-ba04-72933d8ba163,dd9e4314-694d-4353-8261-817b0794fbe3,71df7333-0c1e-4c3d-96ad-e0ae1c05cc32,153000,2026-06-18,556,90+ Days,Customer
b49bf9ae-1d83-4bb6-b227-25e7ca66ae19,8da5249a-c2b8-48c3-b61c-12ecf6d898d8,11b9d192-3e18-4d99-9dd8-44a73126866b,152625,2026-06-18,477,90+ Days,Customer
660084e8-790c-4ba6-83ed-4426c08ae81c,4b258052-1399-4244-a36b-e087424e0980,dcd78786-bb27-470f-985f-dfa863330765,153000,2026-06-18,552,90+ Days,Customer
5f6f9b7a-0208-4853-948f-09c4e16fc23f,077d9584-8f05-42cb-90f1-1e17bab1db5e,5ec2f56b-da9b-4546-99b1-dbc19a8986a1,152150,2026-06-18,154,90+ Days,Customer
64dae9e5-5f86-4492-ab31-20f6f712138a,6bfd0ec9-30f4-495c-b104-f19a6d20505a,152bc882-2e15-48db-87d5-ca42b9653822,152150,2026-06-18,154,90+ Days,Customer
5318a4fe-dc84-4531-9847-215171b430d8,ec31354d-a2f1-4014-9b0b-848354b1844d,b573d8f0-d2cc-464c-82ec-cdb0043fe012,152150,2026-06-18,154,90+ Days,Customer
2563b928-2fb6-4b38-a02b-da0f500509c8,8da5249a-c2b8-48c3-b61c-12ecf6d898d8,70fe1aea-01f8-4241-a28f-95614b991c79,152500,2026-06-18,511,90+ Days,Customer
26576bec-9820-44b2-9ddb-beb932d9ed7b,e0140edd-1909-49ae-9bdf-d36e683f578d,5dd088a5-289e-439e-b286-845589e34a4a,152100,2026-06-18,584,90+ Days,Customer
8e2952ff-d6f6-4e55-98b2-f9965fb3b4e7,052eb177-4e17-4f67-9361-1ef8cf47723c,e6c9c808-5fb7-4fa4-ad8f-16d34bf7021b,152000,2026-06-18,525,90+ Days,Customer
52b70ddf-2cd7-48af-b13c-fadd08f5ccbb,e0140edd-1909-49ae-9bdf-d36e683f578d,61195d76-aeb2-4cdc-a228-aaa13a0e6055,152000,2026-06-18,556,90+ Days,Customer
2a056940-7bce-4191-bc8d-835f68d1c1f6,e0140edd-1909-49ae-9bdf-d36e683f578d,3c792122-0ee3-4cac-9b6b-feb1da4dea2a,152000,2026-06-18,561,90+ Days,Customer
b61f8da3-47ab-458e-a49b-0b1cb63e0cae,e0140edd-1909-49ae-9bdf-d36e683f578d,b564155d-79fd-4b17-aae8-13610cd1a531,152000,2026-06-18,556,90+ Days,Customer
c8771840-3537-4bf9-a54c-43966ccb3308,e0140edd-1909-49ae-9bdf-d36e683f578d,707a51f1-347d-49a7-903a-c5f12558a291,152000,2026-06-18,570,90+ Days,Customer
fc2ef1d1-7f0a-411c-a5c3-ef292a3337d7,39634c4e-b37c-4800-a7ac-d9a39f87de55,5617a7f9-3878-4d1b-a4d5-2a01c1c1ad28,152000,2026-06-18,540,90+ Days,Customer
75eb76f4-f2fe-465f-b27c-a8cd8ca218f0,68cc1905-5179-4234-8c85-ffc6f7f1c4b5,f2da6782-c9be-4b1c-83e2-6e2d51bd5304,152000,2026-06-18,606,90+ Days,Customer
ed7fb64e-e3b4-4bc7-bba0-58f192aa5e33,68cc1905-5179-4234-8c85-ffc6f7f1c4b5,ac2e5539-663e-4cca-a027-211b8afa8671,152000,2026-06-18,484,90+ Days,Customer
1ac61ad5-a1fc-44e7-8461-17696a3ef2e3,e0140edd-1909-49ae-9bdf-d36e683f578d,09d4efac-6414-4970-a924-6b6f7f2d17a5,152000,2026-06-18,570,90+ Days,Customer
7d8f6ea1-f46a-4010-af17-33817bcad92b,620730fb-8553-46e3-bbc7-c1052de6b4eb,c1871f95-12c8-4844-b28d-420b18f0da3e,152000,2026-06-18,499,90+ Days,Customer
75fae0e5-d110-4b66-939c-a1755e126734,6e84de43-4a5b-4a9f-8733-2a5af51ab0cc,2f8f5ca4-4d98-41b2-9452-950785f447c7,151000,2026-06-18,653,90+ Days,Customer
b1831812-5e6a-4702-b445-4ff9807db2d8,9210470f-bbf0-4c64-9538-eafcd517a6c9,fe136b10-6cc6-46e9-b098-3d6bccd9faa1,150300,2026-06-18,542,90+ Days,Customer
0edc2656-a133-41ff-beb0-6d88875f4a05,e3d791cd-8bf0-4abd-b371-0b0800b4f20a,c85bc981-2783-4667-b9a2-6b7b3c28bb1d,150000,2026-06-18,275,90+ Days,Customer
8a75c590-739a-4a53-9cd0-3105a9c691b7,f0c11e44-1236-4c2e-8285-613ab5dec4ba,5992d929-49ac-46f2-a9f6-91dc8cb2e4a4,149500,2026-06-18,573,90+ Days,Customer
1bcc535c-9566-4d95-ae50-733ef54e282c,2ae86115-7910-4054-a4c7-724545e24184,cb1333b7-0d5b-40a9-8730-db44ef649e14,148720,2026-06-18,563,90+ Days,Customer
2bda1008-3cd8-4431-b761-afec7ab224d5,271cdaa5-4d7d-46cd-9a43-7e3bb4bb922a,f16fedd1-e380-40de-a0cd-1c6b43793f1d,147734,2026-06-18,606,90+ Days,Customer
8111e820-ad01-44b4-a6f3-fd0811b54265,753d1c5a-1252-4a9e-bdf1-fd0922fbb352,8ed7dc37-2d42-45e5-9edf-e19b25b18c7a,147500,2026-06-18,715,90+ Days,Customer
fc5144d7-a400-4f77-b389-e53c5a487b76,9ef1c398-08d9-42ff-a90f-e79958f2aadc,9b3a9153-486e-48ea-98bd-92b3a8a2d0ab,147000,2026-06-18,155,90+ Days,Customer
f5e01ebb-1462-48ad-9e3d-c031da352619,6ac17d2d-b392-4ad1-b9e5-2f99412792f8,729f73a3-7ae6-4767-8175-e812a30e0e6f,145960,2026-06-18,660,90+ Days,Customer
712d5913-cae8-4bcf-b809-dcb808da9133,94840a95-c5bb-495e-a6b6-b69f8754b8b8,b4482e65-4414-4a14-a92c-3049e91f27ef,145240,2026-06-18,468,90+ Days,Customer
1d8aed89-7287-414c-bc9f-2ef8f84216b7,d11168e8-0acb-4143-82e4-419e25634be8,eee5e0e2-e46b-43f3-8c13-872b98079111,145000,2026-06-18,361,90+ Days,Customer
85d20872-6914-409f-a48b-bf16cf9fc90b,f0fcd114-c83c-4557-ab8e-29869eb50b7b,44ef316d-f7be-42d6-b772-5d30febb8b96,144999,2026-06-18,290,90+ Days,Customer
554a1427-6777-4e73-ae59-62dcc1aaf7c0,71be3019-2872-4e46-9e8f-941663554ca2,acca3e94-15c3-48ff-b82d-f99f56f776f8,144375,2026-06-18,392,90+ Days,Customer
d1852751-91ee-482a-9400-30b67944cbf0,9210470f-bbf0-4c64-9538-eafcd517a6c9,68708701-ad71-4212-bd12-a030efdec6f1,143650,2026-06-18,588,90+ Days,Customer
15fa8bec-873b-48aa-9866-3c3ab0131c94,cc1c75ac-51c8-428e-9f70-77c001aad47c,388a6c92-dd05-4c56-99d7-607e54bde4a6,143200,2026-06-18,154,90+ Days,Customer
ed2a590e-917d-4e42-ada3-e8ef5cd0fef7,ad2d5f70-bfd7-4a66-b4eb-b5eaba104188,ca4cdb68-1de2-4c69-873e-129b9fe639aa,142400,2026-06-18,709,90+ Days,Customer
eca911d7-91d0-4d52-8fba-d11353a694bc,71be3019-2872-4e46-9e8f-941663554ca2,4221956d-10eb-4e0f-81b8-460f9ee15d30,141861,2026-06-18,239,90+ Days,Customer
6bb383b0-b328-4f5a-90b9-01a27e53e34b,51bf73f4-c8da-4e75-b5c1-72b2dc1014a0,a985579c-c6f3-4f3c-82e5-2f0205fb876e,141500,2026-06-18,311,90+ Days,Customer
7ffab5a5-b25c-41b1-9c2c-b5850a380b0c,71be3019-2872-4e46-9e8f-941663554ca2,98800c13-c06f-4893-ab26-89ab0ee6ceb8,141000,2026-06-18,225,90+ Days,Customer
42b80901-d4d1-4745-a286-4afe6f1c2184,68cc1905-5179-4234-8c85-ffc6f7f1c4b5,30b0ef1b-2757-48d0-a4a5-c90d732ba32e,140000,2026-06-18,417,90+ Days,Customer
3fe3771e-bec4-449a-aa11-22b91cd70a2d,c622c3d7-9289-41b3-ab8e-2c29215faa4c,119bd06b-3da4-494b-94f6-03789d0825f1,140000,2026-06-18,483,90+ Days,Customer
f1dc5c8e-8850-454c-a5c8-b70c0e7df3b2,c10c3408-1a47-464d-9517-5024fa2d007d,220099da-169a-4664-a482-4ebe3d26c5d0,139500,2026-06-18,499,90+ Days,Customer
0f7d500c-8a38-4423-ae7d-9a9d27d8fbb9,71be3019-2872-4e46-9e8f-941663554ca2,f39f3214-3952-4eaa-bd76-d0efb7013d17,139500,2026-06-18,314,90+ Days,Customer
1a803ae0-5089-4bea-9011-ee758720e345,51bf73f4-c8da-4e75-b5c1-72b2dc1014a0,ee082e5f-f6a1-4d12-841a-c64b31c7ec64,138810,2026-06-18,203,90+ Days,Customer
56a7a2bc-7148-432c-859f-e2c820918d0b,d70971cf-d8a3-4155-92ac-d00095d6cce3,c7b9fcaa-b3bb-4e27-a264-87f46ba92299,152100,2026-06-18,583,90+ Days,Customer
9e1799fb-ca41-47f7-a316-2755c8b3adb0,ccf0936e-491c-4ff2-8abe-a57cd3abf497,0afaa726-c953-4836-af84-b1c0ce691813,138000,2026-06-18,405,90+ Days,Customer
721f45f0-45d7-4130-a065-353cbf267242,51bf73f4-c8da-4e75-b5c1-72b2dc1014a0,2c708aef-cee6-44f0-bd8d-9d40babf86f6,137500,2026-06-18,290,90+ Days,Customer
9a2ff68e-ee32-4858-ae8a-d69bbd7c17ab,d604343c-0482-49ed-80ec-28e4aa0c3fd4,08a03687-2ba4-455b-a664-c2cf9144c16f,136875,2026-06-18,277,90+ Days,Customer
027bd95f-aa3d-4416-a0ab-a0a65f9b54c4,1f1746d2-52c5-4dc5-aadf-ea179bd755e0,31d9de26-2334-4965-9c59-b111ad98a720,136000,2026-06-18,491,90+ Days,Customer
2a879f0d-2b0d-44a8-9fd1-7ef7ef51c408,68cc1905-5179-4234-8c85-ffc6f7f1c4b5,89a103ab-04ac-409d-a010-9f5dbad0b513,136000,2026-06-18,396,90+ Days,Customer
a1c59b7c-58e1-4910-8bb4-2e1858e1bf82,e0140edd-1909-49ae-9bdf-d36e683f578d,c3d55a6b-0a48-4b85-9203-887539e4756e,135200,2026-06-18,596,90+ Days,Customer
a144c12e-1881-42ed-ba62-e309ef8d543b,51bf73f4-c8da-4e75-b5c1-72b2dc1014a0,5eecd21d-d19e-4119-bd27-817858da828b,135000,2026-06-18,259,90+ Days,Customer
ee2b8e5e-5a3a-44f1-83ff-69d4f09287dd,61ceafc3-1171-49cb-8c7f-9f3856814a3e,9b0264c6-163a-4f6b-b1c3-8ec730a1a739,134500,2026-06-18,489,90+ Days,Customer
36ce48b9-3c65-40cf-8de3-2fb3cb44f58a,cb55367a-1da2-40df-aac3-6ea2d3ef7d67,3d2e0f77-d20f-4b27-837b-55811debb3c7,134400,2026-06-18,734,90+ Days,Customer
5c193802-881c-4e0a-ad79-0472053eb487,71be3019-2872-4e46-9e8f-941663554ca2,9a16ebbb-f02c-468a-bf3c-691568c8bffd,134000,2026-06-18,380,90+ Days,Customer
ed3ae366-9830-4c70-9462-5c10f24ed117,d604343c-0482-49ed-80ec-28e4aa0c3fd4,9ec41a4f-6008-4f02-8fbc-3fe7228e41ef,133399,2026-06-18,538,90+ Days,Customer
127b4a49-9ee7-45b8-9ab8-a196c26aba26,d604343c-0482-49ed-80ec-28e4aa0c3fd4,d8a8b234-4c66-4338-94a0-553b24ade87c,133000,2026-06-18,144,90+ Days,Customer
0aaa0a70-fb43-4ab9-8586-fcb0bd04e1bb,e81165ad-05bb-4b73-9bde-443bc6e8b08a,4389b2ff-94c7-421c-8e8c-cb6b648e2756,132450,2026-06-18,457,90+ Days,Customer
437d7890-10ef-435d-af50-2158cce59178,f0aca777-38ce-4a56-9108-dbbfb2edb831,5aa3bf8e-a629-4c76-a4dc-dba715d1655f,132000,2026-06-18,578,90+ Days,Customer
2061eaad-d2d9-4a4c-bf28-b2d29cac0e37,71be3019-2872-4e46-9e8f-941663554ca2,6ce2d0d9-3c8c-4c9f-85d7-9fc585c53fa7,131250,2026-06-18,525,90+ Days,Customer
47ee1d19-ab90-48f7-add6-1e61a4d417b6,8da5249a-c2b8-48c3-b61c-12ecf6d898d8,6e97874d-31e9-4140-8493-7bd527c52689,130290,2026-06-18,750,90+ Days,Customer
b1d59e3c-f2a2-4e9a-a713-91d1ff539766,46259c13-632d-449f-a96f-f1deab0e0046,73343bad-8d7a-4b81-9ddc-f013efbaebe8,129600,2026-06-18,143,90+ Days,Customer
cbb3d2b5-4b47-423b-b8bb-e9453669dfb3,71be3019-2872-4e46-9e8f-941663554ca2,079363d8-fc8f-49b6-931d-e5c75ce9c5b9,129560,2026-06-18,462,90+ Days,Customer
7f9e6415-92ed-42ab-b0bf-2993066bac52,61ceafc3-1171-49cb-8c7f-9f3856814a3e,d84f3cf6-113c-49b4-a8aa-292bb8972d1d,128600,2026-06-18,566,90+ Days,Customer
794e8967-a1f9-4cdd-bb78-50108c0f8d37,b68482aa-3798-4bc4-96c2-ae22f9e1f162,4e4123bc-5d03-4ebb-809a-83a1f95e650d,128100,2026-06-18,507,90+ Days,Customer
de4c2c73-9e6d-4807-bb9c-e3d585c0614e,94305b80-a7ed-4533-95c9-3e5182e4e042,6f3643ba-c90f-40f7-822a-f9375cdddb8e,127500,2026-06-18,605,90+ Days,Customer
1c396d7f-753b-41fc-8aad-72b276872743,2ae86115-7910-4054-a4c7-724545e24184,2f2d4a58-3f47-41e9-b601-c20b701b2fd7,126750,2026-06-18,583,90+ Days,Customer
6bcf29eb-5c93-4680-936a-3bb98107bd8c,271cdaa5-4d7d-46cd-9a43-7e3bb4bb922a,49751fbd-fcd4-4891-bc84-ee8cfb1958f0,152000,2026-06-18,622,90+ Days,Customer
7abec0ba-a2e0-4ecd-b81d-5b5629bb3824,b40a002d-568f-4cae-beb7-9546cfedd363,f0b7baf0-94fd-4776-9919-9777da6e55a9,150450,2026-06-18,267,90+ Days,Customer
6d772ea5-012a-4728-806e-7816ebac2712,e0140edd-1909-49ae-9bdf-d36e683f578d,37a5bb34-f268-456d-bca6-b0d180066613,150000,2026-06-18,563,90+ Days,Customer
da0c7987-1994-4b61-8b0f-771f7035ced1,4a2fd5e6-afab-4172-805b-138784a26981,93e9a963-30d6-4aba-836d-29e5d2a8c75b,150000,2026-06-18,638,90+ Days,Customer
32a52cdb-4b92-4868-9f55-27db721ad2cf,71be3019-2872-4e46-9e8f-941663554ca2,ba17fbf0-75c5-46a9-8383-9e289d0bec62,149439,2026-06-18,132,90+ Days,Customer
12f78009-383d-4f45-b42d-3d9ae36ca92b,51bf73f4-c8da-4e75-b5c1-72b2dc1014a0,69edd578-4e29-4300-ad80-6cda3cc5422c,148210,2026-06-18,210,90+ Days,Customer
a56b6895-6df8-43ef-a5f6-b0c907a5f97f,e8713488-b03f-4909-8b9d-63fc25a8d5b1,7b61c5ca-69ac-4068-9c3d-bed825549310,147800,2026-06-18,772,90+ Days,Customer
86ad0413-250e-4c2b-830c-724809fe0ee5,f0d5b006-a306-4779-837b-1a3c581d7119,79ca06bf-fd1c-4526-a92f-4be8956f75c4,147600,2026-06-18,539,90+ Days,Customer
aeaa22d9-271f-4b90-874a-0d7d4043dfbf,68cc1905-5179-4234-8c85-ffc6f7f1c4b5,e4c21475-094f-4403-baa4-76ecbe3dfb56,147000,2026-06-18,637,90+ Days,Customer
07fbf5bd-c4d9-430b-8fd9-792e0cdec2ca,b077f4f7-954e-4c70-935a-84ea00d1f006,d0fae024-5d9c-407d-805d-bea163a11a17,134250,2026-06-18,119,90+ Days,Customer
f6f34025-cf30-4a84-a6e5-fa0dbf7a1ecb,d11168e8-0acb-4143-82e4-419e25634be8,d683b4d2-ccad-4227-ad4e-1dfc6ba787df,145000,2026-06-18,353,90+ Days,Customer
5561f83a-8150-4696-8cb1-ded7d633458c,71be3019-2872-4e46-9e8f-941663554ca2,2b203e92-dce5-46ee-9120-4663636ecd47,145000,2026-06-18,368,90+ Days,Customer
d1c9e65c-a60e-47f4-9902-3c130e257345,68cc1905-5179-4234-8c85-ffc6f7f1c4b5,29cd24e0-a447-4424-9ee5-88455996a648,144000,2026-06-18,441,90+ Days,Customer
77808d7f-9fc7-45bd-a002-097056b826eb,f0fcd114-c83c-4557-ab8e-29869eb50b7b,603c8af2-9963-4f6e-9b3e-af1536bb7091,144000,2026-06-18,357,90+ Days,Customer
f0201c3e-e213-4bef-83c1-1fff81d58841,1b26bda9-29c8-40be-b94f-175245fea47c,9c251dd3-eb12-440c-a504-6fcecbac193f,143200,2026-06-18,150,90+ Days,Customer
c0ecdbf3-7005-4316-9595-b1be360beac1,b68482aa-3798-4bc4-96c2-ae22f9e1f162,75fffe49-a46d-4c75-8c59-2d02699a726d,132000,2026-06-18,533,90+ Days,Customer
56fa6e8c-f5af-4d53-a2e1-7e2598998e1f,b68482aa-3798-4bc4-96c2-ae22f9e1f162,023a76d7-9c29-4ac4-959f-3cc1c3f40d4f,142000,2026-06-18,365,90+ Days,Customer
3afa7b4a-b26e-4efa-99f6-99a2e4c21a76,71be3019-2872-4e46-9e8f-941663554ca2,7e2e9a0b-1f25-4881-a1b6-4d1ad18019f9,141575,2026-06-18,590,90+ Days,Customer
dd312944-019b-4460-94d9-9c9b79786b93,ebd4b889-4b94-4c8e-acde-8b3b5f560d31,43a6f501-203d-449a-be9d-7e736ed5ff6f,141000,2026-06-18,231,90+ Days,Customer
47dcb870-e67c-45bb-95a2-29966d002661,3f5f3d50-1c6a-40ed-b9f7-54abb1203a7e,397e41bf-4eb0-4135-bee6-ba7d9c2481f1,140000,2026-06-18,434,90+ Days,Customer
41613372-43c5-4930-b3f1-5177e5d4756e,b68482aa-3798-4bc4-96c2-ae22f9e1f162,cd1f5849-5ece-4d5f-9c2a-fe84b07d23e5,140000,2026-06-18,438,90+ Days,Customer
194c930c-1010-4d99-8c93-31455dc9a7b7,c622c3d7-9289-41b3-ab8e-2c29215faa4c,7f10468f-4fd3-42b7-8768-da676d47d596,140000,2026-06-18,513,90+ Days,Customer
44db4dbf-c692-4599-82f0-8e15620bd48b,71be3019-2872-4e46-9e8f-941663554ca2,f10ba014-2639-412a-ab1f-8ba33f871b01,139000,2026-06-18,325,90+ Days,Customer
0aa365e3-684a-437c-ba94-565e5c3862be,d604343c-0482-49ed-80ec-28e4aa0c3fd4,e8029d86-f628-49c0-a138-f8701a061b52,138875,2026-06-18,531,90+ Days,Customer
bffcf19f-3ed8-4784-9757-602735da479d,ebd4b889-4b94-4c8e-acde-8b3b5f560d31,88c3efee-58b5-4606-91ac-af364aff849f,138050,2026-06-18,186,90+ Days,Customer
f1104996-ea6c-46e2-9f83-adfa30b409a7,8da5249a-c2b8-48c3-b61c-12ecf6d898d8,50f397e9-60be-4fe9-9a8b-6607885b9ba1,137600,2026-06-18,610,90+ Days,Customer
1789acee-3448-49c7-8683-d128e074e56b,2df9cb4d-3931-42d6-b71e-03529a9850cb,4a49a0ad-78ac-447e-ab69-2c2bfa774a17,136901,2026-06-18,216,90+ Days,Customer
a30cb9b4-3445-4848-abf7-2577b3a77178,68cc1905-5179-4234-8c85-ffc6f7f1c4b5,910f8e45-7f46-470e-85bf-d67edace6f30,136000,2026-06-18,357,90+ Days,Customer
df16ea88-55c4-42f1-b8af-5417d140f3ee,d11168e8-0acb-4143-82e4-419e25634be8,2d553151-14d4-4254-a630-a0fec5c652b8,136000,2026-06-18,589,90+ Days,Customer
41ddb509-049c-4a4c-b85a-6c27dec0b164,18ed5164-13c9-428c-bfdb-9e6c34e7cb1f,477454c0-8470-44cc-8226-49206502afaa,135900,2026-06-18,590,90+ Days,Customer
a93f73cb-2e06-47ce-8b94-7dadfc3fc5fd,544b625f-ef7d-4644-83c2-95bbc0c417fa,2c1b18ab-1eab-4268-a9d6-083d94b8fb81,135000,2026-06-18,352,90+ Days,Customer
164811f6-a0c4-4845-84a9-82b4ca258743,71be3019-2872-4e46-9e8f-941663554ca2,9293a6ed-317c-48d1-ac3f-8284aab041cd,134400,2026-06-18,521,90+ Days,Customer
75146e1a-22c9-41d9-ada5-a92c18e1a4fc,96b16a85-109f-4221-acc1-70fa87bccddc,a1182dc9-5048-49e2-874e-e2a71c4253ba,134250,2026-06-18,112,90+ Days,Customer
f61dbbf1-691b-478f-a635-6be294653614,71be3019-2872-4e46-9e8f-941663554ca2,859a2523-a3dc-49cf-8f0e-0cba3a25c0cd,134000,2026-06-18,374,90+ Days,Customer
46353bb8-2104-40c7-8d4b-a1d2436fa116,94305b80-a7ed-4533-95c9-3e5182e4e042,a637d897-fd89-4b0c-a26d-b70f4b90ac8c,133675,2026-06-18,622,90+ Days,Customer
1939a923-8f99-4500-b261-2e8f592b3962,6e294634-9504-4be4-960e-df2f3ae4b416,3c40670a-51d8-47ab-8781-ac36216bab39,132500,2026-06-18,311,90+ Days,Customer
63691cd2-6798-4656-98a7-cf67b04b6746,f0aca777-38ce-4a56-9108-dbbfb2edb831,043960c8-d409-49d5-93c2-6225aa8f7c23,132000,2026-06-18,567,90+ Days,Customer
326e4408-4e1b-4359-b79c-5c7edfe733cd,02da9eae-b45b-4b42-820f-926f0a158850,bef7399c-4e59-4942-af95-2bf31e517670,131700,2026-06-18,671,90+ Days,Customer
1e83365e-2e6e-44f6-aee1-a71d149eaebd,71be3019-2872-4e46-9e8f-941663554ca2,45e38887-9717-4aa1-87b8-a477c1e3e1e3,131250,2026-06-18,351,90+ Days,Customer
39d2bfc0-9cfb-44a8-8558-e6e344b8992c,d11168e8-0acb-4143-82e4-419e25634be8,ee2a0d67-ffd9-476d-a29b-024d84bc254b,130500,2026-06-18,395,90+ Days,Customer
aaf53bf9-3d31-4adf-8249-24d9abef1563,51bf73f4-c8da-4e75-b5c1-72b2dc1014a0,aae1ef9b-c2c4-4da5-8180-5893cd822a0d,130000,2026-06-18,357,90+ Days,Customer
cd2173f5-712b-422c-bd89-4a664aea728c,d604343c-0482-49ed-80ec-28e4aa0c3fd4,db0bc502-a065-4f4d-95a1-84a335b4d83c,128875,2026-06-18,452,90+ Days,Customer
b0d0662e-4216-40ff-8827-0fc59a85bece,8da5249a-c2b8-48c3-b61c-12ecf6d898d8,d273c855-0598-4937-b37d-dfc068499d93,128625,2026-06-18,517,90+ Days,Customer
bc591a01-2b10-4844-b476-319c7b8c28b3,b68482aa-3798-4bc4-96c2-ae22f9e1f162,0e058e4e-a342-4c34-b3e4-5fdbe879a5ea,128100,2026-06-18,388,90+ Days,Customer
bbb9c8e7-5f88-46c6-969c-f65737f55857,242b18b0-2b6e-4ef6-b311-fa29444b997b,940e378a-1c1e-45a4-9ee7-bf40161fc0d6,127200,2026-06-18,143,90+ Days,Customer
22ac94aa-6320-4735-a56d-a3ebff10e40b,271cdaa5-4d7d-46cd-9a43-7e3bb4bb922a,ad3514de-e50f-4c33-9d50-ad7f203b4b24,127000,2026-06-18,354,90+ Days,Customer
11fd8bd1-e789-40e3-ae00-c2c44a8fdc1f,c622c3d7-9289-41b3-ab8e-2c29215faa4c,27eda2b5-c31e-486f-b224-761202d603fa,150700,2026-06-18,472,90+ Days,Customer
15ed9f39-0bf9-4f12-9a41-53559e53e76d,9210470f-bbf0-4c64-9538-eafcd517a6c9,eed6f21e-3fd4-4bdb-a426-1d32415cba72,150400,2026-06-18,588,90+ Days,Customer
545bb098-bb22-4384-b538-b8fa48d516f3,620730fb-8553-46e3-bbc7-c1052de6b4eb,e08c3877-baf2-42e0-93c4-41762c178077,150000,2026-06-18,436,90+ Days,Customer
758e1439-1b47-4036-ad63-77f973caeaee,71be3019-2872-4e46-9e8f-941663554ca2,cee28e00-a88c-4cb7-8b5a-993b2aa2f038,148200,2026-06-18,547,90+ Days,Customer
40ace6dd-f7aa-4d09-9ee4-0368794ed7b4,f0d5b006-a306-4779-837b-1a3c581d7119,fea68a8b-820f-4d19-8fff-2ce38154e0af,147600,2026-06-18,522,90+ Days,Customer
83d06a68-1228-4036-b649-35ae9eb600f9,04cfaf51-5992-400e-b165-162c806cd74a,9900a80e-bb2c-495d-8085-0cb43dff87c5,147000,2026-06-18,774,90+ Days,Customer
743f0607-3a36-4547-8766-d5e99b410f89,242b18b0-2b6e-4ef6-b311-fa29444b997b,c9487acd-54f2-4fed-809a-7f3858b6d204,145600,2026-06-18,203,90+ Days,Customer
0c2d0a18-a76a-4c03-87b5-9718c7c3eade,271cdaa5-4d7d-46cd-9a43-7e3bb4bb922a,e2810d0b-fc34-470c-a2d3-69ce7b4ed24a,145312,2026-06-18,613,90+ Days,Customer
3bc01207-d9a3-4f26-b55b-7268d1cc155d,d11168e8-0acb-4143-82e4-419e25634be8,3279d1a3-2bb0-432e-8fac-a477c0d47cfe,145000,2026-06-18,386,90+ Days,Customer
1c2a186b-8f57-418a-8810-2b8cffa4975f,71be3019-2872-4e46-9e8f-941663554ca2,5fe87a11-4b20-4714-aebe-50396fa07607,144799,2026-06-18,221,90+ Days,Customer
64454994-d44f-4b2f-be25-d421eae21034,9c60d07d-743c-4a16-bb17-5400b3abec5d,c929c0e6-5f37-4e31-b2aa-92c26f9aca0d,144000,2026-06-18,746,90+ Days,Customer
7a618f4c-40ed-439c-bf00-2231ae9bb43e,d70a1f63-f837-43a6-9a85-e5c926dd4536,4e4ad84f-45d8-4fe5-ad7b-fa5ce1dc1154,143000,2026-06-18,358,90+ Days,Customer
b188c4de-fbdd-40a4-b24c-44368ba10fdb,27a12971-33b5-4ba0-970e-6c1a7218f5f4,dcef1315-0f66-4706-a474-c620f1e93d18,142500,2026-06-18,585,90+ Days,Customer
10508ff2-ed57-402d-9aa1-f622b5ed689b,71be3019-2872-4e46-9e8f-941663554ca2,6b678406-5aa5-44cd-94ef-16478d85109c,141150,2026-06-18,468,90+ Days,Customer
0d84fb00-d2c6-457c-82ac-68b77393fb81,71be3019-2872-4e46-9e8f-941663554ca2,f24bd018-8d99-4e4e-aba3-863264345e0a,140827,2026-06-18,588,90+ Days,Customer
ac357306-4369-4b65-b927-a3418de696ad,68cc1905-5179-4234-8c85-ffc6f7f1c4b5,7da60336-c7e8-478b-9280-af23ab0c60d0,140000,2026-06-18,426,90+ Days,Customer
d818061f-f20b-472d-b39c-f1ba1dbfaef1,71be3019-2872-4e46-9e8f-941663554ca2,a1cd077f-10ff-46da-b29e-dcc36a478264,140000,2026-06-18,428,90+ Days,Customer
91609aea-2d2c-4152-a67b-c6e1a95138e4,8da5249a-c2b8-48c3-b61c-12ecf6d898d8,3ce3e241-9bc7-422b-9b38-cefef9994b50,139126,2026-06-18,538,90+ Days,Customer
2660ca71-cc9f-4a81-9455-7fb3aa3461be,71be3019-2872-4e46-9e8f-941663554ca2,a7224b7a-4fc0-404e-8854-f858f02b95af,137949,2026-06-18,557,90+ Days,Customer
db8968de-7b1b-44cb-83a1-1bcdb2c7ac54,0b5f3381-e87a-442b-a7d2-16cc5cffc1ad,c4783338-521e-4405-85e0-52b6c7fa8ffd,133000,2026-06-18,385,90+ Days,Customer
5a469f0e-d136-408a-978b-3161538beccd,e5c192f1-d5d3-4c38-a1ee-af400fe878fb,b016f824-a8fd-494c-95e4-5ab5872d205d,149400,2026-06-18,525,90+ Days,Customer
00db4bd0-f7ba-4d03-83eb-71fa5ff148a3,71be3019-2872-4e46-9e8f-941663554ca2,181518b5-3d96-4bbc-93f6-ecf6d3f03e41,147500,2026-06-18,695,90+ Days,Customer
e296e7e5-8ad7-48a5-9aec-29e6a346b0d3,d11d89f5-a41b-4396-837a-97f0b36fd558,18d7390a-e78d-4f19-9d79-b4ae5f7f6cf6,143500,2026-06-18,409,90+ Days,Customer
ecbc23b4-b60d-4389-850a-9db2a6e5614a,cc1c75ac-51c8-428e-9f70-77c001aad47c,94461715-e567-4bc6-9035-795cb649441e,2685,2026-06-18,296,90+ Days,Customer
ba32bc7e-f26a-4f72-b301-84c3bef70f44,95c5d920-3701-494c-b8ec-568a66ffc4ad,6e2b6a70-1a7b-4dc5-9101-8ce253049594,139500,2026-06-18,529,90+ Days,Customer
58aa5f75-c8be-4563-83a0-da568de58df2,aaeb0740-87f4-4b33-8b8a-50dd7e46d35f,258cac32-8050-4f9e-ada0-ae8e9eac6d81,138500,2026-06-18,174,90+ Days,Customer
57a3136c-f7d2-430c-b68a-383467be4983,0e59f9b8-792d-43cb-a7e3-39a3cbf25ae7,4aaf11c6-723f-476a-91f8-23dfa1099156,137500,2026-06-18,515,90+ Days,Customer
433a1b24-b323-46e9-8a09-f0537545e9b8,71be3019-2872-4e46-9e8f-941663554ca2,75ca92dc-5ba4-44d0-9c4a-8d104e0cfc84,136825,2026-06-18,151,90+ Days,Customer
830df77d-e661-40a2-a4d1-09dd2500d976,68cc1905-5179-4234-8c85-ffc6f7f1c4b5,1be88a32-b78a-4b6a-a777-cffde36369da,136000,2026-06-18,368,90+ Days,Customer
aee7d816-9a4a-4e88-bef1-381b26f9e569,4ef83a84-e315-4f3e-94e1-511f936e9e34,a8fc9b1b-03a3-4d02-845f-69fe9d6c1813,136000,2026-06-18,379,90+ Days,Customer
895b6050-cef3-4874-b29d-065ed685416c,f0c11e44-1236-4c2e-8285-613ab5dec4ba,022fa664-aa3a-4ba3-b721-b1b3a2a324f9,135000,2026-06-18,431,90+ Days,Customer
cefa9ff2-df75-4893-b14b-b22323212d11,f0fcd114-c83c-4557-ab8e-29869eb50b7b,2405062e-f05e-47aa-83ea-e151216e1807,134450,2026-06-18,160,90+ Days,Customer
bf2e6d58-a783-40f3-ab99-4f409abb1f61,26452dcc-3a68-4dcc-bccc-6a76193c5e17,3d620292-a214-44ea-a847-bbdbcc95d82e,134250,2026-06-18,133,90+ Days,Customer
4b1111ba-10c3-4da4-a8d1-88da02e2412e,4b5ac98b-a0ab-444a-a1fd-4a30c7c440a6,ed1848c5-8bec-4190-a415-a57311285aa1,134250,2026-06-18,150,90+ Days,Customer
158a405e-c7da-48e6-a07d-04557c922a82,71be3019-2872-4e46-9e8f-941663554ca2,0344c334-983d-4474-be0e-8973550aeda0,134000,2026-06-18,389,90+ Days,Customer
8d97becc-4f3e-4704-b3f0-d933d1c6674b,e81165ad-05bb-4b73-9bde-443bc6e8b08a,068b1711-ec81-4348-abe7-29544ba255be,133290,2026-06-18,465,90+ Days,Customer
f0eecef4-595a-44e1-9bb7-dfe64a37006b,dd9e4314-694d-4353-8261-817b0794fbe3,d492f507-bd04-44d0-bc0f-9ba7ef271df4,132800,2026-06-18,532,90+ Days,Customer
db907e6d-1925-4e0f-97c7-e60221b1c27e,a8968394-2e9e-49c7-b0cc-e59f81e73825,aff03fd8-82f1-4322-aeaf-7d62c2fde2a7,132400,2026-06-18,710,90+ Days,Customer
c6a7c30a-732f-4968-90b6-723c1b674a4e,8da5249a-c2b8-48c3-b61c-12ecf6d898d8,5de4724e-8307-47db-b8ae-cb74beda6149,131250,2026-06-18,589,90+ Days,Customer
df824d76-27ba-413e-b63f-f638a1af612b,d11168e8-0acb-4143-82e4-419e25634be8,2b022d53-afc6-474e-b8e8-a680e9227b23,130000,2026-06-18,403,90+ Days,Customer
0d4c3e46-be26-4bfd-a5d6-9df5678a1baa,51bf73f4-c8da-4e75-b5c1-72b2dc1014a0,59db0eb6-1256-411f-87e2-6f648bed8dd2,130000,2026-06-18,346,90+ Days,Customer
57123b30-b743-4566-b2ec-fb0faaee14f3,95c5d920-3701-494c-b8ec-568a66ffc4ad,fd171d25-d7cc-4761-805c-3a72022cc938,129000,2026-06-18,352,90+ Days,Customer
0a7b611a-ec48-4dab-bb67-74e111b803f0,71be3019-2872-4e46-9e8f-941663554ca2,a672a4b9-f3db-4425-abec-f71f47db4f88,128500,2026-06-18,576,90+ Days,Customer
acd2308d-8b3b-4a96-9b31-57ab1bff4f85,271cdaa5-4d7d-46cd-9a43-7e3bb4bb922a,c34addd4-e144-4a12-82f9-c42ed83fb55d,128000,2026-06-18,547,90+ Days,Customer
c72f56c9-fa92-4983-839d-222dff249109,71be3019-2872-4e46-9e8f-941663554ca2,c36392f8-c106-49c9-909e-667dab7cef62,127000,2026-06-18,323,90+ Days,Customer
b59e7c76-5b92-406c-81e4-8e2414199ad0,16551b80-b0c1-46d5-8940-71260022fd1c,f991c024-6a40-469d-9408-5087e39cc996,152000,2026-06-18,522,90+ Days,Customer
69ea1522-0047-487d-ac2c-1bcd533519d7,831be7e0-3cb9-492d-9bc6-2df6548e5db2,dfc921ff-98c6-4170-926c-9907613718b7,150400,2026-06-18,422,90+ Days,Customer
c5d0d702-1b9d-4600-9723-5b5249feef27,e0140edd-1909-49ae-9bdf-d36e683f578d,31b93c83-03e2-4d7e-a836-82ab3ff2a92e,150000,2026-06-18,563,90+ Days,Customer
49220565-fbdd-4a51-980d-b148ce9b5ccc,51bf73f4-c8da-4e75-b5c1-72b2dc1014a0,8cca5a93-218e-4264-a19e-4a26b78d50b3,149562,2026-06-18,297,90+ Days,Customer
7227366d-b0a2-45dc-b749-a63ec1e7ac33,ebd4b889-4b94-4c8e-acde-8b3b5f560d31,b6258b84-d93d-408b-bb22-b7c91391bda7,148799,2026-06-18,136,90+ Days,Customer
be85f016-cb21-4d21-94ff-037bbd03065c,2df9cb4d-3931-42d6-b71e-03529a9850cb,70bd1e78-e2e5-4c6e-9573-0bcdcf6e4a10,148199,2026-06-18,230,90+ Days,Customer
5149b624-cbcf-4843-9378-7415d4ae47c4,271cdaa5-4d7d-46cd-9a43-7e3bb4bb922a,0535ff48-4229-4553-bf0e-aef2336c1fa7,147734,2026-06-18,594,90+ Days,Customer
cf28f060-bac7-4c81-ad97-b0abe857458e,0e59f9b8-792d-43cb-a7e3-39a3cbf25ae7,015fa664-365b-4b71-9e15-25df146c888c,147500,2026-06-18,429,90+ Days,Customer
51de9a64-e819-4189-8e6a-a389dfdd8e2d,51bf73f4-c8da-4e75-b5c1-72b2dc1014a0,87d25360-baa4-460f-90e8-79cb1fbf940a,145125,2026-06-18,184,90+ Days,Customer
28682520-f656-4001-b564-de33321d750b,3825ad97-cdb0-424b-b4bc-203d124a3c84,aa6be688-44c8-4e5c-92b9-d88807c27d01,145000,2026-06-18,764,90+ Days,Customer
5c6405a4-4eac-4dda-a722-4a3bb1383a64,f0d5b006-a306-4779-837b-1a3c581d7119,1145d609-d997-419a-85ed-a7bf2d89af14,144500,2026-06-18,468,90+ Days,Customer
15a3cb15-3e23-479b-b650-4e3ed40d050b,68cc1905-5179-4234-8c85-ffc6f7f1c4b5,5fdfe559-a800-4403-85d5-d202f139560b,144400,2026-06-18,501,90+ Days,Customer
2aef20d2-72a9-4a66-a7c2-f0f18b507d08,9210470f-bbf0-4c64-9538-eafcd517a6c9,8e39925c-2719-4e2b-90d2-f62c8c6d6fdf,143650,2026-06-18,588,90+ Days,Customer
9013cfb9-419c-4f61-9ba0-80ff296350f4,71be3019-2872-4e46-9e8f-941663554ca2,524f91f2-ae99-4f79-a349-a2c7409a6dfe,142350,2026-06-18,289,90+ Days,Customer
c9beac75-706e-48a3-ac9e-9c6ce5448d12,d70971cf-d8a3-4155-92ac-d00095d6cce3,e5dd388a-fa28-4a3c-8b8f-4b0a95512f82,140450,2026-06-18,583,90+ Days,Customer
b2558405-3e78-43e1-a577-e839ac0c4460,68cc1905-5179-4234-8c85-ffc6f7f1c4b5,19294c62-d31c-449b-963e-4e199f85fc01,140000,2026-06-18,435,90+ Days,Customer
c090e90d-476e-4574-a6c8-001487b67059,c622c3d7-9289-41b3-ab8e-2c29215faa4c,8483ac7f-da06-4c9d-a70b-61462eee811d,140000,2026-06-18,493,90+ Days,Customer
b97bc89d-f1db-424c-b173-0f063ffa86be,c10c3408-1a47-464d-9517-5024fa2d007d,0863357a-7655-4709-b1e1-079e8d24c6db,139500,2026-06-18,503,90+ Days,Customer
e2365ebb-f871-4794-97ba-f152d2156ead,71be3019-2872-4e46-9e8f-941663554ca2,b0272e8e-527e-4714-906f-284ee6870f89,138960,2026-06-18,191,90+ Days,Customer
d6d5d7c8-2785-4e58-b87c-c8b4967b93a7,be6aebf8-8a0f-4527-a9d4-d94f09f3c93a,9bfeeb59-e7dc-4cea-8bb9-cbfd2a04a99b,138750,2026-06-18,216,90+ Days,Customer
27794015-4180-4e6f-a9fa-689f91d7d773,94840a95-c5bb-495e-a6b6-b69f8754b8b8,b780ec51-62d4-4bfc-8996-33e6b866ab61,138350,2026-06-18,310,90+ Days,Customer
aed48417-8596-441c-9172-0977c95f8792,0e59f9b8-792d-43cb-a7e3-39a3cbf25ae7,c79b4c8a-ab36-483c-bc70-f2ad444f3acd,137500,2026-06-18,534,90+ Days,Customer
eef17193-8acc-4f0d-899d-52cfe80442a4,db45948e-d2df-420d-80dc-f0f3c05d38c9,f816cdfa-1d0d-42f4-b665-7b2b2264d3ba,131500,2026-06-18,777,90+ Days,Customer
330290a9-93ab-4da3-ae8d-a36fa1db16b5,68cc1905-5179-4234-8c85-ffc6f7f1c4b5,4b77eb02-28e7-4d58-9a35-37139c230124,147000,2026-06-18,648,90+ Days,Customer
16f08a8a-d5d1-465b-8664-9b8d5ed8cc8d,71be3019-2872-4e46-9e8f-941663554ca2,219af86c-93e2-411d-a049-d0e70f741002,147000,2026-06-18,728,90+ Days,Customer
6d9bc6d6-4a60-4108-a08b-2e7e1e7e9d9e,c10c3408-1a47-464d-9517-5024fa2d007d,9c9d8c50-25d8-45bd-ac05-19d9296317a2,142800,2026-06-18,531,90+ Days,Customer
1ea1456c-cbf2-47c5-8653-eac4ce09037b,a36a3590-064b-4309-9f40-026d703d2912,41232d32-6ff6-4e41-8446-0d99060187e3,141750,2026-06-18,465,90+ Days,Customer
845163d0-f68a-42af-9833-deeda5c297c4,c10c3408-1a47-464d-9517-5024fa2d007d,fb41d3f2-9d09-4199-b579-030d24b695f6,141250,2026-06-18,518,90+ Days,Customer
42d74fd7-f97a-486b-8460-ed8e1c5b731d,d84fa10f-e368-4548-811b-116d9e6362f2,7ed274d3-cddf-44e9-907f-e97037a941fd,136400,2026-06-18,337,90+ Days,Customer
960f1a78-184b-4e68-aaf8-897bed25f0f3,c622c3d7-9289-41b3-ab8e-2c29215faa4c,959cac92-2972-435e-b028-73fbcb6e2021,136200,2026-06-18,457,90+ Days,Customer
3820ad8c-728c-4f26-8e8e-0ad4e5a23d82,d11168e8-0acb-4143-82e4-419e25634be8,5b8bf3b5-0080-4597-9c0a-b374dc8fe639,136000,2026-06-18,605,90+ Days,Customer
240ce327-b609-4f08-b78b-cf068e7fd0fb,71be3019-2872-4e46-9e8f-941663554ca2,b0e4d40e-1346-474b-aa25-19402f82d8b3,136000,2026-06-18,517,90+ Days,Customer
9ff8e0aa-2fe9-4274-8e98-24ca98d57fb8,51bf73f4-c8da-4e75-b5c1-72b2dc1014a0,1bfe47dc-4655-477a-94f5-066ed243024a,134625,2026-06-18,268,90+ Days,Customer
65e27187-ab05-482f-9650-a8b759574fde,e0140edd-1909-49ae-9bdf-d36e683f578d,40de6309-0c26-4e0d-a608-b497de942e4f,134400,2026-06-18,555,90+ Days,Customer
03a43888-8710-43e5-be88-6bf7cd77fb10,ad2d5f70-bfd7-4a66-b4eb-b5eaba104188,e87eeda8-cf72-49d6-8fa5-7c16520a4d23,134400,2026-06-18,720,90+ Days,Customer
06629a58-cee5-4bf7-808e-ea1e7af44f3f,6ef4fc76-da3f-4422-8a17-41c7ecd6dd4f,c6059451-087f-4011-9e18-799d7924d13c,134250,2026-06-18,114,90+ Days,Customer
a5ccc80e-7c42-4436-8b55-7e0cb9f1bcc1,58b85f23-7d8e-4ddd-b8dc-651bccae788f,3b9ff0d8-fa72-4f86-909b-5c143afbf0ca,133600,2026-06-18,590,90+ Days,Customer
7a7ce21e-54f7-4667-99ed-a0d03fa478da,7b237e41-2adb-467e-99f1-32f71332e3e7,b123bfb6-89f4-4c0c-a5dc-8f724aab0cdf,133000,2026-06-18,431,90+ Days,Customer
632cf53d-1ee3-4346-bf59-f3dfdfe69cef,95c5d920-3701-494c-b8ec-568a66ffc4ad,84635abf-6f88-4517-9d41-c0990d6e9ab3,132460,2026-06-18,112,90+ Days,Customer
ecc73863-c432-45e6-b1f5-5174d37f41cb,f0aca777-38ce-4a56-9108-dbbfb2edb831,1bfe637d-1f59-4ab9-b8c2-b1bf88e1e84e,132000,2026-06-18,578,90+ Days,Customer
c7204870-7189-419d-a506-7874f074aa0b,0e59f9b8-792d-43cb-a7e3-39a3cbf25ae7,8358279c-416e-43e3-8849-2c07d938a9a3,131500,2026-06-18,417,90+ Days,Customer
f1bbb87c-eabb-4bd4-a92b-3a92ff811645,2bc5bcfb-185f-4a64-95b6-32efd7cfec25,f0281f70-03d4-406f-bd3f-bbca90ec2e41,131250,2026-06-18,584,90+ Days,Customer
1ae099ab-f5c5-487a-b94f-eaf28ad7b758,0b5f3381-e87a-442b-a7d2-16cc5cffc1ad,b6bfd498-e6d1-4257-87e0-39f088102939,130000,2026-06-18,366,90+ Days,Customer
bd58159a-3354-4908-b790-970538a9797f,741919e5-7b18-4c7d-a2a2-86ee913b497d,5fe29184-0671-41e2-bf43-a830d3d9a08d,130000,2026-06-18,420,90+ Days,Customer
5fcac6e5-5386-4db2-b30c-77180a1bb502,cb55367a-1da2-40df-aac3-6ea2d3ef7d67,7b03281d-ba02-4e62-bdce-f5183a6e482d,128800,2026-06-18,478,90+ Days,Customer
0bb81de0-a0a4-4932-834b-abd60555c5b3,a634d804-50fc-4a92-be08-8137b177867d,99787bff-5904-47c7-bec4-366f3a24a6d9,128600,2026-06-18,532,90+ Days,Customer
10f689c1-f0dd-4b53-9565-4590a335f39e,f0fcd114-c83c-4557-ab8e-29869eb50b7b,0586cb42-a665-4778-ae4b-12a12d65c285,128000,2026-06-18,305,90+ Days,Customer
9df5a9bd-8605-4243-87d5-1850634ac4e2,a634d804-50fc-4a92-be08-8137b177867d,653453dd-6e86-4e87-a48d-e7c3df94339b,127100,2026-06-18,510,90+ Days,Customer
7663d18a-a5b4-461d-a376-a4c2899d4039,71be3019-2872-4e46-9e8f-941663554ca2,34c0a367-b92c-426e-b9b1-bb701ff829e2,126750,2026-06-18,483,90+ Days,Customer
9e338c6b-8e1e-4b4f-b92e-b5ad5a3102c5,4b258052-1399-4244-a36b-e087424e0980,6fd3cdf8-29df-408e-9f9d-04ea084ae98b,151300,2026-06-18,552,90+ Days,Customer
636f3c0f-ec0d-4fa3-a41c-148c2c0e3a88,68cc1905-5179-4234-8c85-ffc6f7f1c4b5,c5abcfee-4201-4138-824d-89393faaa1af,151000,2026-06-18,624,90+ Days,Customer
06696ece-7ae8-4947-ad44-8d351518ffc5,9210470f-bbf0-4c64-9538-eafcd517a6c9,5da78483-0de7-415d-861c-d0fd414f4c4a,150300,2026-06-18,543,90+ Days,Customer
3d363cc7-75dc-4bf3-bad5-11d15dce2751,68cc1905-5179-4234-8c85-ffc6f7f1c4b5,df1efc4f-c2cb-4835-bee4-99f11ce813ff,150000,2026-06-18,493,90+ Days,Customer
a4bb0757-6517-491b-b088-e68793f8a1a1,f0c11e44-1236-4c2e-8285-613ab5dec4ba,0a3e16f8-1f47-4870-84a7-06bfea771a26,149500,2026-06-18,557,90+ Days,Customer
939d4601-0697-4051-a2ee-6cf52b07a8e3,f0c11e44-1236-4c2e-8285-613ab5dec4ba,f8ff269b-f0ae-4b9c-b31b-5219fe9ed40c,148750,2026-06-18,599,90+ Days,Customer
adec78e9-e8e4-44e2-b820-6d669329dbeb,c81204ce-d171-4f1e-a34b-eb7b553ddaeb,5c295d1c-cd26-4123-a484-30aebd627482,148000,2026-06-18,532,90+ Days,Customer
77e4bdeb-5095-48a2-872b-8311dd645d19,f0d5b006-a306-4779-837b-1a3c581d7119,adcc5ce7-db42-4e12-9e76-c5b54a886d05,147600,2026-06-18,532,90+ Days,Customer
cc9860ec-094a-4580-946d-0c92cc2b3f88,831be7e0-3cb9-492d-9bc6-2df6548e5db2,f306f61a-5917-40c2-8422-129bb7b27919,147488,2026-06-18,384,90+ Days,Customer
3ec28b39-a8d4-4fba-8723-aab6a29877ff,f339fea8-85c3-46ca-9d61-5a3dcbbb1b85,e869ee97-fbc7-47ed-8b2c-4fbe2f28ca09,147000,2026-06-18,175,90+ Days,Customer
a3d2622e-dd09-4da6-a42c-f28d38f398ff,58b85f23-7d8e-4ddd-b8dc-651bccae788f,d0c89602-a5ee-49a9-a01b-3a428008a41c,145575,2026-06-18,610,90+ Days,Customer
381ad836-c484-40fc-9312-cc80ae621b30,d11168e8-0acb-4143-82e4-419e25634be8,4201801c-e033-4cf2-a255-9aedecc8231f,145000,2026-06-18,344,90+ Days,Customer
247b0cbd-bfc6-4b8d-9f93-893c84309a0d,7e8dad36-2a64-4fee-befe-3123f6ca73d7,091b18ae-9b0e-470c-b9e1-332bf461fa3b,144000,2026-06-18,367,90+ Days,Customer
a3b15c52-a85d-488e-a6a4-b5482db11854,f0fcd114-c83c-4557-ab8e-29869eb50b7b,5f848b3c-3212-49d3-91ac-1378873f4741,144000,2026-06-18,154,90+ Days,Customer
eeb0069e-bd2e-41a2-b16f-d1369b4a913e,cc1c75ac-51c8-428e-9f70-77c001aad47c,0ac61d5f-25ff-4240-a203-4d589d920f70,143200,2026-06-18,150,90+ Days,Customer
f6b5dd25-53b2-43b0-aa32-8455149909af,1a42863c-c5fb-4bad-bd55-5ec8b0d96206,42fce301-4f9c-4c93-8bbb-c957b2ffe577,142725,2026-06-18,528,90+ Days,Customer
e701fe4c-ac8c-4b19-9523-b9bc99541476,2df9cb4d-3931-42d6-b71e-03529a9850cb,bb5d3336-3032-4a7c-8162-a77ec46cdcb4,142211,2026-06-18,137,90+ Days,Customer
eba8bc0c-9585-411d-9a0a-12055107dcaf,b40a002d-568f-4cae-beb7-9546cfedd363,ca1cb74d-d55b-480e-84f7-830ec8643c28,141600,2026-06-18,266,90+ Days,Customer
2704e398-ed25-4010-b908-0dc165703aec,51bf73f4-c8da-4e75-b5c1-72b2dc1014a0,8528e244-3bd0-4992-b2a3-43a543fee817,141000,2026-06-18,228,90+ Days,Customer
7a29fb95-56c3-47b1-bdad-a77a1f272dcc,5a6fe33a-a836-4dee-9a50-9d39aea8888a,4997ead0-efdb-41f1-a7f2-32a8da90e9b2,140400,2026-06-18,746,90+ Days,Customer
227dbc5d-a6f4-458d-ad87-59316cc17aef,d11168e8-0acb-4143-82e4-419e25634be8,15f1e3ec-5289-410f-a89e-6fb4f621b2f4,140000,2026-06-18,413,90+ Days,Customer
bf3c5f15-56fd-41ed-953b-a447028da1d2,c622c3d7-9289-41b3-ab8e-2c29215faa4c,2f784219-45b0-436e-89e4-0466dfdfc1c6,140000,2026-06-18,505,90+ Days,Customer
30ff0bac-9605-40c3-9f89-9e7a7720fd45,71be3019-2872-4e46-9e8f-941663554ca2,8d3c230e-0b53-4146-9be8-a5e75ae95ba8,138900,2026-06-18,563,90+ Days,Customer
947be975-e638-4d9e-bc84-9ceb203c6c08,f0fcd114-c83c-4557-ab8e-29869eb50b7b,b1de45b4-002b-4df8-b7a5-d058fbe87481,137800,2026-06-18,156,90+ Days,Customer
86849648-c31b-458b-b32e-0feaf98bc376,e5c192f1-d5d3-4c38-a1ee-af400fe878fb,068a7e70-20d4-4740-a28c-5975f8f6dc5b,137700,2026-06-18,471,90+ Days,Customer
a4f5bb8f-859d-4d5e-bbe0-cf20814ffccd,2b6e22f9-25d1-4c27-9859-cd26832f994d,7bc6dd2b-1eda-4e3d-b904-c4df666b8401,145000,2026-06-18,456,90+ Days,Customer
db047e31-be00-420c-bdd3-e7d8d1e26e39,a36a3590-064b-4309-9f40-026d703d2912,7b3268b2-a08f-4cf5-83d9-0e6032be1dc1,139500,2026-06-18,473,90+ Days,Customer
21d51d12-ff73-4bd2-9337-1c566ed7ae9c,ccb49d47-ef18-415e-84ff-5119d836592b,a2adfed8-b851-40cd-8d41-a15399f3b1e7,137375,2026-06-18,758,90+ Days,Customer
ea86a421-b63f-44da-a10a-83a4320cafe6,68cc1905-5179-4234-8c85-ffc6f7f1c4b5,0fd9ca04-1740-4f45-a91d-ee6818110ffd,136000,2026-06-18,374,90+ Days,Customer
38b9c7f3-8e4d-4889-b75d-fa03802f56bf,68cc1905-5179-4234-8c85-ffc6f7f1c4b5,114e12be-d4ee-4737-b59f-0762e55a3467,136000,2026-06-18,388,90+ Days,Customer
1e3ac1ee-96dc-4ca7-bd20-ec571cef579f,e81165ad-05bb-4b73-9bde-443bc6e8b08a,4cebebea-d042-4d0f-b5d6-2870fe736c4a,135056,2026-06-18,458,90+ Days,Customer
652fdb25-4f92-4139-af59-ed468e07bdff,40f85701-0113-4092-bf94-71fce4830301,5b58155b-6d2d-48c6-9f62-a36d3961546a,135000,2026-06-18,592,90+ Days,Customer
80df6a87-e704-4648-85d3-d47bec00539d,271cdaa5-4d7d-46cd-9a43-7e3bb4bb922a,e42a5718-1929-421b-ac9a-13bd85f71fb2,134625,2026-06-18,653,90+ Days,Customer
35515da1-6692-436f-bc6a-4739c0eba20e,ddfcbd9f-71ee-4343-a831-beb7757ac3b0,dd5b2f2b-a33c-4d25-bbe7-6f1ae580689f,134250,2026-06-18,133,90+ Days,Customer
810636c7-6701-431d-8760-0bfba46a226e,6a9deeaa-327e-495e-aa6a-78f88e6e35c3,a19e60ab-d438-4272-a8a7-eb0d7e3b0964,134000,2026-06-18,605,90+ Days,Customer
03fe5495-9b05-48a3-b663-48ce523a4bc1,2941bd55-d0d4-4e91-b8ac-781bc32cf76e,e2b6558c-a89c-4957-977a-814ea6022e5e,134000,2026-06-18,399,90+ Days,Customer
39e022e1-081e-4bb8-b797-646d33689f00,271cdaa5-4d7d-46cd-9a43-7e3bb4bb922a,cb8967c5-cc00-4fc8-be8c-8e7b74aecf3d,133725,2026-06-18,637,90+ Days,Customer
f83021c0-7c11-42dc-996f-e85de76870e2,6e033f20-4870-4327-9719-a6300ec02ac8,10a65f8d-ae2d-439e-bed1-ebc5905a2f90,133175,2026-06-18,751,90+ Days,Customer
fd5d69d5-dd61-443e-ad01-90c89f87da25,ebd4b889-4b94-4c8e-acde-8b3b5f560d31,bc2f6d72-71dd-4352-9b96-88b2016c22b8,132750,2026-06-18,252,90+ Days,Customer
fd4ac267-5b52-4abe-9fe3-639ea339d0cf,f0aca777-38ce-4a56-9108-dbbfb2edb831,06253b6d-0340-4f77-a29f-9d7a01f39c81,132000,2026-06-18,566,90+ Days,Customer
3356842d-3f78-482b-b708-41fca57adb6a,71be3019-2872-4e46-9e8f-941663554ca2,16d16900-56ae-45e3-8eff-d46e3026a00a,132000,2026-06-18,422,90+ Days,Customer
7d539426-a495-4a3b-9471-689d8dc448a5,2bc5bcfb-185f-4a64-95b6-32efd7cfec25,14e38431-3d0d-4987-b1e1-cfbd05e4eb7c,131250,2026-06-18,584,90+ Days,Customer
f335feb7-0fd1-43b7-8911-394606538d0c,544b625f-ef7d-4644-83c2-95bbc0c417fa,3c16fec2-6066-4d43-8d55-4c8db1d3b3de,130500,2026-06-18,395,90+ Days,Customer
c9728bd2-ee5d-43de-be56-a3926fde56bd,c622c3d7-9289-41b3-ab8e-2c29215faa4c,d406e4c1-dee6-4d4f-846f-93a5e3ab7f6b,129750,2026-06-18,438,90+ Days,Customer
25372045-cd23-4c36-8ae7-116b399ad1b4,e5c192f1-d5d3-4c38-a1ee-af400fe878fb,81de7ab9-ea9f-4a24-9b5f-be99fae5b936,129600,2026-06-18,447,90+ Days,Customer
6bb20e6a-f3cf-4d4a-9bd7-8b6606095184,8da5249a-c2b8-48c3-b61c-12ecf6d898d8,6771fa28-ebe5-45aa-b98d-4dcbd8397ba7,128625,2026-06-18,517,90+ Days,Customer
28e18bee-d82e-4589-9db4-dc39f3ff7349,401d1dd1-7487-4d90-ac6b-ce5bc399670d,f6adb192-9062-485b-87dc-e62190b4c978,126750,2026-06-18,582,90+ Days,Customer
6bedc632-c3af-4009-a987-11c659544553,51bf73f4-c8da-4e75-b5c1-72b2dc1014a0,d99bd566-fb9c-4963-9d13-02df1576d467,126000,2026-06-18,337,90+ Days,Customer
a583bd6f-b958-4a06-bb33-f410e1786566,d604343c-0482-49ed-80ec-28e4aa0c3fd4,c31bacaa-debb-42b0-a669-f6f3d6201fe3,125375,2026-06-18,473,90+ Days,Customer
fbd15ee2-97ef-459e-89db-2fe395d6d5f8,cb55367a-1da2-40df-aac3-6ea2d3ef7d67,3081bc9e-dfa6-4471-936a-3af3955bc9ff,125300,2026-06-18,699,90+ Days,Customer
900a0d47-2cd1-4cc4-aaa3-9c2c9f8412d8,dd9e4314-694d-4353-8261-817b0794fbe3,7dcf50aa-42e8-4e4a-9818-f74d084393a9,125000,2026-06-18,417,90+ Days,Customer
d0079a50-bb14-4abe-9dbe-be13e6e68e06,71be3019-2872-4e46-9e8f-941663554ca2,59bf5d36-8001-494b-88ce-485ea5a0d42b,124600,2026-06-18,424,90+ Days,Customer
7f42af26-afb0-4348-80f0-a0b877ae2e04,0ec16e28-c838-45f0-8887-4df2087044f1,db1ba396-c06b-4309-98ac-60fb1ca0fad8,124400,2026-06-18,578,90+ Days,Customer
49e8557d-1691-412d-a0a9-45cf6881e578,dd9e4314-694d-4353-8261-817b0794fbe3,f64bb768-e3a9-48a0-be2c-21aa424e1052,123000,2026-06-18,468,90+ Days,Customer
cf941485-dbe3-4145-b62d-312141bda9a4,cb55367a-1da2-40df-aac3-6ea2d3ef7d67,6c66db39-db73-4aea-ae8f-3aee3ffb3ede,122150,2026-06-18,608,90+ Days,Customer
f915c02b-86de-4b65-9030-572c8ccf0466,935452e3-cd62-48f6-8240-a237fbb049e2,19cb0a3d-2e5a-4e81-b0b8-a48ff36ab496,121500,2026-06-18,447,90+ Days,Customer
5ebab386-3e48-4720-bc4d-88f982333f4e,cb55367a-1da2-40df-aac3-6ea2d3ef7d67,1e9ac0cc-6c4e-47e5-bfc3-849a94b0215d,121100,2026-06-18,536,90+ Days,Customer
ef0dce97-eca0-4242-be95-66c932b4493d,51bf73f4-c8da-4e75-b5c1-72b2dc1014a0,f9166e5f-a28b-41ed-8acc-c9651f2e8217,99150,2026-06-18,223,90+ Days,Customer
a396a0e4-bcd6-4b21-8ee9-2217cc111b79,71be3019-2872-4e46-9e8f-941663554ca2,d8f18089-2adf-4025-9023-59a6281ad9ed,99150,2026-06-18,214,90+ Days,Customer
fb9907b6-ed14-46b3-bfb8-236d2d25268a,03bd20ce-37d4-442c-a886-6aa7e6737023,17600f5b-4ecc-41d3-81ff-cd7c05c03f86,98000,2026-06-18,555,90+ Days,Customer
92eccf28-ef96-419e-adcf-25de629d8b99,03bd20ce-37d4-442c-a886-6aa7e6737023,8a629218-d5c2-484d-9a0d-d39924857e06,97000,2026-06-18,479,90+ Days,Customer
663e420a-a6be-4d72-9484-438dc641ed0d,cb55367a-1da2-40df-aac3-6ea2d3ef7d67,d02cf57e-fff7-4309-a8f2-8ee1ce074b96,96950,2026-06-18,319,90+ Days,Customer
3a747cc2-e44d-4dd0-a73f-ae8e82796e37,71be3019-2872-4e46-9e8f-941663554ca2,b5d15e8d-cdbe-4d2b-9738-3c34295e8408,95700,2026-06-18,564,90+ Days,Customer
cfbedaed-66f2-4a06-8352-bf4c62775397,71be3019-2872-4e46-9e8f-941663554ca2,5f265fcf-feb9-4bef-aed9-5837ae9695d4,95000,2026-06-18,461,90+ Days,Customer
e7b0dd61-7dfa-47e8-9f53-b22d40a81179,71be3019-2872-4e46-9e8f-941663554ca2,4b4feebe-cb95-4872-9d27-ab67ab175b60,95000,2026-06-18,549,90+ Days,Customer
2c91dfa8-1712-46ba-8d74-f5bf9b62ece0,f0c11e44-1236-4c2e-8285-613ab5dec4ba,30432835-0099-4b04-8940-2245b1cfcbab,94500,2026-06-18,642,90+ Days,Customer
ab14a728-982b-4ef9-b5cb-c121551ad836,c8d7c2f1-3d8a-4eeb-a5df-3203903398b9,32e364d5-850b-49cb-9ac9-c36d3292eb67,94470,2026-06-18,610,90+ Days,Customer
db13833d-dd1a-406f-a17f-cbb0bd2bafe4,6a9deeaa-327e-495e-aa6a-78f88e6e35c3,d74db4cd-8789-426b-b85f-5c480346792f,93950,2026-06-18,756,90+ Days,Customer
d90030a0-cbd3-4872-afc9-9e35ad6fda91,95c5d920-3701-494c-b8ec-568a66ffc4ad,a61368df-68ef-40d7-8a12-7a54dcefcd38,127500,2026-06-18,577,90+ Days,Customer
4d533fdd-a1c7-4728-aef2-7054345604cd,34fda2a8-c86c-4abc-ba47-e3a71458c7d4,3e116a7f-a6ec-4690-8822-5f59db1aa784,124000,2026-06-18,324,90+ Days,Customer
4043fc95-87de-46f7-91ad-9250c9bf9e78,c62ed87b-e442-4815-a36e-6b634e3628f1,b5356399-f17b-4ed8-85ba-4fcb26e04530,123000,2026-06-18,613,90+ Days,Customer
f83f9f85-b4f1-4360-ba95-aa8bd329feef,71be3019-2872-4e46-9e8f-941663554ca2,2e8b5c52-9a23-4975-8eaa-e0fcc9bef3a2,98890,2026-06-18,749,90+ Days,Customer
435dc900-8038-4902-a50b-255e8b9e3bdd,c10c3408-1a47-464d-9517-5024fa2d007d,8416be74-80dd-435e-9437-5d5ea7252c2a,97350,2026-06-18,555,90+ Days,Customer
4455cc02-28d8-4537-ae02-eb5fd4d1212d,0ec16e28-c838-45f0-8887-4df2087044f1,eed8f2b2-53b9-4546-b504-de3cf1ef5a3a,93437,2026-06-18,630,90+ Days,Customer
6a5b57c2-6310-4841-8140-5491cf737459,71be3019-2872-4e46-9e8f-941663554ca2,242d3ca9-575e-4ce1-93d6-b769be8b8944,92500,2026-06-18,241,90+ Days,Customer
cd9966a3-ff92-4526-a23f-8f601b81d128,271cdaa5-4d7d-46cd-9a43-7e3bb4bb922a,33dbe04e-394d-472f-9d98-726b26e0b6c7,92000,2026-06-18,193,90+ Days,Customer
60e5c422-5f32-4b6c-91af-bc56f3ad949a,74b1641a-f560-4f91-a115-f11a494da19c,006c49a7-607b-4bcb-aa27-5c3d737cb063,91250,2026-06-18,567,90+ Days,Customer
ec409f08-2d6f-4305-95c0-747b4bedb1aa,d604343c-0482-49ed-80ec-28e4aa0c3fd4,8eb1f917-576a-49fe-bc26-6e6ea679f89e,90890,2026-06-18,331,90+ Days,Customer
bc6b41fa-0026-4e4d-bc06-84f9e9f6fe1b,71be3019-2872-4e46-9e8f-941663554ca2,aeb174c6-7ee6-481f-88a2-895eb6ae187c,90200,2026-06-18,486,90+ Days,Customer
58b3c742-9ec0-41b1-ae49-f8fe8a7a2963,95c5d920-3701-494c-b8ec-568a66ffc4ad,f1147e16-fc97-4772-a524-13e649916649,89500,2026-06-18,134,90+ Days,Customer
10e4bdbb-c3a9-4f8f-9989-eb6b6775ce1a,ccb49d47-ef18-415e-84ff-5119d836592b,87f70088-ec41-4bb4-a438-7299c0d22e0b,88950,2026-06-18,626,90+ Days,Customer
d7ceb238-48a2-49f5-bfaf-7b3185137f9f,2df9cb4d-3931-42d6-b71e-03529a9850cb,1d7d71e2-9c97-46dd-8266-c4164ce90b2f,88800,2026-06-18,416,90+ Days,Customer
46dcd502-fa17-4d41-8231-88d5c6bf4861,db0bd5b6-c001-485c-b548-de7dabea0a92,523bbb2f-902c-4115-a0a3-bd928862e95d,88249,2026-06-18,394,90+ Days,Customer
b51a9829-de86-4e8b-9d19-94716c94b556,8ac81b6c-e956-4800-96b8-b4a0b2f7c712,cab9d187-f8c6-4b2c-bfd2-dead1817a3d8,87875,2026-06-18,589,90+ Days,Customer
b56b66a7-38af-49ee-967e-47103a4c567c,544b625f-ef7d-4644-83c2-95bbc0c417fa,e3b28ea5-0867-487f-9609-13960e2a5bc9,87500,2026-06-18,534,90+ Days,Customer
0b506bcf-c0cc-4ef6-a9dc-575dae926766,0e59f9b8-792d-43cb-a7e3-39a3cbf25ae7,29dcbf54-a494-4537-9d26-3177143c6a98,87500,2026-06-18,612,90+ Days,Customer
8a349765-e07f-47da-aaf4-012abcc5a001,e81165ad-05bb-4b73-9bde-443bc6e8b08a,46f9a22d-c7f6-43b0-8495-94a7ae631afd,86650,2026-06-18,410,90+ Days,Customer
832577cd-6863-4050-b280-c5d91ac4b78a,f4365c09-2c12-4388-9e00-68fd7a957575,cc6dad93-674a-4708-af58-7fa0b0431f6a,86500,2026-06-18,584,90+ Days,Customer
bf02040b-8e80-4cd1-b0d4-6c078c4e7f96,ad2d5f70-bfd7-4a66-b4eb-b5eaba104188,8ceb8b48-088a-4b7d-8331-34f90211b9f5,86400,2026-06-18,738,90+ Days,Customer
3efd89f9-ec7d-4d2b-93b9-44abd67fba8a,d78da672-2264-4485-aa03-b559e81130e6,934522db-5bbc-42c0-80f9-8096fd6f4823,85500,2026-06-18,541,90+ Days,Customer
7b3d6c7b-1984-4971-9eed-c96abfca33aa,cfd6ccb7-f394-460e-ba59-b25dbbaeaa99,b946ccca-2dbc-463d-9ce0-55530e33544b,85000,2026-06-18,556,90+ Days,Customer
dcb69b49-93a9-4232-b2b4-a645f2d3363f,cfd6ccb7-f394-460e-ba59-b25dbbaeaa99,b935e4b9-3466-446d-999f-845b42e3a9ce,85000,2026-06-18,590,90+ Days,Customer
6660ecb1-512b-47b9-b28b-7a0c85500c8a,2df9cb4d-3931-42d6-b71e-03529a9850cb,ed6a2de5-f872-4ca7-a68c-76c6b774b9b1,85000,2026-06-18,547,90+ Days,Customer
d86f85a9-d22a-462a-be32-c3640aff394e,d11168e8-0acb-4143-82e4-419e25634be8,2d31cb48-e6b1-4873-b6c8-fb6c7c4a3782,85000,2026-06-18,476,90+ Days,Customer
127f7fa1-4e30-41f1-8447-380e4dc7b895,db0bd5b6-c001-485c-b548-de7dabea0a92,33c3f5ad-551d-465c-8d35-4290ccda6444,126000,2026-06-18,258,90+ Days,Customer
886fed96-255d-41df-975b-128af3de4b20,71be3019-2872-4e46-9e8f-941663554ca2,54adfd6a-5986-4a35-8743-fc3a50da3510,125500,2026-06-18,482,90+ Days,Customer
4e9773ec-005d-444a-8b7d-978adeb84d0d,8da5249a-c2b8-48c3-b61c-12ecf6d898d8,d876add8-bc6f-4326-a8fa-9591f1523161,125000,2026-06-18,501,90+ Days,Customer
74c00990-c6ba-48ed-bb8d-b23267153bae,71be3019-2872-4e46-9e8f-941663554ca2,ef8057c6-95f4-451b-bb72-0ad82527ede4,124875,2026-06-18,454,90+ Days,Customer
050b8c30-b3b3-471d-9113-a53de7c6c7ff,271cdaa5-4d7d-46cd-9a43-7e3bb4bb922a,277d42d6-a048-4fee-95e5-8063c4edf564,124250,2026-06-18,326,90+ Days,Customer
30b4d247-5859-46ac-b84e-3c7aa5e72019,cb55367a-1da2-40df-aac3-6ea2d3ef7d67,af5c95a7-8be8-4a0d-bd5c-b6aa00adbad4,123900,2026-06-18,686,90+ Days,Customer
39d9ff7a-5382-484b-8368-dc091904ffdf,cb55367a-1da2-40df-aac3-6ea2d3ef7d67,eb8b5d57-f747-4037-b6f3-9bd8bd8969b3,123200,2026-06-18,564,90+ Days,Customer
5eb1d9e4-0a8c-4db9-bf37-b1a47a73b951,cb55367a-1da2-40df-aac3-6ea2d3ef7d67,52fc39ce-7d93-4eed-be78-731d488ea286,122850,2026-06-18,552,90+ Days,Customer
e2df7f2a-2c7a-4168-9162-fc5b04284a72,71be3019-2872-4e46-9e8f-941663554ca2,7e0e4ec9-a99b-446a-98d0-822fdc5c979c,121800,2026-06-18,555,90+ Days,Customer
cf129d61-2e17-4c0a-846c-a5a850dc5323,c6e017b2-c27d-4969-95de-8284a705a232,9f8b5bae-2f26-4fbf-8f32-c354dea28474,121375,2026-06-18,149,90+ Days,Customer
67f9b6e1-71a7-49ba-b798-5211e880b2e5,4d10eaca-bd8d-4528-9267-3ef9f1da5e37,4f944e40-1a9c-468f-b250-6ae3cdb6d4c9,88249,2026-06-18,394,90+ Days,Customer
725b7826-d793-4129-be88-f9a30f58be29,9c550d4c-077d-4fb4-b74d-3debcfd3b42f,786b24f5-d9da-4b89-98bf-de713a89edfc,87700,2026-06-18,441,90+ Days,Customer
1aa7fc45-3b5b-4393-93ad-eaf48d266085,544b625f-ef7d-4644-83c2-95bbc0c417fa,6b2c13f9-d331-437e-9c92-aad2cf986306,87500,2026-06-18,575,90+ Days,Customer
5648643d-ae9b-4655-a094-e5704d7ce7ec,2df9cb4d-3931-42d6-b71e-03529a9850cb,8ddb583e-68cf-474b-a62f-ec846968163b,87345,2026-06-18,441,90+ Days,Customer
fd65775e-a0e7-4086-89fb-ed4ec0f5e74c,6a9deeaa-327e-495e-aa6a-78f88e6e35c3,3a67e2b1-595e-406c-88e2-073d0414686d,86920,2026-06-18,659,90+ Days,Customer
cc825bd7-c909-43f2-a5d1-8b16f280afb0,2bc5bcfb-185f-4a64-95b6-32efd7cfec25,ba7edd69-8205-4cff-b989-0eb196b19cd2,86500,2026-06-18,476,90+ Days,Customer
90b14372-bd37-4f8a-8cbc-2d85962540ee,1f1746d2-52c5-4dc5-aadf-ea179bd755e0,e7189f8e-4713-4148-a43d-02f16892b9da,86000,2026-06-18,363,90+ Days,Customer
7e24e2f3-c3a4-45a0-a7cc-48e2cb106b74,2df9cb4d-3931-42d6-b71e-03529a9850cb,be6fdb30-532a-4bb4-a873-afdcd3f9605f,85106,2026-06-18,512,90+ Days,Customer
aeb54cce-79ce-44d4-943a-36886172a718,6bc20676-6cd9-4bd5-b300-2a44c353db98,a0cd0b5d-84c1-4b58-8b7a-ae9338184c84,85000,2026-06-18,498,90+ Days,Customer
fcb3558a-bd6a-4b22-aafc-784e157fe6be,544b625f-ef7d-4644-83c2-95bbc0c417fa,97c0ec07-d5fa-4c0f-90e0-37989d808bc5,85000,2026-06-18,513,90+ Days,Customer
e887e33d-12de-4f32-89d1-420785daaf16,d11168e8-0acb-4143-82e4-419e25634be8,5f920403-4b4b-4703-bc5c-cf55f4dbb15e,85000,2026-06-18,507,90+ Days,Customer
990414a5-77cd-4934-afa3-cd3d57c01496,db0bd5b6-c001-485c-b548-de7dabea0a92,99f193e3-41de-4989-bc4c-a599afaeca9f,85000,2026-06-18,407,90+ Days,Customer
57161196-7b1b-4c19-a30c-80b45ceb69a4,71be3019-2872-4e46-9e8f-941663554ca2,3c939b41-8b80-4028-83df-f2aff87d12a3,85000,2026-06-18,521,90+ Days,Customer
f8da75d3-11e8-41ca-bef1-fae67630a50d,6f0fa011-e115-4b61-b69f-9ea36cfbb0e1,1901d5fd-9b07-4a9d-9e41-948f7a0c8738,85000,2026-06-18,590,90+ Days,Customer
afc528ba-4125-4137-865e-f87be17e4153,c9057d69-7d6f-4f31-9be5-5f07606c320b,9078fec2-3e14-4019-9598-37d912a76e2d,126375,2026-06-18,633,90+ Days,Customer
fa793347-6624-4a63-99a3-479495908d5a,71be3019-2872-4e46-9e8f-941663554ca2,809c1af3-7427-4cad-8f94-43e763a34777,124600,2026-06-18,697,90+ Days,Customer
eb5cad95-0f43-4357-9d59-36175e7948a1,c73cb461-5247-440d-a92b-ba9da6894e2c,3c91575a-0038-4018-bd5a-0b6338339869,83000,2026-06-18,683,90+ Days,Customer
c024d905-be52-4ac3-929d-0ee09ec40a33,d11168e8-0acb-4143-82e4-419e25634be8,174ad986-5098-41e2-96d3-035522624e99,84000,2026-06-18,598,90+ Days,Customer
4924f943-2f01-4a13-9fc9-891fec3e6d0e,2df9cb4d-3931-42d6-b71e-03529a9850cb,17a32f27-984c-4d4b-987c-17d6bc629f9b,83800,2026-06-18,385,90+ Days,Customer
b5e15849-e5ed-4ad2-840d-0141627fadbd,71be3019-2872-4e46-9e8f-941663554ca2,a2445145-94c5-47a0-ac6e-2700f38dff83,83500,2026-06-18,604,90+ Days,Customer
12d51094-e9e0-45de-9edf-9bc5cff1105d,ebd4b889-4b94-4c8e-acde-8b3b5f560d31,e6a1b2f2-7df9-490b-aeb4-e72049388935,82500,2026-06-18,125,90+ Days,Customer
ba6312a8-e6b7-4be7-9219-b0494daa07a3,e0140edd-1909-49ae-9bdf-d36e683f578d,94de65c7-5703-4ccb-9e57-24a788c15c97,82000,2026-06-18,528,90+ Days,Customer
81b3b8cf-4e24-494d-baec-eec92ca94642,71be3019-2872-4e46-9e8f-941663554ca2,3d5a71e6-b90c-4e39-a5a3-40f135d28389,82000,2026-06-18,476,90+ Days,Customer
df56075c-4908-47bd-8de4-aa3a04975c1a,71be3019-2872-4e46-9e8f-941663554ca2,419ab6c1-b1d2-47ad-baeb-cb32744ad7c3,81250,2026-06-18,420,90+ Days,Customer
28bca0e7-2016-4d28-bcc5-034cca3a016c,2df9cb4d-3931-42d6-b71e-03529a9850cb,9fd35af2-482a-498e-9cd7-db61209aa36d,80480,2026-06-18,234,90+ Days,Customer
edf13963-7892-40af-9a70-a53adc3c94ac,fe2ecf3e-df9f-4dfd-aa77-81ec2347342a,ba925f58-9dcd-4944-9ddb-bed1c04a1200,80000,2026-06-18,762,90+ Days,Customer
6088bb34-e7c7-4a81-a494-fbba2891d21b,71be3019-2872-4e46-9e8f-941663554ca2,99868993-45aa-4697-97bc-255757483ff8,79500,2026-06-18,624,90+ Days,Customer
a750efb7-35a2-4928-83aa-c7ef8fe5e49e,d11168e8-0acb-4143-82e4-419e25634be8,e8f59a1b-93bf-4a8a-b02a-72873af0eb6f,79200,2026-06-18,324,90+ Days,Customer
9c31cc56-ebb5-41d5-b339-962532fd7902,ed1a8f9c-e058-48fa-80eb-c2ed68fb6e36,438f5138-5a8e-4026-8852-0fafee37156c,79000,2026-06-18,638,90+ Days,Customer
8f3bca6f-b5d9-49fe-9c29-5f94e82cef40,a94cb79c-06ac-4336-8736-ea02f8f1b23b,5b393673-800f-47b8-9dd7-ae8fde9b751f,78600,2026-06-18,758,90+ Days,Customer
d16ee774-ee31-4556-a5d0-b29777497728,d78da672-2264-4485-aa03-b559e81130e6,df146f2b-3982-4ef0-ae4b-91e1ff15628c,77000,2026-06-18,567,90+ Days,Customer
9e71dc90-98b7-48ee-88d9-3b9e927fdec3,6e033f20-4870-4327-9719-a6300ec02ac8,ae655aa7-b536-4b2e-95c1-d028ee415561,76650,2026-06-18,653,90+ Days,Customer
75b143b6-d228-427d-96d2-1430d148369c,71be3019-2872-4e46-9e8f-941663554ca2,555c10db-1fea-4362-bd78-426a97232cf6,76250,2026-06-18,594,90+ Days,Customer
0a27e77b-f7e3-48d3-8415-c995b8767273,6d750907-fbbe-4ddf-9d1c-e14335fde6f7,8e44705d-4ad4-4e33-8067-7d043b0e4245,75600,2026-06-18,667,90+ Days,Customer
7cee511f-d3fc-42c0-a841-3636233d25fa,71be3019-2872-4e46-9e8f-941663554ca2,99db5a73-64e6-4dca-96da-0f9cd1efd553,126040,2026-06-18,328,90+ Days,Customer
0926052f-8b90-4ee2-b7dd-ba7518ec685a,ad9a5ae4-bea9-4ae4-ac63-464ff555e655,07a432fe-2bd9-4a8e-98c5-3cdd4d4ba3a0,125300,2026-06-18,153,90+ Days,Customer
fd32e5a9-a490-470d-a80c-7d1b81da39e3,d604343c-0482-49ed-80ec-28e4aa0c3fd4,d5d01d96-1aa6-4e1c-99b1-5f0d379ed0fa,125000,2026-06-18,162,90+ Days,Customer
94962bcd-ce79-4d75-87d9-9920e9562fdb,ad2d5f70-bfd7-4a66-b4eb-b5eaba104188,0b9f9a14-c969-4048-86fb-398db244e08e,124800,2026-06-18,738,90+ Days,Customer
847fb128-5594-4e2a-8573-21a2fc342bae,b09df428-9911-4f7e-84ca-e927c12cf822,74208733-3c3c-4bf3-a82d-53712b214822,78000,2026-06-18,748,90+ Days,Customer
daefa736-7ab7-4dc0-b18c-579af37fa49e,c62ed87b-e442-4815-a36e-6b634e3628f1,17e0a185-20bd-48cc-9637-c49ad81d13c1,124000,2026-06-18,512,90+ Days,Customer
1d7df2fe-e7e9-4d00-92d3-5dbcbb93ae81,a51ff970-12c6-4739-b809-5fbc65af2cd3,10992408-81d8-4767-a9c9-bc5d5bf949ca,123750,2026-06-18,483,90+ Days,Customer
02dd71e8-7b55-490f-bec6-6efaaa779ad0,cb55367a-1da2-40df-aac3-6ea2d3ef7d67,da708536-2c08-4a96-a68d-cf4b31968ee7,123200,2026-06-18,576,90+ Days,Customer
803846a4-4b93-4913-9734-802d65563657,cb55367a-1da2-40df-aac3-6ea2d3ef7d67,537d6b1c-4217-4ae7-b1ea-79581113d438,122850,2026-06-18,585,90+ Days,Customer
8e73d616-3153-406b-8c0b-e1dedabb34bb,cb55367a-1da2-40df-aac3-6ea2d3ef7d67,8b6477ac-3bb1-40a4-8e1d-2be8a4767b21,121800,2026-06-18,675,90+ Days,Customer
3dbbc869-d5ed-41ca-a9fc-a159d793e8c4,cb55367a-1da2-40df-aac3-6ea2d3ef7d67,86fed744-33ce-46ac-b5d2-0ffa94b25d54,121100,2026-06-18,517,90+ Days,Customer
6b79953c-37f5-430f-89a2-edfb4f743cb3,71be3019-2872-4e46-9e8f-941663554ca2,5a802cc3-cd47-44f0-9170-4330191b6013,88125,2026-06-18,403,90+ Days,Customer
1bd8ae43-a5a1-4a18-8342-bad2daa7d017,544b625f-ef7d-4644-83c2-95bbc0c417fa,1a285fff-62eb-4d0b-9088-c401b7ba5f7f,87500,2026-06-18,472,90+ Days,Customer
5a896422-7d32-4e45-94fc-e5651ad56298,544b625f-ef7d-4644-83c2-95bbc0c417fa,b5d3767b-dbc0-435b-823a-8b17fb9c83e9,87500,2026-06-18,625,90+ Days,Customer
ebb0c431-9c6a-4596-9dfb-11bfe424b32f,d604343c-0482-49ed-80ec-28e4aa0c3fd4,e60a713d-e628-4525-a401-2592e3c8e32a,87310,2026-06-18,470,90+ Days,Customer
d58870d7-7f55-45b6-b1e9-a97284fad0d2,39dcd473-4a2f-4f59-b05a-d182a66b4151,971def02-1840-4428-beb4-a7b559b5b36c,86750,2026-06-18,463,90+ Days,Customer
774c6b49-082c-4e42-b866-52dad3170d88,6e6eb1a9-aa09-459a-873e-997c0fdf4e80,25d8d60b-a47c-45f8-a6c0-1a511a6a8740,86500,2026-06-18,494,90+ Days,Customer
3e6f5f6a-39f2-4d81-b242-5200759dd9b4,1f1746d2-52c5-4dc5-aadf-ea179bd755e0,fd764d61-d03f-4e88-9700-d75c46fd3326,86000,2026-06-18,365,90+ Days,Customer
c391c8e5-de3d-4ba5-b712-9888f383e46b,1f1746d2-52c5-4dc5-aadf-ea179bd755e0,12e20449-d992-4845-bfda-d21d9fe3547e,85500,2026-06-18,567,90+ Days,Customer
276b41cc-370a-430d-9f7e-c7b1f8cbdd71,cfd6ccb7-f394-460e-ba59-b25dbbaeaa99,f23076f1-c924-4202-95dd-36f1a2e15333,85000,2026-06-18,546,90+ Days,Customer
f6b5037e-ebfd-4677-b616-04029c01a994,ee2b8493-de5e-4c86-bcb2-2ebc194d5662,2593c64b-db17-4b86-ba9a-0e4800b94842,85000,2026-06-18,513,90+ Days,Customer
5409ca5c-da08-4a29-9a6b-91a6a8bc4fa4,d11168e8-0acb-4143-82e4-419e25634be8,0fe9c390-cc31-4faa-8ec1-cfe2c66893c9,85000,2026-06-18,515,90+ Days,Customer
8ba93a19-ef26-431a-9930-f67d37eafd38,d11168e8-0acb-4143-82e4-419e25634be8,26a8b0f5-32fa-4a6e-8b2f-b80374cf0e58,85000,2026-06-18,613,90+ Days,Customer
61767ffa-62a6-474c-b3f8-2f3777d5fb5d,71be3019-2872-4e46-9e8f-941663554ca2,7b3c2b6d-a24f-4aeb-8f7a-5c17d9d368a2,85000,2026-06-18,525,90+ Days,Customer
d16cc9ff-c395-4a6b-a0bc-a9b2b86f02dc,cb55367a-1da2-40df-aac3-6ea2d3ef7d67,ac85a37e-f428-465a-a4d1-e2c8ad95abe8,85000,2026-06-18,461,90+ Days,Customer
3fff1677-7f08-4d8f-87c9-9e7c21542292,6bc20676-6cd9-4bd5-b300-2a44c353db98,1cef1728-65d6-46e9-a35f-a8230c6f0d56,85000,2026-06-18,510,90+ Days,Customer
9140c970-b46b-42da-9b0d-f38431b85f55,2df9cb4d-3931-42d6-b71e-03529a9850cb,43cb4a16-edb6-44d6-abc4-22c6a622b8d6,84375,2026-06-18,210,90+ Days,Customer
fc90faab-6410-4529-9617-3cb947b473c1,d11168e8-0acb-4143-82e4-419e25634be8,8c216437-63eb-4aea-af53-9a40e61439e1,84000,2026-06-18,597,90+ Days,Customer
d803082a-2ba8-4c60-9ebd-1d30831a15cb,6f0fa011-e115-4b61-b69f-9ea36cfbb0e1,4a9ff526-6f4d-435a-beea-96de08fd9503,84000,2026-06-18,605,90+ Days,Customer
a331c5fd-ab25-4c7f-89cf-c1b439562b5e,22f3c314-4681-438c-96f5-2c089289e523,ce047dde-0386-4fee-acb8-757862dc8467,83000,2026-06-18,517,90+ Days,Customer
87e2bd46-e755-4e32-97ee-7d4621b925c9,a51ff970-12c6-4739-b809-5fbc65af2cd3,0b532b6c-00f2-4f0b-8f2a-7bbbd6f3a699,82500,2026-06-18,417,90+ Days,Customer
fa4c6f57-7deb-4018-a1ad-d5b9fdebc2a0,a94cb79c-06ac-4336-8736-ea02f8f1b23b,89c013ff-8bae-472d-a360-5785634328c4,82400,2026-06-18,713,90+ Days,Customer
47e8a900-fd6d-4a32-b5c0-16d7a1b6816c,c10c3408-1a47-464d-9517-5024fa2d007d,0c4ed67e-ddd2-49c1-899f-c9f05fd4a232,82000,2026-06-18,508,90+ Days,Customer
2f1afe9f-9fc8-4c16-9577-2c70b46b0427,ef3f4e84-96a1-48bf-a814-01dd82a0cd9c,180ef708-5850-4e8a-9f65-1e1840da313a,82000,2026-06-18,465,90+ Days,Customer
da7c2df0-2373-4939-bc65-429d4d21cc03,ccb49d47-ef18-415e-84ff-5119d836592b,df1d1e86-08d2-422a-95ed-aeb5114308fd,81125,2026-06-18,591,90+ Days,Customer
523ad43f-71ed-4081-8e8c-9dcec197a069,ccb49d47-ef18-415e-84ff-5119d836592b,0fc43223-98e7-4185-936d-2d1226212ed6,80250,2026-06-18,647,90+ Days,Customer
aa79ecb0-03f5-41fb-aa68-9674856a9752,c62ed87b-e442-4815-a36e-6b634e3628f1,11656e64-3fdc-414c-a286-73114a04e8cf,79825,2026-06-18,385,90+ Days,Customer
b9ef0810-a820-43be-a985-e20380a22007,db0bd5b6-c001-485c-b548-de7dabea0a92,75e52001-5436-4d84-882f-89783099566d,79400,2026-06-18,275,90+ Days,Customer
0da223e9-2e36-4de7-9b82-5832e3e3ae19,cb55367a-1da2-40df-aac3-6ea2d3ef7d67,3ad09f32-4288-4059-8a3e-868d9637bbaa,79200,2026-06-18,183,90+ Days,Customer
e729a4e8-1618-4466-b32f-b3846d4571ac,71be3019-2872-4e46-9e8f-941663554ca2,67596bb8-2416-4334-94a4-b4340c6de5c1,78400,2026-06-18,171,90+ Days,Customer
5c335c31-cd27-4306-9607-aef1944c2b48,51bf73f4-c8da-4e75-b5c1-72b2dc1014a0,50af74d2-83aa-45a4-9a25-98f46da8224a,78000,2026-06-18,175,90+ Days,Customer
46b837f2-8a00-4082-b627-b333f4ff432f,3f5f3d50-1c6a-40ed-b9f7-54abb1203a7e,8bfda2b8-304b-46b5-bed5-97bda614c91c,77000,2026-06-18,564,90+ Days,Customer
879816ac-6dba-47e9-975d-edcfba015184,2df9cb4d-3931-42d6-b71e-03529a9850cb,b9749956-d4d6-4d3c-8924-9a92c6be4b5c,76500,2026-06-18,258,90+ Days,Customer
581aadcd-939c-40bf-8396-9c2bb723343f,3902e34f-6c3c-499a-84fc-4b114c98c835,7f633166-9131-487f-9cf5-8f3e63a5650c,75500,2026-06-18,653,90+ Days,Customer
1af92577-e75d-4159-aebe-b197582e84c7,6a9deeaa-327e-495e-aa6a-78f88e6e35c3,8a2b2dc0-309c-41a7-8fae-6891da279b3e,126030,2026-06-18,643,90+ Days,Customer
d3aa307a-eb6b-45ba-be48-5baeb5aab980,d895806f-594c-4c91-b285-95f5bbeef8d2,30aae5d6-446b-41cd-8bb7-4eb2491b663a,83500,2026-06-18,531,90+ Days,Customer
893a087f-43da-43c2-a4d5-619491e18515,34acb9d9-1802-4aed-9744-313423a2db23,1663e6d3-1082-4321-bfd2-91cc65238c49,125000,2026-06-18,422,90+ Days,Customer
2186047f-442c-4ac8-a243-974d86be0bd7,ad2d5f70-bfd7-4a66-b4eb-b5eaba104188,b5b0f672-a393-4674-825f-67b1d487bf1f,124800,2026-06-18,745,90+ Days,Customer
b20c3310-dd75-4919-991a-9fa555618e4c,18ed5164-13c9-428c-bfdb-9e6c34e7cb1f,3a5688e8-82f9-4de3-8853-d7f4ddcdc87c,124500,2026-06-18,529,90+ Days,Customer
1f3fb4ec-94c9-4542-a102-6e4d4c1154b1,a63cf2df-207a-47ed-a68a-3d1bffb08bb0,3baee948-6cd1-4c36-8bde-81539348c95a,123412,2026-06-18,622,90+ Days,Customer
721a8f93-aabd-438a-9bb0-c50bbd4856f3,61ceafc3-1171-49cb-8c7f-9f3856814a3e,dbe88d3b-0e24-49aa-8e48-bb0e097ac8d7,123000,2026-06-18,472,90+ Days,Customer
360c62eb-01c7-4894-aecb-211abc7ad2cc,71be3019-2872-4e46-9e8f-941663554ca2,ea826b51-cc37-40ad-85f0-c33dd2669e6b,123000,2026-06-18,510,90+ Days,Customer
eac6836b-9639-40e7-9487-6a18f3cf877f,c10c3408-1a47-464d-9517-5024fa2d007d,e2e11765-b879-4b98-8ad6-18bea1a49640,121500,2026-06-18,416,90+ Days,Customer
3136874c-bf99-43e8-b580-2c1e19ba0437,0ec16e28-c838-45f0-8887-4df2087044f1,d8582837-e7a0-4208-986a-30c2f46bed67,121500,2026-06-18,549,90+ Days,Customer
1d1f6a94-59b6-43c1-9b68-b50ec987c12b,544b625f-ef7d-4644-83c2-95bbc0c417fa,53ecd1b8-4282-4e06-ac9f-288f0015fbff,87500,2026-06-18,500,90+ Days,Customer
b5e130ae-7e81-4ce1-babe-e87dec1353d9,d11168e8-0acb-4143-82e4-419e25634be8,dd06b48f-4d22-4f0b-a5a0-f00c49855467,87500,2026-06-18,469,90+ Days,Customer
0d8d2674-07fc-4674-bcab-a88905be58b8,ebd4b889-4b94-4c8e-acde-8b3b5f560d31,103d12eb-2f96-4294-9973-310a50138d03,87175,2026-06-18,212,90+ Days,Customer
ba16ea61-04ca-4aca-ba54-5b1567e89170,6f0fa011-e115-4b61-b69f-9ea36cfbb0e1,95d0f1b4-40a7-47be-9645-94af5d5af4e6,79000,2026-06-18,631,90+ Days,Customer
93e1dff3-cb58-4438-aa34-9ca355e5b2e3,6e6eb1a9-aa09-459a-873e-997c0fdf4e80,86a54640-67ca-48a3-8f2e-1ddac6c49ca0,86500,2026-06-18,494,90+ Days,Customer
14500e6f-e88b-4ec1-8088-eca711aaf010,9210470f-bbf0-4c64-9538-eafcd517a6c9,65d47c16-4efb-4b84-b2b0-4f2b40b0fa83,86000,2026-06-18,442,90+ Days,Customer
cba7afc6-287d-425c-88a3-92dcef02d24f,1f1746d2-52c5-4dc5-aadf-ea179bd755e0,16a86b6f-f897-419a-9d4f-4ad047ab040d,85500,2026-06-18,576,90+ Days,Customer
5f77137d-91f5-43f0-aa86-695d1f251705,cfd6ccb7-f394-460e-ba59-b25dbbaeaa99,3aab9ca6-3608-4bc5-8368-5b5016673ca9,85000,2026-06-18,568,90+ Days,Customer
8702c663-736d-4d71-827e-2ba99298ddfe,b31425c6-7091-41f6-9861-0321cb1eecc9,79aeae06-d43c-462a-b1f9-0f1f6c80eb91,85000,2026-06-18,540,90+ Days,Customer
c2e70e7c-5b1f-415f-9eb8-ef6e01010e57,ee2b8493-de5e-4c86-bcb2-2ebc194d5662,4e58107d-8d6d-4413-81df-02a23390508f,85000,2026-06-18,472,90+ Days,Customer
18d95952-9da6-4da7-84b3-bd45158f2bb9,d11168e8-0acb-4143-82e4-419e25634be8,89a3f295-93ae-4705-92d8-0f398e3a319e,85000,2026-06-18,538,90+ Days,Customer
f803c4ec-cec9-4383-afee-51caa18a3dbd,d11168e8-0acb-4143-82e4-419e25634be8,c60d1fb0-76ae-47a2-bf41-cc1d945cb735,85000,2026-06-18,612,90+ Days,Customer
e16df09b-b906-4607-9774-690d27d8ea7c,6f0fa011-e115-4b61-b69f-9ea36cfbb0e1,e3e5cf3a-7ee6-4a05-a7f2-cd6cc28da3ad,85000,2026-06-18,540,90+ Days,Customer
ac8cd39d-6e4d-4260-b131-91a461992c2c,6f0fa011-e115-4b61-b69f-9ea36cfbb0e1,fedc0587-4a03-4408-9618-c5cb774f114f,85000,2026-06-18,573,90+ Days,Customer
6a7c44bc-8007-433d-9f0c-bc1b44f1651f,620730fb-8553-46e3-bbc7-c1052de6b4eb,9dca5e4f-3594-4b3e-9d66-73f4d8f4375e,77000,2026-06-18,541,90+ Days,Customer
903b3a1f-c134-4ac3-9d07-fda6f3e1cfb8,95c5d920-3701-494c-b8ec-568a66ffc4ad,f14b6054-2b67-4bf8-9674-3cd77c86a53d,76500,2026-06-18,564,90+ Days,Customer
eb127845-6c03-4af0-acac-0657878af922,ad9a5ae4-bea9-4ae4-ac63-464ff555e655,d2968cc6-0bec-419d-b4e4-b0f0e02e41d8,37590,2026-06-18,158,90+ Days,Customer
8b61f819-991c-40fb-8975-a177015cbf40,c62ed87b-e442-4815-a36e-6b634e3628f1,0c32f561-a827-4175-af56-6a2db91604c3,124500,2026-06-18,589,90+ Days,Customer
cc1f2a75-3457-40c1-ab10-9d32a348bec6,375172ea-77fb-4f09-b081-2dbbf37738c1,9b7d1db8-73e7-4c41-9e9d-a0cf7f3e9e0b,84000,2026-06-18,672,90+ Days,Customer
bd39d3d6-dea7-4cdc-a21a-456568a8ac44,71be3019-2872-4e46-9e8f-941663554ca2,5ac9a79e-60ee-4fed-b8ac-e7a183f4fed5,83750,2026-06-18,604,90+ Days,Customer
bee9ade5-eaf3-4e48-9ddc-db9c649e0f37,271cdaa5-4d7d-46cd-9a43-7e3bb4bb922a,37e3dd3c-54f3-49c7-bd72-32b797fdef82,83500,2026-06-18,689,90+ Days,Customer
f8a02cca-737b-46e9-a6e9-a93c56cff312,71be3019-2872-4e46-9e8f-941663554ca2,443da4ec-85d1-4eb9-ac0e-a05c5456c491,83000,2026-06-18,422,90+ Days,Customer
2a9f1277-926f-4c12-8d55-4b180d87dd3e,c62ed87b-e442-4815-a36e-6b634e3628f1,2d938f52-8316-47ea-b7f3-2031f851bd56,82500,2026-06-18,518,90+ Days,Customer
644806d8-7a8a-4239-92b4-9bff6ada688b,544b625f-ef7d-4644-83c2-95bbc0c417fa,e14e4812-68ac-4112-903d-b702f73eab25,82250,2026-06-18,401,90+ Days,Customer
1d729dce-2008-4357-ae24-6dc316af559c,2df9cb4d-3931-42d6-b71e-03529a9850cb,dfdc0931-0ef5-4c7f-a627-fd5b958ebf28,82000,2026-06-18,468,90+ Days,Customer
25a164c4-3b8a-4541-8477-5744f8e2e471,e8e19ce7-02ae-498d-a52b-e905a6840c0c,1c3b545e-213a-43e8-9c8a-950f2fe4a2ee,81480,2026-06-18,560,90+ Days,Customer
ead94c98-3735-4ec3-97d8-f7c3bda8afdc,40460eb3-11c4-454e-b924-f4d5c4350b23,ead5e3bf-3220-496f-90e3-549a2d3b8905,81000,2026-06-18,296,90+ Days,Customer
c77ce904-488f-4e14-b2b4-9e32b165bea5,a36a3590-064b-4309-9f40-026d703d2912,f66d5cde-8737-4bfe-9433-3b1821a40817,80850,2026-06-18,434,90+ Days,Customer
2eec059f-ab43-4977-b0bb-be16e6d2bcc7,a94cb79c-06ac-4336-8736-ea02f8f1b23b,2dc5262d-6a9d-47b3-8306-b0a7c3b4d0a5,79625,2026-06-18,774,90+ Days,Customer
a54ab4fa-ccfd-406d-844a-b0e39f9c3070,d11168e8-0acb-4143-82e4-419e25634be8,9d283174-eedd-4e06-ac20-df9b87d3dd75,79000,2026-06-18,630,90+ Days,Customer
75a0117c-5b74-47c6-b80a-1f2ef8510417,6d750907-fbbe-4ddf-9d1c-e14335fde6f7,b6e75f52-4a3c-4665-980a-5889df8559c9,78075,2026-06-18,766,90+ Days,Customer
e9bf4109-bb7e-4140-920f-bf3f4d559924,8da5249a-c2b8-48c3-b61c-12ecf6d898d8,34518feb-8512-4a11-a0b6-eeaf8ed8c769,76500,2026-06-18,780,90+ Days,Customer
31acfced-febe-4185-8639-8d8067762780,71be3019-2872-4e46-9e8f-941663554ca2,f1408e8f-ba6d-4750-a4ee-f617d756be0b,77875,2026-06-18,426,90+ Days,Customer
bec3b6b9-fa00-4a43-8f4a-436db13e16f9,c8d7c2f1-3d8a-4eeb-a5df-3203903398b9,ba0a25cb-7907-4669-83c8-0f179ae8a7e0,77000,2026-06-18,587,90+ Days,Customer
14587a77-52dc-4279-b9d8-0078b1ef8fc9,6d750907-fbbe-4ddf-9d1c-e14335fde6f7,ce4851fc-1163-435a-92e8-8d577f8d1370,75600,2026-06-18,667,90+ Days,Customer
7bc02a5a-e79f-4850-a48a-0bbb49b7d297,3f5f3d50-1c6a-40ed-b9f7-54abb1203a7e,19130928-9ea6-4561-a3c0-9442318c7bd6,75000,2026-06-18,504,90+ Days,Customer
2b1d2d7e-ecd7-43a0-a573-cdeabdee7456,e81165ad-05bb-4b73-9bde-443bc6e8b08a,4e2ad356-f1ac-45bb-9093-3b1cd37cc562,126000,2026-06-18,291,90+ Days,Customer
3b37f77a-35a4-4540-ac4d-774978d32a31,71be3019-2872-4e46-9e8f-941663554ca2,8f9065a2-94d3-4fc6-9d08-f2977f8e6d24,125600,2026-06-18,282,90+ Days,Customer
f24ca4d4-c2ce-4aeb-b7e4-6da210e563c0,71be3019-2872-4e46-9e8f-941663554ca2,c60f1555-a075-4d49-be98-677dda7c9629,125000,2026-06-18,365,90+ Days,Customer
ff1b54ea-107f-408d-9c6b-3dd4e5b4a543,ad2d5f70-bfd7-4a66-b4eb-b5eaba104188,05bf7e7a-0981-451b-a7ca-32ce71006dde,124800,2026-06-18,751,90+ Days,Customer
ceac877b-1b39-464a-98cf-24a6ea97c36a,0ec16e28-c838-45f0-8887-4df2087044f1,db43e965-bc64-429e-b881-21f5bd1b6ab3,124200,2026-06-18,590,90+ Days,Customer
72ea6dc3-ba52-49ae-8acb-eb840b945c64,2ae86115-7910-4054-a4c7-724545e24184,bb7ec2b2-a19e-48ff-979d-2a1febcaee42,123299,2026-06-18,562,90+ Days,Customer
415d4e8a-0838-4f71-be6d-020f60cadbac,db10820b-7ee2-4aa8-8d3c-e0c36f040c80,00e8453c-533f-4c28-a0e1-2e6dba5ebf50,122250,2026-06-18,758,90+ Days,Customer
5aa21e4f-38fb-4643-9391-97dcf514821c,cb55367a-1da2-40df-aac3-6ea2d3ef7d67,26f9247b-289b-4d63-88ca-81c33abe6799,122150,2026-06-18,596,90+ Days,Customer
c525fc20-6ce9-4a4f-982a-afec41129a46,e3d791cd-8bf0-4abd-b371-0b0800b4f20a,bf843df3-e6fb-4d9d-95c0-37ac81be25db,121300,2026-06-18,296,90+ Days,Customer
b6137976-db28-42a2-9332-c8ce82a339d2,cb55367a-1da2-40df-aac3-6ea2d3ef7d67,d2ba2d80-2e07-49be-b3d4-b59083334850,121100,2026-06-18,666,90+ Days,Customer
477778bc-f3f2-4820-ba8d-db441f8b895c,cb55367a-1da2-40df-aac3-6ea2d3ef7d67,d965c354-31e7-42e0-925c-6c20c097861c,120050,2026-06-18,493,90+ Days,Customer
d763c002-b042-4958-ae46-8b99f77ecfca,d604343c-0482-49ed-80ec-28e4aa0c3fd4,d603d910-c685-4d21-9a2d-130f34d77215,119000,2026-06-18,179,90+ Days,Customer
1d82ba05-395f-46f2-b739-70e8155ba504,9210470f-bbf0-4c64-9538-eafcd517a6c9,d3351ef8-f013-4092-84bf-f56bdfe46da6,119000,2026-06-18,567,90+ Days,Customer
ae101b76-8624-45b8-8e2c-4fb51293ec6c,cb55367a-1da2-40df-aac3-6ea2d3ef7d67,1760c5b6-196d-4c5e-8a85-8b82bc782a8d,118650,2026-06-18,448,90+ Days,Customer
52731762-1a8a-4644-8336-a621ac554ee4,71be3019-2872-4e46-9e8f-941663554ca2,2932222e-63e0-46bb-b7ca-fb30b4e1da06,118500,2026-06-18,233,90+ Days,Customer
194bd43a-5446-4fe0-b92e-5cf10311eaec,04cfaf51-5992-400e-b165-162c806cd74a,fb9f5124-9024-4b41-8869-1d899eaf6965,117750,2026-06-18,753,90+ Days,Customer
1982f9d8-1d3f-4907-b1cc-4bcb5d80d52f,ab338b7c-2914-48ff-8ffe-2951d186fd0c,3077ff69-e798-4044-8a1e-68ec74f756ab,117500,2026-06-18,571,90+ Days,Customer
ae18b150-683d-4cd0-863a-4565c0aff0bf,5e6b3598-aabf-4ca1-a221-d42baa167767,ca5302be-59de-4f2e-8ed9-42d5abfe93dc,117000,2026-06-18,473,90+ Days,Customer
fa8ac2dc-5993-4c50-acab-2185ba0fa68d,d70a1f63-f837-43a6-9a85-e5c926dd4536,e5b58253-3f53-4ee2-945d-ad0568dbf670,116850,2026-06-18,182,90+ Days,Customer
f7feaddf-1308-4aa9-87ea-db5374ef29bf,4d8e4704-af5c-442d-adaa-e04270003e26,5aa1a39c-6bfd-42d1-b8f3-71c2da99d9e7,116250,2026-06-18,303,90+ Days,Customer
6a5be7c5-d97f-49d5-8a05-6a9d18774d13,3f5f3d50-1c6a-40ed-b9f7-54abb1203a7e,7a5f31ef-2a08-42a4-adf1-96af4f29faa9,115500,2026-06-18,582,90+ Days,Customer
5aa89abd-df01-4272-9a1c-9f9625654ab3,f0c11e44-1236-4c2e-8285-613ab5dec4ba,84c5393c-c735-4f6d-9d5b-cb2c1ce63fe4,115500,2026-06-18,587,90+ Days,Customer
12188183-93ea-4ebd-b659-b20ca057e34e,c62ed87b-e442-4815-a36e-6b634e3628f1,c088bcbb-5b6c-47eb-909c-e816099ca272,76000,2026-06-18,594,90+ Days,Customer
9d3af384-f455-4fb0-8b11-e8881faab59d,dd4504c0-2ff9-4ca7-9dbb-3d50adb9641e,ef944f00-7ff3-43ea-bdc1-2e25b6a050cc,114000,2026-06-18,583,90+ Days,Customer
6e75a44d-23fa-409e-8678-c8c6b15a7ee5,3f5f3d50-1c6a-40ed-b9f7-54abb1203a7e,7d7484a4-c4b9-49be-a5d6-30da68ac807f,112500,2026-06-18,503,90+ Days,Customer
3cc72b5a-05c6-482e-bf29-18b6fdc87ca6,e363fd6a-6b4d-4a1e-bc25-3407c67f6af1,94906097-628c-44df-b4d3-73ad00977a8c,27400,2026-06-18,342,90+ Days,Customer
275e5c11-5eb0-47cb-9147-80d02d145c7a,71be3019-2872-4e46-9e8f-941663554ca2,2e90e911-9fd0-4416-aecf-a609ffa6138d,113250,2026-06-18,722,90+ Days,Customer
7fee0ba6-9083-4f6b-93b7-bab4486d2502,2df9cb4d-3931-42d6-b71e-03529a9850cb,e3436df8-8bf4-43f0-9ce3-1fa12a8b4c28,111749,2026-06-18,403,90+ Days,Customer
d4a4f9a6-96f0-442a-9d46-38a2df92ec95,db0bd5b6-c001-485c-b548-de7dabea0a92,6d48f008-29bf-4cc3-a244-3dedc746862d,110410,2026-06-18,486,90+ Days,Customer
9f6d9548-25ed-4c2a-ad93-0b83f86901a9,ee050b45-8c17-4d06-ba05-a7f64ed04dab,96f69f3c-9b66-4ca0-ad1d-fcd9897b8632,110000,2026-06-18,503,90+ Days,Customer
92b2cdd5-f788-4666-85d7-23a85c3d1b2c,096efaf2-16d1-4b69-ad27-28a2a3ea1396,b5d21edf-faf0-40e0-b9a9-02aa2c81151c,109984,2026-06-18,683,90+ Days,Customer
dde65e6b-6ea4-4429-98f2-e243f4a4169a,a51ff970-12c6-4739-b809-5fbc65af2cd3,9b330492-aee6-428c-a7fa-9ff3ab976b11,109400,2026-06-18,542,90+ Days,Customer
a31bd8dc-9ca9-425d-924a-be98b3f92522,cb55367a-1da2-40df-aac3-6ea2d3ef7d67,584dd671-595e-4425-b5f9-f04667087961,108000,2026-06-18,710,90+ Days,Customer
3aa6b110-9021-44c9-9b49-43810eec084d,31ba490b-d257-4dcd-8a73-9e4fb49e1359,ad1025e0-29a7-4293-9dfb-2db4fb287a64,107500,2026-06-18,154,90+ Days,Customer
be4c9800-d301-471b-9a49-6888de420366,f0c11e44-1236-4c2e-8285-613ab5dec4ba,d513fdf0-0edc-4413-9f8a-75d50e2f2e80,107000,2026-06-18,626,90+ Days,Customer
d51191f4-0ce8-44ae-81da-9bbdc597c052,6a9deeaa-327e-495e-aa6a-78f88e6e35c3,266240e2-7d4d-4f96-b513-ea7bf58a522a,106600,2026-06-18,746,90+ Days,Customer
45a19fcd-7e4e-44d9-b793-c902fd83444f,f339fea8-85c3-46ca-9d61-5a3dcbbb1b85,d6770a36-5221-48a5-93e7-ee8cc287996c,106000,2026-06-18,148,90+ Days,Customer
f0429b38-1563-4163-a1cd-9354ba1db258,51bf73f4-c8da-4e75-b5c1-72b2dc1014a0,9257c1f9-0a89-4b90-af51-af93608afe91,104600,2026-06-18,359,90+ Days,Customer
08e96396-41e0-4e14-995c-931b29e8ad45,d11168e8-0acb-4143-82e4-419e25634be8,20f52e43-57a0-4040-ac83-b8a3bf58b4a4,104000,2026-06-18,333,90+ Days,Customer
039f88f1-cd49-4570-ae11-359c01b351d0,6bfd0ec9-30f4-495c-b104-f19a6d20505a,ffa0bdab-22fd-4431-8187-0c69a66feb8d,103430,2026-06-18,174,90+ Days,Customer
f008cef2-82ae-4bd5-b04a-ae3166fe2c13,0e59f9b8-792d-43cb-a7e3-39a3cbf25ae7,0af032fa-7533-4888-9578-8cc97f247e47,103200,2026-06-18,395,90+ Days,Customer
8721661e-48e5-434b-8f33-b7e635a54f1e,0ec16e28-c838-45f0-8887-4df2087044f1,40248c74-272a-49ce-a5e4-07263d7404c7,102750,2026-06-18,611,90+ Days,Customer
3058a8df-fa3e-469d-a770-d828c71c6a19,71be3019-2872-4e46-9e8f-941663554ca2,f3bb5aee-a193-41dd-a548-8d18e00869cd,102025,2026-06-18,269,90+ Days,Customer
06f4232a-5076-4e8a-b463-a2a55701ff29,71be3019-2872-4e46-9e8f-941663554ca2,d1b966da-a40d-44f8-a103-1bb19c205f0f,102000,2026-06-18,524,90+ Days,Customer
f96978f8-32c9-43ca-bd16-2f416bf59a73,71be3019-2872-4e46-9e8f-941663554ca2,f283fb4d-7561-4822-8468-34603c5f208d,101600,2026-06-18,332,90+ Days,Customer
4d3cc0dd-ab9a-4e65-a921-9ce8166a28aa,8da5249a-c2b8-48c3-b61c-12ecf6d898d8,d5fc40c6-1c53-4627-be43-f74dcb91d2d1,121075,2026-06-18,483,90+ Days,Customer
992323d2-2a10-41ab-835a-e84d4af4953e,51bf73f4-c8da-4e75-b5c1-72b2dc1014a0,9e60101c-160f-4dd8-ab1d-806a8797b657,121000,2026-06-18,409,90+ Days,Customer
90528512-7438-4f7f-a684-6e9f517d46b1,e81165ad-05bb-4b73-9bde-443bc6e8b08a,8427c515-ca93-4f6e-9939-128ba58d5f8a,121050,2026-06-18,406,90+ Days,Customer
cddb7737-8d35-493c-b0b9-5fdbda43fd35,cb55367a-1da2-40df-aac3-6ea2d3ef7d67,c179f75c-c58c-4d32-b427-6ac8558a966e,120360,2026-06-18,296,90+ Days,Customer
d8526c16-0fca-4631-8d1b-98679dd21505,cb55367a-1da2-40df-aac3-6ea2d3ef7d67,49d1a27b-575e-486b-a4ee-ec037b5bf035,120050,2026-06-18,505,90+ Days,Customer
40efb8a3-093a-45b8-b080-7b25e628e4c8,71be3019-2872-4e46-9e8f-941663554ca2,5354d3b2-e96d-4669-9cb8-3ad42af50922,120000,2026-06-18,314,90+ Days,Customer
21325834-5191-4ad3-a8de-8e97415ab4fc,d11168e8-0acb-4143-82e4-419e25634be8,da610e2d-4877-41ef-b094-27ff22d51123,119000,2026-06-18,590,90+ Days,Customer
1679441c-981b-4403-b332-321f27512dcb,b68482aa-3798-4bc4-96c2-ae22f9e1f162,17a098ed-dd8f-4a83-a553-53096f3fcfce,119000,2026-06-18,351,90+ Days,Customer
f48c091a-e6b1-4c3c-8f32-c64c1469bef5,b215a7fe-5be9-4c02-8f7d-bdd95c0e84b2,24230c49-9b9a-4861-89c8-89de801262f2,119900,2026-06-18,683,90+ Days,Customer
22be8d45-6c1e-4efd-860e-07870974389d,9cb686d7-fffa-4aa2-9ab0-de4cbdaf886f,98e51e97-52a4-4619-8608-5ca06898b0a0,119000,2026-06-18,461,90+ Days,Customer
0e3fe052-3fa8-4035-8561-7c5f3e6250d5,cb55367a-1da2-40df-aac3-6ea2d3ef7d67,60a0b707-393f-424d-9735-a9642799bfd3,119000,2026-06-18,619,90+ Days,Customer
e9d5a4f9-4f3e-41b1-b0d2-494f18602abf,18ed5164-13c9-428c-bfdb-9e6c34e7cb1f,74465ba2-834f-42eb-a076-ea86ec262100,119000,2026-06-18,557,90+ Days,Customer
b7b476b3-929a-4271-91eb-39c88c61fa46,9210470f-bbf0-4c64-9538-eafcd517a6c9,1b860496-be9f-4fec-b75b-08768fb36e49,119000,2026-06-18,566,90+ Days,Customer
f5b703b5-6e5d-40cf-9cd6-27b2b17fd1a7,0c4eb465-2f9c-4822-b19c-75ed98b408ea,e31c96cb-5590-4b68-be19-191c705c8ec1,118700,2026-06-18,552,90+ Days,Customer
a4008a90-1211-4ae0-8771-c30b0b3c8209,cb55367a-1da2-40df-aac3-6ea2d3ef7d67,a8415134-01ae-4ec9-8544-9781117e1a11,118650,2026-06-18,654,90+ Days,Customer
dd0333b9-a3e8-407b-abed-a47536aae667,271cdaa5-4d7d-46cd-9a43-7e3bb4bb922a,bb34b3a2-e2d5-40a7-8ce8-edbe8054c2d2,118681,2026-06-18,625,90+ Days,Customer
96858e81-7db7-4b09-961e-6ec41e8d325b,1639558e-a731-47ae-859d-e4af3ad77ba1,df5638c0-3ecf-4568-9862-40f9b821825d,102350,2026-06-18,566,90+ Days,Customer
e07800fa-3852-4ef1-a32b-aba652c91885,f3df996d-b48b-4239-8bf1-1e46b44fabd6,1dca7fc7-21ac-42b8-8be0-9dc2c18f85d4,118300,2026-06-18,205,90+ Days,Customer
1e1d8542-3841-46ec-8e67-22bb1a966c93,9cb686d7-fffa-4aa2-9ab0-de4cbdaf886f,88141095-9bc7-498d-9c7b-1afa30976c5d,118500,2026-06-18,413,90+ Days,Customer
b02e662b-16f0-485f-ba5a-abfb23e3176f,26452dcc-3a68-4dcc-bccc-6a76193c5e17,9013626a-2526-48ca-9c45-0c09576eeeae,118140,2026-06-18,183,90+ Days,Customer
9a9efbc3-6702-4994-b756-7831115b662d,2df9cb4d-3931-42d6-b71e-03529a9850cb,dde0097a-e883-4ebb-b101-13120bfeaa8b,118140,2026-06-18,178,90+ Days,Customer
6e990008-ee69-40c3-8fe8-2342e00ca0db,71be3019-2872-4e46-9e8f-941663554ca2,df59dd0c-af64-4b97-a2c6-377d2292bcd9,118140,2026-06-18,181,90+ Days,Customer
500bd5fe-bc76-475f-b918-a8e1c5eda584,cb55367a-1da2-40df-aac3-6ea2d3ef7d67,9338c040-5d3a-484a-b2e5-77998113c38a,118090,2026-06-18,630,90+ Days,Customer
0081739b-9ffe-4eef-b18d-8afcee980b65,ae1c1a81-1b14-40c4-b8c0-f34710c576cb,0e5af214-be8a-44e4-a149-9d7d3a0a88ab,118140,2026-06-18,175,90+ Days,Customer
2ffd9ed3-6d5b-4fa8-a0ed-d2e054406fd4,cb55367a-1da2-40df-aac3-6ea2d3ef7d67,52444070-2d1e-46af-b8ab-e8c6ea9304ea,118090,2026-06-18,643,90+ Days,Customer
4fc6c24e-aa6a-4858-9763-5f5fd93b7521,cb55367a-1da2-40df-aac3-6ea2d3ef7d67,39af0be9-8df7-415b-bdb8-88b07616ee46,117600,2026-06-18,720,90+ Days,Customer
6ff3e694-cc8e-4c80-849c-78ae44834933,cb55367a-1da2-40df-aac3-6ea2d3ef7d67,4970d51c-b02d-49c1-b54d-0778b26972bd,117600,2026-06-18,745,90+ Days,Customer
2558e449-0785-4456-a9bc-b1888fce9d16,ad9a5ae4-bea9-4ae4-ac63-464ff555e655,4fad32f9-664b-484b-95b9-619c07c09b39,16110,2026-06-18,162,90+ Days,Customer
d9593268-ddd3-4994-bdba-2cfa8bb62370,5bd78e3e-c793-45af-9207-447306d75441,1246b054-e7c9-4a59-ba71-ac0e3cd01e55,118500,2026-06-18,755,90+ Days,Customer
d3f6c212-408c-468a-bd8d-005d118610e8,e81165ad-05bb-4b73-9bde-443bc6e8b08a,35467e3a-d004-4c7b-abdb-2ca23917ae98,117500,2026-06-18,392,90+ Days,Customer
69ffb747-8883-4a57-ac53-ae8565e44b30,e81165ad-05bb-4b73-9bde-443bc6e8b08a,d3fd1a93-60b0-4574-96f1-15889aee3fff,117890,2026-06-18,316,90+ Days,Customer
b90d65d0-c0b2-4208-a012-9c33bb54cfd4,71be3019-2872-4e46-9e8f-941663554ca2,8d351bd5-ad69-4e25-8d5e-1b5280ff2349,117492,2026-06-18,244,90+ Days,Customer
7c5602af-00f1-4fb5-a90c-fe7a35c62435,ebd4b889-4b94-4c8e-acde-8b3b5f560d31,e4dde372-eaa6-4ea2-a6d0-06ee9128f4b9,117300,2026-06-18,188,90+ Days,Customer
08da3336-5bec-4eb7-a3a4-7f7608dfdea9,f0d5b006-a306-4779-837b-1a3c581d7119,fde893ca-aaa3-43f4-963d-b39260cdd1e3,117000,2026-06-18,482,90+ Days,Customer
6003b129-1ec8-4689-adfb-82621e107122,ab338b7c-2914-48ff-8ffe-2951d186fd0c,2e9dd5a8-48e9-44c3-98d5-78c4e93b6cd9,117500,2026-06-18,571,90+ Days,Customer
576ed917-8a31-4766-bd7d-5f499a5e0860,5d343860-55e6-4607-a4c7-2b9c642122b9,d3395e46-63fd-4fa8-a1ee-aec1bd91f3a7,117000,2026-06-18,240,90+ Days,Customer
c947eb0f-73da-4154-87b6-1d6048c5491a,ebd4b889-4b94-4c8e-acde-8b3b5f560d31,142e8aa3-0709-443e-99de-0383f9fdcc15,117000,2026-06-18,244,90+ Days,Customer
73051d5a-37d7-4646-a901-df11481ef183,6a9deeaa-327e-495e-aa6a-78f88e6e35c3,547ec586-96d7-4eaf-b17b-6fc4cd1858c0,117000,2026-06-18,717,90+ Days,Customer
f9b7ae28-06b9-4061-8dc0-a6a6260143ad,beb13cfd-593a-4390-b602-93a464c0d4d5,9a889827-1f77-4926-8016-079b64f1a269,116440,2026-06-18,471,90+ Days,Customer
85b1b942-48b3-4a79-84ca-043a21ff7ca0,ccb49d47-ef18-415e-84ff-5119d836592b,b6e05217-8fd2-449b-a168-ce008686d15d,116625,2026-06-18,741,90+ Days,Customer
2282cd40-64cc-417b-a6ab-2e2ef56bff73,ddfcbd9f-71ee-4343-a831-beb7757ac3b0,0a4ddfd4-cf39-4dc2-8994-d88634715688,116350,2026-06-18,157,90+ Days,Customer
ff2ad07c-15eb-4621-9de4-bd59de3d3f3f,6379ecd6-4d1d-492e-8a89-0acb8165ae6b,d41d682c-f56d-437a-a310-ea38ac4eb9bc,116900,2026-06-18,590,90+ Days,Customer
6f3bcbd9-d4cc-4e91-af1f-0db6e44e85f8,1f1746d2-52c5-4dc5-aadf-ea179bd755e0,85b36179-34b7-4f90-926e-ffc03225c500,116000,2026-06-18,392,90+ Days,Customer
adcada82-0e0b-4d61-86fa-8c4d0c718d59,3f5f3d50-1c6a-40ed-b9f7-54abb1203a7e,c2c6b3eb-7d21-49c9-96fe-1171af19713f,115500,2026-06-18,541,90+ Days,Customer
a0a448da-5da4-4dc5-8da4-0bc8849ff6c4,da25785f-148d-4a33-af27-569a7b317c0c,388d0e05-bb7b-42cc-96f0-4fda2ddc3859,116100,2026-06-18,778,90+ Days,Customer
a7a0a742-32ce-457c-a64e-25dbc1be69c7,74b1641a-f560-4f91-a115-f11a494da19c,31e6a44c-f0be-43b6-a3d1-280a17f09a82,115500,2026-06-18,588,90+ Days,Customer
034c7db6-bbf6-4222-8856-a006d7672e44,0ec16e28-c838-45f0-8887-4df2087044f1,c350c4b4-fc0c-4b14-a737-e2c77949f49d,115500,2026-06-18,533,90+ Days,Customer
b9994073-3f2d-4647-8286-f252fe246444,6a9deeaa-327e-495e-aa6a-78f88e6e35c3,6496a0b7-76c6-4d92-84f3-6a97d3765671,114800,2026-06-18,619,90+ Days,Customer
54967d5a-5a06-4a08-8673-90598c048a45,6a9deeaa-327e-495e-aa6a-78f88e6e35c3,36589123-9dba-4bed-a1f4-4d320392e9ed,114600,2026-06-18,700,90+ Days,Customer
18b66a41-024d-4fc6-bf63-7fc770959931,d604343c-0482-49ed-80ec-28e4aa0c3fd4,f26da852-f393-416d-b82a-86d2779f158b,114000,2026-06-18,192,90+ Days,Customer
824beb41-5e4b-460d-90a4-f6de754c07f8,6a9deeaa-327e-495e-aa6a-78f88e6e35c3,12ca1ae0-c969-4a0e-8a70-3b8fa3e5d963,113000,2026-06-18,617,90+ Days,Customer
1f9d569d-9aec-4b74-a753-01962fb8a6d4,f0c11e44-1236-4c2e-8285-613ab5dec4ba,d42036a4-dfa2-4e23-b612-d91bc9677a2c,112000,2026-06-18,616,90+ Days,Customer
cb951513-0095-4c6b-96de-c47e8307abdd,6d750907-fbbe-4ddf-9d1c-e14335fde6f7,85d5ac9e-63f2-4f36-9dae-fe60bea20c7b,111600,2026-06-18,746,90+ Days,Customer
39426be5-512f-488c-9979-a51890309681,271cdaa5-4d7d-46cd-9a43-7e3bb4bb922a,441afd2d-2221-43bd-b860-d95c77b502cb,110400,2026-06-18,197,90+ Days,Customer
b752eafc-9431-4620-b3c1-7c4316913942,8ca2b887-66c5-4b20-8d54-8b1ffa495d07,5afecded-a47b-4475-93ea-e22d90eab65e,110000,2026-06-18,423,90+ Days,Customer
bdedc1f7-df6d-4284-9323-35e1846a8117,2df9cb4d-3931-42d6-b71e-03529a9850cb,d4cfdc30-06d0-439a-8a62-56449a021447,109662,2026-06-18,137,90+ Days,Customer
5af071de-2c81-403f-8cc9-b1c0f0db876b,71be3019-2872-4e46-9e8f-941663554ca2,f416b1a2-f4d9-4536-bc61-4ef239d4eac2,109400,2026-06-18,403,90+ Days,Customer
ab14630c-a746-4e83-a800-2c05fc07eed7,bc217663-ed94-430a-a140-aacae4dcab8f,c4908ce5-09f9-4b20-b0c7-d75a304aa5f3,108000,2026-06-18,777,90+ Days,Customer
1310214c-592c-4ee8-a4a2-29115bc5dda2,d46677ba-4aa3-46ef-95e9-eb9fec96b727,1fd02e9b-2b0b-4b3a-aac1-a00283a726ff,107941,2026-06-18,752,90+ Days,Customer
cccf23f0-3614-4317-93b2-f9ebb960f57c,935452e3-cd62-48f6-8240-a237fbb049e2,992341ef-d322-4bc5-8245-be712949b559,106875,2026-06-18,429,90+ Days,Customer
48cbb321-a03a-45ef-8012-6c5b3660a2ee,2941bd55-d0d4-4e91-b8ac-781bc32cf76e,f82ac6f0-d5a0-4d55-80f1-443a4700d65d,106600,2026-06-18,471,90+ Days,Customer
3dc5e4bf-d134-4530-beb6-3e0410059faf,71be3019-2872-4e46-9e8f-941663554ca2,0e387599-9ba1-4e3c-bf7d-88e0fe43746a,105000,2026-06-18,154,90+ Days,Customer
f07a1172-ffa5-45a6-bac0-12782d6ca7dd,13434759-d4fc-4dc9-ad3b-480ab7211da2,46c2fb9f-a57e-4097-94e4-58a9b0c3ad29,104440,2026-06-18,148,90+ Days,Customer
e19eb759-6630-4aae-82bd-3ceb1e2c506a,1f1746d2-52c5-4dc5-aadf-ea179bd755e0,ed192d37-eb6b-4ea6-9bd4-a63266e1bf5d,104000,2026-06-18,330,90+ Days,Customer
dd68cec8-13ed-4941-971e-c1a7fac870ce,271cdaa5-4d7d-46cd-9a43-7e3bb4bb922a,3b38ee05-3105-4e99-ab96-2ff65792fa99,103950,2026-06-18,566,90+ Days,Customer
c7790f99-ae95-4b44-8212-d50e23d14a5a,71be3019-2872-4e46-9e8f-941663554ca2,fb8da617-7817-4b7f-84a7-42ffc616da7e,103400,2026-06-18,430,90+ Days,Customer
3ace9cd6-691a-45c5-9bd6-8911db20a4cc,0e59f9b8-792d-43cb-a7e3-39a3cbf25ae7,e9f85952-353d-407f-b70f-e6ee20a11a54,102500,2026-06-18,485,90+ Days,Customer
444ee2b9-1be4-4041-833a-fe7babc476f4,0e59f9b8-792d-43cb-a7e3-39a3cbf25ae7,06ac6ba3-4792-4cf2-8eae-af8d6bc333f6,102500,2026-06-18,545,90+ Days,Customer
5657246f-aa14-4afc-87bd-3b266ec5c0c5,6bc20676-6cd9-4bd5-b300-2a44c353db98,f596b33c-fd51-4e8b-a2ff-e9044b58fce3,102000,2026-06-18,442,90+ Days,Customer
22339b43-8721-40ab-b6b7-ca0f8f34651a,2970f735-35b8-46ff-9a1d-ec4693521735,72b7ee38-39eb-409c-8636-c8187c7d8777,101855,2026-06-18,756,90+ Days,Customer
21815b68-3e81-4d10-82c3-7d7466fd6ba2,71be3019-2872-4e46-9e8f-941663554ca2,fb2a6bae-ea36-40af-b487-46f6c563d4a3,101700,2026-06-18,473,90+ Days,Customer
8dc79628-61ac-4f00-8626-7c3d680ebfad,71be3019-2872-4e46-9e8f-941663554ca2,ca2d8dab-8616-4fbc-8fae-c7761eecc83e,100750,2026-06-18,580,90+ Days,Customer
a7a50319-748e-4c26-ba45-0fc594c76e91,2941bd55-d0d4-4e91-b8ac-781bc32cf76e,04cd9bd8-327b-4ba5-b3cb-832649493a22,100500,2026-06-18,410,90+ Days,Customer
18b1aeba-15f3-4324-b879-6169c3489ceb,935452e3-cd62-48f6-8240-a237fbb049e2,9389a45e-c0be-4a45-b3a7-7607520cf011,100200,2026-06-18,531,90+ Days,Customer
16fa6196-c912-4f6f-8f3c-d6de5c10eb03,0ec16e28-c838-45f0-8887-4df2087044f1,52cc249e-fa4d-46bf-bf39-1394436ddd66,100062,2026-06-18,647,90+ Days,Customer
90050e03-6587-4542-acf4-1767924c9fab,0e59f9b8-792d-43cb-a7e3-39a3cbf25ae7,65c1f237-e519-4506-931e-396a9cb1d37c,100000,2026-06-18,524,90+ Days,Customer
fe4f1379-3ab0-410c-a36b-826ed13c7fd1,e3d791cd-8bf0-4abd-b371-0b0800b4f20a,5416bd22-776c-4a6f-9197-938e68e6c77b,116250,2026-06-18,324,90+ Days,Customer
8f244e59-b13f-4d53-954e-33911ee533fc,db0bd5b6-c001-485c-b548-de7dabea0a92,97180422-07fa-45e7-80c9-e2ed16df1150,99250,2026-06-18,512,90+ Days,Customer
9c493c96-bc05-4af8-8ab5-e3191f73e43b,544b625f-ef7d-4644-83c2-95bbc0c417fa,a4cd1cd0-0f35-4a2b-a775-dab21a7e3999,87500,2026-06-18,529,90+ Days,Customer
158775c6-dc55-4b18-8d80-0cc63d82fc20,0e59f9b8-792d-43cb-a7e3-39a3cbf25ae7,15b8206c-4054-44f3-8f1c-d187ac195921,87500,2026-06-18,465,90+ Days,Customer
472b5a2e-3d13-4d7a-8f29-d8c97fcda03c,aaeb0740-87f4-4b33-8b8a-50dd7e46d35f,f3a537f7-6cea-4ace-bd2b-e48804a8a9ad,87125,2026-06-18,128,90+ Days,Customer
1cc1abcd-2774-4b3c-b056-98e3fe6ceef3,71be3019-2872-4e46-9e8f-941663554ca2,dcd697cb-a906-4ec7-aacf-1d952c59a1b0,87000,2026-06-18,448,90+ Days,Customer
b6a26cfc-e3a1-4cb2-b9ff-d60fff22a479,d604343c-0482-49ed-80ec-28e4aa0c3fd4,8d0c2249-8097-4351-8601-4d79b1aa65a8,86450,2026-06-18,490,90+ Days,Customer
79507993-8820-4c44-bcb5-f84f35431e9f,2b6e22f9-25d1-4c27-9859-cd26832f994d,7b864fe6-c0f0-45ac-9456-43660ed5e722,85800,2026-06-18,396,90+ Days,Customer
fc59194e-a5ac-4632-a3fe-91e0b4a33f0e,0d0b2b7d-8398-4acf-b6aa-059ed677755f,fefa9b1d-54fe-401e-a7b0-6ede8795223e,85800,2026-06-18,359,90+ Days,Customer
59cf62dc-41f8-420f-bfe9-80663b2e24f3,2df9cb4d-3931-42d6-b71e-03529a9850cb,4dd9f198-b273-48b3-acac-855f24221581,85262,2026-06-18,323,90+ Days,Customer
500d1603-c93c-42ea-aade-5e7195785a85,1f1746d2-52c5-4dc5-aadf-ea179bd755e0,7e4e1c3c-ac1d-452d-9a8a-e8bc9884a7f4,85000,2026-06-18,595,90+ Days,Customer
1d05029f-73eb-4b5a-9c35-73671a3b2ad4,d11168e8-0acb-4143-82e4-419e25634be8,cf26e9db-6053-45f2-a1c7-3676eabd2494,85000,2026-06-18,472,90+ Days,Customer
eb5ddc3d-f8d6-4b44-a526-14821c0224de,d11168e8-0acb-4143-82e4-419e25634be8,9f9949f6-0dd3-4fc3-92d3-de9c0f260c74,85000,2026-06-18,542,90+ Days,Customer
daa3f61e-65c3-43d7-b732-2116438130d1,9af8a055-23ef-47c9-920d-95f184187ed9,b4d73f17-ab77-43c3-a127-1c17dfcdd718,85000,2026-06-18,476,90+ Days,Customer
526cd6f3-9317-458c-a07a-3a653a862a77,5a6fe33a-a836-4dee-9a50-9d39aea8888a,d95a15fe-452a-4c23-8f3e-689e25c5e343,85000,2026-06-18,766,90+ Days,Customer
b866c9b7-4de2-4990-8bef-e9fa96280820,d604343c-0482-49ed-80ec-28e4aa0c3fd4,a90b12f2-51d7-4e6b-ad67-50faf9156db0,84650,2026-06-18,465,90+ Days,Customer
131fd89a-95d8-435c-b4af-474fd702beba,d11168e8-0acb-4143-82e4-419e25634be8,14c1fb68-9a67-456e-9d7d-8f66e3edc668,84150,2026-06-18,434,90+ Days,Customer
409ce075-7f9d-44ad-9436-8357ac577b41,cfd6ccb7-f394-460e-ba59-b25dbbaeaa99,e7e2340f-389c-464e-af04-066d165cd982,84000,2026-06-18,609,90+ Days,Customer
fd40954b-ce8b-4c59-bd30-f43d3d954fff,cb55367a-1da2-40df-aac3-6ea2d3ef7d67,d5baf254-83fe-4435-9982-313139109565,84000,2026-06-18,351,90+ Days,Customer
147b5248-453f-45a0-a996-67b4e3c0300a,71be3019-2872-4e46-9e8f-941663554ca2,25c87354-2b30-46e0-9280-77c3879d6740,115500,2026-06-18,561,90+ Days,Customer
5c59a722-e5e4-4635-91d4-b82162320737,052eb177-4e17-4f67-9361-1ef8cf47723c,5e1ce621-e211-4ff7-9c86-73e318e94242,114000,2026-06-18,524,90+ Days,Customer
4733f7fb-4077-4fc8-bdd4-3fbb872d9408,544b625f-ef7d-4644-83c2-95bbc0c417fa,a0b729fa-6a7f-41c7-9245-4577415a6002,113750,2026-06-18,557,90+ Days,Customer
534fbf87-7178-4227-9d5a-5eb76a0f3279,18ed5164-13c9-428c-bfdb-9e6c34e7cb1f,3f93deea-ed23-41c2-9a9c-85caed6bc974,112699,2026-06-18,543,90+ Days,Customer
d9187b68-6849-4600-9d19-99818bba9259,c8d7c2f1-3d8a-4eeb-a5df-3203903398b9,31c3605b-37a2-4bf9-99d1-ebaa2a96e47d,111000,2026-06-18,505,90+ Days,Customer
51c1098f-db60-4e7c-be55-0c058fe409fe,b09df428-9911-4f7e-84ca-e927c12cf822,62788a83-4ed6-4c46-b757-c1a2dc3fdbb2,111000,2026-06-18,676,90+ Days,Customer
dc9fcf5f-32f7-487f-a206-0977363b68bb,71be3019-2872-4e46-9e8f-941663554ca2,dd69ac4a-20bc-42e5-8e9e-f60f8c186045,110000,2026-06-18,269,90+ Days,Customer
6f5bfc3a-3fc5-4075-8ce3-1aed9a3492b9,51bf73f4-c8da-4e75-b5c1-72b2dc1014a0,424b8162-fea6-49ac-aa27-acb60002e0f5,109583,2026-06-18,296,90+ Days,Customer
8a9df1b8-9bdc-4348-bf8c-6c64ae135558,8ca2b887-66c5-4b20-8d54-8b1ffa495d07,ade36716-309b-4c6b-91bd-75f59a2433d6,108000,2026-06-18,347,90+ Days,Customer
f86dbb00-fefa-42cd-b58f-1669ccf903b5,aaeb0740-87f4-4b33-8b8a-50dd7e46d35f,58c8ec47-9a2e-4be5-bd83-131f6fed5074,107400,2026-06-18,157,90+ Days,Customer
32ac3169-e4ae-4185-b7df-7cbc8a235df8,51bf73f4-c8da-4e75-b5c1-72b2dc1014a0,76ae89f2-efba-4ff4-bad8-45103ebf5b8f,107212,2026-06-18,246,90+ Days,Customer
087fda14-3501-4866-b97b-c34114effb56,8da5249a-c2b8-48c3-b61c-12ecf6d898d8,484c364e-bef5-47c7-8e62-d3b06643e6c4,106800,2026-06-18,669,90+ Days,Customer
de34ce71-6224-4f56-b88f-78e05ac45fe2,6eb42534-b7c0-486a-a2c6-379e3ca78b31,199ccb50-421c-4021-ac1a-67b22d3890fe,106250,2026-06-18,344,90+ Days,Customer
5d87c00b-301d-4867-91f4-80f3fc2e537f,8da5249a-c2b8-48c3-b61c-12ecf6d898d8,4863c5bb-5d2d-4229-98b4-c7d42721373a,104400,2026-06-18,465,90+ Days,Customer
edefab33-8c5e-48ea-8041-5ccad642ace1,d604343c-0482-49ed-80ec-28e4aa0c3fd4,a2ab9700-3361-4b45-83f7-de2779ef9617,103400,2026-06-18,506,90+ Days,Customer
23adb2c6-e790-4f54-ad9d-d10af75b0e3a,8da5249a-c2b8-48c3-b61c-12ecf6d898d8,964b06b8-45fb-4af0-8287-251ddc7c1f56,102900,2026-06-18,529,90+ Days,Customer
08d0185a-beb6-4f63-9f34-b37080552dd8,13434759-d4fc-4dc9-ad3b-480ab7211da2,405ba831-cf7f-4794-b6d0-d7ecd1d4d8bb,102839,2026-06-18,147,90+ Days,Customer
74753edf-a75e-4833-88c3-f9de1ea4d16f,e5c2dd91-83b4-4e5d-a807-caef678edb69,4faa7e34-b569-4d80-b8da-b9d410982cdc,102300,2026-06-18,440,90+ Days,Customer
069a234f-95d7-49ec-996a-0927a94897e8,d604343c-0482-49ed-80ec-28e4aa0c3fd4,229cb0e7-497b-4147-8e54-4cfc1ed8f010,102125,2026-06-18,521,90+ Days,Customer
df91325f-c936-4428-9566-00cdc38fb018,71be3019-2872-4e46-9e8f-941663554ca2,056ff66b-30d3-4b7f-9631-f05d57e1bbe3,102000,2026-06-18,562,90+ Days,Customer
0660d188-941c-47a4-820f-8490bf49026d,1f1746d2-52c5-4dc5-aadf-ea179bd755e0,f28a284b-2f4d-41cc-bd72-38e9ebe31e53,101500,2026-06-18,365,90+ Days,Customer
11d441f4-7c4c-4f65-9ace-2f64a9e793b6,db0bd5b6-c001-485c-b548-de7dabea0a92,256d305f-f5af-4e0d-a37a-ba0a6a28e315,101500,2026-06-18,497,90+ Days,Customer
f99bd13b-7ecc-40ff-8b68-6cc733943584,d46677ba-4aa3-46ef-95e9-eb9fec96b727,5feec25e-0e95-458f-ab67-f5c1e6f0dc30,101250,2026-06-18,517,90+ Days,Customer
20c38297-d0a8-4077-bbc0-7d00ff7d0636,2df9cb4d-3931-42d6-b71e-03529a9850cb,0f553941-c04c-4e7e-a4db-32d26a553c0e,100600,2026-06-18,233,90+ Days,Customer
5ee6cecb-a3eb-4351-8df5-c1d0f13dc13d,58cacb19-26f8-4710-82a0-ef5aaf515fcd,665ba11a-1043-4080-af5a-f6c7493e1968,100500,2026-06-18,424,90+ Days,Customer
e3a58e3f-0e41-42fe-841b-f75af57a5a9f,401d1dd1-7487-4d90-ac6b-ce5bc399670d,ae3c3690-1c65-42bc-bf4a-46ec56ea90eb,100200,2026-06-18,598,90+ Days,Customer
64183a81-c8f2-4811-85cb-fd8a0c0ddba3,0ec16e28-c838-45f0-8887-4df2087044f1,02706404-1eef-451c-8f7a-7a7b957e979a,100050,2026-06-18,568,90+ Days,Customer
7bac49a3-34cd-44ea-b416-e5de2a249d7f,71be3019-2872-4e46-9e8f-941663554ca2,28d0809c-4e1d-4372-95f9-d66dba2257f9,100000,2026-06-18,409,90+ Days,Customer
96006642-9ff0-4916-8d0a-0de07d5ac21a,6f9e254b-4ebd-42b3-bf66-f0f77962cb3b,9fee9799-355d-45c4-8353-e9e6bb47c57a,21000,2026-06-18,112,90+ Days,Customer
73dd6780-52d3-4ce1-8b91-34d080b9a89d,d11168e8-0acb-4143-82e4-419e25634be8,b97c415e-aa2a-4084-ab19-67c73d1272bf,85000,2026-06-18,569,90+ Days,Customer
eca86769-9349-46f7-8419-b9b5d8469b62,6f0fa011-e115-4b61-b69f-9ea36cfbb0e1,efc1d647-74d0-4cd9-ba03-3257e1aa4efe,85000,2026-06-18,556,90+ Days,Customer
8252457c-155a-4d89-8cd0-3171611efd9b,e0140edd-1909-49ae-9bdf-d36e683f578d,4c699ad7-4e26-42bf-b7b5-d1d8322ada54,84500,2026-06-18,583,90+ Days,Customer
51f8b658-db66-454e-8b96-65224a114922,71be3019-2872-4e46-9e8f-941663554ca2,498f0dd2-13be-4c15-bcb7-2c6ade8aab5f,84500,2026-06-18,508,90+ Days,Customer
0df94185-318b-4b20-bcba-41a27082ee02,ed1a8f9c-e058-48fa-80eb-c2ed68fb6e36,ae405435-87a5-42fe-8e32-ec6fb261cc69,84000,2026-06-18,608,90+ Days,Customer
224d353f-826d-4eb5-b5d1-f37f9a2acdfe,d604343c-0482-49ed-80ec-28e4aa0c3fd4,4906017f-5e2e-4cac-beab-637307669299,83700,2026-06-18,434,90+ Days,Customer
0d5d60be-9d08-4f5d-b001-bbc90c2cabc8,d604343c-0482-49ed-80ec-28e4aa0c3fd4,9632da65-9c5d-4c13-8171-fa23e657f51d,82800,2026-06-18,312,90+ Days,Customer
21740127-f345-49de-b1b7-072773bf4faa,4a2fd5e6-afab-4172-805b-138784a26981,b13de5e8-78f7-4ea3-aa47-bd4c18e51bc4,82750,2026-06-18,643,90+ Days,Customer
469b03b8-5955-4bf2-a41e-3580b46fb333,544b625f-ef7d-4644-83c2-95bbc0c417fa,144f0d35-d820-4cec-9d61-b318cbdb744b,82500,2026-06-18,437,90+ Days,Customer
c69e3ea0-e8e1-4bc6-886c-f2e0147599f8,71be3019-2872-4e46-9e8f-941663554ca2,61b00213-ecc2-46b9-a892-536fac545c80,82249,2026-06-18,577,90+ Days,Customer
fb05ec4a-13da-4f81-8ddd-15c371de7780,b09df428-9911-4f7e-84ca-e927c12cf822,326250a3-7748-488e-890d-504028accdd9,82000,2026-06-18,709,90+ Days,Customer
bbb9b28d-d905-4970-9037-bbe63de970bc,8da5249a-c2b8-48c3-b61c-12ecf6d898d8,0ff8e732-9a23-405d-9be1-9ae4ba1437d1,81250,2026-06-18,647,90+ Days,Customer
9019a761-c588-40e8-8a30-310deab87571,71be3019-2872-4e46-9e8f-941663554ca2,b0512fd6-2b97-4752-8715-1d24cd9a54b7,80190,2026-06-18,479,90+ Days,Customer
ea7bfac4-c1a4-4bb3-bc01-58cc1dc30457,544b625f-ef7d-4644-83c2-95bbc0c417fa,99bf4cf3-7568-4b73-9506-ee97681f6631,80000,2026-06-18,651,90+ Days,Customer
5263274d-e906-4b66-a783-bce1cf265b6d,e99e6ca5-a4bb-4343-a635-49f04389ca2a,a28ebadb-49c5-40bc-88f6-19271550ec99,79375,2026-06-18,304,90+ Days,Customer
c35608f7-3047-4039-854e-cfca232247c2,8ca2b887-66c5-4b20-8d54-8b1ffa495d07,012b7ef1-7361-467d-b40a-705fad920321,115499,2026-06-18,330,90+ Days,Customer
63270531-647e-421e-a280-b6307082b2da,0ec16e28-c838-45f0-8887-4df2087044f1,6eecad72-e57f-42d3-8a94-156d4cb0cc5a,114550,2026-06-18,757,90+ Days,Customer
f38bd7b8-89a1-4a03-99ad-c1cabcafd4f4,620730fb-8553-46e3-bbc7-c1052de6b4eb,8e9640d5-a3d8-4873-8f3b-fb1b93604c83,114000,2026-06-18,518,90+ Days,Customer
6470ed0e-c686-4571-a1bd-129525bd434a,6a9deeaa-327e-495e-aa6a-78f88e6e35c3,edee8dbd-69ec-4bda-a006-d72d7bc75c2c,113200,2026-06-18,685,90+ Days,Customer
4c93b7ec-0027-44d5-83c7-06b07c6ff217,052eb177-4e17-4f67-9361-1ef8cf47723c,17cd802b-8e0c-4119-96d6-bea3da7d5c5c,112500,2026-06-18,505,90+ Days,Customer
b9449935-68c7-42de-830d-0909b5f3d972,c8d7c2f1-3d8a-4eeb-a5df-3203903398b9,2042554b-f878-406a-9c9e-c70bb2bba21c,111000,2026-06-18,554,90+ Days,Customer
94699d5e-45d6-4e20-b449-ae3e98aca7c6,f0d5b006-a306-4779-837b-1a3c581d7119,69171586-ceaa-4ad4-a640-e96dca1632a2,110280,2026-06-18,548,90+ Days,Customer
21bc7c76-e1bb-43c9-abcc-6b107185adf4,8ca2b887-66c5-4b20-8d54-8b1ffa495d07,7b2fbd24-5d67-48d8-91f4-9aea915a1c8e,110000,2026-06-18,450,90+ Days,Customer
28c25d55-2e23-44dc-899d-b464ad1e19be,71be3019-2872-4e46-9e8f-941663554ca2,a326d1c4-b68b-48c4-8445-84dd7e7216f9,109880,2026-06-18,478,90+ Days,Customer
ad6911e0-6610-429a-a26c-2640e0a62ee2,a8968394-2e9e-49c7-b0cc-e59f81e73825,f60d59df-fed7-4255-8b4e-4cf36c7c977a,109500,2026-06-18,739,90+ Days,Customer
376b68a8-d784-4912-bc10-b3df2eda1bbd,b68482aa-3798-4bc4-96c2-ae22f9e1f162,55e6e4a6-4559-4367-a1a1-7926b66d1348,108000,2026-06-18,364,90+ Days,Customer
528e249a-5639-46fa-8cc8-3271bff6c0ee,8e5949f4-5832-41b1-8aea-b54f62ebc46b,9b559a12-bf4a-4a9a-a0e5-eb7610086f07,107800,2026-06-18,275,90+ Days,Customer
524c986e-7c8f-46df-8d35-fbd455b736fb,71be3019-2872-4e46-9e8f-941663554ca2,a5278d69-2dbc-498e-a76b-f8f4de09d9da,106800,2026-06-18,217,90+ Days,Customer
13e1c909-63b5-4cd2-9f5f-ad7c2964fddc,95c5d920-3701-494c-b8ec-568a66ffc4ad,75da296b-ea58-4b1f-8b7a-e7c039a24a8b,106200,2026-06-18,268,90+ Days,Customer
6e4a370d-cfdf-4cdc-8313-314e6e016b79,0ec16e28-c838-45f0-8887-4df2087044f1,b18e5a54-0df5-4064-ab2c-6d5cc678789e,104750,2026-06-18,772,90+ Days,Customer
88c021f0-aebe-4d9d-b2da-84480aa522b4,8da5249a-c2b8-48c3-b61c-12ecf6d898d8,13d6c8ba-f9d2-41f4-9c16-faaa0a7e4a94,104400,2026-06-18,552,90+ Days,Customer
cc40f199-64e2-46ae-86e8-afa9aa102aaf,0ec16e28-c838-45f0-8887-4df2087044f1,367aeb8b-6d8b-4bfa-92bb-ba8c6c2d4ebb,103750,2026-06-18,724,90+ Days,Customer
5262591f-7a96-4e52-a3ea-1f7e5fe194b1,9c550d4c-077d-4fb4-b74d-3debcfd3b42f,1dcbfeea-14ef-495d-9fa3-6182f83e27b7,103300,2026-06-18,526,90+ Days,Customer
40c3d822-30b5-4887-ad4e-6f62f7ea270b,13434759-d4fc-4dc9-ad3b-480ab7211da2,da8ec3aa-c9b2-4836-a5cf-9076bc143975,102839,2026-06-18,148,90+ Days,Customer
dcb5f522-40e9-473a-a2fc-f0b54d99a13c,0e59f9b8-792d-43cb-a7e3-39a3cbf25ae7,76355190-7e24-4d4e-82a2-27572de3d7c2,102500,2026-06-18,548,90+ Days,Customer
935126a7-c23b-44b1-8cb1-739417de6200,6e6eb1a9-aa09-459a-873e-997c0fdf4e80,73c43f92-3db5-402b-80b0-a16409733d87,102125,2026-06-18,476,90+ Days,Customer
cd190d88-b3d9-47c2-9bdb-4d9dd5b05575,71be3019-2872-4e46-9e8f-941663554ca2,dcd63a2b-3244-44ba-b6ec-540528d400ce,102000,2026-06-18,525,90+ Days,Customer
9c6160c0-5ddd-46a2-a715-8d37f93a3290,6bc20676-6cd9-4bd5-b300-2a44c353db98,df0461b1-6d18-4c23-bbdf-39c2194ea982,101500,2026-06-18,384,90+ Days,Customer
97472617-b0ba-4e02-9802-9db355cea19f,271cdaa5-4d7d-46cd-9a43-7e3bb4bb922a,9b7d50a4-6a09-41b9-9cdc-32fa48b75a00,101400,2026-06-18,671,90+ Days,Customer
b1bc658b-0b14-4958-9fa5-ad767d76390e,27a12971-33b5-4ba0-970e-6c1a7218f5f4,f7780e55-e7a7-4c11-bbe2-913bc7ec5451,101062,2026-06-18,554,90+ Days,Customer
571c6484-d3a4-49e2-8ed7-f0710d7884e9,2df9cb4d-3931-42d6-b71e-03529a9850cb,dd907ade-57aa-41f2-a519-81d651c013e9,100600,2026-06-18,233,90+ Days,Customer
5269363c-602f-438a-a599-6c7f1873f6f8,02da9eae-b45b-4b42-820f-926f0a158850,13fd1177-0193-4022-95a3-dc1f55e7f5d0,100500,2026-06-18,532,90+ Days,Customer
8fcf3da7-0486-4233-b7ee-875b45e9e0e7,cb55367a-1da2-40df-aac3-6ea2d3ef7d67,5f593689-56c5-4b4e-af37-d1969f1e2285,100200,2026-06-18,755,90+ Days,Customer
268f11b3-7878-47d9-a98e-57998931c2a5,71be3019-2872-4e46-9e8f-941663554ca2,95089655-3b63-478c-a319-eaae5b53afa8,100012,2026-06-18,545,90+ Days,Customer
9319ab02-1d06-4f6f-b654-2a6c2d1f80ea,8ca2b887-66c5-4b20-8d54-8b1ffa495d07,bb66d27b-3b03-44ce-a1c9-102f60c0fed8,99999,2026-06-18,370,90+ Days,Customer
84ade054-c8ac-4858-b10c-3a20897de728,271cdaa5-4d7d-46cd-9a43-7e3bb4bb922a,0f0c6652-2e1c-481e-8f94-6821814697fa,83250,2026-06-18,295,90+ Days,Customer
95fd65ac-d5bd-45a5-9597-9bab9dd702ec,9c550d4c-077d-4fb4-b74d-3debcfd3b42f,7bcc447c-0b2e-4748-b3a6-fee503169927,83050,2026-06-18,491,90+ Days,Customer
db2a3474-4a4f-4437-b798-4b17ea1d36fb,c62ed87b-e442-4815-a36e-6b634e3628f1,5dc47504-adaf-41ca-96d0-c2aa19ac823f,82500,2026-06-18,519,90+ Days,Customer
607984f2-ffcf-468e-9572-998d0aaf6d2d,71be3019-2872-4e46-9e8f-941663554ca2,b64e4058-9e40-46ef-8bda-8ae3ac4fec6a,82250,2026-06-18,513,90+ Days,Customer
5a75f6ee-f516-47f0-a7bc-ab5cbbf1dcdc,61ceafc3-1171-49cb-8c7f-9f3856814a3e,79d8aa98-5e7d-43f4-8170-61d408769cdd,82000,2026-06-18,476,90+ Days,Customer
247a3486-c043-4fa5-a62d-eb20ea1edb6e,71be3019-2872-4e46-9e8f-941663554ca2,42b095bc-9d94-4071-b7f8-80842c0f4a2e,82000,2026-06-18,490,90+ Days,Customer
247f42d9-4684-49d0-adb5-37dac0e6c056,1f1746d2-52c5-4dc5-aadf-ea179bd755e0,a9fcb092-5c70-4b43-8b30-05053b7d079f,81000,2026-06-18,419,90+ Days,Customer
7776088e-0113-41dd-b43b-9477d88ea7a6,8da5249a-c2b8-48c3-b61c-12ecf6d898d8,8e146ef6-d57e-43fd-a71b-4612666d2ead,80200,2026-06-18,566,90+ Days,Customer
def223f2-3eda-466c-9947-bbf0f95b01c4,db0bd5b6-c001-485c-b548-de7dabea0a92,a46fe07e-1c0f-4679-bbf5-b66956badacc,79400,2026-06-18,517,90+ Days,Customer
760cc3b2-9f0b-4619-afee-cc6366ce9675,ef3f4e84-96a1-48bf-a814-01dd82a0cd9c,960db695-fa53-4129-b7ac-0d6bde558b01,79000,2026-06-18,756,90+ Days,Customer
b4071411-6ed1-44e7-9d8c-63ecfca63b87,71be3019-2872-4e46-9e8f-941663554ca2,93d4237d-2102-4797-a1c8-14dda2c59dee,78947,2026-06-18,503,90+ Days,Customer
109926fd-d5db-452f-b256-b3b51113b6bc,271cdaa5-4d7d-46cd-9a43-7e3bb4bb922a,5fa5390a-4cd4-4fba-9881-06af759c43b0,77500,2026-06-18,610,90+ Days,Customer
dc0ff5be-a764-420f-8660-1f0e2a789e32,9309ba18-52ca-4ace-be5a-8bd95896b3ef,fecacba7-9d49-4c89-a0da-6a85f989f5fb,77000,2026-06-18,531,90+ Days,Customer
8512835a-c51c-41c1-b799-8b28ccdeb8bc,408a2e7a-88b1-4c28-87d9-c8d1f79d3522,9d1e63fe-ad0a-4855-bc98-184255c0e1dc,76000,2026-06-18,541,90+ Days,Customer
573bc12a-56ee-40ff-bb0b-1b15e1ec4a60,0ec16e28-c838-45f0-8887-4df2087044f1,737868c7-6f9f-4d00-8784-b0ee3ae40858,114075,2026-06-18,675,90+ Days,Customer
89fabb56-5cc4-4e0e-b3b2-82cabaf26fe4,271cdaa5-4d7d-46cd-9a43-7e3bb4bb922a,b014f6b8-bb7c-44a2-8c02-edc50d802e44,113750,2026-06-18,687,90+ Days,Customer
8a5f68b9-0b18-4844-95e2-96e5b34ea487,cb55367a-1da2-40df-aac3-6ea2d3ef7d67,d509bca5-6cf9-4416-8a44-88492cbd1b98,113050,2026-06-18,434,90+ Days,Customer
c6214577-f26f-4367-990f-398287587977,0ec16e28-c838-45f0-8887-4df2087044f1,2e420fdd-94c8-45f2-8cd3-82c54f9e96a6,111875,2026-06-18,712,90+ Days,Customer
262169b1-907f-4b56-ba8a-e3e99fb13117,096efaf2-16d1-4b69-ad27-28a2a3ea1396,1a34e495-9a7f-4d03-8d00-a34b9614156d,111830,2026-06-18,697,90+ Days,Customer
54a03303-c837-445b-b287-d25e2f7b4a35,68cc1905-5179-4234-8c85-ffc6f7f1c4b5,c1a27f9b-c890-4e45-8ead-a29c058cfbca,110250,2026-06-18,447,90+ Days,Customer
33f45fa2-aba5-4c82-807c-1c12d0f4b672,0e59f9b8-792d-43cb-a7e3-39a3cbf25ae7,c5c0e488-732b-4781-8db9-d45069493bd2,110000,2026-06-18,463,90+ Days,Customer
7e56991b-450c-4ded-b090-79fa7c2f59d9,544b625f-ef7d-4644-83c2-95bbc0c417fa,da409be7-8247-4579-bc8d-3cb238661cf1,109700,2026-06-18,598,90+ Days,Customer
59852349-fc54-400f-a827-eea323ada2be,71be3019-2872-4e46-9e8f-941663554ca2,c18c171c-2682-4e18-a86b-2efe01b25afd,108031,2026-06-18,599,90+ Days,Customer
a54d4ed9-c0a6-4392-b35b-897dbcf621cc,271cdaa5-4d7d-46cd-9a43-7e3bb4bb922a,185bc3fe-38ab-45be-ab3a-9e8a4774ab08,108000,2026-06-18,140,90+ Days,Customer
88826e59-7d68-4568-80a8-3c1d75458bdb,61ceafc3-1171-49cb-8c7f-9f3856814a3e,fb3c49de-d2e9-4f02-a192-46fb62f2a9e1,107800,2026-06-18,473,90+ Days,Customer
4d1b5146-87e9-4ee0-aeed-22211412bca7,d604343c-0482-49ed-80ec-28e4aa0c3fd4,ef52f035-f92d-493a-bb36-d172e10155bf,107000,2026-06-18,353,90+ Days,Customer
82cea9ce-f996-4ffc-b64d-d2e39b4b9571,71be3019-2872-4e46-9e8f-941663554ca2,e6d8a634-2cb7-4ede-9811-6c02d36db664,106310,2026-06-18,198,90+ Days,Customer
b5a50e29-3026-49a6-a5a9-0e210a256186,a51ff970-12c6-4739-b809-5fbc65af2cd3,3d884429-5b75-4072-a172-da9c9295418c,105000,2026-06-18,395,90+ Days,Customer
4ceaf024-a449-4bff-8ebd-d33e9679bb06,ebd4b889-4b94-4c8e-acde-8b3b5f560d31,a998a80d-1b44-4cd7-bead-e541474149f8,104500,2026-06-18,116,90+ Days,Customer
0ab24d0f-eea6-41d1-b760-76a69a340054,8da5249a-c2b8-48c3-b61c-12ecf6d898d8,3ad26b8d-a6e5-4e5a-aef8-82b585be47e1,104400,2026-06-18,577,90+ Days,Customer
1a533c0c-dc1c-4e04-944d-c0ffd59a0f7c,2df9cb4d-3931-42d6-b71e-03529a9850cb,22cb194e-cd7b-43aa-9054-6a3335f3dae6,103675,2026-06-18,429,90+ Days,Customer
19d90514-8ede-4470-8f16-5ee6e798aa5f,a51ff970-12c6-4739-b809-5fbc65af2cd3,2a162d50-2763-4eff-8291-ce2f8623758e,102950,2026-06-18,429,90+ Days,Customer
42d6b97d-36e1-48c0-8da0-31924ad3e3c9,0ec16e28-c838-45f0-8887-4df2087044f1,6ca50775-dd23-4f65-b687-c97c37372211,102775,2026-06-18,657,90+ Days,Customer
52d8b421-afbf-4830-84d5-820c7cf3f379,ccb49d47-ef18-415e-84ff-5119d836592b,9464188b-6fd0-472c-bc99-ba7d3c1163bf,102300,2026-06-18,617,90+ Days,Customer
67164c38-308d-4d2d-a295-e08f3006fb89,8da5249a-c2b8-48c3-b61c-12ecf6d898d8,8914f98c-791f-4e35-9339-cecff4ed3e5d,102000,2026-06-18,500,90+ Days,Customer
af9f9aed-297a-4788-8e9b-5be6237dfb55,0ec16e28-c838-45f0-8887-4df2087044f1,9f13625b-20ea-4df7-9ad1-3963d837acdb,102000,2026-06-18,766,90+ Days,Customer
c4632d76-b98b-4814-9db1-866aacf88e76,d11d89f5-a41b-4396-837a-97f0b36fd558,66eb1ec3-ca3b-4a31-9f5d-01245abb856b,101500,2026-06-18,398,90+ Days,Customer
1e170360-3124-4bce-a74c-9dbb34adffac,51bf73f4-c8da-4e75-b5c1-72b2dc1014a0,412341d3-b437-45dc-b622-da829da39a07,101300,2026-06-18,337,90+ Days,Customer
4df91d13-0ed3-414d-bed0-488818d4f637,cb55367a-1da2-40df-aac3-6ea2d3ef7d67,60a28edc-db83-461f-8a82-7264500bbed7,100800,2026-06-18,363,90+ Days,Customer
423d3354-3996-43e3-8a9d-af77e0e0b870,271cdaa5-4d7d-46cd-9a43-7e3bb4bb922a,fc1e7eb0-a570-48f8-982b-aea0d1bc2ddc,100600,2026-06-18,619,90+ Days,Customer
f99c9949-1d7e-4bac-b1b9-651f94a0c6a7,c8b34833-f3ba-421d-9d1c-38580407d8c5,e5108bf9-03e1-485d-99dc-cd910a075853,100200,2026-06-18,772,90+ Days,Customer
ae748602-c181-424a-85d5-d9a3a29f7c07,cb55367a-1da2-40df-aac3-6ea2d3ef7d67,66d014dd-80d7-41b8-86e5-600c7e0728ea,100100,2026-06-18,403,90+ Days,Customer
f4d74f46-8ebd-4a13-bcb9-24f7f7c1d9f8,94658b3c-db4b-49d0-951b-126badd4d6a5,b6a82d3c-e8b5-4262-a333-8f6f959816ba,100000,2026-06-18,542,90+ Days,Customer
589307d0-e7d5-486b-b555-26f509e4e153,2df9cb4d-3931-42d6-b71e-03529a9850cb,d6ec158d-f13d-4407-ae6f-5f39c29bc1a0,99499,2026-06-18,428,90+ Days,Customer
1558ebe9-27e5-4953-b4b3-b1716914218f,d604343c-0482-49ed-80ec-28e4aa0c3fd4,d3f8b0bc-959c-46d0-a589-b6e455c95547,79000,2026-06-18,510,90+ Days,Customer
aeda6d8e-f633-4d0e-b375-92b93e88ac33,71be3019-2872-4e46-9e8f-941663554ca2,3aa8c75b-15db-4a62-baeb-bb53e14700f6,78700,2026-06-18,519,90+ Days,Customer
0b278b1b-1645-4e00-a225-197a26955108,544b625f-ef7d-4644-83c2-95bbc0c417fa,481d97ff-12d6-4259-801e-438312298795,79200,2026-06-18,680,90+ Days,Customer
9699f917-9964-409c-9a9f-950dc7c3960f,71be3019-2872-4e46-9e8f-941663554ca2,f3837a12-33ce-404e-a7a9-db8d21183bd3,78000,2026-06-18,724,90+ Days,Customer
02c80dba-36ae-415c-847e-0806a6804122,68cc1905-5179-4234-8c85-ffc6f7f1c4b5,4f149bb2-03f2-4d93-98d1-a315ae97f7b6,77000,2026-06-18,671,90+ Days,Customer
61b64b92-79e9-4d8e-91a1-2ffc828ee355,e5c192f1-d5d3-4c38-a1ee-af400fe878fb,e0b5b5a7-bf28-48e2-a7c4-4aa6b40cd3b4,114800,2026-06-18,501,90+ Days,Customer
f9150ea0-a619-4fe8-94a7-f5a1f137e47a,b09df428-9911-4f7e-84ca-e927c12cf822,0f88dc85-7fda-4c5f-ba9b-679a51c7e414,78000,2026-06-18,727,90+ Days,Customer
d9957830-4285-4fad-94f7-418aee911dc6,d70a1f63-f837-43a6-9a85-e5c926dd4536,54f95b27-1b33-4c4d-997e-5b62784c6abb,75900,2026-06-18,144,90+ Days,Customer
b490630f-0ce9-4cee-a37c-3a2d87464fc2,4a2fd5e6-afab-4172-805b-138784a26981,45f643cf-f0ea-4db8-9bbe-8f41a0959e3a,75000,2026-06-18,638,90+ Days,Customer
c41be824-fde1-48b0-8362-6a3db586074c,db0bd5b6-c001-485c-b548-de7dabea0a92,8a5948e3-0aa9-4f9d-966e-27e98aa18691,75000,2026-06-18,542,90+ Days,Customer
7139f202-234a-4cfa-ac7b-1b20bcaa2635,9309ba18-52ca-4ace-be5a-8bd95896b3ef,64a22851-30d5-49e8-8ccf-dcfed0a53732,75000,2026-06-18,513,90+ Days,Customer
e244eb01-91fd-4ade-8575-f0c5c2b7bb01,d78da672-2264-4485-aa03-b559e81130e6,d9acfd22-7aaa-4214-b845-c5aebc55e96c,75000,2026-06-18,398,90+ Days,Customer
ce686a17-d93a-4d60-a836-548a4e76c12e,1f1746d2-52c5-4dc5-aadf-ea179bd755e0,c65e71c2-4e0b-4201-82bb-bc20892e3c88,74100,2026-06-18,328,90+ Days,Customer
a21d572f-e848-4d2e-8969-ca56f078e3fd,ebd4b889-4b94-4c8e-acde-8b3b5f560d31,28001526-55a2-4683-9a35-ea708a180a80,74800,2026-06-18,221,90+ Days,Customer
c94f72e1-9678-443a-9b60-47c960c0c981,6a9deeaa-327e-495e-aa6a-78f88e6e35c3,6c791441-5807-4257-9f00-0fbab179d905,74000,2026-06-18,646,90+ Days,Customer
30bde5c7-1751-4978-b319-4457319f8b33,d78da672-2264-4485-aa03-b559e81130e6,2d643308-b26a-4afd-bf32-779d8f7fb283,74000,2026-06-18,442,90+ Days,Customer
a6a5ad72-0799-466b-acd5-4b7888e1b801,d604343c-0482-49ed-80ec-28e4aa0c3fd4,40e617e5-66ce-4d01-b391-56a28e5567a5,73600,2026-06-18,496,90+ Days,Customer
d762e86c-2223-45f0-a7f5-aa4483993314,71be3019-2872-4e46-9e8f-941663554ca2,0997afb1-aeff-4370-bb64-10fecf2fcdae,73500,2026-06-18,426,90+ Days,Customer
2f91d29a-e81b-4c83-8395-d7e3788279c2,d11168e8-0acb-4143-82e4-419e25634be8,1087be4d-765a-48ce-8b31-e5e06760e620,72500,2026-06-18,368,90+ Days,Customer
742e9968-46ec-4740-a647-dbc8ef1c4782,51bf73f4-c8da-4e75-b5c1-72b2dc1014a0,bef6aa52-ebbd-4280-a654-52953c4e74bc,73000,2026-06-18,745,90+ Days,Customer
729a163f-c199-4053-962e-813df344e739,8368f145-f4ca-46d6-a2cb-3ca83eea99b4,6843a1ba-d299-4f86-85b2-470421590d6c,72375,2026-06-18,755,90+ Days,Customer
dd0fb81a-e512-4d37-879d-ce314c45ef36,71be3019-2872-4e46-9e8f-941663554ca2,19db4158-0651-4dd8-9284-26ef7bc86fd6,72500,2026-06-18,310,90+ Days,Customer
04bff27c-ab90-49c5-ac1c-7096f6f0b4ee,1aa55deb-4800-41f7-9ccb-2374b3719a2f,3e80fb64-69e5-4154-b496-ad4bb68eead2,101400,2026-06-18,769,90+ Days,Customer
6f78c886-3757-4a62-b37c-9b4b3c416bd9,cb55367a-1da2-40df-aac3-6ea2d3ef7d67,1c6faa12-f727-439a-ae6a-3dfa5a0bcd70,100800,2026-06-18,379,90+ Days,Customer
be3850f5-f699-43d7-9c21-73657a7eff59,a36a3590-064b-4309-9f40-026d703d2912,58777b7a-aed9-494f-86e2-b7931d93f672,100500,2026-06-18,424,90+ Days,Customer
b573b20d-88c4-4964-82dc-e93892769aa9,16551b80-b0c1-46d5-8940-71260022fd1c,88efafef-77a9-40e5-8ecd-13c45a8d91af,100200,2026-06-18,590,90+ Days,Customer
d74109e6-11ef-4a00-8b4d-eba47b29bbce,cb55367a-1da2-40df-aac3-6ea2d3ef7d67,95014593-6421-46d9-9e4f-c64215df6137,100100,2026-06-18,391,90+ Days,Customer
dae8d9e5-13e9-4f4b-8287-74f240e5584a,94658b3c-db4b-49d0-951b-126badd4d6a5,edfbeaa5-feed-47a2-ae4d-c698c5867ba3,100000,2026-06-18,511,90+ Days,Customer
880f21f8-666b-494f-952d-bb08d999e3ee,71be3019-2872-4e46-9e8f-941663554ca2,40bc9bf4-2736-475a-98bf-17f6786a2a9c,99600,2026-06-18,542,90+ Days,Customer
2948cfdf-3efc-407f-8448-4a5d2e8fa059,8da5249a-c2b8-48c3-b61c-12ecf6d898d8,39157602-d02f-4263-8b10-10afd295b63e,74250,2026-06-18,766,90+ Days,Customer
3161579d-7892-49d1-8b28-059e03c19d1f,d78da672-2264-4485-aa03-b559e81130e6,c005df0e-559c-4f3a-8a73-224349187101,77000,2026-06-18,489,90+ Days,Customer
dcd8497c-f5ce-4b7c-b7e7-5067fe36c038,74b1641a-f560-4f91-a115-f11a494da19c,2c2cc0fa-c9a8-42ba-8bc6-877c19677cee,76500,2026-06-18,594,90+ Days,Customer
a9b7e173-13a9-469d-bcf0-8366c408e679,94305b80-a7ed-4533-95c9-3e5182e4e042,8ccfb24d-9bf1-4635-9f43-74fca15bcb9b,76500,2026-06-18,605,90+ Days,Customer
0ec4df5a-495a-40e0-a081-34699b65400c,d0c8e6ce-1615-45a8-82cc-b32ba0fc8237,7ff1afb2-81fb-4565-a31a-736ada56ef36,75600,2026-06-18,689,90+ Days,Customer
ec1d3424-b8b8-453d-8871-ec179579e881,68cc1905-5179-4234-8c85-ffc6f7f1c4b5,e4943807-e186-4e08-95d3-3ace66584be3,75000,2026-06-18,399,90+ Days,Customer
1c1172db-2cbf-44b2-8fb2-760f5cc4d268,408a2e7a-88b1-4c28-87d9-c8d1f79d3522,fee6c12f-3d9f-4086-b856-4f3a9c1f5500,75000,2026-06-18,504,90+ Days,Customer
f13cdcff-4797-4658-8570-1c8fe919bccb,9309ba18-52ca-4ace-be5a-8bd95896b3ef,de3ae93d-cd21-4a48-968e-9258eeb34a82,75000,2026-06-18,492,90+ Days,Customer
6c90a46a-712e-4e30-ac45-c933951fed8d,71be3019-2872-4e46-9e8f-941663554ca2,66a1b25e-bb27-4b30-b8d2-f446e358fed2,75000,2026-06-18,476,90+ Days,Customer
0e96aca4-b05d-4011-a554-2a781602e780,9309ba18-52ca-4ace-be5a-8bd95896b3ef,af973ea2-530b-49cd-b890-11bc0d197386,75000,2026-06-18,500,90+ Days,Customer
37d1f6e1-b645-4036-8e9b-6c43cc154baf,d11168e8-0acb-4143-82e4-419e25634be8,329c5f68-f324-46f0-aed2-dc55b26b1071,74300,2026-06-18,371,90+ Days,Customer
fa7ce919-a7f2-4bee-8945-6fa624c55db6,beb13cfd-593a-4390-b602-93a464c0d4d5,ccf8ccae-4290-4e27-bf01-276dedde3ca0,74640,2026-06-18,476,90+ Days,Customer
0d8b5572-5b0c-4aac-aa8c-f7f5dddc016f,2df9cb4d-3931-42d6-b71e-03529a9850cb,5029f8e5-6d59-4fbe-859a-830d77406351,74000,2026-06-18,541,90+ Days,Customer
904265a9-90b8-4391-b541-7f90e55b821e,8ca2b887-66c5-4b20-8d54-8b1ffa495d07,e4dca69a-602b-4ef7-ac55-8ed8c35b5c3c,74000,2026-06-18,543,90+ Days,Customer
a65283ae-0fb7-407a-a6b6-84b67fe3031f,c62ed87b-e442-4815-a36e-6b634e3628f1,bfb5fd51-d499-4996-ad86-54f740c671f2,74000,2026-06-18,527,90+ Days,Customer
ee642a76-c09e-460e-937b-e77dd12aebcb,71be3019-2872-4e46-9e8f-941663554ca2,3c64d5c7-060e-4560-ab29-555b777d145c,73856,2026-06-18,613,90+ Days,Customer
8d90ab41-abf5-4350-ab1b-a251b2b8d786,2941bd55-d0d4-4e91-b8ac-781bc32cf76e,21ae720b-dda7-4702-b193-890a75cf0753,73500,2026-06-18,435,90+ Days,Customer
ad9dd387-5f72-4b26-a1cc-8d9ff1a96df8,06e26088-bad7-4880-bfb1-117b9887295e,1777c5e4-e2ae-42cc-aea5-52265392babd,73856,2026-06-18,610,90+ Days,Customer
b2f109ec-1e94-4b9d-811e-42a627cabb9c,2df9cb4d-3931-42d6-b71e-03529a9850cb,fca6b786-04da-4c4c-937c-8e200e942401,72900,2026-06-18,472,90+ Days,Customer
a4aa5475-ab87-490a-b287-2e49c457bd92,2df9cb4d-3931-42d6-b71e-03529a9850cb,ab3663d9-68aa-42af-b8f1-9e4ec27d5230,72800,2026-06-18,202,90+ Days,Customer
e3f8d6aa-6d6e-4f7a-ab70-2e1598f7d6f2,d11168e8-0acb-4143-82e4-419e25634be8,a1cc1802-a189-4936-ac69-3655dd2db537,72500,2026-06-18,381,90+ Days,Customer
35ce9058-da1c-4ffe-b093-1630585df84a,b68482aa-3798-4bc4-96c2-ae22f9e1f162,3f8d0c5e-2895-48b3-bdcc-2bb853a62432,72250,2026-06-18,498,90+ Days,Customer
7818e713-d959-4386-b82c-218691c31913,5e23d8f9-0f5b-449a-90da-ffadcaf43cac,dcba1252-16ff-4c8a-98cc-c432a7bbdb53,72210,2026-06-18,517,90+ Days,Customer
14b9afa8-1ea0-4a05-ad8e-a2952a6965e9,71be3019-2872-4e46-9e8f-941663554ca2,125ad007-c23e-46d6-bcd7-8a3f9c3ee404,72100,2026-06-18,157,90+ Days,Customer
b68e47ed-0de0-48c6-a3c4-9625c64d56e8,db0bd5b6-c001-485c-b548-de7dabea0a92,88cdda96-73e7-4018-97d2-3e9689437bad,72399,2026-06-18,556,90+ Days,Customer
6f09e164-77dc-44a9-8765-b81de4e01017,db0bd5b6-c001-485c-b548-de7dabea0a92,8107e31e-a78f-4e7e-a053-2b9115937b2f,72000,2026-06-18,265,90+ Days,Customer
1f96839f-db85-459c-af0b-ac9335005d15,f0fcd114-c83c-4557-ab8e-29869eb50b7b,b5b5184b-2315-4673-ae46-58acfd786351,72000,2026-06-18,344,90+ Days,Customer
68c04bd8-574d-41f8-9780-70465ef9407a,bb06e984-748a-4ec3-b26b-493fe02b438f,d641b3ed-c463-4dd2-8f7f-45073b9533ad,72100,2026-06-18,741,90+ Days,Customer
28e90532-0325-4999-821f-fbd3c211d315,628bcaf4-621f-4082-9aff-5ac50eb5f547,4d4fbd68-a7c2-4d6d-8db1-c3907dcc7326,71600,2026-06-18,114,90+ Days,Customer
ccea24c1-4288-4d7c-b07d-4903974631bf,2bc5bcfb-185f-4a64-95b6-32efd7cfec25,ca902e98-9b1e-4ba1-94b1-fc65273dfefd,71250,2026-06-18,391,90+ Days,Customer
09baf32e-0431-4350-86b9-53187d87809a,39dcd473-4a2f-4f59-b05a-d182a66b4151,e3db9e16-c028-45d5-95eb-283f7050c96f,71200,2026-06-18,559,90+ Days,Customer
96685b12-70fa-4fc8-92b0-cd6e7254bafc,71be3019-2872-4e46-9e8f-941663554ca2,8bcbd690-e8bb-4714-9860-47cea54b23ef,71720,2026-06-18,186,90+ Days,Customer
94eb56a3-c634-40ef-8af4-b1333c09e71c,db0bd5b6-c001-485c-b548-de7dabea0a92,4e2d7278-5a75-4766-a0ac-1d5f6acf5eab,71050,2026-06-18,491,90+ Days,Customer
7b31a4fe-c66c-45f1-8c79-a557cc049251,39dcd473-4a2f-4f59-b05a-d182a66b4151,a224f07e-0faf-4e77-a7ec-eb4386f6bd83,71200,2026-06-18,576,90+ Days,Customer
40abee7b-76c4-4c53-af97-70ec1f972f20,51bf73f4-c8da-4e75-b5c1-72b2dc1014a0,c2f4148a-fd0f-47ca-9bef-4c5052d37cbe,70800,2026-06-18,268,90+ Days,Customer
f291e591-f132-4d9b-b5ab-9da07bfc5239,2df9cb4d-3931-42d6-b71e-03529a9850cb,d20ec194-8a67-4069-8773-3f0f43c1fa33,70069,2026-06-18,526,90+ Days,Customer
f1f249b0-2ed1-4d43-8c90-694c0cef7e42,db1ee698-1e95-4618-8494-41dfcaae8bed,94daa2f5-a9b6-4ad9-895e-08952f741213,69850,2026-06-18,473,90+ Days,Customer
871e9bfa-4249-48d0-ae4d-dc3ffa027cec,cb55367a-1da2-40df-aac3-6ea2d3ef7d67,0d756b33-4d5f-4a73-b46a-008b7fa743eb,69200,2026-06-18,528,90+ Days,Customer
e2d1b00d-ae87-47db-985d-928cdf0370e9,6a9deeaa-327e-495e-aa6a-78f88e6e35c3,7cf872b5-2b09-4464-bd9c-fc130720598f,68000,2026-06-18,613,90+ Days,Customer
600741f2-9fd0-4067-b76d-75ac1cc10030,db1ee698-1e95-4618-8494-41dfcaae8bed,bd96df2b-2719-498d-95b1-00e77c363efa,68000,2026-06-18,615,90+ Days,Customer
5f893bae-2c0c-4ef7-afa7-14dc6cd97384,8e31a053-add9-4cdc-b1a8-04a9d6a198fa,e1be54bd-152f-4c0d-bf10-baa6a2c35398,67800,2026-06-18,660,90+ Days,Customer
53aa6454-fd3c-4290-a0eb-0cea69ee9bc5,39dcd473-4a2f-4f59-b05a-d182a66b4151,3227e515-d9f8-46d6-aaf8-a4686aa502a6,67600,2026-06-18,484,90+ Days,Customer
1664b37d-b94e-4e4f-8fe5-81ee4564147b,2df9cb4d-3931-42d6-b71e-03529a9850cb,8bec1e86-57b8-4c0a-a6de-565e0a882093,67200,2026-06-18,430,90+ Days,Customer
3b2891e7-27aa-40e8-8724-87ac9b5efed5,db1ee698-1e95-4618-8494-41dfcaae8bed,a2172c85-8722-4773-8508-a9aa5e60c577,67200,2026-06-18,597,90+ Days,Customer
57f3a70d-f29e-4fd3-a5b8-f385ac4a522c,db1ee698-1e95-4618-8494-41dfcaae8bed,26e5d061-b052-4bda-b5cc-540d95e8d3f1,66400,2026-06-18,506,90+ Days,Customer
34d62bb8-3baa-4efb-9059-21f1c20c21fb,d604343c-0482-49ed-80ec-28e4aa0c3fd4,9a70181b-3585-438b-b9fb-4c7d233f843c,66050,2026-06-18,370,90+ Days,Customer
ad2d1651-f6df-40fb-aa8a-b21d86eab99e,935452e3-cd62-48f6-8240-a237fbb049e2,d8f4a976-206a-40e5-bc21-aefd950372df,66000,2026-06-18,419,90+ Days,Customer
b7a4d3e6-96f4-4b8c-88db-c81d923aa40d,d46677ba-4aa3-46ef-95e9-eb9fec96b727,0c8f2771-a2da-4739-a9e0-de5a4ae5a2de,65999,2026-06-18,413,90+ Days,Customer
56c1da1b-ff6a-47fe-992e-b3b3ccb70966,077d9584-8f05-42cb-90f1-1e17bab1db5e,0f355e2e-cf64-4f5f-ad13-91b8f0d7c4e9,65200,2026-06-18,174,90+ Days,Customer
864bbd2a-3958-4391-a182-022272a281c9,d78da672-2264-4485-aa03-b559e81130e6,0af420ea-eea2-4ae3-a86f-12958e5aa0f4,64000,2026-06-18,336,90+ Days,Customer
8dbb5fa6-1cf0-4179-91d5-7928e14a3fa2,a94cb79c-06ac-4336-8736-ea02f8f1b23b,a2130175-c4d2-46e3-bfaf-4adcc9f1101e,63724,2026-06-18,725,90+ Days,Customer
a64857e5-5379-4273-8c0c-a041d5ba9a1a,4b258052-1399-4244-a36b-e087424e0980,41c7d2eb-0c42-4645-a996-f66590f97044,63375,2026-06-18,583,90+ Days,Customer
d1eaa8e0-1745-45ee-ad6a-0b4b09dff53d,d604343c-0482-49ed-80ec-28e4aa0c3fd4,ceda710f-93e1-49db-8399-f3ea96a50404,62850,2026-06-18,421,90+ Days,Customer
3f2689d5-26e6-4485-a344-54c2aa0d0342,9c8577e0-bac5-40ed-ab97-d69d5aadb619,134a4805-70de-4064-b834-76657860369e,62100,2026-06-18,218,90+ Days,Customer
4414fece-962f-43fa-a6c0-2a330bbdabbf,9af8a055-23ef-47c9-920d-95f184187ed9,3c698427-2a42-4b51-bf3c-553e2dad5b81,61500,2026-06-18,465,90+ Days,Customer
69f09881-d65a-43ae-9d5d-b2eb2f658b90,51bf73f4-c8da-4e75-b5c1-72b2dc1014a0,38839d05-12a2-48f0-b23a-9afecc6c7e25,60900,2026-06-18,273,90+ Days,Customer
9e4d27ae-c214-45da-8c35-a4741824198f,2df9cb4d-3931-42d6-b71e-03529a9850cb,a238b210-4228-4c24-abec-659bc90ef20c,60300,2026-06-18,524,90+ Days,Customer
26ab2585-38bf-402b-9c6e-8d85f5a2deb3,2df9cb4d-3931-42d6-b71e-03529a9850cb,5f8ef351-672e-4059-ac90-3269a1ee1553,59550,2026-06-18,517,90+ Days,Customer
aa026ad5-7409-433f-b6b6-6b700eeac8d4,6bc20676-6cd9-4bd5-b300-2a44c353db98,2e813adf-ee0c-4bac-bbcd-ec8d2d6dbc06,59500,2026-06-18,470,90+ Days,Customer
e54611c2-e7b7-4a5f-8382-4072ada05dee,2df9cb4d-3931-42d6-b71e-03529a9850cb,b89291b1-70ae-4ccd-a35c-9070cee9a311,59100,2026-06-18,438,90+ Days,Customer
b5508ae4-68ee-432a-ac41-0d1535910606,9c550d4c-077d-4fb4-b74d-3debcfd3b42f,e3e4e880-5412-41f6-806e-9c9892f6f01d,58375,2026-06-18,164,90+ Days,Customer
77311cb1-9864-4124-aafa-3c9d0ce4cab9,2df9cb4d-3931-42d6-b71e-03529a9850cb,704ec8f7-2ec6-4f10-a79f-e96c44bb17f8,58200,2026-06-18,531,90+ Days,Customer
5fc416c5-6095-4e84-a897-99b604f6a75c,db1ee698-1e95-4618-8494-41dfcaae8bed,398ac643-e118-4018-9d3b-6add68ab1a69,58000,2026-06-18,360,90+ Days,Customer
daf20cc8-06cd-44ea-9cc7-6cb6bb613bf3,c10c3408-1a47-464d-9517-5024fa2d007d,403e0c6e-e3b0-4bf6-b6b6-da1abaef2233,57400,2026-06-18,458,90+ Days,Customer
e9e07d95-94af-45e6-a8d3-999b9d44e735,6a9deeaa-327e-495e-aa6a-78f88e6e35c3,dc82826e-00fe-46b5-a6ae-6304500458da,57100,2026-06-18,605,90+ Days,Customer
3a20de8e-c39c-4c55-a2bb-cdfc1ed17bef,d78da672-2264-4485-aa03-b559e81130e6,305a00e3-1d8d-4616-85f0-3a8268e5dcb2,71100,2026-06-18,686,90+ Days,Customer
f0b64394-95be-4ff3-bee7-993a2d33dd0b,ed2762d8-739a-4eb8-a1d5-26f333f3e52f,bf38d432-c648-4a17-b0d1-0e26e3996b87,71100,2026-06-18,758,90+ Days,Customer
3164d34b-d43a-4d9a-be21-676fe09a1149,bfcb2ad5-5068-47f5-a7cc-b23afd7270fc,4f791c42-6182-4b8d-a4c9-76dcaab44363,64440,2026-06-18,136,90+ Days,Customer
c46a8116-0c88-491d-ae6d-e4131d3668f7,ec31354d-a2f1-4014-9b0b-848354b1844d,add5f9d1-3f85-44bb-8596-1cbfa25efeb9,63000,2026-06-18,322,90+ Days,Customer
ecd50b7a-6e49-45aa-9361-80e92f91c576,2df9cb4d-3931-42d6-b71e-03529a9850cb,c1dcd1d1-a562-4461-bd22-19c0b9f02499,56099,2026-06-18,542,90+ Days,Customer
276ba866-7569-4a77-a8c2-969ed9494d02,2df9cb4d-3931-42d6-b71e-03529a9850cb,7bb18e8c-e28f-4001-a5e7-fe7062d28222,55500,2026-06-18,542,90+ Days,Customer
fd1290cc-01ba-4338-8674-35072f4d221b,94840a95-c5bb-495e-a6b6-b69f8754b8b8,dee77973-87df-4e16-bec0-7e392c47cfb0,55087,2026-06-18,594,90+ Days,Customer
a4263075-1cf0-4855-984a-48fe00c4135f,c0f063b1-595d-4bf1-94fd-3a1165358868,c5040ba8-f92c-4201-8fe3-668bfb3e7585,55000,2026-06-18,427,90+ Days,Customer
195d1e1c-c9c2-4bac-b0ce-4acf06f4ea44,c0f063b1-595d-4bf1-94fd-3a1165358868,fd867630-2b83-45c5-929b-33428ff806c2,55000,2026-06-18,450,90+ Days,Customer
909c9a66-6464-4704-82f7-27707f70669c,9c8577e0-bac5-40ed-ab97-d69d5aadb619,eabc9e55-5076-4922-a664-82dbbee57a4d,54050,2026-06-18,113,90+ Days,Customer
55f8756b-3845-4020-8237-7063b6abcade,d604343c-0482-49ed-80ec-28e4aa0c3fd4,818345aa-cd95-44e7-bb43-9b19833512dd,53500,2026-06-18,526,90+ Days,Customer
1433057f-f726-411d-9d3d-d0a2da326aa4,db1ee698-1e95-4618-8494-41dfcaae8bed,f7bfee27-e190-4876-84bd-2e95fc541da3,53100,2026-06-18,688,90+ Days,Customer
80b1d099-8e17-41d1-b248-6bdf892c58a5,cb55367a-1da2-40df-aac3-6ea2d3ef7d67,c65fd25b-8c36-43f7-9552-7ffcb3145977,52650,2026-06-18,545,90+ Days,Customer
c097ce19-de88-442f-ad30-67c41d4f0609,0e59f9b8-792d-43cb-a7e3-39a3cbf25ae7,72b41028-241f-4e48-b379-5ab3ef6af4a8,52500,2026-06-18,581,90+ Days,Customer
969855f8-64e3-4430-a53e-79a9f3ab2ccd,d604343c-0482-49ed-80ec-28e4aa0c3fd4,4ed72409-ed67-4ee8-b4e9-d04c79079772,51250,2026-06-18,258,90+ Days,Customer
89d1b722-a286-47b9-bb6a-a5c5d57077ba,6f5a24a0-1dbd-4a1b-9e43-42f82094fc21,37e2577a-5752-43ad-86d4-f4f79b109ad6,576000,2026-06-18,352,90+ Days,Customer
de3e790c-7098-41be-b376-cee3237bf63c,ccf0936e-491c-4ff2-8abe-a57cd3abf497,09d7fbeb-f21d-495c-9560-d6c7f3e2d349,70500,2026-06-18,428,90+ Days,Customer
c6de303a-9d33-4f47-8e66-b75d7cf5e052,6a9deeaa-327e-495e-aa6a-78f88e6e35c3,544f62c7-0368-4233-8ccd-2205b3dc1ee1,69800,2026-06-18,629,90+ Days,Customer
0e9e4e9a-0a0a-4731-ae51-ab18057a31cb,39dcd473-4a2f-4f59-b05a-d182a66b4151,03f5f4bb-30c2-411c-b0e4-144103857f1c,69400,2026-06-18,506,90+ Days,Customer
1be81a96-f84a-4ebf-9939-34dd20251df0,db1ee698-1e95-4618-8494-41dfcaae8bed,0125dd78-caf3-4165-b2a6-d634cb37eb4c,68000,2026-06-18,552,90+ Days,Customer
dcb7aea3-f2ee-447a-b1fc-da3ea4649706,b68482aa-3798-4bc4-96c2-ae22f9e1f162,f1a03a82-650f-43d7-b43c-2bb1c7fdd922,68000,2026-06-18,417,90+ Days,Customer
8d3c7595-5c43-4b78-a0c5-3f2c533759de,d604343c-0482-49ed-80ec-28e4aa0c3fd4,2a10a572-43c3-4ef9-9291-c9641c21a5b5,67450,2026-06-18,505,90+ Days,Customer
e68189d1-642d-4b46-8938-2e0b8638e0df,db1ee698-1e95-4618-8494-41dfcaae8bed,1ad7fc98-a561-4f80-b430-a0623ebc92dc,67200,2026-06-18,489,90+ Days,Customer
9be787df-279b-4801-8737-833ba2a2831d,5e23d8f9-0f5b-449a-90da-ffadcaf43cac,539292eb-6a9a-4323-bfea-7df3b969c51f,66800,2026-06-18,515,90+ Days,Customer
c67ac97a-c6f9-42db-9dab-a2416df9c7e6,d70a1f63-f837-43a6-9a85-e5c926dd4536,6049f125-1330-4528-816d-bc102c98276b,66500,2026-06-18,182,90+ Days,Customer
b47f8c78-d14a-427e-a928-e2106b98dbeb,2df9cb4d-3931-42d6-b71e-03529a9850cb,e39d16e5-f063-4ebe-9a93-3e0818ae2513,66000,2026-06-18,116,90+ Days,Customer
9daed7cf-4ffe-45b1-8435-103bcf93d4e4,db1ee698-1e95-4618-8494-41dfcaae8bed,9c6e6085-be5e-4eab-b295-4712c32b9455,66000,2026-06-18,678,90+ Days,Customer
b54e1643-36a5-47b7-83b2-cb318e043791,c62ed87b-e442-4815-a36e-6b634e3628f1,4ddaea25-ae6d-4679-a688-d0822b5b6844,65600,2026-06-18,532,90+ Days,Customer
a3c3740c-508e-47e7-96da-5975727ccc6c,d78da672-2264-4485-aa03-b559e81130e6,cf609559-4d5d-4861-bc84-a1775ffdea48,65000,2026-06-18,360,90+ Days,Customer
7f75649a-8e3d-4126-9d6d-d730c5af7284,db1ee698-1e95-4618-8494-41dfcaae8bed,27749487-124d-4262-93af-ab237d48996d,64400,2026-06-18,630,90+ Days,Customer
c9c95cc5-6833-4d08-a874-ded6c679e576,db1ee698-1e95-4618-8494-41dfcaae8bed,5ee21932-1cb8-4df8-9351-9cb3d00b1a59,64000,2026-06-18,662,90+ Days,Customer
a0a58ca2-0a0c-49f5-9117-bb8c7414ff44,a0644dc9-9604-4b1c-a8b7-1fdf7b1d0f05,f9058ad2-0188-4edc-aae4-09ae5f804aa0,63600,2026-06-18,625,90+ Days,Customer
8c6c6566-1a6a-4bd0-bae8-dc098520698b,51bf73f4-c8da-4e75-b5c1-72b2dc1014a0,aa20c92e-4d8d-40f1-869f-a8ad5fb32889,63500,2026-06-18,314,90+ Days,Customer
c2dd999c-4caa-4d68-828a-000b2a8c17f2,d604343c-0482-49ed-80ec-28e4aa0c3fd4,8a6f80b2-ff35-4454-a949-47b1091f896a,63275,2026-06-18,424,90+ Days,Customer
e107ca5b-53c7-44b9-9723-92a46dfc8a71,5e23d8f9-0f5b-449a-90da-ffadcaf43cac,e5de3799-7bee-4e5d-9057-2435d9e8a98f,62500,2026-06-18,412,90+ Days,Customer
64c3405a-8e7b-42fe-bb5b-8bf9cddb50ca,a94cb79c-06ac-4336-8736-ea02f8f1b23b,129285ad-938b-45e2-afa1-4549a9fcb2d1,62300,2026-06-18,710,90+ Days,Customer
0d6261d7-471d-44bf-b1af-168d992de9fb,d3c21ff4-6697-4567-b10e-f9293e2f93f4,8ab6284e-6623-42f7-be1f-1ca5f3291454,61500,2026-06-18,769,90+ Days,Customer
42bdd321-85e7-4662-b85d-542ad120cddd,0ec16e28-c838-45f0-8887-4df2087044f1,0365a755-dd7e-4d0f-8f2a-29fd0aab1083,60000,2026-06-18,685,90+ Days,Customer
43ec262d-9859-4df4-beaa-541154f7e477,2df9cb4d-3931-42d6-b71e-03529a9850cb,ad11f4d0-2037-455b-978c-9cfd0c674b3a,59550,2026-06-18,496,90+ Days,Customer
a621ed58-3192-4e15-bf0f-2693d96793ae,b31425c6-7091-41f6-9861-0321cb1eecc9,80c9905e-9d0f-41b7-a9c3-521d92fff6bc,59500,2026-06-18,576,90+ Days,Customer
87aed30f-0873-492a-b990-0f312b1b468f,db1ee698-1e95-4618-8494-41dfcaae8bed,02e6df25-bd21-4dd4-b1da-1cade02823e9,59050,2026-06-18,410,90+ Days,Customer
ea90e809-2ab5-4cdb-97ce-d8e59edfebfc,2df9cb4d-3931-42d6-b71e-03529a9850cb,429e3a7c-7855-4450-8de3-5412a1f035f5,58624,2026-06-18,381,90+ Days,Customer
9629161a-1eab-47d9-ab57-1a720a31aafa,2df9cb4d-3931-42d6-b71e-03529a9850cb,df7e7427-0078-4516-add8-c6f60c97e9cf,58200,2026-06-18,471,90+ Days,Customer
59244844-0586-42af-a304-c6ff99a1b727,db1ee698-1e95-4618-8494-41dfcaae8bed,af89eeca-5e26-4364-8de9-2354c3048a93,58000,2026-06-18,392,90+ Days,Customer
8e99b6dd-3540-4424-90f2-76063d715bf8,beb13cfd-593a-4390-b602-93a464c0d4d5,10b63145-b974-4985-b625-161913e85cf3,57400,2026-06-18,459,90+ Days,Customer
6532d3a9-52cc-4a1a-abfc-368f217542ef,271cdaa5-4d7d-46cd-9a43-7e3bb4bb922a,4bb3344e-3a2c-4310-898c-17245f1fdf9a,57400,2026-06-18,613,90+ Days,Customer
ef5fc5fd-f00e-49c4-b21d-74c00d701f00,2df9cb4d-3931-42d6-b71e-03529a9850cb,b07d836f-c744-4930-b6e1-f593237e81a9,56100,2026-06-18,396,90+ Days,Customer
1ae43dc1-582c-4fef-a251-47880065958e,8da5249a-c2b8-48c3-b61c-12ecf6d898d8,7a863d06-006c-4e6f-9958-f4966f0afa36,68400,2026-06-18,767,90+ Days,Customer
295eeea3-34be-4add-aca5-23405c519eef,2bc5bcfb-185f-4a64-95b6-32efd7cfec25,6b2578da-bc1f-40d9-94c2-0f1faa8d632b,55087,2026-06-18,594,90+ Days,Customer
01b79679-d6ed-4b9d-8712-8e44df0e4844,c0f063b1-595d-4bf1-94fd-3a1165358868,94577efb-5330-4a4b-b1a0-0994e7002a60,55000,2026-06-18,403,90+ Days,Customer
3963563f-a940-45e1-b915-3a2adc54f7e4,0907e4ef-9db0-45c8-8627-b6e6d0f845e4,cb8eb50a-3caa-4cfe-b95b-8a9f1188a3f3,55000,2026-06-18,777,90+ Days,Customer
3e788cf8-c67a-4f6e-a0f3-f1fd783ea7df,cb55367a-1da2-40df-aac3-6ea2d3ef7d67,802c530b-9c7f-409e-bc52-5b0726084db2,54150,2026-06-18,245,90+ Days,Customer
5abb7923-378e-4e7b-bad0-8911461f3e02,271cdaa5-4d7d-46cd-9a43-7e3bb4bb922a,293fd248-2c9d-44da-82c9-f951bcb0eef8,54000,2026-06-18,139,90+ Days,Customer
722f9791-aaa3-4b49-9d0f-dcea995df362,d604343c-0482-49ed-80ec-28e4aa0c3fd4,f8ab76de-f4a2-411e-b3ad-2c442b92eac1,53199,2026-06-18,557,90+ Days,Customer
510664a1-da98-469d-b0d1-f3cbff06da3e,408a2e7a-88b1-4c28-87d9-c8d1f79d3522,ab6706ff-ebc9-4edf-92c7-aea3f8b0c74e,52500,2026-06-18,490,90+ Days,Customer
ad9dd8a1-c839-485d-9ec0-bd40fb1c95e1,74b1641a-f560-4f91-a115-f11a494da19c,bb682f3e-b9b2-49a3-92f3-f1a8696a5271,51450,2026-06-18,580,90+ Days,Customer
bb53eb40-ed06-4201-865e-8c57264bf594,3f57352d-df9b-4863-bdf6-4e7a6f5e5f20,2d18294e-8bd1-4afe-bf4e-6e26a00b4652,6600,2026-06-18,749,90+ Days,Customer
f4a54ff2-9b08-4076-abe0-08ddd46a8707,8da5249a-c2b8-48c3-b61c-12ecf6d898d8,d4912733-a986-4aed-862d-203caeef67a4,572500,2026-06-18,615,90+ Days,Customer
c440782c-944f-411c-9360-680f96d60038,0ec16e28-c838-45f0-8887-4df2087044f1,01abef89-c82a-4c59-bf98-f6d719ab2788,70125,2026-06-18,664,90+ Days,Customer
ced11f03-5c73-4ccd-a3e2-15d146778d08,408a2e7a-88b1-4c28-87d9-c8d1f79d3522,1ff037e5-6409-4ba3-934f-2f52e5864f01,70000,2026-06-18,427,90+ Days,Customer
6f60620e-841d-4799-8849-29fbf2db50e9,39dcd473-4a2f-4f59-b05a-d182a66b4151,29c2b9ed-a644-4ffb-9d21-f42db3f50a8a,69400,2026-06-18,524,90+ Days,Customer
8c4a6b17-4a68-4009-ab96-eb97c3a71422,6bc20676-6cd9-4bd5-b300-2a44c353db98,4731fc5f-94e6-4beb-a471-f6d7910bb95a,69100,2026-06-18,470,90+ Days,Customer
489ed177-badb-47c5-9ad4-097684857d74,71be3019-2872-4e46-9e8f-941663554ca2,7f8708e4-61a0-4fb6-bff7-00cee9abfd20,68750,2026-06-18,363,90+ Days,Customer
77546b29-ab0f-4390-b75a-7a1576749268,db1ee698-1e95-4618-8494-41dfcaae8bed,aaf510cc-c496-42dd-97d5-9ef93b20f2be,68000,2026-06-18,582,90+ Days,Customer
3c0ed443-cb3c-411f-85e1-06d76ef40cc8,d78da672-2264-4485-aa03-b559e81130e6,b9921955-22b1-4858-b104-938cf9b65c8e,68000,2026-06-18,379,90+ Days,Customer
49ef6504-4676-4327-b582-c7a41af91640,a94cb79c-06ac-4336-8736-ea02f8f1b23b,3aecf396-f9d1-48d2-9881-342eeeb19eba,67362,2026-06-18,739,90+ Days,Customer
e2bef73f-b658-451d-88ae-0ad8fdd9d78b,d604343c-0482-49ed-80ec-28e4aa0c3fd4,01319d7e-c54c-49a3-882d-e61e803a8a36,67299,2026-06-18,542,90+ Days,Customer
b197d27f-946a-421d-b672-4d5f6803dd09,d604343c-0482-49ed-80ec-28e4aa0c3fd4,1b956847-e6ab-47fc-b696-c7e490369cdd,66899,2026-06-18,409,90+ Days,Customer
5954c13a-14f7-4b50-87e8-353fc5b4bbc8,d0c8e6ce-1615-45a8-82cc-b32ba0fc8237,fd852be7-dcb5-482b-a644-453883189e22,66500,2026-06-18,697,90+ Days,Customer
f9cb85b1-abd7-4a58-83af-f84b3dbb76ae,71be3019-2872-4e46-9e8f-941663554ca2,15f126e9-71f9-4035-a333-c402aa202528,66250,2026-06-18,137,90+ Days,Customer
bc957958-0207-4bf0-ad34-8efa5488177e,2df9cb4d-3931-42d6-b71e-03529a9850cb,9701657e-11fe-433a-a13a-4fa0e3add9cd,66000,2026-06-18,436,90+ Days,Customer
c7cf500d-378a-492b-8521-8edb6fa38c7e,9c550d4c-077d-4fb4-b74d-3debcfd3b42f,e967b529-a761-43ad-a616-bd08a9f7b08e,64900,2026-06-18,497,90+ Days,Customer
1beea016-9674-4d58-bcc3-50a321943b28,d1cfaf26-0be0-4f9e-b7c8-232a034c5bea,111b346b-529c-40a6-86b4-a71a1ea94565,64750,2026-06-18,489,90+ Days,Customer
8260c5c5-acf2-42d2-a6d5-633dc0b5fae6,71be3019-2872-4e46-9e8f-941663554ca2,1814bed5-6172-4fe7-899e-a5dd95598b1f,64400,2026-06-18,427,90+ Days,Customer
73016ede-396c-4464-98d0-d6c658940bb2,2df9cb4d-3931-42d6-b71e-03529a9850cb,b3b4ab96-943a-4634-ad7b-54934166df1e,63750,2026-06-18,160,90+ Days,Customer
d0b919a1-4cad-4c11-9a98-e92f0c829bb3,beb13cfd-593a-4390-b602-93a464c0d4d5,65e27522-1b2c-4e32-b213-8422ac35ad8d,63600,2026-06-18,476,90+ Days,Customer
cc265e71-8681-431c-bdd6-11bfb11486f2,2df9cb4d-3931-42d6-b71e-03529a9850cb,5e4a20a5-6a54-45b6-95d6-08fd593389a5,62500,2026-06-18,401,90+ Days,Customer
0bddfe24-65f7-43d6-9240-e8dc7269d796,b5762db9-18c1-42e8-8b82-ee4960dda3ac,894c905b-c170-4a6f-b7a8-96ce2d8ca0bf,62500,2026-06-18,421,90+ Days,Customer
ac0fe22d-e7e4-44c0-8872-f15b2f91d267,db1ee698-1e95-4618-8494-41dfcaae8bed,918b9132-139a-46e0-a212-f9074d51f9a7,62000,2026-06-18,426,90+ Days,Customer
2612a09c-335c-491c-bcbe-2d1afd2196f0,d604343c-0482-49ed-80ec-28e4aa0c3fd4,4311442d-ed40-4887-bde6-2ff0edebf879,61100,2026-06-18,487,90+ Days,Customer
1f75495d-cd7d-428e-a6dd-e0e474f10f2a,8da5249a-c2b8-48c3-b61c-12ecf6d898d8,03f84166-5ede-4727-8bbb-77ae95836ff6,59880,2026-06-18,721,90+ Days,Customer
54b9ab6b-22f3-4900-92d8-e3d8dff85a77,2df9cb4d-3931-42d6-b71e-03529a9850cb,80ace5ba-d479-4f27-8e33-433ad63c476b,59550,2026-06-18,519,90+ Days,Customer
f3d77289-3125-4b30-a98e-fd9421bf5356,1f1746d2-52c5-4dc5-aadf-ea179bd755e0,bf82e51e-70fd-43f6-aacc-e32c9253f13f,59500,2026-06-18,519,90+ Days,Customer
cd304065-ea60-4021-abb8-c31f56b3b58a,b47542f5-1b54-4bd1-a387-acdd178eea3b,b3c0e02f-5879-4639-b622-1f2afe77fa1b,58740,2026-06-18,701,90+ Days,Customer
adfa35ed-2eeb-433c-aaf2-dd43ad988816,2df9cb4d-3931-42d6-b71e-03529a9850cb,49221a41-bfb1-49f8-8225-4f7758bf2e74,58230,2026-06-18,442,90+ Days,Customer
d62ef8f1-cb6d-449a-85af-7ef3508a0289,831be7e0-3cb9-492d-9bc6-2df6548e5db2,08824ebe-4588-4f85-bd6d-d2f09ea5693d,58200,2026-06-18,465,90+ Days,Customer
9087f7b1-9475-4be7-a1fa-6a3a1c79d4cd,2df9cb4d-3931-42d6-b71e-03529a9850cb,ab3be74d-91f4-41ec-8563-85edde518dcd,57799,2026-06-18,466,90+ Days,Customer
c4fc551a-16a0-433b-b431-392a328deca4,1f1746d2-52c5-4dc5-aadf-ea179bd755e0,75716014-f5e6-4645-901e-afa7cfca7531,56000,2026-06-18,324,90+ Days,Customer
6a4f907a-a873-4dc0-932f-9233f0f2fa39,8da5249a-c2b8-48c3-b61c-12ecf6d898d8,52eed4d5-fc1a-4220-b2a2-d31890c806af,52200,2026-06-18,767,90+ Days,Customer
37f48e24-a0fe-4185-a2f4-c8f8fb909e1b,71be3019-2872-4e46-9e8f-941663554ca2,0869d88c-d2e8-485a-bb3a-62ef2bd422aa,55350,2026-06-18,414,90+ Days,Customer
9b38f789-5f91-4c1e-8fc4-6e18cbeb251a,d604343c-0482-49ed-80ec-28e4aa0c3fd4,c440fffb-ed13-4a05-bd8a-969b5f6644c7,55050,2026-06-18,498,90+ Days,Customer
26c96bc0-ede8-4c05-98d4-9dee97f5e7e5,d78da672-2264-4485-aa03-b559e81130e6,0597441b-7491-4aba-9f4f-8a389794c9e6,54400,2026-06-18,267,90+ Days,Customer
628a0f2a-8e62-4509-8130-0bab16df8c53,9c550d4c-077d-4fb4-b74d-3debcfd3b42f,980d7b00-1cdb-47c9-9ca2-d1b7e68df941,54000,2026-06-18,190,90+ Days,Customer
dce6379f-c15a-42c9-a849-9714482a7c77,c62ed87b-e442-4815-a36e-6b634e3628f1,0234e01d-2f85-44cf-87de-29308066aa44,53900,2026-06-18,524,90+ Days,Customer
eb7f8182-6478-4235-8d03-ea843868ae0c,71be3019-2872-4e46-9e8f-941663554ca2,a283b514-f48d-444f-8f47-de375fbe3374,53200,2026-06-18,539,90+ Days,Customer
0ab09176-7e68-4cf7-944e-e402269fb6e2,2df9cb4d-3931-42d6-b71e-03529a9850cb,81598bd3-6d59-4553-a9da-904ee5289e49,52800,2026-06-18,388,90+ Days,Customer
30d3ae69-73a4-4142-8246-7e0fe4bb624e,ed1a8f9c-e058-48fa-80eb-c2ed68fb6e36,26123026-c193-4b72-b2e6-2f69530154d0,52200,2026-06-18,626,90+ Days,Customer
62227082-1ba7-4776-a859-c49e30b1bc61,51bf73f4-c8da-4e75-b5c1-72b2dc1014a0,76643bbc-e9af-45ee-91e1-c604d29dfa28,52150,2026-06-18,403,90+ Days,Customer
eefd533a-973f-497a-bee7-47cfb5a01a44,8da5249a-c2b8-48c3-b61c-12ecf6d898d8,6db6ef48-a963-4ad3-af8d-38442dc0b8a1,570000,2026-06-18,669,90+ Days,Customer
53da1739-38a5-4d4f-82f9-642168e91964,40f85701-0113-4092-bf94-71fce4830301,a4dace34-2ef9-4d36-b91e-e34b80616341,270000,2026-06-18,526,90+ Days,Customer
f7578a01-b0fc-43ff-b09d-f80ecfc413df,d11168e8-0acb-4143-82e4-419e25634be8,2bd3679c-8e7b-4143-bc4b-f78b8c10bc35,70000,2026-06-18,417,90+ Days,Customer
1e876d8a-dbfc-43a4-9f36-d098f5c7940f,39dcd473-4a2f-4f59-b05a-d182a66b4151,1d12d60c-732d-4071-8107-18b6eef2f099,69400,2026-06-18,541,90+ Days,Customer
fdcca48c-7875-48d5-8ca3-88e7af3ebdad,f0d5b006-a306-4779-837b-1a3c581d7119,93908f54-9fe3-46b7-8b92-c8fc8531dd55,69000,2026-06-18,417,90+ Days,Customer
b4477617-5a9a-48bd-b344-f3f2d44a2bd3,9c550d4c-077d-4fb4-b74d-3debcfd3b42f,f37de9d8-a786-4432-ac64-97ba5b8c0f61,68249,2026-06-18,182,90+ Days,Customer
31a06c88-341a-4824-8202-f625be1c91f2,db1ee698-1e95-4618-8494-41dfcaae8bed,917e08b9-d278-4e26-a3cd-5c66a25d1927,68000,2026-06-18,569,90+ Days,Customer
975b8e9a-636d-49d9-b9ec-3a0f0fcdc506,71be3019-2872-4e46-9e8f-941663554ca2,46b47bb6-b83f-4bc7-bf7b-e1314fc39d51,68000,2026-06-18,562,90+ Days,Customer
6fc777fa-2f55-48d7-ad14-9acfa2abadc5,c62ed87b-e442-4815-a36e-6b634e3628f1,da300ce8-4f44-400d-bb34-5df41c20e8a7,67550,2026-06-18,517,90+ Days,Customer
c8a5ec66-2cd6-4ed2-90d0-478f2dbdbe48,0ec16e28-c838-45f0-8887-4df2087044f1,7bff8791-c4c8-4195-8864-c6221763d183,67150,2026-06-18,749,90+ Days,Customer
77b068e8-88f6-41b4-8991-71778a701b61,0ec16e28-c838-45f0-8887-4df2087044f1,ae0ce770-c930-4bc5-8e23-ef7f5b1cad05,66375,2026-06-18,698,90+ Days,Customer
a97da759-df3d-475a-99f6-1416f2680cee,271cdaa5-4d7d-46cd-9a43-7e3bb4bb922a,a724b688-90bd-415e-901f-593d120c7c58,66250,2026-06-18,330,90+ Days,Customer
b31f35a5-2706-4dc8-9534-67adf55b97bd,51bf73f4-c8da-4e75-b5c1-72b2dc1014a0,c553aa61-7901-4859-a932-56976057cfe0,66000,2026-06-18,395,90+ Days,Customer
051da840-fedb-4516-9f04-3a8d300f8dbc,8e31a053-add9-4cdc-b1a8-04a9d6a198fa,64ade194-145d-4b20-a1aa-003c88f82cfa,65630,2026-06-18,774,90+ Days,Customer
3701c6ca-88aa-46d2-95d5-c35e56b5c0f8,71be3019-2872-4e46-9e8f-941663554ca2,e98aa3a3-2f28-4082-8611-ac96567d498d,64620,2026-06-18,262,90+ Days,Customer
dcd012dd-03d3-49c4-b77a-6c72a2cf76d5,d1cfaf26-0be0-4f9e-b7c8-232a034c5bea,83b7623d-4b0c-482b-8117-08e1a7af0535,64312,2026-06-18,476,90+ Days,Customer
c9163869-57a2-46fc-8f63-07c9c64fd0dd,d604343c-0482-49ed-80ec-28e4aa0c3fd4,7ee091db-36e5-46e8-baf3-f80b0129d20c,63750,2026-06-18,515,90+ Days,Customer
30df9c43-a7b1-45c9-9cff-2fa000f448da,db0bd5b6-c001-485c-b548-de7dabea0a92,129ae2e3-a41c-4a7a-b90c-336f8e97831a,63519,2026-06-18,353,90+ Days,Customer
d851a811-dd6c-4a34-8b79-82947be9e7fa,51bf73f4-c8da-4e75-b5c1-72b2dc1014a0,25e0a99a-dcc6-4bd0-885f-c86745f6871e,63000,2026-06-18,325,90+ Days,Customer
809c1ae6-0e06-45f2-8cee-0ab6a028eb48,2df9cb4d-3931-42d6-b71e-03529a9850cb,43ab11b1-813b-4fdc-8fea-39e2d11377f5,62730,2026-06-18,500,90+ Days,Customer
ee9537ab-4a7d-4f17-8ab0-07d27e2d8aea,d604343c-0482-49ed-80ec-28e4aa0c3fd4,4c6f2c90-3b53-4f30-8c05-95248e091946,62462,2026-06-18,450,90+ Days,Customer
71823f83-1fa3-479d-8a19-25e19dca334b,03bd20ce-37d4-442c-a886-6aa7e6737023,f6d79d75-fb9a-4d8d-ae5f-2de414711f76,61875,2026-06-18,405,90+ Days,Customer
bc3e35e0-9718-4521-b655-4e30fa074a9f,271cdaa5-4d7d-46cd-9a43-7e3bb4bb922a,f29f3010-8b6e-49d8-8c16-49a994341ac2,61000,2026-06-18,331,90+ Days,Customer
6cd360f7-ed81-4034-a399-7f3bc7d6903b,d604343c-0482-49ed-80ec-28e4aa0c3fd4,f78811d8-6a97-42d1-821b-04cc6e72bc11,60000,2026-06-18,177,90+ Days,Customer
5a074f0e-ede8-4e44-b42d-2e71795202c6,5e23d8f9-0f5b-449a-90da-ffadcaf43cac,7650b963-afda-465c-92f4-0f6d62b245d8,59625,2026-06-18,391,90+ Days,Customer
67b10eec-dc18-45b8-bd35-06b1bc0ab3f8,db0bd5b6-c001-485c-b548-de7dabea0a92,36b7ff30-9426-4548-997c-03bbf2236d5a,59550,2026-06-18,505,90+ Days,Customer
19f1f6f9-de0e-4119-a4b7-9394ebfae5d7,2b6e22f9-25d1-4c27-9859-cd26832f994d,14059d4d-07e9-4c27-9724-6c3e71af6c47,59400,2026-06-18,324,90+ Days,Customer
867c09d1-8b2c-4cac-96c0-39cbe5cd6cfd,db0bd5b6-c001-485c-b548-de7dabea0a92,d30d900f-e941-4d46-b1ab-ede405951dab,58450,2026-06-18,386,90+ Days,Customer
34b08d03-1c4e-4ffd-bf22-03b6e4372744,71be3019-2872-4e46-9e8f-941663554ca2,17171c37-99f2-4b06-93f0-fcaf251e3444,58220,2026-06-18,461,90+ Days,Customer
80f803e0-0183-415f-a03b-1b2a93cc3821,d604343c-0482-49ed-80ec-28e4aa0c3fd4,176de36a-65cd-497c-8571-f54dc9d31752,58100,2026-06-18,384,90+ Days,Customer
34687a6d-f656-4331-9b66-d31107e44cbd,c62ed87b-e442-4815-a36e-6b634e3628f1,8550cff2-b3db-47de-87ee-0fea0ad524bf,57500,2026-06-18,489,90+ Days,Customer
264a0758-7869-4086-8027-a51a090cf4e5,2df9cb4d-3931-42d6-b71e-03529a9850cb,48f1a855-896f-4882-a066-9eb0de103697,57200,2026-06-18,116,90+ Days,Customer
e1610c18-df92-4f08-98ca-148ce081d356,c62ed87b-e442-4815-a36e-6b634e3628f1,a4a55e73-9039-4bf1-8a97-bc7e636212d9,55290,2026-06-18,526,90+ Days,Customer
d8f1b1c2-905e-4a3a-99f0-654b134063d7,d1cfaf26-0be0-4f9e-b7c8-232a034c5bea,a850480c-b750-4f72-b51f-b7ef207c1336,55875,2026-06-18,514,90+ Days,Customer
9f58b0ab-2e0e-4987-a607-7ba44cdf2da0,934f196f-8320-4e39-9758-edd48c1257b3,055cbfe2-0d48-4d40-b6d9-6a14ed36993e,55050,2026-06-18,608,90+ Days,Customer
bc77e30b-2002-4909-853e-8cd729c0461f,c0f063b1-595d-4bf1-94fd-3a1165358868,6d64a385-7444-4fad-a8e4-cf53a08bd553,55000,2026-06-18,465,90+ Days,Customer
d4845562-93ad-4216-9886-9419e90cbc72,375172ea-77fb-4f09-b081-2dbbf37738c1,4066aecb-e82d-49cf-b0d1-135b523fb3fe,54300,2026-06-18,758,90+ Days,Customer
4de65c83-70df-4183-9602-19b3f6d65ea7,39dcd473-4a2f-4f59-b05a-d182a66b4151,ac0004d2-0839-4a34-a701-f487f5baabb6,54000,2026-06-18,697,90+ Days,Customer
a531362e-cc1c-469b-8a50-ebf1b044f601,cb55367a-1da2-40df-aac3-6ea2d3ef7d67,84d1dc5e-166c-444b-a9d8-f316b4237bec,53410,2026-06-18,141,90+ Days,Customer
e53970d1-7d49-4f51-b570-8f6850f9e21a,0e59f9b8-792d-43cb-a7e3-39a3cbf25ae7,f342a3f9-3519-43c4-8670-37933ca90f3d,52500,2026-06-18,589,90+ Days,Customer
e3397339-9409-4222-9a9b-1ad3181bc03b,9c550d4c-077d-4fb4-b74d-3debcfd3b42f,691670a5-7d06-41d5-9144-53189635f1df,52000,2026-06-18,154,90+ Days,Customer
54acd9a9-81e9-40ec-a895-ac8a9dd23440,2df9cb4d-3931-42d6-b71e-03529a9850cb,eb666b0d-5c1d-41c7-aff9-d8c4bed77e24,20111.184,2026-06-18,111,90+ Days,Customer
dd638e87-0c50-417a-94e6-c6de23e62916,13434759-d4fc-4dc9-ad3b-480ab7211da2,d194ae65-f0e9-4f00-92bf-3800b6a4351a,588239,2026-06-18,142,90+ Days,Customer
02a8e101-26a1-4f2a-9aaa-91ac9da6a9b2,71be3019-2872-4e46-9e8f-941663554ca2,09f0fa7d-9e69-4b12-a3d0-782fa24ea6b9,322000,2026-06-18,542,90+ Days,Customer
d478829c-0103-47cc-88b6-e7ba8fdc86a4,db1ee698-1e95-4618-8494-41dfcaae8bed,fdaa8753-ded3-417a-9b9d-ed78e27d8da9,69800,2026-06-18,449,90+ Days,Customer
a2f99e93-787c-4391-bed5-c233ac599dd2,d78da672-2264-4485-aa03-b559e81130e6,a330ed07-ef88-4d4d-a98c-741e29d7c4eb,69000,2026-06-18,423,90+ Days,Customer
8dea4947-fa97-4efb-845d-248e1f19e057,e8e19ce7-02ae-498d-a52b-e905a6840c0c,792e301d-849c-47a5-a006-452985dec050,68000,2026-06-18,539,90+ Days,Customer
73eea902-c84f-4a41-b812-511a7c3f7ee7,db1ee698-1e95-4618-8494-41dfcaae8bed,58e47ae0-ae95-49e7-ba2f-18d6436558f8,68000,2026-06-18,525,90+ Days,Customer
b46c5ce4-66d3-40e2-b2c8-95ca7388801a,8e31a053-add9-4cdc-b1a8-04a9d6a198fa,67512b34-4e10-441e-8564-8dc2dc6cb09f,68000,2026-06-18,727,90+ Days,Customer
870bc775-c4c4-4b89-8b90-0b63315fd6bc,2df9cb4d-3931-42d6-b71e-03529a9850cb,eaacf30e-cd2d-43cb-b9a8-d1b405ed83fd,67500,2026-06-18,518,90+ Days,Customer
e040d998-f040-4f4a-b9cb-0e1dbf1c7a4b,db1ee698-1e95-4618-8494-41dfcaae8bed,f61b1dda-3e1b-4e83-86a6-4f56f6c88e58,67200,2026-06-18,538,90+ Days,Customer
e4989d93-6c2d-4ad1-bcbd-c359979101e2,2df9cb4d-3931-42d6-b71e-03529a9850cb,b53ea2f0-c250-450b-810d-6d4de269b59b,66456,2026-06-18,533,90+ Days,Customer
852e5f6f-f888-4eb1-9abd-446804f5a0a6,242b18b0-2b6e-4ef6-b311-fa29444b997b,8414d001-6867-49d5-b8a2-d6f934368496,66000,2026-06-18,296,90+ Days,Customer
269d5f5f-8b01-4034-9c20-2735901bef31,61ceafc3-1171-49cb-8c7f-9f3856814a3e,fd908d43-5f31-42ec-92f6-90699750aa1e,65600,2026-06-18,449,90+ Days,Customer
62348a36-c97b-47f1-bc20-7ef904897234,1f1746d2-52c5-4dc5-aadf-ea179bd755e0,428bd23b-85d7-44b8-8321-2b4cd6ba2cec,65000,2026-06-18,318,90+ Days,Customer
cb9089c6-879e-496c-a6a6-9778f72f7fb2,db1ee698-1e95-4618-8494-41dfcaae8bed,a89ebddd-ff0a-429e-87c6-e95db63483fc,64000,2026-06-18,647,90+ Days,Customer
f15fa997-eace-4785-b8ab-d1358b9014f3,71be3019-2872-4e46-9e8f-941663554ca2,116442f8-986f-444f-b1a5-5695fc8bf930,63750,2026-06-18,316,90+ Days,Customer
83db21a1-32ef-4a58-a692-03e68a9e74a9,099a913e-04e3-4c9c-bdea-452818e6cb2b,eb676263-1cf7-43e6-8558-8342b422eeda,63000,2026-06-18,339,90+ Days,Customer
37f20482-fdd1-47ba-aa65-cb467d0c17e1,26452dcc-3a68-4dcc-bccc-6a76193c5e17,c7038e94-f6f1-4e86-9846-23673198252d,62650,2026-06-18,157,90+ Days,Customer
cf8ae3ff-17fc-44fd-99e1-d6e7ed288320,95c5d920-3701-494c-b8ec-568a66ffc4ad,08bce57f-2817-4ce9-9d5c-9ea7d97e0643,62000,2026-06-18,351,90+ Days,Customer
de048d97-bead-4b6e-90be-f8d8e2f31d7a,c622c3d7-9289-41b3-ab8e-2c29215faa4c,3a3b1ece-1b02-4b3d-9482-08fc4c18f6b6,61000,2026-06-18,613,90+ Days,Customer
65f21abe-9895-4011-925e-787ff6d31d4d,2df9cb4d-3931-42d6-b71e-03529a9850cb,0c32577b-2e45-4efa-9a5b-80f73deb7056,60099,2026-06-18,524,90+ Days,Customer
3d88eabe-1b0e-4957-a0ae-43517a958f68,2df9cb4d-3931-42d6-b71e-03529a9850cb,67dcb101-f019-4a7c-be8c-6251e2007019,59699,2026-06-18,430,90+ Days,Customer
699c9a1b-ff1c-4827-b7d8-355de8bd1966,2df9cb4d-3931-42d6-b71e-03529a9850cb,9314f3d7-e043-43ee-9d1c-a3105c02fd2f,59550,2026-06-18,528,90+ Days,Customer
08257c23-38a8-46b1-aace-e80b71a524cf,dd9e4314-694d-4353-8261-817b0794fbe3,68c7e201-b7a9-4955-bb51-f93de15e5ff5,59500,2026-06-18,559,90+ Days,Customer
e1361bf3-e594-4315-a0ed-2da32ef3a1b4,2df9cb4d-3931-42d6-b71e-03529a9850cb,c679b4f5-bb70-429b-af9b-b511eddc1b15,58230,2026-06-18,441,90+ Days,Customer
9cfb901c-96ac-4b4f-a44a-079b0334ef36,2df9cb4d-3931-42d6-b71e-03529a9850cb,9527b987-df8b-471a-b968-46028967b855,58200,2026-06-18,448,90+ Days,Customer
fafa76b7-69ba-48ca-b730-29d67687550f,db1ee698-1e95-4618-8494-41dfcaae8bed,a9b0f8b5-1a1c-4a98-8934-fd2036965e33,58000,2026-06-18,380,90+ Days,Customer
8c369e2c-0961-43da-86fb-f233619b646b,2df9cb4d-3931-42d6-b71e-03529a9850cb,6487b927-1fa2-4136-a253-5cb1552ae434,57449,2026-06-18,533,90+ Days,Customer
4041fe33-f025-438b-b192-af1532d0865d,d604343c-0482-49ed-80ec-28e4aa0c3fd4,c770f6b5-d5d4-4dd9-abae-dd1d52e51734,57099,2026-06-18,413,90+ Days,Customer
935a86f1-8366-42a0-85ec-adc3038e5f38,2df9cb4d-3931-42d6-b71e-03529a9850cb,9f128b6d-d1a4-47e9-8e77-06bd879d485e,55500,2026-06-18,539,90+ Days,Customer
70547409-35be-4f9d-ba47-a4722f604cec,beb13cfd-593a-4390-b602-93a464c0d4d5,d67fc4e6-5522-4df8-8d04-02c20d951eaf,55087,2026-06-18,470,90+ Days,Customer
ae02030f-d53a-409a-97c2-5befd9cd43cd,c0f063b1-595d-4bf1-94fd-3a1165358868,11bfeacf-f854-44cc-aba2-2b0a5a820fff,55000,2026-06-18,361,90+ Days,Customer
a7856f05-d9e0-4c02-9661-b98de849d30f,d70a1f63-f837-43a6-9a85-e5c926dd4536,9e8a6ebe-1b0f-44d3-868d-a9ad5e1fd581,55000,2026-06-18,347,90+ Days,Customer
a07c31f7-0745-49dc-83d6-3e1a4c33d456,d604343c-0482-49ed-80ec-28e4aa0c3fd4,1f89cfa4-2928-4fec-bb7f-f47dd8bac1bb,54165,2026-06-18,456,90+ Days,Customer
690512db-447e-4c2b-80da-2a5c0322ca09,859f7f63-98d0-4060-a659-efb3b3a7f6cf,bf91cdf8-6ac8-4e58-b126-d0f6f572ec82,67000,2026-06-18,420,90+ Days,Customer
807b0729-8f59-4664-8dd6-88d1a0be870e,1f1746d2-52c5-4dc5-aadf-ea179bd755e0,4a272dd0-fee8-4890-8047-806b736650d3,40600,2026-06-18,612,90+ Days,Customer
178f94e2-411f-4f90-a528-c439ff5b5803,d604343c-0482-49ed-80ec-28e4aa0c3fd4,b880773a-1bc4-4971-9c95-30a3008b48f9,46500,2026-06-18,576,90+ Days,Customer
8dfa3fd1-c470-4495-87f7-41201582fd7e,f0c11e44-1236-4c2e-8285-613ab5dec4ba,7c8bf5a7-e575-481e-82f8-68fa486fd8f1,42800,2026-06-18,646,90+ Days,Customer
045930ee-abc9-4659-ba90-2aa3e052e45d,db1ee698-1e95-4618-8494-41dfcaae8bed,4345a19c-e1c7-4a8b-8562-07a7188e70f1,54000,2026-06-18,343,90+ Days,Customer
c0213ec4-a60f-4073-a5cb-5ff26c457f29,39dcd473-4a2f-4f59-b05a-d182a66b4151,adf0054b-1c5f-4216-abe2-5cfd3a6e6312,53700,2026-06-18,683,90+ Days,Customer
a484e19b-b4c1-4611-baef-011958cf226e,b68482aa-3798-4bc4-96c2-ae22f9e1f162,20d3febe-8b15-4f0b-b8db-5bbc069c9aed,53450,2026-06-18,513,90+ Days,Customer
ca3e0ebe-72dc-49e8-a636-b3e84f55b2bd,d604343c-0482-49ed-80ec-28e4aa0c3fd4,35978a66-cf2c-4e03-9e5c-5ddb1ebdef51,52799,2026-06-18,561,90+ Days,Customer
dfa7a4cd-c3fd-435f-b6f8-4150bd5daadd,d46677ba-4aa3-46ef-95e9-eb9fec96b727,1114808d-4e3e-487f-a11d-91a8c9a162d8,52499,2026-06-18,634,90+ Days,Customer
aae771e3-c370-4c52-8c03-cff39a28e8d1,ccb49d47-ef18-415e-84ff-5119d836592b,9984e677-114b-4550-a5ed-f9e259588892,51750,2026-06-18,616,90+ Days,Customer
3410f8ed-2d12-4256-8231-00bfb491f53a,8c104193-5a04-40c1-9868-8f62355a4de8,4b3bace7-f9ab-4913-a7d7-7c19681ff5db,51181,2026-06-18,354,90+ Days,Customer
df24f044-f753-48aa-a033-a1ae4693d04d,39dcd473-4a2f-4f59-b05a-d182a66b4151,b895dbc5-405b-46f0-8c7b-e0ed187ef696,51000,2026-06-18,736,90+ Days,Customer
4741c549-54ae-4b79-ac1f-ec2813d6994e,b31425c6-7091-41f6-9861-0321cb1eecc9,60fe207c-3f03-4bf3-a5a6-486beb50484c,51200,2026-06-18,568,90+ Days,Customer
c4774767-852a-481f-98c1-9bf861681207,1f1746d2-52c5-4dc5-aadf-ea179bd755e0,832980d3-5db3-40d2-a47d-bd60446a326d,51000,2026-06-18,584,90+ Days,Customer
9300b0b5-3685-456e-8cee-265b5562d7be,1e8b0fdf-a882-4a38-bf4a-36f1d58a0898,8e369bdd-8d55-4d56-aecd-340772831f83,63500,2026-06-18,305,90+ Days,Customer
a3eaa1ea-81cb-4582-ba0e-077ae5632431,f4365c09-2c12-4388-9e00-68fd7a957575,6f1475b5-e536-4a6c-a374-52375009a3e5,51000,2026-06-18,533,90+ Days,Customer
a62f4951-6a61-4c96-8628-be73a84625a8,a51ff970-12c6-4739-b809-5fbc65af2cd3,cea157b3-1f17-4714-ba5d-63b5e3a3162e,50700,2026-06-18,561,90+ Days,Customer
ad117136-9a8c-4dfc-90dc-4ab148fc65a3,0c981ae9-8405-42b9-b013-088a1659ef8d,378cc942-be42-4e94-b599-9dce458f3629,50000,2026-06-18,708,90+ Days,Customer
0162b7b5-3c42-4600-bb10-c987b234c88a,0e59f9b8-792d-43cb-a7e3-39a3cbf25ae7,73f9d04c-7793-4176-9122-1fbc9129b047,50000,2026-06-18,455,90+ Days,Customer
c5f74035-8f48-405d-83e2-d1f7b0464ded,271cdaa5-4d7d-46cd-9a43-7e3bb4bb922a,ce313369-733b-4716-8607-d2647e7a079f,50000,2026-06-18,323,90+ Days,Customer
ac428a4f-2370-47f1-80b9-7703fd6cc87f,2df9cb4d-3931-42d6-b71e-03529a9850cb,9200473e-7dc3-4740-885d-8c256d2fdf1c,49500,2026-06-18,403,90+ Days,Customer
0bc9c06d-e6fa-41d4-a29d-d2e44b346b00,c62ed87b-e442-4815-a36e-6b634e3628f1,2102206e-ec4f-4d7c-8d17-82edc9a7aeee,49200,2026-06-18,517,90+ Days,Customer
b2e92bf8-1fec-436e-b6bc-b9ce5a32bf50,2df9cb4d-3931-42d6-b71e-03529a9850cb,e0607ff1-9214-4164-825d-820a09d44d3a,48600,2026-06-18,199,90+ Days,Customer
658892c5-c46d-491f-8e12-0340f94e45c2,2df9cb4d-3931-42d6-b71e-03529a9850cb,5187b1d9-da10-4925-91b3-413ffef25bd2,47639,2026-06-18,353,90+ Days,Customer
8517105b-5d09-4137-a009-5e9c8ac484be,2ae86115-7910-4054-a4c7-724545e24184,c54f42ce-6524-4e04-bbbd-cb3bf8cef706,47300,2026-06-18,581,90+ Days,Customer
2161f86e-2320-4255-b87d-60a42688061f,d604343c-0482-49ed-80ec-28e4aa0c3fd4,64709db0-defb-45a1-9688-6847b3096099,47000,2026-06-18,556,90+ Days,Customer
abeee058-4e5e-452e-8fd9-d7ca9a085bc7,0ec16e28-c838-45f0-8887-4df2087044f1,9a422a51-f3d8-4908-bed1-2ffea6b45291,46800,2026-06-18,734,90+ Days,Customer
d7f5895f-35d6-4e61-8faf-010395c8cf27,a8968394-2e9e-49c7-b0cc-e59f81e73825,28ef4348-c15a-4dbd-9734-dce4e126a4c8,46200,2026-06-18,743,90+ Days,Customer
7852afea-8cd2-4020-a9e6-20e260bac78f,38366589-b3ca-41ba-be3a-1cd236371c92,68dcc728-269f-40cb-bbae-480828524083,45999,2026-06-18,331,90+ Days,Customer
2ef763f4-dd88-469c-9794-c88b932f11e8,38366589-b3ca-41ba-be3a-1cd236371c92,ccdf9914-0231-4c2a-82ed-2068e54dd841,45999,2026-06-18,359,90+ Days,Customer
b53d4238-b1f0-4961-b6d2-b0a05e3693be,b68482aa-3798-4bc4-96c2-ae22f9e1f162,cb4244af-73e7-4a25-b143-b7a4619e23c0,45250,2026-06-18,399,90+ Days,Customer
802d920c-9ff5-4289-9aa4-437ef466a4de,6bc20676-6cd9-4bd5-b300-2a44c353db98,4108c5f8-c721-46a2-b95c-71aca323124f,45000,2026-06-18,428,90+ Days,Customer
301d129d-18dd-4783-8bf2-980a9f0f0003,71be3019-2872-4e46-9e8f-941663554ca2,fd20b61e-6a51-4e82-83dc-aad1f94dac86,44625,2026-06-18,153,90+ Days,Customer
eef7a343-0164-4f5a-b8d7-934ea1f63722,39dcd473-4a2f-4f59-b05a-d182a66b4151,09a3cdd4-f8a6-4128-8615-a1b418548b1e,43750,2026-06-18,720,90+ Days,Customer
ba12b903-d165-4d66-93b6-b2978fde8a3c,61ceafc3-1171-49cb-8c7f-9f3856814a3e,5d32665b-d432-4886-895c-34d4cd3460ae,42900,2026-06-18,548,90+ Days,Customer
bdff7156-ef77-46be-8c72-aec550e2b82a,6bc20676-6cd9-4bd5-b300-2a44c353db98,5046e8be-5aac-488c-b6f7-29a3071e57ec,42500,2026-06-18,461,90+ Days,Customer
d5a8bbac-6457-4862-90e4-8cad00bbda89,d604343c-0482-49ed-80ec-28e4aa0c3fd4,3931db85-0ab0-4f36-b60a-5b7a34729195,42500,2026-06-18,500,90+ Days,Customer
f9918748-c23b-4cac-867f-26161dd79785,d604343c-0482-49ed-80ec-28e4aa0c3fd4,183143d0-e39b-4d61-b7e2-3988a2d29304,42399,2026-06-18,459,90+ Days,Customer
545c3051-43e3-496a-a965-3ecea750c3cd,d604343c-0482-49ed-80ec-28e4aa0c3fd4,2b85a6ca-ecfe-4954-b9bf-feb0d6d763c4,42250,2026-06-18,548,90+ Days,Customer
5e817936-9ebe-4230-a338-abeed14d195b,f4365c09-2c12-4388-9e00-68fd7a957575,63928f1a-40b5-4100-8fb9-c868503a4aac,41875,2026-06-18,604,90+ Days,Customer
39fc193d-1e9c-4c43-9c34-8c7c6a81fa5f,1f1746d2-52c5-4dc5-aadf-ea179bd755e0,c59bb703-24fd-4692-bb43-f9b8c79ac971,41500,2026-06-18,513,90+ Days,Customer
5497d215-f2c8-4992-91d0-1ce766e47f87,bf3b062a-2216-4ca2-8788-dcc3ee4e5e70,7bd0467e-1c17-4b05-923c-6527f1c3e41d,41000,2026-06-18,648,90+ Days,Customer
4412da62-e03d-42bb-b841-850c9e0b5987,d604343c-0482-49ed-80ec-28e4aa0c3fd4,3e5c4e13-d603-4012-b2fa-1f86da388e87,40600,2026-06-18,468,90+ Days,Customer
aea46216-017a-427b-b74c-ec52da197ccd,d604343c-0482-49ed-80ec-28e4aa0c3fd4,900dbfe7-27de-4ccc-9c34-b9f60630f0f9,40500,2026-06-18,364,90+ Days,Customer
c0fe0ab1-b326-4b7c-a817-3f451c13fef3,64a68088-b217-41b2-b803-46656a475e6d,1a5280d0-9671-4f6d-be88-8f83d9f8419a,40000,2026-06-18,448,90+ Days,Customer
71aa386b-08bb-4a3b-ae4b-fd656a143adb,9c550d4c-077d-4fb4-b74d-3debcfd3b42f,f3e139e9-9008-4ae6-8b94-b525e39f8170,39700,2026-06-18,520,90+ Days,Customer
5f094cb8-4367-4e55-a1da-70bad7d5fbe0,2df9cb4d-3931-42d6-b71e-03529a9850cb,94e9ef6c-1812-4395-a413-b6806da4e033,39400,2026-06-18,431,90+ Days,Customer
7de0550d-9f6f-4cb5-94ce-a054a65c637d,5e735dee-c15f-406c-a63a-7fa42e3c7c62,612d7630-fe71-45cd-b0ca-b69dddd78da6,38500,2026-06-18,531,90+ Days,Customer
1096dfab-225a-431d-9554-338c49a9459b,b36e532c-a5d5-40fa-8928-9bc3958cca1d,9e78f271-abbb-4975-945a-4e1520b435a5,38500,2026-06-18,545,90+ Days,Customer
940f67e7-d706-4e1c-892e-566f868a3746,d78da672-2264-4485-aa03-b559e81130e6,b26014c1-936f-4de1-abe1-21bf75ad7f91,48000,2026-06-18,585,90+ Days,Customer
32c754ea-c6ac-4b1b-85ee-b0f319dd2135,64a68088-b217-41b2-b803-46656a475e6d,bccce45e-8fbd-4210-8468-4ed5cd185d76,44170,2026-06-18,448,90+ Days,Customer
30f5663e-73f0-442a-a7b1-c25fc31b0384,bf3b062a-2216-4ca2-8788-dcc3ee4e5e70,ce8602eb-726a-4b8d-81bb-60ddc8565c4d,39075,2026-06-18,773,90+ Days,Customer
6bf18887-5993-4133-b3ce-561875f99df8,9c550d4c-077d-4fb4-b74d-3debcfd3b42f,e6743ad3-0bdb-414e-9751-7c61bcb48774,38074,2026-06-18,423,90+ Days,Customer
a0ffa7d2-df70-43d5-9d5c-a269704d15d6,2df9cb4d-3931-42d6-b71e-03529a9850cb,eec2749b-f42a-436a-a2a6-06686c7f061e,112450,2026-06-18,111,90+ Days,Customer
dd75eaec-65c2-4c4d-865d-e50987f3e490,b077f4f7-954e-4c70-935a-84ea00d1f006,008fb426-6e11-4640-b399-cbf2c831fae1,44500,2026-06-18,280,90+ Days,Customer
d7938e56-8e6f-4bd4-92d5-74f0cd3d0c13,71be3019-2872-4e46-9e8f-941663554ca2,83c5a6e1-7aac-4be6-af55-aef078297151,920700,2026-06-18,381,90+ Days,Customer
420f6f66-82b7-4e76-a19c-8a28b82f1fe2,ed1a8f9c-e058-48fa-80eb-c2ed68fb6e36,ad247311-e069-4d07-b88f-c44659fbba66,51000,2026-06-18,486,90+ Days,Customer
595b72c7-f29d-401d-bfc5-2c21b2497338,b215a7fe-5be9-4c02-8f7d-bdd95c0e84b2,0b863165-1fae-4888-90d9-d5d53c3c7a06,50600,2026-06-18,727,90+ Days,Customer
6d57fb9b-c4e0-4c76-a56d-20463e26af5e,d0c8e6ce-1615-45a8-82cc-b32ba0fc8237,b69da858-c03f-4c3b-bef3-a1198ef3dc4e,50100,2026-06-18,710,90+ Days,Customer
45ae48a4-894f-4af7-bcea-1e14b6e74e2f,71be3019-2872-4e46-9e8f-941663554ca2,d5f2df11-78b5-4acc-9dd7-5ef1231cc360,50000,2026-06-18,400,90+ Days,Customer
273789b4-a3a2-43b8-acdf-efffd37c9431,c62ed87b-e442-4815-a36e-6b634e3628f1,7f4d95fe-89ba-44fa-977e-0a4b0a254199,49800,2026-06-18,549,90+ Days,Customer
611e9315-2e21-492f-b02d-ea5da5345558,51bf73f4-c8da-4e75-b5c1-72b2dc1014a0,7a2c4ded-13ae-4961-8128-a3a3b8c0380f,49575,2026-06-18,191,90+ Days,Customer
7b921b6d-fe32-4a26-92fb-d4e197e7b792,2df9cb4d-3931-42d6-b71e-03529a9850cb,416c503e-6531-409a-a782-e459b7ed1c42,49175,2026-06-18,433,90+ Days,Customer
5e6137fe-b031-4a2d-a300-47c10aedaf2c,ed1a8f9c-e058-48fa-80eb-c2ed68fb6e36,4cf51bbf-d811-4140-b6e0-3bb691154c7d,48600,2026-06-18,616,90+ Days,Customer
0caf8b10-a4e7-434c-b8ec-0387e7c51224,db0bd5b6-c001-485c-b548-de7dabea0a92,1f725707-e91c-4ed7-b0ee-88deb264de70,47640,2026-06-18,507,90+ Days,Customer
9fd38259-b5d3-4ca0-95ab-ad81626bed64,b215a7fe-5be9-4c02-8f7d-bdd95c0e84b2,afa9158a-ae65-4f9f-8067-969a66af5679,47400,2026-06-18,715,90+ Days,Customer
6f156edc-2fcc-4274-80b0-a20dba51556a,d604343c-0482-49ed-80ec-28e4aa0c3fd4,498b2cc6-8ca4-499a-956a-cf137d8eb9f2,47000,2026-06-18,534,90+ Days,Customer
779dee06-16a9-45da-a8f6-d97ac0402fff,95c5d920-3701-494c-b8ec-568a66ffc4ad,e4055e08-96a3-4ffe-9c4a-ccb630469c5d,46500,2026-06-18,335,90+ Days,Customer
1e6c52ca-57c6-43f4-b9ab-2fc113e10a8c,38366589-b3ca-41ba-be3a-1cd236371c92,bb021d33-6a56-4b35-acc7-b8fb9c4a1cc4,45999,2026-06-18,301,90+ Days,Customer
da97c7c2-fa4a-43f0-85af-adcd55936e0f,d1cfaf26-0be0-4f9e-b7c8-232a034c5bea,1c79b459-8ade-4038-9c15-65b0950dc569,45937,2026-06-18,452,90+ Days,Customer
b12223d0-c7ea-4397-af67-04e61d539a9b,d604343c-0482-49ed-80ec-28e4aa0c3fd4,8821fe92-df4b-4224-a729-0697f28d86f4,45300,2026-06-18,522,90+ Days,Customer
0d6ca08d-6564-4ccd-ae42-75baba7b8a33,d604343c-0482-49ed-80ec-28e4aa0c3fd4,dba59ba5-2af1-4a7d-b66c-6410b514c4e6,45100,2026-06-18,477,90+ Days,Customer
3f4d0864-a388-4e5e-8b83-46cb23057187,06e26088-bad7-4880-bfb1-117b9887295e,1298a102-4818-4b0c-b9d0-f96a20128d3a,44864,2026-06-18,598,90+ Days,Customer
e3fabc40-90e2-498c-9839-6dd4dde03083,a8968394-2e9e-49c7-b0cc-e59f81e73825,375aab8e-dfc2-4f41-868c-7753e68f3b4e,44100,2026-06-18,742,90+ Days,Customer
e3c5f271-7e18-40f6-a142-88f68160cf03,6a33d931-d891-40fc-9fe2-23cd9d50098c,e1c044f4-63de-4e59-b480-2a366eb224dd,43106,2026-06-18,605,90+ Days,Customer
8fc0ffe7-b23f-4eb7-a6d4-010c2573340f,a51ff970-12c6-4739-b809-5fbc65af2cd3,8e475ad5-5865-4788-a862-7fcc4052d002,42500,2026-06-18,563,90+ Days,Customer
42c2b6ee-7780-4294-a132-0a49440d9006,db0bd5b6-c001-485c-b548-de7dabea0a92,a06aa87e-fe3b-4613-ba29-023e8b535acf,42500,2026-06-18,387,90+ Days,Customer
59e56f12-f8b2-4ddd-bb0d-e4898a24f8e1,71be3019-2872-4e46-9e8f-941663554ca2,5e0f1566-d683-4dfc-93d8-2fcc8c77e6a2,42375,2026-06-18,470,90+ Days,Customer
4e23b35c-b714-4bc1-86ca-e5574dfae729,d604343c-0482-49ed-80ec-28e4aa0c3fd4,d37b62b4-1a61-4fb8-80bc-41181e402b34,42100,2026-06-18,400,90+ Days,Customer
bd70fb0b-8ea6-49e0-8e10-e5371cd4606f,cb55367a-1da2-40df-aac3-6ea2d3ef7d67,b21b89ba-ab4b-44d1-8af3-f8f9dcd04d6a,41659,2026-06-18,209,90+ Days,Customer
12380ea1-3c83-48ac-a49a-329c0431f08a,d11168e8-0acb-4143-82e4-419e25634be8,8242babc-70b4-484b-b495-496af4466d04,43500,2026-06-18,658,90+ Days,Customer
2e7533ec-cc6b-44ff-b2b6-f70e3900537e,51bf73f4-c8da-4e75-b5c1-72b2dc1014a0,681e1176-5b70-434f-95a1-6f9f332540ee,40950,2026-06-18,333,90+ Days,Customer
e4cae69e-e32c-4e7d-bbc6-6ec92ac4f998,18ed5164-13c9-428c-bfdb-9e6c34e7cb1f,b5dc06da-0482-4170-a1f7-cab254b439a9,40600,2026-06-18,513,90+ Days,Customer
e45fccaa-ba78-40cd-8231-55c0ca4209d8,cb55367a-1da2-40df-aac3-6ea2d3ef7d67,a0cd9669-8a37-462a-821f-473a41fbbe8b,40063,2026-06-18,710,90+ Days,Customer
9b5a1c65-630c-49d7-94c8-a1eb0d1f5d04,9c550d4c-077d-4fb4-b74d-3debcfd3b42f,cbc99799-dcb7-4edb-98e8-3244c4ae1563,39900,2026-06-18,429,90+ Days,Customer
f6ee2188-20ec-4b19-92f8-5017adc693ef,c62ed87b-e442-4815-a36e-6b634e3628f1,0ffd2ed1-a75c-4b24-819f-ee29a44fc469,39700,2026-06-18,501,90+ Days,Customer
5a330106-21f0-4826-8808-3356c422d433,5e735dee-c15f-406c-a63a-7fa42e3c7c62,3f471b9a-f13a-4d78-837b-5cace6ddd0c6,39000,2026-06-18,612,90+ Days,Customer
70683519-285f-4101-9834-08dec891b435,5e735dee-c15f-406c-a63a-7fa42e3c7c62,c7c4b491-7353-4ca8-bb4e-ca108b5455fc,38500,2026-06-18,524,90+ Days,Customer
122c0e32-54fb-4d73-b288-01e262170f43,5e735dee-c15f-406c-a63a-7fa42e3c7c62,f6e2ca55-770b-460e-b1ec-9121b41cd74a,38500,2026-06-18,587,90+ Days,Customer
5987a83b-f5e0-4e16-b543-933d9df0d2db,3f5f3d50-1c6a-40ed-b9f7-54abb1203a7e,249ce49a-42ba-4253-b183-9ab02d46d481,38000,2026-06-18,610,90+ Days,Customer
23d80ac2-3c75-4607-9ef2-4a0ec0ae7f8e,b077f4f7-954e-4c70-935a-84ea00d1f006,c138771d-a9cc-4d79-a156-df3648618ffc,44500,2026-06-18,262,90+ Days,Customer
047ae53d-b0a1-47e6-bb82-b15cd725390f,271cdaa5-4d7d-46cd-9a43-7e3bb4bb922a,89814dbc-fee9-44ff-a925-b503354c13a6,12275,2026-06-18,693,90+ Days,Customer
24cd5426-4f41-4a1a-979a-7c145540462e,1f1746d2-52c5-4dc5-aadf-ea179bd755e0,fa5e288b-467f-4e2a-a508-f81a12ae8046,41500,2026-06-18,623,90+ Days,Customer
bae28ac0-d2db-4fa6-ae9e-afea03aceaae,d78da672-2264-4485-aa03-b559e81130e6,43303b2b-8d81-4971-b4a6-8d5dc1660476,47500,2026-06-18,658,90+ Days,Customer
baf0f021-9301-4036-9101-f3024f024362,d78da672-2264-4485-aa03-b559e81130e6,e97959aa-612c-42d4-a039-87c311d653f4,47000,2026-06-18,637,90+ Days,Customer
80fe7be3-2637-4139-b6bb-894f1fb5ac5a,2df9cb4d-3931-42d6-b71e-03529a9850cb,7fe198da-cb21-4ef8-bffa-93340de431b2,1800,2026-06-18,108,90+ Days,Customer
26e7db3b-c4ca-4a09-8a29-76a3ddd657ef,71be3019-2872-4e46-9e8f-941663554ca2,0cda8554-351c-40d6-a0a0-755bb57f5886,83200,2026-06-18,107,90+ Days,Customer
f5fbe5de-504e-4c71-8205-557ad4a4d76a,6f0fa011-e115-4b61-b69f-9ea36cfbb0e1,4061b494-7c3f-4387-a3eb-8d4cb22df191,51000,2026-06-18,582,90+ Days,Customer
fec7efd1-efc5-4b22-a28c-02bbe72a54b6,5e23d8f9-0f5b-449a-90da-ffadcaf43cac,1a96982e-4410-4d9e-bab1-f1df0043dffe,50874,2026-06-18,392,90+ Days,Customer
b72ab1c9-1e65-4f82-90be-9b2b9085b114,0c981ae9-8405-42b9-b013-088a1659ef8d,b7244fa1-f1c5-445a-8da9-2f1cba979f91,50000,2026-06-18,694,90+ Days,Customer
f1b3eb9f-eecd-4991-924b-c7358a86d4ce,83c2d961-cf13-4cd6-9b03-a6045c15494e,da939df4-d489-41ea-b06a-37d064c5a4cd,50000,2026-06-18,696,90+ Days,Customer
971f568a-1f3b-44fc-bf9a-51eead91e71f,c62ed87b-e442-4815-a36e-6b634e3628f1,804184f8-cf11-4819-bf45-34ab0137a632,49800,2026-06-18,547,90+ Days,Customer
678bc13d-6967-4521-8d95-51e85a4abd23,2df9cb4d-3931-42d6-b71e-03529a9850cb,613a2642-6c94-4ae9-8ce1-adfb817b2354,49500,2026-06-18,408,90+ Days,Customer
4a5b65a7-f6b4-40a3-8ddf-5e3a52a1ee52,ccb49d47-ef18-415e-84ff-5119d836592b,b9cadadf-dcd8-4bc9-9aa0-69eee3aead8c,48900,2026-06-18,627,90+ Days,Customer
554e0f15-cc7f-401b-a796-89999e394e29,a94cb79c-06ac-4336-8736-ea02f8f1b23b,f5226d06-85b2-4be1-aac4-6abdbbfd3cec,48500,2026-06-18,746,90+ Days,Customer
5e58daaa-84b1-4270-81e1-5a808d277737,5e735dee-c15f-406c-a63a-7fa42e3c7c62,b6daf4aa-19c7-44e8-b6c2-fc058d7ed6e7,48000,2026-06-18,602,90+ Days,Customer
d86736d4-77b7-480c-b4cf-3d1e89a5a1e2,61ceafc3-1171-49cb-8c7f-9f3856814a3e,24869eda-6a14-438e-abf5-c56fa30472e0,47250,2026-06-18,420,90+ Days,Customer
7635386a-a009-429c-a04d-1d550ecf23a1,a0644dc9-9604-4b1c-a8b7-1fdf7b1d0f05,2b6e3a12-c343-45fe-b3b1-fd9cb95670de,46950,2026-06-18,633,90+ Days,Customer
939d62ed-5288-4dd9-a6d2-1803e3dddf20,d11168e8-0acb-4143-82e4-419e25634be8,29cacca3-0b92-4eca-96d8-084469244b11,46200,2026-06-18,435,90+ Days,Customer
63d9b08a-5ed4-4020-9e67-28a30fdf84a1,38366589-b3ca-41ba-be3a-1cd236371c92,a7f5cd79-6402-483b-8f97-a8529b76a706,45999,2026-06-18,318,90+ Days,Customer
011ff80d-9599-4874-9966-f9498c74fe1d,b215a7fe-5be9-4c02-8f7d-bdd95c0e84b2,eb2ca1f9-3912-4787-8fae-921d4b369287,45720,2026-06-18,694,90+ Days,Customer
01c407c3-1dcb-49e7-9de8-a3ac6cab2ac3,d604343c-0482-49ed-80ec-28e4aa0c3fd4,8b18ae8a-d665-4a88-b400-4c1ca8bfad26,45200,2026-06-18,483,90+ Days,Customer
f38d9000-255d-4781-b81a-c4da7107c2e2,03bd20ce-37d4-442c-a886-6aa7e6737023,f88ce2c1-d09b-4bf6-96a3-4ff6cded9b22,45000,2026-06-18,429,90+ Days,Customer
442434c7-ccb4-4c68-917f-61b518df7e3b,2df9cb4d-3931-42d6-b71e-03529a9850cb,f92e419f-92db-43a0-9899-bfe362bfa7fe,44620,2026-06-18,471,90+ Days,Customer
16460f2f-8c25-46cc-aba4-a4a958704ad4,c62ed87b-e442-4815-a36e-6b634e3628f1,46490b38-6436-4a00-93d1-c5cf2372fb2d,44350,2026-06-18,503,90+ Days,Customer
e7d8093f-e2e8-4b56-bfd7-af524cd78edd,d604343c-0482-49ed-80ec-28e4aa0c3fd4,d825e71b-0ed7-4c6e-8c19-060d60585ade,44100,2026-06-18,370,90+ Days,Customer
496ba33f-ace8-4ff9-98d1-7391c2d28779,f4365c09-2c12-4388-9e00-68fd7a957575,5b4731ba-5e3e-4424-846e-758f14af55bb,43125,2026-06-18,603,90+ Days,Customer
65a8634b-aec4-4f1c-a23d-7545bb006278,a51ff970-12c6-4739-b809-5fbc65af2cd3,961675ac-6062-442c-90e3-db2c579df1f6,42500,2026-06-18,567,90+ Days,Customer
5e40c9b3-3323-4143-9d78-aeed28bae074,39dcd473-4a2f-4f59-b05a-d182a66b4151,99bb05a7-29ad-433a-8398-d96d98233ecf,42500,2026-06-18,745,90+ Days,Customer
cc6452fa-47f4-4c4b-9bb3-d51a7a78239c,f52d1d7a-7700-4c10-9459-c6b6e039db31,c2b1c0b8-467b-407c-b5cf-6af8319deb23,42300,2026-06-18,601,90+ Days,Customer
4d43039a-3b2d-41d7-ad25-01f1b6947c2c,2df9cb4d-3931-42d6-b71e-03529a9850cb,2d7361fc-6178-47d1-8bfb-b1b25ece5d68,42000,2026-06-18,254,90+ Days,Customer
eacd3314-df19-42f4-bf9d-f7b8defd23b3,f4365c09-2c12-4388-9e00-68fd7a957575,87e8ce65-0420-4ca3-9a71-9695677ac8db,41750,2026-06-18,389,90+ Days,Customer
6301d1a2-1aac-4a70-bb94-8da8578b989c,d604343c-0482-49ed-80ec-28e4aa0c3fd4,6f03d3fc-e361-490a-9562-696ef83f8bc8,41500,2026-06-18,479,90+ Days,Customer
ff0bee3c-0276-4e56-a22c-e863f6188718,d604343c-0482-49ed-80ec-28e4aa0c3fd4,e701cd94-4983-4d44-ab03-e4ffc31b03c7,41000,2026-06-18,491,90+ Days,Customer
1d4be91b-6640-4150-91c0-e26d85ae8b36,18ed5164-13c9-428c-bfdb-9e6c34e7cb1f,e83617ef-aac0-47d1-a766-1e8c26ea852c,40600,2026-06-18,526,90+ Days,Customer
84d129ba-b38f-400e-b319-9ab644dfe65c,cb55367a-1da2-40df-aac3-6ea2d3ef7d67,eb507f79-f583-492b-a88a-9a65c8e24a13,40376,2026-06-18,121,90+ Days,Customer
a53818f8-0425-40b0-8a1a-8ce1dd0c5b1a,5e6b3598-aabf-4ca1-a221-d42baa167767,abc79736-c4f3-4e52-9c48-c0b8139ffaea,40000,2026-06-18,476,90+ Days,Customer
5c1ffd6d-c86b-4d5c-960a-46075f216215,9c550d4c-077d-4fb4-b74d-3debcfd3b42f,2f910dae-181d-47ae-8129-468886c49cca,39700,2026-06-18,510,90+ Days,Customer
7d8c99b1-bf05-48a4-a214-9663964aad0d,61ceafc3-1171-49cb-8c7f-9f3856814a3e,ef737c32-1ba5-43b5-b1f9-784382ddbb7c,39200,2026-06-18,510,90+ Days,Customer
2a597d53-da3d-4003-9966-21215eac1d9b,9c550d4c-077d-4fb4-b74d-3debcfd3b42f,8ad9dea6-e971-4cd8-a7df-57b8a028b8b8,39000,2026-06-18,395,90+ Days,Customer
23a7db58-528b-4926-8fb4-c69ac85550c2,5e735dee-c15f-406c-a63a-7fa42e3c7c62,0bcf9657-e870-462e-95be-69ebf7eee7bf,38500,2026-06-18,560,90+ Days,Customer
1a574dfe-be65-4b53-b49e-17eb4a594b56,a0d6ec45-2c63-4f94-92ef-71a6d07fec61,008445ee-f352-45b7-ab1c-630f9eafdb16,38500,2026-06-18,531,90+ Days,Customer
3455d927-98ad-4482-a49b-9e1aa630de50,5e735dee-c15f-406c-a63a-7fa42e3c7c62,c573dd7a-c814-4055-b28d-04c96498769b,38000,2026-06-18,624,90+ Days,Customer
cf76de42-89f3-44fb-b5ad-9c7e0b86214c,1e8b0fdf-a882-4a38-bf4a-36f1d58a0898,f3044e9c-d6f1-46df-b382-0c8c13d96d77,189000,2026-06-18,329,90+ Days,Customer
f88f6c0d-8d2d-4cd0-a07b-410ec1570c8f,4f0cd4d4-6997-4586-b94d-cfbfc15ccd92,32d05038-0668-4543-8f91-856d7ed44bcf,925000,2026-06-18,598,90+ Days,Customer
6d6219c0-cc24-4c29-bfaf-1aaccf344b46,2df9cb4d-3931-42d6-b71e-03529a9850cb,8dad523f-0b55-419b-b4fc-5693fdfa6412,50466,2026-06-18,434,90+ Days,Customer
67b11f49-24a1-4b4e-92ae-60c651f9942a,d78da672-2264-4485-aa03-b559e81130e6,da0530c1-ecae-48cc-9c20-664528852d01,48000,2026-06-18,605,90+ Days,Customer
de4ab06e-d3a5-4372-bbd3-dac5415e3d77,46259c13-632d-449f-a96f-f1deab0e0046,1812ebd1-f48b-42f7-b91f-bc65bf271368,322400,2026-06-18,108,90+ Days,Customer
f3c34f52-d58e-45af-a930-8e2d9b55222f,f4365c09-2c12-4388-9e00-68fd7a957575,5e7dfd18-c5e1-4a82-87f6-9e91386f472e,51000,2026-06-18,542,90+ Days,Customer
cd42f8ca-ac58-4a97-80af-50013cbd3dfb,f4365c09-2c12-4388-9e00-68fd7a957575,ea964302-3073-4223-a012-0977a19c66b7,50700,2026-06-18,505,90+ Days,Customer
7da77c63-fe75-41cb-9c92-73cd2ec5506e,0c981ae9-8405-42b9-b013-088a1659ef8d,a5972c22-618d-4e0c-94d0-ae2c6c4d90e3,50000,2026-06-18,724,90+ Days,Customer
a337d811-1dfd-40f1-9ba4-ee8088babcdf,0c981ae9-8405-42b9-b013-088a1659ef8d,d80bca6a-e5b7-4dbe-b237-7742449ee7ed,50000,2026-06-18,746,90+ Days,Customer
67af5b91-634f-422c-a3a9-596267f2a1b0,dc69238d-ea88-4d75-9ed8-13d62893fb87,1fe5dec4-ef64-464a-aafe-8eaf3f590d50,49800,2026-06-18,769,90+ Days,Customer
0c858d5b-507b-4ecf-98a6-2d83fbedeee9,6d750907-fbbe-4ddf-9d1c-e14335fde6f7,b72f1570-2cf5-4af3-84ef-6ffa61fa823d,49500,2026-06-18,736,90+ Days,Customer
629703fc-be85-40f6-a037-3b53fba9a808,2df9cb4d-3931-42d6-b71e-03529a9850cb,d346b1eb-c38d-46b6-b088-6e07aa811e53,47654,2026-06-18,384,90+ Days,Customer
5da3d16c-c63b-4cd6-a0bc-672861c21545,2df9cb4d-3931-42d6-b71e-03529a9850cb,aa2d365c-deba-485a-8daf-20d8f9975a7d,46530,2026-06-18,317,90+ Days,Customer
ed92a63c-5421-44b9-8949-e1372e22b5a6,38366589-b3ca-41ba-be3a-1cd236371c92,78e8bdab-bdc7-4fec-8d6c-f3e1e5d4be5a,45999,2026-06-18,340,90+ Days,Customer
802b0e91-9a72-4b02-a36f-d0b138d9e06b,d1cfaf26-0be0-4f9e-b7c8-232a034c5bea,9ef7b12c-00c1-41bf-9a81-964aaf934843,45937,2026-06-18,461,90+ Days,Customer
b5d45694-537c-46ae-9451-10dfa9b17996,f0fcd114-c83c-4557-ab8e-29869eb50b7b,6a57e4d2-2c4a-4769-a067-c7f9dcd82383,45200,2026-06-18,156,90+ Days,Customer
40b288da-bcb4-407b-aa74-acbdaec25609,d70a1f63-f837-43a6-9a85-e5c926dd4536,08b6f3d2-ca99-4adf-b229-13949732dcf2,45125,2026-06-18,204,90+ Days,Customer
cd21525a-a53c-41b8-85bf-33defbd403ae,5e735dee-c15f-406c-a63a-7fa42e3c7c62,3b94a365-1009-4ac8-8c5c-4bcbcd2cb0ff,44900,2026-06-18,642,90+ Days,Customer
17116a93-256d-47be-9868-ff157843d618,71be3019-2872-4e46-9e8f-941663554ca2,b43ee561-0528-4a21-89bc-7b5ad7bcae98,44500,2026-06-18,275,90+ Days,Customer
ae1e0881-904f-4b02-b634-35323a44bd20,b215a7fe-5be9-4c02-8f7d-bdd95c0e84b2,faaeb32e-b4c3-463b-be03-5ad4c0bebaf0,44100,2026-06-18,742,90+ Days,Customer
4f636d0e-34b1-4511-aa1b-0f8624e40dc9,c62ed87b-e442-4815-a36e-6b634e3628f1,167e640f-09fb-4282-85b6-a7b76506d156,43780,2026-06-18,409,90+ Days,Customer
f398aa5e-c887-41d4-8c37-d9996ae446f0,d11168e8-0acb-4143-82e4-419e25634be8,21b46d5d-d1c5-4e38-98f5-2c0d6af655cf,42875,2026-06-18,461,90+ Days,Customer
7221a27c-0279-4083-9d8f-8c16584415ac,88e8a67b-7374-465e-8024-4f136d0a1b37,8e570e24-395b-4060-b927-9b8b323b30ec,42500,2026-06-18,556,90+ Days,Customer
ecd0492b-3477-4be4-8b0e-30c07b12d9e8,db0bd5b6-c001-485c-b548-de7dabea0a92,e87c55c3-e58b-41f6-8519-151cea4212df,42500,2026-06-18,388,90+ Days,Customer
3f57af36-af4b-4e28-bf51-22ca741a4100,f0c11e44-1236-4c2e-8285-613ab5dec4ba,8c9d92ce-0075-44bc-bd09-a9b7b57ecc02,42500,2026-06-18,585,90+ Days,Customer
2be7ecd8-c8c3-45a2-ada2-9badcf7e1ffd,6bc20676-6cd9-4bd5-b300-2a44c353db98,0e73c3ba-9ae1-4c55-8a2d-1c4ddcfa75b4,42000,2026-06-18,416,90+ Days,Customer
0a9d69ab-2739-4832-96d0-3807a774db67,2df9cb4d-3931-42d6-b71e-03529a9850cb,b8f00027-35f8-4176-9010-07a0c692a0e2,41820,2026-06-18,338,90+ Days,Customer
fdf6ca9c-ef1e-4d04-beaf-077852a41596,18ed5164-13c9-428c-bfdb-9e6c34e7cb1f,d3065c96-a79b-4cff-8a2e-d7a6b3dff930,41500,2026-06-18,525,90+ Days,Customer
c3576086-b6d8-4938-ac65-fa79cd288110,c10c3408-1a47-464d-9517-5024fa2d007d,8980b85c-c0c0-4f9e-93aa-6ad9f86c8262,41000,2026-06-18,427,90+ Days,Customer
4554cee0-97fd-4ef5-af88-1d5a48af0bc8,9c550d4c-077d-4fb4-b74d-3debcfd3b42f,f6fc65e4-ab63-4868-9837-9c1e6248eea2,40600,2026-06-18,469,90+ Days,Customer
2752ce24-6f2b-492b-a948-20d68168a20d,0e59f9b8-792d-43cb-a7e3-39a3cbf25ae7,43267885-15e6-4077-8134-68ee1bfb9f7f,40000,2026-06-18,500,90+ Days,Customer
4b0297d2-6117-4e93-94cc-f0ce479e18fc,88548589-99b3-4063-8b07-848049753a24,14894db1-3f2b-4f50-bcac-c79df3c0c966,40000,2026-06-18,755,90+ Days,Customer
16ef7bb7-f3d9-4ddc-a04d-f1740b1c06d2,2df9cb4d-3931-42d6-b71e-03529a9850cb,33b248e4-3043-4e3d-902a-2f02c64d19d9,39799,2026-06-18,427,90+ Days,Customer
a13f945b-f624-4501-8a6b-e43c50bc7b8f,51bf73f4-c8da-4e75-b5c1-72b2dc1014a0,dfb2bc99-208c-4d53-8476-db3a65813dea,39200,2026-06-18,175,90+ Days,Customer
6195453a-2ef4-4ca1-8cd8-adbfb73e88ad,39634c4e-b37c-4800-a7ac-d9a39f87de55,0fc682ea-eec6-4748-b473-2d3399a86626,38500,2026-06-18,566,90+ Days,Customer
c33d5659-e509-4931-82c4-4ffc2c4a6b4e,2df9cb4d-3931-42d6-b71e-03529a9850cb,351c1b5e-7a30-41a1-a196-d131dfa41635,38500,2026-06-18,549,90+ Days,Customer
6c22f84b-47b0-4a3e-82be-f73f381c0302,a0d6ec45-2c63-4f94-92ef-71a6d07fec61,a6a757dc-c67b-4f20-9f06-5187e3333b77,38500,2026-06-18,519,90+ Days,Customer
fa15576f-f922-405a-8630-73a61751f77d,2df9cb4d-3931-42d6-b71e-03529a9850cb,e6324142-3476-4918-bc71-00b13d55a6d4,37999,2026-06-18,422,90+ Days,Customer
c479bbba-4c4b-496a-ad4e-f1b5c2f1e039,b077f4f7-954e-4c70-935a-84ea00d1f006,b69343d5-3b7e-48df-8b09-a0dcf2c3f238,48250,2026-06-18,233,90+ Days,Customer
4d6c30b5-356c-4cee-9a1a-c349607f829e,71be3019-2872-4e46-9e8f-941663554ca2,b61da6ab-b678-49bb-91ea-e3ececdac99b,920312,2026-06-18,303,90+ Days,Customer
8a683bc6-6c7d-4393-85c0-9ac534d19d75,71be3019-2872-4e46-9e8f-941663554ca2,debe8deb-4575-4461-af83-1527c4f1f790,47250,2026-06-18,750,90+ Days,Customer
b299c7c8-686a-409b-b79d-fb7b48bc4a31,2fc9f32e-878b-46d8-a0a6-0fbb24336bda,0a5c8a21-3d9c-4161-90c0-990cb5342513,358000,2026-06-18,108,90+ Days,Customer
75a17288-0f65-46cd-aac8-1a28df41a052,8c104193-5a04-40c1-9868-8f62355a4de8,d86dc2b3-9b42-4106-a21d-56234405a66a,14762,2026-06-18,108,90+ Days,Customer
f106869f-1c60-4f9d-9b74-0072215b5b3c,497d6bd9-1cd1-4f9c-84b4-e3294f0f7d78,38220950-03c8-404c-9128-d79e0e825390,47000,2026-06-18,777,90+ Days,Customer
960edac2-1a22-459b-a4b0-4e7fc996f40d,1e8b0fdf-a882-4a38-bf4a-36f1d58a0898,f73251c1-0dc2-4e5c-8307-d9e82e9b364d,187940,2026-06-18,303,90+ Days,Customer
92d76cec-d392-41d4-b7e4-0b76dc35ba97,c62ed87b-e442-4815-a36e-6b634e3628f1,b9a85e52-9c85-4c26-bec7-c2abb51ae893,50100,2026-06-18,548,90+ Days,Customer
36c5224f-04ad-4d57-ba0e-a46350d1005f,83c2d961-cf13-4cd6-9b03-a6045c15494e,2d20be4d-96d8-4d9c-8b36-a2807849fef7,50000,2026-06-18,727,90+ Days,Customer
4629e718-b6c9-4cf8-b083-ceff369eada5,83c2d961-cf13-4cd6-9b03-a6045c15494e,e984a8c4-cc18-45d5-88a0-323ec11cf56f,50000,2026-06-18,748,90+ Days,Customer
a8973dd6-428c-474c-8994-8a2c9d8c3226,51bf73f4-c8da-4e75-b5c1-72b2dc1014a0,0f71a4f0-7f14-46b3-9c88-230345cf2d1f,49600,2026-06-18,305,90+ Days,Customer
f1248c61-5fa1-4741-85a3-d5dcb326ac76,9c550d4c-077d-4fb4-b74d-3debcfd3b42f,7cf57e2b-2789-4c48-ad7f-51e1732919d1,49020,2026-06-18,141,90+ Days,Customer
97443c30-e227-4413-a569-f0642faa48b2,c62ed87b-e442-4815-a36e-6b634e3628f1,6694a838-057c-46e1-85c1-0f9bd712f899,48600,2026-06-18,501,90+ Days,Customer
f2b42722-a2e6-40ee-a48c-59efe4d4e03d,4981436e-024e-4995-a548-d32aefa7e1e8,3c468417-5df9-4b98-bcbe-30e20ed27ab9,47500,2026-06-18,552,90+ Days,Customer
c75f8937-00ef-44e3-8070-a2a5e7f00a16,2df9cb4d-3931-42d6-b71e-03529a9850cb,79f6aa48-44a7-46b1-97a1-3e0cd416924b,47000,2026-06-18,547,90+ Days,Customer
6c769ef7-52d9-409d-b438-45a94eb0046c,d604343c-0482-49ed-80ec-28e4aa0c3fd4,7f81b7a2-5439-4c9f-a2f6-59c333e732f7,46975,2026-06-18,428,90+ Days,Customer
ce71d7f0-17a3-4658-9cd1-ecc6162685dc,d78da672-2264-4485-aa03-b559e81130e6,5780d02f-d53c-4663-89c0-e2cb59340e73,46200,2026-06-18,556,90+ Days,Customer
5f21b3e0-1793-4d11-ab55-e4fddf7e4552,f4365c09-2c12-4388-9e00-68fd7a957575,3768b041-8175-415f-b502-9531b1c14a8f,48200,2026-06-18,624,90+ Days,Customer
94367828-e3dd-4b8e-8360-92ed71d2ef5b,38366589-b3ca-41ba-be3a-1cd236371c92,71ca2afa-7682-4acf-9966-e0bb142b2125,45999,2026-06-18,352,90+ Days,Customer
6f14eee0-7502-4f1c-b7c4-6c70047c1a09,173629d8-8b52-4920-ae9e-fe4b2419a996,5cd82857-4755-4ce4-a30b-82565be69969,44900,2026-06-18,637,90+ Days,Customer
69be0a14-e224-4269-b4db-8f9ae0b5ca5e,2df9cb4d-3931-42d6-b71e-03529a9850cb,d3656ace-3c8d-43b4-9d21-09657e766f89,44550,2026-06-18,416,90+ Days,Customer
00c5f0cb-8132-4f0a-9f16-81c02f1b85a4,d70a1f63-f837-43a6-9a85-e5c926dd4536,9070d20e-68ca-4cbd-b663-674a88cdf328,44200,2026-06-18,527,90+ Days,Customer
7ea52e48-5eb9-4102-a095-3e32cf5783e1,b68482aa-3798-4bc4-96c2-ae22f9e1f162,3c892124-7663-4998-b0ac-c470c0f742cb,43400,2026-06-18,413,90+ Days,Customer
eef91bdf-f5d7-4be8-beb2-647498c1501a,2df9cb4d-3931-42d6-b71e-03529a9850cb,acc2d954-5e2d-43db-ae78-3ea0f5f0a8d2,43149,2026-06-18,310,90+ Days,Customer
3f8f7235-5697-4883-b506-256657df835f,6f0fa011-e115-4b61-b69f-9ea36cfbb0e1,f36e3dac-77ae-4691-b9fc-e7852f5b7f31,42750,2026-06-18,617,90+ Days,Customer
4f587049-b1d3-40f2-9a51-13b2026baa73,d78da672-2264-4485-aa03-b559e81130e6,f373d52e-a269-4a3d-923c-00f87398769c,42500,2026-06-18,256,90+ Days,Customer
9c19f70a-63a6-4b84-b976-92cc1a7a1a7b,6bc20676-6cd9-4bd5-b300-2a44c353db98,d58638fa-1751-4637-af2c-9d2e8f0e7d25,42250,2026-06-18,400,90+ Days,Customer
01e58893-4193-47b7-af69-4ee2ee5a1cb6,a51ff970-12c6-4739-b809-5fbc65af2cd3,75ed92d6-d1cd-4995-9809-8023852e67d7,42250,2026-06-18,582,90+ Days,Customer
a1b86716-5574-425c-9b9c-7fbdfe9bf396,d604343c-0482-49ed-80ec-28e4aa0c3fd4,632abb22-bfae-4e99-bdb0-39eb3a6689b2,41999,2026-06-18,274,90+ Days,Customer
f8afcf19-de8f-4b77-806d-28510642d9f5,cb55367a-1da2-40df-aac3-6ea2d3ef7d67,3cc1778e-3151-49ff-9298-44920ad6ff28,41600,2026-06-18,228,90+ Days,Customer
7a939cfc-dd3a-4a78-ae4e-577f89d4c30b,9c550d4c-077d-4fb4-b74d-3debcfd3b42f,edcc0825-f54c-4e02-9fed-9ec43d7eb36f,40850,2026-06-18,121,90+ Days,Customer
a4c08bd7-dd30-4b44-b90e-847a9cd5b6f7,c10c3408-1a47-464d-9517-5024fa2d007d,57080fac-6ab0-4946-9770-00c91523d745,40500,2026-06-18,463,90+ Days,Customer
cb5e5567-6539-401b-acb5-e3cdeeaba373,6a9deeaa-327e-495e-aa6a-78f88e6e35c3,737186bb-5253-43d7-be1c-05385b5b88ef,39875,2026-06-18,755,90+ Days,Customer
6ca198c4-ef2a-4fad-b98f-c319d5326ced,d70a1f63-f837-43a6-9a85-e5c926dd4536,7698f0df-a757-44a7-a52d-b3003deba3cc,39150,2026-06-18,680,90+ Days,Customer
488daeda-f67c-4c28-bf01-fa53ebb4c62e,5e735dee-c15f-406c-a63a-7fa42e3c7c62,01ea3473-8748-4932-90d4-b66c9b28c958,38500,2026-06-18,548,90+ Days,Customer
8b060f67-af51-4228-928d-ba533c6ba619,5e735dee-c15f-406c-a63a-7fa42e3c7c62,dffa5821-5e35-4466-9d03-f3fc460abfaa,38500,2026-06-18,573,90+ Days,Customer
0b85e6d9-c9cd-4774-9e0d-d838ed04480c,d604343c-0482-49ed-80ec-28e4aa0c3fd4,94acb02a-bc4e-4bf3-9c1f-1fc6216c7c80,38350,2026-06-18,554,90+ Days,Customer
c07d9250-de88-45f9-b5e4-88cb6d77d309,d604343c-0482-49ed-80ec-28e4aa0c3fd4,7bcb69c3-a74e-4d06-8906-e228681f5daf,37999,2026-06-18,563,90+ Days,Customer
eaf60c36-92eb-4d6f-a67b-acf6addf11d6,d604343c-0482-49ed-80ec-28e4aa0c3fd4,ce63d5dd-4b40-4a74-a631-00e7dc32219e,37800,2026-06-18,417,90+ Days,Customer
b573fd7e-f8a8-41c1-a624-f093cef5a71a,2df9cb4d-3931-42d6-b71e-03529a9850cb,1a9e203c-674e-41e6-a00a-bc2054e549ee,37800,2026-06-18,396,90+ Days,Customer
61f90925-b0a2-4e98-9c6f-d3ff808c1503,d70a1f63-f837-43a6-9a85-e5c926dd4536,ce6fe9e9-f53a-4b97-afd2-6125e5589a4c,37800,2026-06-18,713,90+ Days,Customer
bb48aefb-c3ce-4042-86af-7e782b0ebe03,2df9cb4d-3931-42d6-b71e-03529a9850cb,754ccca4-62cb-446e-b82f-f978663e3f87,37999,2026-06-18,543,90+ Days,Customer
c1ec71e8-5eed-4bb1-99d2-c9164084eb78,271cdaa5-4d7d-46cd-9a43-7e3bb4bb922a,aea0b35a-08cf-4572-8d8a-b9b920d85e56,37600,2026-06-18,221,90+ Days,Customer
61ff2672-7af7-4c06-8c41-fa9e393f00d1,d604343c-0482-49ed-80ec-28e4aa0c3fd4,1167c579-bda4-4bab-a303-c7796b818fac,37500,2026-06-18,517,90+ Days,Customer
d7bd1388-4de7-475c-8842-3ce850e27112,d604343c-0482-49ed-80ec-28e4aa0c3fd4,68d37984-9a51-4408-8820-4ac7691216f3,37700,2026-06-18,403,90+ Days,Customer
8e83e9f7-ac4d-405b-baaa-03e01dd15de0,ccb49d47-ef18-415e-84ff-5119d836592b,b3ce2051-8cd7-4618-87db-bbedf2bf5bff,37750,2026-06-18,618,90+ Days,Customer
0500c799-bf99-430c-86e1-1ce07f445ac7,d78da672-2264-4485-aa03-b559e81130e6,fbe5f732-6a8b-41c5-a125-a6241ed1b09d,37500,2026-06-18,447,90+ Days,Customer
a4d09652-8767-48b2-b2c9-a5163da7ef35,d78da672-2264-4485-aa03-b559e81130e6,2a53d6df-deff-4bb4-9631-5c36d6c2482c,47500,2026-06-18,622,90+ Days,Customer
45c40096-1481-49a9-9555-86078097b737,5e735dee-c15f-406c-a63a-7fa42e3c7c62,4bf8bd8b-7314-47be-9e01-3adc825f4a37,37000,2026-06-18,633,90+ Days,Customer
edb225b5-614d-4081-908c-cddcffa1b2ea,d604343c-0482-49ed-80ec-28e4aa0c3fd4,ae88c371-d5cd-4b24-926e-fa95f7bd888b,36700,2026-06-18,501,90+ Days,Customer
00b74149-dff1-435b-9ecf-b2e882a25448,2df9cb4d-3931-42d6-b71e-03529a9850cb,53a94d66-6629-4acd-a6e6-b5508f39a1d7,36000,2026-06-18,498,90+ Days,Customer
61c9ef6a-959d-4631-8193-4b81085888d4,1639558e-a731-47ae-859d-e4af3ad77ba1,f3b10d64-fb6b-409a-8452-76196211ac55,45600,2026-06-18,517,90+ Days,Customer
b929321f-e1a4-4b31-9785-c7fa5cc4d147,c299333e-ac92-40fa-b316-5e119b59e25b,95d369ae-1e98-49d4-929a-54bc60904892,45000,2026-06-18,766,90+ Days,Customer
1eaaa469-f2bf-49a6-9535-97b21482efd3,71be3019-2872-4e46-9e8f-941663554ca2,1a6f1fbf-3f9b-4b26-9326-18823ac28b4f,39500,2026-06-18,638,90+ Days,Customer
3b608875-0d39-451d-8f67-a308af3eeb42,7f074738-5a84-4e01-9226-9a0acb1a86d8,cc2030f3-29d7-4d26-a663-b85553b65232,35500,2026-06-18,618,90+ Days,Customer
5a407ab0-10ca-4dbb-a574-40029860e8c9,2df9cb4d-3931-42d6-b71e-03529a9850cb,c03446a5-8620-46aa-820f-14a2d483a342,35200,2026-06-18,260,90+ Days,Customer
c064cbed-d5ae-41a4-b348-faffc90b7ef2,ed1a8f9c-e058-48fa-80eb-c2ed68fb6e36,a7850d71-6d72-45b8-b54c-a77180f2576d,34000,2026-06-18,549,90+ Days,Customer
c3d43459-b7ea-4143-a241-1598c5079b40,2df9cb4d-3931-42d6-b71e-03529a9850cb,2d8e654f-b97b-4e39-abcf-9c5c5a1dd886,33750,2026-06-18,315,90+ Days,Customer
82030801-130d-46e1-af21-69a36e6535ef,d604343c-0482-49ed-80ec-28e4aa0c3fd4,2d3b8da6-0f9e-4a01-a9e2-0c332ea1d142,32600,2026-06-18,503,90+ Days,Customer
414a7757-e07b-4526-b0c3-bdf3f235d83e,544b625f-ef7d-4644-83c2-95bbc0c417fa,80272be1-e073-4915-b76d-16c0a8390401,32000,2026-06-18,646,90+ Days,Customer
af6b7b93-6739-4c51-add9-1c17810a875d,9c550d4c-077d-4fb4-b74d-3debcfd3b42f,9ce47032-17bd-42ac-9af5-cdd2873fd9f4,31125,2026-06-18,483,90+ Days,Customer
f61fe843-58c0-42e4-89ff-232e941b48f4,da2657ee-a1d0-43d5-8cc2-aa06dc2076d4,ff2e1a87-ca07-435f-bd07-3380860c77d3,30800,2026-06-18,563,90+ Days,Customer
8f5d2f81-5812-44d4-afbd-9ca4e9d59082,da2657ee-a1d0-43d5-8cc2-aa06dc2076d4,1a812287-057e-4ec6-ad36-f7a81b48fb7e,30600,2026-06-18,592,90+ Days,Customer
98254354-d5b3-4bea-ae63-ebc997b4c5c2,8c104193-5a04-40c1-9868-8f62355a4de8,7c42727e-a841-4dcb-934b-14e12b028e8f,30280,2026-06-18,242,90+ Days,Customer
c51f0dab-54ed-4bc2-bda0-4a6cb9ef7015,544b625f-ef7d-4644-83c2-95bbc0c417fa,9e0472a9-f5b5-4f6a-b9b9-b7b2dc0de33e,29900,2026-06-18,505,90+ Days,Customer
a018c1a8-9458-4d35-80c5-cae33c9f3692,2df9cb4d-3931-42d6-b71e-03529a9850cb,16f37013-66f1-4220-8b22-e8046d5028b8,29115,2026-06-18,440,90+ Days,Customer
ff282c71-b686-4538-bde4-7d201801a558,cb55367a-1da2-40df-aac3-6ea2d3ef7d67,d10287e1-ada6-4d5f-9327-50d8234c128d,28658,2026-06-18,528,90+ Days,Customer
3653ac6c-3e38-4de9-b0cb-a63ae0a1dd93,7baa5edb-f7b1-423e-9727-4cc74b9e16fd,2a1dad0b-1126-46a7-8acc-bd6f21ec9c86,28125,2026-06-18,506,90+ Days,Customer
50d7ff2f-abbd-48ac-b272-b5b2916bb657,6bc20676-6cd9-4bd5-b300-2a44c353db98,8bec6e03-d764-400f-8df0-ab8a98d6c83f,28000,2026-06-18,412,90+ Days,Customer
70b99b3b-de3f-460a-95e4-d90e119e5720,2df9cb4d-3931-42d6-b71e-03529a9850cb,d0409f12-af0f-4e04-a8fb-8814f4390b3c,27580,2026-06-18,291,90+ Days,Customer
05dd5c81-6003-4a4d-bcba-11546dfbd736,71be3019-2872-4e46-9e8f-941663554ca2,06acc01b-ea85-4f06-93ea-e39c9873710f,26850,2026-06-18,115,90+ Days,Customer
04da6208-58f7-4291-a93e-7b926b49c3ac,d11168e8-0acb-4143-82e4-419e25634be8,3f78fc84-559d-4d7f-9e34-1b9d19bdeb11,25850,2026-06-18,336,90+ Days,Customer
e539f5de-2017-46c1-9e3d-f3e1940866eb,d11168e8-0acb-4143-82e4-419e25634be8,2d860440-d1b6-4d58-b8c5-5615947866a2,25500,2026-06-18,473,90+ Days,Customer
939c56c7-2e2b-4e8b-8976-fe8e3a3e164c,0e59f9b8-792d-43cb-a7e3-39a3cbf25ae7,31dc8838-e142-49e4-ada5-0ef09ddeb7b1,25000,2026-06-18,584,90+ Days,Customer
09973d7a-0c6d-46c0-9e99-d7881e468a90,cb55367a-1da2-40df-aac3-6ea2d3ef7d67,0c531a95-1eb5-4755-8703-69a4d90da0ff,24750,2026-06-18,686,90+ Days,Customer
a1488417-9eb2-485f-a91d-e39950ebcf44,8c104193-5a04-40c1-9868-8f62355a4de8,b38a607b-abee-4815-9598-3fa67930812a,24375,2026-06-18,300,90+ Days,Customer
d5c0a854-0cb5-4637-a3f2-e4af40961e05,2df9cb4d-3931-42d6-b71e-03529a9850cb,7f2042e5-483a-48c7-9c2a-84bb4eb59e04,24190,2026-06-18,549,90+ Days,Customer
8199998f-8663-4d0f-8c23-f372bd41302b,ed1a8f9c-e058-48fa-80eb-c2ed68fb6e36,3b1fde5d-4d1f-43fa-8ba2-515155dd7ceb,24000,2026-06-18,587,90+ Days,Customer
6a5f8910-a860-42a7-863e-963ab7553105,2df9cb4d-3931-42d6-b71e-03529a9850cb,970e413f-6d05-49e1-af65-c995a9b2aaa2,23800,2026-06-18,211,90+ Days,Customer
ded87ec2-8b00-49e3-906a-0dd97766963f,2df9cb4d-3931-42d6-b71e-03529a9850cb,e84abc95-5791-4728-b5d8-27b5371b695c,23000,2026-06-18,200,90+ Days,Customer
c9c22c81-c3cd-405d-bdf9-2972e5bb15ee,d604343c-0482-49ed-80ec-28e4aa0c3fd4,06b4ab58-a554-42cb-b757-0d831d64300b,22960,2026-06-18,347,90+ Days,Customer
baf28094-6d8d-4c27-bb77-76eb3ccb37d2,2df9cb4d-3931-42d6-b71e-03529a9850cb,5dbfd484-b3a9-44b4-9c3e-8f42d7573ef0,22600,2026-06-18,522,90+ Days,Customer
3a0f56ce-866c-4d4e-90ce-29f9e28fdf14,d1cfaf26-0be0-4f9e-b7c8-232a034c5bea,9fd4c08b-2bbe-4399-a150-c71b69f6894f,22187,2026-06-18,430,90+ Days,Customer
f16d6a3e-ae69-4b75-a3ea-ee7e90ebed1a,cb55367a-1da2-40df-aac3-6ea2d3ef7d67,7e9516e9-9258-4aeb-b699-2c608f20f7ac,21720,2026-06-18,419,90+ Days,Customer
c5b5f4bd-52c1-4ed0-aa93-3873687e5d66,c2e44d7b-0e00-4667-83c3-e7b12a5d96e7,d2ab1166-81f2-4c14-be71-3d066d764313,21075,2026-06-18,710,90+ Days,Customer
c14928b5-55f1-4084-87e2-6a4121a06261,8c104193-5a04-40c1-9868-8f62355a4de8,fd1ed9a1-a8ff-496e-9bc8-3bf047acdfd8,20312,2026-06-18,300,90+ Days,Customer
dd86ca21-4f7e-42db-b2b4-4477d19b2a0d,71be3019-2872-4e46-9e8f-941663554ca2,6923819b-20ad-42c7-8177-f07cd3a1a1ae,20000,2026-06-18,513,90+ Days,Customer
f23248a8-2491-4154-8a7c-31e4128ce6e3,cb55367a-1da2-40df-aac3-6ea2d3ef7d67,38171db7-7453-4dcd-bc16-d9cbe124c066,19656,2026-06-18,675,90+ Days,Customer
11afefb3-6afe-4b25-bb67-2095111e94f9,d604343c-0482-49ed-80ec-28e4aa0c3fd4,5267a57a-7c1b-49d1-92a6-e3de9104d1d8,19449,2026-06-18,417,90+ Days,Customer
57a745c3-0e7d-40a9-ae3c-d5190bf8c648,71be3019-2872-4e46-9e8f-941663554ca2,f6fd494e-96e9-4ffb-91f7-a52b9e6949c0,18500,2026-06-18,543,90+ Days,Customer
908c1a43-8a18-4b3f-b25e-533803b27dff,2b6e22f9-25d1-4c27-9859-cd26832f994d,ac9dc341-27db-43d0-aba3-fede4e7ab995,18070,2026-06-18,424,90+ Days,Customer
076bfce7-f645-4993-ab5d-6c194a35977e,bfcb2ad5-5068-47f5-a7cc-b23afd7270fc,b6d0245a-f09a-48c9-b83a-e50d3f84ab78,17900,2026-06-18,129,90+ Days,Customer
0f2c55b1-6956-465b-b5ab-c25124585790,2df9cb4d-3931-42d6-b71e-03529a9850cb,acfee96c-4ed1-4e57-8129-42e6bd1b2a13,36899,2026-06-18,272,90+ Days,Customer
f0396ac0-c291-4bf9-ad96-21f578046213,b68482aa-3798-4bc4-96c2-ae22f9e1f162,4cad83a5-e6cf-4322-8ac5-2ba014d0d324,36500,2026-06-18,494,90+ Days,Customer
4765f22a-a528-4b44-9122-ecd2f5d86be4,c62ed87b-e442-4815-a36e-6b634e3628f1,0e616ecf-22b5-420c-b327-eda4ec3a084f,35700,2026-06-18,562,90+ Days,Customer
89f071c2-c778-4e38-9fc7-46ccc197c155,8c104193-5a04-40c1-9868-8f62355a4de8,1384a27e-dd74-4133-a98b-03c239c1b14e,35433,2026-06-18,328,90+ Days,Customer
6b2af171-f081-4ba6-b287-26a7d550ea8b,544b625f-ef7d-4644-83c2-95bbc0c417fa,4994071b-78e8-48b7-90a4-55bc018212f6,35000,2026-06-18,483,90+ Days,Customer
ebea1626-c51a-49e8-80f1-c31bf053cc01,859f7f63-98d0-4060-a659-efb3b3a7f6cf,d6218e2b-3632-4f57-bc23-81f909c9e7f5,33200,2026-06-18,510,90+ Days,Customer
34dd71a9-537d-4dd5-ae2d-bd139dd66ae8,7baa5edb-f7b1-423e-9727-4cc74b9e16fd,5b3e43fa-93d2-4c10-9bb9-4c4bbcd41750,27375,2026-06-18,675,90+ Days,Customer
b4627ad9-3d7e-4b1c-8870-2e7a6bd2944d,c68f4b85-6c40-4c4f-ab00-5e83d7dd6ace,63907d77-036d-4f8c-8bc2-03bc79592f43,22000,2026-06-18,545,90+ Days,Customer
aab4eed3-8daa-4993-b59f-677f33e96ea5,71be3019-2872-4e46-9e8f-941663554ca2,bd0634ce-9660-4f7d-b91e-f85952b97c0d,20869,2026-06-18,759,90+ Days,Customer
7e6eb77d-fdaf-49c4-ba05-d262a54c61ab,d11168e8-0acb-4143-82e4-419e25634be8,212093ea-b137-4392-9be0-6916d644f82d,34000,2026-06-18,605,90+ Days,Customer
ece532be-4b00-4d07-996e-ad2d879f682f,6736f09d-4a67-4f8b-9193-4a93f57ac6cc,6613539a-c1b4-49e8-a447-c8849069860c,33820,2026-06-18,128,90+ Days,Customer
06dfbd1d-cf36-484f-8c4d-e41051b9ba05,bb06e984-748a-4ec3-b26b-493fe02b438f,14c82818-2d1a-43b1-8adb-ec8dd72decc5,33730,2026-06-18,756,90+ Days,Customer
15543d6f-a2d1-4d95-bfa4-96edf9f2be7b,271cdaa5-4d7d-46cd-9a43-7e3bb4bb922a,e3d2db29-6f28-4af4-a4e5-70cdb6df77c5,33400,2026-06-18,689,90+ Days,Customer
d934d48e-47f3-487e-bb07-1112ce6f9219,6bc20676-6cd9-4bd5-b300-2a44c353db98,0e6b66b7-8da0-4d4d-b48b-4996911a6d11,32400,2026-06-18,406,90+ Days,Customer
3a2482bd-117c-4817-a423-b7a4e096ddcb,6a9deeaa-327e-495e-aa6a-78f88e6e35c3,109e0072-cfe9-483b-8a0e-684bd1376390,31800,2026-06-18,766,90+ Days,Customer
7b8e8588-695c-4d96-bd2c-68a499d7a059,d604343c-0482-49ed-80ec-28e4aa0c3fd4,58a77107-b4ac-452d-a7c5-5bdd3dfbdb4a,31499,2026-06-18,547,90+ Days,Customer
e91e884c-ca71-4b0a-a5c7-a16f9afb7b38,da2657ee-a1d0-43d5-8cc2-aa06dc2076d4,7121369f-62de-4eba-a2bf-2c8706e6ff98,30800,2026-06-18,542,90+ Days,Customer
1da1835e-ff88-4edf-a2b5-6bfd94b40966,934f196f-8320-4e39-9758-edd48c1257b3,83c586fe-e027-413d-bf69-88169df872bc,30600,2026-06-18,597,90+ Days,Customer
ac76a44f-8d80-4f6b-97e7-6e29e740cec2,d604343c-0482-49ed-80ec-28e4aa0c3fd4,8223c31a-e655-4e8d-a018-2eaebcc06ddf,30324,2026-06-18,343,90+ Days,Customer
40739afe-7ac1-4b61-abe2-a71949cbae8b,d604343c-0482-49ed-80ec-28e4aa0c3fd4,c8b385b8-4bae-4c7c-8f5f-93d3a635fd7b,29775,2026-06-18,442,90+ Days,Customer
d42cdabd-4827-46c9-aab2-63def61436db,1f1746d2-52c5-4dc5-aadf-ea179bd755e0,09dfd28a-3166-4bb9-be5f-919d3681321f,34000,2026-06-18,613,90+ Days,Customer
f3964289-2bb8-4356-81d4-313759593f9c,cb55367a-1da2-40df-aac3-6ea2d3ef7d67,552cc443-b5cc-485d-830e-ee5c0ce444fa,28800,2026-06-18,619,90+ Days,Customer
80b95e71-b48b-4364-b219-4dac1e7573c9,c62ed87b-e442-4815-a36e-6b634e3628f1,d069140a-12eb-4fbc-810d-863ecb1f6ab8,28100,2026-06-18,580,90+ Days,Customer
3bfd1d0e-1267-403f-8893-049ef8b4a74b,2df9cb4d-3931-42d6-b71e-03529a9850cb,2d1eb96c-921a-4fda-a844-09fc758c98ac,27859,2026-06-18,427,90+ Days,Customer
7b642ca5-cde0-47f7-b632-ccf1a18267b1,94658b3c-db4b-49d0-951b-126badd4d6a5,dcceda85-c342-4b60-b572-15e2dd51a252,27500,2026-06-18,552,90+ Days,Customer
97f9f240-8c9a-4b5d-b601-e1f4aa7eebbd,7baa5edb-f7b1-423e-9727-4cc74b9e16fd,4ffeac60-2004-4a44-8bb6-0938f6e39569,27000,2026-06-18,648,90+ Days,Customer
2f6f4bc7-c33a-4330-b5a0-f4cf08d0ac92,f4365c09-2c12-4388-9e00-68fd7a957575,3ad05bff-3256-400e-80d5-5c7b09339338,25400,2026-06-18,406,90+ Days,Customer
9186c4b4-7067-4a9e-bb7f-14db47cad695,d604343c-0482-49ed-80ec-28e4aa0c3fd4,e0a7274c-29df-4b89-9b1e-a2f461fe4181,24900,2026-06-18,533,90+ Days,Customer
f87ca15e-0fe8-41f6-bce5-7f5acaa95bbc,9c550d4c-077d-4fb4-b74d-3debcfd3b42f,87b7873c-fe20-4649-b43d-089bd22e45ae,24600,2026-06-18,501,90+ Days,Customer
305af87e-1ee2-44a1-be1c-8238cc84bf68,2bc5bcfb-185f-4a64-95b6-32efd7cfec25,a26f13b9-35b8-4dab-ab52-04def98ae796,24400,2026-06-18,473,90+ Days,Customer
e679454f-2495-4915-9e8b-10578901f44e,cb55367a-1da2-40df-aac3-6ea2d3ef7d67,50fd6b0f-2291-4e52-b045-907842d0017e,24150,2026-06-18,545,90+ Days,Customer
4ed91e55-85b0-441a-b209-a7bc1679b54d,ed1a8f9c-e058-48fa-80eb-c2ed68fb6e36,f365a616-548a-4dcf-a878-3613c2894703,24000,2026-06-18,604,90+ Days,Customer
90716ed2-9453-4b0d-b6fa-84bdc92d8ced,2045376f-74cb-4bc3-bed3-3211bf1ff81e,b2d2aae1-ba5a-4f54-a9b1-815e678d4353,23750,2026-06-18,595,90+ Days,Customer
f927e264-dae2-4dff-bec5-6130a697e40e,51bf73f4-c8da-4e75-b5c1-72b2dc1014a0,748cb297-76fc-4478-a49e-d3644f3c8051,23400,2026-06-18,367,90+ Days,Customer
7c8c2538-a949-4b5b-ab0d-9f72856c9dd4,2df9cb4d-3931-42d6-b71e-03529a9850cb,a74dbe9a-ec59-4c40-bd00-2060b9a2622a,23000,2026-06-18,239,90+ Days,Customer
377ad99c-9df6-4cbe-93ee-9b229af6a833,2df9cb4d-3931-42d6-b71e-03529a9850cb,f619f40a-5098-412d-b5cf-4ffadc01bd0b,22500,2026-06-18,528,90+ Days,Customer
0a96658b-a667-4eed-aeff-26b12e3ada7a,2df9cb4d-3931-42d6-b71e-03529a9850cb,bf6743bc-50c9-46f5-b237-c1a9058c6c71,22075,2026-06-18,501,90+ Days,Customer
1f6950b8-becd-4b7b-957e-0a1640601d49,ac70db65-33c8-4b07-9267-7fd892c2b0b9,b450cbb6-3363-4217-83ff-2d1ca2b33745,22000,2026-06-18,380,90+ Days,Customer
460ff0e2-400f-4673-a55f-d4e008164193,f0fcd114-c83c-4557-ab8e-29869eb50b7b,190f6d11-e188-48e4-bbf4-238bc659d99d,21600,2026-06-18,170,90+ Days,Customer
951429b0-4a43-48e3-a34a-f892dea1790d,2df9cb4d-3931-42d6-b71e-03529a9850cb,614927b1-9898-47a0-a838-8bf654366dad,21045,2026-06-18,440,90+ Days,Customer
744ec748-746a-4b4f-93b6-c47c37c9d6a8,cb55367a-1da2-40df-aac3-6ea2d3ef7d67,1c5a6720-f010-45ef-a2d3-94b119b7e9a7,20750,2026-06-18,379,90+ Days,Customer
51ddc2ee-1a38-4e5b-8c7a-e67248aea2b8,d604343c-0482-49ed-80ec-28e4aa0c3fd4,1d72eb94-b48c-4b62-877c-1145a4fc109f,20300,2026-06-18,496,90+ Days,Customer
9d569fc6-753b-43c9-bcb5-a97b5614fa2a,2df9cb4d-3931-42d6-b71e-03529a9850cb,fc1014bf-41c1-4198-a362-85cac0670b94,19950,2026-06-18,412,90+ Days,Customer
81715f23-cffe-4997-a040-ee2e18f0f5f5,2df9cb4d-3931-42d6-b71e-03529a9850cb,b5045aad-b7d4-4f0d-affd-009eaeff7e43,19400,2026-06-18,531,90+ Days,Customer
425e5be4-4796-4432-b903-85e42442e3a6,2df9cb4d-3931-42d6-b71e-03529a9850cb,a7764cce-3f32-4e02-825a-9e87295a344d,18450,2026-06-18,496,90+ Days,Customer
3938c50c-a2f5-4327-8fee-070e4ab42ad9,d604343c-0482-49ed-80ec-28e4aa0c3fd4,f28bce2e-66f2-4bd8-81eb-3ed859cae92d,18000,2026-06-18,573,90+ Days,Customer
df72509b-b700-4493-8331-d64977f8fe39,88548589-99b3-4063-8b07-848049753a24,e40450da-cb4f-41d5-8f5f-575b35cb6217,17800,2026-06-18,764,90+ Days,Customer
a1f637e1-eb3a-4148-9090-e0294c5f75fa,b077f4f7-954e-4c70-935a-84ea00d1f006,46c98964-24ed-4c58-ac04-25d1099dbe8e,26700,2026-06-18,218,90+ Days,Customer
43950df9-d55a-4a22-9931-da5216889806,2df9cb4d-3931-42d6-b71e-03529a9850cb,2653fbdc-ed4b-4545-971b-de72f8b74f45,36800,2026-06-18,234,90+ Days,Customer
342ebe34-5b40-41e6-b6a6-64683b90f997,51bf73f4-c8da-4e75-b5c1-72b2dc1014a0,93d56347-8634-404b-83ed-ffe117386079,36300,2026-06-18,409,90+ Days,Customer
7a6b4321-c408-4c6d-8c9c-aa109f1ed5a2,18ed5164-13c9-428c-bfdb-9e6c34e7cb1f,59c59ea5-165b-4563-a070-fa6d345b84e1,36199,2026-06-18,557,90+ Days,Customer
a0adab6f-0d3e-4641-9518-283b479f99bc,2df9cb4d-3931-42d6-b71e-03529a9850cb,04efe7e9-608a-4511-948b-37cc663e54b9,35400,2026-06-18,218,90+ Days,Customer
9e2601e7-94f0-4525-8edc-63a13b9bb3eb,cb55367a-1da2-40df-aac3-6ea2d3ef7d67,1c5d39ab-9e8d-4b46-a203-d315762fc4dd,34690,2026-06-18,734,90+ Days,Customer
9cb17f09-a4ab-452a-953e-86e96217ea11,d11168e8-0acb-4143-82e4-419e25634be8,f5d884d5-468b-4c67-a067-d8ea9e8171f7,34000,2026-06-18,497,90+ Days,Customer
554c0015-afd9-402e-ac11-cec13f05c56b,3aea3bf0-2064-4a97-8886-05bf813951ce,a7ecf10d-99f8-4853-af40-a6dca47ceb06,34000,2026-06-18,557,90+ Days,Customer
9dffdb4a-fa33-44ea-ae86-efe5e3228238,cfd6ccb7-f394-460e-ba59-b25dbbaeaa99,34e28b52-48ef-4e54-b1c6-8934fbb162e7,25650,2026-06-18,616,90+ Days,Customer
b40cf6d5-8078-414a-803f-5ee8af150ba1,d604343c-0482-49ed-80ec-28e4aa0c3fd4,97208d42-4d86-46d1-878a-c73bf2642c3a,33500,2026-06-18,387,90+ Days,Customer
a6e27a6d-10cc-4b7d-a607-06a12ac87c80,bf3b062a-2216-4ca2-8788-dcc3ee4e5e70,432e6856-6302-494f-8c5f-7916e4152e12,33150,2026-06-18,746,90+ Days,Customer
a087f1e7-818c-45c9-96ff-46cfd3263d02,e22aa237-8ff8-4ab7-bf4b-59616d04dd6d,abfb8b8b-58ba-46be-8bd5-d892eaf48ca3,32320,2026-06-18,769,90+ Days,Customer
f23bb8e5-81c1-4765-8a42-f712bedc4757,ed2762d8-739a-4eb8-a1d5-26f333f3e52f,2a65d107-1deb-4807-97ef-b0bba8013be1,31600,2026-06-18,753,90+ Days,Customer
04ba727f-695b-4a67-aa2e-226637307242,da2657ee-a1d0-43d5-8cc2-aa06dc2076d4,bdc9ceb1-4eba-4f3d-b427-e0579162efcf,30800,2026-06-18,577,90+ Days,Customer
deb29783-df5d-404d-8cf6-cb2163f8d575,d604343c-0482-49ed-80ec-28e4aa0c3fd4,851310a3-3daa-404a-8a61-eef4e2a66afe,30450,2026-06-18,492,90+ Days,Customer
16c66825-a9f1-4d42-91d2-6db242d4680d,51bf73f4-c8da-4e75-b5c1-72b2dc1014a0,75899865-43d1-4a7f-8849-935ca5c6c806,30250,2026-06-18,410,90+ Days,Customer
1f886112-2441-4b5f-ad1e-5870ee4b145b,9c550d4c-077d-4fb4-b74d-3debcfd3b42f,f9f9c498-8228-4c7f-b125-5c8c9ab68dd3,29775,2026-06-18,455,90+ Days,Customer
0e18ef96-bb25-46d8-ae52-26c202455303,9c550d4c-077d-4fb4-b74d-3debcfd3b42f,ccafacd5-e7d6-43fe-8806-73c737b525a1,28250,2026-06-18,413,90+ Days,Customer
69294dae-7f12-4603-85cc-3381f2b6f354,7baa5edb-f7b1-423e-9727-4cc74b9e16fd,fb7f6aa6-8d31-48a5-93f4-674fdc306636,27375,2026-06-18,461,90+ Days,Customer
045bdc12-8251-43dc-9503-9ba832fe2d43,7baa5edb-f7b1-423e-9727-4cc74b9e16fd,43ae4692-8bd3-4b88-bd2a-de85242af05d,27375,2026-06-18,468,90+ Days,Customer
3c41fa77-0325-4e8b-8536-f6c3ab19e141,2df9cb4d-3931-42d6-b71e-03529a9850cb,43a3025f-9065-4887-ba5e-126f40b28503,25600,2026-06-18,228,90+ Days,Customer
29ed2bff-91d3-4e7b-aca5-69e8be8387c2,d604343c-0482-49ed-80ec-28e4aa0c3fd4,bdb4a439-9066-41b2-bae6-64f15f1331ec,25000,2026-06-18,545,90+ Days,Customer
99c6776d-a423-41cb-b09e-4b61f3eb2f5e,2df9cb4d-3931-42d6-b71e-03529a9850cb,7f903bdf-d792-4672-8ab5-71ab52a35605,24850,2026-06-18,543,90+ Days,Customer
5cb80bcd-db13-4100-aaa2-6c26cea2b30c,2df9cb4d-3931-42d6-b71e-03529a9850cb,95a26bb9-77d8-4d09-b1c9-3f0a0c397d53,24750,2026-06-18,400,90+ Days,Customer
fc7b76d0-3e8f-4eec-b2aa-20a416bdb13f,cb55367a-1da2-40df-aac3-6ea2d3ef7d67,fffc1d71-c6fd-46ca-82be-ab9455f8e485,24270,2026-06-18,351,90+ Days,Customer
f9c737c9-1525-4456-87e9-adf7b3d6098d,cb55367a-1da2-40df-aac3-6ea2d3ef7d67,ee7b1dc3-7eb1-410d-88e4-f36daccadcaa,23910,2026-06-18,489,90+ Days,Customer
f0aa003c-1254-4a11-9ae9-0b69224bfd82,7baa5edb-f7b1-423e-9727-4cc74b9e16fd,96f3a1ca-0bf7-42d6-b091-828797436026,23906,2026-06-18,598,90+ Days,Customer
3b3ecea7-882d-4a56-9f9f-48e05f43f38a,2df9cb4d-3931-42d6-b71e-03529a9850cb,807ea57e-f15d-44a6-830f-6691b111dd90,23065,2026-06-18,525,90+ Days,Customer
437acfaf-3b96-4a12-89c6-0bc296114b00,8c104193-5a04-40c1-9868-8f62355a4de8,76ee3811-0d6c-4b09-a58e-446abd5ddc98,23000,2026-06-18,503,90+ Days,Customer
83574407-9f67-4641-8bc7-b98617ae5d35,d1cfaf26-0be0-4f9e-b7c8-232a034c5bea,370b20de-cecb-41ab-94d1-f78e4dbc20a6,22968,2026-06-18,465,90+ Days,Customer
f3b32619-79c1-416a-b31b-ef33f7d0f6de,2df9cb4d-3931-42d6-b71e-03529a9850cb,2199e0ea-7b4d-4c4d-bee9-7b4d2f3a102c,22000,2026-06-18,531,90+ Days,Customer
f1d3b4c5-b688-4db3-87cb-a9b98dfb541a,a51ff970-12c6-4739-b809-5fbc65af2cd3,443abe6b-d2ea-4b5e-8e3e-a7ec7fe857f1,21750,2026-06-18,580,90+ Days,Customer
f6b27220-62da-4f6e-9c7f-535eccf4562f,497d6bd9-1cd1-4f9c-84b4-e3294f0f7d78,37ac0a48-cdd3-4056-85bd-cfb70b6f51ef,29062,2026-06-18,779,90+ Days,Customer
157c1535-3fd1-4fe0-b340-05a5df950ce1,2df9cb4d-3931-42d6-b71e-03529a9850cb,8ad4f176-3618-48a0-9739-c320811a5cc0,20880,2026-06-18,256,90+ Days,Customer
43c9f9cf-4e98-4695-9bd3-c4f5d99ab416,2df9cb4d-3931-42d6-b71e-03529a9850cb,0fa4777b-5847-4e01-a424-871fc9c62f5b,20100,2026-06-18,524,90+ Days,Customer
c3e9ee74-69da-4092-a439-e1d827e10ea0,d604343c-0482-49ed-80ec-28e4aa0c3fd4,db5c6f5b-782b-41cc-a635-0103125c6da2,19850,2026-06-18,436,90+ Days,Customer
96e2a25e-64ab-4678-b780-420cb44295b1,cb55367a-1da2-40df-aac3-6ea2d3ef7d67,ec15d049-56a6-49bd-8b81-dcf4bf4a1873,19530,2026-06-18,328,90+ Days,Customer
8c0a867b-877d-43c7-b7f0-7a2dbc2ebf23,cb55367a-1da2-40df-aac3-6ea2d3ef7d67,d114eaee-45ab-4870-b8f3-a4e21612a982,19125,2026-06-18,536,90+ Days,Customer
a16cb4d5-2622-4826-bd98-717d5c9dbc55,cb55367a-1da2-40df-aac3-6ea2d3ef7d67,f143541c-8481-4005-9a75-ec24e40fd514,19000,2026-06-18,654,90+ Days,Customer
65303836-5baa-4c7d-84e8-7483dec48dcb,cb55367a-1da2-40df-aac3-6ea2d3ef7d67,3818c3de-f8c3-432c-a016-ff694a670a73,18000,2026-06-18,434,90+ Days,Customer
9ed01bfb-a8c0-4cde-9c38-18be4a2311dd,71be3019-2872-4e46-9e8f-941663554ca2,9fca6f26-6b65-4715-aefb-900bee4c8a55,17900,2026-06-18,115,90+ Days,Customer
0fa5ba00-f29f-4a01-bb9e-e5cf71c541a1,6736f09d-4a67-4f8b-9193-4a93f57ac6cc,3c60c059-a12b-49bb-baa9-32ed55a6d644,33610,2026-06-18,218,90+ Days,Customer
3ee6b2a3-6945-4de8-920f-a02fc2dc8eac,b077f4f7-954e-4c70-935a-84ea00d1f006,8e65fdc6-05b2-490a-992d-5a39522babd2,26850,2026-06-18,140,90+ Days,Customer
71b846c7-e17b-4d54-9c75-5f48d5cc4ff2,d591991c-5bb2-4ae0-b423-b985aba0cceb,66c0700c-4464-4c9d-9a7c-8482d0ba3069,37000,2026-06-18,646,90+ Days,Customer
358f1f4e-1bb4-4279-94ef-163b888aab72,6bc20676-6cd9-4bd5-b300-2a44c353db98,c2d13bd6-ba5e-4cc5-bba7-f18a9309a710,36250,2026-06-18,352,90+ Days,Customer
e27e244d-bdcc-4876-8228-0cf81fd0b388,d11168e8-0acb-4143-82e4-419e25634be8,f38e1b89-01ad-4bf3-ba0c-ae2b5a076ff4,35700,2026-06-18,477,90+ Days,Customer
cebcf800-30c4-4c3a-b839-87f773497588,2df9cb4d-3931-42d6-b71e-03529a9850cb,414f4c8e-56a5-4609-8d00-416ed0304a28,35249,2026-06-18,225,90+ Days,Customer
d6a38219-eb7c-4b51-b69a-cced3a32e6da,2df9cb4d-3931-42d6-b71e-03529a9850cb,8ba31cf0-069e-41e1-85d3-210a17b72e58,35240,2026-06-18,491,90+ Days,Customer
99fd04e9-432f-423a-a203-b758516183a2,d11168e8-0acb-4143-82e4-419e25634be8,dc1abc9e-1ce3-438a-bfe5-de977b9ff3d3,34000,2026-06-18,534,90+ Days,Customer
82d62a53-e943-4795-8144-324f63b0d285,f0c11e44-1236-4c2e-8285-613ab5dec4ba,795fd983-bbcf-461b-add6-40beefa2f567,34000,2026-06-18,491,90+ Days,Customer
6e4e5ce6-d9a1-461b-ac71-b07d2eabb4a7,4ef83a84-e315-4f3e-94e1-511f936e9e34,a0838219-5212-424b-8f5a-0fa4c01d9b16,33500,2026-06-18,406,90+ Days,Customer
7bd907b0-15bc-4e9b-a65f-c51d028ce028,2df9cb4d-3931-42d6-b71e-03529a9850cb,ab2a95b1-38c4-4e69-907e-50f762d2a4f1,33000,2026-06-18,407,90+ Days,Customer
bb59d2f8-eb04-45be-8bf7-29996b9534a6,d604343c-0482-49ed-80ec-28e4aa0c3fd4,17b8222e-e0dd-4449-86f6-a899d0ff4673,32250,2026-06-18,552,90+ Days,Customer
49ae204f-9a55-4bd8-a841-cb9da203888b,da2657ee-a1d0-43d5-8cc2-aa06dc2076d4,e0557dcc-cad6-4e91-9710-8d9e93c54828,30800,2026-06-18,525,90+ Days,Customer
7e3c24b2-532f-475e-98be-6cd689ea49b6,d604343c-0482-49ed-80ec-28e4aa0c3fd4,db8f9ab5-959b-4a3f-920a-bc20a0f80a78,30450,2026-06-18,512,90+ Days,Customer
45246e71-4fd7-4d10-953b-31574bc8e0d2,2df9cb4d-3931-42d6-b71e-03529a9850cb,1b21064d-919f-4fdd-8b09-26974b5bb53a,30045,2026-06-18,524,90+ Days,Customer
61f458e1-9204-4741-ba73-263b71373fcb,0ec16e28-c838-45f0-8887-4df2087044f1,f5ecbabf-c267-4b73-86e1-9e669391258b,28280,2026-06-18,773,90+ Days,Customer
61f3973f-15b5-42e4-8144-b4609601b8f4,51bf73f4-c8da-4e75-b5c1-72b2dc1014a0,bb66984f-d50b-4365-8576-608c54a03e16,28050,2026-06-18,189,90+ Days,Customer
029b4abe-3451-4296-81db-4ab7eabaaac6,7baa5edb-f7b1-423e-9727-4cc74b9e16fd,1e27d294-1f16-47f1-b40a-520f3b7b8e40,27750,2026-06-18,542,90+ Days,Customer
7faf8e64-47e9-43b6-90f4-77d5c9ae13a8,c10c3408-1a47-464d-9517-5024fa2d007d,07d050b4-fa49-4cd7-b537-148df4f97736,27500,2026-06-18,510,90+ Days,Customer
1c56565c-8174-41c3-974a-7d0fc7c9a467,d604343c-0482-49ed-80ec-28e4aa0c3fd4,3368e8c3-0923-45b8-aac1-0e461a57443b,27000,2026-06-18,393,90+ Days,Customer
5851e7ee-3180-43d0-83ad-4eccb5370673,d604343c-0482-49ed-80ec-28e4aa0c3fd4,e50b5f7c-b580-44b1-9dbf-f36a9212dd91,26610,2026-06-18,238,90+ Days,Customer
bde3e516-6403-42b6-a75d-630f47dc3392,6bc20676-6cd9-4bd5-b300-2a44c353db98,82d8be67-daf7-44f7-a6d2-4c3a8ec23112,25600,2026-06-18,336,90+ Days,Customer
eec970bf-b6ce-4f76-aead-5fb3b329db87,2df9cb4d-3931-42d6-b71e-03529a9850cb,a1c99cdd-91d7-4b0e-9184-f4aa382a1b46,25140,2026-06-18,486,90+ Days,Customer
7271dc6f-9642-4346-9f54-fcf52ce5c033,cb55367a-1da2-40df-aac3-6ea2d3ef7d67,10919213-2bd3-4ef6-9ff4-3c7cea445404,24900,2026-06-18,403,90+ Days,Customer
0177c189-6ced-48ff-b2c2-adea54bf8269,cb55367a-1da2-40df-aac3-6ea2d3ef7d67,372aa361-0478-4c6b-bd6f-ae41eee0e4b2,24720,2026-06-18,363,90+ Days,Customer
c1042240-9a2b-435c-b642-9e179a486eff,d604343c-0482-49ed-80ec-28e4aa0c3fd4,a64c412f-7c8f-445b-a1d5-56683cc96513,24100,2026-06-18,337,90+ Days,Customer
d76ebfa2-5efc-4609-ab51-68ef710146ba,38366589-b3ca-41ba-be3a-1cd236371c92,00c39033-f029-4c2d-98d0-cb1d58ff0031,23919,2026-06-18,290,90+ Days,Customer
f220ef0e-5e39-4ae7-a13a-3058289d10f4,8c104193-5a04-40c1-9868-8f62355a4de8,bcaac0c6-e4df-4c81-ab86-8e142ff8552e,23500,2026-06-18,597,90+ Days,Customer
84748c00-5191-4abd-a904-5a6591912fc3,d78da672-2264-4485-aa03-b559e81130e6,c199ae05-03a9-4b36-a22b-6c7b12966697,23100,2026-06-18,548,90+ Days,Customer
05c33ed5-8ef8-4af2-8004-4373b2168dc9,71be3019-2872-4e46-9e8f-941663554ca2,9b9a73e8-3829-4e16-b853-c97a0d3cd13c,23000,2026-06-18,212,90+ Days,Customer
96296565-45a0-455e-bd43-c3ea1b3740d0,2df9cb4d-3931-42d6-b71e-03529a9850cb,d5e7987b-ae4d-4bab-a19c-28bf2c572561,22940,2026-06-18,545,90+ Days,Customer
9f83c535-7541-44ef-b21e-c43c32e503ac,8c104193-5a04-40c1-9868-8f62355a4de8,4e5d9aa7-a026-4da3-9dde-6fa765de62d6,22500,2026-06-18,452,90+ Days,Customer
b170f0da-4d95-4cbe-8fb8-cf6097a5cd3c,2df9cb4d-3931-42d6-b71e-03529a9850cb,ef87fb74-7166-45cf-a454-5970cc9be24b,22075,2026-06-18,508,90+ Days,Customer
bbd835bf-fd92-4c23-844d-89335fa684ed,cb55367a-1da2-40df-aac3-6ea2d3ef7d67,3e3b5b31-6966-43c5-aeeb-138270956362,21980,2026-06-18,296,90+ Days,Customer
82c3c013-b120-4dca-9c33-d6b6e0157231,2df9cb4d-3931-42d6-b71e-03529a9850cb,98b496d7-3d1f-445d-a9ed-47c277127785,21480,2026-06-18,518,90+ Days,Customer
7e3b1653-3531-4440-aa12-5edfa268ff7d,cb55367a-1da2-40df-aac3-6ea2d3ef7d67,37401bc2-6ee6-4775-b6dd-3774aa1572c5,20750,2026-06-18,391,90+ Days,Customer
036f9c77-787a-465f-a166-b6963f987092,2df9cb4d-3931-42d6-b71e-03529a9850cb,88192cdf-ce0e-42b7-8a64-3ec850f7003f,20275,2026-06-18,475,90+ Days,Customer
7d3f3e81-19ac-4f53-a6fd-2d913bd55601,cb55367a-1da2-40df-aac3-6ea2d3ef7d67,8cf29e11-6dbc-415b-9b16-05b84b31b43f,19530,2026-06-18,319,90+ Days,Customer
7d68859a-3758-4a9c-ab1d-853fd4a7d44c,c33af545-a022-4ad0-8185-d5e2727ca60d,a8ba0c80-275b-4a14-8804-6ff78be38a3e,19375,2026-06-18,386,90+ Days,Customer
f80db899-1638-4296-95a6-d1eb6bf99d1a,271cdaa5-4d7d-46cd-9a43-7e3bb4bb922a,2269404f-3369-4d31-aa7b-468fb52fe933,18300,2026-06-18,323,90+ Days,Customer
0609add2-4ac6-415c-9640-4090de698d4d,71be3019-2872-4e46-9e8f-941663554ca2,c3c2666a-a7bb-4d80-ac39-3b6f946c4ec3,18097,2026-06-18,125,90+ Days,Customer
4233993b-a1e3-4a7c-9028-cd7d8e244a93,2df9cb4d-3931-42d6-b71e-03529a9850cb,b4170f0e-7bdc-41f2-b285-aff2844b69e9,17809,2026-06-18,116,90+ Days,Customer
1aad544c-9ebb-4ae1-b2d0-5ebc296711f7,b077f4f7-954e-4c70-935a-84ea00d1f006,8d76d0ca-1ef0-4e7d-bde2-14e19242874d,31500,2026-06-18,296,90+ Days,Customer
25637077-ef2c-4a07-b434-9689212bba53,2df9cb4d-3931-42d6-b71e-03529a9850cb,1fd67a34-ccbb-4875-aed2-3da3897c21b5,36750,2026-06-18,165,90+ Days,Customer
5ab3c5fe-000a-4ae4-949b-fa9c349cc5db,d604343c-0482-49ed-80ec-28e4aa0c3fd4,9e9dd008-b399-4a80-913c-587a2a255037,36750,2026-06-18,431,90+ Days,Customer
2ae8d19d-11f3-4bb0-a01a-b21b53dee768,b215a7fe-5be9-4c02-8f7d-bdd95c0e84b2,94ed0ccc-3d35-46ef-bea4-ed4388af712c,36200,2026-06-18,750,90+ Days,Customer
3bb59b24-1a68-4337-bb0e-4518851a4e07,2df9cb4d-3931-42d6-b71e-03529a9850cb,fc89d473-3cc8-4e05-a78e-0a3240d817c9,35550,2026-06-18,210,90+ Days,Customer
2f38f86d-9f84-4d27-8afa-b6ebd6701c02,a36a3590-064b-4309-9f40-026d703d2912,7150ef78-fd04-4ae0-9690-803a485afc7e,35000,2026-06-18,424,90+ Days,Customer
9ecc1c50-e71a-4f97-814d-11e6f218f34f,e5c2dd91-83b4-4e5d-a807-caef678edb69,cf16d8df-f365-47c7-b386-c040a5429e1d,34000,2026-06-18,405,90+ Days,Customer
2ea795c8-b5d7-491a-b54a-5c1da0781e9d,6736f09d-4a67-4f8b-9193-4a93f57ac6cc,8ffd90a0-554a-48a5-bdb2-aa7e66dae83f,33820,2026-06-18,189,90+ Days,Customer
69b0a681-b655-435d-9886-06235b20d507,271cdaa5-4d7d-46cd-9a43-7e3bb4bb922a,d229d622-4626-41c3-b81c-b5870b36ff36,33800,2026-06-18,669,90+ Days,Customer
13ae9402-d63a-4b39-b6c0-101e848fdbde,5ce0c48a-7d26-49f3-a168-b578c74739ed,d1d89841-0694-45da-9ec1-c6bebe31072d,33400,2026-06-18,592,90+ Days,Customer
c262407c-38c2-4c9b-abb1-3ff714ee0283,61ceafc3-1171-49cb-8c7f-9f3856814a3e,89770a3e-e9a0-4636-aa38-723a78a6ca81,32800,2026-06-18,475,90+ Days,Customer
a82cf00e-fd84-451f-98b1-8b1f8cccabba,d604343c-0482-49ed-80ec-28e4aa0c3fd4,3923cf50-ff4d-44b5-aefa-55d9d44288ad,19999,2026-06-18,588,90+ Days,Customer
b8c85b77-55ab-41c5-b600-cfb8edd2f583,8da5249a-c2b8-48c3-b61c-12ecf6d898d8,27af670e-c31b-4d45-ba2a-42fdd9a1ed03,34600,2026-06-18,767,90+ Days,Customer
85d7c980-0d0d-481f-b99d-c46a5083ebe2,d604343c-0482-49ed-80ec-28e4aa0c3fd4,0cbfafe8-ee27-439c-885a-af082bf91e9b,32160,2026-06-18,566,90+ Days,Customer
555f59ff-592f-4e7b-a743-83f38447ce4a,6e033f20-4870-4327-9719-a6300ec02ac8,845bdacf-6718-446a-8b25-569799bed4a4,31500,2026-06-18,616,90+ Days,Customer
a435c2da-f84b-4ba1-a13b-e0d3960d5f6e,71be3019-2872-4e46-9e8f-941663554ca2,be41be1b-5c04-4d01-a9e9-c7db2da6daa0,30654,2026-06-18,149,90+ Days,Customer
87151457-aea2-49a7-b049-d11e060a2abd,da2657ee-a1d0-43d5-8cc2-aa06dc2076d4,9bb578d0-427d-4e86-bc7a-e6449e750556,30400,2026-06-18,479,90+ Days,Customer
e62f38e7-5495-4476-8f39-db30334a46b2,4d10eaca-bd8d-4528-9267-3ef9f1da5e37,8cf20e68-c48b-4bf2-942d-e977fecb1ecd,30004,2026-06-18,391,90+ Days,Customer
be48f644-ee25-48be-a5e6-7f23493aa047,71be3019-2872-4e46-9e8f-941663554ca2,c1606f22-06ca-47f6-af86-e75917a29a1a,29400,2026-06-18,169,90+ Days,Customer
b4601bf2-f14a-4f10-850a-8715e6883887,271cdaa5-4d7d-46cd-9a43-7e3bb4bb922a,f4525adb-3f6a-47f5-9a59-cfab8089e0b9,28860,2026-06-18,669,90+ Days,Customer
c5576e68-7a71-4d0c-a700-d5cc0ff4191a,2df9cb4d-3931-42d6-b71e-03529a9850cb,cd0a8ea1-9d0e-4cb0-8233-d209cbaf69be,28001,2026-06-18,424,90+ Days,Customer
02de3c3b-a9f6-4240-9ef7-5920185c4d77,cb55367a-1da2-40df-aac3-6ea2d3ef7d67,6868e31e-a9f3-40d2-8cd7-04afd7285014,27625,2026-06-18,745,90+ Days,Customer
1e009808-6594-4d8a-89e5-20cda70910be,f4365c09-2c12-4388-9e00-68fd7a957575,90a5c1e2-e956-4674-b798-27c0ce1e745c,27000,2026-06-18,419,90+ Days,Customer
402f1a2e-81e9-4a43-991a-017811c24bfe,2df9cb4d-3931-42d6-b71e-03529a9850cb,6bb9f6c5-afd2-4b33-af95-d03cb32aa968,26460,2026-06-18,300,90+ Days,Customer
fd2efdcf-c090-4afa-aefb-728eefe33335,cb55367a-1da2-40df-aac3-6ea2d3ef7d67,88af04c9-e1de-435e-9789-b3e4391c5e52,26000,2026-06-18,121,90+ Days,Customer
d29a47ed-8a59-45ba-a412-d6f26dfb6caa,1f1746d2-52c5-4dc5-aadf-ea179bd755e0,09b5b685-8572-43e2-8796-7318e52f7c03,25500,2026-06-18,525,90+ Days,Customer
5d0ee0f9-6e53-4eb0-95fc-d6bd5c47a22f,0e59f9b8-792d-43cb-a7e3-39a3cbf25ae7,a498562d-9a2b-4a62-a46f-db0e1bd6081e,25000,2026-06-18,584,90+ Days,Customer
94bc6d4b-2c30-4fa3-8b90-bf374b4ebe59,d604343c-0482-49ed-80ec-28e4aa0c3fd4,37901c3a-d977-4716-a47c-86bb6bf31ca3,24649,2026-06-18,393,90+ Days,Customer
84276a6e-cc36-46e3-9b0f-6dd5ff7bb293,2df9cb4d-3931-42d6-b71e-03529a9850cb,b10079c1-e498-496c-b299-c271c6c0f00c,24449,2026-06-18,511,90+ Days,Customer
a9680e29-b937-436a-8066-cbbb115aa3a2,544b625f-ef7d-4644-83c2-95bbc0c417fa,a14a5119-d7be-48d8-a021-ef7373074a4b,24000,2026-06-18,660,90+ Days,Customer
fefc6343-a45d-425b-9bbb-9727922e07d3,da2657ee-a1d0-43d5-8cc2-aa06dc2076d4,47c57fed-efd7-4e64-a5e1-fcfcbb4fb0a3,23750,2026-06-18,605,90+ Days,Customer
d8b92618-3956-4caa-a9f2-05a17b760f46,2df9cb4d-3931-42d6-b71e-03529a9850cb,c5fd1706-18d5-41f7-a280-a85c9468e24a,23400,2026-06-18,498,90+ Days,Customer
5cf961c2-1c7f-4652-aad9-e88f4d0dd264,71be3019-2872-4e46-9e8f-941663554ca2,9b1fedca-6679-4d07-b7b8-70f410589663,23000,2026-06-18,234,90+ Days,Customer
27af83b6-d1ee-446f-8b44-e769b7049596,2df9cb4d-3931-42d6-b71e-03529a9850cb,b7d64327-4d06-49a7-a630-8e343c30afd3,22640,2026-06-18,538,90+ Days,Customer
8fd9505e-46b5-48f6-a3f9-33efe78a46f7,2df9cb4d-3931-42d6-b71e-03529a9850cb,2cf41841-0ecb-4a88-ad0c-ca34553ca152,22210,2026-06-18,380,90+ Days,Customer
89536e4d-020b-4374-a01b-d5f3051c7e09,c68f4b85-6c40-4c4f-ab00-5e83d7dd6ace,04e21630-5d3c-4806-bc4c-61a183f66d2a,22000,2026-06-18,510,90+ Days,Customer
5e2673b9-7577-407b-8d30-4717049edc59,0ec16e28-c838-45f0-8887-4df2087044f1,890f3f54-a937-4a9e-906d-f71e203211f9,21750,2026-06-18,679,90+ Days,Customer
f824927d-8a9e-49b0-9086-87247123f350,2df9cb4d-3931-42d6-b71e-03529a9850cb,95804880-4f37-48f4-86ab-5e7ac4b98225,21300,2026-06-18,528,90+ Days,Customer
2aa90f8b-7ce4-41bd-9538-14256986c5dc,d604343c-0482-49ed-80ec-28e4aa0c3fd4,47a1b991-3975-45f3-a9c8-d799b10735ce,20500,2026-06-18,507,90+ Days,Customer
28f499c1-fd39-4329-9e08-e1ee6cc107b3,8c104193-5a04-40c1-9868-8f62355a4de8,810dec30-c57d-40c1-a3a3-2a40ea0424d6,20387,2026-06-18,277,90+ Days,Customer
4c99fe95-dd53-43dc-977f-69e03550d6a3,cb55367a-1da2-40df-aac3-6ea2d3ef7d67,462268a2-0438-4aac-a35c-8f922223c259,20100,2026-06-18,342,90+ Days,Customer
cfabd70d-e9c4-4a75-907d-65807a24d5f8,cb55367a-1da2-40df-aac3-6ea2d3ef7d67,dc32a155-123c-41c0-b469-bd6da6a5c147,19814,2026-06-18,720,90+ Days,Customer
f1748544-8550-4563-903a-543d387df423,2df9cb4d-3931-42d6-b71e-03529a9850cb,d989aa04-c6cc-423d-aaa6-75e09f6aca99,19500,2026-06-18,515,90+ Days,Customer
1dfca8c6-781e-47b2-a8e0-109720c8205c,6a9deeaa-327e-495e-aa6a-78f88e6e35c3,5327f157-88e8-4f97-ac8a-69c9080da46e,18000,2026-06-18,613,90+ Days,Customer
e3e24093-291b-48c0-811d-bae2beca1452,d604343c-0482-49ed-80ec-28e4aa0c3fd4,362ee4d5-4de7-4c96-bdf5-2e140dfa1d79,17649,2026-06-18,389,90+ Days,Customer
3e3083a2-d559-46b6-94f4-94eb7a0b23f3,e97aa22e-0933-4e98-b57e-1ed019849f3a,b61d51e6-9497-4bfb-ac22-390b841d9699,16750,2026-06-18,610,90+ Days,Customer
a8288168-6fa7-4804-9621-4f387157a1ef,5f07e96a-d49d-413a-a1ff-13d4ee75c6ca,646409eb-c06c-4eb8-99b9-cce44e545e53,16000,2026-06-18,736,90+ Days,Customer
57287544-8183-46be-81dd-889097afae84,f3306430-4466-40e0-ad5d-d6be617bcd6b,dc914d5d-11c9-40bb-9232-bef4c4a755eb,15600,2026-06-18,643,90+ Days,Customer
4487a760-ba8a-462b-ad0f-b34a4f28c9ac,80dd1cba-db4a-4856-92ac-722a4b856b9f,17446409-0d15-4763-b8b0-a0dede53d869,15000,2026-06-18,501,90+ Days,Customer
eaa68322-ddd1-41f9-8026-a258a1fba4c5,cb55367a-1da2-40df-aac3-6ea2d3ef7d67,6df7d6cb-9ec2-41f0-9226-e7b9573ee250,14629,2026-06-18,666,90+ Days,Customer
48e9e0f3-4b22-4a90-b685-61b7fa074ada,cb55367a-1da2-40df-aac3-6ea2d3ef7d67,a7f42a26-091c-4149-b8d5-83d4e7810e24,14299,2026-06-18,493,90+ Days,Customer
6d93b2d1-943e-4ef0-93b9-5b82f7ce519a,cb55367a-1da2-40df-aac3-6ea2d3ef7d67,ed1fc6a7-e94f-4466-9d5b-08e3ba6247a8,14241,2026-06-18,630,90+ Days,Customer
e3e5d223-f4b8-4cda-b87f-af1026b21c0c,0ec16e28-c838-45f0-8887-4df2087044f1,7f741c0d-7f83-4e89-a80e-5ced42e3097b,14100,2026-06-18,556,90+ Days,Customer
196758a6-1bae-4666-8b36-2177f7631a8a,2df9cb4d-3931-42d6-b71e-03529a9850cb,8214ba6a-675b-4238-a435-91034073d24d,13925,2026-06-18,426,90+ Days,Customer
60a07328-2257-4201-bc83-5fd2b836c62c,cb55367a-1da2-40df-aac3-6ea2d3ef7d67,32d1f905-dcb8-437f-9bb7-2c92bc7a5d1e,13437,2026-06-18,434,90+ Days,Customer
38ef17cb-6f03-4280-b5c7-13770ca4c9b4,2df9cb4d-3931-42d6-b71e-03529a9850cb,96612996-eccf-4676-9796-e32759ba17aa,12960,2026-06-18,483,90+ Days,Customer
b0d993cc-4430-49eb-8ea4-90e0f675bce3,5f07e96a-d49d-413a-a1ff-13d4ee75c6ca,6a6eeadd-1554-47fc-a326-d8b86881d771,12500,2026-06-18,756,90+ Days,Customer
611093e5-3f0a-40fb-8c62-36051dc55bac,7baa5edb-f7b1-423e-9727-4cc74b9e16fd,9d554ca1-9a80-4aff-bba9-8a31f7cf0fc6,18250,2026-06-18,742,90+ Days,Customer
93d73226-1512-4d64-8b0f-8cde047ed848,2df9cb4d-3931-42d6-b71e-03529a9850cb,810a81e4-dce1-45b1-9e89-b953a38b6fd7,12150,2026-06-18,477,90+ Days,Customer
8f1c2407-fbd0-459b-a07a-d6833f87b8b6,696753de-3129-4e86-9cf8-ef5cfa2dd19e,0eded379-25b2-449e-a833-158bef6a9a67,12000,2026-06-18,736,90+ Days,Customer
0387c987-abf8-4179-bddb-bb17ceab8457,ac70db65-33c8-4b07-9267-7fd892c2b0b9,6f770ee6-cdb7-47ff-9021-8eed6347420d,11500,2026-06-18,560,90+ Days,Customer
996c26a5-5792-4e8e-85c9-4efeac4ab0e0,c7245031-7efb-409f-99e6-d9d7fc0852d8,19cd063b-d7bb-40d9-8599-90ac2797162c,14250,2026-06-18,560,90+ Days,Customer
e2b2e5b2-9271-446a-9fa6-05689558bc0a,ac70db65-33c8-4b07-9267-7fd892c2b0b9,a9659e2a-3b35-4d5d-8586-1c8efb10f762,11000,2026-06-18,441,90+ Days,Customer
fa158ada-0448-42a1-85a4-abd5c09e44a1,ac70db65-33c8-4b07-9267-7fd892c2b0b9,cc42de22-4c1c-416b-a7ab-f2dab7b0fcec,11000,2026-06-18,534,90+ Days,Customer
22e1cc5f-1ab8-46b1-85a2-255f1c82ab3b,9c8577e0-bac5-40ed-ab97-d69d5aadb619,6cde6200-83d9-450e-a95b-524b7dc9e879,782000,2026-06-18,218,90+ Days,Customer
3ff3cdd7-4854-4c9a-9419-0880d5a88333,71be3019-2872-4e46-9e8f-941663554ca2,a2181b38-4774-4b7a-88f8-917664806c1b,771225,2026-06-18,295,90+ Days,Customer
5dcb874f-6285-4e21-91f1-0d5e2c406fc1,8c104193-5a04-40c1-9868-8f62355a4de8,b69ba1df-4e3c-4ad2-84c6-a08f3bcb9a2c,12425,2026-06-18,626,90+ Days,Customer
38429d13-5a2d-4549-b1ae-294756a81d23,8c104193-5a04-40c1-9868-8f62355a4de8,cbf3de4a-1be9-4c64-b101-e90a684763ee,13800,2026-06-18,517,90+ Days,Customer
e8b13c17-f000-47d0-b3c9-c8be396ac945,d604343c-0482-49ed-80ec-28e4aa0c3fd4,b989e596-bb71-4500-ab6f-248e342834fa,10875,2026-06-18,580,90+ Days,Customer
faaa7344-3cb7-4a06-bb07-dfb62d270a26,935452e3-cd62-48f6-8240-a237fbb049e2,6f43ea02-7e12-4aac-a6e5-e94c8a74e185,13400,2026-06-18,384,90+ Days,Customer
3c7d6a6f-1996-46f0-9a36-6c3e725eeb6f,d604343c-0482-49ed-80ec-28e4aa0c3fd4,bfdeefdd-313b-46eb-b031-781b735d4138,12850,2026-06-18,318,90+ Days,Customer
9b30e83a-b563-484d-acbc-2235c29e2aa0,2df9cb4d-3931-42d6-b71e-03529a9850cb,c69b4aae-2db2-4e66-b978-47ae9ffa4df4,12500,2026-06-18,424,90+ Days,Customer
fe40ab5f-5094-425e-9346-08098391e903,d604343c-0482-49ed-80ec-28e4aa0c3fd4,270a0a0a-d14b-4934-a025-d550b487dcb9,12250,2026-06-18,316,90+ Days,Customer
2b8b1505-8711-4349-9f75-a74d274a8440,2df9cb4d-3931-42d6-b71e-03529a9850cb,818fbf2b-543c-4199-893f-6662be370b29,12150,2026-06-18,503,90+ Days,Customer
9b9d6b90-d67d-4f2c-9164-b8ebdb6f17aa,2df9cb4d-3931-42d6-b71e-03529a9850cb,a2abe726-87d9-40f8-a095-ad92a0d16147,11910,2026-06-18,494,90+ Days,Customer
d12bf887-dfc8-4826-9e10-93a12a433d4b,ac70db65-33c8-4b07-9267-7fd892c2b0b9,00fda6b0-32a2-4840-b87d-058688a54d77,11500,2026-06-18,585,90+ Days,Customer
4e605d20-a808-4e27-88b3-8c08164a9357,ac70db65-33c8-4b07-9267-7fd892c2b0b9,7686b92e-9b00-4fb6-9898-ee990f854952,11000,2026-06-18,366,90+ Days,Customer
009ae55f-ef76-4276-b1c0-5082135c3861,ac70db65-33c8-4b07-9267-7fd892c2b0b9,9c6c5be2-c232-4b1d-958b-8865ed558bea,11000,2026-06-18,448,90+ Days,Customer
2f39c5a9-82cc-4603-9ec5-ad48ff32b4a9,40f85701-0113-4092-bf94-71fce4830301,371962b2-54a7-4ccd-9591-14a8da868b8f,270000,2026-06-18,576,90+ Days,Customer
8a801bd8-c291-4e0c-89f9-54e182c65e27,917661e1-3ddc-4cdb-882a-56e83978c161,88e0c8a6-a81e-447e-85d0-ec2be878d559,769400,2026-06-18,207,90+ Days,Customer
b8c62e37-b263-4cbc-a095-28505b237c83,628bcaf4-621f-4082-9aff-5ac50eb5f547,5adb7411-bf57-4ea7-9961-cda87141bd78,402750,2026-06-18,108,90+ Days,Customer
9829f5ad-0845-4ca7-8af0-ea4e560ed5f9,68cc1905-5179-4234-8c85-ffc6f7f1c4b5,6107cfd4-4eee-43f7-83fe-a85209e0e6a4,15400,2026-06-18,560,90+ Days,Customer
daf6900e-a14c-490d-9c20-5cc1dd2407f4,88930eae-d9ac-4994-a9db-253ed1bfcecb,d8bb3a7c-94fa-4da9-9cc9-5ebba6eb27fc,15000,2026-06-18,763,90+ Days,Customer
2b25c08e-1c42-418a-a753-5d96e91917fd,cb55367a-1da2-40df-aac3-6ea2d3ef7d67,76cab85e-2ae8-45c5-93d0-1c9368653efc,14490,2026-06-18,585,90+ Days,Customer
d06274c1-d79d-49ce-9ee9-228990383a5a,71be3019-2872-4e46-9e8f-941663554ca2,3c744747-e10b-4af8-94af-452fb327aeb2,14250,2026-06-18,347,90+ Days,Customer
8933077e-2a07-4fd1-8474-55b3d088ae77,2df9cb4d-3931-42d6-b71e-03529a9850cb,c9c4bf35-f1c6-4021-8bbe-046461f19417,14175,2026-06-18,140,90+ Days,Customer
13a545d6-058d-4d16-bf18-7c856f2af14e,8c104193-5a04-40c1-9868-8f62355a4de8,9befe9a8-5fc2-4f83-92fd-1797bb29aa76,13950,2026-06-18,567,90+ Days,Customer
4a0432ac-e25e-469a-bfb2-799f7cd85a90,d1cfaf26-0be0-4f9e-b7c8-232a034c5bea,da3909a0-6525-48eb-bff1-c451dd4b68f1,13781,2026-06-18,469,90+ Days,Customer
2af3b9f9-c19e-4436-95b6-b3a606e3237a,8da5249a-c2b8-48c3-b61c-12ecf6d898d8,713f689a-46e1-40b6-bf04-2a96f5df05c1,12240,2026-06-18,767,90+ Days,Customer
5de9db4e-042e-4ab6-b6bb-0d543a300ae1,9c550d4c-077d-4fb4-b74d-3debcfd3b42f,14dd2331-8045-43f0-9f52-c9eabcf88792,13250,2026-06-18,130,90+ Days,Customer
b9de9269-a892-4f87-9200-33f27c1d4abf,2df9cb4d-3931-42d6-b71e-03529a9850cb,08930820-e9b5-45f7-8ba2-2268a1fb32d4,12990,2026-06-18,451,90+ Days,Customer
47e629cf-5dc1-4588-a855-3ed448a47be2,8c104193-5a04-40c1-9868-8f62355a4de8,78ac981a-e3e9-4058-b173-332f2a77bc56,12000,2026-06-18,371,90+ Days,Customer
d80f09da-d78e-4f62-8aac-8cd5c3322c13,da25785f-148d-4a33-af27-569a7b317c0c,6fedc149-b4ce-462d-aadd-f53139a5a992,11625,2026-06-18,778,90+ Days,Customer
f8c4b7a6-938c-4b67-847b-b49888506c2f,2df9cb4d-3931-42d6-b71e-03529a9850cb,9e1039fa-eda6-4bb0-a61a-1c10650b7ea6,11100,2026-06-18,437,90+ Days,Customer
c11787f6-9039-4dac-9dfe-273f9903605f,2df9cb4d-3931-42d6-b71e-03529a9850cb,f861f756-8272-4315-95e9-7eba5e334ef0,13655,2026-06-18,720,90+ Days,Customer
b707a50a-9f17-4af0-a792-c31aab614469,2df9cb4d-3931-42d6-b71e-03529a9850cb,c4094770-6ff3-499a-bce5-19971352ba0b,12500,2026-06-18,652,90+ Days,Customer
ae92e35e-9375-4848-8d71-565f50a0bca9,b077f4f7-954e-4c70-935a-84ea00d1f006,459a099d-5fe3-4b87-b769-2f7c2a183925,447500,2026-06-18,122,90+ Days,Customer
5b74bbb9-190d-47fe-9ced-37ca11d5c240,b077f4f7-954e-4c70-935a-84ea00d1f006,5a483878-01ec-4664-b919-d3a01cbfdb6a,2750,2026-06-18,296,90+ Days,Customer
65088de3-2c11-4d04-8a80-d299dbd3347f,ac70db65-33c8-4b07-9267-7fd892c2b0b9,b776b843-681f-4ba5-9f42-f296622b8587,11000,2026-06-18,501,90+ Days,Customer
9b3adc46-d976-4139-9650-9f87a1b00be1,ac70db65-33c8-4b07-9267-7fd892c2b0b9,ba4800d5-3fdf-41dc-8336-48e02fc0d83e,11000,2026-06-18,605,90+ Days,Customer
585df1b9-d9bb-4d6b-bc93-aa95e157bab4,ee050b45-8c17-4d06-ba05-a7f64ed04dab,0358ce66-f757-4d83-b135-70768e23038b,707499,2026-06-18,669,90+ Days,Customer
27a27ca5-0547-4bf2-a492-79805af0a24c,71be3019-2872-4e46-9e8f-941663554ca2,4f72e4df-13e3-492f-a513-b05f46731787,14080,2026-06-18,689,90+ Days,Customer
23db09b7-5e34-4f5a-90e1-bfc39bee75d8,71be3019-2872-4e46-9e8f-941663554ca2,0eda7ef6-3353-439b-ab20-92c4cd913c3c,447500,2026-06-18,108,90+ Days,Customer
899a649e-be60-46fc-b36f-3ac5d5b6e8ef,cb55367a-1da2-40df-aac3-6ea2d3ef7d67,dc1c4712-e051-4783-95e0-9bb94b5ed5ce,14301,2026-06-18,448,90+ Days,Customer
f9e3df78-ee1c-4805-8ede-b07ed250cf2e,c7245031-7efb-409f-99e6-d9d7fc0852d8,a3a8618f-96f9-4f1a-aca2-7f919b93d1e5,14250,2026-06-18,532,90+ Days,Customer
f255deaa-50a6-4efb-9527-18db28e0555c,2df9cb4d-3931-42d6-b71e-03529a9850cb,c304fcdc-db31-44c4-891f-3229c7a6f839,13800,2026-06-18,424,90+ Days,Customer
e33bf33f-0ff8-4bdf-88b0-4c6953d94397,2df9cb4d-3931-42d6-b71e-03529a9850cb,e7909a0f-2b43-4a7a-a297-4c84470284b2,13575,2026-06-18,387,90+ Days,Customer
c50cb3f3-8c1a-4626-a1af-5d59e74f4cee,2df9cb4d-3931-42d6-b71e-03529a9850cb,b14a0aa2-c880-46ad-90f0-07d0ad4efc01,13350,2026-06-18,273,90+ Days,Customer
f285e025-db28-46e7-886b-ef53398d51cd,2df9cb4d-3931-42d6-b71e-03529a9850cb,753ef484-7f1a-4eee-951e-910cbb547f45,12520,2026-06-18,533,90+ Days,Customer
79d06af4-d278-47cd-abea-13e0f664e9a0,696753de-3129-4e86-9cf8-ef5cfa2dd19e,35e24eae-34ae-4543-89e4-6d0b100076c2,12000,2026-06-18,697,90+ Days,Customer
7da8069c-1a8f-4550-9491-b727fc140938,696753de-3129-4e86-9cf8-ef5cfa2dd19e,c7ab9572-9f5c-479d-98fe-eaf07a5d26e1,12000,2026-06-18,710,90+ Days,Customer
638f5166-f4c6-443f-937a-3ed2659b1b25,71be3019-2872-4e46-9e8f-941663554ca2,f64b0a0f-e911-48d9-9629-c063b090fb4f,11120,2026-06-18,328,90+ Days,Customer
80ba6397-aca8-464a-a97b-df63e1edf3c3,8c328e55-9795-49e7-a346-813a77682ee4,0193e4e2-4799-4da5-ba9f-682edea3e93d,11100,2026-06-18,598,90+ Days,Customer
56a8a09d-1801-490b-85d4-6baa2b1fdcc5,ac70db65-33c8-4b07-9267-7fd892c2b0b9,c774c6f2-8d4b-4eb3-8b68-f94722156582,11000,2026-06-18,464,90+ Days,Customer
a7df96bb-6789-47ca-b8d6-d5fe86d94c08,ac70db65-33c8-4b07-9267-7fd892c2b0b9,2e977f62-57a6-490b-998f-5a066e5cfc9d,11000,2026-06-18,527,90+ Days,Customer
ffdfd01d-5f60-41c1-b6d3-42b0f3753381,95c5d920-3701-494c-b8ec-568a66ffc4ad,3e9fca32-9904-41e8-8af0-cf839a39aa6c,313250,2026-06-18,108,90+ Days,Customer
5ed989a5-92fe-4e1d-b888-e097938257ff,d604343c-0482-49ed-80ec-28e4aa0c3fd4,ef580f57-1e66-4d24-9eab-54b71630c1d7,16920,2026-06-18,312,90+ Days,Customer
95ab3206-3b12-4653-858f-13dbe150791c,544b625f-ef7d-4644-83c2-95bbc0c417fa,aa70222a-f6f2-43cb-9177-a9829a49ca50,16000,2026-06-18,626,90+ Days,Customer
f7b76193-8848-43d8-bffd-20aec5fcf781,44241cfa-3426-4b7e-b72f-a6cb09c45f45,7632dee4-9102-46c8-85fe-0c4338f29b24,15300,2026-06-18,599,90+ Days,Customer
de6ef3bf-d29c-4740-9351-f7016a022f81,cb55367a-1da2-40df-aac3-6ea2d3ef7d67,24bb4a53-1aed-4758-983d-3beca5331968,14490,2026-06-18,552,90+ Days,Customer
39421b48-531c-4478-8a5c-15072a5bedc0,0ec16e28-c838-45f0-8887-4df2087044f1,de4c6d28-c07d-4db9-bbcf-9ebf9b3b48ee,14250,2026-06-18,577,90+ Days,Customer
49463952-4447-4eb9-b139-b6e527474598,8c104193-5a04-40c1-9868-8f62355a4de8,86d9310c-24e8-4ecf-a2e4-dca202a996b4,14100,2026-06-18,546,90+ Days,Customer
1dcae17a-492a-47a7-9b4e-fe52ed9e539b,8c104193-5a04-40c1-9868-8f62355a4de8,eb14f613-54f0-466b-abc6-afb23b23e7a9,14100,2026-06-18,564,90+ Days,Customer
0c3abd21-63d5-4fbc-916d-8cd00730e192,8c104193-5a04-40c1-9868-8f62355a4de8,7bd383e0-b236-45d7-9f4f-069a50215a98,13950,2026-06-18,581,90+ Days,Customer
98330815-fa9b-4cfc-877a-5519cc573e68,8c104193-5a04-40c1-9868-8f62355a4de8,a55e2d8f-1e85-4be9-a368-704e28ae790d,13500,2026-06-18,469,90+ Days,Customer
7e7e5807-751b-4c14-aff9-25a01d5682dc,71be3019-2872-4e46-9e8f-941663554ca2,98bea4d9-9294-4eab-8bc7-a477dc5610e9,13500,2026-06-18,380,90+ Days,Customer
8d544c1a-0161-4c97-8b6b-a04807411d7f,f3bd2fe8-47ab-4108-8be0-282593200ccd,53d6255a-95c2-4b7a-8b23-c5dbfd033b87,12750,2026-06-18,778,90+ Days,Customer
43eb2765-5eaa-474a-91da-2908e7933fa3,106a9e98-9b36-4169-9266-8dca173e1ee9,c2ed0cc5-100a-421b-ac32-b17fc741bdc5,12750,2026-06-18,777,90+ Days,Customer
4b9c3f9b-4881-4ce9-8e4c-6d40dae2a051,b68482aa-3798-4bc4-96c2-ae22f9e1f162,e950b967-aa2b-4758-8f13-35e7c45f9ef7,12500,2026-06-18,487,90+ Days,Customer
d01fb062-c6bd-4e88-9d29-6adcceb4eab3,2df9cb4d-3931-42d6-b71e-03529a9850cb,b6269b75-a1d9-4427-8e39-e44b0e3302bd,12150,2026-06-18,455,90+ Days,Customer
3897c28d-9a67-4453-b95e-a46e189cf867,f3306430-4466-40e0-ad5d-d6be617bcd6b,64a3a46c-1889-4a19-8bce-3e19aba8aaa6,11693,2026-06-18,308,90+ Days,Customer
21478f4c-cb9f-4ad8-aaa5-a87d0a53b904,8c104193-5a04-40c1-9868-8f62355a4de8,96f4d5cf-3666-405b-8e58-60fe463a5407,11400,2026-06-18,205,90+ Days,Customer
058dab18-a9a2-4043-9af9-46f58d772244,ac70db65-33c8-4b07-9267-7fd892c2b0b9,d7d90bce-0250-4c5d-b168-373c0b938af3,11000,2026-06-18,399,90+ Days,Customer
f63843ed-069d-4c31-a606-8d8ed0e9fcae,ac70db65-33c8-4b07-9267-7fd892c2b0b9,d5dacad4-8581-4486-b0d9-1b1e08dac0e7,11000,2026-06-18,427,90+ Days,Customer
e7901edd-07d2-4a74-9660-2c8d33e7ab09,ac70db65-33c8-4b07-9267-7fd892c2b0b9,f0da0b6e-e2a9-4998-8b2e-7b0642d926a7,14900,2026-06-18,676,90+ Days,Customer
798218ae-81d0-426d-a4c1-008a13b543fa,2df9cb4d-3931-42d6-b71e-03529a9850cb,d5682034-cd81-48e7-933e-d8297e050432,10999,2026-06-18,549,90+ Days,Customer
fd441e55-80ce-42f9-87c8-b096c3a975e6,8c104193-5a04-40c1-9868-8f62355a4de8,9fefae38-aa02-457f-9346-25eb26d31437,10670,2026-06-18,479,90+ Days,Customer
782c7890-b970-4a41-8a75-430d87ac013d,2df9cb4d-3931-42d6-b71e-03529a9850cb,cdd3f24a-0fb8-4d6b-924e-4fac998dec7d,10456,2026-06-18,323,90+ Days,Customer
47630757-c147-40b0-b439-76b3aa3a3109,71be3019-2872-4e46-9e8f-941663554ca2,9433c6ba-25ca-4f85-828b-c6c3027f754c,10350,2026-06-18,128,90+ Days,Customer
14241398-e674-4611-98f6-39e63e49814f,e3d791cd-8bf0-4abd-b371-0b0800b4f20a,0630023a-1fb0-46ee-b3d8-8aefb2e07fb0,10400,2026-06-18,270,90+ Days,Customer
f0a10468-1b94-4b82-89d6-6a515181cfbc,8c104193-5a04-40c1-9868-8f62355a4de8,457e2772-f4cb-45ca-bfdc-be37864ad642,10874,2026-06-18,275,90+ Days,Customer
164dd887-d3e0-46aa-b8e1-510bf3019566,2df9cb4d-3931-42d6-b71e-03529a9850cb,32c68f12-5422-4949-9529-4958e2de2618,10080,2026-06-18,546,90+ Days,Customer
7f66bd8d-ad17-41da-9700-8a46360f3624,2df9cb4d-3931-42d6-b71e-03529a9850cb,3843c2dd-7c06-4869-94a9-0b8aa9b347d9,10050,2026-06-18,380,90+ Days,Customer
4f5e910d-e0fb-462e-9ec1-f07647079d97,ac70db65-33c8-4b07-9267-7fd892c2b0b9,d55d653c-20e3-4a7c-80c6-471a1f6771e4,10000,2026-06-18,342,90+ Days,Customer
fc115ee4-8ef6-4bcc-b2e4-24d2adb2b7b9,cb55367a-1da2-40df-aac3-6ea2d3ef7d67,9f881c48-d19b-4032-bcb0-39fa0d0b5303,10000,2026-06-18,699,90+ Days,Customer
bb9aade3-033d-4340-8f49-ee28149aa52c,e9f2a363-85c1-40c8-b76e-6527e3f1cc84,b7ea9d7a-c2a6-4f30-8a53-5b76a772c98a,10250,2026-06-18,755,90+ Days,Customer
d3d94281-940e-4af5-a0d8-4be15e70f80e,2df9cb4d-3931-42d6-b71e-03529a9850cb,ff42885d-5984-43ff-8a2b-490810e55fa3,9720,2026-06-18,447,90+ Days,Customer
b286203b-1278-4e68-bc26-17cf36d69a4a,71be3019-2872-4e46-9e8f-941663554ca2,fb2dabce-8dd8-408a-b9e6-54c7b0023c2a,9795,2026-06-18,144,90+ Days,Customer
54d0bc10-99ce-4a7a-8324-58b16b526fd9,27a12971-33b5-4ba0-970e-6c1a7218f5f4,68fab3c1-5503-4d5d-a282-5ed7dcc43873,9700,2026-06-18,547,90+ Days,Customer
64685421-2238-4f6b-ad99-6f93252ad894,6e033f20-4870-4327-9719-a6300ec02ac8,a93b2f62-5c76-4203-9886-0bfbbc82380c,9999,2026-06-18,620,90+ Days,Customer
508c47e4-f73c-4058-984f-ab53fff5b6e7,2df9cb4d-3931-42d6-b71e-03529a9850cb,9f0c1bdf-6e5d-43f8-acc4-9834300b279f,9680,2026-06-18,266,90+ Days,Customer
75e215c1-f099-4fe0-bc26-7d08f1db44cf,c62ed87b-e442-4815-a36e-6b634e3628f1,afff8106-0128-49b0-b96d-51a1a188b2d2,9600,2026-06-18,566,90+ Days,Customer
930fca09-e645-4bd8-b4a6-ef0c978f6ede,2df9cb4d-3931-42d6-b71e-03529a9850cb,a2f6ce63-4800-4c8f-97aa-3c84975b1e3d,9600,2026-06-18,400,90+ Days,Customer
46b2c046-3eee-44bb-a0cb-6af6f0f3329b,2df9cb4d-3931-42d6-b71e-03529a9850cb,ab8d61a3-4a31-4b5c-adee-e454a37ae188,9680,2026-06-18,261,90+ Days,Customer
8f162b8e-4f71-4ba0-9aa3-9156a7f6d7bd,cb55367a-1da2-40df-aac3-6ea2d3ef7d67,5c69c35b-9740-4d85-a1c7-386c38e8b4f9,9600,2026-06-18,608,90+ Days,Customer
b648600d-14df-4a50-b84a-73e3d5992c42,cb55367a-1da2-40df-aac3-6ea2d3ef7d67,0ef94c38-f0be-4965-bde8-c8581dd0c47f,9564,2026-06-18,505,90+ Days,Customer
a5e1720c-e713-4c8c-af95-563a0c02828c,c62ed87b-e442-4815-a36e-6b634e3628f1,29c6376b-3e93-46a1-b41a-300497584c76,9500,2026-06-18,553,90+ Days,Customer
e431ac64-b33c-4928-a1b1-3a7ba77b78d4,2df9cb4d-3931-42d6-b71e-03529a9850cb,eed01610-fc25-4f78-9904-6e6bd66dde53,9500,2026-06-18,548,90+ Days,Customer
072c79af-a023-436f-bb50-b58b1a1d72d1,cb55367a-1da2-40df-aac3-6ea2d3ef7d67,def06dd5-32b9-4e09-b8ef-fef9636249dc,9594,2026-06-18,517,90+ Days,Customer
1047c3ad-1945-44b2-bb95-155c1f2c0e85,7622d047-e614-4e6d-b1c6-006c6cdcb40e,99b04097-ea4f-4eb2-8771-0e10ca8aa225,9400,2026-06-18,610,90+ Days,Customer
78daad66-203c-4ca9-ab70-f5888b479198,f0d5b006-a306-4779-837b-1a3c581d7119,ff85f148-9981-4102-87c2-0abf5727810f,9530,2026-06-18,575,90+ Days,Customer
c64d256c-9721-43fe-8123-5e2b57a6da74,2df9cb4d-3931-42d6-b71e-03529a9850cb,e76b9ff2-c71d-4a7c-af80-c0ee75c08f9d,7700,2026-06-18,396,90+ Days,Customer
7ca31757-b364-4306-bd2f-b5ef19d991ac,2df9cb4d-3931-42d6-b71e-03529a9850cb,0f45d0e6-2f49-490b-a9db-f15edd0339cf,7615,2026-06-18,310,90+ Days,Customer
10eb2794-d987-423c-a0a4-38a385aeb951,2df9cb4d-3931-42d6-b71e-03529a9850cb,f79ee577-bf91-493f-a467-bfac8ca47d98,7370,2026-06-18,382,90+ Days,Customer
c0ec3ed1-3179-4604-84b8-3f2e684034ae,2df9cb4d-3931-42d6-b71e-03529a9850cb,bd036ba0-8077-403c-a947-0e39914c4c9b,7100,2026-06-18,431,90+ Days,Customer
b01e760f-127d-47ca-975c-856f00852904,2df9cb4d-3931-42d6-b71e-03529a9850cb,dab50029-94bb-4c4d-962d-623294ecdc80,6900,2026-06-18,392,90+ Days,Customer
09b6e16d-b2dd-48f0-995e-575cf6d6afde,2df9cb4d-3931-42d6-b71e-03529a9850cb,a6b26525-8f6d-4851-8fd0-8fe61b0c7dda,6850,2026-06-18,424,90+ Days,Customer
ca5835cc-75e2-45fb-9d88-42df31e0461c,2df9cb4d-3931-42d6-b71e-03529a9850cb,cd0c57c2-8fa5-47f1-9d55-77d7f6bf966d,6600,2026-06-18,417,90+ Days,Customer
bfa2ca36-290a-45e9-a73b-48250678cb6b,ad9a5ae4-bea9-4ae4-ac63-464ff555e655,fc484bc3-25d3-4153-adea-29e38464a16f,223750,2026-06-18,111,90+ Days,Customer
cf3b9f00-e2ff-4f34-b55e-f7c94ee24a9a,d3bd615d-d50e-4da2-853b-1f8f3eea6550,c5e85bad-5bf8-4a3b-9d2c-f2c18f8bdced,570000,2026-06-18,556,90+ Days,Customer
09b4675d-3473-4677-a53b-287dc2a7bd66,71be3019-2872-4e46-9e8f-941663554ca2,cb6707e7-7fbd-41ce-bae1-4ce40564a0b1,690300,2026-06-18,578,90+ Days,Customer
10be3553-5e7f-4245-a9e4-e5b67ade5c4e,8da5249a-c2b8-48c3-b61c-12ecf6d898d8,60b5deb0-c5be-4d53-b832-195d0d02baff,569000,2026-06-18,576,90+ Days,Customer
ce245566-e55c-4611-91b0-caa186654390,2df9cb4d-3931-42d6-b71e-03529a9850cb,8fc67a2b-466a-4a3e-bc4e-fca376ce1184,7611,2026-06-18,198,90+ Days,Customer
77407efb-4c46-4007-8ac1-ba2d0d28ca9f,fdf56cc8-2c66-486d-ae8f-8f48c5a28b0c,94c3fff1-4236-49c5-8697-fef944157ad9,3580,2026-06-18,108,90+ Days,Customer
a7d06d4c-921e-4abc-acce-e1f113f2d545,8c104193-5a04-40c1-9868-8f62355a4de8,3a2dc320-b322-4e53-a45f-55fc64ff21c5,9400,2026-06-18,672,90+ Days,Customer
8cf0b04b-5789-49f6-8273-0b6a6ce55cbc,2df9cb4d-3931-42d6-b71e-03529a9850cb,27378314-ce67-4246-bb38-6c5ce1f504cd,8800,2026-06-18,258,90+ Days,Customer
5192b3ee-4dc8-458a-b341-bb4c592201e2,2df9cb4d-3931-42d6-b71e-03529a9850cb,d257b800-b981-4231-89b8-147fc84658d3,8560,2026-06-18,519,90+ Days,Customer
69fff1e5-a922-4ac8-9049-ab9c17673673,2df9cb4d-3931-42d6-b71e-03529a9850cb,5020674a-4aae-451e-b9c5-8c85d8d2e949,8400,2026-06-18,405,90+ Days,Customer
a97414bd-c48a-4d9b-8acf-7ea3b9a98c27,c2e44d7b-0e00-4667-83c3-e7b12a5d96e7,0928d2fa-8b15-42cd-9efc-436e42029722,8200,2026-06-18,736,90+ Days,Customer
fb57f883-4829-4240-8d5e-c3e649e622ae,2df9cb4d-3931-42d6-b71e-03529a9850cb,8910dde7-16e2-4dee-b63b-bbbac6d55652,8010,2026-06-18,421,90+ Days,Customer
8383175d-298f-4803-a9aa-1bf8bac47ffb,2df9cb4d-3931-42d6-b71e-03529a9850cb,684ed2e8-2b40-4341-bdee-0ddbf793755d,7800,2026-06-18,402,90+ Days,Customer
0034ea8e-c3c1-475e-adbe-bb6e5601415c,1f1746d2-52c5-4dc5-aadf-ea179bd755e0,a12745fa-a315-4682-982e-2ba3bd901f20,7700,2026-06-18,317,90+ Days,Customer
9794dc89-5761-43b1-9f07-2382cbff6a28,68cc1905-5179-4234-8c85-ffc6f7f1c4b5,07e8ca47-ba40-49c6-8cc8-acf8fb6a6ef7,7600,2026-06-18,501,90+ Days,Customer
393408a6-d6ee-40ab-88e4-8283b2bcc816,2df9cb4d-3931-42d6-b71e-03529a9850cb,43c503a6-8741-47f2-821c-f5b6808edfaa,7300,2026-06-18,480,90+ Days,Customer
481ed15a-1d3d-4d5d-961b-528fa56a98e5,2df9cb4d-3931-42d6-b71e-03529a9850cb,29fb0593-52f3-4379-bbb4-1661b9f37027,7100,2026-06-18,429,90+ Days,Customer
5582d90c-e008-4f26-9641-aee915781692,2df9cb4d-3931-42d6-b71e-03529a9850cb,ef25657f-29c5-4e8c-9467-d1a5e13c7bd5,7050,2026-06-18,242,90+ Days,Customer
f6bc7b91-14d0-4afe-b025-bffb19c07b97,9c8577e0-bac5-40ed-ab97-d69d5aadb619,bf6ee54b-95ca-47d7-a4ee-ae7180a50d5c,239700,2026-06-18,111,90+ Days,Customer
636e4eb9-3524-49a0-85d4-9ed5b3b8a0b8,8da5249a-c2b8-48c3-b61c-12ecf6d898d8,26ea250e-c786-4488-99e2-b88ce47ae986,569000,2026-06-18,567,90+ Days,Customer
2535692f-1588-4370-bbc5-a473414aa169,2df9cb4d-3931-42d6-b71e-03529a9850cb,d3037194-76c0-4e54-b5f9-e734ca43abb7,6720,2026-06-18,505,90+ Days,Customer
9bc22927-ae30-4a8e-9a3d-5f611a2d10c0,d78da672-2264-4485-aa03-b559e81130e6,6f4e9a59-0687-4474-abeb-5de1abcfed9b,8000,2026-06-18,689,90+ Days,Customer
4defe1a1-7ff0-4f47-97ee-cfa6c96d8b20,242b18b0-2b6e-4ef6-b311-fa29444b997b,d9e686f0-f0b9-417c-b6ad-80f3af9fab64,505000,2026-06-18,109,90+ Days,Customer
07997149-985c-432e-b71a-d69f898196be,5f07e96a-d49d-413a-a1ff-13d4ee75c6ca,f31c2733-6f49-42c8-b60f-9e63c15b727f,8900,2026-06-18,697,90+ Days,Customer
381d2402-03d7-49dc-96e6-d541ae0d00e5,1f1746d2-52c5-4dc5-aadf-ea179bd755e0,3a78c637-328d-4afc-8b35-b0a327b2c87d,8625,2026-06-18,597,90+ Days,Customer
0c152ef2-5db5-4b2b-9ff1-2f941fcc6674,71be3019-2872-4e46-9e8f-941663554ca2,6857ad69-8d18-421b-a38a-918eed950a4a,8493,2026-06-18,127,90+ Days,Customer
f2cbab95-46ab-4f9a-83c4-43b72887d8c4,2df9cb4d-3931-42d6-b71e-03529a9850cb,c07aec21-ad98-4d08-bae6-70065560b7e6,8220,2026-06-18,424,90+ Days,Customer
992c581f-167b-47aa-8150-e8df6de10d24,8c104193-5a04-40c1-9868-8f62355a4de8,e17548c6-bb39-48f4-8ee9-872693d6d4d9,8000,2026-06-18,401,90+ Days,Customer
8bf9fe19-4e0f-4d05-a74c-61f472404abe,39634c4e-b37c-4800-a7ac-d9a39f87de55,60971c76-1b7b-4c5c-a725-ad368c3ed789,7700,2026-06-18,575,90+ Days,Customer
7d84e900-3567-4375-93d9-fb22919ae55d,71be3019-2872-4e46-9e8f-941663554ca2,5a43e234-be71-44ef-92e0-9be8ce5beb69,19234,2026-06-18,769,90+ Days,Customer
034030cb-fe11-4f8d-8189-a376e468a543,2df9cb4d-3931-42d6-b71e-03529a9850cb,5a2b36d7-ee48-48bf-8dc4-245ab5a4ce96,7100,2026-06-18,468,90+ Days,Customer
db37ae39-f5a3-4b7b-838b-e8348191257d,d11168e8-0acb-4143-82e4-419e25634be8,f3fb6065-4f44-4fd5-8453-c4290f2ed30d,6800,2026-06-18,475,90+ Days,Customer
d16f95b0-a099-47c9-8f31-b1deca67dacc,2df9cb4d-3931-42d6-b71e-03529a9850cb,9fbc5f3a-30ab-4eda-8250-f18ed0b7b722,6686,2026-06-18,171,90+ Days,Customer
711321f1-4a98-4a18-bd1a-a731b54c7089,71be3019-2872-4e46-9e8f-941663554ca2,f9d5a517-d50f-4a63-afd1-cb6b64c9d892,84000,2026-06-18,769,90+ Days,Customer
39230a6a-5da5-43d1-94ef-324e80423204,2df9cb4d-3931-42d6-b71e-03529a9850cb,5a5de275-5d38-4619-bc11-20820201a512,9300,2026-06-18,304,90+ Days,Customer
2ff37d6e-d823-4f64-8ae2-afee90da6ddf,2df9cb4d-3931-42d6-b71e-03529a9850cb,7126af58-960f-488f-9f26-647c7bdc2e8a,9200,2026-06-18,512,90+ Days,Customer
d2e7a846-3c8d-4ab9-acbb-83ab33153c00,2df9cb4d-3931-42d6-b71e-03529a9850cb,b8731e76-7a83-4ad6-b354-35a491143e7b,9000,2026-06-18,479,90+ Days,Customer
f774b664-755b-4636-b297-98e0c0686332,8c104193-5a04-40c1-9868-8f62355a4de8,c0f5555c-5fc6-4edb-8a96-175e60c409b7,8800,2026-06-18,422,90+ Days,Customer
a9be33aa-8fe9-4bb9-b4dc-5934ab382c42,2df9cb4d-3931-42d6-b71e-03529a9850cb,205a9681-dbfd-4dde-b1f6-7b38a7945c96,8750,2026-06-18,260,90+ Days,Customer
f9ac10ed-1048-4a5f-b3fb-ded2200b0dd3,2df9cb4d-3931-42d6-b71e-03529a9850cb,2b337f86-037e-4efb-b609-54d783463839,8350,2026-06-18,479,90+ Days,Customer
02598d2d-c9f5-4cec-8624-6646167ad07c,2df9cb4d-3931-42d6-b71e-03529a9850cb,aaf41b49-b7b1-47d0-8db4-ead4733b44dc,8040,2026-06-18,356,90+ Days,Customer
4f02917c-19ff-4659-998e-03073bc74523,ef3f4e84-96a1-48bf-a814-01dd82a0cd9c,43d2deff-cada-4cd9-ab6f-5bb9d1f8aa4e,7900,2026-06-18,742,90+ Days,Customer
1184c20e-ec89-4ea8-9a68-640089dec850,2df9cb4d-3931-42d6-b71e-03529a9850cb,912ff504-74ef-48f0-9481-15c2b73154e5,7600,2026-06-18,534,90+ Days,Customer
7ec0c599-afcb-4d48-9518-4ee139ec6fd5,2df9cb4d-3931-42d6-b71e-03529a9850cb,36dccd7f-07bb-4a78-9bde-abbd77600b5f,7348,2026-06-18,293,90+ Days,Customer
997a178c-3656-4dc0-a52f-f7bf671cfdf4,2df9cb4d-3931-42d6-b71e-03529a9850cb,ff5cc36b-44a3-4f08-9b6e-644b987f95bc,7200,2026-06-18,438,90+ Days,Customer
ced859ba-080f-47b6-b790-6cc589dc5cff,2df9cb4d-3931-42d6-b71e-03529a9850cb,826e7afc-0731-4ad9-a440-eae6dd451031,7100,2026-06-18,438,90+ Days,Customer
648f27b5-fec6-4290-9717-4fe03a6791a4,68cc1905-5179-4234-8c85-ffc6f7f1c4b5,29d8b00c-f02e-4aee-b853-58b3f94ef7d3,6800,2026-06-18,406,90+ Days,Customer
eebf4a34-6686-428c-933f-8c75e1402355,2df9cb4d-3931-42d6-b71e-03529a9850cb,a2023a34-77ca-40ac-91d0-fa4858336363,6700,2026-06-18,388,90+ Days,Customer
8528477c-90f2-4628-879c-14e0865c4b09,f4365c09-2c12-4388-9e00-68fd7a957575,f4855a61-2673-44dd-8715-304c5491335a,6600,2026-06-18,619,90+ Days,Customer
dcfd55b6-35ad-4757-99a5-34412ae27253,71be3019-2872-4e46-9e8f-941663554ca2,b8d26b16-a4eb-4954-a222-19259f87459a,6562,2026-06-18,151,90+ Days,Customer
3907934f-edc4-4a89-876d-e24a07320839,beb13cfd-593a-4390-b602-93a464c0d4d5,2c12febb-d847-4a7e-b555-2c82087aab0f,6560,2026-06-18,471,90+ Days,Customer
6359c043-3599-438c-aad1-89cb4b623397,71be3019-2872-4e46-9e8f-941663554ca2,078bb118-5856-4377-b45c-01aa2f14998b,6560,2026-06-18,535,90+ Days,Customer
e0e484ee-08c3-44e4-a9e7-bb4de0f0a848,2df9cb4d-3931-42d6-b71e-03529a9850cb,e0918259-8ea5-4e0d-bd0b-e31b91a8f1a3,6500,2026-06-18,345,90+ Days,Customer
2934d316-842b-4667-9763-13ca756e04e3,8c104193-5a04-40c1-9868-8f62355a4de8,383ee3a9-2440-4675-a430-c352a46b2c90,6400,2026-06-18,154,90+ Days,Customer
58d146d9-330e-4259-aaf5-eca24782ffd5,2df9cb4d-3931-42d6-b71e-03529a9850cb,51ee5bff-7465-4cf4-ac3c-6c7fc1591da6,6516,2026-06-18,261,90+ Days,Customer
de4ff41b-08b9-4ec5-a884-594f63277ab8,2df9cb4d-3931-42d6-b71e-03529a9850cb,569f9f75-89e0-486d-b35c-6aa21f3b924c,6450,2026-06-18,472,90+ Days,Customer
79689cee-966f-47ea-98af-1975a3f54f9b,8c104193-5a04-40c1-9868-8f62355a4de8,364f0810-938b-4a91-a564-d25a10fc3d60,6400,2026-06-18,158,90+ Days,Customer
02ed391c-c8f1-43e1-834e-b08a48124245,2df9cb4d-3931-42d6-b71e-03529a9850cb,58709063-832a-4f8e-a03c-27872ad2744c,6250,2026-06-18,399,90+ Days,Customer
a12d0a47-5b55-40ae-9abe-88f271c55a5a,2df9cb4d-3931-42d6-b71e-03529a9850cb,584a63cf-20c1-45cf-9d2d-d6e5cc7b8a93,6000,2026-06-18,449,90+ Days,Customer
7ac1718a-b8cd-4cf6-8f49-362a23fcc9b4,ad2d5f70-bfd7-4a66-b4eb-b5eaba104188,ff77065a-af7b-438f-98d5-0a34ee1fe197,6300,2026-06-18,744,90+ Days,Customer
31b56af7-8628-4bad-b64e-205ca1642deb,8c104193-5a04-40c1-9868-8f62355a4de8,dfcda673-bd40-4509-9113-a82829bd54f1,5950,2026-06-18,179,90+ Days,Customer
656b90c3-a291-4d75-89d0-1473d18d9b28,2df9cb4d-3931-42d6-b71e-03529a9850cb,e4a43c29-0f77-486b-8c22-17a4abf4d87b,5937,2026-06-18,186,90+ Days,Customer
ba508d31-cce4-4ddb-a305-b1ce41e57961,8c104193-5a04-40c1-9868-8f62355a4de8,f861ba8f-f919-4ef6-8646-5949ec5234af,5900,2026-06-18,165,90+ Days,Customer
4347fe04-c6f5-4b1d-abfb-928e55e8a194,2df9cb4d-3931-42d6-b71e-03529a9850cb,d7ac20b3-a7ec-492d-8ffe-920dfde9573a,7370,2026-06-18,688,90+ Days,Customer
f41fce4a-8187-4538-be01-f7410fc78812,d11168e8-0acb-4143-82e4-419e25634be8,3f21300b-1fcc-4bfa-995a-d1063e0f7aeb,6400,2026-06-18,655,90+ Days,Customer
c6c38f36-d2cd-4757-bad8-d0834ea458c2,57343a3c-bedc-4f32-af27-80a239e77b70,3292d980-ac18-45fa-b957-2c2e3f4a6ebc,6375,2026-06-18,752,90+ Days,Customer
9c6ce1ab-9cee-4614-923a-d0695e6b00db,2df9cb4d-3931-42d6-b71e-03529a9850cb,dbbf581d-969b-4c94-ae09-97eaf66ba5a4,5800,2026-06-18,225,90+ Days,Customer
2f16538a-c4cf-43a5-a352-dd81d8f931e1,d11168e8-0acb-4143-82e4-419e25634be8,1361beda-ca18-4444-af10-b590da6d48c9,5500,2026-06-18,417,90+ Days,Customer
f322c9eb-a565-4621-9583-b9682d458e88,47559f01-664a-47f4-ab69-b35b73af9635,385e77dd-c90b-4a37-9f7a-f3299a5ae985,5000,2026-06-18,685,90+ Days,Customer
aef4587d-2ff0-4627-8118-94da9b1d11ec,2df9cb4d-3931-42d6-b71e-03529a9850cb,3baff078-f696-4d98-8217-fcb6c2062a2f,4750,2026-06-18,547,90+ Days,Customer
3872efe3-c293-45f7-b80f-7f7c1f6101e2,c62ed87b-e442-4815-a36e-6b634e3628f1,69b6a795-451e-4055-ac6d-8a6feaa43cac,4700,2026-06-18,513,90+ Days,Customer
9f2da8ba-40c0-417e-9f5c-3144e9840f33,0e59f9b8-792d-43cb-a7e3-39a3cbf25ae7,98da2067-3f91-45b5-9c1a-b9aec4930bfe,4700,2026-06-18,389,90+ Days,Customer
20e6a209-91c0-488d-a402-458a523b8c1e,2df9cb4d-3931-42d6-b71e-03529a9850cb,4cdce5fb-3dae-4864-ace0-9fa3230f72e9,4650,2026-06-18,501,90+ Days,Customer
f5831fba-6e52-49fd-bea9-a23f239d455c,2df9cb4d-3931-42d6-b71e-03529a9850cb,fdecfc2a-3036-4b45-9362-58d479e68ae3,4620,2026-06-18,466,90+ Days,Customer
c76f5560-336e-4b15-9674-6ce6490e1d6c,c62ed87b-e442-4815-a36e-6b634e3628f1,4a64e694-4741-431c-87d9-91664f959133,4600,2026-06-18,508,90+ Days,Customer
f4ee38a9-a113-42fd-a8b4-56e76abdd5fd,2df9cb4d-3931-42d6-b71e-03529a9850cb,c454f135-2002-465c-a437-4fba6d632ace,4600,2026-06-18,494,90+ Days,Customer
39c92c37-5b7c-45bb-b9f9-daacb1bd6adb,2df9cb4d-3931-42d6-b71e-03529a9850cb,9c4fd31d-0327-4700-aa76-8dd5142e5471,4600,2026-06-18,526,90+ Days,Customer
af0cf6a9-4ca1-4be1-bff3-1085638999ba,9c550d4c-077d-4fb4-b74d-3debcfd3b42f,c8618a07-b76a-46df-9bb9-8431503e3f18,4550,2026-06-18,468,90+ Days,Customer
43fdfbde-a38f-42e2-a62d-1caf778a29ee,2df9cb4d-3931-42d6-b71e-03529a9850cb,23659989-de80-411c-8348-cacf16d94ee9,4537,2026-06-18,392,90+ Days,Customer
b085f4b3-1ef6-4bb0-bf5f-6ed9c5f4540f,71be3019-2872-4e46-9e8f-941663554ca2,5e6fddff-8512-411e-901c-2db233969936,4200,2026-06-18,413,90+ Days,Customer
16073c33-fb9c-495a-a10d-2bcf9876ec92,2df9cb4d-3931-42d6-b71e-03529a9850cb,d9bd80e7-06f2-4bd9-b194-10cc73de368d,4000,2026-06-18,366,90+ Days,Customer
c7b31b9d-55c1-420e-9c86-3b6fa47741f8,2df9cb4d-3931-42d6-b71e-03529a9850cb,657fe529-eea5-4d6b-a85b-d6e6e2807195,3900,2026-06-18,301,90+ Days,Customer
fbc1a3ab-2698-4e5e-acc0-a7bcbf1389de,2df9cb4d-3931-42d6-b71e-03529a9850cb,c707374d-87fb-443f-9006-7dc9896656bd,3740,2026-06-18,359,90+ Days,Customer
ee5a6a5f-f5d3-4479-86e1-6910b876aab9,2df9cb4d-3931-42d6-b71e-03529a9850cb,35fa83bc-5e65-4731-ad67-d3c5c4097750,3720,2026-06-18,402,90+ Days,Customer
5a889e5e-dfb7-40cc-a93c-810fc9264586,2df9cb4d-3931-42d6-b71e-03529a9850cb,eaa3cd47-3063-4b16-9512-2d2522cee871,3560,2026-06-18,242,90+ Days,Customer
b9dc9356-2306-4c0c-bdfe-7cf076250774,2df9cb4d-3931-42d6-b71e-03529a9850cb,b26b9b41-be4e-48b1-9c80-4137692b2ea6,3500,2026-06-18,363,90+ Days,Customer
fe9462ad-df3a-4af6-8ce7-5d7559436ad8,ee2b8493-de5e-4c86-bcb2-2ebc194d5662,baacb118-4a8a-4104-aa74-d058a7a22a74,3400,2026-06-18,513,90+ Days,Customer
a359b63d-0b01-4f40-beb2-495244e747a1,8da5249a-c2b8-48c3-b61c-12ecf6d898d8,0e65b597-e951-47ac-b422-b758f9a2a740,5100,2026-06-18,767,90+ Days,Customer
2039a696-5876-474d-945e-303510e60b17,f3bd2fe8-47ab-4108-8be0-282593200ccd,f224f1da-12d6-4032-b160-3fc30ac09e9e,5000,2026-06-18,763,90+ Days,Customer
1809049d-48f4-452b-859e-b8b662b1d158,71be3019-2872-4e46-9e8f-941663554ca2,e69743fa-24a6-415d-ae91-7f0539825c53,4950,2026-06-18,412,90+ Days,Customer
fdad1d2c-2623-4009-b3e4-e103e2fd47d4,2df9cb4d-3931-42d6-b71e-03529a9850cb,28c3336f-ed9d-40a2-a696-113cc8f3cccc,4800,2026-06-18,519,90+ Days,Customer
6c26643f-552e-4f65-9c88-bdee0ac0450e,cb55367a-1da2-40df-aac3-6ea2d3ef7d67,1f28c622-7c35-4744-9e0a-90f0aa59142f,4800,2026-06-18,596,90+ Days,Customer
053f26f3-0337-4912-92d4-44e56e4b5959,c62ed87b-e442-4815-a36e-6b634e3628f1,00814569-19b9-4879-9214-0fc33c9b2960,4700,2026-06-18,557,90+ Days,Customer
8a6ea6ac-df10-405f-9e49-7686425f3154,f44a9d04-ec44-4f8a-969e-fac7c10823b8,7d8f0873-e09d-4760-94a9-dd1d98494cd6,4700,2026-06-18,597,90+ Days,Customer
7dc6eb74-1457-4f16-9b07-b7264705cab0,2df9cb4d-3931-42d6-b71e-03529a9850cb,eb128985-98bd-42b7-8cfc-d75bff7e8858,4650,2026-06-18,532,90+ Days,Customer
8d383418-95b5-4bbe-a1d8-ced49e50436f,2df9cb4d-3931-42d6-b71e-03529a9850cb,94966ad4-39af-45fb-a8ec-aa36941b2ebf,4625,2026-06-18,514,90+ Days,Customer
336c506a-6e3f-4f63-9b11-fa66f666d03a,2df9cb4d-3931-42d6-b71e-03529a9850cb,e370f2eb-dca7-4ba4-8621-7ed733d5fefd,4600,2026-06-18,224,90+ Days,Customer
984d0090-f464-41b0-982f-7a2a8dbae5c1,2df9cb4d-3931-42d6-b71e-03529a9850cb,f3feb91d-7c2f-420b-b31f-865feb52d8f3,4600,2026-06-18,458,90+ Days,Customer
e5280e82-d999-4a02-a14b-2037e5e6d489,2df9cb4d-3931-42d6-b71e-03529a9850cb,143c3ea2-3dec-4e87-99b0-28e909f13e1e,4600,2026-06-18,508,90+ Days,Customer
7942ab51-d226-4797-85e0-b7ec43a4d97c,2df9cb4d-3931-42d6-b71e-03529a9850cb,b6b2dc57-e73c-4843-b4ce-b7058f202395,4600,2026-06-18,529,90+ Days,Customer
a403ec27-5447-4328-87e9-057e3bee3ad0,2df9cb4d-3931-42d6-b71e-03529a9850cb,6cb7ef2c-e052-4c09-b2b1-a92520286346,4500,2026-06-18,283,90+ Days,Customer
b599f874-06d4-4c92-b2da-1fbc1dd06899,2df9cb4d-3931-42d6-b71e-03529a9850cb,400e03b9-221d-47e3-bfdc-7a0094b0f7c7,4500,2026-06-18,451,90+ Days,Customer
dd8503c1-a3a0-4d14-b7f0-1f2810cac175,9c550d4c-077d-4fb4-b74d-3debcfd3b42f,23b1c575-1a36-425b-af4d-e18c20076c11,4500,2026-06-18,505,90+ Days,Customer
cc4ee64d-2bd6-4869-98cb-87bd2061df02,c62ed87b-e442-4815-a36e-6b634e3628f1,cbbc7aef-3452-4629-b859-bfba2f71d82c,4250,2026-06-18,386,90+ Days,Customer
1c4459bb-f626-499b-9d22-b2a522c9767a,c62ed87b-e442-4815-a36e-6b634e3628f1,db8de824-a695-4454-8a48-46174aa5b963,4250,2026-06-18,387,90+ Days,Customer
e4639735-7653-4ae0-9bb7-653596746c4b,2df9cb4d-3931-42d6-b71e-03529a9850cb,b1c1f8d7-7d22-43ec-a7ca-13943251d567,4085,2026-06-18,503,90+ Days,Customer
c7ffb4cc-d507-4e4c-bd62-8d6d9d04fea9,2df9cb4d-3931-42d6-b71e-03529a9850cb,5440102c-db3e-4db6-9d6c-683c239fd9ca,4000,2026-06-18,405,90+ Days,Customer
9f890fb8-152a-42cf-a812-2c02b17b9d7d,2df9cb4d-3931-42d6-b71e-03529a9850cb,e0f3ccca-9335-4295-aca1-3b7628e8cc4b,3832,2026-06-18,330,90+ Days,Customer
20fbd003-1703-47c6-b119-72bcc1e34c00,2df9cb4d-3931-42d6-b71e-03529a9850cb,3852eab8-4027-407d-96bb-a640693af54b,3800,2026-06-18,457,90+ Days,Customer
db7e8c74-aa8f-4146-a487-6b8ff51eed6e,7048623d-7a72-46d8-957d-95ee5ed6799c,9baf6e80-00e2-4dc0-ad8d-231fbbb86de0,3600,2026-06-18,120,90+ Days,Customer
fb802cfb-6e42-427d-8c4c-7d2fb2e1b9de,2df9cb4d-3931-42d6-b71e-03529a9850cb,9ee847bb-c714-48cb-a46b-88f1cda9ec82,3600,2026-06-18,130,90+ Days,Customer
b4b1b348-8f74-46d6-98f5-dd4d599fb0c1,2df9cb4d-3931-42d6-b71e-03529a9850cb,e4cbc750-da3f-45d9-803e-6d3fa20dc411,3560,2026-06-18,244,90+ Days,Customer
3810bf58-55a0-4ea0-96e5-2ca2328f0cea,ed1a8f9c-e058-48fa-80eb-c2ed68fb6e36,e5b3c2ff-2cbc-437a-b323-69a7c925cab4,3450,2026-06-18,612,90+ Days,Customer
5268c2e1-ee87-4a91-b75d-edb7c2e61b3f,2df9cb4d-3931-42d6-b71e-03529a9850cb,22c3238d-9d0e-4790-8bdc-9ae3c68c86b3,3360,2026-06-18,518,90+ Days,Customer
c8d9741a-2504-49ef-ba31-96b747234ee6,2df9cb4d-3931-42d6-b71e-03529a9850cb,bcf19290-349b-43cb-93c3-f3dbae0ec1d5,3340,2026-06-18,373,90+ Days,Customer
e877c0ee-a2d0-4601-86ae-7d913f410fac,ac70db65-33c8-4b07-9267-7fd892c2b0b9,edc80c5d-750c-480b-8283-48db0e2d4c33,5500,2026-06-18,503,90+ Days,Customer
5c55b70c-8f04-4736-b2bd-bbb598cb76be,2df9cb4d-3931-42d6-b71e-03529a9850cb,12b5ac57-529b-4286-bd9a-f8b46e420416,5200,2026-06-18,340,90+ Days,Customer
5fe54b46-383b-4657-b5f0-d450fac8615e,2df9cb4d-3931-42d6-b71e-03529a9850cb,6e93fb0a-5ac4-4177-a5c5-e62e57c58cb3,4980,2026-06-18,384,90+ Days,Customer
79d0fa06-1af6-4a50-af1e-8b59cc36362c,c62ed87b-e442-4815-a36e-6b634e3628f1,b9f90912-78bc-43d2-aaae-46ea806114ca,4800,2026-06-18,542,90+ Days,Customer
4cecb849-0a5d-421f-bb54-983c32a16b16,cb55367a-1da2-40df-aac3-6ea2d3ef7d67,dad25adc-a242-4050-b6f1-bb78985d9e48,4747,2026-06-18,643,90+ Days,Customer
1045bd72-ed7d-47f2-b758-63c44a73ce0a,f6e8d821-6749-46f6-b17e-ad8e75fce8b6,b2de8e03-b6bb-4269-bf78-5dc3cdaa76e0,4700,2026-06-18,597,90+ Days,Customer
8a321a90-a1d4-4e61-bfeb-8fef62dd0e87,82b84633-877e-4f83-b407-4b242b213f59,9e109bd6-c1b5-4b2c-a07b-cf1cc714ce18,4700,2026-06-18,650,90+ Days,Customer
f18b15e9-5e94-4fee-819b-ebbf9c00d35b,2df9cb4d-3931-42d6-b71e-03529a9850cb,1380e3b4-03ec-4c25-b7b6-49e49a3e2b9f,4650,2026-06-18,496,90+ Days,Customer
6d31cd1b-aad7-46cc-9dcf-11844bf7d2f0,2df9cb4d-3931-42d6-b71e-03529a9850cb,f47485a3-ec86-4179-bb1f-2651348711ff,4620,2026-06-18,486,90+ Days,Customer
19381fc6-f75e-4a21-aef9-55e37fa8e5c1,c62ed87b-e442-4815-a36e-6b634e3628f1,1fe720c0-18bf-4693-9c2a-91a856eb5635,4600,2026-06-18,482,90+ Days,Customer
06b89990-623d-4638-8273-4f9cf502b164,2df9cb4d-3931-42d6-b71e-03529a9850cb,14246c3c-ca25-4215-9afb-2e90e7bb4573,4600,2026-06-18,491,90+ Days,Customer
5f2061ef-fdb8-4b90-8f4a-8a9f8b8e874a,2df9cb4d-3931-42d6-b71e-03529a9850cb,e96b6bcf-12e9-45f1-9db2-5d469c7cc1f1,4600,2026-06-18,517,90+ Days,Customer
4c3c0a84-cde0-47f0-bcb4-78203e485262,2df9cb4d-3931-42d6-b71e-03529a9850cb,8c80edc7-6dee-42ca-b466-31fa0162af5c,4500,2026-06-18,448,90+ Days,Customer
aa1676b9-e51b-403d-b5ef-77029e917c98,2df9cb4d-3931-42d6-b71e-03529a9850cb,a3801d86-7551-4aee-a82b-e193de4820e3,4500,2026-06-18,466,90+ Days,Customer
1e731cc9-ffe2-4da8-9efe-1a4e84b1fc4a,c62ed87b-e442-4815-a36e-6b634e3628f1,58e7d6fa-79dc-4da1-8537-b82cd2f2354a,4400,2026-06-18,413,90+ Days,Customer
455c2099-0354-4753-b925-31cacd607c48,c62ed87b-e442-4815-a36e-6b634e3628f1,41d51b75-6ab5-4aeb-a8fd-b3ac9697067a,4300,2026-06-18,400,90+ Days,Customer
21401abf-c916-4086-8ee9-036e4812434b,c62ed87b-e442-4815-a36e-6b634e3628f1,67486f82-98bf-4995-b5e8-4044da673c5b,4200,2026-06-18,370,90+ Days,Customer
9c93bc66-0b39-4eeb-ab09-f9d3e30716d7,2df9cb4d-3931-42d6-b71e-03529a9850cb,f083de37-2075-455a-88f3-9f7169eaa08a,4030,2026-06-18,420,90+ Days,Customer
7be4967d-83b5-4e93-8cc7-a563828e81fd,b68482aa-3798-4bc4-96c2-ae22f9e1f162,2f6cfc8e-4598-4ff1-bcae-ef34df4b5617,4000,2026-06-18,434,90+ Days,Customer
a55d37cb-f71c-4c8f-9a9d-43788fad0ef6,cb55367a-1da2-40df-aac3-6ea2d3ef7d67,d3bfd565-0177-4402-bbd3-0c8a338e0ca8,3906,2026-06-18,329,90+ Days,Customer
ac4e3bcf-b7ce-4af0-ac90-ea0a1a1deb94,2df9cb4d-3931-42d6-b71e-03529a9850cb,d307336c-6a40-43fd-b5bf-55a29462b4ec,3800,2026-06-18,496,90+ Days,Customer
40641ca3-f70b-41fa-8ce8-2189eed26b9e,2df9cb4d-3931-42d6-b71e-03529a9850cb,b73c4394-2ab7-42c6-8de1-c8024511289b,3700,2026-06-18,304,90+ Days,Customer
1da16736-4057-4e41-8ec2-2d5f5db4e36b,2df9cb4d-3931-42d6-b71e-03529a9850cb,c823fbed-83b7-4b5b-b91c-2df715629466,3600,2026-06-18,144,90+ Days,Customer
9e02bbd7-c8f5-4e27-88ad-1a83f84d7279,2df9cb4d-3931-42d6-b71e-03529a9850cb,16213322-73eb-4299-8791-5af54e75de0e,3360,2026-06-18,526,90+ Days,Customer
a53a5bfa-05a4-4529-806b-55b4c6c5ce8e,2df9cb4d-3931-42d6-b71e-03529a9850cb,3cbef2ff-c42a-4cb5-8ecf-b84ed4525ddd,4700,2026-06-18,686,90+ Days,Customer
abc3d40b-3fd7-4346-84e0-1460c8a91777,2df9cb4d-3931-42d6-b71e-03529a9850cb,37d0aeb3-ca52-41d9-aa2f-650e7c260b50,4600,2026-06-18,681,90+ Days,Customer
53b750ff-99e2-4404-a318-c7f796600ff6,ac70db65-33c8-4b07-9267-7fd892c2b0b9,0ca49135-5b04-4e56-95e5-c998594a0b42,5500,2026-06-18,409,90+ Days,Customer
6471ae93-dcc7-4c5d-b9df-89c14d5ca40c,f44a9d04-ec44-4f8a-969e-fac7c10823b8,59f0e701-210f-4a67-b678-f9c50411380d,4700,2026-06-18,650,90+ Days,Customer
97f3a03b-1786-4c29-ae9e-f625a94927b5,a94b46de-fd09-47a9-95d8-220c0f678af6,869cf2ea-a739-4341-a44f-96d3dd729666,4660,2026-06-18,566,90+ Days,Customer
a6ff90dc-cc15-4b45-84e1-3b391e236ff6,2df9cb4d-3931-42d6-b71e-03529a9850cb,79e42bec-e549-495d-ab02-a7e8435c3851,4625,2026-06-18,519,90+ Days,Customer
afe45eb4-36af-4993-aa54-e52643b06990,8c104193-5a04-40c1-9868-8f62355a4de8,090b5f22-edd0-4f37-8cfd-7bc1716a3684,4600,2026-06-18,533,90+ Days,Customer
ae7fa3da-ff62-4a87-96e1-eb030706e4ed,2df9cb4d-3931-42d6-b71e-03529a9850cb,23352ea3-50fa-46ae-bc4c-4c4870a1d42f,4600,2026-06-18,491,90+ Days,Customer
64d132ca-0973-469a-a9eb-3adfe08036bb,2df9cb4d-3931-42d6-b71e-03529a9850cb,46e7d839-032b-4ea8-bad6-e96513f388c6,4600,2026-06-18,522,90+ Days,Customer
69c17503-94f5-4ed7-bea2-2cc60cf47869,7b237e41-2adb-467e-99f1-32f71332e3e7,87b762d6-6149-484b-94bf-246101239f25,5400,2026-06-18,735,90+ Days,Customer
b5cda52d-81cb-4823-af79-c4ce63ff70b1,8c104193-5a04-40c1-9868-8f62355a4de8,aa4f9730-8018-4b06-bf13-077086000657,4500,2026-06-18,483,90+ Days,Customer
2bd3fe08-af6c-4221-92f5-33ba13961a98,2df9cb4d-3931-42d6-b71e-03529a9850cb,b5986b42-7a14-40be-aa1a-8fed557c07d5,4500,2026-06-18,503,90+ Days,Customer
c069f823-bb66-4bd6-bd2f-23c8496c7202,2df9cb4d-3931-42d6-b71e-03529a9850cb,03a5aaa4-b643-4083-9996-8a1b7d6304d4,4460,2026-06-18,431,90+ Days,Customer
e1d547f7-31cc-42fe-8493-4b262a3d14ea,d11168e8-0acb-4143-82e4-419e25634be8,09d19543-c49b-44ed-9e02-24135e8243c8,4250,2026-06-18,475,90+ Days,Customer
9e31376a-60b0-48ef-a6a8-fbaa29cdead2,2df9cb4d-3931-42d6-b71e-03529a9850cb,0532067b-0070-4e48-ad2a-bc75e972c0cf,4060,2026-06-18,395,90+ Days,Customer
ee019c54-bf5e-4f84-89f6-9abc6c4a7ba9,2df9cb4d-3931-42d6-b71e-03529a9850cb,26a6381a-3c6c-4b94-9b7b-8d3295699eae,3960,2026-06-18,268,90+ Days,Customer
0dc6d317-8aa1-4af2-9205-6bc112c8b27a,2df9cb4d-3931-42d6-b71e-03529a9850cb,2151fe26-e09e-4b3b-afed-3ab6e61f32e1,3900,2026-06-18,409,90+ Days,Customer
d394c7a6-1222-4c22-a96a-f2d48f3d0dcc,2df9cb4d-3931-42d6-b71e-03529a9850cb,821a4f3f-fcd9-4cea-a144-31be487a0840,3780,2026-06-18,343,90+ Days,Customer
bfed987c-cee1-4e64-9d69-736104b079fb,2df9cb4d-3931-42d6-b71e-03529a9850cb,f3be9e0f-c736-4849-8255-fbaa13689978,3600,2026-06-18,167,90+ Days,Customer
78555dea-d11d-4683-9a60-06e7a4b77478,2df9cb4d-3931-42d6-b71e-03529a9850cb,a7eaaf9c-afee-4b0b-a9b1-8f8ec7c0ffa8,3560,2026-06-18,282,90+ Days,Customer
27319ddb-efbc-480c-ab53-ab5e7ca43e2a,544b625f-ef7d-4644-83c2-95bbc0c417fa,4d3286fd-d899-477a-bfbc-1b1fd244a412,3500,2026-06-18,688,90+ Days,Customer
a16a774b-df99-4d61-9051-bd1f0a9938ee,1f1746d2-52c5-4dc5-aadf-ea179bd755e0,e6242f47-929c-455c-91fc-a4be3358034c,3400,2026-06-18,613,90+ Days,Customer
b816ac00-a3c9-4123-bbbb-ebb4b70f9c8d,b1265523-2a13-4c4d-8329-2e1676ca3af4,fa644f14-285f-411b-a117-064de82594a4,5750,2026-06-18,689,90+ Days,Customer
ff9b7ed0-8d07-4363-97c4-462e58318418,c62ed87b-e442-4815-a36e-6b634e3628f1,05f8c8b0-bf77-4ff0-8c78-34bccee8ebc6,4800,2026-06-18,601,90+ Days,Customer
69f09d2b-8542-43fc-a77d-8816a4d8a7d4,2df9cb4d-3931-42d6-b71e-03529a9850cb,9fc04786-04d6-4beb-b9e5-d4a855d1fdb5,4999,2026-06-18,543,90+ Days,Customer
6030cd94-b6f3-422f-9d01-1e8d3f897466,f52d1d7a-7700-4c10-9459-c6b6e039db31,cfe7630c-87e5-4304-8968-8684c5e11e5a,4750,2026-06-18,604,90+ Days,Customer
555f98c3-e61d-4609-8440-5ecb6ff449cf,cb55367a-1da2-40df-aac3-6ea2d3ef7d67,93fbed4b-8435-40c4-97c5-933d93d45ab3,4725,2026-06-18,478,90+ Days,Customer
e3e1ae53-e5f9-42c6-a8ad-6c9e75c24f7a,2df9cb4d-3931-42d6-b71e-03529a9850cb,3237c297-fb92-44a0-8bd5-189c1c22aff9,4700,2026-06-18,543,90+ Days,Customer
0b2873db-8581-4433-ba0f-05f57d5b7380,2df9cb4d-3931-42d6-b71e-03529a9850cb,36f8bab9-5bb0-413e-b2ba-2850e08db66a,4687,2026-06-18,231,90+ Days,Customer
0af1d0b9-97c0-48d1-a123-888a6607ec17,2df9cb4d-3931-42d6-b71e-03529a9850cb,63135f0e-15c2-4a16-832e-457795fcd5fd,4675,2026-06-18,337,90+ Days,Customer
4f12712a-429b-4bf9-80c5-3a67d5a24633,6bc20676-6cd9-4bd5-b300-2a44c353db98,518b641b-a4a7-445a-a9b7-616340d29fd6,4600,2026-06-18,461,90+ Days,Customer
9a27d5a1-fd26-4562-bef3-b3768a696b43,8c104193-5a04-40c1-9868-8f62355a4de8,9f259965-1d9c-4c0c-94fc-8fd709832b47,4600,2026-06-18,528,90+ Days,Customer
32b1edfc-7725-42f9-a1b4-5001610317a6,2df9cb4d-3931-42d6-b71e-03529a9850cb,6c82628f-7707-4066-bb74-6ccf25a73f61,4600,2026-06-18,464,90+ Days,Customer
5812ccaf-2aa9-47de-8f47-e7482248e14f,2df9cb4d-3931-42d6-b71e-03529a9850cb,18ebfaf8-da4f-4c40-9c8f-fa2bdcfde100,4600,2026-06-18,524,90+ Days,Customer
b4c054f7-e067-4dbe-9cf4-4fef69ccfcac,2df9cb4d-3931-42d6-b71e-03529a9850cb,1b194d52-e1bf-4ede-80df-d16712bcb1ec,4500,2026-06-18,437,90+ Days,Customer
3b863725-9b70-4494-ba5a-c1a7d0fa927d,2df9cb4d-3931-42d6-b71e-03529a9850cb,d9191cb0-a385-458f-9805-c34bc6da5891,4200,2026-06-18,416,90+ Days,Customer
aaef5eee-b393-4628-a766-3311f32c17ad,beb13cfd-593a-4390-b602-93a464c0d4d5,146395bd-97cf-41f6-94ba-37180ef2eca6,4100,2026-06-18,479,90+ Days,Customer
bf2deace-df81-40cb-b5c5-4ec14b877bc9,2df9cb4d-3931-42d6-b71e-03529a9850cb,d8726526-e00e-4ffd-b81a-871bc3b340cf,4025,2026-06-18,455,90+ Days,Customer
4484b6c4-d97c-4bde-ac8f-4dbca321ae74,8c104193-5a04-40c1-9868-8f62355a4de8,29ab2457-df79-4387-b549-c6c54e3ffd09,3937,2026-06-18,356,90+ Days,Customer
5111483f-4297-497f-b1d4-9008b34ef42c,2df9cb4d-3931-42d6-b71e-03529a9850cb,e89dbb5a-e2ea-4648-86c0-b9eb5013ad3b,3750,2026-06-18,337,90+ Days,Customer
3b614abe-3b4b-4bf3-812d-d4de3e3a8639,2df9cb4d-3931-42d6-b71e-03529a9850cb,aabaa724-0a79-43db-a1c0-796d1c628855,3620,2026-06-18,182,90+ Days,Customer
247a62e8-5a3a-4006-86b4-ed795e3ac19a,2df9cb4d-3931-42d6-b71e-03529a9850cb,b313ae68-e307-495c-838a-3044050384ec,3600,2026-06-18,163,90+ Days,Customer
204fd3ed-7788-48f6-971a-94290f343d63,2df9cb4d-3931-42d6-b71e-03529a9850cb,8c1ade07-692c-4e37-9ccf-dc3d5a3402ba,3400,2026-06-18,344,90+ Days,Customer
f8d02a9d-0189-4a8f-af2f-bf4269e09da8,2df9cb4d-3931-42d6-b71e-03529a9850cb,be0d429f-6764-4e6a-b9a3-21813d7fec12,3380,2026-06-18,423,90+ Days,Customer
c2b2d20f-cad6-4c73-b52c-a2a6798a19e0,2df9cb4d-3931-42d6-b71e-03529a9850cb,8c81e507-7818-48f5-ac16-2980e5f8cc92,3340,2026-06-18,371,90+ Days,Customer
88a39105-ac15-4708-9126-0ad11e5fc447,2df9cb4d-3931-42d6-b71e-03529a9850cb,9036862e-9fd4-4f29-b277-1f06fcadc58e,2250,2026-06-18,282,90+ Days,Customer
67f564a1-b355-422d-9717-71827d74e03f,2df9cb4d-3931-42d6-b71e-03529a9850cb,f2b14b85-6826-41d2-a923-cf18e6e028af,2200,2026-06-18,531,90+ Days,Customer
03dda665-9e2e-49d8-959e-e34bc4295778,71be3019-2872-4e46-9e8f-941663554ca2,62ed7362-fa4e-4921-aa29-14207413168a,447500,2026-06-18,109,90+ Days,Customer
cce89531-a883-4ffb-b369-c5db21af094e,27a12971-33b5-4ba0-970e-6c1a7218f5f4,85f14f2f-f76e-4d61-b1b7-9312bbd45411,3300,2026-06-18,487,90+ Days,Customer
3cb15ba8-ae69-46f4-b5c3-edfb85d164fb,27a12971-33b5-4ba0-970e-6c1a7218f5f4,4e609a0f-ef6e-441b-9b32-3fea4f687b6a,3300,2026-06-18,533,90+ Days,Customer
7d31276b-efe7-408a-94c5-a263441c4476,2df9cb4d-3931-42d6-b71e-03529a9850cb,3aede7c8-d3a2-45c9-b8e1-d96875638588,3200,2026-06-18,326,90+ Days,Customer
dc915c75-2aa3-4388-be66-cdc063ac8a0a,2df9cb4d-3931-42d6-b71e-03529a9850cb,c65f7525-347b-44b3-b8f4-92ceaccc815a,2601,2026-06-18,417,90+ Days,Customer
79646545-5bfe-4391-adea-a753ccea6607,2df9cb4d-3931-42d6-b71e-03529a9850cb,aac57752-d1fb-41ee-bd6d-317999b1c54d,2520,2026-06-18,400,90+ Days,Customer
8239349f-11ca-468a-bf25-3cbf0a5af978,2df9cb4d-3931-42d6-b71e-03529a9850cb,350461af-0b64-472a-9556-6780cab98c91,2250,2026-06-18,283,90+ Days,Customer
2b661143-3a58-4ca6-8ca4-cc954887d03e,2df9cb4d-3931-42d6-b71e-03529a9850cb,a31f1e88-7690-4043-80d1-b58ad9b317b1,2250,2026-06-18,526,90+ Days,Customer
41621cc5-4e3a-4b8f-b74a-788a4196d5c8,2df9cb4d-3931-42d6-b71e-03529a9850cb,3f8b7bac-41ad-41fc-a680-2310936ac87d,2400,2026-06-18,764,90+ Days,Customer
348a88e2-981c-46b4-b452-554ee93b6db9,71be3019-2872-4e46-9e8f-941663554ca2,f785cd6a-479e-40dd-84c6-a9843223fade,539760,2026-06-18,767,90+ Days,Customer
7c4e9cce-d0b9-4d66-9cf8-bbee729fcce8,71be3019-2872-4e46-9e8f-941663554ca2,4c0fde03-5ab7-407c-918e-fce8c55257b2,323000,2026-06-18,431,90+ Days,Customer
9ea63ce3-661f-405b-bdfd-fa665908d564,d5983bac-f278-458a-b74e-d5e2da45063d,8816062c-c739-4b93-8e30-ced1660ba64a,1801050,2026-06-18,660,90+ Days,Customer
35c92dfc-20ce-4b8e-8b2b-820b25ea81b4,cf35118b-bee6-44e5-8011-470d64b8d0fc,b75c6aa7-49d2-4cbf-90f2-86292f48bf0e,1106250,2026-06-18,246,90+ Days,Customer
6f51e65a-dfda-4fe5-9a00-da5aa4c9667c,56037025-414a-4a5f-8b0f-a21864528f78,5ec44257-83bb-48cd-92a3-107afe495b44,1590000,2026-06-18,423,90+ Days,Customer
8c10a3e1-c5f8-43fd-ad46-d8647c66e4df,6e294634-9504-4be4-960e-df2f3ae4b416,7bbe7a36-9e45-4678-9548-cc7a271f5e27,1110000,2026-06-18,232,90+ Days,Customer
a0937c21-0653-49e6-88bf-ed80e2dbbc75,7278af2d-7018-4d13-bb4d-1b35f4307714,b5ba3fbc-8653-4324-a33c-3a166b369aab,1616000,2026-06-18,151,90+ Days,Customer
e8a4116c-7899-4f3b-971d-326fe5dd6b7f,d9b2eb32-034b-4fb9-b662-68e4ceaeeb89,adc5cc43-e564-42d3-ab93-bc0c54b3de55,1197499,2026-06-18,146,90+ Days,Customer
3e5fb840-9820-41c5-8325-a57973ca0b63,ee050b45-8c17-4d06-ba05-a7f64ed04dab,b2edc862-6ec3-4b25-865e-314cf257ccbc,1000000,2026-06-18,556,90+ Days,Customer
e8ca9f43-e679-43bf-8d79-7bad528a6683,271cdaa5-4d7d-46cd-9a43-7e3bb4bb922a,c213ea90-d2b4-4a9b-94cc-cccd7a59b242,315500,2026-06-18,676,90+ Days,Customer
7d94fa96-cbf2-467b-a3f0-494025ce3965,2df9cb4d-3931-42d6-b71e-03529a9850cb,ef2b7ffa-a383-4a60-9e7d-c404eef66a98,2200,2026-06-18,437,90+ Days,Customer
ddec10fb-c384-4c78-ae79-ecc8a35a1f1b,56037025-414a-4a5f-8b0f-a21864528f78,5f28cc47-69af-49dc-8f36-27ba76a3e45a,2226000,2026-06-18,385,90+ Days,Customer
60978240-5852-4105-8d2f-0f4d7ba2572f,56037025-414a-4a5f-8b0f-a21864528f78,745939ed-e85e-419e-95a3-e95cf5c79a43,1971600,2026-06-18,401,90+ Days,Customer
3d493873-d93b-4001-9e8b-18b3d04b9854,8da5249a-c2b8-48c3-b61c-12ecf6d898d8,75df4963-47e9-410a-ba35-ec2b46f2de63,1155000,2026-06-18,568,90+ Days,Customer
b0b61cb2-fc9e-4c27-be57-5da76a3fa456,f3df996d-b48b-4239-8bf1-1e46b44fabd6,a206f1b3-470d-464d-94e2-230804b9b235,1040000,2026-06-18,144,90+ Days,Customer
03c286d8-80b5-4d75-9dde-d1ac6467c517,d5cfc9ca-e095-4816-8888-c0cd5c1bc4e1,ecfb6e56-a135-42b6-82b7-26de5fdb24a3,1095000,2026-06-18,492,90+ Days,Customer
63aef51f-f4a4-470c-843b-0f239dc51686,2df9cb4d-3931-42d6-b71e-03529a9850cb,de67a30a-aa6b-416f-ac99-68e1ae2e9553,2699,2026-06-18,416,90+ Days,Customer
fbf76e2f-1a54-4ce6-ae42-2a3933677ed2,2df9cb4d-3931-42d6-b71e-03529a9850cb,e6acba01-a95e-4875-a2f1-0fbb773239df,2650,2026-06-18,188,90+ Days,Customer
7b515d3a-f3dd-45b5-8a7c-c0cc2106b2e5,dc96db54-a1c0-4be1-81f5-c22f9594bf7d,632b7a39-d982-4dce-b958-dc11a8e1e411,2600,2026-06-18,118,90+ Days,Customer
37f28a8b-e052-4272-8c54-638e27c0d115,2df9cb4d-3931-42d6-b71e-03529a9850cb,4102e289-aff0-4687-b570-3aac979bb4ba,2421,2026-06-18,154,90+ Days,Customer
1f0ca844-8b01-4530-b3b9-b4a1aec3dc14,2df9cb4d-3931-42d6-b71e-03529a9850cb,edb66422-3926-4493-90b0-f1c1fce8de6b,2250,2026-06-18,529,90+ Days,Customer
20dacd64-72e7-475a-be22-e8d73cfaa6e3,643406db-9d68-41ae-9d51-d382606b111e,43485dab-9851-4b49-a1ce-fec4cd565759,1999999,2026-06-18,464,90+ Days,Customer
af221583-679d-4e28-8c73-40c026fe0ff9,e99e6ca5-a4bb-4343-a635-49f04389ca2a,57b5ac1c-d4de-4b5e-9a3b-81dc12bc4ebc,1433150,2026-06-18,224,90+ Days,Customer
3701a9ef-8b40-41bc-89d1-a9a3b840cb4a,ee050b45-8c17-4d06-ba05-a7f64ed04dab,dc7d064c-0f60-4c26-bcca-bb756f731e60,1049999,2026-06-18,582,90+ Days,Customer
b279b5ea-30e4-432e-aee1-e251f708ecfc,71be3019-2872-4e46-9e8f-941663554ca2,3bdd5418-dd08-4f8d-9f6c-1590ae4ceebe,1450000,2026-06-18,475,90+ Days,Customer
9b5acf15-5749-4974-b397-9f7a99affa19,ad9a5ae4-bea9-4ae4-ac63-464ff555e655,9fcd90b8-1f74-45a8-92e4-fc5224a61d83,118140,2026-06-18,177,90+ Days,Customer
49d79ce9-a68d-4ff8-9ec0-79e585a2005c,7048623d-7a72-46d8-957d-95ee5ed6799c,67b7681e-c21d-4f38-a726-216be1c5c2b2,3000,2026-06-18,144,90+ Days,Customer
bc2f3f14-bbf2-4244-89ee-85b0a05fa228,2df9cb4d-3931-42d6-b71e-03529a9850cb,ed76b3f5-069e-4f02-879f-8f1e11beccba,2700,2026-06-18,167,90+ Days,Customer
759d65c1-e2a3-4ca2-be16-08b0abc337b9,2df9cb4d-3931-42d6-b71e-03529a9850cb,35df0fb2-7430-4f0e-8518-5047475e2818,2600,2026-06-18,170,90+ Days,Customer
4ba5419d-ed57-4951-a063-cac9ecc46bb4,2df9cb4d-3931-42d6-b71e-03529a9850cb,f34a9d6e-9c71-4d55-a499-981686029b0f,2350,2026-06-18,216,90+ Days,Customer
60cc46a7-2c57-4552-ade0-4df7879348e4,2df9cb4d-3931-42d6-b71e-03529a9850cb,f45eef56-4d04-49e8-99cb-86ba122759a3,2300,2026-06-18,235,90+ Days,Customer
6f4ef9fa-d1e7-4e64-9d4d-244131039519,2df9cb4d-3931-42d6-b71e-03529a9850cb,6e4e6c65-61b3-49d7-9496-fbc20d175f18,2200,2026-06-18,519,90+ Days,Customer
780d9937-71a3-44d6-80bb-fc3402c100fb,2df9cb4d-3931-42d6-b71e-03529a9850cb,4abc4a60-83e1-48b0-9054-a80fd4f4da43,2150,2026-06-18,253,90+ Days,Customer
9729150e-6f4c-42bf-9cf5-86b229423374,2df9cb4d-3931-42d6-b71e-03529a9850cb,179617d6-8163-4f3a-b2be-eb2528986b52,2120,2026-06-18,422,90+ Days,Customer
c67ebf03-4b2b-4bb7-bc4a-7ba17a72ebd1,2df9cb4d-3931-42d6-b71e-03529a9850cb,3f588e0f-58e1-4852-a644-58ed5c718082,2100,2026-06-18,150,90+ Days,Customer
a43b68fd-67de-46c3-bbc5-137a8577a056,2df9cb4d-3931-42d6-b71e-03529a9850cb,beb023c2-cdfa-4963-8f81-5b1e1513c306,2195,2026-06-18,115,90+ Days,Customer
03c85e52-b4f1-4cb4-8455-ad4ac5ea5496,2df9cb4d-3931-42d6-b71e-03529a9850cb,a04f3e13-44b9-42cc-aa6d-2b379e1859e2,2100,2026-06-18,191,90+ Days,Customer
475bff63-7563-486b-bf7b-fe369e2ffe2a,2df9cb4d-3931-42d6-b71e-03529a9850cb,0e6f3b11-5f74-4d10-9161-4c049dba8968,2050,2026-06-18,179,90+ Days,Customer
b30265c7-027e-450b-995b-2e75cf4da0f8,2df9cb4d-3931-42d6-b71e-03529a9850cb,92e45f7f-1566-468d-b870-8497452cf1f6,2050,2026-06-18,479,90+ Days,Customer
f28a3732-3489-47bd-a057-08d3f2f69a1e,2df9cb4d-3931-42d6-b71e-03529a9850cb,b2ce7d25-e21b-46a1-bf66-6d8ff0f9c2d6,2050,2026-06-18,421,90+ Days,Customer
49cb76e4-764b-4455-8c6f-d125d2ae01a2,2df9cb4d-3931-42d6-b71e-03529a9850cb,d42cd9cf-254f-474f-9254-7437457da99f,2050,2026-06-18,465,90+ Days,Customer
ee93332f-55b7-4144-9ac7-b6322988a8b2,2df9cb4d-3931-42d6-b71e-03529a9850cb,1d9dda31-e0c7-4117-9fa6-112c42166ab2,2050,2026-06-18,226,90+ Days,Customer
9fb5dc41-0ab9-447b-8a3e-c33fd97d595e,2df9cb4d-3931-42d6-b71e-03529a9850cb,64f96ac8-20c1-4c81-9c9e-7ab6c1f52584,2000,2026-06-18,179,90+ Days,Customer
aaa8d21a-0187-4a05-9b95-5d9b54d223bb,2df9cb4d-3931-42d6-b71e-03529a9850cb,691f1b43-d808-49df-9f40-844fcd800596,2000,2026-06-18,412,90+ Days,Customer
c5c7db6b-d720-4317-9084-2af7de921f7c,2df9cb4d-3931-42d6-b71e-03529a9850cb,ad9be7f3-89a8-47be-a611-5a7503e9db5e,2000,2026-06-18,430,90+ Days,Customer
1804ad6d-ebb0-4f7e-b687-555e5510634f,22f3c314-4681-438c-96f5-2c089289e523,a8b0ff97-de40-452b-af09-d0a6b35eabc5,1016250,2026-06-18,608,90+ Days,Customer
385322bc-873e-4f56-b49e-7926f66fd098,e99e6ca5-a4bb-4343-a635-49f04389ca2a,d8288d5f-1192-45d3-b33b-10ef6d795c35,1422710,2026-06-18,231,90+ Days,Customer
7afc3bb9-48f1-4ff6-96ff-b52d6c9cedcf,f44a0530-a9a7-44dc-a935-1788e1ed642f,ce3810b6-cfd8-464b-8c9c-3b0e390aeb65,1100000,2026-06-18,469,90+ Days,Customer
432c01b9-5754-4fb6-ad67-33ba5313434e,cf35118b-bee6-44e5-8011-470d64b8d0fc,f573c435-460a-4631-9965-fd82238dceea,1770000,2026-06-18,255,90+ Days,Customer
f99eb26e-a684-46bd-924b-54decb564695,71be3019-2872-4e46-9e8f-941663554ca2,ca7b50dc-eaac-45bb-9802-2b3dab5a3979,447500,2026-06-18,107,90+ Days,Customer
75ecc9e8-7dd5-40b5-994d-a0dd5e4343fa,2fc9f32e-878b-46d8-a0a6-0fbb24336bda,f4b26090-2dcc-45f9-9d1c-195bc220505a,196950,2026-06-18,224,90+ Days,Customer
222aa9b6-8e0b-4966-953b-dde54776114a,7278af2d-7018-4d13-bb4d-1b35f4307714,0a7fb9c1-6c26-429c-88cb-811bb1ae8295,1616000,2026-06-18,149,90+ Days,Customer
4e28c182-7981-4f25-94ec-a249fcb2a3ee,7278af2d-7018-4d13-bb4d-1b35f4307714,34e795e0-1941-46f2-8ba7-214814d17861,1515000,2026-06-18,158,90+ Days,Customer
1824cdf1-5a30-4335-b540-ac585b2615a3,e99e6ca5-a4bb-4343-a635-49f04389ca2a,c658e4ff-6055-466d-a75b-d52b1ec69ab2,1025904,2026-06-18,279,90+ Days,Customer
d8dde963-4731-4665-b01d-b7290f1f2c22,7278af2d-7018-4d13-bb4d-1b35f4307714,460c0215-31c8-4ddb-8187-1400bf3dd27b,1616000,2026-06-18,123,90+ Days,Customer
e875cc37-50db-46b2-a45d-93c50a3bd3a9,628bcaf4-621f-4082-9aff-5ac50eb5f547,52edc593-6e47-406b-bbad-5d276f3b6595,304900,2026-06-18,148,90+ Days,Customer
7e62a802-bd69-45f9-9bf2-cf852e70084e,7278af2d-7018-4d13-bb4d-1b35f4307714,3aa3efd8-67c0-4e15-afa0-02cbc6309d1f,1515000,2026-06-18,153,90+ Days,Customer
fa51b6cd-8b6e-4450-9d0f-63c10ffedd76,5f27bee7-c714-4bfc-b036-d4c1e018d522,4dbdf20e-097f-4bfb-aca3-ef857732bf1a,1001250,2026-06-18,241,90+ Days,Customer
e1d373b9-734e-467b-9df0-a455d84b34ef,7048623d-7a72-46d8-957d-95ee5ed6799c,c454bc49-2ec1-46fd-a846-476aeaa7fd58,740,2026-06-18,256,90+ Days,Customer
6fb00cba-972b-4ba7-bb05-2b5a0d1dc914,ee050b45-8c17-4d06-ba05-a7f64ed04dab,980735b7-7112-4661-9ed7-f5a979856d46,1125000,2026-06-18,228,90+ Days,Customer
0a78fe14-36da-44e9-a410-187bcc8b6d55,7048623d-7a72-46d8-957d-95ee5ed6799c,eabc68ab-bc76-4ee6-ba5c-adbd14f350b2,1930,2026-06-18,184,90+ Days,Customer
ecb5e56a-dcf3-4904-8003-361d9d6b5d45,2df9cb4d-3931-42d6-b71e-03529a9850cb,a8bfe64f-f50a-4d58-b80e-b440dbeca59f,1900,2026-06-18,391,90+ Days,Customer
56ec223d-4358-4221-b0ad-2f8d613f99a8,2df9cb4d-3931-42d6-b71e-03529a9850cb,dd4903ff-a0f1-4d43-95aa-0966d0c43e2a,1850,2026-06-18,254,90+ Days,Customer
0d9a91a3-f731-4c6b-9332-3d78d9d4693b,2df9cb4d-3931-42d6-b71e-03529a9850cb,c205e788-7082-4b19-a5f3-f85674e9ed39,1850,2026-06-18,458,90+ Days,Customer
8ed1173e-f955-4b1f-8c38-e33959e2e786,2df9cb4d-3931-42d6-b71e-03529a9850cb,cf13b5cc-b3df-4d28-a9a4-a23c9b108eba,1800,2026-06-18,115,90+ Days,Customer
557ea6e9-08ac-41cb-810b-94196ed032a4,2df9cb4d-3931-42d6-b71e-03529a9850cb,c0785746-acbe-48ef-9b87-ac93eeddfd73,1800,2026-06-18,130,90+ Days,Customer
9e681995-58ee-416e-acde-9e92166ebc42,2df9cb4d-3931-42d6-b71e-03529a9850cb,95e0957a-8ba5-4a84-979a-7f34e1b33132,1800,2026-06-18,139,90+ Days,Customer
345c225f-29d5-41df-a905-a5c188796b12,2df9cb4d-3931-42d6-b71e-03529a9850cb,901105fd-eb6a-45e7-bfac-ff0cb4a47e34,1800,2026-06-18,153,90+ Days,Customer
20614471-7e7d-422b-9a3c-044e99097123,2df9cb4d-3931-42d6-b71e-03529a9850cb,f7db82f4-1e37-4e06-aa3b-6f76c3fd8824,1800,2026-06-18,167,90+ Days,Customer
e4678820-19df-433e-b85c-397658b5f520,2df9cb4d-3931-42d6-b71e-03529a9850cb,ccbc07f1-cdde-41a7-a8f5-d1706ab1b3c9,1800,2026-06-18,171,90+ Days,Customer
8b824586-ef26-4efa-9a44-279b4a84fb57,2df9cb4d-3931-42d6-b71e-03529a9850cb,286c52b7-d610-4b0c-a456-461126f5051c,1800,2026-06-18,158,90+ Days,Customer
4d9a8529-87d8-4460-a29f-5feb3400407b,2df9cb4d-3931-42d6-b71e-03529a9850cb,c653ad37-5585-4c5c-a9ff-1a9b0c318514,1800,2026-06-18,174,90+ Days,Customer
9f53ab2b-efce-4b5f-8823-1756e96b0ee0,2df9cb4d-3931-42d6-b71e-03529a9850cb,ee832d6a-9afe-47bf-9f78-aa2ab2a7f3ac,1800,2026-06-18,226,90+ Days,Customer
9f31ba94-5984-4357-9527-58fb3b09d4a6,2df9cb4d-3931-42d6-b71e-03529a9850cb,f1ebb8fe-2870-44e3-940d-7307791fe723,1800,2026-06-18,232,90+ Days,Customer
43e9ffe3-b094-437d-ae38-6f2973527777,2df9cb4d-3931-42d6-b71e-03529a9850cb,a5f00621-a9a0-4b9d-851f-08e5455c876c,1800,2026-06-18,231,90+ Days,Customer
ea44d28f-e439-4eee-8f35-559a18a568e5,2df9cb4d-3931-42d6-b71e-03529a9850cb,3ec28bce-c19e-4a2d-95c5-91dc464dbd97,1800,2026-06-18,275,90+ Days,Customer
a57de413-dba9-4639-8a54-8269759d26ba,2df9cb4d-3931-42d6-b71e-03529a9850cb,d27d613f-272e-4525-9d9a-76fd1b49dcb1,1800,2026-06-18,280,90+ Days,Customer
e3bc1b1f-7633-4e4f-99f0-64056eb0ae1d,2df9cb4d-3931-42d6-b71e-03529a9850cb,bb94d882-20a1-4bf6-9d12-7a575821bafc,1800,2026-06-18,228,90+ Days,Customer
1b7a9792-38dc-4dec-b591-4c476e4c5a49,2df9cb4d-3931-42d6-b71e-03529a9850cb,713d93fd-5691-4f32-8e12-822f10afacc9,1790,2026-06-18,133,90+ Days,Customer
38e398fa-cc41-4312-b17a-d2b9cf6749ad,2df9cb4d-3931-42d6-b71e-03529a9850cb,8787b6c6-0b0a-46ec-8ba0-a94f1de9e489,1790,2026-06-18,114,90+ Days,Customer
ffdf40b4-7b2a-4cde-82fc-84b9b0824318,2df9cb4d-3931-42d6-b71e-03529a9850cb,fb446af7-a179-4b8e-a089-d6a6205371b9,1790,2026-06-18,116,90+ Days,Customer
62ba7f62-e79f-4b1d-8a4c-e55a62a12c2d,2df9cb4d-3931-42d6-b71e-03529a9850cb,a2f8d2b8-8cc4-4020-8209-1a31d1eccace,1790,2026-06-18,175,90+ Days,Customer
6774a78c-e3cd-4429-a3c6-58f4e2b26ca3,71be3019-2872-4e46-9e8f-941663554ca2,9d3a7424-1d7b-4606-b543-1c40a411a5b2,1790,2026-06-18,155,90+ Days,Customer
7a648d53-8142-4494-b905-267370b36c23,2df9cb4d-3931-42d6-b71e-03529a9850cb,7c2ab1f6-b689-4100-9f2b-342b4e809ffd,1790,2026-06-18,203,90+ Days,Customer
714d0291-e55a-4b8c-a7ca-a5515f320862,7048623d-7a72-46d8-957d-95ee5ed6799c,0cb72937-3463-4392-a992-d059adafa077,1780,2026-06-18,240,90+ Days,Customer
6f4798ec-3192-478b-a107-161210c60962,2df9cb4d-3931-42d6-b71e-03529a9850cb,77775e9f-0d55-4f35-b07d-d02702645a69,1780,2026-06-18,191,90+ Days,Customer
9707f9a8-641c-4781-a8b7-95171bf0b56e,2df9cb4d-3931-42d6-b71e-03529a9850cb,20cb5ad2-9996-41a3-bb64-02651af14f49,1780,2026-06-18,209,90+ Days,Customer
0363e990-90d2-449f-b11c-ff876a7bb083,2df9cb4d-3931-42d6-b71e-03529a9850cb,09b995ff-832c-4687-8ca4-24c5ea1153de,1780,2026-06-18,193,90+ Days,Customer
912b9cc6-31e8-49ce-b165-9c728536801e,2df9cb4d-3931-42d6-b71e-03529a9850cb,7212863a-97f9-43f3-b1a1-48c3529a68b0,1780,2026-06-18,214,90+ Days,Customer
157d0d72-53c4-478a-8d52-1b9fa8e84662,2df9cb4d-3931-42d6-b71e-03529a9850cb,bbd21519-0e5b-4b25-be9f-dd6c09e4c70e,1780,2026-06-18,237,90+ Days,Customer
cf237203-e175-459d-98db-e0b6d8ed8590,2df9cb4d-3931-42d6-b71e-03529a9850cb,4f1434cd-65ac-404b-a8e0-3d47c0e4f99a,1780,2026-06-18,247,90+ Days,Customer
e3c38d81-45d7-46cd-aa58-fb77b98098ea,2df9cb4d-3931-42d6-b71e-03529a9850cb,1421485c-4bea-4481-9d89-2a5a7f5fbaf3,1780,2026-06-18,267,90+ Days,Customer
afa33212-be6d-47b9-87f6-f072df59ef4b,2df9cb4d-3931-42d6-b71e-03529a9850cb,23c0bb70-b056-4153-b93f-6368774e63ca,1780,2026-06-18,238,90+ Days,Customer
34b0cd75-a402-4209-ba3f-7cceaac8e02e,2df9cb4d-3931-42d6-b71e-03529a9850cb,eb4503d1-4c78-49bf-b911-b57a68af55e0,1780,2026-06-18,223,90+ Days,Customer
4bbb88ed-91f8-4765-8e87-8e13ddb552c0,b47542f5-1b54-4bd1-a387-acdd178eea3b,e64b4452-a022-45e2-bbdb-0e6bdfeea41f,1780,2026-06-18,696,90+ Days,Customer
129bc31d-c977-4a80-af3f-ca986563d8a2,2df9cb4d-3931-42d6-b71e-03529a9850cb,ba33ffd5-8645-4f3f-80a4-65ca8af469c3,1780,2026-06-18,283,90+ Days,Customer
27e05326-2780-4746-946c-01c197cd8fa7,2df9cb4d-3931-42d6-b71e-03529a9850cb,05440e06-5a0c-42db-a205-6f0b5da071bf,1680,2026-06-18,504,90+ Days,Customer
fda4c341-859b-492d-b3bd-564065e64796,ccb49d47-ef18-415e-84ff-5119d836592b,93f418fd-7324-4bd8-ae55-3b63546abaee,1650,2026-06-18,661,90+ Days,Customer
ea8cfc65-2c07-4ba1-b06a-de859ae6d09a,2df9cb4d-3931-42d6-b71e-03529a9850cb,c5b85de4-fc91-42f3-8408-b371919b9713,1640,2026-06-18,447,90+ Days,Customer
8dbe31f8-3d74-4dae-a240-ba84c618bbe3,2df9cb4d-3931-42d6-b71e-03529a9850cb,3a213702-f023-43d6-b761-304675b3eb1f,1610,2026-06-18,503,90+ Days,Customer
c3a17c7a-adba-4ee2-8722-b8ee3d4b5e6c,2df9cb4d-3931-42d6-b71e-03529a9850cb,df37bb6a-59a0-4208-947e-e88ec42eabec,1600,2026-06-18,459,90+ Days,Customer
5488bb08-b7dc-4949-bedf-26258844aafe,2df9cb4d-3931-42d6-b71e-03529a9850cb,9daf52c1-30e2-4b6d-846b-9580bf2e5533,1600,2026-06-18,527,90+ Days,Customer
4172b437-7e76-4479-b5f4-75b83cdbb76d,2df9cb4d-3931-42d6-b71e-03529a9850cb,b89adbe3-752d-4732-a60f-96bf0442fa1f,1525,2026-06-18,304,90+ Days,Customer
26fdff7c-79a2-424a-affb-441b14b8e83b,2df9cb4d-3931-42d6-b71e-03529a9850cb,281cf064-c7d6-4cc5-86e7-84c4c0a2f1f7,1500,2026-06-18,220,90+ Days,Customer
7a657abb-fe9a-4229-9088-a8a658269847,2df9cb4d-3931-42d6-b71e-03529a9850cb,af081d19-1b5d-4e1f-ad1d-5026fe523f4e,1470,2026-06-18,431,90+ Days,Customer
01e6d43c-862e-40b6-9e4b-8a9014a6b891,2df9cb4d-3931-42d6-b71e-03529a9850cb,9f697a89-965e-4ad5-bcaa-2d80a425cb31,1340,2026-06-18,417,90+ Days,Customer
3283a54f-0d63-48da-b5c6-c1f1bb9be35d,2df9cb4d-3931-42d6-b71e-03529a9850cb,d5fb01fc-3566-43ee-94c1-610c3bf0293f,1300,2026-06-18,324,90+ Days,Customer
ac018719-0354-4fdb-9427-b46363f51042,2df9cb4d-3931-42d6-b71e-03529a9850cb,422d5abb-7b27-4bee-8369-2ed61d9f66b7,1300,2026-06-18,401,90+ Days,Customer
0c15d71a-7de5-4bd8-a642-18cc6032f250,2df9cb4d-3931-42d6-b71e-03529a9850cb,037f2fb9-adcd-4641-8032-6d767d6ef6ff,1650,2026-06-18,674,90+ Days,Customer
098362c5-c37a-4773-8867-9fe9cbacc574,2df9cb4d-3931-42d6-b71e-03529a9850cb,4a0ca0c5-de16-4b80-892c-f01a15e2f66d,1620,2026-06-18,660,90+ Days,Customer
d68c97fe-9531-430f-b3d2-87ecbfeabd39,2df9cb4d-3931-42d6-b71e-03529a9850cb,e2260f36-2937-409b-90ab-5b502fb2a7be,1620,2026-06-18,654,90+ Days,Customer
11615873-fc1a-479d-895f-64697a27bc2f,2df9cb4d-3931-42d6-b71e-03529a9850cb,9374192a-76ec-41a6-9c2a-8c87f37d052f,1700,2026-06-18,401,90+ Days,Customer
74e6b4b0-d191-4f0a-91a5-43370a2c27fa,2df9cb4d-3931-42d6-b71e-03529a9850cb,f2b05cca-6ffb-47b2-8b09-bd8feba68adf,1670,2026-06-18,298,90+ Days,Customer
165980da-d747-42e6-bde9-8de00110908c,2df9cb4d-3931-42d6-b71e-03529a9850cb,c03b2b7a-f807-423e-8311-ad22965bd57d,1650,2026-06-18,438,90+ Days,Customer
1c80e8e8-6c2b-4deb-b429-f23c52fe0daa,2df9cb4d-3931-42d6-b71e-03529a9850cb,4a44456d-1d92-489d-bd9d-da203470eeaf,1620,2026-06-18,440,90+ Days,Customer
3c858c44-fc66-4a3e-836f-442ddf5daed0,2df9cb4d-3931-42d6-b71e-03529a9850cb,a3bc90b3-ef49-4fab-9236-1da19dec1f14,1620,2026-06-18,486,90+ Days,Customer
8dce8034-b590-4387-9022-10a2d2bcdd71,2df9cb4d-3931-42d6-b71e-03529a9850cb,eb5ddf14-1232-4428-bd33-bca941dcbe27,1600,2026-06-18,476,90+ Days,Customer
fcd4021c-94e6-4cd5-bf0d-4caf8dbbd97f,04f1aff2-c907-4a74-a837-5bf43e7a80e3,0e27709d-98fb-4962-b675-8bd95eb03309,1600,2026-06-18,660,90+ Days,Customer
4fe1dea7-e88b-4f9f-8d35-3606aecf0670,2df9cb4d-3931-42d6-b71e-03529a9850cb,179beb10-6543-4232-a9b5-186e203a5aac,1500,2026-06-18,178,90+ Days,Customer
303d5f79-5446-4205-8445-76d92ca49b49,2df9cb4d-3931-42d6-b71e-03529a9850cb,c41fa9cf-0a43-4fa8-bd35-9e4ef9d67c79,1320,2026-06-18,326,90+ Days,Customer
22373c25-5a88-4e34-8c42-ce2e932de698,2df9cb4d-3931-42d6-b71e-03529a9850cb,3334b775-afda-498b-a523-904d13aac815,1300,2026-06-18,393,90+ Days,Customer
56a09cdb-67f0-485f-b9e0-d402e354bb36,f0aca777-38ce-4a56-9108-dbbfb2edb831,416fd403-a1e3-4b40-abaa-9ad63a6c60cf,1725,2026-06-18,491,90+ Days,Customer
496c3043-0648-486d-b204-b7782359fab9,2df9cb4d-3931-42d6-b71e-03529a9850cb,8fb30f62-a1ac-46b6-baf6-48139cff6814,1680,2026-06-18,539,90+ Days,Customer
63b04929-43c4-47be-9be4-149915a16725,2df9cb4d-3931-42d6-b71e-03529a9850cb,164b7739-7e94-49da-8635-3faec895d387,1670,2026-06-18,293,90+ Days,Customer
edfe73dc-aee8-4251-b557-e700bc773fc9,2df9cb4d-3931-42d6-b71e-03529a9850cb,afb72142-5500-4346-93d5-ce43d17a7802,1663,2026-06-18,359,90+ Days,Customer
e15f2600-7e06-4660-bb4c-ec4a8a6f6260,2df9cb4d-3931-42d6-b71e-03529a9850cb,f00fd851-546e-43ad-b053-6b82933a6e81,1650,2026-06-18,483,90+ Days,Customer
8d5c61dc-1486-4863-9178-0a35607d9b3d,2df9cb4d-3931-42d6-b71e-03529a9850cb,dd29e92d-dbc4-40e9-bab8-bb7d836d34ff,1640,2026-06-18,517,90+ Days,Customer
014f3d2a-8158-4164-b9ba-eac30ac8b482,2df9cb4d-3931-42d6-b71e-03529a9850cb,a799d884-970e-4232-80e7-170a9501f83c,1620,2026-06-18,491,90+ Days,Customer
11967a69-5c77-49e1-a69b-11e851a215b0,2df9cb4d-3931-42d6-b71e-03529a9850cb,1577c1ae-9e6c-4dde-9814-caab206f1053,1600,2026-06-18,489,90+ Days,Customer
e257189c-dc9c-4cdc-9e93-fae3cac45bfd,2df9cb4d-3931-42d6-b71e-03529a9850cb,d8c5927e-cd0f-4c65-ba24-c718bd240d12,1500,2026-06-18,188,90+ Days,Customer
16eb07a1-8dab-4db0-a006-a64b69d945e3,2df9cb4d-3931-42d6-b71e-03529a9850cb,86ec5ab6-9f19-4013-8799-8b4396a7e3cd,1450,2026-06-18,429,90+ Days,Customer
9376b221-bd06-4ff3-9974-7cc9232e4bb0,2df9cb4d-3931-42d6-b71e-03529a9850cb,f6341a3e-4f05-4482-88f7-4c33d62e5259,1425,2026-06-18,288,90+ Days,Customer
f61962b0-6353-4fc2-9045-14c1f6871e4f,2df9cb4d-3931-42d6-b71e-03529a9850cb,3dca1a96-f3b0-4556-8c05-139b7a01dee5,1300,2026-06-18,396,90+ Days,Customer
4b072a59-31fb-43a0-ab10-ee23b034fc8c,2df9cb4d-3931-42d6-b71e-03529a9850cb,cfe68f4a-15cc-4e49-bcc3-d2d1f11c3769,1750,2026-06-18,683,90+ Days,Customer
955623ae-4ec1-4dd6-b491-37408aeccd5c,2df9cb4d-3931-42d6-b71e-03529a9850cb,6682d21f-5550-4fae-8577-1a8e850b972b,1670,2026-06-18,536,90+ Days,Customer
b51c6320-7ae7-4bbb-b8da-a4488b42160e,2df9cb4d-3931-42d6-b71e-03529a9850cb,7ef39232-a722-4a9c-8050-4084b761bf5e,1650,2026-06-18,405,90+ Days,Customer
dd365403-c575-4d24-9c79-329143406b4e,2df9cb4d-3931-42d6-b71e-03529a9850cb,2811faec-dac3-4e5b-bc47-3cad78309a4c,1640,2026-06-18,512,90+ Days,Customer
7973b0ca-b484-4fc1-a790-2807e6e81d8d,2df9cb4d-3931-42d6-b71e-03529a9850cb,82579c3b-e4df-4305-83cb-c607eca24334,1620,2026-06-18,456,90+ Days,Customer
cce71c3f-4e6c-4959-ab00-b651f92a31ab,2df9cb4d-3931-42d6-b71e-03529a9850cb,ae82bc54-df8c-47d0-bdb4-92906672241b,1600,2026-06-18,340,90+ Days,Customer
a1314206-1516-47cb-9a0f-f107e735e3db,2df9cb4d-3931-42d6-b71e-03529a9850cb,4fdda972-a8bd-41e6-9f43-6f81723a24bb,1600,2026-06-18,504,90+ Days,Customer
729674aa-217c-425d-b7e2-9498ebcf6847,2df9cb4d-3931-42d6-b71e-03529a9850cb,a55e1c2f-6f7f-4c26-a1f9-592268670803,1570,2026-06-18,336,90+ Days,Customer
52d9bc9e-cb34-466a-9a83-e30f6d90f2a3,2df9cb4d-3931-42d6-b71e-03529a9850cb,cd113e0f-9fc5-4d21-b287-07b1cc1a80b4,1525,2026-06-18,307,90+ Days,Customer
f1ca1c08-97d2-4259-b697-52121e5c3d7d,2df9cb4d-3931-42d6-b71e-03529a9850cb,3b801d50-e863-4dc4-a46c-6b4c6f4f9cd1,1500,2026-06-18,538,90+ Days,Customer
2c65ecf9-4cd2-4ac8-ada4-27e3667b6122,2df9cb4d-3931-42d6-b71e-03529a9850cb,8e920eab-a88e-4857-9234-c5734c7f8455,1460,2026-06-18,287,90+ Days,Customer
04b06306-b444-445e-aa70-90c6b9c80e12,2df9cb4d-3931-42d6-b71e-03529a9850cb,a9afedd0-4b98-47b4-9f44-59c81eaf75d9,1340,2026-06-18,337,90+ Days,Customer
5ea8d7f2-19e9-4435-bacb-d02fc13e82e4,2df9cb4d-3931-42d6-b71e-03529a9850cb,a5bf2ac2-9670-4ffb-a7fb-e8ee5ac497cb,1300,2026-06-18,312,90+ Days,Customer
1091d564-c953-4078-bd54-845b22d607c5,2df9cb4d-3931-42d6-b71e-03529a9850cb,3be3c32f-cf38-4c7f-90ab-5005c7fe74ce,1300,2026-06-18,406,90+ Days,Customer
453e2489-a2b8-47cb-b64a-0fd1e01c2d1e,2df9cb4d-3931-42d6-b71e-03529a9850cb,8cd2e8f6-7d40-491b-97e2-b6a3f6e028a0,1725,2026-06-18,491,90+ Days,Customer
3d26bd7a-9057-4c17-af29-8ba8d0da2454,2df9cb4d-3931-42d6-b71e-03529a9850cb,3e13e8b2-0c1f-48ac-9d5e-c07122ae51f5,1680,2026-06-18,547,90+ Days,Customer
3e89183f-6d02-4c8a-9e02-b7c9a58f19e8,2df9cb4d-3931-42d6-b71e-03529a9850cb,e6d44f5e-b6ac-4a3b-a90a-a596e1cda3b5,1670,2026-06-18,479,90+ Days,Customer
59810fc6-f768-42da-94b2-9868a9bb1b93,2df9cb4d-3931-42d6-b71e-03529a9850cb,c49ee7ec-dd8a-4c3a-affc-0bf1fd60aa25,1660,2026-06-18,493,90+ Days,Customer
f58694ea-c89e-4d77-821e-c7c1b18e9ec9,04f1aff2-c907-4a74-a837-5bf43e7a80e3,6a0b4638-8e2a-4fc1-a516-8aa1a455c1da,1650,2026-06-18,652,90+ Days,Customer
1389c3cb-6ffe-4017-af16-abf1c8118b41,2df9cb4d-3931-42d6-b71e-03529a9850cb,78f2fbe2-ef2b-4e1e-b4c2-726829391f1e,1643,2026-06-18,274,90+ Days,Customer
71b78d80-e60c-4c39-bad5-1a3352cefcca,2df9cb4d-3931-42d6-b71e-03529a9850cb,6dd1707a-760a-435b-8a87-c44f14c6f7ca,1620,2026-06-18,455,90+ Days,Customer
e33aa884-768a-4f9d-bdcb-fdc1371f8c96,2df9cb4d-3931-42d6-b71e-03529a9850cb,4da81d2e-05a3-49bf-88d5-da3ca62afd5d,1620,2026-06-18,470,90+ Days,Customer
85a533e1-54c6-4c58-8bcb-643cac6a5c1f,2df9cb4d-3931-42d6-b71e-03529a9850cb,a84a8ab7-f4ce-49e4-b197-673947f11b5d,1600,2026-06-18,436,90+ Days,Customer
0546a03a-dd5f-4a77-9f07-cd2c10fbdc0c,2df9cb4d-3931-42d6-b71e-03529a9850cb,99eab444-c829-4646-8f36-1b640335d2b2,1600,2026-06-18,489,90+ Days,Customer
647577eb-e8e5-4c28-96f5-a9a5000f0ded,7048623d-7a72-46d8-957d-95ee5ed6799c,73abb35b-fc70-43f6-8266-ea16fadcb7bb,1560,2026-06-18,200,90+ Days,Customer
2f8e36b8-949f-4f22-8eae-d1d1cf582a40,2df9cb4d-3931-42d6-b71e-03529a9850cb,e78e7837-f076-406f-ae71-6350427670c3,1500,2026-06-18,207,90+ Days,Customer
5ef91138-ae5b-4136-99ad-f5e31d69dc17,2df9cb4d-3931-42d6-b71e-03529a9850cb,5454f6c8-964c-4e3e-b4db-4f7f3fc7ba32,1450,2026-06-18,426,90+ Days,Customer
1962db85-63c5-44fa-92d9-4d32cb5ee0f3,2df9cb4d-3931-42d6-b71e-03529a9850cb,5a84a393-2723-42a4-b9cf-46366e3e816b,1340,2026-06-18,351,90+ Days,Customer
4b934ae7-59c8-4ffa-9136-85462b998ded,2df9cb4d-3931-42d6-b71e-03529a9850cb,01941253-e491-4766-a326-74307d8a8fec,1320,2026-06-18,367,90+ Days,Customer
d8fbd9b1-8457-4043-a4d7-d875adaca045,2df9cb4d-3931-42d6-b71e-03529a9850cb,9b12cefd-16ed-4ee0-a4ee-c4eca37c6c94,1300,2026-06-18,387,90+ Days,Customer
4bf7b3b1-c479-4ec2-beaf-6d960df06d40,2df9cb4d-3931-42d6-b71e-03529a9850cb,3d6ca59f-c8aa-4fa2-bf1c-2fd69f9f6bfc,840,2026-06-18,546,90+ Days,Customer
2f0ecf00-0338-4d38-9f0a-0f7521549661,2df9cb4d-3931-42d6-b71e-03529a9850cb,f1f01f1b-b9bb-45b0-97af-451453eca905,820,2026-06-18,505,90+ Days,Customer
18aa6c1f-edc4-4546-8473-407aa635cddf,2df9cb4d-3931-42d6-b71e-03529a9850cb,976d9c28-b59a-4650-abce-81d39a112af7,800,2026-06-18,510,90+ Days,Customer
701a84a1-0912-448f-998c-0aa86aa1630a,2df9cb4d-3931-42d6-b71e-03529a9850cb,aed3bd01-7381-4db5-99b7-d1a4868ea58d,700,2026-06-18,381,90+ Days,Customer
9e5d499d-7450-48d6-882f-c1190c547372,2df9cb4d-3931-42d6-b71e-03529a9850cb,84ac56eb-87f9-456e-9e98-1669b8f61677,650,2026-06-18,389,90+ Days,Customer
3123fb88-851b-48d5-a0ce-c55f3fc10840,2df9cb4d-3931-42d6-b71e-03529a9850cb,9003e7a1-9185-4de1-92eb-074e86ec7db1,630,2026-06-18,319,90+ Days,Customer
3a4d6747-84cd-4ee7-8928-b3987f60cb39,2df9cb4d-3931-42d6-b71e-03529a9850cb,6c9ccf85-3e9f-437a-9f48-cff181f81d3f,630,2026-06-18,374,90+ Days,Customer
c087c2b0-a237-41c7-b568-0d2a2e0bd25d,2df9cb4d-3931-42d6-b71e-03529a9850cb,57e3eccd-a931-46be-bae4-ac090907406d,620,2026-06-18,416,90+ Days,Customer
cb1b1839-8556-4561-b6d5-73b573f1c1c7,2df9cb4d-3931-42d6-b71e-03529a9850cb,35b1dee0-aff2-43a5-bf2f-5a0b21a24837,500,2026-06-18,419,90+ Days,Customer
8d6dc98f-d316-4305-9418-4a61f3eb63eb,2df9cb4d-3931-42d6-b71e-03529a9850cb,51d9a3c6-43e3-4fc5-a87c-65d18b48695a,320,2026-06-18,342,90+ Days,Customer
993d246a-5212-4554-ae9f-9eada658bf08,71be3019-2872-4e46-9e8f-941663554ca2,aa7c0276-927b-4d22-b1d1-64504e2bacac,474350,2026-06-18,111,90+ Days,Customer
db770a1a-0df5-4d72-9c57-99ad85bce0de,7278af2d-7018-4d13-bb4d-1b35f4307714,bd70e18a-c4f8-4636-a68e-7eecefbdb86f,1536000,2026-06-18,172,90+ Days,Customer
7f502d95-a8af-4641-80f7-868bbe1e3526,13434759-d4fc-4dc9-ad3b-480ab7211da2,45e1ca4d-caef-41fc-ab79-522ef77797b7,1123720,2026-06-18,127,90+ Days,Customer
f6ea8190-cfe5-4e2e-9f1e-c217fe263663,42d252ce-09ff-4009-912a-ee9ecb4bac8b,81325786-a35d-48aa-b52c-8edfddd34640,974999,2026-06-18,260,90+ Days,Customer
eb1c57d0-541c-46ba-88da-8189b30888dd,7278af2d-7018-4d13-bb4d-1b35f4307714,87b09655-f8d2-469f-b973-496b2196792c,1648000,2026-06-18,115,90+ Days,Customer
749dbcec-6c46-48b1-83ef-ea4bd6dd22a1,ee050b45-8c17-4d06-ba05-a7f64ed04dab,0f1ef8aa-cb24-4f6d-9627-d8d4fd3231f8,1114999,2026-06-18,574,90+ Days,Customer
64fe57d2-93e5-446a-b19c-0c2c77208341,628bcaf4-621f-4082-9aff-5ac50eb5f547,ed05a193-7316-4d05-97c8-40afa4bc1884,447500,2026-06-18,109,90+ Days,Customer
4b73d084-3843-4448-b8f6-bdbd5505f886,71be3019-2872-4e46-9e8f-941663554ca2,4c3e4a02-6301-4e70-8d13-096990c764d7,358000,2026-06-18,107,90+ Days,Customer
d2a9bcc9-833e-4e89-b5a2-a7a24c5d5b1c,2df9cb4d-3931-42d6-b71e-03529a9850cb,3a61b803-1f64-4ef5-b197-3fac757ae0a2,1250,2026-06-18,335,90+ Days,Customer
a7460968-8c8c-446f-bb32-211049accdad,2df9cb4d-3931-42d6-b71e-03529a9850cb,47101956-a53d-4d20-894f-33f177ae586a,1230,2026-06-18,403,90+ Days,Customer
9bd8ab82-7b02-4e0a-b5f0-fb0c171941b2,2df9cb4d-3931-42d6-b71e-03529a9850cb,1fd3bd18-47dd-45b9-9042-8032cc34762f,1000,2026-06-18,496,90+ Days,Customer
55368e99-b94c-4f74-b8e8-5b8d43efc24f,2df9cb4d-3931-42d6-b71e-03529a9850cb,36ca83be-35a9-4ff1-81f5-2b8e282089c2,900,2026-06-18,169,90+ Days,Customer
ee8999d7-2afb-42d9-8f5c-78d411d0e8f0,ccb49d47-ef18-415e-84ff-5119d836592b,9831e3d8-09a4-40c8-8d21-c9b71207ada0,845,2026-06-18,674,90+ Days,Customer
1caa87d6-4183-40b2-8e6d-915d7dbb092a,2df9cb4d-3931-42d6-b71e-03529a9850cb,036a7d99-9212-4052-98e3-77958ca20bbf,830,2026-06-18,484,90+ Days,Customer
0bdf64fd-f559-46d3-8c36-ddf04d70cc89,2df9cb4d-3931-42d6-b71e-03529a9850cb,a66fdfc1-dfa0-47ca-8ee4-cb0968504c73,810,2026-06-18,457,90+ Days,Customer
31d14a31-05a0-4638-8842-cc3cc5c4e462,2df9cb4d-3931-42d6-b71e-03529a9850cb,ad6f31e6-979e-4acf-8c2e-3b3008768700,735,2026-06-18,431,90+ Days,Customer
9b38c028-6ec4-4c31-aec4-9c3cd9def677,2df9cb4d-3931-42d6-b71e-03529a9850cb,bcc24b78-664d-4e0c-b576-8b1377d92842,840,2026-06-18,766,90+ Days,Customer
8bfba2fd-ebf2-4bed-bd07-114595122b2f,2df9cb4d-3931-42d6-b71e-03529a9850cb,c4ee7269-68f7-4175-a635-9d75579f482d,800,2026-06-18,746,90+ Days,Customer
7fad7a2d-c5a8-4877-9b88-56f682800655,2df9cb4d-3931-42d6-b71e-03529a9850cb,d0ba64dc-2646-4010-a8fb-49c48efea1be,820,2026-06-18,665,90+ Days,Customer
d7cf96e0-22b6-4b28-b511-8cb1fef44cec,2df9cb4d-3931-42d6-b71e-03529a9850cb,591b3c53-a01e-418a-b2eb-f87c78f62e9e,810,2026-06-18,659,90+ Days,Customer
830eac76-a053-4e62-b89d-a67119fe778a,2df9cb4d-3931-42d6-b71e-03529a9850cb,7709f398-37b8-4515-b749-d753e1b054fd,695,2026-06-18,319,90+ Days,Customer
800cf19c-d41e-47b8-b618-e9b256667f37,2df9cb4d-3931-42d6-b71e-03529a9850cb,b6c60754-88c1-44a5-a109-2ded3890fee5,650,2026-06-18,406,90+ Days,Customer
c74a0260-792c-4243-a627-b7ee92e94d28,2df9cb4d-3931-42d6-b71e-03529a9850cb,e2183312-0f8f-48c5-9480-1c10b5375328,615,2026-06-18,417,90+ Days,Customer
60ba4260-63eb-42cd-9136-be77e7b80a3c,2df9cb4d-3931-42d6-b71e-03529a9850cb,166404fb-4f65-4416-a967-c71669373560,420,2026-06-18,532,90+ Days,Customer
66e154c7-b3f0-4997-adf8-258109b59176,2df9cb4d-3931-42d6-b71e-03529a9850cb,c6699120-5589-407a-838b-82e3f4faf741,320,2026-06-18,363,90+ Days,Customer
909cf987-e272-4f4a-9d81-1aab35130129,628bcaf4-621f-4082-9aff-5ac50eb5f547,a32738aa-9ce9-42c3-bb0b-ba318314dd9f,260000,2026-06-18,111,90+ Days,Customer
912beb8f-71f9-4e8a-8370-db1407e64f0b,56037025-414a-4a5f-8b0f-a21864528f78,697af230-dbc5-4615-a155-6a839e26d16b,1590000,2026-06-18,417,90+ Days,Customer
26499ea2-d125-4ce7-82ff-c1d5e5c4374f,7278af2d-7018-4d13-bb4d-1b35f4307714,74391223-1da9-4fd4-b043-78cb1c582adf,1313000,2026-06-18,160,90+ Days,Customer
390ab416-8f54-4902-b927-71b0b3a06b7c,3c4d3236-1af3-4a76-8560-1be48d264c9a,c457d7c0-384e-47ac-8a5e-01ee763ebcfa,950000,2026-06-18,256,90+ Days,Customer
c0f1c203-b56b-4304-8cd5-7e3439ce1fd5,8da5249a-c2b8-48c3-b61c-12ecf6d898d8,b1ddd19c-ed50-496a-892c-749261e82527,987500,2026-06-18,708,90+ Days,Customer
7470178f-468e-437e-b6b2-9cfffb58efd9,ef173824-236e-4589-af6a-5bd7edb0e89f,511ea50b-e193-4233-a456-7ace245eb824,1648000,2026-06-18,113,90+ Days,Customer
656f4464-ccf1-459d-b5fd-53f3019dfd4b,4f0cd4d4-6997-4586-b94d-cfbfc15ccd92,3a3c645e-04e8-477d-90be-f50b0d1ca3b4,925000,2026-06-18,599,90+ Days,Customer
8eb06d06-ea08-4587-a056-a7bfbcd01d20,1e8b0fdf-a882-4a38-bf4a-36f1d58a0898,0f7e3b0e-ba23-4d55-b33f-e41854146fdb,402750,2026-06-18,107,90+ Days,Customer
c61e741a-6331-48c9-946e-539fa29682e4,d4686b2c-519c-4f5f-9839-c125dddade95,ec9d63b8-d309-4d4f-8194-c4fccc5da583,478400,2026-06-18,109,90+ Days,Customer
f34f984b-a226-491d-aeb6-4a4df6bb7ea0,2df9cb4d-3931-42d6-b71e-03529a9850cb,dbc5d25d-c0c8-4f5d-aa8c-e311f0935d51,1250,2026-06-18,347,90+ Days,Customer
c87c9435-ee16-4427-8b3a-6f613755ecd6,2df9cb4d-3931-42d6-b71e-03529a9850cb,6f16fe07-87c1-452b-9df2-e9233011b13a,950,2026-06-18,347,90+ Days,Customer
318e0471-71ba-44be-a6a6-e015e340e81f,2df9cb4d-3931-42d6-b71e-03529a9850cb,7e00789d-c987-47d0-91e0-5674f6e18508,900,2026-06-18,281,90+ Days,Customer
3084ac8e-31ee-4696-9688-73ae9d1b4681,2df9cb4d-3931-42d6-b71e-03529a9850cb,5a809731-b5b4-4104-8716-fc5768a958ea,840,2026-06-18,479,90+ Days,Customer
751e1232-e2c8-44d3-94ba-79a0e7b34d30,2df9cb4d-3931-42d6-b71e-03529a9850cb,0ff80530-5ace-4088-be13-e17f38e2088d,810,2026-06-18,477,90+ Days,Customer
291743aa-9f26-412a-a386-6e04c5f456d4,2df9cb4d-3931-42d6-b71e-03529a9850cb,aa86369b-551e-4d51-b651-822429dad734,800,2026-06-18,442,90+ Days,Customer
c4ebe738-01c7-44a9-8d68-f2ccdd67fd6a,99654bf2-99d2-4963-a48f-35d1eacc4352,2bef86d5-06e1-433c-80d4-5896b4d06362,414866,2026-06-18,224,90+ Days,Customer
e6139be0-e992-4c86-bd5e-796469868572,2df9cb4d-3931-42d6-b71e-03529a9850cb,58eda041-6e50-44ea-81e7-4ee8d72b71cc,725,2026-06-18,434,90+ Days,Customer
5280ad7b-aee7-440c-9087-5bb42677b7a6,2df9cb4d-3931-42d6-b71e-03529a9850cb,b29ec8bf-40ef-4dfa-9e93-51822d051b0b,630,2026-06-18,315,90+ Days,Customer
4a40dbad-a383-427e-8046-d0dcb68e95f0,2df9cb4d-3931-42d6-b71e-03529a9850cb,874a0702-d67b-4750-92a4-3b5159130e77,625,2026-06-18,373,90+ Days,Customer
078d11ac-c7e6-4af4-8c27-ab7f6d8b83ba,2df9cb4d-3931-42d6-b71e-03529a9850cb,de17b6bc-f29e-485c-b96a-3b7124829aca,590,2026-06-18,459,90+ Days,Customer
e95aaf38-bac9-43fc-9d8b-255739993cf7,2df9cb4d-3931-42d6-b71e-03529a9850cb,22ea88ca-d866-4d28-b499-f9e20d2f8bd3,400,2026-06-18,434,90+ Days,Customer
35e39802-b2c1-43b6-9437-5da58cfd4593,2df9cb4d-3931-42d6-b71e-03529a9850cb,e01816ba-9bb7-4b44-b17d-350bc1f135e9,320,2026-06-18,403,90+ Days,Customer
de7ea084-acad-4e18-a46e-b2465c77e664,2df9cb4d-3931-42d6-b71e-03529a9850cb,61e9beef-dbb1-4fe6-ac0a-97d5a90ca7f8,890,2026-06-18,688,90+ Days,Customer
2497a223-1ca3-4064-bbbc-b757fb5af934,2df9cb4d-3931-42d6-b71e-03529a9850cb,149a303e-16fe-4607-b1c0-7b83202f350d,825,2026-06-18,664,90+ Days,Customer
4b709f57-7f7b-4beb-89a5-c0acd66ae8f5,46259c13-632d-449f-a96f-f1deab0e0046,8461d027-bf15-43af-be76-aef6694d5c25,416000,2026-06-18,111,90+ Days,Customer
d7dfb7f0-76c2-4d5f-b8ea-42f75efd5870,c6e017b2-c27d-4969-95de-8284a705a232,7650622b-8543-460c-9ffc-74e126f7ad33,1110550,2026-06-18,140,90+ Days,Customer
259c1175-96a8-47b6-b42c-a6331b30d386,7278af2d-7018-4d13-bb4d-1b35f4307714,04f075f0-6ecb-4273-b632-c04b8e1f755a,1515000,2026-06-18,121,90+ Days,Customer
24d9a60d-b7a4-499c-9e59-453021732090,ef173824-236e-4589-af6a-5bd7edb0e89f,999d0132-3faf-472d-91fa-0e126766eb9f,1464000,2026-06-18,206,90+ Days,Customer
d482f9d6-5f23-4b09-b264-3431fedad177,42d252ce-09ff-4009-912a-ee9ecb4bac8b,490b1f1a-008e-466b-93a2-cf073257dfe7,1125000,2026-06-18,242,90+ Days,Customer
a69e838d-b8de-4665-a8ad-0b1ad238ea3f,f0fcd114-c83c-4557-ab8e-29869eb50b7b,47ac3f64-9c9a-4adf-b9bb-0dbea1d34cb0,1139750,2026-06-18,203,90+ Days,Customer
0117db37-d4ef-4786-a713-ab78527fd669,6bfd0ec9-30f4-495c-b104-f19a6d20505a,02387e1a-8a72-47ce-894f-94a6d53dbc8e,134250,2026-06-18,107,90+ Days,Customer
fc1ea856-947c-4aed-ac08-33d4a4289126,2df9cb4d-3931-42d6-b71e-03529a9850cb,ba247ca7-395d-41f1-9669-3699232332f1,810,2026-06-18,484,90+ Days,Customer
9b63fdb5-a948-4366-ba54-c6378273f782,2df9cb4d-3931-42d6-b71e-03529a9850cb,10e78f8f-0abd-4d78-88ee-71acfa206e4c,810,2026-06-18,489,90+ Days,Customer
f43d4424-d3d3-4875-ae10-98196376e4f8,2df9cb4d-3931-42d6-b71e-03529a9850cb,b35d6664-e767-4494-9474-c5c4e131019c,710,2026-06-18,429,90+ Days,Customer
59fd6a7e-6a3b-4b1c-b568-14d10c198e11,2df9cb4d-3931-42d6-b71e-03529a9850cb,f370bd2c-f223-45ac-8bcd-751e5f46d99e,650,2026-06-18,392,90+ Days,Customer
11c58038-80ce-459a-949e-353d1bd3ce2a,2df9cb4d-3931-42d6-b71e-03529a9850cb,b5a6391c-b600-4734-90d5-1e11130f8ba1,625,2026-06-18,374,90+ Days,Customer
b4596eaa-0259-4be3-bb05-1fa9cd4ad620,2df9cb4d-3931-42d6-b71e-03529a9850cb,3018938e-adf7-4371-955f-91449c3a7273,420,2026-06-18,520,90+ Days,Customer
046745b3-7b3b-4620-ace9-695385d43587,f3df996d-b48b-4239-8bf1-1e46b44fabd6,45d86eaa-1fcc-40dc-91a6-58d1c41b2f97,1045000,2026-06-18,118,90+ Days,Customer
0e0c93fa-fe44-49b6-be92-85e1817f8973,cc1c75ac-51c8-428e-9f70-77c001aad47c,7a6475d0-00b7-48e1-9046-ec7aa724115f,179000,2026-06-18,107,90+ Days,Customer
0ee4f726-54ef-42e6-b9ba-76157007cae4,2df9cb4d-3931-42d6-b71e-03529a9850cb,3a0c034a-f835-4ed1-bea1-4cc41a8b1997,1290,2026-06-18,408,90+ Days,Customer
5df1daf5-1525-4dcf-82df-127ca61d22d2,2df9cb4d-3931-42d6-b71e-03529a9850cb,8a2149f0-1734-42a9-b79f-30b3dad4e56c,1260,2026-06-18,319,90+ Days,Customer
b3e31bd6-f1cb-4150-a41a-0e5aa17f2664,2df9cb4d-3931-42d6-b71e-03529a9850cb,9d482ed5-3a8b-4a35-942e-16e84085b02e,1250,2026-06-18,328,90+ Days,Customer
a78d4faa-ef7f-4056-b9e2-bad3ef52ae06,2df9cb4d-3931-42d6-b71e-03529a9850cb,099d6f22-729e-4e07-807a-a93b2329179e,1117,2026-06-18,374,90+ Days,Customer
3e1d75e4-a43d-42bf-a9b1-3ac620b1692d,2df9cb4d-3931-42d6-b71e-03529a9850cb,15093f9e-42d2-4e67-8774-98111f431c50,900,2026-06-18,112,90+ Days,Customer
abbeea9d-ce38-49be-a660-99a5b0f94bee,2df9cb4d-3931-42d6-b71e-03529a9850cb,6f99d5a4-2ac2-4028-99c4-59c57b4547e6,850,2026-06-18,524,90+ Days,Customer
b4d5b097-704f-4041-b5b9-d19bf2434043,2df9cb4d-3931-42d6-b71e-03529a9850cb,8ae37f81-f9dd-459e-94fd-5ada451ba75e,840,2026-06-18,518,90+ Days,Customer
3adb937f-7795-4471-8e25-183cbde7c622,2df9cb4d-3931-42d6-b71e-03529a9850cb,01ba4bb9-f65d-498d-9e90-067bffd63c83,810,2026-06-18,480,90+ Days,Customer
69c05335-50eb-4ec5-a7be-95fe594ab7f0,2df9cb4d-3931-42d6-b71e-03529a9850cb,b8c18781-18f3-4a31-9922-1596b59a34fa,800,2026-06-18,496,90+ Days,Customer
5a963cfd-3db4-482e-8ae6-d9ab0f8fe1a4,2df9cb4d-3931-42d6-b71e-03529a9850cb,66a978fc-d6fa-429d-a990-d11f5f04df7b,800,2026-06-18,743,90+ Days,Customer
7ef818b7-5ddd-4983-87c0-0060d50d78f2,2df9cb4d-3931-42d6-b71e-03529a9850cb,7cc648fb-c101-41b8-b253-98d58a9ec236,820,2026-06-18,662,90+ Days,Customer
6a3421e8-9435-4f6a-b277-06e567b220cf,2df9cb4d-3931-42d6-b71e-03529a9850cb,c4cb01a6-07d8-4c7c-bfe6-ad55f42e5169,800,2026-06-18,661,90+ Days,Customer
63442862-64fc-4f2d-b689-c59ae90a8e23,2df9cb4d-3931-42d6-b71e-03529a9850cb,b2bd7dc7-6d4e-4d27-9c89-8e59b2878469,750,2026-06-18,421,90+ Days,Customer
caab8844-5c2f-4c4f-ab00-8dcf9f189495,2df9cb4d-3931-42d6-b71e-03529a9850cb,ef433816-cb63-4a82-9932-308be742e588,660,2026-06-18,409,90+ Days,Customer
f0177ae9-650c-4e97-9429-c337d177c6b6,2df9cb4d-3931-42d6-b71e-03529a9850cb,d30d8ddd-5e9d-459b-a016-40b826ae16ea,650,2026-06-18,346,90+ Days,Customer
46c223ee-0179-4cd9-ab66-645f3712be6d,2df9cb4d-3931-42d6-b71e-03529a9850cb,0eb0fe7c-49a1-4f88-9b41-381ad1b33130,650,2026-06-18,416,90+ Days,Customer
e15e5c54-0806-485b-8b9e-5818a206101f,2df9cb4d-3931-42d6-b71e-03529a9850cb,f10d6135-ee76-49d3-8ca6-536e8fdf61a3,430,2026-06-18,549,90+ Days,Customer
8acde58f-5c9b-4bb0-b9df-6e4da2a72a38,71be3019-2872-4e46-9e8f-941663554ca2,7f008e27-81ea-48de-8506-6a4f4ab64389,420,2026-06-18,297,90+ Days,Customer
cb1d44b1-218b-4ee2-a8e8-48af41a24f31,71be3019-2872-4e46-9e8f-941663554ca2,0cde1eb7-3ca3-4af8-9fc7-b1db974462b9,583250,2026-06-18,421,90+ Days,Customer
654265b7-7df0-4958-a1b6-28c341958272,71be3019-2872-4e46-9e8f-941663554ca2,f71c78c2-8395-4b3e-98ec-a636ce1f3b91,277500,2026-06-18,255,90+ Days,Customer
9f59e672-8fd1-4537-b438-d6ec086705da,13434759-d4fc-4dc9-ad3b-480ab7211da2,4400e67b-225a-442b-9764-a645f7d608b8,771299,2026-06-18,148,90+ Days,Customer
1d86bdef-429f-4f02-bae6-fcbb8951b5c6,40f85701-0113-4092-bf94-71fce4830301,675300c3-95c3-497f-9fa1-13fb4e39e662,270000,2026-06-18,549,90+ Days,Customer
cbc6e9c4-8056-48a0-825a-dcc63f6038c7,71be3019-2872-4e46-9e8f-941663554ca2,46274d70-3fa1-43ce-8c5f-944ba24bb45d,770000,2026-06-18,280,90+ Days,Customer
c00ed662-ec28-4593-961c-76536bdaeea7,71be3019-2872-4e46-9e8f-941663554ca2,3ba6780c-ff98-41d2-940a-44ec386f856c,551799,2026-06-18,550,90+ Days,Customer
7d282abe-1a92-4fe8-b356-73461f8b2af2,13434759-d4fc-4dc9-ad3b-480ab7211da2,7e4dbfcf-a0f5-4838-b939-0a85f2538c0b,417197,2026-06-18,109,90+ Days,Customer
8afa44ca-54d3-4c42-ad98-7e247ff3e093,b077f4f7-954e-4c70-935a-84ea00d1f006,b7aca8d6-a52a-4b56-86ac-cf9b53a1d9af,81335,2026-06-18,111,90+ Days,Customer
7fda865e-7d91-47d2-aaec-4d82cfd7cf40,ebd4b889-4b94-4c8e-acde-8b3b5f560d31,64493c23-549c-4e2e-b959-34fe74e8250c,236500,2026-06-18,94,90+ Days,Customer
6b420cf8-691a-467e-af43-bc3ee78059be,4b5902bf-67f1-4e06-8882-ca516c1842db,28ee3512-0146-4239-bf2d-b21fd5ed2f04,202000,2026-06-18,74,61-90 Days,Customer
ce7dc9c2-0a89-4565-9708-d677fae08387,b21d4cc7-0760-4deb-8ee6-fba3b4884487,423d2033-575b-43a1-b3df-77fb42ea6bce,2444575,2026-06-18,381,90+ Days,Vendor
3c3f883a-b709-437f-b2b4-3d0e7c347def,b21d4cc7-0760-4deb-8ee6-fba3b4884487,9e39da27-6a2a-49cc-a90b-9857723a01dd,3392344,2026-06-18,349,90+ Days,Vendor
161ee2f0-4711-41a0-a29d-17894fee1cd4,b21d4cc7-0760-4deb-8ee6-fba3b4884487,235841a6-7e80-4d9b-8280-56e4cf653cf8,2830949,2026-06-18,59,46-60 Days,Vendor
aa9b2abc-ff9b-4191-a590-e753e6f283ab,be6aebf8-8a0f-4527-a9d4-d94f09f3c93a,a1588818-ff22-4879-8023-e128173c92d5,1046690,2026-06-18,222,90+ Days,Vendor
d8fbbdbe-4849-4dab-a50a-c95bba8f4073,b2870852-b36e-4a96-8048-b6adeb597deb,ad01bc41-99d5-4963-ae62-5c878a0b2c9d,2043791,2026-06-18,337,90+ Days,Vendor
5b7883ea-89c9-4c80-b5b5-7e345d6a48e4,b2870852-b36e-4a96-8048-b6adeb597deb,13d353cf-a10b-4f3a-8af2-9017b4e112df,2912682,2026-06-18,577,90+ Days,Vendor
14f2ce68-72e1-42fb-b7d0-fec28cc71cad,0cadaeab-aab5-418e-ae3f-0d303a1f2c1b,4f4322e1-cb1b-478a-ae3e-d7f0ff6c95bf,118125,2026-06-18,471,90+ Days,Vendor
9012743b-5e19-4a78-8f02-1d74f60b0ce6,b21d4cc7-0760-4deb-8ee6-fba3b4884487,04e0d3ff-5646-4b60-ad9a-c8a6755249bc,3303986,2026-06-18,183,90+ Days,Vendor
a3f5d5c5-754c-43b7-bffc-06bd6a0f7e20,0cadaeab-aab5-418e-ae3f-0d303a1f2c1b,8f0759b0-fcec-4174-ae64-5d9501206fae,434125,2026-06-18,478,90+ Days,Vendor
ad2789a7-c3a4-430b-9142-4e845c965017,0cadaeab-aab5-418e-ae3f-0d303a1f2c1b,771f12e1-a03c-4fe2-94b3-c224720dfc2c,433125,2026-06-18,471,90+ Days,Vendor
86f94810-0d4c-475d-8c73-3cb7174078fa,51332947-ad36-4289-b3a3-d4f7943bffb8,95c0568c-9a89-481d-b68a-43e1f4146f7f,724701,2026-06-18,421,90+ Days,Vendor
e6e05258-098e-4dba-8222-1512a6274b01,0cadaeab-aab5-418e-ae3f-0d303a1f2c1b,5adeaa96-e17c-4c66-b381-6e57b163f965,83050,2026-06-18,486,90+ Days,Vendor
78cf40e9-3eaf-4671-a047-66818cbd7c1a,b2870852-b36e-4a96-8048-b6adeb597deb,723516e6-3b21-4006-a3c3-50f22f335571,2383608,2026-06-18,317,90+ Days,Vendor
448795ee-3f01-48ed-a3c9-c957e25518d5,26140a18-49d5-4266-9f8c-8f7e25c7f70b,72bb24b2-82b6-4bc1-b5d1-d88fab687906,2201563,2026-06-18,387,90+ Days,Vendor
7820a1dc-b2c3-4897-83ed-918cf4175322,b2870852-b36e-4a96-8048-b6adeb597deb,12b92ba8-14a7-4e0f-af9b-d73beababbbb,2895371,2026-06-18,581,90+ Days,Vendor
11f3cc10-6c5b-4afb-9c2f-c2397f5d2c79,dc96db54-a1c0-4be1-81f5-c22f9594bf7d,72c4b418-4b57-48e9-904c-8c0fb0f5646a,207851,2026-06-18,164,90+ Days,Vendor
be2b83b2-7990-4b21-820d-096f6fccd438,b21d4cc7-0760-4deb-8ee6-fba3b4884487,ecefdfa3-b6dd-41b8-99bb-ba43c4373692,2049244,2026-06-18,330,90+ Days,Vendor
34d12a26-4c05-4a2e-ad36-91d19aedbe61,0cadaeab-aab5-418e-ae3f-0d303a1f2c1b,3d10ebf2-8bb8-4ea6-b0e3-b382b02f58f4,900000,2026-06-18,678,90+ Days,Vendor
7e28cf8a-98d1-4e76-b234-1633888cc9ec,ee72dd0b-2a9c-4acd-9b20-433e6a327c96,dda5af24-3681-483e-858a-1b971e5d66d1,2082200,2026-06-18,496,90+ Days,Vendor
feff3be3-705b-4b42-93bc-03a7dedbe350,be6aebf8-8a0f-4527-a9d4-d94f09f3c93a,953eaeec-32d7-486e-8af9-c34a29667304,1004936,2026-06-18,63,61-90 Days,Vendor
90fab016-097d-472d-953b-096577c21703,ee72dd0b-2a9c-4acd-9b20-433e6a327c96,80b39aa1-0e15-44ec-8cf0-6028a7882130,1211475,2026-06-18,478,90+ Days,Vendor
e22cfd90-a0ee-49f3-9f6c-686785460c90,ee72dd0b-2a9c-4acd-9b20-433e6a327c96,ad9327be-3139-4be2-bf2b-af3d1e031955,1198875,2026-06-18,153,90+ Days,Vendor
f802af67-e75b-456f-b1da-7444e56d8bea,3769e41b-9c60-4886-9461-5e969cfbc8d3,98f016a9-9244-4e80-9abb-1b1ae3a816e8,2373936,2026-06-18,734,90+ Days,Vendor
8731cf4e-5a6c-498b-b43c-cec57d73c950,dc96db54-a1c0-4be1-81f5-c22f9594bf7d,fa124111-97d8-4bc6-a2ee-529b2982357a,625148,2026-06-18,218,90+ Days,Vendor
53dbdf5a-d104-4989-99cb-91001f13d739,dc96db54-a1c0-4be1-81f5-c22f9594bf7d,1a5558c0-06a1-4ced-afa8-78669f661934,145588,2026-06-18,286,90+ Days,Vendor
d8b5f422-8911-4cb3-b899-a41381f50f30,dc96db54-a1c0-4be1-81f5-c22f9594bf7d,42d8c0dd-ff11-433e-b12c-c3722e1c8358,52895,2026-06-18,212,90+ Days,Vendor
3b43fbbb-f774-4f05-8098-f20db00570f7,dc96db54-a1c0-4be1-81f5-c22f9594bf7d,4864a8c5-36c6-47ec-861d-85f96c8a5dad,23500,2026-06-18,247,90+ Days,Vendor
067cebb4-8389-41d0-b05b-8c340d542fc2,be6aebf8-8a0f-4527-a9d4-d94f09f3c93a,dfa35c19-52de-49fa-a4f6-f890c1e45218,1159313,2026-06-18,245,90+ Days,Vendor
e3b8fdaf-0649-486f-9e69-cac0f8e16750,dc96db54-a1c0-4be1-81f5-c22f9594bf7d,7db2ec7f-b638-4c20-9276-09ba5af678bc,23500,2026-06-18,164,90+ Days,Vendor
bb280deb-867c-47a6-92bd-cb52219b579b,dc96db54-a1c0-4be1-81f5-c22f9594bf7d,d5c05a6e-f6e0-4dc2-a60b-647a8b5dc818,397481,2026-06-18,252,90+ Days,Vendor
83bc5583-9d93-481f-97b4-489494b75c88,dc96db54-a1c0-4be1-81f5-c22f9594bf7d,cc2bbb1a-27dd-4723-9c40-0f4d133d1af2,104400,2026-06-18,323,90+ Days,Vendor
8a335900-d322-415d-aa6a-ea9b8541652b,dc96db54-a1c0-4be1-81f5-c22f9594bf7d,39fbca2b-dd05-42e8-a432-55d11daa7bda,33523,2026-06-18,362,90+ Days,Vendor
78dac74d-44fa-4c21-9487-82c477a9e1b2,16b88b42-9f90-4117-8ff1-1eaa41757a3f,27931c50-301f-4108-8760-189ed7feaf92,1421702,2026-06-18,737,90+ Days,Vendor
8d8b0b13-1426-4e11-9a62-ce0d3e31d567,7768c50a-6f9c-418e-a624-a06de251580c,8dcbd13a-e509-451e-a89b-10a642fa981e,2978850,2026-06-18,712,90+ Days,Vendor
52bd1860-f05c-47c9-acef-a92f85bd1a3a,16b88b42-9f90-4117-8ff1-1eaa41757a3f,5ec7a3d3-4422-417a-9845-235853b444f2,1521340,2026-06-18,699,90+ Days,Vendor
4841ac1c-131b-4d9e-b15a-3ab6b07f6d57,3e712b36-d74e-4eeb-9dc1-d51ddf89de8f,5b2c3bc7-5f2f-4d73-abd8-2d737f94c5b9,125318,2026-06-18,267,90+ Days,Vendor
ca4e81da-516d-4195-b73a-98844e8f56d1,3c61dcc1-cbd1-4594-9879-2b7ca831edfa,febb06ec-5170-433c-8cee-5aa42c8c6bd2,2081951,2026-06-18,526,90+ Days,Vendor
e201cd0c-7079-4eff-a741-0af8faa93c6f,3769e41b-9c60-4886-9461-5e969cfbc8d3,1bfe2a8b-b53d-4a1c-ab57-968e05ed8ba8,2223356,2026-06-18,339,90+ Days,Vendor
88bc8a1f-a2f0-42a1-b641-c89b0c823776,3e712b36-d74e-4eeb-9dc1-d51ddf89de8f,f4d614e5-6d48-406d-9df3-cf2911fd6691,204670,2026-06-18,370,90+ Days,Vendor
65f3aaab-c134-42f3-b72b-2dcb3ba32d8e,a84bde39-f20e-4d72-83ff-a7e13653e474,a928564d-6c23-4d48-bd5d-ce51eacff738,114976,2026-06-18,542,90+ Days,Vendor
f5879cf9-7c8f-41df-9bf9-7fdd17e257a0,3769e41b-9c60-4886-9461-5e969cfbc8d3,df0e68c7-579c-4754-9f4e-415a257ee51d,2224478,2026-06-18,413,90+ Days,Vendor
f0cfeaeb-8b88-4545-9db1-fa2069f69a6f,3769e41b-9c60-4886-9461-5e969cfbc8d3,c057a4da-4b84-41e6-96ea-3e6c759f7cb9,2603914,2026-06-18,591,90+ Days,Vendor
f48144ea-da5d-4caf-88d0-8552aab717bd,c33af545-a022-4ad0-8185-d5e2727ca60d,e7f33858-4f49-4aa4-a755-00a3500c6218,2411985,2026-06-18,561,90+ Days,Vendor
c438a0e0-1d00-47be-856a-a09d75e4cede,a812aae0-4823-4af3-868c-36fe1abf4898,86180d2c-cf50-4a9f-857b-a6d6b0e4e103,2591231,2026-06-18,602,90+ Days,Vendor
6ba65e89-3442-4352-83eb-478ee4510232,40898e29-8b25-4043-8a89-cee44245437e,daff88ab-ade5-451f-82d5-4b46ea58e31a,2274024,2026-06-18,313,90+ Days,Vendor
b05cb7e2-630a-4f13-bc87-b6e6a6264602,40898e29-8b25-4043-8a89-cee44245437e,9b37d82b-ead5-4e8b-b2e1-259c870f63cb,2459086,2026-06-18,692,90+ Days,Vendor
35dc743a-7d13-4047-bcca-aaf4abf33852,9b59c432-8c51-4711-add6-e758552bafc3,c8b380c7-9727-4bec-acca-bbcd169bfae8,2209307,2026-06-18,428,90+ Days,Vendor
54a07e09-f55b-41a6-a6bb-da7dc09764ee,1a55ee25-bc28-404c-9b3e-744d00cd23d6,7e44fc4f-f196-4126-ba46-d539b1eb8047,1410911,2026-06-18,213,90+ Days,Vendor
1b44a807-a3f3-4c34-822d-84d2b545275f,ee72dd0b-2a9c-4acd-9b20-433e6a327c96,2de7a6d4-f81f-4420-bf02-67a0ee2b5c04,2553750,2026-06-18,117,90+ Days,Vendor
6b4de90b-dcf3-4d2e-9aac-022a66947763,ee72dd0b-2a9c-4acd-9b20-433e6a327c96,3564f8e6-4353-4807-9c30-cb81f4b3737d,4891875,2026-06-18,125,90+ Days,Vendor
b207a76f-8a50-4d08-b775-d2b309bc325a,ee72dd0b-2a9c-4acd-9b20-433e6a327c96,cdb7478b-d04e-4fc1-81c6-7392e1ffc32c,2254500,2026-06-18,117,90+ Days,Vendor
e20358d7-73d4-46b7-bc6a-777b9a5b6a18,ee72dd0b-2a9c-4acd-9b20-433e6a327c96,1deb90a2-2eaa-4db7-806f-1b1b3b4de30a,3113625,2026-06-18,136,90+ Days,Vendor
6ca3ebec-9c7a-408c-9247-3abddcd238ea,40898e29-8b25-4043-8a89-cee44245437e,6d7fc755-e054-4b05-9ecb-d9e730961652,2580109,2026-06-18,458,90+ Days,Vendor
7e1f9524-07cc-4ecc-a170-a5c7f8197e02,24637f48-aff9-4615-8eb2-fa8dddc59fa8,5a71c7f2-983a-472a-aa4d-d133f7da0832,2109156,2026-06-18,365,90+ Days,Vendor
9231d556-94e6-4d8e-850b-fb84841b88bc,24637f48-aff9-4615-8eb2-fa8dddc59fa8,9560fc96-ad91-4803-b191-4f9ba0c6bbf3,69295,2026-06-18,477,90+ Days,Vendor
1612b8e5-0412-4178-961b-1ee4568472dc,dc96db54-a1c0-4be1-81f5-c22f9594bf7d,4c005dd6-e091-4846-9e48-6cfb1a142126,127746,2026-06-18,56,46-60 Days,Vendor
515f9867-b7ce-45e8-a7d3-631131e89bcd,ee72dd0b-2a9c-4acd-9b20-433e6a327c96,327c17da-e5fc-446f-8fd7-86ff2f199c76,1925600,2026-06-18,104,90+ Days,Vendor
34bef8be-2d92-4836-a614-868559989551,ee72dd0b-2a9c-4acd-9b20-433e6a327c96,6876114d-e099-42b5-8981-70d8f75a2e1a,2898550,2026-06-18,484,90+ Days,Vendor
a63a226b-369d-4cd8-a8b8-94b12a59bac9,be6aebf8-8a0f-4527-a9d4-d94f09f3c93a,008b0ed3-9a77-4f31-956e-792c74878819,1009791,2026-06-18,62,61-90 Days,Vendor
e5d603bd-a77c-41f5-bacb-0b67e2f9cd91,ee72dd0b-2a9c-4acd-9b20-433e6a327c96,4ef4a8f6-3a6a-44b3-bcb3-6619c8fbe6d9,2399250,2026-06-18,156,90+ Days,Vendor
f0090037-39b4-4105-897c-b141dd8bff8e,ee72dd0b-2a9c-4acd-9b20-433e6a327c96,22c60ecd-e350-4662-9ec7-f23ec148f431,2407500,2026-06-18,149,90+ Days,Vendor
49d15719-671d-4a5e-ae0a-2d95447119de,dc96db54-a1c0-4be1-81f5-c22f9594bf7d,cd433648-3034-426e-8928-9ebee4e66ad8,131441,2026-06-18,169,90+ Days,Vendor
884c527a-74fb-4529-adac-98c242b215c6,dc96db54-a1c0-4be1-81f5-c22f9594bf7d,99e9bbaa-b7ef-4721-aaa6-c2dec44a4aab,26448,2026-06-18,261,90+ Days,Vendor
f3c29fa7-b784-4919-8bae-ec30308e0b9f,96bdd17d-e2c7-4081-b5f4-cc9826bb78f4,82d7d85d-f78f-45d0-809f-e522e06c71f6,1353834,2026-06-18,154,90+ Days,Vendor
377ae83b-b2b9-46f2-a7c0-1eb20de3a0cf,dc96db54-a1c0-4be1-81f5-c22f9594bf7d,a41fa4fd-4b14-4501-a059-fe46c2947b73,165067,2026-06-18,262,90+ Days,Vendor
3efc5cae-c120-49af-9101-70e08d25e15d,dc96db54-a1c0-4be1-81f5-c22f9594bf7d,10dce5e7-43e6-40d0-8d0e-00d5909114f4,152191,2026-06-18,300,90+ Days,Vendor
247d2bc0-8697-4d67-bf45-43c18a233b9d,dc96db54-a1c0-4be1-81f5-c22f9594bf7d,8e2f2272-bb15-4395-97a7-a6da561f2432,89718,2026-06-18,226,90+ Days,Vendor
ea7d529b-a408-4e26-ad3c-f1a8c4833620,dc96db54-a1c0-4be1-81f5-c22f9594bf7d,c75b705c-7948-4cdf-9324-6a8c4b604da8,38076,2026-06-18,240,90+ Days,Vendor
3e557486-15c6-4589-8d0f-754505d2d4b1,dc96db54-a1c0-4be1-81f5-c22f9594bf7d,3a4e1e5c-f98c-4a13-a9fc-894e3f2d6e8f,25251,2026-06-18,146,90+ Days,Vendor
d48daa77-d373-41a9-a661-70d9971b0ecf,dc96db54-a1c0-4be1-81f5-c22f9594bf7d,7b3a7362-708f-4dae-943a-8153637d1bce,45471,2026-06-18,341,90+ Days,Vendor
df368271-34e9-4096-8b4f-e3f0ac888526,24637f48-aff9-4615-8eb2-fa8dddc59fa8,86decbae-deab-4a3c-afbc-9070ce538375,2214900,2026-06-18,505,90+ Days,Vendor
056c0a2c-feda-452a-8764-5f85b4b89aa9,ccb49d47-ef18-415e-84ff-5119d836592b,478f01ea-e11e-423b-b842-80a0c0167121,277095,2026-06-18,692,90+ Days,Vendor
a66fbfc1-6487-4341-9b76-fc7229e01bb6,2f16462b-aa4d-49ee-a9ec-eab4a0f517ed,f015d13e-a0c4-49a8-a1c8-0b2902cfba19,2131638,2026-06-18,657,90+ Days,Vendor
bfd1d50e-e560-48d8-bfbd-b2867aa41aba,2f16462b-aa4d-49ee-a9ec-eab4a0f517ed,821f0e57-a930-4cc6-8f4f-4077d550e516,1997025,2026-06-18,615,90+ Days,Vendor
473df0b8-55b7-4198-b9a8-da9913ac0453,2f16462b-aa4d-49ee-a9ec-eab4a0f517ed,18fd58a4-1402-4963-bf0c-074ba8ffef64,2199033,2026-06-18,661,90+ Days,Vendor
e7fee9ff-6c7b-4f79-8026-e07922aae2c4,fa2c1a2b-c483-45f3-92c5-0e24f18c9353,dcd21cf8-a749-4a75-a9ea-5f6bfb1455e9,2018343,2026-06-18,328,90+ Days,Vendor
dc745658-a351-47d2-95d7-2420c24e3ab9,f44a0530-a9a7-44dc-a935-1788e1ed642f,16a3f401-a30c-48fd-9be4-9cc767e252ea,2731800,2026-06-18,269,90+ Days,Vendor
c73f44b3-c350-4e9e-b8f6-33ed43c62d20,2f16462b-aa4d-49ee-a9ec-eab4a0f517ed,a91c1afc-d8c9-4d46-a56d-14d637eac93f,2367375,2026-06-18,619,90+ Days,Vendor
a75ad0df-1020-4d8f-8e1b-9241604937c7,f44a0530-a9a7-44dc-a935-1788e1ed642f,6c3e7d29-ff5f-4018-ba33-59662ef4d0ac,2750390,2026-06-18,269,90+ Days,Vendor
3e7f6ca7-e53e-4711-9598-6796315eb908,3c61dcc1-cbd1-4594-9879-2b7ca831edfa,2c2260ae-d804-4f8b-b7b9-2fa0bc9baa8f,2784914,2026-06-18,547,90+ Days,Vendor
1e283cf4-fa1f-4eec-a2b7-9d6c660e6779,53c5d520-017f-4de2-9f60-f608b74bc9e5,811c3293-7153-4ed6-a2ff-8cc826840279,1839460,2026-06-18,423,90+ Days,Vendor
eeaf501b-6383-4fe0-8892-6529f1cecc71,a84bde39-f20e-4d72-83ff-a7e13653e474,1739e427-cb58-4d7c-8991-e675e14f08e9,64235,2026-06-18,499,90+ Days,Vendor
73f81aae-1e9f-4fb7-878f-c15d176417c5,94ed13a8-1a93-4101-8a11-c34f663c5845,f792509f-3ed8-4706-8113-e1ed7b6311be,3070415,2026-06-18,527,90+ Days,Vendor
c63b064a-9a40-4cb3-bf9b-e1565b5f3246,2e69bee6-0a5e-4633-9868-0caa1e2b1626,5b7df1ea-a557-4fd1-b6db-bc7352258695,846125,2026-06-18,418,90+ Days,Vendor
dadda9fb-029c-48ca-9b27-e5497a4f3948,48e6f85d-37e1-4d61-99a9-d46bdae6e031,dba22c56-c29d-4a05-9a4a-ca20c11b27c4,21842,2026-06-18,321,90+ Days,Vendor
3f9df56f-9476-4962-90d4-27150854f3a0,a84bde39-f20e-4d72-83ff-a7e13653e474,5159abd9-3640-4c35-ace9-506f8d8af1af,115425,2026-06-18,588,90+ Days,Vendor
215397c1-2da5-4fb1-b1d1-da52979a0b50,3c61dcc1-cbd1-4594-9879-2b7ca831edfa,263f4e86-9e1e-45a0-864d-19575696e580,2511607,2026-06-18,586,90+ Days,Vendor
10a99eae-48e7-40ef-b137-32606f18e641,3e712b36-d74e-4eeb-9dc1-d51ddf89de8f,644a2ef0-878a-4789-9950-e1af68fcc6b8,221922,2026-06-18,293,90+ Days,Vendor
28606b89-c441-4ae3-b954-f48a59bb9556,16b88b42-9f90-4117-8ff1-1eaa41757a3f,d3fad084-c190-4aed-a0d3-8b5eff30c03b,1920128,2026-06-18,696,90+ Days,Vendor
8815bcac-6e03-4d45-826d-0f8db9d94c04,3e712b36-d74e-4eeb-9dc1-d51ddf89de8f,5fa91517-1333-4c56-9cb2-a01658c349e9,11880,2026-06-18,380,90+ Days,Vendor
8b78e3df-1932-472d-90a3-10a847ecf0e0,16b88b42-9f90-4117-8ff1-1eaa41757a3f,93900d89-e3ab-4dd7-9041-48530b6803e1,1976200,2026-06-18,741,90+ Days,Vendor
cc20bce4-308b-460d-aaa9-e7da78d8bb39,c33af545-a022-4ad0-8185-d5e2727ca60d,f68f1eb7-d86c-45fe-863c-5b0eed71d5c2,1356904,2026-06-18,665,90+ Days,Vendor
21debcb3-38e8-42b2-b4a5-f516d437b357,3769e41b-9c60-4886-9461-5e969cfbc8d3,1cdca94d-5d38-48a1-ab4c-9bb9f7bf3f7d,2401059,2026-06-18,613,90+ Days,Vendor
eacf9961-acce-4886-9a84-7986549c43b9,3769e41b-9c60-4886-9461-5e969cfbc8d3,05b3fdbd-7791-411d-9f41-a036d0f2c6f6,17500,2026-06-18,554,90+ Days,Vendor
87cc61a0-f452-494d-8c3e-469ae4e2c4a9,ee72dd0b-2a9c-4acd-9b20-433e6a327c96,2305b7f9-f87a-49a1-8c8a-3a6b53b1f93e,3936325,2026-06-18,104,90+ Days,Vendor
8b548807-c7f3-466c-acca-2b5c49fe3eb5,b22c68cf-1d75-457c-96cb-dcb32da7712e,9c3273dd-03e2-4057-aaa2-f7988646be0b,5096205,2026-06-18,56,46-60 Days,Vendor
092a5eb5-3bad-478d-b236-c3029b084e7f,edec10be-a0bc-4240-a6de-ed91dc2b3a10,5e60068d-5e80-401e-984b-35c5c95ca51b,1317990,2026-06-18,743,90+ Days,Vendor
449682a9-8e6a-4abb-8357-14d0281b07de,dc96db54-a1c0-4be1-81f5-c22f9594bf7d,e53f2a5f-7063-492a-a81c-0f48905d10b9,248935,2026-06-18,255,90+ Days,Vendor
d0322d7a-7e24-4b78-ae8c-84aee89b2ec8,dc96db54-a1c0-4be1-81f5-c22f9594bf7d,f9841b90-883d-417c-ad41-965d6429431d,420713,2026-06-18,199,90+ Days,Vendor
351d0052-d90e-4544-962a-b108ae3494a9,dc96db54-a1c0-4be1-81f5-c22f9594bf7d,d84ab49a-4d70-4907-b18d-4dae008c5ae8,159257,2026-06-18,245,90+ Days,Vendor
571fbdd1-3e06-4e61-9bfc-97a86640fb76,dc96db54-a1c0-4be1-81f5-c22f9594bf7d,ff474856-0afe-4cd3-8973-20dc549f433b,341908,2026-06-18,359,90+ Days,Vendor
41426908-ca58-483f-b551-569ccf70a63d,dc96db54-a1c0-4be1-81f5-c22f9594bf7d,07848509-8103-4a84-8185-36d7ddab8d27,101744,2026-06-18,219,90+ Days,Vendor
715bc1ed-8658-42a9-ab8d-a7e61abc118f,dc96db54-a1c0-4be1-81f5-c22f9594bf7d,0e0fb78c-c040-472c-81a3-b0e0362d9969,37757,2026-06-18,313,90+ Days,Vendor
62486492-1b16-467f-a8e4-cc25e47a30bb,dc96db54-a1c0-4be1-81f5-c22f9594bf7d,89e34d8c-7d9e-41db-ba44-d1cb1ff61461,59508,2026-06-18,274,90+ Days,Vendor
047d197b-2452-429d-851e-18686906df3c,771fe071-7c7d-4cdc-9195-1f3bb593d2de,bea5a62a-2ad2-4a78-8701-919069bcee3e,178075,2026-06-18,651,90+ Days,Vendor
a4e3504e-a59d-482a-997d-e0d1918c7eac,3769e41b-9c60-4886-9461-5e969cfbc8d3,47c241cc-8f5d-43a3-b18d-c80c547ff8ab,2616553,2026-06-18,392,90+ Days,Vendor
aa797407-3672-471d-b6c5-a0d600e00580,40898e29-8b25-4043-8a89-cee44245437e,8a50739a-d090-4fe2-ab65-d1753d145a35,2643850,2026-06-18,465,90+ Days,Vendor
d4185797-e913-4525-a98d-7a9fc5657486,831be7e0-3cb9-492d-9bc6-2df6548e5db2,1dd9e251-3996-4627-817e-9254d73e710d,105487,2026-06-18,499,90+ Days,Vendor
edcf9567-5786-4630-a6f9-372fc067a776,40898e29-8b25-4043-8a89-cee44245437e,4fea9dc2-a028-4760-bb58-9802dc0ac9a4,2192015,2026-06-18,310,90+ Days,Vendor
1858c80a-4b05-42fc-80fd-30433d208d77,40898e29-8b25-4043-8a89-cee44245437e,e58f2ca6-e26d-4e1f-991a-c5500ed68dfe,2317954,2026-06-18,672,90+ Days,Vendor
6ef28039-3f34-4128-a571-3de8cf44ec3c,ee72dd0b-2a9c-4acd-9b20-433e6a327c96,8688fc68-ed63-4c48-a4a6-f1d92f84669e,3077250,2026-06-18,139,90+ Days,Vendor
8671e7e7-902e-4257-8aec-a12af3139436,1a55ee25-bc28-404c-9b3e-744d00cd23d6,c30f545f-cd4c-4d93-adb2-d4a96d281f9c,680310,2026-06-18,222,90+ Days,Vendor
cb2625ab-4c0b-4e7f-8fc5-5557c097f9a2,fa2c1a2b-c483-45f3-92c5-0e24f18c9353,0a6c4fb7-7350-4e4c-96a2-a9e5fdd02c40,2434541,2026-06-18,299,90+ Days,Vendor
c63f7b77-97a3-4d25-ba0b-dbbf44b4a5d9,ee72dd0b-2a9c-4acd-9b20-433e6a327c96,04cd8026-2bc9-4fbe-ae91-92bb602cd222,2608125,2026-06-18,129,90+ Days,Vendor
8e75d027-5fbe-4c33-be42-837f7e502a9e,7b237e41-2adb-467e-99f1-32f71332e3e7,5cf9bcb2-2186-4777-a2d8-eeee8f55f9fb,953541,2026-06-18,708,90+ Days,Vendor
804009af-e8c9-49ca-a8be-8b240ab7afa9,40898e29-8b25-4043-8a89-cee44245437e,15bbd22b-4500-4476-8f3d-84f16ab0bac3,2638335,2026-06-18,721,90+ Days,Vendor
c027af13-89e8-4aa5-82eb-64c222754dd5,ee72dd0b-2a9c-4acd-9b20-433e6a327c96,f49c8a2d-83eb-47ee-b952-f84a04d8e96f,2169925,2026-06-18,520,90+ Days,Vendor
fbca7146-b53f-4af4-8b41-d1d008f87b03,f44a0530-a9a7-44dc-a935-1788e1ed642f,86c7b890-0b11-4aee-aed1-590839fda62b,2812522,2026-06-18,280,90+ Days,Vendor
21b93d5b-ac77-465c-b72c-fb231de0b661,24637f48-aff9-4615-8eb2-fa8dddc59fa8,c1179a77-d62e-451a-ba7b-da1f8e770bdc,2734567,2026-06-18,502,90+ Days,Vendor
3d818a36-fd1d-447b-9d7b-8fe352364e63,f44a0530-a9a7-44dc-a935-1788e1ed642f,67ebcce0-90e1-41a9-9ec0-6565f3e7a812,2749222,2026-06-18,269,90+ Days,Vendor
0c07a049-22b0-4e2c-85e8-8192e1862a17,24637f48-aff9-4615-8eb2-fa8dddc59fa8,624b5621-24b1-40c7-8738-2836edfcf09a,2624875,2026-06-18,511,90+ Days,Vendor
13fd44af-4736-4f18-9475-6f865b233466,ee72dd0b-2a9c-4acd-9b20-433e6a327c96,606452e1-0f9a-4268-91cd-d00f92116d63,2607750,2026-06-18,120,90+ Days,Vendor
cdf03e2d-19fd-4e76-88bb-326aa02f9874,9b59c432-8c51-4711-add6-e758552bafc3,1fd7e260-b70f-4571-9dfd-f07278392a9e,2828961,2026-06-18,474,90+ Days,Vendor
cb30f4d7-1102-4f85-8ef9-49ed1de93e51,2f16462b-aa4d-49ee-a9ec-eab4a0f517ed,2c456035-78b9-473d-8b7b-33724204b1ae,2773484,2026-06-18,577,90+ Days,Vendor
d7213ecd-c9ee-44a7-a541-151465cac99d,26ffd993-bc48-446b-b10d-40138f5d3c60,63b0d8f4-2d7d-467c-9691-a08368b86da8,2931234,2026-06-18,278,90+ Days,Vendor
b4967ccc-8282-4bbf-8ba6-02c6654cfce2,2f16462b-aa4d-49ee-a9ec-eab4a0f517ed,cb1657ee-88b9-4304-8c1f-6f5164ab763b,2152801,2026-06-18,633,90+ Days,Vendor
93460867-cbf5-4efe-ad70-d015d8645f5e,9b59c432-8c51-4711-add6-e758552bafc3,fd351e2a-274d-4a3e-b7ca-495db25823ca,2610135,2026-06-18,678,90+ Days,Vendor
c9dae0aa-780c-495c-aa19-76aeb8a91973,f44a0530-a9a7-44dc-a935-1788e1ed642f,73975bcb-4352-4375-b2ca-69ebf1de4a7b,2747500,2026-06-18,269,90+ Days,Vendor
d8a445b8-77f1-4bde-8bce-9acd775d1725,2f16462b-aa4d-49ee-a9ec-eab4a0f517ed,e12b2250-7fc8-4cd8-b481-1b83967aa8d2,2513043,2026-06-18,670,90+ Days,Vendor
ace9b8a3-d51d-4d15-8bfa-f768a0f8b70f,2f16462b-aa4d-49ee-a9ec-eab4a0f517ed,035a2149-334d-4bcc-b946-f30850e0dba1,2388770,2026-06-18,657,90+ Days,Vendor
343b3fff-ae09-406c-8701-0be0dd1d403d,be6aebf8-8a0f-4527-a9d4-d94f09f3c93a,bc53d35b-9add-437f-8fb9-586b3cf287e0,1534602,2026-06-18,142,90+ Days,Vendor
6d24ac43-27dd-487b-96dd-cea72adb1b5b,549e240d-ab7f-4b19-8790-ad3d22305f4d,dbaca100-0e06-4f3a-854d-596470d1db20,2363142,2026-06-18,633,90+ Days,Vendor
1f993940-b2d0-450d-b8a9-b0ee7a2f068a,40b86abb-01a3-47cd-9495-e5292ce988a4,57029b7b-091f-4489-b57f-310ff370a2a8,725625,2026-06-18,155,90+ Days,Vendor
66144824-1848-4e26-8cad-285dc8371f6a,40b86abb-01a3-47cd-9495-e5292ce988a4,9f50ec87-36dd-4565-8c79-81edcf4982f7,725625,2026-06-18,174,90+ Days,Vendor
dfbb0df2-e82e-4e2a-ae23-a98f5d300a9c,be6aebf8-8a0f-4527-a9d4-d94f09f3c93a,edef7b00-d058-4420-bfd8-68b8a3c1056c,970673,2026-06-18,61,61-90 Days,Vendor
ce93e87c-2947-4b6e-b976-e29584811dd1,ee72dd0b-2a9c-4acd-9b20-433e6a327c96,e3a6de15-a837-466d-ba2a-3abb092c0391,3931380,2026-06-18,101,90+ Days,Vendor
86c21d6e-0a43-4287-9b11-2f478b645514,dc96db54-a1c0-4be1-81f5-c22f9594bf7d,a83df8d4-e71a-47f2-aa3f-5cf8b110cf95,18153,2026-06-18,355,90+ Days,Vendor
f68570f3-425d-407e-b633-9ae3de863796,dc96db54-a1c0-4be1-81f5-c22f9594bf7d,b0a4e74f-2c8e-4f44-ab88-0ae9f72d2da7,41353,2026-06-18,295,90+ Days,Vendor
61534e83-ca2b-4b68-9d82-424bd8fc3286,dc96db54-a1c0-4be1-81f5-c22f9594bf7d,786b05cf-a84c-47e4-bbcb-f749c3cc3eea,18639,2026-06-18,233,90+ Days,Vendor
ca9cd48c-9ded-4a7c-9bc1-612826e2060f,dc96db54-a1c0-4be1-81f5-c22f9594bf7d,2d888958-3b6b-4630-b278-1c7cdc4d908c,128420,2026-06-18,203,90+ Days,Vendor
4202c1b1-641a-4d29-8e67-c2f9fb02ef3f,50461b33-9f9a-4228-b886-97556d5c9e27,677706c6-a60d-47f9-9d97-41fb9f7ab001,1242572,2026-06-18,370,90+ Days,Vendor
edaedf91-4a00-401d-a092-4e4b15a79367,dc96db54-a1c0-4be1-81f5-c22f9594bf7d,fce5f967-64cc-49b8-8ffd-b1cdef95818d,39149,2026-06-18,257,90+ Days,Vendor
2716ac0e-c550-45a8-adb4-80cfad5c0497,dc96db54-a1c0-4be1-81f5-c22f9594bf7d,8d46b0c4-fd64-460b-b530-fca0e7b17822,37506,2026-06-18,246,90+ Days,Vendor
d0febe24-5d1a-4b89-af3b-4f994a853a6a,dc96db54-a1c0-4be1-81f5-c22f9594bf7d,47718354-dbaf-41e2-befb-a85f7de4c37a,338544,2026-06-18,313,90+ Days,Vendor
46c292d9-8f91-4443-9b8f-6a9df499f133,0d640fb5-a295-4748-abec-05c07c167fc3,c38693c3-2adb-47f6-812f-2dc5ad1ca582,2176875,2026-06-18,190,90+ Days,Vendor
c54f2c75-f495-4b18-a64c-41b8fdf958b0,0d640fb5-a295-4748-abec-05c07c167fc3,17e7f4c1-8821-4a4b-8354-807d17dd1709,2176471,2026-06-18,206,90+ Days,Vendor
60e3fa3f-29a4-47f4-b8fe-279903132c3e,974e932f-9d2c-4b39-bc07-7b774b1e9a8d,778c89f7-7779-453a-b96c-80ae695840d3,274399,2026-06-18,118,90+ Days,Vendor
9acd4ae6-b170-4b34-bf93-a2385a39c4f1,1297bda5-9c64-4336-85ee-1a0d5622a8b5,de96a890-523f-4261-aa11-74d728053af9,928500,2026-06-18,453,90+ Days,Vendor
a99224a7-5ec5-4a23-9202-eb8b022919c0,549e240d-ab7f-4b19-8790-ad3d22305f4d,6c66ee2f-707f-46b0-bf94-7339303c29a1,3440335,2026-06-18,217,90+ Days,Vendor
9c48ca14-b313-4dfd-a56c-afdaab134d2a,549e240d-ab7f-4b19-8790-ad3d22305f4d,8866929c-d861-4898-9533-78dcd6c45267,2020208,2026-06-18,339,90+ Days,Vendor
c8171d23-6a73-4790-beb5-01d21c5a9ebc,549e240d-ab7f-4b19-8790-ad3d22305f4d,01e1d6a7-1390-4c3a-b46b-194c39a3d44d,2601591,2026-06-18,517,90+ Days,Vendor
89b618f9-f0af-4ffd-a7d8-8cd691b81bf1,549e240d-ab7f-4b19-8790-ad3d22305f4d,e8f90271-9482-43ef-8039-c50698dce3a7,2767532,2026-06-18,533,90+ Days,Vendor
f67cf9d0-6f72-4b30-9cc4-81faad720ff7,549e240d-ab7f-4b19-8790-ad3d22305f4d,47595bdc-aca2-4d0e-9aa0-bcafacef98be,2704201,2026-06-18,575,90+ Days,Vendor
de8379cb-c091-4754-a32d-ddd019d89ec5,549e240d-ab7f-4b19-8790-ad3d22305f4d,7d04959f-4a7f-4e4b-b168-cfa41e1bb013,2868822,2026-06-18,547,90+ Days,Vendor
ff304de2-f590-43ea-a83f-031449c4b732,549e240d-ab7f-4b19-8790-ad3d22305f4d,5d4f442e-3a1d-4d7b-b079-1abdb28b1a45,2698686,2026-06-18,527,90+ Days,Vendor
42962ef0-fc87-421a-a54a-8c60854be6c6,549e240d-ab7f-4b19-8790-ad3d22305f4d,86eecf2a-546e-435e-82b8-df451975bce1,2871058,2026-06-18,586,90+ Days,Vendor
e5e7e3e4-23a9-4bfb-b156-185f72bd700f,549e240d-ab7f-4b19-8790-ad3d22305f4d,faa2df66-2b2a-4832-9f9c-df6e6634070e,2221912,2026-06-18,612,90+ Days,Vendor
7cfc546b-d8b1-474c-9b34-4a6f15b147e8,549e240d-ab7f-4b19-8790-ad3d22305f4d,13469022-04ca-46fa-99e5-0c234d30d51e,2618040,2026-06-18,582,90+ Days,Vendor
6efe8701-8d01-4349-b615-79297b2afaa3,549e240d-ab7f-4b19-8790-ad3d22305f4d,4f8bfe28-328e-4ed6-8080-594a167d520d,2415520,2026-06-18,623,90+ Days,Vendor
3d6a0361-af1f-4373-93f5-0a39e67874b9,549e240d-ab7f-4b19-8790-ad3d22305f4d,74c5fda3-ef4e-488b-b88f-845e91e22ad4,2293359,2026-06-18,633,90+ Days,Vendor
1a7536a7-6404-44cf-84fd-04f8ed5d1162,549e240d-ab7f-4b19-8790-ad3d22305f4d,f3f41810-e56b-480a-8ecc-e13bc376647f,2439290,2026-06-18,657,90+ Days,Vendor
20c07d1d-f6de-434f-918c-176ace13e035,549e240d-ab7f-4b19-8790-ad3d22305f4d,81e025e5-fbdf-4f1a-b5e2-9197a25b15a6,2474874,2026-06-18,615,90+ Days,Vendor
736544bf-ae3b-4839-91d8-4bd62a9fc53b,549e240d-ab7f-4b19-8790-ad3d22305f4d,6cd3494c-1f4c-4129-af13-3abbf4376c47,2473549,2026-06-18,680,90+ Days,Vendor
6f17fcaa-c0b3-4d95-9c0f-ded63c52f7a3,549e240d-ab7f-4b19-8790-ad3d22305f4d,41d84637-70c4-4d39-85ec-a33fb29aa55d,2648490,2026-06-18,685,90+ Days,Vendor
54ee33bc-7bfb-45b6-8b57-4ff33b06330a,549e240d-ab7f-4b19-8790-ad3d22305f4d,cf9fc56b-00ec-47a3-81a9-b1af20106162,2510974,2026-06-18,671,90+ Days,Vendor
c722c313-c812-4f93-93f1-ddcdde61b673,549e240d-ab7f-4b19-8790-ad3d22305f4d,f28f021b-3e07-436b-8af4-872428bb901a,2489452,2026-06-18,714,90+ Days,Vendor
0d07516a-3994-46d2-aa71-3924c87b648b,549e240d-ab7f-4b19-8790-ad3d22305f4d,df02b873-677a-4842-ba05-c1f70ac396a3,2442768,2026-06-18,734,90+ Days,Vendor
dbd8dbe1-ab4a-4e97-8238-74e4119ec980,be6aebf8-8a0f-4527-a9d4-d94f09f3c93a,6e9b68d1-0e7f-45b9-8099-fb5311b177e2,1337896,2026-06-18,142,90+ Days,Vendor
af845ffc-f029-4ad3-a598-9cf8eab5c26a,549e240d-ab7f-4b19-8790-ad3d22305f4d,8f5ab43a-3276-4a10-9237-a9eac20e7de9,1652301,2026-06-18,723,90+ Days,Vendor
bd50fa08-b941-4b96-bc35-3c10148e5215,be6aebf8-8a0f-4527-a9d4-d94f09f3c93a,5617b2df-d6cb-49a6-ad14-e9ca5ede1ad0,1498262,2026-06-18,143,90+ Days,Vendor
53b2f622-11dc-4579-8c12-93992c1009a2,be6aebf8-8a0f-4527-a9d4-d94f09f3c93a,9678749a-dc36-409e-8b2c-6f57885bf654,1123082,2026-06-18,162,90+ Days,Vendor
c0d1e438-18af-4062-9cb2-68efe598459e,be6aebf8-8a0f-4527-a9d4-d94f09f3c93a,2111c703-3dd3-4489-a2e5-44fb1c17320d,1184804,2026-06-18,170,90+ Days,Vendor
4205d8d8-9501-4f5f-a9cf-40ec642ae775,be6aebf8-8a0f-4527-a9d4-d94f09f3c93a,4b0fb696-5927-456f-a926-b4a62da2bb30,729774,2026-06-18,174,90+ Days,Vendor
13472399-fd1b-4a03-98f5-e3748b639853,be6aebf8-8a0f-4527-a9d4-d94f09f3c93a,812cc1e3-3514-401f-aa50-45a85f9d1c82,1290822,2026-06-18,163,90+ Days,Vendor
04bc695e-78aa-437f-99e3-81ad5a0e57fa,be6aebf8-8a0f-4527-a9d4-d94f09f3c93a,606113bf-b61e-44c4-b227-be97c9bc6087,1298780,2026-06-18,183,90+ Days,Vendor
31c8a6bd-c7bf-43b2-ae97-cbd2123801c7,dc96db54-a1c0-4be1-81f5-c22f9594bf7d,887a9c78-1801-43c4-83e7-97dcaced1932,172272,2026-06-18,103,90+ Days,Vendor
0ef58796-bd7a-4217-9f5b-7df9f8f14bcf,dc96db54-a1c0-4be1-81f5-c22f9594bf7d,aa52c3a9-ce7c-481c-a0a2-ff8535fde4c9,322500,2026-06-18,597,90+ Days,Vendor
2c5ccfd8-31f8-48a3-b8dc-9b6139789ef9,dc96db54-a1c0-4be1-81f5-c22f9594bf7d,bb29fe96-482c-47d2-9376-c84dfa29f70a,46051,2026-06-18,481,90+ Days,Vendor
dfde9a1f-0af4-4749-b18d-b9a525e2fa61,dc96db54-a1c0-4be1-81f5-c22f9594bf7d,0cd2c160-5307-4191-8afa-dc2c60507292,96743,2026-06-18,506,90+ Days,Vendor
7d677256-d333-4759-b2f6-67b3f827153b,dc96db54-a1c0-4be1-81f5-c22f9594bf7d,e4829417-fd89-4abc-af10-4a76c822314c,103008,2026-06-18,388,90+ Days,Vendor
a8399e55-0bef-4323-8f52-57f373c0e22b,50461b33-9f9a-4228-b886-97556d5c9e27,4b36a031-f3e0-4c7b-9473-41e9b4302dc1,1276084,2026-06-18,401,90+ Days,Vendor
e4a36a80-9583-47a7-b66a-be5666c5b509,dc96db54-a1c0-4be1-81f5-c22f9594bf7d,694e497a-e9f9-4923-8826-122e19bafb18,320971,2026-06-18,407,90+ Days,Vendor
ca56d3d6-efcf-442c-8ff9-19f1d4d91576,ee72dd0b-2a9c-4acd-9b20-433e6a327c96,26d0730c-3d56-4a29-bc8b-f48af661ca81,1979500,2026-06-18,98,90+ Days,Vendor
1632310e-2927-46ca-b19b-c1162c8c709f,b21d4cc7-0760-4deb-8ee6-fba3b4884487,5a1b6025-ac4d-4276-bad1-cf04a5909cd4,2840961,2026-06-18,59,46-60 Days,Vendor
1df783b0-7765-4efa-8a20-cf3aa200894a,50461b33-9f9a-4228-b886-97556d5c9e27,fc8690e3-26a1-4501-a086-f0a61b7fa6b3,1272748,2026-06-18,411,90+ Days,Vendor
62d01186-2bbd-455c-97ec-68cf7f90ad0f,40898e29-8b25-4043-8a89-cee44245437e,14e29cbd-e9f6-4efd-bbbc-d07ad4321ca4,2523809,2026-06-18,686,90+ Days,Vendor
01b71a24-dfb8-4c67-ba28-c2d3b46195de,771fe071-7c7d-4cdc-9195-1f3bb593d2de,00f26862-e31e-4ee4-ad1f-a0d785f6f72a,30400,2026-06-18,604,90+ Days,Vendor
c3ee5196-b9f2-4dc4-b075-d4cead228445,48e6f85d-37e1-4d61-99a9-d46bdae6e031,7ffccb50-b8d5-4b86-b22c-ca2b1c557858,1417288,2026-06-18,390,90+ Days,Vendor
87bca60b-3f70-44f3-b7e7-3cfb03db6a19,9b59c432-8c51-4711-add6-e758552bafc3,f77a2c6e-db54-4568-aa82-8a2570783088,2685807,2026-06-18,616,90+ Days,Vendor
d582afa5-2465-4256-89bd-e610239b2739,3c61dcc1-cbd1-4594-9879-2b7ca831edfa,16a005a5-e532-4dff-8d36-64e2e2e6e5ef,2297625,2026-06-18,591,90+ Days,Vendor
002b8892-734c-4672-898d-307920994fb5,f44a0530-a9a7-44dc-a935-1788e1ed642f,efe8344d-996b-452e-9ffc-e675394e9838,2745144,2026-06-18,269,90+ Days,Vendor
c5143751-9b6f-4cb8-b5a5-93758627f4ea,3493427d-c901-4415-b6ee-e7d0316f9480,809a6e51-c6ed-4cc7-b3f4-339c92f3b266,3386250,2026-06-18,156,90+ Days,Vendor
fa8073bf-3a80-40a2-a6a2-b7db060c4e09,f44a0530-a9a7-44dc-a935-1788e1ed642f,f1f6043f-1a2f-467a-8a89-cd61c909fc18,2738864,2026-06-18,269,90+ Days,Vendor
fc0e5fdd-70ac-4b41-9b23-5914fee87f44,b22c68cf-1d75-457c-96cb-dcb32da7712e,6c2379a8-c3d7-46d0-a30a-ad25b95b9c76,3519085,2026-06-18,271,90+ Days,Vendor
9a94d186-25c7-4e43-9438-6f3a88785aa9,9b59c432-8c51-4711-add6-e758552bafc3,439a0e3b-e546-4c5c-8901-655aec22bc09,2609995,2026-06-18,765,90+ Days,Vendor
df3a49bc-e194-4c7d-b061-38aa20850351,f44a0530-a9a7-44dc-a935-1788e1ed642f,413ace62-571d-4d1e-8815-c43c30f1f3ba,2915030,2026-06-18,280,90+ Days,Vendor
ab548fa0-cc51-4096-93af-d7c91db1907b,b22c68cf-1d75-457c-96cb-dcb32da7712e,93115c61-25bf-4201-baa9-a3291f9ad770,4757508,2026-06-18,205,90+ Days,Vendor
afc98ff3-c424-4ffa-8877-9249194309b3,8a726be1-957b-4134-a293-2268e49a7d1a,83baac01-c4af-4d12-b846-e9a41de37f4a,2623688,2026-06-18,533,90+ Days,Vendor
befafed3-7607-4634-b70e-809d3e71573d,fa2c1a2b-c483-45f3-92c5-0e24f18c9353,531c0de2-68a4-4e4a-b7a6-5d7865104f5e,2490546,2026-06-18,303,90+ Days,Vendor
ca6c52b7-624f-42a4-b99f-9a4c3f3c8f8c,24637f48-aff9-4615-8eb2-fa8dddc59fa8,695727fb-6fbd-4178-9069-a9f8c74cf64b,2204667,2026-06-18,366,90+ Days,Vendor
30141c26-9b5d-4776-87d4-da72c07e4117,be6aebf8-8a0f-4527-a9d4-d94f09f3c93a,3e12f049-22a9-4510-b199-5569a3d7a983,1232172,2026-06-18,187,90+ Days,Vendor
ff1be491-f256-4674-90dc-5baf4412e2c1,f44a0530-a9a7-44dc-a935-1788e1ed642f,eea17671-2951-40fc-9e16-5acf9a120833,2900162,2026-06-18,280,90+ Days,Vendor
5e9c996f-eb3e-4f88-a049-0afc737b4fbb,a84bde39-f20e-4d72-83ff-a7e13653e474,356244e0-40c2-4733-a874-5fe0ab36dced,126218,2026-06-18,565,90+ Days,Vendor
3a9a2e7a-1d56-4a3c-8005-4dc581b9f3b5,a84bde39-f20e-4d72-83ff-a7e13653e474,e60f4cb8-c3fa-4b1d-bd84-98069028ef63,65255,2026-06-18,577,90+ Days,Vendor
a74c508e-e96b-4421-9054-62afd225cc3e,c62ed87b-e442-4815-a36e-6b634e3628f1,177fc323-9c8d-4194-bff1-282b303835f6,28710,2026-06-18,617,90+ Days,Vendor
b3a77b97-21c5-43b5-a5b3-538d7bc91c0a,8a726be1-957b-4134-a293-2268e49a7d1a,1c8e6d6f-e2a7-4809-8de3-a34cee11a348,2589136,2026-06-18,698,90+ Days,Vendor
7d345e30-1377-431c-86f2-2a02bd746494,ee72dd0b-2a9c-4acd-9b20-433e6a327c96,ace9af9d-a2d7-4165-9446-756245fb9c96,3914950,2026-06-18,108,90+ Days,Vendor
e42fdaa3-7d74-4a3e-959c-5472b2fb4dc5,163c153e-cdee-4abb-93b9-c64090b57bd8,d24a63cf-9057-4b52-9771-aa9caec0f8f9,496287,2026-06-18,55,46-60 Days,Vendor
e5c5dda5-e4bc-495f-9bf2-6a703f4f7ddf,24637f48-aff9-4615-8eb2-fa8dddc59fa8,82a87e37-63bf-4f43-89bb-339766f36412,2683852,2026-06-18,502,90+ Days,Vendor
161c5358-d30b-49fa-9dbb-e121932464c4,b22c68cf-1d75-457c-96cb-dcb32da7712e,b2b88de0-d380-4571-b7b7-21049fbbcc75,4750576,2026-06-18,234,90+ Days,Vendor
197d2fec-cc6c-4c03-b1f8-3daa7b876f22,b22c68cf-1d75-457c-96cb-dcb32da7712e,69373caf-ef08-4faf-a2d8-2e252419b809,4118764,2026-06-18,180,90+ Days,Vendor
c657e88a-f94e-4a56-af04-0c9a9d052eee,3c61dcc1-cbd1-4594-9879-2b7ca831edfa,f0a225cd-01fe-47b7-ba1c-8bd4f46d2885,2268727,2026-06-18,611,90+ Days,Vendor
51c73b68-bfe1-444d-aa3f-57169803e79d,163c153e-cdee-4abb-93b9-c64090b57bd8,eb5bb21b-9643-4610-bab8-0bec47f11b47,645621,2026-06-18,55,46-60 Days,Vendor
c9b81438-c511-4f5a-beff-de4c036922b8,b22c68cf-1d75-457c-96cb-dcb32da7712e,a1901929-a988-40b0-ab11-b4754fb29a9d,3283196,2026-06-18,271,90+ Days,Vendor
88bef62a-d17c-41ed-81e7-a5c23d1d30f4,b22c68cf-1d75-457c-96cb-dcb32da7712e,123ba860-1ba5-4f6b-b31a-fe85a2dc3d65,3098957,2026-06-18,213,90+ Days,Vendor
2ca5e4b5-3e0b-4020-85d2-f1d5bdaf1e54,b22c68cf-1d75-457c-96cb-dcb32da7712e,be6411fe-794c-4998-9b7e-1ea9c21fd0c8,3276813,2026-06-18,271,90+ Days,Vendor
d4d11ddc-f7e5-4b77-9480-e4aae8584e4e,3c61dcc1-cbd1-4594-9879-2b7ca831edfa,e59be297-45ba-44f6-8acc-0991a5ea4371,3033142,2026-06-18,518,90+ Days,Vendor
808a409b-9116-48d1-868f-85900e31ba7b,b22c68cf-1d75-457c-96cb-dcb32da7712e,60ea9684-de82-4781-bd51-90ea2cd18c15,5774348,2026-06-18,54,46-60 Days,Vendor
9e4faadb-a13f-4219-949b-cc2baa605c6f,24637f48-aff9-4615-8eb2-fa8dddc59fa8,41697c6b-301a-4744-aac4-1fc124650453,2328870,2026-06-18,367,90+ Days,Vendor
f4e1285c-721f-4c86-93e9-84f7e51e08f4,3a41f74e-14a3-41fc-905d-3ddf1f5905d4,71e8cd37-e5c1-4af4-a6e1-75eee0a04c9a,1213438,2026-06-18,205,90+ Days,Vendor
1c261699-1fcd-4218-9bff-163dc28dacfb,3c61dcc1-cbd1-4594-9879-2b7ca831edfa,910063ce-a674-456e-b5b1-f31680ca1c32,2473818,2026-06-18,433,90+ Days,Vendor
282beef1-6667-4933-95e9-d94b4a25b726,a84bde39-f20e-4d72-83ff-a7e13653e474,832d88de-081b-43fc-b1eb-c9de91ac8874,122850,2026-06-18,581,90+ Days,Vendor
277f98ec-78e7-4c2f-b4aa-fbd7f594f58e,a84bde39-f20e-4d72-83ff-a7e13653e474,d30767b0-4ef4-4b8f-8a27-24e86af3031e,31384,2026-06-18,561,90+ Days,Vendor
cad23697-0fda-4d11-bd15-f4d409354a54,ee72dd0b-2a9c-4acd-9b20-433e6a327c96,b7d237ed-de68-42e2-9fdb-b7c2ef841531,4298860,2026-06-18,94,90+ Days,Vendor
26d4f3ec-c100-4195-9880-d9e33b3d9624,b22c68cf-1d75-457c-96cb-dcb32da7712e,35651280-92e9-4ac0-b075-7e4e19d25eff,2980252,2026-06-18,51,46-60 Days,Vendor
f33c356d-1449-4f74-b006-008951272297,0d640fb5-a295-4748-abec-05c07c167fc3,1e719248-b1bb-4c82-a100-5a96f833c6b8,1230800,2026-06-18,231,90+ Days,Vendor
7f6457ec-1534-4d36-b501-cb0c7de163f3,0d640fb5-a295-4748-abec-05c07c167fc3,9b730906-dc2b-4595-8a29-5ad2dc30cc30,907330,2026-06-18,250,90+ Days,Vendor
d8dea55a-1eb3-4057-9706-8bf543bdb29a,974e932f-9d2c-4b39-bc07-7b774b1e9a8d,eb699756-7d5e-4947-aaf0-43173a002da4,347759,2026-06-18,118,90+ Days,Vendor
dd3fab48-0b6e-44aa-82df-666a563bc3f7,79ddfb51-827b-48c5-b370-cd83a58b38ce,81672ddf-96d3-4e83-85ae-d3abe9c8f969,1482958,2026-06-18,695,90+ Days,Vendor
b947b1f5-b7ea-44e0-9b55-d81359c9e916,771fe071-7c7d-4cdc-9195-1f3bb593d2de,2d6d4cae-fc50-40ca-9c86-4fbf4ba6bc32,1083910,2026-06-18,687,90+ Days,Vendor
d31fddc8-f3a4-409d-b865-92cdc675c9d5,b22c68cf-1d75-457c-96cb-dcb32da7712e,4869f769-8404-4218-931d-14dd9a209fd0,1033040,2026-06-18,178,90+ Days,Vendor
11fd8248-0fa0-4801-93f2-fb8dcb227110,7b237e41-2adb-467e-99f1-32f71332e3e7,ac2d30ea-f085-44ca-b8eb-d19c16373b26,866758,2026-06-18,734,90+ Days,Vendor
8e2e42d3-d749-48bb-be17-4029f6bd8407,7b237e41-2adb-467e-99f1-32f71332e3e7,db17e533-9dc0-48d5-a65e-2516d3a1b561,1748616,2026-06-18,780,90+ Days,Vendor
4d3d2e4a-e075-4898-915a-5d8bcdceb7b2,40b86abb-01a3-47cd-9495-e5292ce988a4,3f9fe868-7f71-4720-b2ab-a25695cdc6c2,725625,2026-06-18,177,90+ Days,Vendor
5b2e9f3b-2e2b-4fcc-8be5-9f5e331887ae,7b237e41-2adb-467e-99f1-32f71332e3e7,3293c2b3-7327-48f1-b2ad-41893d17a80f,942679,2026-06-18,699,90+ Days,Vendor
334359ea-cc66-40c4-b793-4174eba483fb,0d640fb5-a295-4748-abec-05c07c167fc3,d284c938-f5c4-4dac-80fb-6e3517fe28c4,2176875,2026-06-18,184,90+ Days,Vendor
c2a9b747-b5fc-4247-a094-06f18307f3fe,549e240d-ab7f-4b19-8790-ad3d22305f4d,c9947099-5ba9-4e82-8b65-df4cecede855,2131667,2026-06-18,391,90+ Days,Vendor
6a118355-8993-451e-8a60-c34aff698e50,1297bda5-9c64-4336-85ee-1a0d5622a8b5,6d30da3d-27b2-4f7a-9953-3b8a9de6f74a,828750,2026-06-18,451,90+ Days,Vendor
08a9e30a-1632-42f4-ac6b-d73e23381866,549e240d-ab7f-4b19-8790-ad3d22305f4d,a79a50ef-b566-45d0-bd05-06ef5e85c9e9,420346,2026-06-18,320,90+ Days,Vendor
622fb001-fdbe-4c00-8c58-2013e163d34f,0d640fb5-a295-4748-abec-05c07c167fc3,9acd2c2c-f29c-4eca-ab20-b6ddab9dddca,2903306,2026-06-18,202,90+ Days,Vendor
65f8e452-cb3b-4240-b36d-bb4a46c9a4af,1297bda5-9c64-4336-85ee-1a0d5622a8b5,086bf378-a2e8-467c-aa30-96ba064d482d,2558250,2026-06-18,458,90+ Days,Vendor
96d8bd4e-96f4-4ae7-ad84-31d854b0c932,549e240d-ab7f-4b19-8790-ad3d22305f4d,2cba5f23-b51e-44a5-a462-4a49bebf53db,2137112,2026-06-18,740,90+ Days,Vendor
2be8c2fd-9720-44ed-832b-d6ce7aa88fe8,be6aebf8-8a0f-4527-a9d4-d94f09f3c93a,86854e39-a170-4177-9bd0-59742c71bcd0,1106881,2026-06-18,191,90+ Days,Vendor
1407e786-7026-4b02-a6d8-050b9851a2dd,be6aebf8-8a0f-4527-a9d4-d94f09f3c93a,046e4df5-32a9-49aa-b079-4e5972be773d,1150872,2026-06-18,190,90+ Days,Vendor
fcd424de-c780-46aa-b0e9-13ab1600b221,be6aebf8-8a0f-4527-a9d4-d94f09f3c93a,187cb41b-2623-4c98-adf0-a1a7f0f6ce42,1213855,2026-06-18,188,90+ Days,Vendor
2bf8e709-2dc8-43de-abf8-ae54d721f3b6,be6aebf8-8a0f-4527-a9d4-d94f09f3c93a,fedf6795-235c-40f1-bac5-90749e0a593c,1284811,2026-06-18,185,90+ Days,Vendor
55fc1de3-e347-4bf6-94eb-b8435cda0de2,be6aebf8-8a0f-4527-a9d4-d94f09f3c93a,ffb2d03e-d68a-4a39-a77e-b46c3bbca7e8,1175059,2026-06-18,205,90+ Days,Vendor
50057d42-0297-4d3e-aec6-5f16a191b4aa,be6aebf8-8a0f-4527-a9d4-d94f09f3c93a,3ae861e7-82dc-4848-90c8-9ed39c9c700b,1410875,2026-06-18,199,90+ Days,Vendor
219869df-50d6-429f-ba3b-e4afa644f0bd,be6aebf8-8a0f-4527-a9d4-d94f09f3c93a,de65c597-f8af-4fe8-b124-2b768626b062,1138521,2026-06-18,196,90+ Days,Vendor
78fd5f4c-a081-4ac4-ba29-9805813b471e,be6aebf8-8a0f-4527-a9d4-d94f09f3c93a,99021a4f-b491-4f56-8229-7ba2feef0ea0,1151534,2026-06-18,205,90+ Days,Vendor
d28a11e7-2bfa-4034-8abf-f31f30040eed,be6aebf8-8a0f-4527-a9d4-d94f09f3c93a,48ff7835-d1f1-4ad9-923e-c0de7d323ec2,1259359,2026-06-18,211,90+ Days,Vendor
2a81d435-95e9-4a7a-b2a4-61d4494e6477,47383bf1-5796-4504-8372-bfb69d388c1d,b5a392ea-cc60-4998-bc1b-1867f869f096,3670,2026-06-18,610,90+ Days,Vendor
07e966fd-4020-485d-9722-d9fea30b684e,50461b33-9f9a-4228-b886-97556d5c9e27,f7634d67-cace-44ee-bcd4-698f80cb8890,1289963,2026-06-18,387,90+ Days,Vendor
bc35fd72-287b-4b4c-82a2-53eff166a48a,ee72dd0b-2a9c-4acd-9b20-433e6a327c96,f2842050-fda0-4f15-afe8-19afde26d53f,1433500,2026-06-18,80,61-90 Days,Vendor
98e4395c-670f-434a-aec4-2f2bacdb2902,163c153e-cdee-4abb-93b9-c64090b57bd8,9b48ee9b-8e1f-481c-843c-ec5166f764fb,901025,2026-06-18,51,46-60 Days,Vendor
7edf9983-79d6-42c9-a5d3-484383026da6,1297bda5-9c64-4336-85ee-1a0d5622a8b5,384d2988-83b7-4f9c-a7b1-2f61fd20ea59,911250,2026-06-18,454,90+ Days,Vendor
cad702d5-c623-48aa-a842-99555c82f355,549e240d-ab7f-4b19-8790-ad3d22305f4d,69fde684-81c2-4d68-9575-200731323841,3638549,2026-06-18,231,90+ Days,Vendor
1df03398-caaa-4a97-a13e-f164cb8b89e6,549e240d-ab7f-4b19-8790-ad3d22305f4d,c08f2203-c16b-4673-bd53-3cafd6ca792d,2120397,2026-06-18,327,90+ Days,Vendor
518fe97c-f572-428d-bd6c-c8cb37bad4ba,24637f48-aff9-4615-8eb2-fa8dddc59fa8,0b6d46d3-bb0e-48e6-8c67-b4b3918dc727,3014642,2026-06-18,514,90+ Days,Vendor
1c476f0f-54e2-4d2a-b8f4-fe379bac11ca,3a41f74e-14a3-41fc-905d-3ddf1f5905d4,e7eb1bfe-dd51-45c7-b290-5e78cd53bee8,1325349,2026-06-18,164,90+ Days,Vendor
fe7a4ad4-87bf-46f3-8c4a-02a0040b1564,549e240d-ab7f-4b19-8790-ad3d22305f4d,3cee7039-6994-4064-8af4-262cbb37bbba,2067957,2026-06-18,401,90+ Days,Vendor
bba71241-dd09-48db-a142-da0714012058,7b237e41-2adb-467e-99f1-32f71332e3e7,c5a9734a-fdac-4504-848c-c5ecb439140b,996870,2026-06-18,709,90+ Days,Vendor
a2ac7a06-29ca-4a64-bde6-d66b6568ca0d,40b86abb-01a3-47cd-9495-e5292ce988a4,a610fdce-86f7-452e-8215-925c9b2644b9,3386250,2026-06-18,167,90+ Days,Vendor
23644f47-de50-4cb7-9140-efcbd0d35ca1,7b237e41-2adb-467e-99f1-32f71332e3e7,96a90fab-4e87-42b0-8d5b-eddfcd0e69ae,796103,2026-06-18,742,90+ Days,Vendor
93431f43-89ba-4cf7-8fbc-6988b71c29cf,0d640fb5-a295-4748-abec-05c07c167fc3,67cad1f9-095b-457c-958d-b87eee30a292,2987767,2026-06-18,239,90+ Days,Vendor
12d56fe8-3a00-422a-934e-dce985ded82c,40b86abb-01a3-47cd-9495-e5292ce988a4,970cb9f9-0cd4-4dc1-a86b-4ebfe9d6df9c,725625,2026-06-18,174,90+ Days,Vendor
0fb26958-7e55-40eb-ad1d-48d42a089ea3,1297bda5-9c64-4336-85ee-1a0d5622a8b5,ae552546-76cc-4b2e-ace4-22340bb6aeba,2458568,2026-06-18,448,90+ Days,Vendor
8f983e2d-1ee2-4a34-ad23-324cdf1be9c4,0d640fb5-a295-4748-abec-05c07c167fc3,526196ec-d657-4dce-9481-cbc1388e60d8,2177278,2026-06-18,185,90+ Days,Vendor
a4ec5900-6670-4e1a-8462-51f4f45fe3cf,549e240d-ab7f-4b19-8790-ad3d22305f4d,162a3e03-d707-4d31-8981-37d273e1462d,18000,2026-06-18,740,90+ Days,Vendor
c26fcd09-954e-46c4-9cac-48f6fa2a08a8,0d640fb5-a295-4748-abec-05c07c167fc3,7510ab8f-1060-4129-882c-c9794cbb9e78,2177278,2026-06-18,199,90+ Days,Vendor
85938960-88eb-4da1-b7a5-46cb7eda0322,0d640fb5-a295-4748-abec-05c07c167fc3,ef655882-1481-431f-8f9b-63aea15fde63,1077334,2026-06-18,251,90+ Days,Vendor
e6fef419-80e9-43c6-8b58-fa6cd3016611,47383bf1-5796-4504-8372-bfb69d388c1d,59811c39-4d01-486f-a66a-a26f93709e5b,8328,2026-06-18,615,90+ Days,Vendor
25f304f0-9ed2-4618-93cd-bac77b766fe0,47383bf1-5796-4504-8372-bfb69d388c1d,69a49eae-f4ba-4edd-b050-541e32e7cf52,3430,2026-06-18,633,90+ Days,Vendor
a36b2f46-3556-44e1-a99c-0e15b22cab2d,47383bf1-5796-4504-8372-bfb69d388c1d,22b2ecee-af05-4b94-aec6-6f07518d163c,3910,2026-06-18,641,90+ Days,Vendor
3604ab13-7e3c-4139-86cf-c91653158267,8dc8a425-1301-4f6d-8a6c-ccca858606d3,830706c2-91ba-4a39-b887-6ea8dd618eaf,5042040,2026-06-18,735,90+ Days,Vendor
61a5b978-98a6-4cc3-8c47-8099cdef59bb,96bdd17d-e2c7-4081-b5f4-cc9826bb78f4,e38f1f96-9a66-4b45-98ec-012aa9df3d16,2318037,2026-06-18,547,90+ Days,Vendor
51b11d33-88e3-426d-90bb-016480539378,c669ed01-9c99-4675-af62-676cf54a7861,2b77619b-4f5c-4fe1-9305-a14fbe8d58a6,3208,2026-06-18,533,90+ Days,Vendor
6e665c79-1136-4880-abc6-030687d2c637,47add3de-de07-4632-97da-dd9f7292451c,09c52fd6-982f-4369-833d-5952cb544f3b,2664423,2026-06-18,455,90+ Days,Vendor
7c8900b4-bcfd-415b-908a-7c2c5bef32e6,47add3de-de07-4632-97da-dd9f7292451c,6807bfeb-fe4a-43c0-8a50-5124c20627ab,2635134,2026-06-18,491,90+ Days,Vendor
0d0946c7-0f4e-40d6-a74d-951413ff28a8,4d10eaca-bd8d-4528-9267-3ef9f1da5e37,6cab200a-3308-4c16-8f36-3b9419baef41,118187,2026-06-18,393,90+ Days,Vendor
3cdb7d83-3237-4ccd-976b-9e233a8e868e,edec10be-a0bc-4240-a6de-ed91dc2b3a10,235df9b8-a59e-4c53-8ac8-703f257e22c8,1795365,2026-06-18,714,90+ Days,Vendor
b12b860b-5ada-4f90-8099-bcaacf6b0039,42e4e0a2-1032-469e-80f7-dfec5d41b575,e7ca490f-8323-44bb-ad9d-f364f144ac36,1543634,2026-06-18,702,90+ Days,Vendor
cc164695-814a-4ace-86ad-9bd9734e3ea0,48ce9043-3eb8-4cbf-bd03-c7f9f09eaf16,dbb95ed3-4709-4231-b870-ee41be5cd6eb,2282800,2026-06-18,734,90+ Days,Vendor
f18f3aa9-c559-4e38-87da-d936bf2dbdc8,b21d4cc7-0760-4deb-8ee6-fba3b4884487,85ab136f-e068-4a1c-bab1-bc1c35cad805,4724317,2026-06-18,78,61-90 Days,Vendor
fa6ec26f-b933-4e27-8a78-1a0d32b4c999,96bdd17d-e2c7-4081-b5f4-cc9826bb78f4,c1b26099-3953-4a71-92cb-8c6c60ac65c0,1243670,2026-06-18,792,90+ Days,Vendor
ffa4357a-d1da-40b9-aec8-7781289bcae4,163c153e-cdee-4abb-93b9-c64090b57bd8,fcc43657-6be1-4f9b-826f-11970717047a,1106889,2026-06-18,51,46-60 Days,Vendor
9aacc58d-58c7-4d39-885b-e323533f801f,0d640fb5-a295-4748-abec-05c07c167fc3,d7d00fe2-8bfd-468d-875b-afdbb8a6997a,2176875,2026-06-18,213,90+ Days,Vendor
ee524f4f-20bd-4117-ac8e-ec225e4b7fec,0d640fb5-a295-4748-abec-05c07c167fc3,87f5efd1-d614-4d1a-ab4b-39be4cfc5e08,3000075,2026-06-18,244,90+ Days,Vendor
905d3946-a1bd-4828-b5ea-30ad845b641a,0d640fb5-a295-4748-abec-05c07c167fc3,11c3eb95-952f-4518-887d-ce17bcf53301,1076565,2026-06-18,253,90+ Days,Vendor
3aa4b5a7-7221-4a13-a18f-fc51cd7ca641,1297bda5-9c64-4336-85ee-1a0d5622a8b5,4b2ca03a-f2a3-4079-8f59-2b833e614833,2524362,2026-06-18,448,90+ Days,Vendor
a45de7af-982d-4dc8-bf19-ceefc7cda7e9,1297bda5-9c64-4336-85ee-1a0d5622a8b5,3014451f-fa44-46cc-bc6f-24773236d98c,2500162,2026-06-18,449,90+ Days,Vendor
7acbcaca-5b8f-4805-b54f-cb39a6a87679,549e240d-ab7f-4b19-8790-ad3d22305f4d,0c985b3b-b813-47eb-928b-0b229dee1626,3720987,2026-06-18,215,90+ Days,Vendor
93e49e8f-72ce-4e25-b724-c1d668bbfc9d,549e240d-ab7f-4b19-8790-ad3d22305f4d,93982106-ac80-41cc-9f00-3882d3b85b1b,3277243,2026-06-18,247,90+ Days,Vendor
4f318b02-68a7-4adf-b936-d5b6e5f73953,549e240d-ab7f-4b19-8790-ad3d22305f4d,bf0685a1-9844-470d-8d2d-d93ce2f48084,2105687,2026-06-18,401,90+ Days,Vendor
cec82f17-f449-4e7a-8928-b6dd64aeedbf,79ddfb51-827b-48c5-b370-cd83a58b38ce,afb8b2ab-d176-4b32-95d7-048b1e865d3c,1720813,2026-06-18,697,90+ Days,Vendor
9d054b0c-1f2c-43b9-85c3-624ab084c7df,48e6f85d-37e1-4d61-99a9-d46bdae6e031,1c820308-9706-4a34-a34c-312f78dfd872,1247836,2026-06-18,381,90+ Days,Vendor
41b96f3e-b2ec-42a6-bdc1-49c71a3dd40e,7b237e41-2adb-467e-99f1-32f71332e3e7,7fc63338-6693-4adb-8ff5-1f3c3c96f4b4,1525512,2026-06-18,737,90+ Days,Vendor
04dea810-9abc-4115-80d4-921fbd5cfc1c,40b86abb-01a3-47cd-9495-e5292ce988a4,1c8ec9dc-5efd-4859-a7e8-5edaa284add2,2257500,2026-06-18,170,90+ Days,Vendor
8b18a881-e5f7-408d-898d-b631930e6d36,40b86abb-01a3-47cd-9495-e5292ce988a4,e0b6088d-42eb-4e8f-8f9a-043f5ee780e5,806250,2026-06-18,156,90+ Days,Vendor
254efe10-5ae1-456a-b427-971efcdac1f9,0d640fb5-a295-4748-abec-05c07c167fc3,ec1f9769-742d-4c01-b6f1-b3d34f86fb6b,2176875,2026-06-18,192,90+ Days,Vendor
2bd7d722-88ee-49b5-9185-85cdc755f348,7b237e41-2adb-467e-99f1-32f71332e3e7,a4542058-7b42-44b5-bb8b-8fb8a3ee513c,1745053,2026-06-18,709,90+ Days,Vendor
c0c5c905-6c9b-426f-a3af-589309b6bbf7,3493427d-c901-4415-b6ee-e7d0316f9480,77467839-d82b-43da-b938-3568db938c9a,3386250,2026-06-18,161,90+ Days,Vendor
bfb3fc3f-acd3-4266-8590-111c67423bb1,8dc8a425-1301-4f6d-8a6c-ccca858606d3,55f52682-c560-4f98-8e43-3c2642bd2f26,2728620,2026-06-18,533,90+ Days,Vendor
a788902e-9c18-4388-a084-5158c459cb07,be6aebf8-8a0f-4527-a9d4-d94f09f3c93a,5ac21e58-65f7-4feb-a034-1c3bd8daee88,1138525,2026-06-18,223,90+ Days,Vendor
de421900-2d6e-4d9a-b18b-1d3d968af69c,96bdd17d-e2c7-4081-b5f4-cc9826bb78f4,a25264c3-377f-478d-b82f-9f91704fb66d,4140780,2026-06-18,561,90+ Days,Vendor
b0a7ea13-6397-4c04-bc81-7b3a173da894,96bdd17d-e2c7-4081-b5f4-cc9826bb78f4,8d0d8ef3-f531-4c2c-be0a-4e74d88b4d58,5228904,2026-06-18,769,90+ Days,Vendor
09894dbf-436b-4ae1-88c7-0d529a31e6bf,96bdd17d-e2c7-4081-b5f4-cc9826bb78f4,318b4f47-7441-4555-8e68-ea31151d8757,2372857,2026-06-18,654,90+ Days,Vendor
902ecdbf-8ffe-485d-9ade-733892607b4f,96bdd17d-e2c7-4081-b5f4-cc9826bb78f4,b1a615c3-68dc-4884-8ecc-a8f2e9400456,3129015,2026-06-18,577,90+ Days,Vendor
709a152a-3d58-4870-ae4b-50f02f980382,96bdd17d-e2c7-4081-b5f4-cc9826bb78f4,1ddc2db1-c465-4125-9b7b-691dbbebb172,3536033,2026-06-18,763,90+ Days,Vendor
4a70638f-a2c0-4b12-8eaa-d678abb43add,47383bf1-5796-4504-8372-bfb69d388c1d,0cdeaaaf-40db-4b54-a88c-8e9e41fd52f5,3530,2026-06-18,645,90+ Days,Vendor
b490844a-3d25-4e1e-9f89-89f508c14836,9e73bcf7-73f5-4be4-9aae-ddf01a991972,01e69bbc-7959-4ae8-ae7a-3e22c797a22a,559980,2026-06-18,746,90+ Days,Vendor
8fc04f18-47ab-4cc9-8cfc-a99f7c9dc3d7,96bdd17d-e2c7-4081-b5f4-cc9826bb78f4,47649f3f-8657-4c04-9fa8-c6c2e5c87669,1375779,2026-06-18,154,90+ Days,Vendor
8de56712-5b95-4fed-ba3a-a1cdbf1a8b63,96bdd17d-e2c7-4081-b5f4-cc9826bb78f4,3172fbdd-4c29-4fb9-a376-10fbffafe876,3910962,2026-06-18,558,90+ Days,Vendor
17b26077-729d-4adc-80b7-99dffa6b2781,96bdd17d-e2c7-4081-b5f4-cc9826bb78f4,abecefab-b262-48fa-a5e1-ef1553215ca8,4342420,2026-06-18,559,90+ Days,Vendor
75b7cc7a-ea97-4774-81a2-23feb9436a66,96bdd17d-e2c7-4081-b5f4-cc9826bb78f4,d2b850e0-c479-4e10-aad9-1b7a81b3537b,2574024,2026-06-18,575,90+ Days,Vendor
a08a1219-7571-4994-8764-7ed4fd51da7d,96bdd17d-e2c7-4081-b5f4-cc9826bb78f4,d4e6ccde-557d-46a5-b135-fc0f74c77dec,2715776,2026-06-18,708,90+ Days,Vendor
12e8c65d-ba2f-4e71-bb9b-ec6a5c8e7add,96bdd17d-e2c7-4081-b5f4-cc9826bb78f4,809de2df-d917-4dce-b5bf-a0200291fc74,4876605,2026-06-18,764,90+ Days,Vendor
9868e23d-5fec-4847-a02a-1249978b448a,96bdd17d-e2c7-4081-b5f4-cc9826bb78f4,fbb74dcd-29bc-48ed-b41b-793a778524c5,2976758,2026-06-18,771,90+ Days,Vendor
be745034-d020-48e6-9609-7c572313ba04,a7c10a2d-24cd-4acc-85bf-9b31bbd3ebb0,167c594d-3fe6-4359-9c3f-dc59eb806ea1,1192415,2026-06-18,402,90+ Days,Vendor
254264c7-dec1-4df5-b898-25329555d381,b21d4cc7-0760-4deb-8ee6-fba3b4884487,94d85fac-077e-48d2-bb7d-4156461f5067,5057047,2026-06-18,78,61-90 Days,Vendor
31a123c8-a519-477c-831c-a5bd70b00aef,dc96db54-a1c0-4be1-81f5-c22f9594bf7d,15aa67d6-a244-436c-a201-41083b97067c,23500,2026-06-18,54,46-60 Days,Vendor
03f04e10-cfd1-4da3-96dd-40281182f9bb,7b237e41-2adb-467e-99f1-32f71332e3e7,7781ddb6-90ed-4f9a-a4d4-34dcee5de7d4,919422,2026-06-18,696,90+ Days,Vendor
cb4ec337-b3fe-4b7e-affd-3bafb90b8252,7b237e41-2adb-467e-99f1-32f71332e3e7,b4028006-51b5-4c3e-8509-fab08cb6d15e,2518168,2026-06-18,723,90+ Days,Vendor
183c1f54-9ede-4000-b585-6d2aa9da171a,7b237e41-2adb-467e-99f1-32f71332e3e7,c4298233-b9d7-475f-9046-e00d111a574c,812745,2026-06-18,742,90+ Days,Vendor
36f01199-63c7-4a10-bc1d-a3945e9e758d,0d640fb5-a295-4748-abec-05c07c167fc3,f12ffee8-a696-462b-bccc-124a3c9ae02e,2176875,2026-06-18,177,90+ Days,Vendor
4e7256b8-f26a-42b9-b570-4ab9c000656b,0d640fb5-a295-4748-abec-05c07c167fc3,9d5e9232-4dc7-454a-b7bc-7cb8ab95c545,2176875,2026-06-18,178,90+ Days,Vendor
8cc5050d-858d-41a2-87d5-5da895460cec,0d640fb5-a295-4748-abec-05c07c167fc3,882f3015-2c36-4676-a9cb-cc6b51c250e8,2177278,2026-06-18,210,90+ Days,Vendor
34b85c34-d942-4679-8330-83068399bc70,0d640fb5-a295-4748-abec-05c07c167fc3,4c39e847-8d30-4397-8f60-4ccbd672e703,1307725,2026-06-18,227,90+ Days,Vendor
d8752de1-ea39-4c22-afe3-cf659f19019b,0d640fb5-a295-4748-abec-05c07c167fc3,2a88d7ff-8f5b-4aa6-90fb-b7a0500a7ead,1079642,2026-06-18,246,90+ Days,Vendor
51a47cfb-b616-4ea2-ab1f-ab9a1882d529,0d640fb5-a295-4748-abec-05c07c167fc3,a5be1dce-c6b4-44fc-b2de-e98261bda108,1077334,2026-06-18,257,90+ Days,Vendor
7938bb79-5704-4930-9803-29c97639b9bd,1297bda5-9c64-4336-85ee-1a0d5622a8b5,5b91e5f3-9387-4d92-a378-8f4b341a720a,2597250,2026-06-18,454,90+ Days,Vendor
ec19af2b-4e3b-462f-8c3c-ad87a13cd26b,1297bda5-9c64-4336-85ee-1a0d5622a8b5,e8641b52-e8fc-4a84-bd35-e251a5eae562,2734500,2026-06-18,457,90+ Days,Vendor
a3a5787d-af8e-4f98-ad71-60a6c210e2f7,549e240d-ab7f-4b19-8790-ad3d22305f4d,6e9cf9f9-713c-42ba-b517-d2cbdec49d31,2137033,2026-06-18,352,90+ Days,Vendor
b87fba87-0628-46c5-bf0a-27d01630f272,549e240d-ab7f-4b19-8790-ad3d22305f4d,0c0503a2-30ca-4c47-aaed-7c7b4d81b271,1535937,2026-06-18,387,90+ Days,Vendor
b3e07329-4d12-40a2-93ff-0d1fbec46302,4b258052-1399-4244-a36b-e087424e0980,28b053eb-2fe3-4c6d-a5d1-58eb88a1e820,2590061,2026-06-18,553,90+ Days,Vendor
bbc23353-4fd0-459f-97a9-bd746c609c53,b22c68cf-1d75-457c-96cb-dcb32da7712e,2f867501-358f-4c15-9d44-4c938c072bb0,1139479,2026-06-18,271,90+ Days,Vendor
28d15d81-905e-4f27-a6ef-72b5ccbd5517,be6aebf8-8a0f-4527-a9d4-d94f09f3c93a,836d3d75-c31f-45d0-a813-7517d693969e,1328980,2026-06-18,143,90+ Days,Vendor
72993d5b-aa0a-4740-a242-6a022b583177,47add3de-de07-4632-97da-dd9f7292451c,8e01c428-753b-4d54-a79b-240cc93dcb87,2844125,2026-06-18,463,90+ Days,Vendor
0c2a4b1f-500d-4023-a508-72040b8d8405,47add3de-de07-4632-97da-dd9f7292451c,08b0ab09-15b2-4d5d-90fe-30d78fbc12e8,2259408,2026-06-18,514,90+ Days,Vendor
091576d2-e526-40a7-9db2-01a188311427,47add3de-de07-4632-97da-dd9f7292451c,29e3ea13-f2f6-4ca2-afbf-5ee52f2edb48,2872905,2026-06-18,560,90+ Days,Vendor
47387e05-0668-4591-8d0d-ddc75ac97a56,edec10be-a0bc-4240-a6de-ed91dc2b3a10,8b285693-e78c-42fd-8058-f510ec891201,1421509,2026-06-18,736,90+ Days,Vendor
f1d6e77e-5b15-4472-9a2e-c17a4ea7d396,42e4e0a2-1032-469e-80f7-dfec5d41b575,20cd8377-28d6-461e-82cc-ec07119ec375,763114,2026-06-18,712,90+ Days,Vendor
3dbbee21-3438-4a16-8fe4-cd46ba9f35e9,48ce9043-3eb8-4cbf-bd03-c7f9f09eaf16,b8215eb8-12d4-4a1e-bfe3-fd26be2fc0dd,2102492,2026-06-18,749,90+ Days,Vendor
a39f1fb9-6413-4c11-8862-5c44e8871193,3a41f74e-14a3-41fc-905d-3ddf1f5905d4,c45ee7f3-3822-4671-9ec2-6d2ee92f79bc,1170367,2026-06-18,198,90+ Days,Vendor
d7874dac-1eec-49bf-94e1-09f3bb816548,a84bde39-f20e-4d72-83ff-a7e13653e474,a002dccf-acbc-45af-acd8-dd3898946995,122277,2026-06-18,541,90+ Days,Vendor
b6fe7713-fe31-40df-9448-3fea58a5bc6d,79ddfb51-827b-48c5-b370-cd83a58b38ce,8f6edb1f-dc68-4e45-a06e-47256b5ba052,1528648,2026-06-18,699,90+ Days,Vendor
735b3652-f39e-49e9-901e-90def97f2aa6,f44a0530-a9a7-44dc-a935-1788e1ed642f,b7c2c3b0-9046-4a4c-b47a-3d0985241252,2732301,2026-06-18,269,90+ Days,Vendor
ccd86bbb-9afe-44c9-a315-2079d31a895e,a7c10a2d-24cd-4acc-85bf-9b31bbd3ebb0,e489bacb-5145-452f-955a-5c884646e550,1021004,2026-06-18,297,90+ Days,Vendor
1292a386-02e8-4d9f-98e7-a06d19742340,be6aebf8-8a0f-4527-a9d4-d94f09f3c93a,d4c5a93a-b3e0-4779-b7b4-d48d2fa67ff4,1144625,2026-06-18,217,90+ Days,Vendor
68415fbf-c443-41c3-ad77-df72d42bd38f,be6aebf8-8a0f-4527-a9d4-d94f09f3c93a,7b9c4461-9fa7-410d-8976-11cb026806c3,1036857,2026-06-18,282,90+ Days,Vendor
10b732dc-8fca-49ea-ae1e-cd5452f72e78,be6aebf8-8a0f-4527-a9d4-d94f09f3c93a,bc408e37-c78c-42f0-b6cf-7a1e969d3120,2197179,2026-06-18,432,90+ Days,Vendor
06554c6b-d796-4de5-9c53-7de675c94448,41c93e07-6260-435c-b263-8df47880b5b6,0ba8dcb1-c812-46eb-ae34-4fd5f1dd593f,1391811,2026-06-18,330,90+ Days,Vendor
f28930d3-dd9e-46a7-8877-3cd7d0a91bff,47383bf1-5796-4504-8372-bfb69d388c1d,79c0b970-2fef-4bf3-a621-7ae7f9484599,3560,2026-06-18,610,90+ Days,Vendor
55285f00-fbbe-49e9-bf16-be5ff544cc92,47383bf1-5796-4504-8372-bfb69d388c1d,e942ff81-0e3c-4c5b-bbee-60cea3c3ae37,3300,2026-06-18,619,90+ Days,Vendor
5eeaddfb-3836-4778-83f0-b3f7386d5547,96bdd17d-e2c7-4081-b5f4-cc9826bb78f4,ab1fcee7-15bb-4232-bcb2-7186b8a392df,2537022,2026-06-18,568,90+ Days,Vendor
3202b164-a106-490a-b4e9-b2155c845d6e,96bdd17d-e2c7-4081-b5f4-cc9826bb78f4,42bc2474-0880-4b18-b4d7-1cbe57f3d583,3024633,2026-06-18,583,90+ Days,Vendor
ecd7bbdd-4565-4b8c-a902-cfb2287fb806,96bdd17d-e2c7-4081-b5f4-cc9826bb78f4,8aa3f062-367b-408c-9978-7fb47d503285,2643115,2026-06-18,667,90+ Days,Vendor
9cb4e4ec-91f2-4dc7-9c49-d5369d8305e8,96bdd17d-e2c7-4081-b5f4-cc9826bb78f4,85218ff5-0669-481c-9c0d-2df1b03ec9c9,2606332,2026-06-18,754,90+ Days,Vendor
75c4f4fc-ada0-4c95-a704-f977a0f0ba44,96bdd17d-e2c7-4081-b5f4-cc9826bb78f4,ee9e5557-4e4d-4d0f-8d8c-3997b7378714,2595774,2026-06-18,773,90+ Days,Vendor
7ae7cdd8-56f4-40a1-810e-a8767193704b,dc96db54-a1c0-4be1-81f5-c22f9594bf7d,b90be7e7-21a0-4051-a989-9245d01eef09,17250,2026-06-18,111,90+ Days,Vendor
cefdd015-aeef-4ca9-8d7d-f1155b0da8e1,b22c68cf-1d75-457c-96cb-dcb32da7712e,6cac73af-a9f3-4222-8f34-09bad67ed052,2991366,2026-06-18,47,46-60 Days,Vendor
e42cd8a5-201d-4597-9c6e-d7aec42d08ad,3769e41b-9c60-4886-9461-5e969cfbc8d3,a51767c9-3b03-4ae4-b709-441002b3d8d5,2802925,2026-06-18,591,90+ Days,Vendor
e01eb271-5b25-4360-846c-68f78d7df398,549e240d-ab7f-4b19-8790-ad3d22305f4d,af0652ab-1be3-4d81-b7d4-6ce564409de8,2716785,2026-06-18,593,90+ Days,Vendor
7dc0eb01-f861-4952-ae0e-54c2aa1a2b4d,549e240d-ab7f-4b19-8790-ad3d22305f4d,dbad8e64-1003-4123-874d-b23a273a25fa,2636159,2026-06-18,568,90+ Days,Vendor
e5dac81e-9fc6-4e09-a210-ac7fd63ff5ac,0d640fb5-a295-4748-abec-05c07c167fc3,d4bc1469-f5a0-4de6-8c23-18a4f10723dd,1939663,2026-06-18,250,90+ Days,Vendor
08c10af7-e16d-4478-8a7d-6bb8f94a6e0d,dc96db54-a1c0-4be1-81f5-c22f9594bf7d,f4c76680-2433-4463-b710-66c73addb409,17250,2026-06-18,104,90+ Days,Vendor
1ad2ff49-61ff-4e34-9283-def8e7e9ee99,be6aebf8-8a0f-4527-a9d4-d94f09f3c93a,5ba9532a-cfc3-4fd6-8c18-7fbbfb041339,2308589,2026-06-18,432,90+ Days,Vendor
b50f1fe4-3bdf-4258-8805-c7a3d837d500,b22c68cf-1d75-457c-96cb-dcb32da7712e,0b5685e0-64b8-4dae-b31d-814d45cac648,6043394,2026-06-18,47,46-60 Days,Vendor
f0ce31d4-ef3e-4b3c-b776-198150080a1c,be6aebf8-8a0f-4527-a9d4-d94f09f3c93a,e7270fec-95da-42f3-a333-3a86cadb0415,1177953,2026-06-18,215,90+ Days,Vendor
4ebec9b7-044f-43a6-8d50-b3520a21316e,be6aebf8-8a0f-4527-a9d4-d94f09f3c93a,d1625754-e8e5-43fb-a86c-0d8271afd95d,1393695,2026-06-18,227,90+ Days,Vendor
c4cca7a1-7e8c-48ac-9a14-86d97cbe1775,be6aebf8-8a0f-4527-a9d4-d94f09f3c93a,33cfee3f-c1c7-4563-b7b7-8bf914012b1b,429137,2026-06-18,231,90+ Days,Vendor
1c6ec1ea-aaa8-4a6c-9d30-462afef379c8,be6aebf8-8a0f-4527-a9d4-d94f09f3c93a,e809b086-5e84-464b-9c6d-101df3b3ab90,1202755,2026-06-18,237,90+ Days,Vendor
70801c3b-63b4-42e0-bf9c-0dd231786c87,be6aebf8-8a0f-4527-a9d4-d94f09f3c93a,b5609140-e531-4614-96e5-a8bf15868aea,1164908,2026-06-18,244,90+ Days,Vendor
d4b3d7cc-855f-4d01-94ce-877cd0bc2212,be6aebf8-8a0f-4527-a9d4-d94f09f3c93a,abaac6f5-b6a3-472e-ba83-ce6fa83de583,1378535,2026-06-18,245,90+ Days,Vendor
f3d9fa55-e71d-4570-9191-168751c04bbc,be6aebf8-8a0f-4527-a9d4-d94f09f3c93a,fdd68948-10a3-4b3d-a7a3-5956a1442111,981418,2026-06-18,276,90+ Days,Vendor
40453317-2e32-4d47-9eef-c4fc764589d9,be6aebf8-8a0f-4527-a9d4-d94f09f3c93a,85ced5c2-4021-458e-b4ae-79f20261cac8,1806294,2026-06-18,282,90+ Days,Vendor
b6711ae1-7043-4c39-aa8e-52d9ebfcfee9,560f9f43-acf1-4ace-98cb-5d97a1ab863d,2772d91c-2bd5-4407-9687-63c6373dadf6,2689270,2026-06-18,610,90+ Days,Vendor
80641a55-a918-47a4-81f9-009495ddcc03,41c93e07-6260-435c-b263-8df47880b5b6,79da8ffd-cddb-4fcc-aef9-ab54c1cfd9da,1445757,2026-06-18,387,90+ Days,Vendor
eff4f286-da72-4d9e-aeac-644c67934e40,47383bf1-5796-4504-8372-bfb69d388c1d,7ec0be56-df4b-46fd-9542-ec636423e33d,2510,2026-06-18,598,90+ Days,Vendor
ad6978f3-d8cd-4af8-baf1-c9e35ca11aa7,be6aebf8-8a0f-4527-a9d4-d94f09f3c93a,f703ea4b-2a86-4985-9aab-17e190c13d21,929337,2026-06-18,457,90+ Days,Vendor
cd4fc0c8-23bc-40c5-9cc3-8e5e294dbe48,dc96db54-a1c0-4be1-81f5-c22f9594bf7d,467b0da4-5eac-4f61-b3ad-314a13b26ab8,38418,2026-06-18,100,90+ Days,Vendor
f093c88d-f630-407a-a4e8-af665b9ad6f8,dc96db54-a1c0-4be1-81f5-c22f9594bf7d,e1745b63-4925-4334-9d61-045a094f999d,72162,2026-06-18,47,46-60 Days,Vendor
ebd09614-ff75-4a40-99ea-65b50871d237,be6aebf8-8a0f-4527-a9d4-d94f09f3c93a,7dbf75ef-ada1-487a-a1a4-7986e533c441,1115404,2026-06-18,224,90+ Days,Vendor
75f1e862-e3ee-44e7-920d-c3d6e7ae70b2,be6aebf8-8a0f-4527-a9d4-d94f09f3c93a,b3168c42-f93a-4d9c-beeb-5f0bb402a2e3,1172181,2026-06-18,230,90+ Days,Vendor
b9da7d02-63c8-45f3-a66d-2492dc672f04,be6aebf8-8a0f-4527-a9d4-d94f09f3c93a,85eb4b48-dab6-4dc6-94dd-dae05d2bd825,1122490,2026-06-18,233,90+ Days,Vendor
c0578c50-f983-48d4-a21d-22165370a1da,be6aebf8-8a0f-4527-a9d4-d94f09f3c93a,9d87036d-5a36-4f2d-b945-676b20dd807d,1155583,2026-06-18,237,90+ Days,Vendor
39cccfab-a759-401d-866f-7483b021bb8d,be6aebf8-8a0f-4527-a9d4-d94f09f3c93a,10add6bf-d9e4-4ce7-a5b0-2be431b6fa2c,1045843,2026-06-18,241,90+ Days,Vendor
d4b3473c-d8bd-462b-bd8b-5a37bc0311b3,be6aebf8-8a0f-4527-a9d4-d94f09f3c93a,2f4e87a0-fbd0-4ebb-aae6-b29d688077ad,1007430,2026-06-18,247,90+ Days,Vendor
08f0062a-e65e-4724-8b47-a33efa48429d,be6aebf8-8a0f-4527-a9d4-d94f09f3c93a,baf35c4e-4de0-471c-b5f5-7bfafac276f8,1035348,2026-06-18,278,90+ Days,Vendor
d00dd9f3-d487-4c5f-99ae-d66edf0a86fc,be6aebf8-8a0f-4527-a9d4-d94f09f3c93a,5b1ba66e-b4fd-4ccd-9616-ec9ecd6cde6e,576820,2026-06-18,301,90+ Days,Vendor
cb35b17a-f19d-45af-a9af-d9ded415d28b,41c93e07-6260-435c-b263-8df47880b5b6,9cc54bc0-bb5c-404b-a58f-2672c4ea4341,1412805,2026-06-18,338,90+ Days,Vendor
cc109790-c231-442b-a42e-55015183101c,e2bb9749-0ff0-42cb-82a6-5010fa7b6d5e,fb9b8ae1-3488-4c64-b700-87fccf8c3d51,2596557,2026-06-18,295,90+ Days,Vendor
c297e273-5074-4010-b6bc-9c258daa58b5,47383bf1-5796-4504-8372-bfb69d388c1d,5665ad2a-dc12-46f4-8bf1-0a457510bd62,3500,2026-06-18,601,90+ Days,Vendor
08cddb0d-8a83-4c2f-88f7-ce947a9554ef,47383bf1-5796-4504-8372-bfb69d388c1d,a2ee4485-7ace-49be-acd7-3cf1fdb1d1d9,3650,2026-06-18,609,90+ Days,Vendor
a6290ed1-ddd1-4fcc-b2a2-93fb04d4ec3e,47383bf1-5796-4504-8372-bfb69d388c1d,50dfd395-9d8d-4a4a-b276-4762a8042286,3640,2026-06-18,616,90+ Days,Vendor
3a42e573-2c13-4314-942a-5f2c260c371b,47383bf1-5796-4504-8372-bfb69d388c1d,3933a5a2-bc6b-4f7f-af06-5ee43b22ff2c,3720,2026-06-18,632,90+ Days,Vendor
a5e7c30c-cb26-4415-b3ac-bd175846fe1c,ee72dd0b-2a9c-4acd-9b20-433e6a327c96,ea849f32-751c-46f1-8a0c-13f708d4f481,2746875,2026-06-18,77,61-90 Days,Vendor
dee1d81c-2a97-42bf-8f0b-8b4f069ccf4f,ee72dd0b-2a9c-4acd-9b20-433e6a327c96,bf6048bf-e898-4115-a1a1-54a524387cdb,4587170,2026-06-18,45,31-45 Days,Vendor
caf4615a-86f7-4c34-82f5-d95ed86f2068,be6aebf8-8a0f-4527-a9d4-d94f09f3c93a,1bd3cd9c-fe54-4212-9c34-ec53879e371c,1092810,2026-06-18,218,90+ Days,Vendor
64d52854-197f-427a-8f52-e949544db8b5,be6aebf8-8a0f-4527-a9d4-d94f09f3c93a,e27a29b0-979b-45b2-b9dd-d3199ab808de,1192039,2026-06-18,224,90+ Days,Vendor
a1925c49-c4c4-4968-8813-04ad55138e62,be6aebf8-8a0f-4527-a9d4-d94f09f3c93a,169618b4-a1da-4b73-bfde-998f8e79a478,1115404,2026-06-18,225,90+ Days,Vendor
3c8f34bf-8e8b-44c1-8f7e-0f64763af10c,be6aebf8-8a0f-4527-a9d4-d94f09f3c93a,5d190202-5c78-4e64-8ddd-c21860445a80,1182529,2026-06-18,233,90+ Days,Vendor
9b750582-e131-4ac3-930a-20623dd29d18,be6aebf8-8a0f-4527-a9d4-d94f09f3c93a,0ab10970-6c2f-4b9e-a571-341a923a1d53,1145980,2026-06-18,241,90+ Days,Vendor
31802abe-6edc-44cd-aacf-870a5d7deb36,be6aebf8-8a0f-4527-a9d4-d94f09f3c93a,91f9a29c-e0af-47b0-9956-24c86f507b43,1137589,2026-06-18,244,90+ Days,Vendor
76dec24a-f24a-4e24-addd-acea410fc8ff,be6aebf8-8a0f-4527-a9d4-d94f09f3c93a,8651ba90-1ec9-46ba-a728-a42516ce227c,1067009,2026-06-18,247,90+ Days,Vendor
d361c0c6-80dc-40e8-88f2-ddbdd929d2f1,be6aebf8-8a0f-4527-a9d4-d94f09f3c93a,dce8a73c-6109-4ab4-98d8-5bde0578dba4,982227,2026-06-18,276,90+ Days,Vendor
777fa75b-716d-4ff0-a959-e8af29449b65,dc96db54-a1c0-4be1-81f5-c22f9594bf7d,50223319-db7e-4f3d-a19a-8ade269d61b8,17200,2026-06-18,45,31-45 Days,Vendor
e1de38ba-4d1c-4633-925a-bb66b84a1677,b21d4cc7-0760-4deb-8ee6-fba3b4884487,5880a0bb-d05c-4b00-bd25-3d5e47ce5fce,5903377,2026-06-18,76,61-90 Days,Vendor
dca134be-8a49-470b-a4ba-a9d82aa2df40,b22c68cf-1d75-457c-96cb-dcb32da7712e,fb5f98d4-06be-446d-b0f5-3c1075ceaad4,1365278,2026-06-18,273,90+ Days,Vendor
ad7fb8ac-fe46-4cf4-8a53-96e373bcb500,be6aebf8-8a0f-4527-a9d4-d94f09f3c93a,809461ee-5f10-4015-9aae-f2ce9fc35f4f,307085,2026-06-18,523,90+ Days,Vendor
e39249a8-6722-4d2b-8a96-9197d4b47d27,be6aebf8-8a0f-4527-a9d4-d94f09f3c93a,de7d400a-627d-4878-af9f-17b798d98604,1206986,2026-06-18,210,90+ Days,Vendor
5373361d-d31b-4ccd-9935-d47cf44800ca,be6aebf8-8a0f-4527-a9d4-d94f09f3c93a,4022ff80-1e4f-4c76-917e-d729610eadd0,1077086,2026-06-18,222,90+ Days,Vendor
ccfcc336-5893-4568-bdd9-08e4cb7a20c6,be6aebf8-8a0f-4527-a9d4-d94f09f3c93a,eee402b0-8294-42eb-b704-c54c3404dd77,1079881,2026-06-18,230,90+ Days,Vendor
3606835a-daac-40ad-9a25-077011c4f56e,be6aebf8-8a0f-4527-a9d4-d94f09f3c93a,9f862f56-bb1d-4548-bc43-32323c12685e,1090978,2026-06-18,231,90+ Days,Vendor
1623dda4-54b7-46c9-9f32-b3040b304e1f,be6aebf8-8a0f-4527-a9d4-d94f09f3c93a,8bcdccce-243e-4de8-a52d-f2852b5c5a58,1149991,2026-06-18,236,90+ Days,Vendor
005c2601-c204-4445-911f-27cd4cc855f8,be6aebf8-8a0f-4527-a9d4-d94f09f3c93a,331485ff-0672-4555-a9e5-5f6df672d8e2,1356005,2026-06-18,241,90+ Days,Vendor
c1c9f877-cd82-44c1-9123-a99a6c984745,be6aebf8-8a0f-4527-a9d4-d94f09f3c93a,07ae572b-a633-4be3-8f60-49f79012163b,1158380,2026-06-18,245,90+ Days,Vendor
c2061f5c-135e-490a-b8ec-7c963e2d5825,be6aebf8-8a0f-4527-a9d4-d94f09f3c93a,5077b7bf-4bbc-4d95-a318-8dd3f035139c,1108689,2026-06-18,248,90+ Days,Vendor
7d2d76fe-0b67-4a6e-848a-e6ce5aa42a14,be6aebf8-8a0f-4527-a9d4-d94f09f3c93a,f9c91959-67ae-4e54-894a-741e24cdf3ad,932593,2026-06-18,297,90+ Days,Vendor
0cb30053-34bb-48f6-b85d-e5f343f76716,96bdd17d-e2c7-4081-b5f4-cc9826bb78f4,8fe8f305-638e-42b9-86a6-52e48814a90d,3251499,2026-06-18,773,90+ Days,Vendor
3b698abf-4332-4d50-921f-c7446bb79537,c669ed01-9c99-4675-af62-676cf54a7861,f872b10c-80d8-4c16-b57b-bc9bc4d71761,3329,2026-06-18,533,90+ Days,Vendor
169dbe81-e509-47c2-acb5-e1b97e31fecc,47add3de-de07-4632-97da-dd9f7292451c,b8d1d23b-8a64-420f-819b-b1a451fa2ebf,2724584,2026-06-18,468,90+ Days,Vendor
eee7da29-827d-4fb8-884b-cfa4f736ffe0,42e4e0a2-1032-469e-80f7-dfec5d41b575,53938724-e18d-4eef-b2db-3171b0e5fc18,2727623,2026-06-18,695,90+ Days,Vendor
2036b37c-9573-42c9-8787-f8764e1ccdb1,63cee780-c0c6-47a3-bd19-c97ddf586da3,99dafd19-0484-4c04-a3dd-7b2f58af53ec,2355484,2026-06-18,644,90+ Days,Vendor
d15e1cbe-c15a-4d45-93f5-43dc6de5dd34,41c93e07-6260-435c-b263-8df47880b5b6,2a6f52de-bb76-4b79-a3cc-843e5810ac79,1412630,2026-06-18,386,90+ Days,Vendor
e3f66dbd-1072-4722-9210-0811155a5ded,47383bf1-5796-4504-8372-bfb69d388c1d,2a9a72eb-656c-443b-8187-199e9c9ebb91,3340,2026-06-18,602,90+ Days,Vendor
f7780777-82fb-4ab0-8210-6136a4254d49,5356dd93-6a82-4d63-a0f7-31ef05ccd7f3,e13dd5c6-63b3-4329-be95-60bd544bc62d,4168693,2026-06-18,75,61-90 Days,Vendor
08454986-68f6-4b0a-a1cf-b9b2af3a661b,163c153e-cdee-4abb-93b9-c64090b57bd8,a6130969-f24a-4edd-a330-98d5d18b6492,1211847,2026-06-18,41,31-45 Days,Vendor
c5133134-324e-4551-8044-6514c6232e16,be6aebf8-8a0f-4527-a9d4-d94f09f3c93a,2e720d05-352e-4a1d-8847-e70907516146,1120066,2026-06-18,225,90+ Days,Vendor
0a4a21be-a92b-46d7-bcef-9cbb50591015,be6aebf8-8a0f-4527-a9d4-d94f09f3c93a,c1adf965-3c54-4ae9-9914-1e7f59b92d11,1197539,2026-06-18,232,90+ Days,Vendor
e28b838f-9e7b-4eba-90d8-434799d9f270,be6aebf8-8a0f-4527-a9d4-d94f09f3c93a,7137847f-5360-41be-8536-01a1c65ebd8e,598333,2026-06-18,447,90+ Days,Vendor
e000d034-ff97-4fc2-ac0f-bb8fbab04d32,ee72dd0b-2a9c-4acd-9b20-433e6a327c96,b48cd386-fc94-4eee-a8b9-b13ac49496df,897125,2026-06-18,73,61-90 Days,Vendor
519105bb-fccd-470e-a194-cce478a34079,50461b33-9f9a-4228-b886-97556d5c9e27,db4d11d6-a404-40e5-a708-5149cdbc73db,1142536,2026-06-18,402,90+ Days,Vendor
82a27a3f-8c2d-4f1d-a4da-4be9091483e7,50461b33-9f9a-4228-b886-97556d5c9e27,b742f8ff-d934-4dae-a3c7-20c73b51d7d6,1135809,2026-06-18,412,90+ Days,Vendor
58d92277-09e0-4631-b405-322968710519,be6aebf8-8a0f-4527-a9d4-d94f09f3c93a,704ff85a-8ac0-4a8e-8d6d-45ea151ac1e2,1415143,2026-06-18,152,90+ Days,Vendor
abb9173a-f12d-49e8-8ac6-4bb512ca710d,47383bf1-5796-4504-8372-bfb69d388c1d,9c06605f-ed37-4b62-a309-2b3c19ffea5c,3190,2026-06-18,629,90+ Days,Vendor
a7bf757e-7696-4887-8279-dce7891950d2,8dc8a425-1301-4f6d-8a6c-ccca858606d3,631212aa-7d44-4e29-b5c8-e4b942d2231f,2573730,2026-06-18,494,90+ Days,Vendor
d57056d1-e270-45e5-8edd-37b86733a09a,47383bf1-5796-4504-8372-bfb69d388c1d,5ee5e48a-190a-4295-bee7-198f88072635,3610,2026-06-18,646,90+ Days,Vendor
ad45c2df-eef2-44aa-a664-200b71b78c40,96bdd17d-e2c7-4081-b5f4-cc9826bb78f4,0c086321-0881-43cd-8584-43916a45134e,4045919,2026-06-18,559,90+ Days,Vendor
a39b174c-0129-4145-a83c-321c94198386,96bdd17d-e2c7-4081-b5f4-cc9826bb78f4,c9b75ba3-c674-4d37-a872-641b1660be1d,2298281,2026-06-18,310,90+ Days,Vendor
ad2a0c1c-d039-4bab-8671-eccfbcc41078,47383bf1-5796-4504-8372-bfb69d388c1d,1cf70ec5-ad24-4cb6-b450-30d036c17ed2,3500,2026-06-18,577,90+ Days,Vendor
9c1de11e-f73b-4efa-9fe6-17ccff975f2e,edec10be-a0bc-4240-a6de-ed91dc2b3a10,c4244c85-f388-47ad-8ef4-133ad29180de,1540560,2026-06-18,697,90+ Days,Vendor
9603680b-9a35-4bc9-aeb4-6f31df9b8a60,41c93e07-6260-435c-b263-8df47880b5b6,9298c392-cce9-45e3-8c9b-b55f61b3210a,1396465,2026-06-18,423,90+ Days,Vendor
4fdcf549-1672-42b4-8442-b057ee76f8a8,47add3de-de07-4632-97da-dd9f7292451c,8fbe0e15-2c20-4bc6-b156-faf63ca13e31,1748302,2026-06-18,523,90+ Days,Vendor
995c591e-3c61-47b5-9ead-942c059e296e,edec10be-a0bc-4240-a6de-ed91dc2b3a10,d9e3893c-4cf1-485e-9b18-bfd042414ecc,2976110,2026-06-18,759,90+ Days,Vendor
233d0102-74ea-4d67-b980-a5da7f9b19d0,1c424988-7573-4cae-8b54-44176a032681,eb5441f2-5584-48a4-bf15-0259b7d9675d,2778482,2026-06-18,695,90+ Days,Vendor
52f92332-3730-4334-a204-59dbb4206b5e,47383bf1-5796-4504-8372-bfb69d388c1d,93575dd1-720b-4b0c-a944-07b2ed03c478,3540,2026-06-18,602,90+ Days,Vendor
516083d8-59b1-4c5e-93a9-8f788f623c11,47383bf1-5796-4504-8372-bfb69d388c1d,417c1889-3c07-4858-8084-534618a35794,3360,2026-06-18,633,90+ Days,Vendor
8eec08b0-9461-4504-be1a-8a65aa131a39,47383bf1-5796-4504-8372-bfb69d388c1d,3a92fb99-f788-4d52-8856-49a5db2ad0d9,1630,2026-06-18,638,90+ Days,Vendor
3777313f-4c0c-45d9-ba24-16e3865f9345,8dc8a425-1301-4f6d-8a6c-ccca858606d3,9b954099-d260-4cc2-8bc9-029a8f21908e,2430755,2026-06-18,664,90+ Days,Vendor
fdb30b2e-9660-4885-90a1-1c0606c64f27,8dc8a425-1301-4f6d-8a6c-ccca858606d3,a828ed6f-5520-48bd-b276-f12038d787bb,2938639,2026-06-18,711,90+ Days,Vendor
bdcc172e-ac14-45bf-b1d8-f42576592f50,96bdd17d-e2c7-4081-b5f4-cc9826bb78f4,1be1a5de-8b5d-446b-8c49-fadc21de5a3d,3104505,2026-06-18,544,90+ Days,Vendor
93969a30-0382-4b80-90b5-e88f7f98a227,96bdd17d-e2c7-4081-b5f4-cc9826bb78f4,1c2cfa8f-0af4-4544-87ab-93a4d0970741,2645075,2026-06-18,574,90+ Days,Vendor
e41a8dc6-30e4-4619-91c0-2c035d1426b5,96bdd17d-e2c7-4081-b5f4-cc9826bb78f4,fad4a6d5-7b8f-4ce3-bf3b-8690f5d6a693,2657275,2026-06-18,591,90+ Days,Vendor
31cf5b6b-1fcc-4782-bd1c-5af44e4f872a,96bdd17d-e2c7-4081-b5f4-cc9826bb78f4,c4865121-dd9c-4282-b95c-7fff4feeaaae,4777624,2026-06-18,764,90+ Days,Vendor
be72cf59-d90b-416c-90c6-6b538719d54c,96bdd17d-e2c7-4081-b5f4-cc9826bb78f4,3e03079c-ea50-4688-8884-d3d02f375548,4793926,2026-06-18,764,90+ Days,Vendor
56ff3f65-6171-451d-b11d-615679828e9d,a7c10a2d-24cd-4acc-85bf-9b31bbd3ebb0,c24332ed-0bdc-496b-bdcd-ad030c684dc8,1042214,2026-06-18,297,90+ Days,Vendor
8d63702b-35ec-49f7-8098-0ce88203960b,a7c10a2d-24cd-4acc-85bf-9b31bbd3ebb0,87c951ca-c11f-4a22-a789-8595f21363e9,1662766,2026-06-18,297,90+ Days,Vendor
1546cc9c-2fc4-40f4-ada0-d5f9dd84c4d8,c669ed01-9c99-4675-af62-676cf54a7861,99d9bab9-f2c0-4466-9391-1a6ac1ed89cb,3589,2026-06-18,533,90+ Days,Vendor
b173f724-0a52-4cf7-82c1-a825be73f916,47add3de-de07-4632-97da-dd9f7292451c,9102e18d-9ae3-434d-9aa6-5174e6e87291,2772609,2026-06-18,471,90+ Days,Vendor
b9a35e59-f86d-43d7-bfb4-45576c02cea4,47add3de-de07-4632-97da-dd9f7292451c,7b3b44da-1475-44df-b411-380bcfc009e4,2385715,2026-06-18,523,90+ Days,Vendor
74ef9521-f603-46eb-a475-b6f1d387027d,42e4e0a2-1032-469e-80f7-dfec5d41b575,63e47812-c9ce-40c6-aa68-128357aaab37,909301,2026-06-18,688,90+ Days,Vendor
daeffce0-0fa1-44b8-a5ef-07192e7dfae1,42e4e0a2-1032-469e-80f7-dfec5d41b575,69cd781f-654d-4b0d-8598-c256c61aca17,777459,2026-06-18,712,90+ Days,Vendor
55403da6-342b-4917-9536-7d92251cec86,47383bf1-5796-4504-8372-bfb69d388c1d,5a5d5d25-ea56-43d7-8ee6-c62b9c8bc3d1,3270,2026-06-18,613,90+ Days,Vendor
6a40e4df-9ca0-4a1d-b8bf-9b7a0ab79cc8,edec10be-a0bc-4240-a6de-ed91dc2b3a10,d523a694-7c7c-43b3-9b6a-f2f08cc5581e,1484272,2026-06-18,697,90+ Days,Vendor
90ebf219-e324-442f-a3b9-2bff00a7ecdb,96bdd17d-e2c7-4081-b5f4-cc9826bb78f4,fbb3ad68-82ee-4eb6-8f18-0e0a928a8ca0,2739556,2026-06-18,576,90+ Days,Vendor
965b4d89-749d-4276-922e-90112e2d9c46,be6aebf8-8a0f-4527-a9d4-d94f09f3c93a,8b0bf99d-ba5a-45ae-a641-6babcc167a59,1143932,2026-06-18,238,90+ Days,Vendor
1a235f51-6d6f-4a51-ab39-3a64988105fe,be6aebf8-8a0f-4527-a9d4-d94f09f3c93a,c8e19907-fa7f-417c-b851-4028b18142b9,1419983,2026-06-18,244,90+ Days,Vendor
82d7435c-0bff-41f2-9d38-dee8594b0abc,47add3de-de07-4632-97da-dd9f7292451c,6a481b9f-19bf-478b-a66a-3538bdb2a2de,2771872,2026-06-18,472,90+ Days,Vendor
8631cf1a-d611-4515-ac94-9b493a73fcd2,be6aebf8-8a0f-4527-a9d4-d94f09f3c93a,d083ce32-9c17-49c8-9f3c-2b000bf9ca52,813138,2026-06-18,294,90+ Days,Vendor
5950ad07-90b7-4572-8963-4d945fe84664,41c93e07-6260-435c-b263-8df47880b5b6,5fa9bc1a-6e05-4361-85d9-22f331c03f22,1401399,2026-06-18,423,90+ Days,Vendor
253ba21f-39de-4c69-86e6-b20d4f6bad27,47383bf1-5796-4504-8372-bfb69d388c1d,f8c81f38-2d06-4f59-924c-e33de90a4c3f,3570,2026-06-18,577,90+ Days,Vendor
9e397514-5241-4e8f-a596-e498a4822a5e,50461b33-9f9a-4228-b886-97556d5c9e27,c44cd83a-d8f9-4769-935b-f474aa14b101,1610763,2026-06-18,419,90+ Days,Vendor
4fa63280-29b8-427b-90d9-240ddbf09dcf,50461b33-9f9a-4228-b886-97556d5c9e27,c02fa696-1fb6-40db-9202-c66c7a06d452,1147691,2026-06-18,428,90+ Days,Vendor
2ba701ad-75a8-4a33-9963-3e46387537b1,50461b33-9f9a-4228-b886-97556d5c9e27,75ab5fed-379e-4156-a71c-7f785930f3b1,2157925,2026-06-18,615,90+ Days,Vendor
34caece2-1ab8-4d83-aa1d-6d31243285ce,dc96db54-a1c0-4be1-81f5-c22f9594bf7d,0957c4f8-17ea-43c4-b57f-3290eae74f8d,17250,2026-06-18,42,31-45 Days,Vendor
270abbcf-49b8-468d-bbbc-61a362a64a54,ee72dd0b-2a9c-4acd-9b20-433e6a327c96,feeb7a49-fac4-4f0a-b796-b2313f4c5ee2,2984280,2026-06-18,72,61-90 Days,Vendor
71551ffd-a2e8-42cc-b02b-473f272f1113,50461b33-9f9a-4228-b886-97556d5c9e27,0061ce2b-e18e-47b0-a429-ffe822e75aae,1175658,2026-06-18,407,90+ Days,Vendor
4c161363-eb13-42e8-bd9c-83e698394f90,50461b33-9f9a-4228-b886-97556d5c9e27,3ad5b5ca-c7fb-4806-81bc-108d8b28b433,2002852,2026-06-18,413,90+ Days,Vendor
76222199-65df-4bd7-ae8a-d92383b6d20d,50461b33-9f9a-4228-b886-97556d5c9e27,98732a65-051e-4cc6-ae14-b588df8707af,1367031,2026-06-18,421,90+ Days,Vendor
b8562a52-b5fa-492c-9015-92407e6834c1,50461b33-9f9a-4228-b886-97556d5c9e27,5b367814-df78-4c0c-bdf7-76572e36b9a5,2224212,2026-06-18,588,90+ Days,Vendor
7ce0d543-d70c-40d4-b2f4-c2ee0133f183,8c766b25-11f6-4679-9612-449c89097f9b,ea8c9c3c-d2cc-4eee-8c17-323765ad2f4d,164978,2026-06-18,505,90+ Days,Vendor
403876a4-34e8-42e1-83dc-3ee5bbc8ed88,47383bf1-5796-4504-8372-bfb69d388c1d,4f4b6c2d-e698-4261-8493-7c5ac41fe233,3600,2026-06-18,608,90+ Days,Vendor
98c1f340-42ef-4663-90bb-464560ac2796,47383bf1-5796-4504-8372-bfb69d388c1d,43a2f46d-aa15-46f7-a2a7-f3699dcc9518,4000,2026-06-18,613,90+ Days,Vendor
dad71055-6eae-44dc-a529-069067f01023,47383bf1-5796-4504-8372-bfb69d388c1d,f3eddd73-c98d-4013-9f93-f946a7076c01,3150,2026-06-18,633,90+ Days,Vendor
3cc9e509-e87d-443f-a237-3b7b66c916f7,be6aebf8-8a0f-4527-a9d4-d94f09f3c93a,1a904a32-1f46-4b76-86f8-392ce92e2290,1065179,2026-06-18,282,90+ Days,Vendor
7f7d3b0c-f4bd-4e33-b609-26cac41c32ea,8dc8a425-1301-4f6d-8a6c-ccca858606d3,811e18bb-7dc3-4dfe-961d-b5a17711e595,176061,2026-06-18,493,90+ Days,Vendor
bb73c686-249d-4f6b-803b-83696819ddd2,96bdd17d-e2c7-4081-b5f4-cc9826bb78f4,45ab374e-36dc-474a-a363-5c66762f7295,2992802,2026-06-18,546,90+ Days,Vendor
26462ae6-7917-4443-9f30-6aedee22c056,96bdd17d-e2c7-4081-b5f4-cc9826bb78f4,8882e01a-d8b5-4672-b671-103e79539db6,3836178,2026-06-18,564,90+ Days,Vendor
c487d118-965b-4e93-b262-83931f9556f2,96bdd17d-e2c7-4081-b5f4-cc9826bb78f4,751174ee-2969-475f-a74e-ccd1bf78a160,3854575,2026-06-18,575,90+ Days,Vendor
9159d8a6-1add-4940-9ffe-d79d97fe8154,96bdd17d-e2c7-4081-b5f4-cc9826bb78f4,5046d387-5039-4568-92af-ffdd392f6606,2770105,2026-06-18,605,90+ Days,Vendor
0d8576dd-47a9-43f0-9eb2-50adefc8d7b1,96bdd17d-e2c7-4081-b5f4-cc9826bb78f4,469ec4b5-91fa-4910-97e4-adb87151c22c,4052963,2026-06-18,763,90+ Days,Vendor
c755f368-ccff-438d-b167-75cd9a896493,96bdd17d-e2c7-4081-b5f4-cc9826bb78f4,426fddfa-a864-4abb-bc6a-045176804c22,5752520,2026-06-18,766,90+ Days,Vendor
14705b9f-a636-4d2d-9139-70825dd3f2cd,96bdd17d-e2c7-4081-b5f4-cc9826bb78f4,b554a544-6bf2-44c0-88cd-1afa3ac88398,3265414,2026-06-18,782,90+ Days,Vendor
9ceac605-4a86-4d92-99bf-36d1bc3b62d0,a7c10a2d-24cd-4acc-85bf-9b31bbd3ebb0,9111b088-f1ff-40d5-be4d-1da6532d510c,1408427,2026-06-18,338,90+ Days,Vendor
c00edeb1-3144-41f4-b000-7b98fb023bd1,47add3de-de07-4632-97da-dd9f7292451c,88d1b78f-50ad-48e0-8fa4-29aa7a40e33e,2231745,2026-06-18,426,90+ Days,Vendor
b4faaffe-2682-45ba-98c7-69b5b2d68784,47add3de-de07-4632-97da-dd9f7292451c,0064d950-6ec4-4287-ac7a-150f6cf36f7e,2576592,2026-06-18,549,90+ Days,Vendor
2974c191-c93c-45f2-b3cd-e5f3ffd905a6,42e4e0a2-1032-469e-80f7-dfec5d41b575,f7079d20-50f0-4d84-ab51-e7ee8cca9aab,2696717,2026-06-18,695,90+ Days,Vendor
26407f49-85ff-445e-a7f2-b03e5e38c8f2,42e4e0a2-1032-469e-80f7-dfec5d41b575,105241d5-ccbf-4eee-b8b8-742d0c31b347,906028,2026-06-18,712,90+ Days,Vendor
0993d9e6-7d1c-4cd7-8ca6-b24ecbbb9722,63cee780-c0c6-47a3-bd19-c97ddf586da3,07d3d631-1fa3-437d-af6b-54de046a5ecc,1357480,2026-06-18,664,90+ Days,Vendor
ad69c895-33a0-4415-82d6-36c916393d30,63cee780-c0c6-47a3-bd19-c97ddf586da3,017c1479-792f-4386-a299-a8982d21ede7,1722131,2026-06-18,672,90+ Days,Vendor
0f04cd48-96b9-49df-a006-cd74fb022ed2,891a6418-3167-4904-acd3-770c1b6b9861,db6e046e-2759-4eeb-aa01-b3425d952d40,2606608,2026-06-18,691,90+ Days,Vendor
36e88cde-5776-48f5-9dac-36c46d666daa,63cee780-c0c6-47a3-bd19-c97ddf586da3,4378391e-c599-4f04-80cb-8c8d8d8754f2,2397171,2026-06-18,656,90+ Days,Vendor
4f4853db-de5c-4540-94e9-48061dca8ad2,50461b33-9f9a-4228-b886-97556d5c9e27,79e1b0c8-db68-452d-b42a-2d8b4b9f02ef,1226573,2026-06-18,359,90+ Days,Vendor
96cb2a9d-0b20-47a7-8793-827581983b56,50461b33-9f9a-4228-b886-97556d5c9e27,bca1ba31-4c63-43df-b794-80d66d41e865,1268743,2026-06-18,360,90+ Days,Vendor
3baf5898-1370-46a1-ab1f-a7f6a68ebacb,50461b33-9f9a-4228-b886-97556d5c9e27,9223b351-b2ca-4ea9-8eac-4676e48979eb,1381526,2026-06-18,360,90+ Days,Vendor
22250e5e-5f86-4f86-9c76-599bc410dddf,50461b33-9f9a-4228-b886-97556d5c9e27,96da2562-73fa-4cf4-82d8-c154adb8a8ba,957286,2026-06-18,360,90+ Days,Vendor
0373ba72-982d-4e1d-a636-a18820df668f,160b1813-a566-4d5b-bb60-e9a30e1372fb,1f81cf7b-2b4b-4e0f-8050-b8d54cea52d2,2462420,2026-06-18,667,90+ Days,Vendor
e4cfb8f8-9207-4f9f-ba9d-a910f1ba4971,50461b33-9f9a-4228-b886-97556d5c9e27,bd2c0c41-4342-486a-b0a3-21eff3ab043f,900899,2026-06-18,387,90+ Days,Vendor
1209c4ba-fa37-4fa0-963d-3bdc4b8d48e0,50461b33-9f9a-4228-b886-97556d5c9e27,d7660313-fec2-479e-ae72-d81609ddb59a,1109957,2026-06-18,388,90+ Days,Vendor
38629558-689a-439f-b4ce-6bb2c8db35ab,50461b33-9f9a-4228-b886-97556d5c9e27,afbccea9-f5df-4901-9d0a-2fd020d0155d,1425783,2026-06-18,367,90+ Days,Vendor
c24bf1f5-5194-44ae-9fa7-ffecb4870359,50461b33-9f9a-4228-b886-97556d5c9e27,1b5e0c7a-34ce-4b51-8e0b-0aae1336d1cc,1424326,2026-06-18,394,90+ Days,Vendor
a15acd76-8e35-4518-b366-38e495e07eb2,50461b33-9f9a-4228-b886-97556d5c9e27,baf58b48-dd90-4b51-911a-34eff1f63812,1526254,2026-06-18,397,90+ Days,Vendor
4ef362f2-f3ed-4b8c-866f-803e9722f9cb,40898e29-8b25-4043-8a89-cee44245437e,a16bfeef-fa8e-4e7a-99c0-c91a430ea792,2775398,2026-06-18,762,90+ Days,Vendor
ee8584fa-54f0-49a4-8bc3-395bc77b9fce,ee72dd0b-2a9c-4acd-9b20-433e6a327c96,6bd1e940-4fa8-4908-9352-7aafc7764349,3199763,2026-06-18,72,61-90 Days,Vendor
03c49585-ce1d-4628-bb71-34b7c991bc31,50461b33-9f9a-4228-b886-97556d5c9e27,83c33210-7621-4e2e-8c2a-28344c21508d,1277014,2026-06-18,397,90+ Days,Vendor
4bd778d0-ead4-4064-8e8f-a46a0ec2690c,50461b33-9f9a-4228-b886-97556d5c9e27,84bb9698-79e6-428e-94d3-a98c14f64b56,1542188,2026-06-18,397,90+ Days,Vendor
1a40f4a9-edc5-46a6-a6bb-cdd225951acd,50461b33-9f9a-4228-b886-97556d5c9e27,8fb49f21-4e12-46e6-80c7-ab09f77b7ab5,1268032,2026-06-18,388,90+ Days,Vendor
370a277f-5043-4a13-81bf-710e793a6d7a,50461b33-9f9a-4228-b886-97556d5c9e27,7f008b1c-2f1d-4583-84f0-fe6a6051b4f4,1354353,2026-06-18,398,90+ Days,Vendor
d23b6abd-b0b2-4250-9cc0-2e8d34e49fae,50461b33-9f9a-4228-b886-97556d5c9e27,556a4a24-e8d1-4167-bfb8-b971decbfc7a,1065795,2026-06-18,400,90+ Days,Vendor
131bd667-990f-4094-97b9-5b8aa884755b,50461b33-9f9a-4228-b886-97556d5c9e27,0f2a71a3-e085-45c5-9f31-78ee45860cd2,1236888,2026-06-18,398,90+ Days,Vendor
1241b40b-676a-4697-8278-c469049a83dd,50461b33-9f9a-4228-b886-97556d5c9e27,78743ef5-1d42-45ba-ae09-7a80767b8cf8,1278254,2026-06-18,401,90+ Days,Vendor
0918bce9-a042-4265-a3da-cbd06a9e3281,50461b33-9f9a-4228-b886-97556d5c9e27,e809d1dc-004d-4bb0-b959-8ad5a94321fc,1292638,2026-06-18,402,90+ Days,Vendor
ce860d26-e1f9-4c73-8551-339ad3b6003f,47383bf1-5796-4504-8372-bfb69d388c1d,d46f2d6d-68b9-412e-82cf-c3bf49a43020,4030,2026-06-18,641,90+ Days,Vendor
acd2f251-3397-4b2d-a148-f0dd355a3c16,50461b33-9f9a-4228-b886-97556d5c9e27,7d42739b-0fef-405b-8b14-89c250aa17d0,1215905,2026-06-18,408,90+ Days,Vendor
24b7b984-0642-4551-9b11-258dfd3d7f2f,50461b33-9f9a-4228-b886-97556d5c9e27,1b9a83de-75a9-4064-b4ba-fd2b0bb7d04a,1906762,2026-06-18,414,90+ Days,Vendor
319c4e54-a5d3-4128-85f3-3c7f58f7e18c,50461b33-9f9a-4228-b886-97556d5c9e27,5ac62583-d076-43d1-b59b-1ec9ef962e8c,1620420,2026-06-18,422,90+ Days,Vendor
b59c5f38-aba0-42ef-9034-7105e2da9a6e,50461b33-9f9a-4228-b886-97556d5c9e27,0b518be0-65d6-41bf-b4a7-af3b3be8c2a1,1554280,2026-06-18,588,90+ Days,Vendor
6d027385-fc0b-4cf3-88b2-182465f0ab8d,b21d4cc7-0760-4deb-8ee6-fba3b4884487,0288a96e-5fc7-4937-9221-740144efc3aa,2026680,2026-06-18,325,90+ Days,Vendor
cf42c507-0152-43e6-97b0-62ff3a7397c2,0cadaeab-aab5-418e-ae3f-0d303a1f2c1b,0fdf56e6-c8ca-4455-997d-0025078b6c51,476000,2026-06-18,636,90+ Days,Vendor
ff00b125-a897-4551-822b-883496e228d0,dc96db54-a1c0-4be1-81f5-c22f9594bf7d,f32df288-cac5-491c-9e2c-afae030799ee,87779,2026-06-18,120,90+ Days,Vendor
290d0a69-f35c-4496-8e70-9213152a0fb5,dc96db54-a1c0-4be1-81f5-c22f9594bf7d,c6ff6a14-3668-4b87-a27a-75eb2be3f16e,90629,2026-06-18,194,90+ Days,Vendor
1712c57a-1237-4c85-8eff-df41a5671c9b,dc96db54-a1c0-4be1-81f5-c22f9594bf7d,8f9d54c4-2f9f-487b-ab47-f6bce5f886d4,469103,2026-06-18,323,90+ Days,Vendor
14eed2d0-6b49-45a3-ba63-fa035122dbf1,dc96db54-a1c0-4be1-81f5-c22f9594bf7d,77f5ebc1-dba5-4be2-b74a-89fde6809e68,316679,2026-06-18,422,90+ Days,Vendor
48f07054-4248-41d7-8e0e-d9828d92eef5,dc96db54-a1c0-4be1-81f5-c22f9594bf7d,c7e356ed-a6a6-4a59-ab25-49ef8b2615ee,260304,2026-06-18,519,90+ Days,Vendor
001f0026-e1c4-4201-801c-e9079f22e7e5,dc96db54-a1c0-4be1-81f5-c22f9594bf7d,fb60447a-e0be-4441-81f2-993ef51e4692,10800,2026-06-18,584,90+ Days,Vendor
3b6ebf91-e2da-498e-9c1d-b84ca134b785,00ee8ba3-07e7-4438-8bc1-8247b6a45f99,6bd4d75e-1521-4f72-a302-d7754d73ad66,1394765,2026-06-18,697,90+ Days,Vendor
854373db-f422-4b28-8a52-d9864fc3ed38,f8f33b1f-87de-473a-b1b4-85908a4b3fbb,133da3ba-e7a3-43a6-819b-5ae7253c42ad,1091572,2026-06-18,434,90+ Days,Vendor
46cb6a61-991c-4d49-b0d8-556941688b81,3a41f74e-14a3-41fc-905d-3ddf1f5905d4,b22e17ae-6a75-48bf-82c6-7a4290db0c13,1235657,2026-06-18,205,90+ Days,Vendor
cae8a27c-e6f4-408f-bc59-0156848952c3,8a726be1-957b-4134-a293-2268e49a7d1a,9125d77d-9a68-47e8-bb37-57a047d11cf4,2564342,2026-06-18,698,90+ Days,Vendor
6eb953d0-8841-427c-a496-2e687b0e7184,1a55ee25-bc28-404c-9b3e-744d00cd23d6,b578b8ba-22c8-4b2a-ae22-41c935431654,688643,2026-06-18,223,90+ Days,Vendor
9826991e-34f9-4119-98ad-d92b0112eb64,40898e29-8b25-4043-8a89-cee44245437e,f57e64e6-86b5-441b-8e2b-254c9df567db,2610020,2026-06-18,750,90+ Days,Vendor
5ad1d2e1-49b0-4cba-aed8-3d5b03cceb3a,26ffd993-bc48-446b-b10d-40138f5d3c60,f534d493-85fb-4786-913c-051dd4d2d7a9,2044113,2026-06-18,422,90+ Days,Vendor
03cdf609-5a7d-4dd3-a360-71688f2468ab,b22c68cf-1d75-457c-96cb-dcb32da7712e,a9a72e77-bb44-4731-8796-0bc7b70b6423,1034732,2026-06-18,178,90+ Days,Vendor
0a8a64fd-9e79-4cd9-851b-c101c0e28ba9,3a41f74e-14a3-41fc-905d-3ddf1f5905d4,b7bfe811-bb98-4514-82e8-32c42fc0806b,1266315,2026-06-18,209,90+ Days,Vendor
f084cca8-3ee0-4132-a14f-a2f736fbd917,8a726be1-957b-4134-a293-2268e49a7d1a,fac0e1a3-2aed-4c5c-b71b-94b9b219d82d,2588828,2026-06-18,692,90+ Days,Vendor
4845d2ac-c967-43d3-a70a-2330b690ee98,1a55ee25-bc28-404c-9b3e-744d00cd23d6,2fe5ebb6-5bf1-433b-9b16-eb7a27e784ce,690450,2026-06-18,224,90+ Days,Vendor
e85868b6-cbd0-489e-8134-a5e686a7fcc7,cc525d4a-5b10-479b-a0e8-6919759f5472,6f8af521-5ce5-4a31-8a63-71c5850a8e97,63851,2026-06-18,668,90+ Days,Vendor
b8901290-7e16-47e8-95d3-fd60675bbb56,f8f33b1f-87de-473a-b1b4-85908a4b3fbb,abba7761-5c08-4edd-a345-2d116b3ca9d1,791447,2026-06-18,393,90+ Days,Vendor
cc647427-be08-478c-bfe0-fa104b63775a,3a41f74e-14a3-41fc-905d-3ddf1f5905d4,32c8521d-9011-4530-b4a3-b58be55363d8,1332877,2026-06-18,209,90+ Days,Vendor
04d28fed-9500-4ccd-bcb5-7499d227b5b5,48e6f85d-37e1-4d61-99a9-d46bdae6e031,95e598af-6ad0-4359-9941-56709132f4eb,337448,2026-06-18,351,90+ Days,Vendor
dc5b0b7e-702c-487a-b4fe-5ab5bbffaffc,dc96db54-a1c0-4be1-81f5-c22f9594bf7d,b48399d1-9224-4887-a79e-a58ff4a9f35b,63000,2026-06-18,598,90+ Days,Vendor
67f1cc7f-0d20-4337-8f4f-bd5f9db1f54c,dc96db54-a1c0-4be1-81f5-c22f9594bf7d,09d411bd-3a02-442a-b427-435baa239273,472119,2026-06-18,625,90+ Days,Vendor
0c88b7d5-efac-4749-8887-a233b1c43d74,96bdd17d-e2c7-4081-b5f4-cc9826bb78f4,71498e6d-7981-4e9b-bfa2-058c77ecc316,5747101,2026-06-18,72,61-90 Days,Vendor
35f2b17a-fe1b-497b-b377-ede9982ec1d0,dc96db54-a1c0-4be1-81f5-c22f9594bf7d,3cafd92f-d979-46eb-b292-a8c7f93251f8,89432,2026-06-18,149,90+ Days,Vendor
4810b069-b8a3-420b-89f3-d519a7298132,0cadaeab-aab5-418e-ae3f-0d303a1f2c1b,36413357-3784-4938-85df-2c527eddeb35,906000,2026-06-18,483,90+ Days,Vendor
6abbb025-8be7-4502-8b2a-1aacbb762ea4,0cadaeab-aab5-418e-ae3f-0d303a1f2c1b,4cef2181-aa1c-461e-bc49-ae600c73dcfb,972440,2026-06-18,485,90+ Days,Vendor
1b3f61ad-e572-4d9d-a114-a64676aa7ecd,dc96db54-a1c0-4be1-81f5-c22f9594bf7d,ea96607c-bd86-4fc5-99db-ebf67d248d29,135431,2026-06-18,133,90+ Days,Vendor
e0d3eb4f-a817-4ed9-a991-cc0eddd62348,b21d4cc7-0760-4deb-8ee6-fba3b4884487,7f5f6372-f740-4d9f-96ca-89ae1112a44f,2697551,2026-06-18,300,90+ Days,Vendor
57d5742f-f19f-426c-a717-9eda9f689794,dc96db54-a1c0-4be1-81f5-c22f9594bf7d,89160888-53a9-48c2-a17a-3f979036e984,65264,2026-06-18,140,90+ Days,Vendor
8cc80ae4-ee91-40d3-bb1a-73379df6267d,51332947-ad36-4289-b3a3-d4f7943bffb8,c9988221-2d1a-4d74-80fb-cdd203ea1415,999225,2026-06-18,702,90+ Days,Vendor
4fcfaba1-4b58-4b9d-8197-710639232793,dc96db54-a1c0-4be1-81f5-c22f9594bf7d,4fb0589c-2c8e-4c69-8367-39e044aea266,14705,2026-06-18,124,90+ Days,Vendor
b8ee500d-6507-48f6-ba06-a938b2ffe009,dc96db54-a1c0-4be1-81f5-c22f9594bf7d,6b1d4c9d-042a-42bf-8c40-e78ae652d6f1,24680,2026-06-18,150,90+ Days,Vendor
5e1965ba-f73a-45ce-9807-e754f3ba2a58,dc96db54-a1c0-4be1-81f5-c22f9594bf7d,886329a5-e2ca-43c1-b65e-e04906db850f,236929,2026-06-18,456,90+ Days,Vendor
023a8e43-db47-4596-a1dd-67ea0edadee5,dc96db54-a1c0-4be1-81f5-c22f9594bf7d,f00f9b78-fbae-4e3b-9bf6-f4d75423f4f9,510863,2026-06-18,490,90+ Days,Vendor
0a0bb414-f8d4-44e4-8d95-9b911af65425,dc96db54-a1c0-4be1-81f5-c22f9594bf7d,ec033c61-9dd8-4ade-9c15-83526ca3af7e,36000,2026-06-18,576,90+ Days,Vendor
cb4cbdba-a790-4efa-ba4c-7a80a3908f9f,dc96db54-a1c0-4be1-81f5-c22f9594bf7d,fe39074e-567f-48ec-9812-e012596b899e,476463,2026-06-18,412,90+ Days,Vendor
0efb6700-f6b7-4c25-8f13-88d9e4bd87fb,dc96db54-a1c0-4be1-81f5-c22f9594bf7d,8fa9f5f6-2dff-4aff-bf22-f2aa4636f293,516837,2026-06-18,465,90+ Days,Vendor
fec7464a-8818-4b30-b6f6-3766f8780afa,dc96db54-a1c0-4be1-81f5-c22f9594bf7d,5009e419-0725-41f6-9c86-3b6e286d83d5,467363,2026-06-18,523,90+ Days,Vendor
ddefd5e8-bbd7-499c-8c31-2fe9845cea68,b22c68cf-1d75-457c-96cb-dcb32da7712e,7b4eee4a-39c9-4338-9fec-316f1afdc1cb,1042438,2026-06-18,171,90+ Days,Vendor
3ce03747-8369-42f8-b715-cbf1557cdc85,dc96db54-a1c0-4be1-81f5-c22f9594bf7d,012da1fc-58ed-4883-bfb3-0e5fd0880859,21749,2026-06-18,511,90+ Days,Vendor
a8aab488-4452-43d2-938f-d41de16829aa,dc96db54-a1c0-4be1-81f5-c22f9594bf7d,340fe997-0584-45e3-863b-276df848b94e,197084,2026-06-18,509,90+ Days,Vendor
a149be6d-9478-44bb-97f6-57af83825b57,dc96db54-a1c0-4be1-81f5-c22f9594bf7d,90a6bcdb-97c0-4338-ac33-7f88e66af497,394400,2026-06-18,541,90+ Days,Vendor
75fe9a0a-e981-4524-98db-4ffd5515e191,dc96db54-a1c0-4be1-81f5-c22f9594bf7d,9820ef57-5c49-4e4e-882d-74be1795a4a0,45414,2026-06-18,542,90+ Days,Vendor
b2a7e385-62c7-4072-a4b6-1e269f1795b8,dc96db54-a1c0-4be1-81f5-c22f9594bf7d,017cda53-2dbf-4333-9aff-9507ef5b8b95,83925,2026-06-18,489,90+ Days,Vendor
b5b37153-8372-4319-b962-ab22f32454e2,dc96db54-a1c0-4be1-81f5-c22f9594bf7d,546fefa5-f6c2-451b-b56e-728deee19fea,100919,2026-06-18,416,90+ Days,Vendor
b7224bc2-dd28-49e8-aa8c-0bd7db8b325d,dc96db54-a1c0-4be1-81f5-c22f9594bf7d,f99a9c7a-19b8-45d8-a117-1db12a96655f,26969,2026-06-18,492,90+ Days,Vendor
823746c6-7106-4eb9-9606-3a74382fec04,dc96db54-a1c0-4be1-81f5-c22f9594bf7d,4f8450c9-421d-4a2b-9250-3495793428f0,414284,2026-06-18,553,90+ Days,Vendor
f411158f-b40a-4ae7-aa6a-de77245fde8f,dc96db54-a1c0-4be1-81f5-c22f9594bf7d,b3a4175f-2ec9-4314-aece-bb46809a92e3,43575,2026-06-18,545,90+ Days,Vendor
056b2da9-681f-495b-8286-b446251ad25d,dc96db54-a1c0-4be1-81f5-c22f9594bf7d,44a56f08-9bde-45d9-8ec3-d9c7d8f98e6c,201320,2026-06-18,583,90+ Days,Vendor
c8ae0a3e-1fcb-484e-bb7d-1bbf459185d0,dc96db54-a1c0-4be1-81f5-c22f9594bf7d,24df504a-79b0-40be-b0e9-fb82eb00515f,8932,2026-06-18,400,90+ Days,Vendor
009e321d-6a30-4b61-a990-71f0a66feae4,dc96db54-a1c0-4be1-81f5-c22f9594bf7d,ceaa4554-2669-44e9-9704-bd0cabe096a0,30240,2026-06-18,581,90+ Days,Vendor
cedc201a-6d9f-4ad4-881d-a4595043f83c,dc96db54-a1c0-4be1-81f5-c22f9594bf7d,9d3f5f0d-6c85-4e01-8d06-1971cf16652e,57651,2026-06-18,409,90+ Days,Vendor
4a45f885-4094-4d62-8794-73d0ae228da7,dc96db54-a1c0-4be1-81f5-c22f9594bf7d,fbca8b31-906c-4d66-81d7-1703c70a0e5a,384408,2026-06-18,547,90+ Days,Vendor
d51c03d4-1799-43e9-a273-f118f62615bc,dc96db54-a1c0-4be1-81f5-c22f9594bf7d,d3d512a2-ee7f-4514-84cb-6ba57ce34f04,11195,2026-06-18,541,90+ Days,Vendor
f20b6334-ae1f-4ba1-8934-0f02dc5edd66,00ee8ba3-07e7-4438-8bc1-8247b6a45f99,9f89d310-6b33-44a1-a2b9-a842bd07ee46,1387711,2026-06-18,489,90+ Days,Vendor
d3dc8b5a-9ccc-4f48-800c-0758891d33f3,dc96db54-a1c0-4be1-81f5-c22f9594bf7d,6df60efa-ec1f-4e30-9007-a9f567e3d8ca,190000,2026-06-18,570,90+ Days,Vendor
2daf7671-1c0f-42d8-8459-4f590cc34fca,dc96db54-a1c0-4be1-81f5-c22f9594bf7d,38c071f6-2099-4e4c-bfbe-ff9a7a145360,408270,2026-06-18,584,90+ Days,Vendor
e2f50a23-ff8f-4ff1-bc26-371c064ff631,00ee8ba3-07e7-4438-8bc1-8247b6a45f99,b0040508-6182-4765-9518-a4ae2708c6e1,762195,2026-06-18,397,90+ Days,Vendor
2ee09ff5-6bf2-40dd-9445-6217d7cac6e3,00ee8ba3-07e7-4438-8bc1-8247b6a45f99,04c43732-3074-4b31-9a37-6a9415a33832,1252195,2026-06-18,414,90+ Days,Vendor
1a9dfc9e-d61a-4f39-a692-13a237bf5d0a,dc96db54-a1c0-4be1-81f5-c22f9594bf7d,ea2d09c8-371f-4bd4-9c80-e4baf53b7c0c,18000,2026-06-18,579,90+ Days,Vendor
9bfbf86f-c72a-44d3-8130-faf26e657378,00ee8ba3-07e7-4438-8bc1-8247b6a45f99,016b42c0-1bb5-46d2-9b41-760f8a37a4e7,2522838,2026-06-18,694,90+ Days,Vendor
da3e6da2-db37-4b3a-b132-36436d9103f2,dc96db54-a1c0-4be1-81f5-c22f9594bf7d,50f3ca1b-eade-4438-9076-5acafffee132,168489,2026-06-18,404,90+ Days,Vendor
74c1d68b-ac27-4fce-9f9a-4a2d0e7750e1,00ee8ba3-07e7-4438-8bc1-8247b6a45f99,3063ca8a-d04c-4a07-b61f-da6076f0712d,2337525,2026-06-18,693,90+ Days,Vendor
6d21ac42-4b7e-463d-9b39-3d0499a9abbb,00ee8ba3-07e7-4438-8bc1-8247b6a45f99,95a61e5f-b2b9-46be-b663-3c6d600a62fa,1711349,2026-06-18,709,90+ Days,Vendor
868711a2-1a82-4b59-a7fd-8bbd64528466,dc96db54-a1c0-4be1-81f5-c22f9594bf7d,61508fda-dcb0-42ff-a7cb-33b4ea23e91e,46483,2026-06-18,418,90+ Days,Vendor
59870f59-1c95-4a04-a283-0c601edf3f2f,00ee8ba3-07e7-4438-8bc1-8247b6a45f99,573e51b7-3363-4145-b0ec-281d7097d005,1084492,2026-06-18,415,90+ Days,Vendor
ec6faace-837a-481a-b474-e9f3085cb552,dc96db54-a1c0-4be1-81f5-c22f9594bf7d,1e0faeb4-716d-4e7a-8727-d80af0e4100f,195053,2026-06-18,362,90+ Days,Vendor
7da0ddc9-1c08-4d2d-8829-883e059baf35,50461b33-9f9a-4228-b886-97556d5c9e27,277e8bb4-bb74-4aa2-9acf-dc250e3e2159,1441190,2026-06-18,402,90+ Days,Vendor
d776ef79-c6f4-4c04-8aaa-415004708acc,50461b33-9f9a-4228-b886-97556d5c9e27,657caebf-7345-4f4c-bc87-433a9dee8da0,740834,2026-06-18,408,90+ Days,Vendor
7d92856d-e0f4-4ff1-a577-bacc24b93811,50461b33-9f9a-4228-b886-97556d5c9e27,883c2f3d-a2cb-4779-9a89-fb65128b3597,1642970,2026-06-18,415,90+ Days,Vendor
9b4ba7d6-80be-40fe-b637-9e544bbc3ece,50461b33-9f9a-4228-b886-97556d5c9e27,e3ad4ccd-8eda-4ddf-b0e6-a8b1dc358056,1390945,2026-06-18,425,90+ Days,Vendor
c085a037-c7a3-4901-a317-b9db75115e91,b21d4cc7-0760-4deb-8ee6-fba3b4884487,fe5a2d4b-efc4-4af8-9061-a9c66f778d51,3478962,2026-06-18,363,90+ Days,Vendor
a185e0c0-0015-48c9-94bb-b8c666070d8f,dc96db54-a1c0-4be1-81f5-c22f9594bf7d,aca036ad-a061-4f00-8641-4cd25e3b248a,88948,2026-06-18,72,61-90 Days,Vendor
150ae8f3-b14d-48b0-b11e-7a68e61a0d8a,b2870852-b36e-4a96-8048-b6adeb597deb,552d26d4-6d0d-4331-9bcb-c51142391022,2162147,2026-06-18,341,90+ Days,Vendor
ed925008-03d1-4b4c-8f33-9688803cf19a,b2870852-b36e-4a96-8048-b6adeb597deb,14948a2a-deb2-4af9-8a8e-5df9f7d527f6,2894568,2026-06-18,549,90+ Days,Vendor
278d9979-b895-4b3b-b25a-dd33c816e926,ee72dd0b-2a9c-4acd-9b20-433e6a327c96,990218f2-e248-451b-8b35-32c80cdf4c14,1791475,2026-06-18,518,90+ Days,Vendor
06ebd59d-f028-43f2-ab85-5497c00da54f,3a41f74e-14a3-41fc-905d-3ddf1f5905d4,eaa53d49-7090-414d-83f6-3a0367aa389c,1276490,2026-06-18,216,90+ Days,Vendor
9924f893-a85a-4400-89c3-eae3df030fef,ee72dd0b-2a9c-4acd-9b20-433e6a327c96,74b35dcb-af76-40fd-9b2f-6e21da7aa169,2193125,2026-06-18,476,90+ Days,Vendor
dc1ad6a3-5425-451f-9027-60a91a87586e,dc96db54-a1c0-4be1-81f5-c22f9594bf7d,41aeba07-1b02-4a21-b1af-ab20e9e60668,48165,2026-06-18,72,61-90 Days,Vendor
8a781621-7086-440a-8f00-40720bf88be1,dc96db54-a1c0-4be1-81f5-c22f9594bf7d,9f994513-8699-4c68-91d7-653617754910,27815,2026-06-18,237,90+ Days,Vendor
4a2c2e6a-55ec-4395-9226-d17061443a91,00ee8ba3-07e7-4438-8bc1-8247b6a45f99,52f721e1-4430-4a0b-8f7d-56a22a1ea95d,1158000,2026-06-18,589,90+ Days,Vendor
71ec229e-f434-4f6d-9a19-ee0e5bfe5463,24637f48-aff9-4615-8eb2-fa8dddc59fa8,7d9695e1-de0c-46bd-9be9-fa0ce3414c43,2665600,2026-06-18,506,90+ Days,Vendor
cb70141a-bbc2-47dd-b165-a5c5711ab4d4,3769e41b-9c60-4886-9461-5e969cfbc8d3,3b30023a-ab60-4f69-94f2-cd9b526e5361,2288839,2026-06-18,315,90+ Days,Vendor
5e8c38af-92de-4d46-8fb5-bd5d2e835bb3,2e69bee6-0a5e-4633-9868-0caa1e2b1626,670c2f40-05eb-4e85-8dde-1f1f58a1094f,2335615,2026-06-18,427,90+ Days,Vendor
94050410-f453-421f-af21-8e8e7c20c445,3769e41b-9c60-4886-9461-5e969cfbc8d3,cf4e75d1-c193-43bc-9fa5-edafafcfcf74,2628780,2026-06-18,582,90+ Days,Vendor
5edb8002-a813-4aff-a44a-98a0fd31d8e5,24637f48-aff9-4615-8eb2-fa8dddc59fa8,1dedc79f-d910-4a74-a0e8-7d6e97950220,2668930,2026-06-18,481,90+ Days,Vendor
f4443f76-84a0-42a0-8fda-b8c7f5e708dd,a84bde39-f20e-4d72-83ff-a7e13653e474,6f2efadf-0a38-4891-925d-6e2bee9f0c5c,109887,2026-06-18,507,90+ Days,Vendor
53a1d2ce-90c6-4933-bc25-c21f75229069,53c5d520-017f-4de2-9f60-f608b74bc9e5,05b981b7-50c9-483d-8f09-af283aa8732e,1532654,2026-06-18,694,90+ Days,Vendor
93c43e66-ed7e-4a53-bc35-e86e2a9c921e,a84bde39-f20e-4d72-83ff-a7e13653e474,032f9f94-73d9-40bb-934a-bc103b0fc367,116840,2026-06-18,576,90+ Days,Vendor
049b7ab1-ad78-4b17-83c1-4fa54e131e0c,ee72dd0b-2a9c-4acd-9b20-433e6a327c96,b8425903-d90b-4188-82ce-a3a2b2604448,2987625,2026-06-18,140,90+ Days,Vendor
992f6e28-b908-431f-8d8c-f27d3edbb79f,40898e29-8b25-4043-8a89-cee44245437e,b877d87e-93fd-4aca-9c01-389b5f5a9532,2739600,2026-06-18,472,90+ Days,Vendor
f026b996-d4e9-4f7f-a171-47c3692a4c61,2f16462b-aa4d-49ee-a9ec-eab4a0f517ed,1eb63caf-5666-49ba-bff3-8b30efd44227,1848896,2026-06-18,598,90+ Days,Vendor
9f02db14-adb4-4e1e-8744-df9763a3bb3f,3a41f74e-14a3-41fc-905d-3ddf1f5905d4,cfe9ba79-837f-469a-b807-8612c766ebc3,1328402,2026-06-18,164,90+ Days,Vendor
ca3399e4-fed7-4307-8377-82623fd1393f,a84bde39-f20e-4d72-83ff-a7e13653e474,ac12de66-46e5-44a1-a5a4-56231c8bb8fb,114375,2026-06-18,580,90+ Days,Vendor
c406a9eb-e0c1-4a03-983d-5bd9b746e2ae,15f40fee-6b04-4426-804b-1f6054b71136,d7ed2f2f-08b7-4698-9ea5-3ada7d758a50,17423,2026-06-18,432,90+ Days,Vendor
966a7f7c-76b9-44bd-b54e-fdd31227f7c5,ee72dd0b-2a9c-4acd-9b20-433e6a327c96,1f3b81f1-68f6-4104-9bfd-aa591f1b09b9,2807625,2026-06-18,134,90+ Days,Vendor
51269ed7-b29e-4457-ba0d-68eaca63dcc0,2f16462b-aa4d-49ee-a9ec-eab4a0f517ed,143abefa-aba3-4daa-9ced-12328a67b386,2213011,2026-06-18,659,90+ Days,Vendor
56b83326-9c02-482d-9240-3015e809716b,16b88b42-9f90-4117-8ff1-1eaa41757a3f,008fd095-b0f6-4f03-9243-c72d3f766be7,2194958,2026-06-18,722,90+ Days,Vendor
e4d2573d-9445-4f81-a9d1-25afd7d4c140,f44a0530-a9a7-44dc-a935-1788e1ed642f,0e6a99a0-95c7-4bc9-a456-59616d1e7585,2750213,2026-06-18,265,90+ Days,Vendor
e6100166-00a9-459c-a8c1-e04b99ea073d,e71f9baf-f878-4b03-a43a-a737af2adeee,60724614-2698-4cc3-817a-52d1b5314c57,2439142,2026-06-18,533,90+ Days,Vendor
2d50cc07-cd1c-4913-bd7d-d0a3864d4336,16b88b42-9f90-4117-8ff1-1eaa41757a3f,85f88af1-7045-47f5-a8ce-112f1419668b,1994055,2026-06-18,398,90+ Days,Vendor
bc160092-05cb-459a-8300-5f7a20aef66b,3769e41b-9c60-4886-9461-5e969cfbc8d3,afb87051-160e-4174-b8ad-6f92a1b330aa,2375372,2026-06-18,583,90+ Days,Vendor
ee84f07d-6668-4438-937b-8cde115796a9,3c61dcc1-cbd1-4594-9879-2b7ca831edfa,e4cf4a53-efde-42fc-8de4-9ead15e90bc7,2463104,2026-06-18,611,90+ Days,Vendor
0d23d696-564d-470e-a0ff-a3cd6fdcdd48,3c61dcc1-cbd1-4594-9879-2b7ca831edfa,d3ccb502-12af-4523-913a-8d8f0ccebe6e,2942997,2026-06-18,556,90+ Days,Vendor
ad9ae458-c2e2-499e-ac25-8a4d3a1191c5,3c61dcc1-cbd1-4594-9879-2b7ca831edfa,e7d4745b-8dc5-46c7-835a-73ab1b62ff01,2406902,2026-06-18,483,90+ Days,Vendor
6375ad37-d86f-4d5a-901d-7bf9fa025a9f,e71f9baf-f878-4b03-a43a-a737af2adeee,c707a46a-26dd-4f12-a168-5ca10a79eb7f,2531329,2026-06-18,533,90+ Days,Vendor
99ffcf25-8d84-436c-91cc-da15a13baa4c,94ed13a8-1a93-4101-8a11-c34f663c5845,5484638f-0a4d-4f15-bf51-3118b771a709,2634927,2026-06-18,513,90+ Days,Vendor
ff8e8648-9291-4bbf-a495-130691af3a6d,2e69bee6-0a5e-4633-9868-0caa1e2b1626,5ca3d152-a8ab-4483-b5ed-f7f461ec1581,272365,2026-06-18,498,90+ Days,Vendor
a8426be8-5523-4f37-ae0a-1c7bc3da4a72,771fe071-7c7d-4cdc-9195-1f3bb593d2de,ed814b8e-5a56-41f3-ac00-fe10d0465276,1652909,2026-06-18,656,90+ Days,Vendor
4a4d8a10-26c0-49f8-a2b7-9453de28137d,06e4b9f2-514a-4ff3-8020-1af567d2183b,2bca6f46-e57f-420f-92ce-7347a29a9bbd,1431387,2026-06-18,660,90+ Days,Vendor
7bafa124-4cfa-431b-9dc8-20c9aa1ca1c8,f44a0530-a9a7-44dc-a935-1788e1ed642f,908a992e-cc5c-4581-bb8e-ecdb93183ce1,2750213,2026-06-18,265,90+ Days,Vendor
17accae3-995a-46ac-8992-2dbba0ccb2c6,3769e41b-9c60-4886-9461-5e969cfbc8d3,400e0a10-0222-43ae-83c5-0b3faeb14651,2973943,2026-06-18,715,90+ Days,Vendor
db9a8444-f32e-4bd9-843f-21fe4384efe4,3e712b36-d74e-4eeb-9dc1-d51ddf89de8f,55dba665-5738-4fbf-aabd-cd088b7171a1,38220,2026-06-18,367,90+ Days,Vendor
b504fb0a-f87c-4e59-b9ed-e34a271d9a52,3e712b36-d74e-4eeb-9dc1-d51ddf89de8f,249a7191-a0f8-4b9a-a532-d304f3e72a60,166732,2026-06-18,238,90+ Days,Vendor
a36be79f-4a76-410a-91cb-56adafcdb825,3e712b36-d74e-4eeb-9dc1-d51ddf89de8f,db60effd-ea24-4074-a0c9-3ec3efaf25b9,103547,2026-06-18,371,90+ Days,Vendor
8d0fd4ae-69b8-4413-aa2c-ddce072226d0,b22c68cf-1d75-457c-96cb-dcb32da7712e,bb104f2d-7509-4b9b-bed6-a93857645dcc,2964909,2026-06-18,210,90+ Days,Vendor
b6ab79c1-d6a4-4370-93ea-4a7e59dea584,3769e41b-9c60-4886-9461-5e969cfbc8d3,695b8c6c-a09b-45b0-a9b5-644cd59ce278,2260742,2026-06-18,413,90+ Days,Vendor
1a3fa23b-228e-43d2-a4e8-07867ed2b33c,b22c68cf-1d75-457c-96cb-dcb32da7712e,0136ec23-d3ad-44f4-84f0-c1787df22e84,1812705,2026-06-18,273,90+ Days,Vendor
824070f6-8c4e-4a90-a76a-9a0f88d46849,3769e41b-9c60-4886-9461-5e969cfbc8d3,029fcf21-8e82-4790-ab5e-8bbd72f2f058,2430180,2026-06-18,323,90+ Days,Vendor
d8a0ef1e-ea7e-4c12-b91e-9a49eb41e61a,3c61dcc1-cbd1-4594-9879-2b7ca831edfa,d1de072b-74c1-437b-8e31-c4cdb622cded,1953003,2026-06-18,364,90+ Days,Vendor
de14fd36-bdec-4499-ae39-2b1ca4e9b29b,1a55ee25-bc28-404c-9b3e-744d00cd23d6,3cbb8b44-2523-4605-b3b9-5dada199a210,690098,2026-06-18,225,90+ Days,Vendor
98f4f543-a707-4bed-94a9-03cc98064514,ee72dd0b-2a9c-4acd-9b20-433e6a327c96,6e0a366f-1c11-4fe5-a42b-f2c170bb6eed,4096500,2026-06-18,145,90+ Days,Vendor
8b67dd65-1791-41f5-9970-03a2164f19bf,831be7e0-3cb9-492d-9bc6-2df6548e5db2,b9fd7c50-89d6-44c4-806a-0d47fe34eaed,510125,2026-06-18,393,90+ Days,Vendor
0602210d-98ea-46f5-b551-79883de11fe5,ee72dd0b-2a9c-4acd-9b20-433e6a327c96,4d9f5e4a-3be6-41ae-9754-dcfc919bd39e,1275375,2026-06-18,122,90+ Days,Vendor
fed0f1c0-6ab2-4865-aa00-fb716d10f6af,ee72dd0b-2a9c-4acd-9b20-433e6a327c96,ea2dfb68-e771-4b7d-9ee2-6c7ad1c19e79,1798875,2026-06-18,147,90+ Days,Vendor
7b5004d2-2e6c-4c01-9273-ddf19460435a,ee72dd0b-2a9c-4acd-9b20-433e6a327c96,625c2238-5f43-48f5-8036-f10fcdb19b8c,1200600,2026-06-18,478,90+ Days,Vendor
f712472d-1e09-4667-a9e1-8ddbda26db73,ee72dd0b-2a9c-4acd-9b20-433e6a327c96,96b15349-f76f-4e00-bb5c-9e3efcce0f95,2551275,2026-06-18,514,90+ Days,Vendor
f369946d-7dcb-4c8b-8488-f3a7e332fa50,ee72dd0b-2a9c-4acd-9b20-433e6a327c96,d1bc0257-eb79-4ddb-a8b0-9c5049049dbb,2350500,2026-06-18,153,90+ Days,Vendor
91122f3a-b7ea-42fc-91d0-ad4c88628a34,ee72dd0b-2a9c-4acd-9b20-433e6a327c96,e52bb148-5ad4-4de8-adb4-4b84fb241d42,1904575,2026-06-18,478,90+ Days,Vendor
69ee70f3-dbd3-42ef-a510-decaa5730912,ee72dd0b-2a9c-4acd-9b20-433e6a327c96,d217eb94-253d-48f6-b0a0-6983f8533295,4692000,2026-06-18,131,90+ Days,Vendor
b76ed7bb-9dc1-4cc8-bca0-8d6e134b13cd,40898e29-8b25-4043-8a89-cee44245437e,aa9ad26f-0cd3-4a1e-affc-245e1390a58c,3401372,2026-06-18,234,90+ Days,Vendor
12661ebc-4a51-4c9c-8599-ba868b36a839,c33af545-a022-4ad0-8185-d5e2727ca60d,a67ee741-a0db-4502-b329-262cf81f487a,2509377,2026-06-18,545,90+ Days,Vendor
2b793bf1-9757-4105-88b8-4b345c8fb43a,40898e29-8b25-4043-8a89-cee44245437e,f1d6e876-3d19-407c-847a-e902cc8e86cc,2715673,2026-06-18,641,90+ Days,Vendor
d4bfa7b0-3ca3-4fb9-ac86-7729d384a33f,40898e29-8b25-4043-8a89-cee44245437e,0aeddbed-65dd-4b1e-9167-aa0298160f1c,2539694,2026-06-18,693,90+ Days,Vendor
b673d575-8437-4dd4-9636-806033feee73,40898e29-8b25-4043-8a89-cee44245437e,b722a596-b892-418b-b263-00a08f03a522,2244266,2026-06-18,334,90+ Days,Vendor
c3eb3146-c0cd-4ebf-b16c-2692c7506d36,a812aae0-4823-4af3-868c-36fe1abf4898,3a4f4123-406b-437e-89d4-6d2ebda893ca,2616164,2026-06-18,610,90+ Days,Vendor
c709d877-412a-4576-8bf9-6630c6b0354c,ccb49d47-ef18-415e-84ff-5119d836592b,c4b06e95-9e06-4403-aba6-84d14ba074a3,562745,2026-06-18,692,90+ Days,Vendor
39b03787-3deb-419a-86e2-f0404e6e4025,2f16462b-aa4d-49ee-a9ec-eab4a0f517ed,9407c0f5-07eb-4fb0-b786-ca3420c38120,2409264,2026-06-18,661,90+ Days,Vendor
ebbfe05c-d9a9-4bd5-b77b-79382bef401f,9b59c432-8c51-4711-add6-e758552bafc3,badb3ec2-ab41-4aa8-8a5d-d122922cc03c,2553922,2026-06-18,632,90+ Days,Vendor
7cf46b9e-4b4d-4698-be7c-215809860923,f44a0530-a9a7-44dc-a935-1788e1ed642f,b6729240-594d-4fdd-82fc-ee1391379315,2684700,2026-06-18,269,90+ Days,Vendor
34b8c451-9aed-44ef-a805-e02f472756ad,2f16462b-aa4d-49ee-a9ec-eab4a0f517ed,22b0be01-814d-4667-a8e4-2921fa76dd14,2455453,2026-06-18,602,90+ Days,Vendor
4b59416e-8ba2-4ff3-8165-42f3f36f96f1,f44a0530-a9a7-44dc-a935-1788e1ed642f,2be3fc5f-dc18-419f-86a6-1e8348e5691c,2726486,2026-06-18,269,90+ Days,Vendor
51804810-c7d7-4bf7-9e67-dd1f3ef5101f,fa2c1a2b-c483-45f3-92c5-0e24f18c9353,a0aab3ec-c6cd-4d4e-b7a6-fbde9354d9aa,2032079,2026-06-18,322,90+ Days,Vendor
bb88d407-76f6-4087-be1d-e9b50332b428,2f16462b-aa4d-49ee-a9ec-eab4a0f517ed,ff5579de-3762-4bc2-9418-212a98966fbe,2161136,2026-06-18,657,90+ Days,Vendor
ee50efea-9bb4-4f2b-8893-2ad9e2e8770d,53c5d520-017f-4de2-9f60-f608b74bc9e5,8a68ae25-7f22-4674-8b3f-7197c0d1f2eb,1617134,2026-06-18,694,90+ Days,Vendor
ca96fa18-1c4a-40e7-b35e-0d4a3b89c4ea,3c61dcc1-cbd1-4594-9879-2b7ca831edfa,2082679d-4cc3-42e8-a15b-3b44bb0be741,2590860,2026-06-18,514,90+ Days,Vendor
8d0ae07b-5985-4e79-980a-220c4781a542,94ed13a8-1a93-4101-8a11-c34f663c5845,d6b23d51-1d61-4f85-a257-4ca3ea45e4cc,2793853,2026-06-18,533,90+ Days,Vendor
2e922301-3c4a-4cb4-bd1b-4b4a795125a2,3c61dcc1-cbd1-4594-9879-2b7ca831edfa,12aa54dd-dd08-40c9-8365-d9380b89d9e6,2767101,2026-06-18,549,90+ Days,Vendor
de39bac9-8f2b-45a8-858c-f1c2cd93b726,a84bde39-f20e-4d72-83ff-a7e13653e474,91331921-7028-428f-85fd-c0b7a65bbd4d,246030,2026-06-18,510,90+ Days,Vendor
24188d59-bf95-4543-8661-1a40235cd1d7,a84bde39-f20e-4d72-83ff-a7e13653e474,88d0f7de-1d3c-4ac2-b2d3-2cc58225e61f,118806,2026-06-18,569,90+ Days,Vendor
ecea883a-7856-4e54-afec-8314382d58d5,2e69bee6-0a5e-4633-9868-0caa1e2b1626,c3c3c1bb-b07e-45a9-8500-1f19faf0c495,2371517,2026-06-18,502,90+ Days,Vendor
f07d13ab-e9d1-4948-ab91-860699e4f589,a84bde39-f20e-4d72-83ff-a7e13653e474,61a88787-102c-4fce-8614-504722f18f80,119925,2026-06-18,580,90+ Days,Vendor
d05edef9-532c-446c-b992-ab41819d962e,16b88b42-9f90-4117-8ff1-1eaa41757a3f,70c7c5c9-fb12-4e1b-8805-dede0d9ebdab,2187780,2026-06-18,722,90+ Days,Vendor
19eebb42-2b66-4832-8cf2-bbc0c71b04a3,fbe81db5-cfc5-4e8c-a51f-4742fbc59426,8dcbf33c-b16e-4e6c-9e0b-22680d1298a9,221051,2026-06-18,402,90+ Days,Vendor
e3292450-5956-4520-9d30-2f0902512db3,16b88b42-9f90-4117-8ff1-1eaa41757a3f,3906e51b-0e6f-4de5-b495-bcc78fab2c0f,1212709,2026-06-18,332,90+ Days,Vendor
7883bd8e-817c-4de2-a741-a9a2f84016fb,16b88b42-9f90-4117-8ff1-1eaa41757a3f,6ee1c82b-3778-4a1f-836b-e45f37c840b4,3120400,2026-06-18,764,90+ Days,Vendor
8eb13fca-cc0d-4f58-a1aa-5d61cf4228a4,3e712b36-d74e-4eeb-9dc1-d51ddf89de8f,6afd0b4b-f906-4a15-821d-f9cd51dbffdb,101425,2026-06-18,366,90+ Days,Vendor
5fe37b68-19fb-40f7-af05-8e21ecf4913d,3493427d-c901-4415-b6ee-e7d0316f9480,d02a3633-4b0a-4956-a333-4dd327858e22,1612500,2026-06-18,134,90+ Days,Vendor
7ccf42ab-7307-4565-b779-374419254b1f,3769e41b-9c60-4886-9461-5e969cfbc8d3,d6ced52e-ac93-4995-8629-51d053b2c903,1102234,2026-06-18,638,90+ Days,Vendor
cf5b3443-99fc-466b-a359-afcf0a73ac24,3769e41b-9c60-4886-9461-5e969cfbc8d3,fbf6b9d0-2174-4fb8-b324-4ef416d15449,1173740,2026-06-18,397,90+ Days,Vendor
973ea39e-8125-4aa9-8e1d-512adadfe8aa,ee72dd0b-2a9c-4acd-9b20-433e6a327c96,d7943ecb-8214-4c1f-b1e8-e6ac47a45423,2631750,2026-06-18,117,90+ Days,Vendor
ccc283c7-684a-4228-a23b-1d33a4d56f03,771fe071-7c7d-4cdc-9195-1f3bb593d2de,96066d5a-acea-4464-9408-ba191fb2ea1a,4097550,2026-06-18,718,90+ Days,Vendor
5dd7cc20-feb7-404d-b240-be7a23e6b3c0,ee72dd0b-2a9c-4acd-9b20-433e6a327c96,cb49c59a-ea12-4585-b41f-50a76d86ed0b,2025375,2026-06-18,122,90+ Days,Vendor
97fae0c8-89ca-43fb-a6a6-8d2da8aa634c,ee72dd0b-2a9c-4acd-9b20-433e6a327c96,b1cd8130-0ac5-49ef-8f8d-fcda5a608716,2250000,2026-06-18,122,90+ Days,Vendor
c133bd2a-9282-4eec-8784-f59729dccbba,c33af545-a022-4ad0-8185-d5e2727ca60d,cdbee5eb-7d0b-4520-8f4a-c4f0432c6fc2,2716285,2026-06-18,489,90+ Days,Vendor
fe7c626f-3d27-451d-b51a-b3f6f837e4ed,ee72dd0b-2a9c-4acd-9b20-433e6a327c96,3f02338d-4552-4fb7-a1bb-90a253b81064,2099250,2026-06-18,143,90+ Days,Vendor
24846146-b589-4d4f-a242-5e22ad169ac3,40898e29-8b25-4043-8a89-cee44245437e,ef434a52-bdfc-4606-9502-3d7751cb1847,2628529,2026-06-18,608,90+ Days,Vendor
cb8326f8-abda-47e4-b02a-4d086aadfa4e,40898e29-8b25-4043-8a89-cee44245437e,ebf10f1c-41d5-4093-a5e5-de3c8aa5f47b,3383508,2026-06-18,234,90+ Days,Vendor
9e69e2da-6a24-4799-b2f5-bdfeeb0e52cf,40898e29-8b25-4043-8a89-cee44245437e,20127dfe-5243-4b11-829f-1f12e240d049,2416946,2026-06-18,646,90+ Days,Vendor
dea75684-d6f6-4c8c-8f44-bf1b86e2c2b3,c33af545-a022-4ad0-8185-d5e2727ca60d,2a6fa377-8679-4672-b5c1-5da0d5246b9c,1336105,2026-06-18,666,90+ Days,Vendor
4481b8c9-3612-45ce-ad27-f03bd78778c8,9b59c432-8c51-4711-add6-e758552bafc3,44801eb5-8956-47b7-b334-419c4cdc7b9f,2636318,2026-06-18,641,90+ Days,Vendor
41929eaf-123b-4283-8966-5334751dc31d,9b59c432-8c51-4711-add6-e758552bafc3,89e5100c-c754-4697-b45e-e195a37d41c2,2794012,2026-06-18,577,90+ Days,Vendor
98c7ee67-e0a9-4da1-9026-6a4276ffdc8d,9b59c432-8c51-4711-add6-e758552bafc3,8caabc26-7185-44ef-8eb1-197bcd872ddb,1241923,2026-06-18,399,90+ Days,Vendor
635ee18c-8051-4453-93e5-164fd3dde7cd,2f16462b-aa4d-49ee-a9ec-eab4a0f517ed,a935e75d-f84b-4dce-923d-26f2132e447f,2338676,2026-06-18,633,90+ Days,Vendor
704b8256-6d20-42bd-b329-99f8fae44405,f44a0530-a9a7-44dc-a935-1788e1ed642f,7f8d3b8d-6ec0-4a99-8498-370377c403cb,939162,2026-06-18,266,90+ Days,Vendor
b2c17337-fb50-4d94-b008-1cc7068699e1,dc96db54-a1c0-4be1-81f5-c22f9594bf7d,ececff2c-37ae-45e6-a8e4-d804c35afe26,77520,2026-06-18,70,61-90 Days,Vendor
dd11fcb5-1edd-4832-899c-d01feff592e1,ee72dd0b-2a9c-4acd-9b20-433e6a327c96,4a6b30a6-b529-4110-bdc6-bc7d5a3bc105,2390625,2026-06-18,150,90+ Days,Vendor
0ddd9b3b-a3a1-4870-a95b-0a69a761acff,ee72dd0b-2a9c-4acd-9b20-433e6a327c96,75712082-cd61-4834-851d-e8d53e687f52,841275,2026-06-18,521,90+ Days,Vendor
a98adbe0-c324-49b7-9f63-9b55be731773,2f16462b-aa4d-49ee-a9ec-eab4a0f517ed,0319c62e-ecc6-44de-82ab-6e666e3363d1,2178231,2026-06-18,661,90+ Days,Vendor
537d12e3-f745-495a-a794-b685531b802f,2f16462b-aa4d-49ee-a9ec-eab4a0f517ed,6cee7f8a-49ef-41fb-b752-1b9e571d3f9f,1153294,2026-06-18,512,90+ Days,Vendor
70f30126-213e-436d-9145-1272bd64c7a2,99654bf2-99d2-4963-a48f-35d1eacc4352,dbe95105-c013-4fb4-a03b-24ab0e8126de,1672830,2026-06-18,302,90+ Days,Vendor
3dfbd995-3027-4fb0-9e77-b9255e357ea7,f44a0530-a9a7-44dc-a935-1788e1ed642f,fa7e89bf-8269-477c-af8b-8a8bbd2a06a9,2746714,2026-06-18,269,90+ Days,Vendor
1627dcad-bf98-4234-b0b1-119be3a851b7,f44a0530-a9a7-44dc-a935-1788e1ed642f,0832fee0-bb08-4041-99a3-9fbcf6e0c2a1,2745671,2026-06-18,269,90+ Days,Vendor
ea6e85a6-f906-4491-a987-c8b469f5e708,fa2c1a2b-c483-45f3-92c5-0e24f18c9353,0a7d35be-de71-46eb-a0a0-17fbe39720af,3159550,2026-06-18,297,90+ Days,Vendor
b72d879d-192d-4999-a7fc-70584802cc4c,24637f48-aff9-4615-8eb2-fa8dddc59fa8,c67e17a6-3f9c-4e45-a050-6aff73b2b0da,2066780,2026-06-18,430,90+ Days,Vendor
d345330b-9f33-4583-82b3-93d76ff12915,7b237e41-2adb-467e-99f1-32f71332e3e7,009c3470-8527-4fd4-afc0-04c1a755bfb3,835882,2026-06-18,593,90+ Days,Vendor
d8dfa1dc-d3a4-4cde-8fd9-671f58bd7dcc,24637f48-aff9-4615-8eb2-fa8dddc59fa8,d19dc878-1373-4e37-b939-475b5daf3884,2652005,2026-06-18,482,90+ Days,Vendor
02e6c1e1-b645-4237-a927-e2d5e66ee0b3,b47542f5-1b54-4bd1-a387-acdd178eea3b,f7f4df7d-3b60-4e0c-990f-1f35c99c6dd8,415000,2026-06-18,737,90+ Days,Vendor
ae0af28b-6bc2-4c5b-b1c0-83d70660c4b8,3a41f74e-14a3-41fc-905d-3ddf1f5905d4,5ea730c3-a00b-4c08-91da-046ce434c841,1143608,2026-06-18,212,90+ Days,Vendor
e7e9afa9-6e1d-4140-8c41-27d80b7a92d0,b22c68cf-1d75-457c-96cb-dcb32da7712e,cc5a33e7-bf89-4456-8f79-0d754793f95f,3759068,2026-06-18,271,90+ Days,Vendor
b0568b43-9fcf-467e-bae3-62815404f198,3c61dcc1-cbd1-4594-9879-2b7ca831edfa,b53be00f-3c8b-44bc-b07d-00a6487f8667,2431227,2026-06-18,561,90+ Days,Vendor
a9a6aedd-fb4e-4505-89c8-fa5cdd87ea4e,53c5d520-017f-4de2-9f60-f608b74bc9e5,c4322a14-1990-40d1-a1e1-639c2661170f,1920835,2026-06-18,423,90+ Days,Vendor
7201f666-b443-49dd-97b7-ee5043803a2b,94ed13a8-1a93-4101-8a11-c34f663c5845,ab21ba3c-a12c-4264-a659-05caf8f56d34,2757989,2026-06-18,514,90+ Days,Vendor
27178673-eb6e-4e7f-9c1a-a6cf924a839f,2e69bee6-0a5e-4633-9868-0caa1e2b1626,11e8702b-e53f-44ef-95f8-bead497a8b98,2026407,2026-06-18,498,90+ Days,Vendor
916c9d43-0a71-4de1-9c11-98967130933c,48e6f85d-37e1-4d61-99a9-d46bdae6e031,b1edc8b4-3adc-4880-bb32-986ebe15b981,967763,2026-06-18,351,90+ Days,Vendor
3a512d0b-6678-48c9-84b2-5f0a71d6c6a8,a84bde39-f20e-4d72-83ff-a7e13653e474,96c2b9a2-db64-40c8-b79d-c825151b2548,122475,2026-06-18,581,90+ Days,Vendor
7ba008b8-8189-4439-a5c1-278575ecaee6,1a55ee25-bc28-404c-9b3e-744d00cd23d6,b9070dd3-0247-4806-9482-acd08ec93353,1424992,2026-06-18,217,90+ Days,Vendor
3d104e88-8cde-4efd-8501-2392031a7bcf,a812aae0-4823-4af3-868c-36fe1abf4898,fe8d4c4b-faac-4984-947c-bc80f4b76681,2559328,2026-06-18,601,90+ Days,Vendor
44d5a403-b58c-4c27-9b78-6031cc02d195,24637f48-aff9-4615-8eb2-fa8dddc59fa8,4993b2b8-4f2e-446e-b8bb-4460d9b97b18,2153727,2026-06-18,318,90+ Days,Vendor
39330d19-f30c-4181-bec7-44a29877146a,3a41f74e-14a3-41fc-905d-3ddf1f5905d4,977938de-7884-4dd1-88c5-1c2af117ed41,2000068,2026-06-18,168,90+ Days,Vendor
cfb62670-becf-49db-8abc-92db0c429f8b,a84bde39-f20e-4d72-83ff-a7e13653e474,bd3b10fe-c3fa-4c6d-be69-4e585e4a9219,126975,2026-06-18,582,90+ Days,Vendor
9d0370ab-b47e-4b46-9a66-ff84515b5320,00fafcb9-56ec-4475-9dcd-6493f084c8a7,27a11e44-342c-4ba5-8d65-1e5babdfe3be,958432,2026-06-18,764,90+ Days,Vendor
98e02987-cb58-49ba-83f8-9d97ef50a24d,40898e29-8b25-4043-8a89-cee44245437e,8476e6f6-c629-4232-8afd-fe6bb9d70a2c,2684385,2026-06-18,708,90+ Days,Vendor
5e3acc1c-057f-425f-8178-281ca4ff4255,26ffd993-bc48-446b-b10d-40138f5d3c60,f39055ff-26ea-4076-ad80-3fda09afaa53,3196029,2026-06-18,276,90+ Days,Vendor
da594083-a4d2-48f3-99a8-87a090a5f3da,b22c68cf-1d75-457c-96cb-dcb32da7712e,27e25908-bf7e-428b-a2bc-4989c300152b,1047145,2026-06-18,180,90+ Days,Vendor
d3060178-c7c6-4129-843b-8b2666fa8d40,3a41f74e-14a3-41fc-905d-3ddf1f5905d4,99cdc64a-a92c-4501-9357-18b7f9451504,1196820,2026-06-18,213,90+ Days,Vendor
b1d1e383-723f-4868-9659-d005bda6623f,48e6f85d-37e1-4d61-99a9-d46bdae6e031,c57e3815-e569-480a-bfab-06476c4e5d7d,1580828,2026-06-18,390,90+ Days,Vendor
976ea2e4-9970-418d-b125-b8b597a07673,ee72dd0b-2a9c-4acd-9b20-433e6a327c96,4084676c-91df-4814-b5ac-0411af431519,2646750,2026-06-18,113,90+ Days,Vendor
72300eb1-9617-4b48-b2a4-f0e5a86601f3,a812aae0-4823-4af3-868c-36fe1abf4898,49171b0f-b735-4884-aabf-1f83ec02dc4b,2673279,2026-06-18,609,90+ Days,Vendor
0185b0ea-c0bb-468d-97cc-9707b6c23b23,24637f48-aff9-4615-8eb2-fa8dddc59fa8,e1c4ce6f-84c8-4f57-bf41-74cbdae35d7f,2246608,2026-06-18,399,90+ Days,Vendor
f1797e7f-a8eb-4d84-b602-18ea75939a53,7b237e41-2adb-467e-99f1-32f71332e3e7,851982de-3ec7-4fbf-9c23-15df5e643850,335496,2026-06-18,735,90+ Days,Vendor
8615965a-5d07-4f04-b77c-23c53fcc5da5,0d640fb5-a295-4748-abec-05c07c167fc3,19f4bc34-dcf8-40bc-81a7-a618ec3e55a5,769250,2026-06-18,236,90+ Days,Vendor
4b49093a-363e-40cb-92cd-0ded0820b2f6,549e240d-ab7f-4b19-8790-ad3d22305f4d,af18793a-df83-4c48-80b2-7bb586a9932c,2659804,2026-06-18,585,90+ Days,Vendor
fefd6aee-218f-4292-8c84-a4e95cc94204,549e240d-ab7f-4b19-8790-ad3d22305f4d,962b4caf-7c0a-424c-b0f0-3833e6d746dc,2839425,2026-06-18,692,90+ Days,Vendor
b5d96c72-4b1c-474b-93f4-d2289875b021,be6aebf8-8a0f-4527-a9d4-d94f09f3c93a,2873e81c-5160-43ce-8801-9aec1276924c,1092920,2026-06-18,170,90+ Days,Vendor
576337d9-1223-4e70-8f97-ac76982a14b7,be6aebf8-8a0f-4527-a9d4-d94f09f3c93a,6aaa4476-392c-49b9-9227-39ed42b82f50,1164510,2026-06-18,208,90+ Days,Vendor
330420d5-2427-4991-ac7e-e740ec09c4d3,b2870852-b36e-4a96-8048-b6adeb597deb,772edd81-71e7-4eb5-ae20-2e310e196885,2768844,2026-06-18,589,90+ Days,Vendor
b07e45f3-66e2-4566-8172-b45d894b8266,b2870852-b36e-4a96-8048-b6adeb597deb,bbedbd3b-966a-4674-8f8b-e310e7ee027f,2132405,2026-06-18,362,90+ Days,Vendor
d2cc417c-59dd-4beb-9c17-4b7e8702a975,1f873359-c7e2-4729-b269-76d009d26ec6,05ff53f2-f9cf-408b-9f65-ebab47e2def1,1482522,2026-06-18,617,90+ Days,Vendor
71ecbb3a-dee4-4862-98ab-c88424254cbe,50461b33-9f9a-4228-b886-97556d5c9e27,f29babac-fbbf-48cc-80e0-73167ec43a7b,1229034,2026-06-18,421,90+ Days,Vendor
baa5b7cb-c622-4759-a193-d432e59ec211,50461b33-9f9a-4228-b886-97556d5c9e27,1bd2c09c-b3c6-48dc-8be6-c1f26cdecf49,1193463,2026-06-18,426,90+ Days,Vendor
f4ca5ac9-92af-4772-a2b6-cc216712657e,c9237da7-93bb-49cb-a977-56a9e6b917cd,1aa4ae01-f16f-436e-b4e4-f0a1913c53b4,1061407,2026-06-18,276,90+ Days,Vendor
c83fb9cf-8a96-45f8-9a15-1ee4817aca6d,b2870852-b36e-4a96-8048-b6adeb597deb,c11c9568-6c26-46d3-b219-053dda1f9c3e,2254263,2026-06-18,364,90+ Days,Vendor
af27326a-aff4-40b6-a827-4e2b1f377187,dc96db54-a1c0-4be1-81f5-c22f9594bf7d,95a0697f-4c2f-4ad3-a1ca-4f3a085a63da,18980,2026-06-18,250,90+ Days,Vendor
782d73db-c9ba-4116-aca7-ee3a3452b5b4,0cadaeab-aab5-418e-ae3f-0d303a1f2c1b,cb67e7cd-ce4c-41c1-8637-1a616f226121,850000,2026-06-18,661,90+ Days,Vendor
3c0e5079-2dd2-46f8-be9f-a2588d16b117,0cadaeab-aab5-418e-ae3f-0d303a1f2c1b,c1706b48-fca8-46fc-baaa-421c8cfe30a5,510000,2026-06-18,643,90+ Days,Vendor
2eb38269-1a43-42a1-a7b0-f2dd8e18ce5b,3e712b36-d74e-4eeb-9dc1-d51ddf89de8f,cadfecd4-593a-4316-a5cd-ac2d877e4f1e,42526,2026-06-18,365,90+ Days,Vendor
af3c7b51-b81a-4d34-9c7a-83a9fd670390,dc96db54-a1c0-4be1-81f5-c22f9594bf7d,ea524a35-d756-41d2-8b08-b0aa509baacd,40135,2026-06-18,483,90+ Days,Vendor
66a9b327-9ac7-459a-b8b2-4affe90c109e,b2870852-b36e-4a96-8048-b6adeb597deb,8e41d610-d829-4ae0-9d9f-c773ffa83a44,2189710,2026-06-18,316,90+ Days,Vendor
a271cdf8-45cd-4144-bb11-d5d5298b9a01,b21d4cc7-0760-4deb-8ee6-fba3b4884487,6c7e5ac7-161d-4694-a660-46c707f5cf64,2137243,2026-06-18,327,90+ Days,Vendor
3b5e4ba9-9e50-432d-ad03-467adcc539fb,0cadaeab-aab5-418e-ae3f-0d303a1f2c1b,5a937e1a-d6ec-4f78-98d0-2c142a494d43,900000,2026-06-18,677,90+ Days,Vendor
26fbf394-a1a6-4526-ac0e-5e67b533722a,dc96db54-a1c0-4be1-81f5-c22f9594bf7d,68428b4e-c574-4a5d-b544-26c27b7ae932,33084,2026-06-18,113,90+ Days,Vendor
ffa6e2be-5d26-4738-ad0e-5d55f0b3e661,b2870852-b36e-4a96-8048-b6adeb597deb,29b47c74-39fd-4b1f-9992-6a8712c49eee,2482200,2026-06-18,591,90+ Days,Vendor
e5664aba-9615-40da-9ac9-1ac2c8b78fa2,1f873359-c7e2-4729-b269-76d009d26ec6,d8612841-f2e4-4d9e-a84b-edbdc62ef768,847628,2026-06-18,591,90+ Days,Vendor
aafc3a74-378e-415a-b14f-3175b9640ccb,b2870852-b36e-4a96-8048-b6adeb597deb,04b38746-3a27-4826-88d1-dfe7eabed8fe,2527392,2026-06-18,585,90+ Days,Vendor
3bb4351b-a240-48f8-9dec-5f3e7f51ca4f,dc96db54-a1c0-4be1-81f5-c22f9594bf7d,18ce2f70-5b9f-43f0-81a5-2c459fbb798f,12354,2026-06-18,255,90+ Days,Vendor
899cb5da-6535-48ab-b3a3-f7dd31ac2c39,dc96db54-a1c0-4be1-81f5-c22f9594bf7d,d87d82ac-ff98-43e7-a628-cb941c28e640,154047,2026-06-18,352,90+ Days,Vendor
5d0ec2fc-c321-44f5-9a55-f2c9329c4f27,dc96db54-a1c0-4be1-81f5-c22f9594bf7d,ffb35f83-9259-41f2-9bd8-d4e69b4d6e68,328975,2026-06-18,393,90+ Days,Vendor
f6044b90-c8d7-495f-bea4-0760d3bcd82d,dc96db54-a1c0-4be1-81f5-c22f9594bf7d,4f6474fc-3188-4060-abb2-923a687b7510,80735,2026-06-18,280,90+ Days,Vendor
569e0e46-3acf-471e-b421-2ef413e0ed57,0cadaeab-aab5-418e-ae3f-0d303a1f2c1b,ce959c64-1ef4-4c37-b0d3-b9851669b417,513750,2026-06-18,633,90+ Days,Vendor
24a657d1-9bb2-4ee1-b433-f7d5be3acbae,0cadaeab-aab5-418e-ae3f-0d303a1f2c1b,a4a66381-2ee2-43ed-aa8e-97285fe8f235,906000,2026-06-18,489,90+ Days,Vendor
04fe2803-c37b-411e-b373-a153615f8c5e,0cadaeab-aab5-418e-ae3f-0d303a1f2c1b,9fda2242-d8a1-46bb-a682-ed5512429c84,393750,2026-06-18,471,90+ Days,Vendor
1a125ada-fd52-467e-a1e1-3d0f17e2ccde,b21d4cc7-0760-4deb-8ee6-fba3b4884487,572793c5-708a-4d10-86bf-b66758923279,3295544,2026-06-18,157,90+ Days,Vendor
282c0c4e-5e21-4779-b94d-92544e5807e2,0cadaeab-aab5-418e-ae3f-0d303a1f2c1b,0792b5b1-1739-4331-93a2-67cc03476a69,453000,2026-06-18,491,90+ Days,Vendor
fa1c3c4b-0ae4-4236-996f-3b25d4409b57,0cadaeab-aab5-418e-ae3f-0d303a1f2c1b,43c6fad3-e2e4-4398-8949-8df885d2ef48,453000,2026-06-18,486,90+ Days,Vendor
29275674-de11-41c4-8e6d-b4858b8bb833,0cadaeab-aab5-418e-ae3f-0d303a1f2c1b,4845008d-4e9b-4a5d-b9bf-86fa12cb8fa6,850000,2026-06-18,661,90+ Days,Vendor
d05b3079-e95a-4557-83f0-fac3b6384cfc,0cadaeab-aab5-418e-ae3f-0d303a1f2c1b,bbf5595a-8d77-49b0-86f3-15a6af7a5035,151000,2026-06-18,492,90+ Days,Vendor
80ecacdb-e515-4f87-be9e-b5f2c64b19bc,0cadaeab-aab5-418e-ae3f-0d303a1f2c1b,8a9fee9b-10d4-4a5b-bf41-e1315b30def4,510000,2026-06-18,642,90+ Days,Vendor
14cdc58f-35b1-4e66-8291-f326663f3155,dc96db54-a1c0-4be1-81f5-c22f9594bf7d,0c30fff6-688f-419b-8f4d-9db51f05de52,398359,2026-06-18,139,90+ Days,Vendor
47d60856-089f-4dae-b19a-77ff545dd8ff,0cadaeab-aab5-418e-ae3f-0d303a1f2c1b,4448b0b2-7f42-441f-8575-85bae30f839d,566250,2026-06-18,482,90+ Days,Vendor
eb9f84ee-cffc-4453-981d-535890ebfaa3,0cadaeab-aab5-418e-ae3f-0d303a1f2c1b,4437f462-9fb4-4855-8e5b-65bac2762750,151000,2026-06-18,493,90+ Days,Vendor
40462ff2-5fb6-4292-9f94-dada90dd18e2,40898e29-8b25-4043-8a89-cee44245437e,eaeaa2e3-fefa-42c2-844f-1317a1d94b81,3564928,2026-06-18,220,90+ Days,Vendor
4c66f949-1832-4e85-ace3-abc6495173ec,3c61dcc1-cbd1-4594-9879-2b7ca831edfa,92dc0b9a-cc80-4fa6-a37f-b068ac678dbb,1778428,2026-06-18,413,90+ Days,Vendor
58adab6e-077c-4021-80ea-f5b5c7eb9621,b22c68cf-1d75-457c-96cb-dcb32da7712e,7c60b803-8eb5-4f23-9a63-f5ec9769eea9,3652302,2026-06-18,273,90+ Days,Vendor
7df3c42a-9df1-4e14-936d-a29ca770dd15,40898e29-8b25-4043-8a89-cee44245437e,96ea7657-d5a1-4b46-bac4-6fa16bcd5506,2025675,2026-06-18,311,90+ Days,Vendor
91031e46-8cdf-4454-bfff-b0eab840194e,ee72dd0b-2a9c-4acd-9b20-433e6a327c96,5262b47c-5ab2-4645-baf2-a522121cc023,2660250,2026-06-18,113,90+ Days,Vendor
cbff128b-5f29-4d06-9c82-2fd59962f44f,3769e41b-9c60-4886-9461-5e969cfbc8d3,1fc59991-af22-4645-9b92-e94c287c2a8e,2953153,2026-06-18,613,90+ Days,Vendor
dc4d56fa-1a86-4d31-b6b4-b195fd11b10e,3769e41b-9c60-4886-9461-5e969cfbc8d3,94876209-1a88-4184-817d-c0cf49412eb9,2254808,2026-06-18,392,90+ Days,Vendor
a8db17a7-b985-4cc6-9913-636500318798,831be7e0-3cb9-492d-9bc6-2df6548e5db2,8c3aaeff-5954-4845-9bbb-c2b52c59ce90,188625,2026-06-18,514,90+ Days,Vendor
e172199b-ab0d-494e-afd5-a2d64a098abe,9b59c432-8c51-4711-add6-e758552bafc3,8fccb07f-2b5c-432f-a239-ed9561322c3d,2008729,2026-06-18,329,90+ Days,Vendor
c141eb43-9cf3-4468-8f6f-fdc842e99a79,dc96db54-a1c0-4be1-81f5-c22f9594bf7d,7626ad45-ae40-4049-8762-b463ad93aa47,172956,2026-06-18,479,90+ Days,Vendor
c687d50e-6d62-4bec-bde0-86909decd99d,dc96db54-a1c0-4be1-81f5-c22f9594bf7d,fb1b8181-4840-410c-9b6a-2a464cad2abc,174000,2026-06-18,366,90+ Days,Vendor
4d3a84a4-049e-45c6-9c64-9ae299ed332d,3e712b36-d74e-4eeb-9dc1-d51ddf89de8f,351746ce-3327-4096-b817-517cd172e8dc,3950,2026-06-18,181,90+ Days,Vendor
5fbbdf9f-82c0-421d-8359-35030b4bc3e0,3c61dcc1-cbd1-4594-9879-2b7ca831edfa,842f4525-19f5-42e8-a8da-6ce81d61c677,2744927,2026-06-18,530,90+ Days,Vendor
170d2e37-f5b5-4fe9-adb2-f9b383dfa9c6,2f16462b-aa4d-49ee-a9ec-eab4a0f517ed,8ad45420-2a6b-4b00-aeb4-259b169f9961,2166675,2026-06-18,629,90+ Days,Vendor
4ca58a11-b2ba-4414-8ff4-84ee4857146b,ee72dd0b-2a9c-4acd-9b20-433e6a327c96,d06b7ae4-401e-4cb3-b4a9-900c67b8ac3d,2672250,2026-06-18,120,90+ Days,Vendor
5dd40edd-c77d-4987-8146-ea4089fcdba9,b21d4cc7-0760-4deb-8ee6-fba3b4884487,10cfb41c-59ab-4492-a1df-7bc6b8380c83,4926008,2026-06-18,66,61-90 Days,Vendor
2da94358-0a25-4c14-ae31-dff97c6c6526,ee72dd0b-2a9c-4acd-9b20-433e6a327c96,4dc58764-e674-4d36-8faa-39475858dc17,1810500,2026-06-18,148,90+ Days,Vendor
