id,invoice_id,line_id,date_key,customer_id,product_id,quantity,amount,tax_amount,net_amount,payment_terms,delivery_status,created_at
cdf3bacb-553e-47a8-860e-5a0945b7c188,89d84889-a8e1-496c-b029-f47cc0b6823f,054bb24b-6c5d-41a7-b965-ac9ee9b7301e,2025-11-13,ee050b45-8c17-4d06-ba05-a7f64ed04dab,,1,1172500,0.00000000000000000000,1172500.00000000000000000000,,Delivered,2026-06-18 23:55:42.102791+00
264cffef-e7a3-494c-9f38-84c07455281b,a0b08fd1-20f2-4897-8210-dfd16ef62846,6fffc427-048c-4a3e-8ed6-7075650dabf1,2024-11-14,71be3019-2872-4e46-9e8f-941663554ca2,,1,1110000,0.00000000000000000000,1110000.00000000000000000000,,Delivered,2026-06-18 23:55:42.102791+00
2ddcf6b8-0c15-4067-bda3-c7e262437557,1b89b5f5-1dfa-4f7d-af1a-2803ce654910,865a172f-07b6-431b-b820-00119f380b25,2024-10-06,7f074738-5a84-4e01-9226-9a0acb1a86d8,,1,1042500,0.00000000000000000000,1042500.00000000000000000000,,Delivered,2026-06-18 23:55:42.102791+00
7c418542-0373-48af-b11f-e8be52514f56,663545fa-b7ba-4751-88ed-665b9147c6b0,a5f5cd1a-9de1-4ee9-8f94-ac9a1e177328,2024-10-10,9afccd26-29ec-49e6-a7e3-cc474a13274b,,1,1038000,0.00000000000000000000,1038000.00000000000000000000,,Delivered,2026-06-18 23:55:42.102791+00
f8c910e1-012f-43fe-9346-1330bd36a484,ff638d4a-0884-4d42-9038-e656bb704bea,12a009e3-f60b-4cac-8b2c-c91f40ba0197,2025-06-10,7278af2d-7018-4d13-bb4d-1b35f4307714,,1,1012500,0.00000000000000000000,1012500.00000000000000000000,,Delivered,2026-06-18 23:55:42.102791+00
87a06fbe-88c0-45fa-89a2-91e0ca52b2f8,ffc9a9a1-f3a4-446e-bd07-cf8254937987,875ef20d-c236-495b-bdc9-f6e984356044,2025-03-14,ee050b45-8c17-4d06-ba05-a7f64ed04dab,,1,1004999,0.00000000000000000000,1004999.00000000000000000000,,Delivered,2026-06-18 23:55:42.102791+00
4685d7a8-98a8-4d25-9e95-f0486d905c2a,f4febdeb-2a6a-456f-90d5-ea9836bd6577,7d778e01-945b-4798-8ae5-d46795ffbe64,2025-10-19,c6e017b2-c27d-4969-95de-8284a705a232,,1,963899,0.00000000000000000000,963899.00000000000000000000,,Delivered,2026-06-18 23:55:42.102791+00
660206ed-a95d-4f7a-a2d7-973f29e0a39f,3c79215d-fba9-4e70-8ce2-f9d0f7f67475,f9bbbc11-694b-4e3e-a070-ec3a6ea2deb4,2024-11-05,ee050b45-8c17-4d06-ba05-a7f64ed04dab,,1,955000,0.00000000000000000000,955000.00000000000000000000,,Delivered,2026-06-18 23:55:42.102791+00
de961c75-29ee-4046-9ee0-d817966b63ea,aa7c0276-927b-4d22-b1d1-64504e2bacac,9f13d0c8-cf69-4828-b93b-8149ae06626a,2026-02-27,71be3019-2872-4e46-9e8f-941663554ca2,8dedb270-a04f-4214-b29c-c4bc4f2f78c7,300,26850,0.00000000000000000000,26850.00000000000000000000,15 Days,Pending,2026-06-18 23:55:42.102791+00
806f9bfa-f8e0-4048-b572-fd23e76f8b66,aa7c0276-927b-4d22-b1d1-64504e2bacac,32d1de58-4c2b-4b21-afb4-f30a7802a8e1,2026-02-27,71be3019-2872-4e46-9e8f-941663554ca2,8dedb270-a04f-4214-b29c-c4bc4f2f78c7,5000,447500,0.00000000000000000000,447500.00000000000000000000,15 Days,Pending,2026-06-18 23:55:42.102791+00
795ca088-b8a5-420a-90e4-3a3ea76766c8,a32738aa-9ce9-42c3-bb0b-ba318314dd9f,2156960d-b32b-4263-825d-7b4566fd8dd7,2026-02-27,628bcaf4-621f-4082-9aff-5ac50eb5f547,791dab05-effd-43cd-842b-2eca9a776288,2000,260000,0.00000000000000000000,260000.00000000000000000000,Cash Payment,Pending,2026-06-18 23:55:42.102791+00
608d2dfd-bf6c-4c3f-ab6f-6c7bb8baeebe,8461d027-bf15-43af-be76-aef6694d5c25,647bd9b9-346c-48e6-80f0-e61ed52a2202,2026-02-27,46259c13-632d-449f-a96f-f1deab0e0046,791dab05-effd-43cd-842b-2eca9a776288,3200,416000,0.00000000000000000000,416000.00000000000000000000,Immediate Payment,Pending,2026-06-18 23:55:42.102791+00
2eadb040-02f3-4da4-ad36-30a90b1335ed,912fd5ce-f565-4127-b729-225ef5c56bbc,4bb978c6-613f-4703-9cb1-71b41d8f922d,2026-02-16,71be3019-2872-4e46-9e8f-941663554ca2,,1,937750,0.00000000000000000000,937750.00000000000000000000,,Delivered,2026-06-18 23:55:42.102791+00
16a91bb6-bb67-441a-a150-9e92b0e4e22d,fcf3c81a-ae98-48b6-8b54-4fa24815c0f3,03ee3981-b433-4f95-9d32-1ee00717cf3a,2024-07-17,e0127f48-7045-4fdc-b308-c030eb515cc1,,1,937500,0.00000000000000000000,937500.00000000000000000000,,Delivered,2026-06-18 23:55:42.102791+00
f2869deb-d9e9-459b-a6dc-349ce623c680,b7aca8d6-a52a-4b56-86ac-cf9b53a1d9af,ea78c4ee-0aad-49a0-aadc-6aed2c61f15f,2026-02-27,b077f4f7-954e-4c70-935a-84ea00d1f006,10d5d88b-c74f-4e99-8435-ee1690d6c047,1000,89500,0.00000000000000000000,89500.00000000000000000000,15 Days,Pending,2026-06-18 23:55:42.102791+00
8b9d9675-7507-42a5-a42e-a408d6d31c9b,b7aca8d6-a52a-4b56-86ac-cf9b53a1d9af,3682b0fb-536a-4b12-adb8-707f5b6bc5e2,2026-02-27,b077f4f7-954e-4c70-935a-84ea00d1f006,10d5d88b-c74f-4e99-8435-ee1690d6c047,4000,358000,0.00000000000000000000,358000.00000000000000000000,15 Days,Pending,2026-06-18 23:55:42.102791+00
cf6a6e5d-e6fa-4332-bc41-843ddfdd61c5,1642642a-d008-43da-8cc9-4109c0ec3f89,85ab1e89-e122-46cb-84e4-d1d12f1a64f4,2026-02-27,1e8b0fdf-a882-4a38-bf4a-36f1d58a0898,10d5d88b-c74f-4e99-8435-ee1690d6c047,1000,89500,0.00000000000000000000,89500.00000000000000000000,15 Days,Pending,2026-06-18 23:55:42.102791+00
07fa7d58-aa55-4be6-9026-9b57a71924e8,1642642a-d008-43da-8cc9-4109c0ec3f89,3431feab-1d04-4f4e-8647-b7b1f7263747,2026-02-27,1e8b0fdf-a882-4a38-bf4a-36f1d58a0898,10d5d88b-c74f-4e99-8435-ee1690d6c047,4000,358000,0.00000000000000000000,358000.00000000000000000000,15 Days,Pending,2026-06-18 23:55:42.102791+00
1c446de0-f352-4fa0-9e7e-7ecd6147f2bf,fc484bc3-25d3-4153-adea-29e38464a16f,39f72c65-18e4-4464-a3cd-086fa593bb6b,2026-02-27,ad9a5ae4-bea9-4ae4-ac63-464ff555e655,10d5d88b-c74f-4e99-8435-ee1690d6c047,500,44750,0.00000000000000000000,44750.00000000000000000000,Cash Payment,Pending,2026-06-18 23:55:42.102791+00
33e2c6b9-8e91-41ca-806c-dd335ab2db5c,fc484bc3-25d3-4153-adea-29e38464a16f,947d99dc-1d4b-4a9b-9559-d795a500ea03,2026-02-27,ad9a5ae4-bea9-4ae4-ac63-464ff555e655,10d5d88b-c74f-4e99-8435-ee1690d6c047,2000,179000,0.00000000000000000000,179000.00000000000000000000,Cash Payment,Pending,2026-06-18 23:55:42.102791+00
19ba7dbe-2f16-4c57-bc91-a9c90518a7bd,bf6ee54b-95ca-47d7-a4ee-ae7180a50d5c,50ee81bc-9c56-487d-a81e-6e529aa1d311,2026-02-27,9c8577e0-bac5-40ed-ab97-d69d5aadb619,8dedb270-a04f-4214-b29c-c4bc4f2f78c7,2040,239700,0.00000000000000000000,239700.00000000000000000000,7 Days,Pending,2026-06-18 23:55:42.102791+00
44d6744b-f46f-4cc5-934e-6fbf37513bd0,eb666b0d-5c1d-41c7-aff9-d8c4bed77e24,6554e943-0157-4146-af12-66f71bb094d9,2026-02-27,2df9cb4d-3931-42d6-b71e-03529a9850cb,38174f51-c225-4f30-b257-fb55cbbd5424,7380,16286.184,0.00000000000000000000,16286.18400000000000000000,Cash Payment,Pending,2026-06-18 23:55:42.102791+00
399073f0-60f8-430b-9489-1d3edca0c1f4,eb666b0d-5c1d-41c7-aff9-d8c4bed77e24,e7490f72-84d5-4186-a380-44e0207d52a1,2026-02-27,2df9cb4d-3931-42d6-b71e-03529a9850cb,5e0fb7c3-0585-4fd8-8b17-d7ac30c731af,765,3825,0.00000000000000000000,3825.00000000000000000000,Cash Payment,Pending,2026-06-18 23:55:42.102791+00
b3cc37ab-afec-4a73-ad01-51868c48a807,eec2749b-f42a-436a-a2a6-06686c7f061e,60583dea-d0cb-4317-bc42-42d1f1b0ad7b,2026-02-27,2df9cb4d-3931-42d6-b71e-03529a9850cb,11fadc6b-27d2-4bf0-a616-a82ddf3a9742,1730,112450,0.00000000000000000000,112450.00000000000000000000,Cash Payment,Pending,2026-06-18 23:55:42.102791+00
31406851-dd05-4bc0-9150-7113fe218b52,4c0fde03-5ab7-407c-918e-fce8c55257b2,84297b84-76ca-4358-af75-07ba4b2d0734,2025-04-13,71be3019-2872-4e46-9e8f-941663554ca2,,1,323000,0.00000000000000000000,323000.00000000000000000000,,Delivered,2026-06-18 23:55:42.102791+00
bde53a53-52e0-4701-9606-88465f05342f,b5abd912-5dc8-4418-b2e9-43b0ba7518a6,f3e1e3ca-9f6c-447e-bb72-c7df487317b4,2025-01-05,e0140edd-1909-49ae-9bdf-d36e683f578d,,1,322000,0.00000000000000000000,322000.00000000000000000000,,Delivered,2026-06-18 23:55:42.102791+00
863c3de7-c3be-40e6-a268-b2df2b176434,8a0978bf-8f0d-4fc7-98d9-da9477ccf7c2,2679c3ca-9dab-4e41-a125-75e4e49e2c89,2025-07-28,94840a95-c5bb-495e-a6b6-b69f8754b8b8,,1,321500,0.00000000000000000000,321500.00000000000000000000,,Delivered,2026-06-18 23:55:42.102791+00
27924c3d-2ebb-4a18-a8ba-ab9273bda6ee,66fb6e0e-1b2a-41bc-b38a-a24d898b730e,b937cc2b-d3e7-49a0-8a01-e938ed9abcbd,2025-09-02,4b5902bf-67f1-4e06-8882-ca516c1842db,,1,320000,0.00000000000000000000,320000.00000000000000000000,,Delivered,2026-06-18 23:55:42.102791+00
c8e88f4b-a214-4ab7-b733-8ef6df2ede2b,93bfa025-bbb1-4b1d-b701-542bfce4d232,5aa97b16-f527-4950-884d-e886144e2d5b,2025-01-19,71be3019-2872-4e46-9e8f-941663554ca2,,1,318000,0.00000000000000000000,318000.00000000000000000000,,Delivered,2026-06-18 23:55:42.102791+00
e7406d8a-1f03-413b-97be-c708bfe82a9d,daab4b27-4ca9-41ba-99db-7dde17a01b6b,96b0d85d-a55a-48d1-9c3c-6d01d4f0c975,2025-11-06,56037025-414a-4a5f-8b0f-a21864528f78,,1,3712000,0.00000000000000000000,3712000.00000000000000000000,,Delivered,2026-06-18 23:55:42.102791+00
eef075d0-24a2-4719-940d-864e875810cf,54123ceb-458c-40aa-b25c-15d76271e981,ec6caf17-8a88-41f0-8e04-c7de20bcfc2c,2025-11-11,8b9418c8-0000-4984-94fa-c5e4194426c3,,1,3337500,0.00000000000000000000,3337500.00000000000000000000,,Delivered,2026-06-18 23:55:42.102791+00
df7a8d5a-5a79-403e-920a-32b570e63a42,545d707b-74ca-4a29-bb40-2f446bc36c0a,6b740e4d-5bed-4841-a542-3b9a0d5b813c,2026-01-20,56037025-414a-4a5f-8b0f-a21864528f78,,1,3840000,0.00000000000000000000,3840000.00000000000000000000,,Delivered,2026-06-18 23:55:42.102791+00
fc7553db-b2d2-42fd-818f-73ddeb0e888a,88aa29db-8c55-456d-b2c5-dadcb4c9a2c5,5243f27f-3049-426d-b014-062706df6b77,2025-11-17,56037025-414a-4a5f-8b0f-a21864528f78,,1,3365600,0.00000000000000000000,3365600.00000000000000000000,,Delivered,2026-06-18 23:55:42.102791+00
1345076d-e5de-4761-85b2-80c16f7bdb09,c245e294-3bc9-475c-ac5d-db2cbe354763,2257edbd-ace2-4413-923f-a903c0fe460b,2025-11-20,56037025-414a-4a5f-8b0f-a21864528f78,,1,3360000,0.00000000000000000000,3360000.00000000000000000000,,Delivered,2026-06-18 23:55:42.102791+00
45527060-374b-46f1-8e58-6b821bc9123e,99c16e40-b714-41cb-84d2-943cd152021b,49391161-64a0-4fc3-a13c-89ece8cc0296,2025-09-22,e99e6ca5-a4bb-4343-a635-49f04389ca2a,,1,3163200,0.00000000000000000000,3163200.00000000000000000000,,Delivered,2026-06-18 23:55:42.102791+00
f4e40c5a-7477-45b9-a9f4-817b629b3bfa,4f02e510-3467-4656-a481-9e2e8f25b5a7,c5c440c8-9950-48ae-b5ed-9c340fae2707,2025-09-19,e99e6ca5-a4bb-4343-a635-49f04389ca2a,,1,3150000,0.00000000000000000000,3150000.00000000000000000000,,Delivered,2026-06-18 23:55:42.102791+00
2ce0259c-5798-4fd6-a8e5-e579f3c03b70,85238c9a-2f6e-4723-8830-b33396e5b066,e3022863-09fd-4dab-9379-a503f1f154c4,2025-10-17,cf35118b-bee6-44e5-8011-470d64b8d0fc,,1,3105000,0.00000000000000000000,3105000.00000000000000000000,,Delivered,2026-06-18 23:55:42.102791+00
cbd3aef7-c6bc-49c9-9aa2-e9591abab693,9433fb31-642d-40f0-9113-4de0aa8c7599,5e30087a-1e2a-4085-8680-f269539ac107,2025-11-03,56037025-414a-4a5f-8b0f-a21864528f78,,1,3248000,0.00000000000000000000,3248000.00000000000000000000,,Delivered,2026-06-18 23:55:42.102791+00
c7b9ece7-ea6e-4a82-be1a-ac3019ca8764,2505e39c-db48-4283-9318-59fce6757399,92ed60f2-53b3-402a-a0ea-17b443fed6bb,2025-10-06,e99e6ca5-a4bb-4343-a635-49f04389ca2a,,1,3105000,0.00000000000000000000,3105000.00000000000000000000,,Delivered,2026-06-18 23:55:42.102791+00
8ec3a880-771e-47d5-af61-ce15fd38a02c,1564102c-a3ee-4ec6-8391-d15e81e9d52c,a4a6b065-2a61-4ee2-ba4c-8394254c3d32,2024-12-19,d5983bac-f278-458a-b74e-d5e2da45063d,,1,2414320,0.00000000000000000000,2414320.00000000000000000000,,Delivered,2026-06-18 23:55:42.102791+00
ca100e84-9d72-4910-a704-80894c555813,2879ccc8-a64c-4d7d-929e-702fb8e939d1,cd235e5c-6a45-4858-96d8-8737c4ff9742,2025-06-04,56037025-414a-4a5f-8b0f-a21864528f78,,1,2385000,0.00000000000000000000,2385000.00000000000000000000,,Delivered,2026-06-18 23:55:42.102791+00
73903735-693a-450e-9568-967ab6aa6132,0b3d9e89-8595-461b-83dc-983d22f79806,b3d316ff-bc27-4e72-8710-c7a6f98c7d2f,2025-09-28,e99e6ca5-a4bb-4343-a635-49f04389ca2a,,1,2786250,0.00000000000000000000,2786250.00000000000000000000,,Delivered,2026-06-18 23:55:42.102791+00
48fb4c0f-9e3a-4684-8664-5770522d3ff0,b26ff448-051c-4081-8f37-5f0e22cf2e41,f2453c37-7ae8-4bc5-bec4-92eb99f9fde2,2025-05-07,56037025-414a-4a5f-8b0f-a21864528f78,,1,2385000,0.00000000000000000000,2385000.00000000000000000000,,Delivered,2026-06-18 23:55:42.102791+00
5aae5189-e683-4a5a-a7ae-b219f88ff4e5,b6e8eafb-2bea-419d-9f3f-9569a97ba896,09c1e085-d0c2-46a6-af1c-d944bd8e6782,2024-07-26,8da5249a-c2b8-48c3-b61c-12ecf6d898d8,,1,2989110,0.00000000000000000000,2989110.00000000000000000000,,Delivered,2026-06-18 23:55:42.102791+00
01268570-27fb-4af9-b009-2e0617b60045,5d9b04ac-6c78-4394-9c35-c573c1513baa,0bf03e88-114a-4163-aeb6-569e31acebaf,2025-04-24,56037025-414a-4a5f-8b0f-a21864528f78,,1,2385000,0.00000000000000000000,2385000.00000000000000000000,,Delivered,2026-06-18 23:55:42.102791+00
463641a7-7dec-472c-a460-e7853d2bc797,c601c3f6-bea9-416f-be18-91da8771b0b1,9ce8e66a-7b58-4bff-aea2-52a864e72cd2,2024-08-18,d5983bac-f278-458a-b74e-d5e2da45063d,,1,2362500,0.00000000000000000000,2362500.00000000000000000000,,Delivered,2026-06-18 23:55:42.102791+00
4aa8b166-6db7-4c6d-a578-a1c4cbeb4d6a,278e2d99-b828-4eb4-a14c-f24088911e36,82e28770-c7cd-4cfd-ab84-c98cdc47b674,2025-04-14,56037025-414a-4a5f-8b0f-a21864528f78,,1,2385000,0.00000000000000000000,2385000.00000000000000000000,,Delivered,2026-06-18 23:55:42.102791+00
ee001630-3c64-4390-b022-dc9ee6112b3b,65beb832-922a-4e17-9683-7e83757083e9,c342d3c2-f899-40e0-90bb-9a4c518f3dd4,2025-05-04,56037025-414a-4a5f-8b0f-a21864528f78,,1,2385000,0.00000000000000000000,2385000.00000000000000000000,,Delivered,2026-06-18 23:55:42.102791+00
a91b6d60-01b1-4550-8f87-33a6f6dd9821,84f17b9e-5158-473d-8991-30e06904c0e8,049f5ae7-434f-4ed0-92b8-42ead380dcd7,2025-04-28,56037025-414a-4a5f-8b0f-a21864528f78,,1,2269725,0.00000000000000000000,2269725.00000000000000000000,,Delivered,2026-06-18 23:55:42.102791+00
a16efbf6-28e1-45d0-bf73-ff46f03cc5f8,71b8c377-5b40-46b0-92c9-75a7e0b88c11,52ecf99a-6725-482b-a27f-48f1881e18db,2025-06-27,56037025-414a-4a5f-8b0f-a21864528f78,,1,2226000,0.00000000000000000000,2226000.00000000000000000000,,Delivered,2026-06-18 23:55:42.102791+00
9c0e32b2-7dd1-472c-aade-f6b4d27a00c4,a017bd37-3076-475e-a0ea-c127996da400,0ec586c7-5951-41e6-b851-89135f222a21,2025-06-24,56037025-414a-4a5f-8b0f-a21864528f78,,1,2226000,0.00000000000000000000,2226000.00000000000000000000,,Delivered,2026-06-18 23:55:42.102791+00
75bda4f0-a915-4d6e-b3bc-b2099d38f404,d182d13d-bc37-44a4-af25-8142ab25a154,362f0aa6-ba6d-4b61-8767-f7220b6ebac1,2025-06-02,56037025-414a-4a5f-8b0f-a21864528f78,,1,2226000,0.00000000000000000000,2226000.00000000000000000000,,Delivered,2026-06-18 23:55:42.102791+00
a9f350aa-5663-4efc-a9db-1f3b0534cace,beaf7095-68a4-4544-a267-b3998b2e3ee8,57db014a-e963-4646-bdc9-243643998ef4,2025-08-27,56037025-414a-4a5f-8b0f-a21864528f78,,1,2235000,0.00000000000000000000,2235000.00000000000000000000,,Delivered,2026-06-18 23:55:42.102791+00
42d65486-f6e1-4d9c-9f64-53c6a0362cfd,57f94357-d542-4b79-ba37-4460065ed0f5,2102b565-760b-4124-98d8-1afca72b6c2c,2025-06-16,56037025-414a-4a5f-8b0f-a21864528f78,,1,2226000,0.00000000000000000000,2226000.00000000000000000000,,Delivered,2026-06-18 23:55:42.102791+00
4be5afee-c475-4eb8-8e01-f7716da2042a,d631c876-391a-472e-bb66-625d6b2853ee,fa2747b5-e4e2-4e27-a95d-28d7b8298dcb,2025-05-14,56037025-414a-4a5f-8b0f-a21864528f78,,1,2226000,0.00000000000000000000,2226000.00000000000000000000,,Delivered,2026-06-18 23:55:42.102791+00
74b59a2c-363c-4aef-a637-db7a4c414e06,868171a6-1612-42b9-9c84-e305207e4187,15fd6d2e-2f41-4c46-884e-a0481fe8ca69,2025-05-11,56037025-414a-4a5f-8b0f-a21864528f78,,1,2226000,0.00000000000000000000,2226000.00000000000000000000,,Delivered,2026-06-18 23:55:42.102791+00
3a528550-7162-4ff7-8390-3d35edf6b63e,66f9681f-8a11-44cd-999d-f2e791ef040d,e412a198-5525-4159-8d50-6d160220a0c6,2024-09-18,d5983bac-f278-458a-b74e-d5e2da45063d,,1,2100190,0.00000000000000000000,2100190.00000000000000000000,,Delivered,2026-06-18 23:55:42.102791+00
b659f8d4-27b8-4f87-a22e-452d76c5edc6,745939ed-e85e-419e-95a3-e95cf5c79a43,5c188298-9fa7-470e-a8bf-6e1993c35d12,2025-05-13,56037025-414a-4a5f-8b0f-a21864528f78,,1,1971600,0.00000000000000000000,1971600.00000000000000000000,,Delivered,2026-06-18 23:55:42.102791+00
07d913f0-044c-4d62-94df-6cfc95b231f6,b86442f2-30a0-457f-8651-355a3f20371a,af567b09-de89-4b51-94c2-6c3ca6f10098,2025-01-06,71be3019-2872-4e46-9e8f-941663554ca2,,1,1156250,0.00000000000000000000,1156250.00000000000000000000,,Delivered,2026-06-18 23:55:42.102791+00
4a3f4c69-9240-4a7a-875e-c6801c8d84a0,54508f44-755b-4b45-96fc-05161f92bf90,502206db-037e-4b63-87f0-24af78d304e7,2025-03-27,71be3019-2872-4e46-9e8f-941663554ca2,,1,1087500,0.00000000000000000000,1087500.00000000000000000000,,Delivered,2026-06-18 23:55:42.102791+00
2349c293-d7ce-4f06-9ac8-b5d2da6d56ec,f573c435-460a-4631-9965-fd82238dceea,90ad505e-e1ab-46a2-95bb-83a8f629040c,2025-10-06,cf35118b-bee6-44e5-8011-470d64b8d0fc,,1,1770000,0.00000000000000000000,1770000.00000000000000000000,,Delivered,2026-06-18 23:55:42.102791+00
17ed42fe-7d94-46e1-a7c3-7a32c9c6a2aa,1eeaba16-be38-46a5-a706-7d0b7d0b7298,50f1c86a-3bbb-4b57-8d12-a15d5bfb66d1,2025-11-09,ef173824-236e-4589-af6a-5bd7edb0e89f,,1,1464000,0.00000000000000000000,1464000.00000000000000000000,,Delivered,2026-06-18 23:55:42.102791+00
f84ca32d-53c3-4a62-8cf0-429a4682e6ce,cfc9c3f3-6c39-4d83-a1cb-a7fd6a99f39d,d237516e-b778-4c8d-b0cd-d396e7706fe2,2025-09-14,e99e6ca5-a4bb-4343-a635-49f04389ca2a,,1,1260000,0.00000000000000000000,1260000.00000000000000000000,,Delivered,2026-06-18 23:55:42.102791+00
62a43aee-c25f-4465-8aaa-e2de6ba6eaa6,47ac3f64-9c9a-4adf-b9bb-0dbea1d34cb0,d73609f8-1734-41f6-8f31-bdb56332d963,2025-11-27,f0fcd114-c83c-4557-ab8e-29869eb50b7b,,1,1139750,0.00000000000000000000,1139750.00000000000000000000,,Delivered,2026-06-18 23:55:42.102791+00
07bdd026-4a22-456b-ac9c-e6a52e1bb5cb,06c8ff7d-1bf1-4aa6-aa4a-b31eda82e159,4fca32b0-da66-48e4-a89a-8dfec3bd3339,2024-11-15,71be3019-2872-4e46-9e8f-941663554ca2,,1,1110000,0.00000000000000000000,1110000.00000000000000000000,,Delivered,2026-06-18 23:55:42.102791+00
95316601-760f-4afe-8d10-c07f1f34147b,070b6044-cee8-46a2-bbcb-948e75ae6b58,06d4e5e8-3744-48a9-a60c-2272ddbf4dc6,2025-04-14,e5292d40-6064-4169-875d-acf942d10206,,1,1079364,0.00000000000000000000,1079364.00000000000000000000,,Delivered,2026-06-18 23:55:42.102791+00
f035d9df-397c-467e-8a22-964487cde176,12fe1639-ee30-4d0a-ac41-27278574aaf5,3f56764c-91eb-4726-aeaa-ab443763d2ca,2026-01-11,f3df996d-b48b-4239-8bf1-1e46b44fabd6,,1,1035000,0.00000000000000000000,1035000.00000000000000000000,,Delivered,2026-06-18 23:55:42.102791+00
16182899-288b-48ea-b978-1f9876e5b391,aa42d1e8-689b-4e4b-be3f-d1b47a45c900,ebc77f72-0f16-4c4a-a42b-a9b00e4efbbe,2024-12-06,30c6649d-c288-46e2-adc3-2bc11a77e44f,,1,999999,0.00000000000000000000,999999.00000000000000000000,,Delivered,2026-06-18 23:55:42.102791+00
ca6cec9a-2d2c-4845-ad19-1b35ddbd3dc8,5bc01c53-7361-42bc-b7b6-6f4feeb13c94,90758eaa-49ac-4262-9657-96a392c6aafc,2024-11-05,ee050b45-8c17-4d06-ba05-a7f64ed04dab,,1,955000,0.00000000000000000000,955000.00000000000000000000,,Delivered,2026-06-18 23:55:42.102791+00
e68cb476-b35e-474d-ad8e-c39f3ab0cef9,5fb14232-22c2-49d7-b15c-5caf6923a1f3,aa24f9e2-a0cc-4703-8c79-3fd36a2bc7f8,2025-08-18,e99e6ca5-a4bb-4343-a635-49f04389ca2a,,1,934500,0.00000000000000000000,934500.00000000000000000000,,Delivered,2026-06-18 23:55:42.102791+00
0336192a-1f76-422a-a19c-94be223a4f1d,e0c37438-9e2a-4fd4-858d-51ae7bc7f8a1,c70ba89c-5711-4a7e-ac5e-3a4cc3d03e7f,2025-05-28,56037025-414a-4a5f-8b0f-a21864528f78,,1,1590000,0.00000000000000000000,1590000.00000000000000000000,,Delivered,2026-06-18 23:55:42.102791+00
a14cc149-c546-4017-8b05-364815740abd,79f20bde-aab6-4738-b650-034214bf55d2,07cb97f1-d077-472f-874c-70e6ec9a458d,2026-01-04,7278af2d-7018-4d13-bb4d-1b35f4307714,,1,1440000,0.00000000000000000000,1440000.00000000000000000000,,Delivered,2026-06-18 23:55:42.102791+00
aa4eb596-fc5a-4e71-98a6-605e36500dab,22ce409c-2b8f-4354-8e25-8eb94d05da93,22422b81-49bf-4641-adf4-f7a8659aa283,2025-11-28,99654bf2-99d2-4963-a48f-35d1eacc4352,,1,1252500,0.00000000000000000000,1252500.00000000000000000000,,Delivered,2026-06-18 23:55:42.102791+00
d8a8b6a6-05f1-4134-9e3e-45034101b239,f6ced2ed-f91f-47c0-9d07-00aff20822f5,2a0cd546-914e-43af-a6db-12ec1326b4f3,2024-10-07,7f074738-5a84-4e01-9226-9a0acb1a86d8,,1,1125900,0.00000000000000000000,1125900.00000000000000000000,,Delivered,2026-06-18 23:55:42.102791+00
56de4641-5310-4617-b68f-b97dd1d3ea32,668b0602-2ffd-41ee-9eb1-46007cfa7caf,64eaf831-c1eb-4d1c-8749-a57ddd1de036,2025-10-16,cf35118b-bee6-44e5-8011-470d64b8d0fc,,1,1106250,0.00000000000000000000,1106250.00000000000000000000,,Delivered,2026-06-18 23:55:42.102791+00
fe98d442-3a96-49b4-afb3-166c63ec1ba8,8395348b-f0ef-490c-b357-786a6af23dc1,576780db-f629-4df7-9f68-8416f7da17ad,2025-02-17,f0fcd114-c83c-4557-ab8e-29869eb50b7b,,1,1070000,0.00000000000000000000,1070000.00000000000000000000,,Delivered,2026-06-18 23:55:42.102791+00
558c0788-3b62-4643-901f-de8a10000110,8a33b8ca-29f2-478b-9899-81cbe1e4fbb9,406ad077-0891-4261-90eb-aa217c191d2a,2025-11-25,f3df996d-b48b-4239-8bf1-1e46b44fabd6,,1,1019200,0.00000000000000000000,1019200.00000000000000000000,,Delivered,2026-06-18 23:55:42.102791+00
40cda48c-3c69-48b7-946f-55567b6782d4,8767ef72-3450-43b4-ad2c-29db2b93834f,d33680f6-79b8-4d12-a7df-107d7d470de4,2024-07-18,8da5249a-c2b8-48c3-b61c-12ecf6d898d8,,1,968000,0.00000000000000000000,968000.00000000000000000000,,Delivered,2026-06-18 23:55:42.102791+00
3d549213-07db-4c57-a5b3-50de77a3ff06,a56ce1d2-c6c9-4184-8077-c44e5e3d4304,ae5a0708-5a54-42be-bcf0-740b7ed7a27e,2025-08-11,e99e6ca5-a4bb-4343-a635-49f04389ca2a,,1,947375,0.00000000000000000000,947375.00000000000000000000,,Delivered,2026-06-18 23:55:42.102791+00
21f6c700-1383-4705-a66e-1dbb04eeb92c,7527b0ae-46f3-482c-b2d6-26dc87ae8cf6,ce27003a-3fc1-47c8-803e-c9300d0eaa54,2025-07-15,ef173824-236e-4589-af6a-5bd7edb0e89f,,1,928000,0.00000000000000000000,928000.00000000000000000000,,Delivered,2026-06-18 23:55:42.102791+00
62a52cb2-1975-46c0-8cd2-10b8461eaf18,8f7375b6-dd1c-486b-bb28-7e0197bc8019,af2ee096-6355-42f0-80a2-222e77f1df23,2026-02-12,7278af2d-7018-4d13-bb4d-1b35f4307714,,1,1515000,0.00000000000000000000,1515000.00000000000000000000,,Delivered,2026-06-18 23:55:42.102791+00
c867f251-0baf-44d2-be49-578d93cd8400,bf038f5e-c33e-459c-9873-24a1edd172e0,fc96d942-7888-46cf-ae5b-1d7e947521db,2025-10-29,ef173824-236e-4589-af6a-5bd7edb0e89f,,1,1346300,0.00000000000000000000,1346300.00000000000000000000,,Delivered,2026-06-18 23:55:42.102791+00
f950d814-c200-4d83-9dd8-d79121a45406,fb030084-3678-4461-8510-06c3b885df6b,c56503ee-6dea-4e6b-8e18-d1a94c3a1394,2024-07-30,4773b1ae-845f-4eba-a64c-a9dbebd5eb47,,1,1156250,0.00000000000000000000,1156250.00000000000000000000,,Delivered,2026-06-18 23:55:42.102791+00
685b9bdd-430d-4aaf-85c8-77814ab578b9,19c7e1a2-506e-41e4-9e12-80615f05f46d,b6d2b23b-bffc-4b2f-ae7b-36d74f14517a,2024-12-13,71be3019-2872-4e46-9e8f-941663554ca2,,1,1110000,0.00000000000000000000,1110000.00000000000000000000,,Delivered,2026-06-18 23:55:42.102791+00
7967fcab-61df-4a96-aa5b-b8c6e55d122a,56fd2521-f2a0-491b-8419-652d74512442,f7389253-57e5-4992-815e-627309fd818a,2025-01-19,71be3019-2872-4e46-9e8f-941663554ca2,,1,1092900,0.00000000000000000000,1092900.00000000000000000000,,Delivered,2026-06-18 23:55:42.102791+00
9b3c5a51-3159-40eb-abc0-d55463ff9d28,45d86eaa-1fcc-40dc-91a6-58d1c41b2f97,509c8438-7222-4296-955b-c06941a3a151,2026-02-20,f3df996d-b48b-4239-8bf1-1e46b44fabd6,,1,1045000,0.00000000000000000000,1045000.00000000000000000000,,Delivered,2026-06-18 23:55:42.102791+00
227ac797-5f46-46c3-a46f-152d68620893,1d8531d0-a563-49c5-89ab-cc9dfcf326a5,27f8b375-4e64-4cbc-b849-75b1658aa2b0,2024-07-04,8da5249a-c2b8-48c3-b61c-12ecf6d898d8,,1,1010000,0.00000000000000000000,1010000.00000000000000000000,,Delivered,2026-06-18 23:55:42.102791+00
e0d235c7-7526-4740-ae10-e97258d6c4a1,eb9f1a7b-b99c-44c0-927d-2d68b718635e,0e1e546c-49f5-4f5f-8132-06b353e51586,2025-03-19,acc76122-192c-47ad-adaa-9c9babc33160,,1,966000,0.00000000000000000000,966000.00000000000000000000,,Delivered,2026-06-18 23:55:42.102791+00
b0775acf-4b81-4abd-870d-52206fe742c7,3d79b68b-5873-4666-a174-15c74618c02a,bdb6b932-c811-479b-9619-9be2d201d764,2025-09-24,ee050b45-8c17-4d06-ba05-a7f64ed04dab,,1,941250,0.00000000000000000000,941250.00000000000000000000,,Delivered,2026-06-18 23:55:42.102791+00
e9f4b9ac-0bf6-4843-9602-8fbd38856078,3a3c645e-04e8-477d-90be-f50b0d1ca3b4,11bfcdb9-fae7-447b-9619-3e1e3912eba4,2024-10-27,4f0cd4d4-6997-4586-b94d-cfbfc15ccd92,,1,925000,0.00000000000000000000,925000.00000000000000000000,,Delivered,2026-06-18 23:55:42.102791+00
482f552f-5e5a-42c2-ae26-8a9e1f90efb2,eccb097c-d592-4f6d-ab86-a1e0c447b265,bf0f884c-2302-4941-a191-953d0838d0ad,2024-08-02,8da5249a-c2b8-48c3-b61c-12ecf6d898d8,,1,909400,0.00000000000000000000,909400.00000000000000000000,,Delivered,2026-06-18 23:55:42.102791+00
d1413f00-fbba-4737-a350-f68aad0c6110,3de6b3c7-ccfb-4a3a-9b1f-31829366611f,5f97c549-f081-4c86-ba1b-cc29316419af,2024-07-20,71be3019-2872-4e46-9e8f-941663554ca2,,1,894625,0.00000000000000000000,894625.00000000000000000000,,Delivered,2026-06-18 23:55:42.102791+00
f5e1f3ba-20b9-4f1f-943f-c2efad1c2a2c,66b4067a-9ebb-4d3d-a090-0f827242b2b3,ba6a2c4d-1d4a-4f24-90d7-df084c15d9cc,2024-09-30,84a3b001-94f5-4c5f-b5fe-1ba3599567e6,,1,868750,0.00000000000000000000,868750.00000000000000000000,,Delivered,2026-06-18 23:55:42.102791+00
a7c9f827-fc64-4dd4-bf07-1572f82f9933,ae1ec2fb-e0d8-4ad5-b074-2d0264a5e75c,58c90be2-9357-4ea4-a976-cda846aa49d5,2025-09-14,71be3019-2872-4e46-9e8f-941663554ca2,,1,851300,0.00000000000000000000,851300.00000000000000000000,,Delivered,2026-06-18 23:55:42.102791+00
a5301b72-953b-4760-af61-cf244f0c532c,aacf014a-a47e-40c0-8fa5-a865274cd7c2,c6721994-3f58-483d-a483-345f3fd9ca33,2024-08-26,8da5249a-c2b8-48c3-b61c-12ecf6d898d8,,1,825000,0.00000000000000000000,825000.00000000000000000000,,Delivered,2026-06-18 23:55:42.102791+00
92fea0b9-c2b3-4aeb-9746-90bc2b7dafa6,4ac8c1ac-6f2a-4d09-8376-3a6f6d616190,652aa661-7993-46a1-a021-d2164fb1b38e,2024-07-23,ee050b45-8c17-4d06-ba05-a7f64ed04dab,,1,800000,0.00000000000000000000,800000.00000000000000000000,,Delivered,2026-06-18 23:55:42.102791+00
3216d70d-ba77-4393-9a1b-550bcddb656b,4f543614-347c-45d2-a297-a39fa864d592,56bc538d-4bda-4d49-aed5-7b0dd33f0415,2025-01-09,71be3019-2872-4e46-9e8f-941663554ca2,,1,320500,0.00000000000000000000,320500.00000000000000000000,,Delivered,2026-06-18 23:55:42.102791+00
30bfa361-c750-40d6-8641-f00f848eb51b,f5cececa-3718-4d54-b095-188a3cc8c3e3,f9c4a7fd-62ea-4a05-8f18-74c2dbf4b52b,2025-05-21,71be3019-2872-4e46-9e8f-941663554ca2,,1,312500,0.00000000000000000000,312500.00000000000000000000,,Delivered,2026-06-18 23:55:42.102791+00
a67bade8-dea2-4e2e-a3f0-8787e974d70c,a5d35269-2d99-4caf-aafb-96ed635df7bc,0230518a-ac25-46bb-9d1a-0f1cfbe382ca,2025-07-20,71be3019-2872-4e46-9e8f-941663554ca2,,1,307700,0.00000000000000000000,307700.00000000000000000000,,Delivered,2026-06-18 23:55:42.102791+00
75ee66d2-4040-4c4f-99bd-a9414966d6b7,14cdced9-cbe1-4447-83c8-f4ce3aaca52e,f4a6f846-3b67-45eb-bf5d-ae4b995eb539,2025-02-24,71be3019-2872-4e46-9e8f-941663554ca2,,1,918750,0.00000000000000000000,918750.00000000000000000000,,Delivered,2026-06-18 23:55:42.102791+00
caf4d2a7-2171-4afc-9fd8-b520e870dc33,2f3105fd-fcbe-435a-ac2c-ab8983040875,c244506b-d6ae-48d3-9794-385e996164e4,2025-05-27,71be3019-2872-4e46-9e8f-941663554ca2,,1,904500,0.00000000000000000000,904500.00000000000000000000,,Delivered,2026-06-18 23:55:42.102791+00
0c4c8578-9947-4762-ae52-9a01ca961531,160755e0-5670-4411-bb68-b40efcddfc23,babd675b-3e61-4d3a-975e-36c31f06c78a,2024-09-29,8da5249a-c2b8-48c3-b61c-12ecf6d898d8,,1,892500,0.00000000000000000000,892500.00000000000000000000,,Delivered,2026-06-18 23:55:42.102791+00
1e9573ec-b980-4950-883f-db4615ac4741,ab6e6962-f0f7-45a5-8c99-87a90118864b,0999da28-d1a1-4676-abab-6892710f3b3a,2024-08-13,22f3c314-4681-438c-96f5-2c089289e523,,1,866500,0.00000000000000000000,866500.00000000000000000000,,Delivered,2026-06-18 23:55:42.102791+00
f699c623-d87b-4ff3-be8a-c76080f73249,2524a682-b8f2-4ec3-be77-7d302cfb5759,aada22f3-50a3-40ae-937b-5447e3bd382a,2024-06-06,8da5249a-c2b8-48c3-b61c-12ecf6d898d8,,1,850300,0.00000000000000000000,850300.00000000000000000000,,Delivered,2026-06-18 23:55:42.102791+00
a80f4cfa-f143-446a-9ace-3d009f3bcdf0,d460c4ef-8d09-4332-b596-fccd08c792f8,e01c9472-cff0-4dc9-9eda-2578e6771f52,2024-10-11,71be3019-2872-4e46-9e8f-941663554ca2,,1,846675,0.00000000000000000000,846675.00000000000000000000,,Delivered,2026-06-18 23:55:42.102791+00
e08dc25f-a0a1-45d9-b022-96b5e428aab3,ecf62c0b-bfce-4d33-99ca-02f77e8cdd34,39e1df59-ff61-4b00-bae1-ced32ccf47b3,2025-12-22,71be3019-2872-4e46-9e8f-941663554ca2,,1,827349,0.00000000000000000000,827349.00000000000000000000,,Delivered,2026-06-18 23:55:42.102791+00
422c4c0d-cc86-4d18-84ee-1c7ae51640e6,df6e9833-ba41-410a-b107-a9a6bdd16782,e999dcc5-e79f-44a6-b484-1d20d99c5525,2024-06-06,ccb49d47-ef18-415e-84ff-5119d836592b,,1,816375,0.00000000000000000000,816375.00000000000000000000,,Delivered,2026-06-18 23:55:42.102791+00
6c3ce843-9450-4f28-b085-9c8cb91fa63b,1b91cfc1-4a63-4d48-9789-b1225196a915,dd5a35ea-f7d8-4e8f-b72d-0ce0918c84a6,2025-12-21,71be3019-2872-4e46-9e8f-941663554ca2,,1,808640,0.00000000000000000000,808640.00000000000000000000,,Delivered,2026-06-18 23:55:42.102791+00
e2407713-dbc9-4396-a257-12202f643fda,09c5901c-4707-4b64-88c8-8e9a775d37e1,bd9fcdd6-6149-4912-9efe-42a796c61f8d,2026-02-20,13434759-d4fc-4dc9-ad3b-480ab7211da2,,1,803159,0.00000000000000000000,803159.00000000000000000000,,Delivered,2026-06-18 23:55:42.102791+00
1a1a00b8-3983-48fe-9f57-853e00f11767,936c2be0-e24a-4f73-a5ba-8a379a2125ac,7f3aa5c8-e867-46db-a074-26208a0f5dc6,2024-08-21,71be3019-2872-4e46-9e8f-941663554ca2,,1,321675,0.00000000000000000000,321675.00000000000000000000,,Delivered,2026-06-18 23:55:42.102791+00
7d8fadf9-efdd-48fe-8ab3-a867d05ca2ce,f2f51bf9-bc62-43ab-88d8-813480c0e084,d7cefc5e-6d3b-4d36-8c12-f8186d8acc2b,2025-04-30,56037025-414a-4a5f-8b0f-a21864528f78,,1,2226000,0.00000000000000000000,2226000.00000000000000000000,,Delivered,2026-06-18 23:55:42.102791+00
f13074a3-38a4-40d2-9a64-7a65b9fe6cb2,ba5bb710-7dcf-4e5e-9951-a0c8df9353ba,0c509944-5822-4d1e-addf-f25804ea635b,2026-02-09,7278af2d-7018-4d13-bb4d-1b35f4307714,,1,1616000,0.00000000000000000000,1616000.00000000000000000000,,Delivered,2026-06-18 23:55:42.102791+00
753ea96b-d7e0-4606-88ae-af7c827b591b,6c7ad414-26b8-40ab-9a17-2f146875e98c,170d65af-08f7-492f-909f-23550e4139d8,2025-12-16,ef173824-236e-4589-af6a-5bd7edb0e89f,,1,1456000,0.00000000000000000000,1456000.00000000000000000000,,Delivered,2026-06-18 23:55:42.102791+00
ea4d8dc9-ab89-4ed7-832e-163d30cf7767,96855d8d-98a7-46b2-bfbf-bf7c05943726,93064043-65f2-4cf8-ae3a-47eeb59568ae,2025-09-18,71be3019-2872-4e46-9e8f-941663554ca2,,1,1231572,0.00000000000000000000,1231572.00000000000000000000,,Delivered,2026-06-18 23:55:42.102791+00
e85c6735-3524-4563-b777-fcc94dc8f9ca,fac574ef-35bd-49d3-80d2-45998a7492db,2397ccc8-ff8a-49c7-8cc6-835816f94705,2025-01-19,d5cfc9ca-e095-4816-8888-c0cd5c1bc4e1,,1,1130000,0.00000000000000000000,1130000.00000000000000000000,,Delivered,2026-06-18 23:55:42.102791+00
ab6d7ed6-753c-4a95-a3ba-9fbf05dff5ba,b75c6aa7-49d2-4cbf-90f2-86292f48bf0e,62b47b81-9c45-421b-ab3b-4ee20cef342b,2025-10-15,cf35118b-bee6-44e5-8011-470d64b8d0fc,,1,1106250,0.00000000000000000000,1106250.00000000000000000000,,Delivered,2026-06-18 23:55:42.102791+00
05f8c5b6-b9ee-4a34-9b9f-6b489c10556b,ca826de2-a44f-4ad9-abb3-1cdfe248e2d9,48f59f23-c955-4a2c-9ccf-7cdd13d610f1,2024-06-28,ddc6b03a-4a98-439c-bfaf-cb665a6c6c5b,,1,1074500,0.00000000000000000000,1074500.00000000000000000000,,Delivered,2026-06-18 23:55:42.102791+00
ddda9672-b0d9-4a07-80bb-14ce8071c924,9e014367-9eaf-4875-84f9-f82883a81316,b5b98d56-7216-45c4-8d5c-fbf814a8c99e,2025-11-10,71be3019-2872-4e46-9e8f-941663554ca2,,1,1031328,0.00000000000000000000,1031328.00000000000000000000,,Delivered,2026-06-18 23:55:42.102791+00
0be7ffbc-dcc1-4f0b-ac39-53ada9165c8a,743aec52-95c1-457b-a3bd-c7d1992da7cb,b587139a-5f62-4f7e-a994-fc3d501b9812,2025-10-03,242b18b0-2b6e-4ef6-b311-fa29444b997b,,1,996000,0.00000000000000000000,996000.00000000000000000000,,Delivered,2026-06-18 23:55:42.102791+00
7aa17dd5-446c-4284-8be6-94e44eac0fd4,d8323da5-8904-4e78-ab75-f64986cdcddd,587439c1-9481-450d-9133-74669a47a180,2025-04-11,56037025-414a-4a5f-8b0f-a21864528f78,,1,954000,0.00000000000000000000,954000.00000000000000000000,,Delivered,2026-06-18 23:55:42.102791+00
33161748-76d8-417a-bcff-4fb41de6c272,ec452fc3-7848-4568-b817-ccce1e7258c6,6a0695df-962c-4b9d-8ff1-bec17a5a46c9,2026-02-03,628bcaf4-621f-4082-9aff-5ac50eb5f547,,1,933000,0.00000000000000000000,933000.00000000000000000000,,Delivered,2026-06-18 23:55:42.102791+00
e78c65a5-fe78-4e7d-9f94-d40806af421b,5ec44257-83bb-48cd-92a3-107afe495b44,961fe190-ac02-43f0-b4bb-f7a1e76783ae,2025-04-21,56037025-414a-4a5f-8b0f-a21864528f78,,1,1590000,0.00000000000000000000,1590000.00000000000000000000,,Delivered,2026-06-18 23:55:42.102791+00
1343555f-ada0-465f-bb84-0939ed937c7c,3bdd5418-dd08-4f8d-9f6c-1590ae4ceebe,e267d715-236c-4480-a7f5-c49fdf7ec118,2025-02-28,71be3019-2872-4e46-9e8f-941663554ca2,,1,1450000,0.00000000000000000000,1450000.00000000000000000000,,Delivered,2026-06-18 23:55:42.102791+00
fbfdc73e-f5c8-490a-9a7d-7172ce47115c,d07fc2c6-d4af-4707-ab28-e8e3cb724831,cba9e865-3c70-4b74-ad81-c806daa4c9a0,2025-11-09,cb9742f2-b64b-403b-a01c-866e7493f406,,1,1244500,0.00000000000000000000,1244500.00000000000000000000,,Delivered,2026-06-18 23:55:42.102791+00
2194fff0-522d-40d0-83e2-d81c0c0aa152,2bef86d5-06e1-433c-80d4-5896b4d06362,ef5cfca7-e547-4dc3-a5d9-764f7766f1a8,2025-11-06,99654bf2-99d2-4963-a48f-35d1eacc4352,,1,1150000,0.00000000000000000000,1150000.00000000000000000000,,Delivered,2026-06-18 23:55:42.102791+00
2d725acc-3d4b-41af-8a07-a36fd24a06d2,cf516246-fe64-42db-b377-80834f6be9f5,4ccf9908-ea24-4ffc-9b45-97dbe0db37cf,2025-03-17,d5cfc9ca-e095-4816-8888-c0cd5c1bc4e1,,1,1095000,0.00000000000000000000,1095000.00000000000000000000,,Delivered,2026-06-18 23:55:42.102791+00
01199d82-910f-4306-9390-a74437021111,b5ba3fbc-8653-4324-a33c-3a166b369aab,77715214-47c3-4db1-a9dc-fd82c009a6b5,2026-01-18,7278af2d-7018-4d13-bb4d-1b35f4307714,,1,1616000,0.00000000000000000000,1616000.00000000000000000000,,Delivered,2026-06-18 23:55:42.102791+00
687411f7-e6fe-4a09-9a9e-696a71cce8fe,00197808-e4f2-45e6-b986-d9165b3ca0db,bddfc96f-c1c7-46a3-bba5-3d746feadeb1,2026-01-06,7278af2d-7018-4d13-bb4d-1b35f4307714,,1,1440000,0.00000000000000000000,1440000.00000000000000000000,,Delivered,2026-06-18 23:55:42.102791+00
5874f248-7bc2-430e-83d6-b7e770d87ce3,adc5cc43-e564-42d3-ab93-bc0c54b3de55,1eb35363-2501-4232-9fc1-5d3a7b79ceca,2026-01-23,d9b2eb32-034b-4fb9-b662-68e4ceaeeb89,,1,1197499,0.00000000000000000000,1197499.00000000000000000000,,Delivered,2026-06-18 23:55:42.102791+00
81ae52ba-b042-4eac-ba3d-b95aef22b7d4,980735b7-7112-4661-9ed7-f5a979856d46,1f6700f0-dfbe-462b-bf9a-2cbd9b1812ae,2025-11-02,ee050b45-8c17-4d06-ba05-a7f64ed04dab,,1,1125000,0.00000000000000000000,1125000.00000000000000000000,,Delivered,2026-06-18 23:55:42.102791+00
56dceb8f-fc5d-404a-961d-4a5adf93b5ee,5d550d57-ee77-40e8-af30-0a82c6c98d1a,f69bb451-70f9-4262-ac88-651203f536c8,2025-10-15,cf35118b-bee6-44e5-8011-470d64b8d0fc,,1,1106250,0.00000000000000000000,1106250.00000000000000000000,,Delivered,2026-06-18 23:55:42.102791+00
2b7ad3b4-49db-4ed6-ab3a-4344b9fd4bdc,2300099f-0506-43bc-aee1-1cab1cdf77b8,e422f23e-51a3-4815-8523-664344c2ef08,2025-12-22,71be3019-2872-4e46-9e8f-941663554ca2,,1,1065750,0.00000000000000000000,1065750.00000000000000000000,,Delivered,2026-06-18 23:55:42.102791+00
104699ed-d7a7-4e81-a504-d954a142f266,6d5bd78a-c89e-4e94-97ed-a26121aed381,adc3ea56-1d2d-427d-aa2a-00b8138c9def,2026-01-29,7278af2d-7018-4d13-bb4d-1b35f4307714,,1,1030000,0.00000000000000000000,1030000.00000000000000000000,,Delivered,2026-06-18 23:55:42.102791+00
ec80fb66-da55-483c-97f9-94559ce5e6bd,fc3aa168-87d0-40f9-9d99-e3eeb1f5b358,c9522edc-dedd-4ca3-9067-13237f612d1b,2025-08-24,71be3019-2872-4e46-9e8f-941663554ca2,,1,985927,0.00000000000000000000,985927.00000000000000000000,,Delivered,2026-06-18 23:55:42.102791+00
0d120ae2-e032-4718-8d19-a6c1a03b9008,08f5e6bc-0309-4939-8f3e-f5313386a07a,ab6289bc-de02-451c-8341-50640f491d56,2024-07-23,71be3019-2872-4e46-9e8f-941663554ca2,,1,954325,0.00000000000000000000,954325.00000000000000000000,,Delivered,2026-06-18 23:55:42.102791+00
0355bee2-8d62-4cc3-8b03-4794993edfd2,c97e41db-b2f8-4345-bae5-a21d3998d882,37995ef8-9551-4670-987b-f1bd3bafef7c,2025-09-24,ee050b45-8c17-4d06-ba05-a7f64ed04dab,,1,933750,0.00000000000000000000,933750.00000000000000000000,,Delivered,2026-06-18 23:55:42.102791+00
1434b955-c2b9-4c79-a313-641ad34cc6c8,68e9cbd2-ac41-4a5f-8f33-5b8c04aad876,ba7701a4-d260-4667-ab7e-98f65f113fa4,2026-02-02,7278af2d-7018-4d13-bb4d-1b35f4307714,,1,1648000,0.00000000000000000000,1648000.00000000000000000000,,Delivered,2026-06-18 23:55:42.102791+00
5d43776c-d57d-4c72-b8ca-8b5601bbb1a2,9ecf112f-162d-4c48-bbfc-7277e2d6ea30,4cd5d7d3-167f-4e56-af72-9d764fdce872,2025-12-15,7278af2d-7018-4d13-bb4d-1b35f4307714,,1,1456000,0.00000000000000000000,1456000.00000000000000000000,,Delivered,2026-06-18 23:55:42.102791+00
fa78484f-78da-4ab1-974a-29e49cf47cdd,e9a827b3-78e2-47a5-bbcf-a6c73e5f2156,e8fc63ce-825a-4c8a-a011-0886d8a43017,2025-10-13,c6e017b2-c27d-4969-95de-8284a705a232,,1,1267050,0.00000000000000000000,1267050.00000000000000000000,,Delivered,2026-06-18 23:55:42.102791+00
31894724-956e-460a-9f38-3a418d118a1f,b3fe0bde-382b-439f-ac6c-5d5dc6e70845,1bcbf933-de6e-4e7c-ad6b-6b2ad85dab1c,2024-12-26,8da5249a-c2b8-48c3-b61c-12ecf6d898d8,,1,1139820,0.00000000000000000000,1139820.00000000000000000000,,Delivered,2026-06-18 23:55:42.102791+00
c91a8418-ced0-4790-bcf4-3f4723572092,bda7623e-0053-4941-b8dd-24dc6d48ae96,2b6a6548-0ef0-4c68-896c-0e636c9e7e5a,2024-11-14,71be3019-2872-4e46-9e8f-941663554ca2,,1,1110000,0.00000000000000000000,1110000.00000000000000000000,,Delivered,2026-06-18 23:55:42.102791+00
a2883fd9-6e8c-45c4-aea9-5d244a6c51ac,f17ddc7a-5de5-476c-a233-90a730f077fc,9e619a3f-331f-48fe-b9b7-c36c5e4be214,2025-04-17,e5292d40-6064-4169-875d-acf942d10206,,1,1084999,0.00000000000000000000,1084999.00000000000000000000,,Delivered,2026-06-18 23:55:42.102791+00
fb8c86b4-67e3-46c6-82b1-2389a118a3bf,488a3b08-1225-44b4-bd6d-12e86e8c2926,9d007a55-6874-42a9-aed9-f090be26588c,2024-08-25,8da5249a-c2b8-48c3-b61c-12ecf6d898d8,,1,931250,0.00000000000000000000,931250.00000000000000000000,,Delivered,2026-06-18 23:55:42.102791+00
47f8cd87-82ee-4565-aed9-f6e075e097da,f427776f-7bb4-4561-b481-f4743411da40,2753c2a8-b935-4e9d-abd5-cf7896a25c3b,2024-05-21,ccb49d47-ef18-415e-84ff-5119d836592b,,1,913625,0.00000000000000000000,913625.00000000000000000000,,Delivered,2026-06-18 23:55:42.102791+00
5e980978-b4ad-46a0-827f-fb3aff272bb3,296ce952-119a-4628-8259-5cddebb5e2a2,27c669a7-9728-484b-a68d-2e03e96651c0,2025-10-22,18743788-16a2-4f11-93bd-cd2374745762,,1,900250,0.00000000000000000000,900250.00000000000000000000,,Delivered,2026-06-18 23:55:42.102791+00
e1f4c0e2-9605-41f9-991f-4d90cc987df7,1fc6e04c-1a14-4128-9a84-3d943a15781e,c2be36af-dbc4-4d47-bc30-134e283629bd,2024-10-01,e0127f48-7045-4fdc-b308-c030eb515cc1,,1,887500,0.00000000000000000000,887500.00000000000000000000,,Delivered,2026-06-18 23:55:42.102791+00
30fc5745-b871-45a8-b4e9-6f40c030e343,fee9a3ff-76a0-4c1c-86bf-9090da7bd044,3e02bd47-feee-4230-888a-85785dc849d5,2025-01-01,1a42863c-c5fb-4bad-bd55-5ec8b0d96206,,1,865000,0.00000000000000000000,865000.00000000000000000000,,Delivered,2026-06-18 23:55:42.102791+00
820c146f-15b4-4d2e-878d-16caaec2d385,04182f50-75e0-4777-ab4a-343791b99c81,2cf6c4e4-7eaa-4743-9e33-a6198b6e087f,2025-10-23,4b5902bf-67f1-4e06-8882-ca516c1842db,,1,843675,0.00000000000000000000,843675.00000000000000000000,,Delivered,2026-06-18 23:55:42.102791+00
b85ae254-5e4d-4930-9e6b-b732cebf0845,423a0520-0cd8-4d0e-a901-320d935c8198,0a5e9e6b-a53c-48b5-a170-fa4ca9d1fff5,2025-09-22,d4686b2c-519c-4f5f-9839-c125dddade95,,1,815500,0.00000000000000000000,815500.00000000000000000000,,Delivered,2026-06-18 23:55:42.102791+00
66b76561-4114-457a-902e-890994065a8d,2a2762b8-32a9-475c-8f17-8b21013ed2a3,2108474d-11a2-403c-b490-b767091a41fe,2024-05-26,8da5249a-c2b8-48c3-b61c-12ecf6d898d8,,1,788000,0.00000000000000000000,788000.00000000000000000000,,Delivered,2026-06-18 23:55:42.102791+00
e87e7724-db6b-4e6d-8700-68bfd24f58c9,c0f9265d-0bed-42c0-9707-3121785c13d3,29cd5dfe-5a6a-4063-ab53-83b3518ec95a,2024-07-21,39e3f045-ed2a-4d83-aee6-68046c1dfbb7,,1,317750,0.00000000000000000000,317750.00000000000000000000,,Delivered,2026-06-18 23:55:42.102791+00
c9527e9a-3fd0-4ba4-aa78-8214c833ae05,a3481aad-05dc-4a42-b1e8-ea83b342c202,34ded6e7-d77c-4bb0-b52b-11f7703e9aa1,2024-10-29,71be3019-2872-4e46-9e8f-941663554ca2,,1,311125,0.00000000000000000000,311125.00000000000000000000,,Delivered,2026-06-18 23:55:42.102791+00
13acc384-3cc9-4af2-953c-db7960aa38a1,dc8f8e61-1003-463e-98f0-b6a20b44ee70,693901c2-b1a8-47ed-9026-dc7834685f11,2025-03-16,4ef83a84-e315-4f3e-94e1-511f936e9e34,,1,304500,0.00000000000000000000,304500.00000000000000000000,,Delivered,2026-06-18 23:55:42.102791+00
438b6a89-7b76-4a3e-99f5-fbe2aa7f092c,cda3c1d0-6398-4ea4-8374-1f431b7a55b2,525d8d25-2abf-4344-85eb-30a13084fc12,2025-08-17,7278af2d-7018-4d13-bb4d-1b35f4307714,,1,912000,0.00000000000000000000,912000.00000000000000000000,,Delivered,2026-06-18 23:55:42.102791+00
09bc8a9a-b165-4ce6-adb9-837a52c9f5b9,cd6e56d7-a261-4dce-aa43-3834bc976565,e3439f79-6467-48ef-b02e-95ddccee4f81,2025-03-14,4981436e-024e-4995-a548-d32aefa7e1e8,,1,900000,0.00000000000000000000,900000.00000000000000000000,,Delivered,2026-06-18 23:55:42.102791+00
f269cd02-80cc-487d-8d71-f3cbd8ed7d8c,7193a6db-b690-4722-a808-3885339f03bd,ac8d70c7-bfc9-4c7f-9b59-d03002b0227e,2025-01-21,ee050b45-8c17-4d06-ba05-a7f64ed04dab,,1,880000,0.00000000000000000000,880000.00000000000000000000,,Delivered,2026-06-18 23:55:42.102791+00
0fabb86a-8f98-4ccc-8736-94fa9fe3ea21,7f0373c3-8182-4cc7-86c3-55be9cd61d5e,87f60ff9-dc60-4c4b-b42e-fc623b4fd1df,2025-05-16,99654bf2-99d2-4963-a48f-35d1eacc4352,,1,862500,0.00000000000000000000,862500.00000000000000000000,,Delivered,2026-06-18 23:55:42.102791+00
e63ba1a5-82c4-4f6f-b7d2-7fb608e20800,faf48a93-4098-40f3-ae89-4810965f13b2,fd90045f-5c28-4466-86de-5d352f7d7dd3,2024-06-21,8da5249a-c2b8-48c3-b61c-12ecf6d898d8,,1,843600,0.00000000000000000000,843600.00000000000000000000,,Delivered,2026-06-18 23:55:42.102791+00
5b28bd14-afbb-4fb9-8013-5b1fa0a89092,d0d2796d-1312-4a37-a743-8f64729359c2,e0e4b5dc-e80a-49c9-88d6-18378bf6cce7,2025-01-09,8da5249a-c2b8-48c3-b61c-12ecf6d898d8,,1,838750,0.00000000000000000000,838750.00000000000000000000,,Delivered,2026-06-18 23:55:42.102791+00
1b946c1e-fa8d-44b1-93dd-4f99345c19f8,1877f325-5e8c-4cce-b3f0-ca8747df4757,23980985-bbd2-4ef7-81be-a018738a6c98,2025-12-25,13434759-d4fc-4dc9-ad3b-480ab7211da2,,1,798300,0.00000000000000000000,798300.00000000000000000000,,Delivered,2026-06-18 23:55:42.102791+00
2ce0c1d5-a9b3-4c54-88a8-491f45e71a8a,d8e572d5-1d7b-49ab-94c6-48311d588509,fbf1b640-a7c4-4798-b3b5-db5bdbbf9f07,2025-06-03,71be3019-2872-4e46-9e8f-941663554ca2,,1,791380,0.00000000000000000000,791380.00000000000000000000,,Delivered,2026-06-18 23:55:42.102791+00
ea094124-a36c-4884-9d2c-74b5ed3855e9,53fd18c6-9a6e-4d50-b3e8-65b4f6dec015,37166210-ecc9-4c73-9085-24cd4591ac9c,2026-01-23,c62ed87b-e442-4815-a36e-6b634e3628f1,,1,321500,0.00000000000000000000,321500.00000000000000000000,,Delivered,2026-06-18 23:55:42.102791+00
f50ee432-3888-478c-880a-7cd80ea1ed07,cd2341c7-68e8-4a79-8767-ebd01be11848,a74cbbac-27d6-4fe9-8cc9-32c65ba65420,2024-09-01,71be3019-2872-4e46-9e8f-941663554ca2,,1,319500,0.00000000000000000000,319500.00000000000000000000,,Delivered,2026-06-18 23:55:42.102791+00
085eabe8-3539-4e32-a251-1a74fe903e22,ff0c9711-6b50-48de-9e31-348a34fe7ba2,6c0918fc-9deb-473c-9c25-c18d1a100b4e,2024-11-01,94840a95-c5bb-495e-a6b6-b69f8754b8b8,,1,318000,0.00000000000000000000,318000.00000000000000000000,,Delivered,2026-06-18 23:55:42.102791+00
299efa38-effa-4ad9-9e89-08fb70ec4366,d4cd185b-08ce-400c-9486-61ab51bec80e,987c5590-6325-4c8b-bf7f-703c48c74e1a,2025-05-14,71be3019-2872-4e46-9e8f-941663554ca2,,1,312500,0.00000000000000000000,312500.00000000000000000000,,Delivered,2026-06-18 23:55:42.102791+00
75826521-2265-4b03-993e-51487d4fc3c0,8f9564b6-95e1-485f-8fcf-c156c7e346a7,3173da88-b9b1-46f7-b91b-7057dc285973,2024-06-09,d5983bac-f278-458a-b74e-d5e2da45063d,,1,2164887,0.00000000000000000000,2164887.00000000000000000000,,Delivered,2026-06-18 23:55:42.102791+00
3e272c55-c222-44d4-bd67-0489616917fb,c4aae462-7e21-4a97-894d-b5e1c7578c99,b173da85-8ad5-46b5-aab5-23b183608350,2025-02-13,f44a0530-a9a7-44dc-a935-1788e1ed642f,,1,1144206,0.00000000000000000000,1144206.00000000000000000000,,Delivered,2026-06-18 23:55:42.102791+00
4acbad81-10ba-4d8e-87dd-887c6439fddc,d67f8678-384b-4424-9bc3-74d54d38c6e5,fc6a0109-89c4-4248-a233-f696433657b5,2025-02-24,f44a0530-a9a7-44dc-a935-1788e1ed642f,,1,1123159,0.00000000000000000000,1123159.00000000000000000000,,Delivered,2026-06-18 23:55:42.102791+00
405b8489-0a61-4f0b-ab10-689a70e42552,7fe1b10a-4c01-42ad-b9a4-143b158c4241,410aff2e-1076-4653-88c2-9ba615cd540e,2025-10-15,cf35118b-bee6-44e5-8011-470d64b8d0fc,,1,1106250,0.00000000000000000000,1106250.00000000000000000000,,Delivered,2026-06-18 23:55:42.102791+00
dbea262a-8dc9-4f28-94a9-60c2feb1da0e,863e0212-cc13-44f8-98d9-7242a67dbe38,3a73b4a5-c429-4d8d-ba87-515dacd2f4b5,2025-10-28,e99e6ca5-a4bb-4343-a635-49f04389ca2a,,1,1081351,0.00000000000000000000,1081351.00000000000000000000,,Delivered,2026-06-18 23:55:42.102791+00
03b26a25-ca11-4d4a-908c-9672721ff31d,9acdbc9b-b1f9-4072-a924-fb76a05110fd,59b70b5c-fb66-487e-94c3-e8961a65db9d,2025-10-15,7278af2d-7018-4d13-bb4d-1b35f4307714,,1,1072000,0.00000000000000000000,1072000.00000000000000000000,,Delivered,2026-06-18 23:55:42.102791+00
b9c6236b-ee49-41a7-8483-371f0d4319a9,414d185d-2069-4a12-a41c-0637b0699e24,e130892c-65d3-4b5e-b01c-3938cc4100da,2024-11-24,c3fb7a8a-5562-40d6-a440-ac11aa686157,,1,1032995,0.00000000000000000000,1032995.00000000000000000000,,Delivered,2026-06-18 23:55:42.102791+00
d3cc5673-6f54-4d89-8d1c-275664361a03,449f3f0f-8b58-413a-add4-64845903a8f3,32a5649b-33d1-425d-91b6-ad90d2952245,2026-01-02,c6e017b2-c27d-4969-95de-8284a705a232,,1,997150,0.00000000000000000000,997150.00000000000000000000,,Delivered,2026-06-18 23:55:42.102791+00
2bab2e3b-2467-46a9-bd1a-76e4bb121f17,32bc7b9f-675a-4dc2-b224-e47dd0a0ffbc,2963fbc1-be52-4aa4-943f-6636b4dde98f,2024-11-07,353bb4af-8760-4bd7-a2d2-354d4f3d52ba,,1,954299,0.00000000000000000000,954299.00000000000000000000,,Delivered,2026-06-18 23:55:42.102791+00
03df847b-f9dc-48d5-91d8-2b6d8f1ffc2b,88087714-cab6-4258-a498-63e6763ecc02,399efa37-a463-4435-a2b9-ed914683b46f,2024-08-25,8da5249a-c2b8-48c3-b61c-12ecf6d898d8,,1,931250,0.00000000000000000000,931250.00000000000000000000,,Delivered,2026-06-18 23:55:42.102791+00
e3890335-9826-42b7-95e0-f212710cf566,e6e41678-0fc8-4b93-857d-07dde0447303,f1b8db4e-9e4c-4fe0-bb8c-5104e0d247f8,2025-04-21,56037025-414a-4a5f-8b0f-a21864528f78,,1,1590000,0.00000000000000000000,1590000.00000000000000000000,,Delivered,2026-06-18 23:55:42.102791+00
13399bde-0f01-4973-9d0a-e022f85c2dfa,2a8736ed-30c9-46ab-be6d-4394fd37fc86,1a9a8609-9ca8-4b97-b432-044ac2e055d4,2025-11-11,7278af2d-7018-4d13-bb4d-1b35f4307714,,1,1432000,0.00000000000000000000,1432000.00000000000000000000,,Delivered,2026-06-18 23:55:42.102791+00
6ccafc35-986a-4c35-8da4-71a888bf9dd6,5d69068d-fa25-4d70-8986-bba7388100b9,509fdfe3-de08-4ff7-bbcf-c6f1d226b6cc,2025-11-07,ee050b45-8c17-4d06-ba05-a7f64ed04dab,,1,1169999,0.00000000000000000000,1169999.00000000000000000000,,Delivered,2026-06-18 23:55:42.102791+00
1ac51974-5480-48c6-bf07-9aae324a058e,d3c56357-1e2b-4d19-81a6-b53b5fd0b1ef,2a29cd6b-abef-429a-894d-436f78f8f31d,2025-10-19,42d252ce-09ff-4009-912a-ee9ecb4bac8b,,1,1125000,0.00000000000000000000,1125000.00000000000000000000,,Delivered,2026-06-18 23:55:42.102791+00
413b36e5-e552-46c6-96d8-694c47624536,e7eae610-1c59-4884-b935-8db303e57b86,0160b9bc-2b4f-4eab-90ad-ae4f8b4b9d6b,2025-03-06,f44a0530-a9a7-44dc-a935-1788e1ed642f,,1,1100000,0.00000000000000000000,1100000.00000000000000000000,,Delivered,2026-06-18 23:55:42.102791+00
81a1b589-273d-4214-bf34-1b7782c29599,10b4372d-073a-4bd0-9638-e6628b6ddb44,8b4234f3-7e10-4d23-ae84-d9ad6f2c103c,2025-02-16,8da5249a-c2b8-48c3-b61c-12ecf6d898d8,,1,1059375,0.00000000000000000000,1059375.00000000000000000000,,Delivered,2026-06-18 23:55:42.102791+00
df85c8ec-6044-4812-8a4c-d8f21cc16887,5a878f7c-85d9-4a8f-8492-078483cbfdf8,d687acf0-69df-4e5a-8ea6-5faeab067cd1,2025-08-25,e99e6ca5-a4bb-4343-a635-49f04389ca2a,,1,1027780,0.00000000000000000000,1027780.00000000000000000000,,Delivered,2026-06-18 23:55:42.102791+00
eb96a4d5-e45a-44c7-9543-912569731a42,9b1cd132-bf44-4c7c-a270-e3face299014,65abf452-84c0-4005-94db-e86198908499,2025-06-23,71be3019-2872-4e46-9e8f-941663554ca2,,1,982500,0.00000000000000000000,982500.00000000000000000000,,Delivered,2026-06-18 23:55:42.102791+00
31315674-5473-4388-bdbb-8d05c88a0aaf,8a33c41f-57e3-4d20-8ef1-adcf92ebd349,fcc7fe41-811a-42c5-bfdd-1943e1a7b933,2024-10-18,58cacb19-26f8-4710-82a0-ef5aaf515fcd,,1,947705,0.00000000000000000000,947705.00000000000000000000,,Delivered,2026-06-18 23:55:42.102791+00
09638ed6-1807-4007-8a7e-40a78c14a7ad,ce302719-dd46-4703-b6c3-83bff900c816,48e12c06-8ae8-496e-a85b-59c4f976e1ab,2024-07-25,8da5249a-c2b8-48c3-b61c-12ecf6d898d8,,1,929000,0.00000000000000000000,929000.00000000000000000000,,Delivered,2026-06-18 23:55:42.102791+00
dd6f94e6-145e-46f1-93d1-79ec7108fa8f,85695ace-2368-44ea-be69-e9b650ee739f,d0d42175-2da1-422f-8c08-261b7ee9e51c,2026-02-16,71be3019-2872-4e46-9e8f-941663554ca2,,1,1560000,0.00000000000000000000,1560000.00000000000000000000,,Delivered,2026-06-18 23:55:42.102791+00
11c0b76d-b8b5-4ca2-97c6-2a3c4b05c702,8d66b979-af27-4ac9-ab9d-71a8b6e082bb,244e49f9-0b4e-43e4-9bc4-8cc213c76510,2025-12-05,ef173824-236e-4589-af6a-5bd7edb0e89f,,1,1419600,0.00000000000000000000,1419600.00000000000000000000,,Delivered,2026-06-18 23:55:42.102791+00
ee190fb5-f85a-4a2e-a9ba-8ff093c5296f,a3815f1d-cfc0-4264-982c-19f14fb82ed7,ed610ea3-5e11-449a-af65-f603684ff6a9,2025-01-17,71be3019-2872-4e46-9e8f-941663554ca2,,1,1156250,0.00000000000000000000,1156250.00000000000000000000,,Delivered,2026-06-18 23:55:42.102791+00
ff6036c6-3243-4b75-81e6-265bfe17cb6c,a5329cd7-5c4c-44d8-a755-cf3546328431,fd062af9-68b5-4e3b-9698-d359e6a1588d,2025-02-20,f44a0530-a9a7-44dc-a935-1788e1ed642f,,1,1122499,0.00000000000000000000,1122499.00000000000000000000,,Delivered,2026-06-18 23:55:42.102791+00
c0b9fca0-4dda-40c8-b99a-b2919316dae4,f0310a08-3e04-44f9-ae4c-ddc9eca58f16,027170ad-573a-4010-bc9f-9739d1667268,2025-09-11,e99e6ca5-a4bb-4343-a635-49f04389ca2a,,1,1095780,0.00000000000000000000,1095780.00000000000000000000,,Delivered,2026-06-18 23:55:42.102791+00
412c3b11-7078-4f06-b7d7-7919e6a9a71e,13ee07ec-327b-46a2-929c-f336df560d31,82730e90-118e-4a85-9e1d-97b2301f1365,2024-11-07,71be3019-2872-4e46-9e8f-941663554ca2,,1,1049140,0.00000000000000000000,1049140.00000000000000000000,,Delivered,2026-06-18 23:55:42.102791+00
f649e7d7-36f7-452c-8742-d4d44c358010,734dc275-36cc-448f-84e2-440d0b1a6693,c32c8eaf-d3ad-4645-9218-d66168db0b89,2025-05-06,42d252ce-09ff-4009-912a-ee9ecb4bac8b,,1,900000,0.00000000000000000000,900000.00000000000000000000,,Delivered,2026-06-18 23:55:42.102791+00
571e5306-ca75-4450-982e-bcba9f497184,b3168124-2ef3-47ef-aea8-ffb61dffb10f,81f7466f-e1a5-41af-b4d5-05d47c10115d,2025-10-31,d4686b2c-519c-4f5f-9839-c125dddade95,,1,882000,0.00000000000000000000,882000.00000000000000000000,,Delivered,2026-06-18 23:55:42.102791+00
3c4b31d2-b5da-4e65-a28c-f0dffc3d5da5,c309544d-6866-4407-b2bc-9b6efb4fe113,22e5d502-17c8-4994-b728-3a53a7f0fd6b,2024-06-26,8da5249a-c2b8-48c3-b61c-12ecf6d898d8,,1,860750,0.00000000000000000000,860750.00000000000000000000,,Delivered,2026-06-18 23:55:42.102791+00
8e193dd5-3354-4112-be11-b1b7e613ca09,353ce879-e9b9-45e8-83a5-ac3a2c06c0ee,b9b32c1f-cbcf-4904-aed0-c6292432a460,2024-10-28,8da5249a-c2b8-48c3-b61c-12ecf6d898d8,,1,836750,0.00000000000000000000,836750.00000000000000000000,,Delivered,2026-06-18 23:55:42.102791+00
61026500-fc38-4514-82dc-32d401dbe82f,85f7abef-5a08-416a-92fb-53156cc46cb0,7a3f1b89-8382-4900-a8f9-b2cbe0e23915,2025-09-21,e68871a8-18d6-4060-964c-f5ee029055bd,,1,812000,0.00000000000000000000,812000.00000000000000000000,,Delivered,2026-06-18 23:55:42.102791+00
85c7e558-e377-41f1-9657-c2587ace971f,e8d9e946-154e-41a8-b82a-aa01435e8227,0761c1d5-9fd1-4977-86ff-f7f081a453e5,2025-12-02,979665cd-4976-4bf0-87cf-b926c5ce93c7,,1,322850,0.00000000000000000000,322850.00000000000000000000,,Delivered,2026-06-18 23:55:42.102791+00
9d7533f2-112c-4f89-845b-c7bf2f95814a,193029ac-009f-4f98-adbe-dfd3bdc4491a,b6b87064-df4d-44e2-a01f-00dac7b92fd9,2025-08-07,fb0dc6af-e04e-4271-a539-9702b4d8fdfb,,1,315000,0.00000000000000000000,315000.00000000000000000000,,Delivered,2026-06-18 23:55:42.102791+00
2b90ab7a-17a1-4cf0-8f0e-1f85879744a1,4dbe4c24-068e-411d-b38a-b693ecef4b5b,06d53a48-7273-4523-bdb6-20c8f20ce7d8,2024-11-05,271cdaa5-4d7d-46cd-9a43-7e3bb4bb922a,,1,310450,0.00000000000000000000,310450.00000000000000000000,,Delivered,2026-06-18 23:55:42.102791+00
33cb167e-4abf-440e-ba18-e63b97324ed1,fa4cb0f7-951d-4423-be6c-ca9277b7f0e1,b6cffcad-2c55-4017-82d4-9c9518bcc788,2026-01-19,71be3019-2872-4e46-9e8f-941663554ca2,,1,304000,0.00000000000000000000,304000.00000000000000000000,,Delivered,2026-06-18 23:55:42.102791+00
c4626157-c883-465c-8b4f-0ff8e61c2b43,863afd01-ec2f-4197-b519-8b8636e287cf,f537925a-1916-4e00-937b-0886da4ba04e,2024-08-04,8da5249a-c2b8-48c3-b61c-12ecf6d898d8,,1,910000,0.00000000000000000000,910000.00000000000000000000,,Delivered,2026-06-18 23:55:42.102791+00
1da52182-d621-4e87-8f3a-04e892d95580,4ba500ce-b855-44c2-8ba2-9cdaddcbc9a7,9e4756cf-e0ee-4b46-bb39-3794ea887077,2024-07-25,8da5249a-c2b8-48c3-b61c-12ecf6d898d8,,1,898000,0.00000000000000000000,898000.00000000000000000000,,Delivered,2026-06-18 23:55:42.102791+00
1101b2af-69dd-454b-b4f1-e88dcddcdc37,e04072c6-7e59-4461-878f-df202867b596,2febcf57-e0cf-4e43-8507-3409fad85a21,2025-01-27,8da5249a-c2b8-48c3-b61c-12ecf6d898d8,,1,879050,0.00000000000000000000,879050.00000000000000000000,,Delivered,2026-06-18 23:55:42.102791+00
82a454dd-7100-4e1b-b644-2cae5f922dd1,f9e65aa3-0653-4e05-9618-1e688a0b80bc,6eec2bed-246c-4ca3-ab99-3f4df94bbf13,2024-12-10,42d252ce-09ff-4009-912a-ee9ecb4bac8b,,1,855174,0.00000000000000000000,855174.00000000000000000000,,Delivered,2026-06-18 23:55:42.102791+00
b426d25c-e419-435a-abd2-f12859917dcb,8e32876b-b754-4395-a993-4e4708e10429,0f976fb6-3646-409e-83e5-e53c76aa7258,2024-07-21,8da5249a-c2b8-48c3-b61c-12ecf6d898d8,,1,830000,0.00000000000000000000,830000.00000000000000000000,,Delivered,2026-06-18 23:55:42.102791+00
fcab85fb-a92e-47c2-adb1-ccb33378ff9a,51336a55-cc31-45c3-aad2-51427a348d81,40db8c93-9069-4df5-a330-5a8fc15cc617,2025-11-28,ddfcbd9f-71ee-4343-a831-beb7757ac3b0,,1,821310,0.00000000000000000000,821310.00000000000000000000,,Delivered,2026-06-18 23:55:42.102791+00
6f61a381-df35-485c-8527-5eced7fa2a2d,41950639-4b80-4d17-8c45-f27b4c22ed90,16dd89d0-c68b-4c35-b94c-11439c7afad7,2024-08-27,353bb4af-8760-4bd7-a2d2-354d4f3d52ba,,1,813100,0.00000000000000000000,813100.00000000000000000000,,Delivered,2026-06-18 23:55:42.102791+00
ae4726ec-cc79-4518-864b-4393b1b97c18,b229887b-3ed9-44bc-9a43-1297d8851248,21f216a2-9619-4bd4-8305-b4fc81677f56,2024-08-02,71be3019-2872-4e46-9e8f-941663554ca2,,1,323000,0.00000000000000000000,323000.00000000000000000000,,Delivered,2026-06-18 23:55:42.102791+00
47e5e168-0e45-4867-b5d4-ef456f4041e0,c213ea90-d2b4-4a9b-94cc-cccd7a59b242,4618a1ef-9861-4957-80ba-20e3b60af777,2024-08-11,271cdaa5-4d7d-46cd-9a43-7e3bb4bb922a,,1,315500,0.00000000000000000000,315500.00000000000000000000,,Delivered,2026-06-18 23:55:42.102791+00
40a46ff6-c004-44f2-98dc-f3a5968b368f,d445df45-4f65-4faa-8a85-6afaa884c8e8,15f268bb-6bdd-4f8d-81cb-5ed6634e7e9e,2024-09-09,71be3019-2872-4e46-9e8f-941663554ca2,,1,314875,0.00000000000000000000,314875.00000000000000000000,,Delivered,2026-06-18 23:55:42.102791+00
7168dcb2-468d-4ba8-bc28-a1635409e016,923ed351-b21d-4f4a-8297-ad07818bc6be,6da26b5b-1d0e-4b22-a21a-31e57f5616ce,2024-12-06,71be3019-2872-4e46-9e8f-941663554ca2,,1,311999,0.00000000000000000000,311999.00000000000000000000,,Delivered,2026-06-18 23:55:42.102791+00
5c4afd42-aa36-4df0-b942-732ed684525a,542a5406-461d-4543-8dff-f95e1d46b94d,077835d5-0d57-46f8-87fe-5aff74088d8c,2024-05-31,ccb49d47-ef18-415e-84ff-5119d836592b,,1,311000,0.00000000000000000000,311000.00000000000000000000,,Delivered,2026-06-18 23:55:42.102791+00
6a7b3865-3297-415c-a72d-75c1a538fcf5,5f523b50-00ec-4024-8ef6-98aff5de226c,1d8d0343-abc9-47c8-b193-eb12ed8a76ce,2025-10-20,71be3019-2872-4e46-9e8f-941663554ca2,,1,310999,0.00000000000000000000,310999.00000000000000000000,,Delivered,2026-06-18 23:55:42.102791+00
e677b24e-58af-496a-b356-a71249761daa,fa4c6756-3163-4290-8dc9-66e252a4b299,edf04a69-995b-481a-aa44-e374e48481e9,2024-11-25,271cdaa5-4d7d-46cd-9a43-7e3bb4bb922a,,1,308000,0.00000000000000000000,308000.00000000000000000000,,Delivered,2026-06-18 23:55:42.102791+00
15014ff2-99a6-4b28-acd0-b6afb8a96877,14670ad2-5c06-44a4-88f5-57abf5d0a295,41719ecd-9ba1-4fb8-a571-1a8ee33b26f1,2025-04-08,71be3019-2872-4e46-9e8f-941663554ca2,,1,307050,0.00000000000000000000,307050.00000000000000000000,,Delivered,2026-06-18 23:55:42.102791+00
3f424331-4280-49b7-b9ab-939262412848,b20fc8f2-4a18-4993-81b3-ff8629c7af36,648e7bfa-b041-44ca-ba4f-00594e39fd5e,2024-11-03,71be3019-2872-4e46-9e8f-941663554ca2,,1,306375,0.00000000000000000000,306375.00000000000000000000,,Delivered,2026-06-18 23:55:42.102791+00
48c35440-0812-42dc-8698-91aa5a5d75b8,2fe97c48-43af-46c9-8648-aeac6011022e,6448ac39-f119-4a67-9be3-9569a1301560,2024-06-05,dd8cb13e-af3e-4023-99a5-c9c9d747209f,,1,305559,0.00000000000000000000,305559.00000000000000000000,,Delivered,2026-06-18 23:55:42.102791+00
c86f67a3-6bd5-4af1-a5fa-9c45a430ec5e,bdd0f498-2d7e-4f63-93d2-c2156cd7975c,9cca7c06-4560-4d9c-9f97-dc6ec3d6e4fb,2025-02-06,71be3019-2872-4e46-9e8f-941663554ca2,,1,303400,0.00000000000000000000,303400.00000000000000000000,,Delivered,2026-06-18 23:55:42.102791+00
7bfb2fbb-9703-4d4b-9a27-aee4afafe57d,83c5a6e1-7aac-4be6-af55-aef078297151,d3d98df1-b9f4-4ba0-9b26-fd6715fb87ff,2025-06-02,71be3019-2872-4e46-9e8f-941663554ca2,,1,920700,0.00000000000000000000,920700.00000000000000000000,,Delivered,2026-06-18 23:55:42.102791+00
56762a33-153a-459f-9a68-26eb63705c57,ce9e88f5-8d40-40d5-b02c-536d8ca6eb19,38c440a4-f839-45c4-899b-bfe8455291c4,2024-10-29,ee050b45-8c17-4d06-ba05-a7f64ed04dab,,1,914999,0.00000000000000000000,914999.00000000000000000000,,Delivered,2026-06-18 23:55:42.102791+00
48bb2ddf-261a-45f7-adfb-8fb9c2d2bdf3,5f28cc47-69af-49dc-8f36-27ba76a3e45a,642f7393-8574-420b-b2b7-424296425d0f,2025-05-29,56037025-414a-4a5f-8b0f-a21864528f78,,1,2226000,0.00000000000000000000,2226000.00000000000000000000,,Delivered,2026-06-18 23:55:42.102791+00
45f99432-b48e-4a98-9f58-1564e83a1a39,0d269d7c-0e59-49e7-81fa-f4c7b8b3427f,95ca68a9-a0b6-423f-8d44-1f37b811c567,2025-10-19,f339fea8-85c3-46ca-9d61-5a3dcbbb1b85,,1,312750,0.00000000000000000000,312750.00000000000000000000,,Delivered,2026-06-18 23:55:42.102791+00
3e808a78-f086-486f-9739-117dc4a73cae,bd70e18a-c4f8-4636-a68e-7eecefbdb86f,f1ddbedb-d7a3-4ba6-8034-32821a12849b,2025-12-28,7278af2d-7018-4d13-bb4d-1b35f4307714,,1,1536000,0.00000000000000000000,1536000.00000000000000000000,,Delivered,2026-06-18 23:55:42.102791+00
d4d7ef96-cc2e-4a4a-bb8e-31f427416971,423da9a3-1887-42a5-a129-39d0b40eaa71,967d558d-e05f-4905-9450-f6ff04c6d5f8,2025-11-26,7278af2d-7018-4d13-bb4d-1b35f4307714,,1,1424000,0.00000000000000000000,1424000.00000000000000000000,,Delivered,2026-06-18 23:55:42.102791+00
9e400e6f-3628-41b4-a20b-33b9ad3962fa,de36312d-496a-465c-993d-61002908a45c,01414cf5-5648-4519-a63c-0a7fb71d5330,2025-01-17,71be3019-2872-4e46-9e8f-941663554ca2,,1,1156250,0.00000000000000000000,1156250.00000000000000000000,,Delivered,2026-06-18 23:55:42.102791+00
ec41e441-1d00-4031-8aea-d3cdca241ef8,45e1ca4d-caef-41fc-ab79-522ef77797b7,e9ed3d76-61c1-4881-adbe-97ca6b7c5b49,2026-02-11,13434759-d4fc-4dc9-ad3b-480ab7211da2,,1,1123720,0.00000000000000000000,1123720.00000000000000000000,,Delivered,2026-06-18 23:55:42.102791+00
89e701ce-862f-4b57-9b4c-9ebc95945550,bb2f2d6c-0517-4cfc-9c94-df2e804d776e,90b8d323-554b-4a06-aab1-690aa96ab62e,2025-09-11,e99e6ca5-a4bb-4343-a635-49f04389ca2a,,1,1095780,0.00000000000000000000,1095780.00000000000000000000,,Delivered,2026-06-18 23:55:42.102791+00
2a963ad0-c9a7-4d5a-a0d7-5916752b82aa,dc7d064c-0f60-4c26-bcca-bb756f731e60,90e2d3a2-b63b-4b47-b4ef-e344ac1b3043,2024-11-13,ee050b45-8c17-4d06-ba05-a7f64ed04dab,,1,1049999,0.00000000000000000000,1049999.00000000000000000000,,Delivered,2026-06-18 23:55:42.102791+00
edd99848-343d-4cc6-8ef0-4264bc84b23d,01409ce3-9882-48fe-b41f-45752a2cdb68,706fe3f2-e8b4-4705-8d2a-c80090ececea,2024-12-24,ee050b45-8c17-4d06-ba05-a7f64ed04dab,,1,1024878,0.00000000000000000000,1024878.00000000000000000000,,Delivered,2026-06-18 23:55:42.102791+00
b03c0067-6307-4a92-96e8-1559837547ba,81325786-a35d-48aa-b52c-8edfddd34640,ccff4d69-1c8c-411a-8239-e1dc4967cdb0,2025-10-01,42d252ce-09ff-4009-912a-ee9ecb4bac8b,,1,974999,0.00000000000000000000,974999.00000000000000000000,,Delivered,2026-06-18 23:55:42.102791+00
5d719687-5745-4b0e-8643-93495b5e11ba,a4cef7ef-92d6-4f70-819d-97b6e19ebce9,17b14d3d-6248-4320-bbd1-6c6f57c49159,2024-08-15,8da5249a-c2b8-48c3-b61c-12ecf6d898d8,,1,946500,0.00000000000000000000,946500.00000000000000000000,,Delivered,2026-06-18 23:55:42.102791+00
ac72bdcc-6010-40a5-9154-f5a020b5148c,0d5b9521-bfb4-4ce6-8726-8133169ddafd,d9108bc8-5f67-4a1d-baed-bcf9025517ff,2025-07-28,ef173824-236e-4589-af6a-5bd7edb0e89f,,1,928000,0.00000000000000000000,928000.00000000000000000000,,Delivered,2026-06-18 23:55:42.102791+00
7e0654c3-1853-47ab-a461-daf0370b8355,d8288d5f-1192-45d3-b33b-10ef6d795c35,296443fb-d8df-4724-a66c-adb0ca79ae76,2025-10-30,e99e6ca5-a4bb-4343-a635-49f04389ca2a,,1,1422710,0.00000000000000000000,1422710.00000000000000000000,,Delivered,2026-06-18 23:55:42.102791+00
7cc32219-1530-4017-98cb-24309ab6e1a7,f06cf78d-02e4-4223-a7f5-3fd69f7db19e,fc7ffae8-c0e1-4094-96ad-51813e77cefd,2025-02-07,ee050b45-8c17-4d06-ba05-a7f64ed04dab,,1,1127499,0.00000000000000000000,1127499.00000000000000000000,,Delivered,2026-06-18 23:55:42.102791+00
3995cfc4-3e26-4cc4-958e-6384d2df107d,7bbe7a36-9e45-4678-9548-cc7a271f5e27,a07c5b60-53f9-4bf3-89fb-92aefd42a5c2,2025-10-29,6e294634-9504-4be4-960e-df2f3ae4b416,,1,1110000,0.00000000000000000000,1110000.00000000000000000000,,Delivered,2026-06-18 23:55:42.102791+00
ff57ab21-a044-4a16-8ef7-00679d6c7ee2,a1155ad0-248e-4832-ae32-6c2c74c70ab2,85b2da0a-6c8d-4d9b-9617-4b1f1627c6b3,2025-10-01,7278af2d-7018-4d13-bb4d-1b35f4307714,,1,1056000,0.00000000000000000000,1056000.00000000000000000000,,Delivered,2026-06-18 23:55:42.102791+00
ba6277ba-89aa-49ed-9562-518115f45681,5afaed42-97de-4453-a188-be2fbae9d478,c9e0eefc-4f0b-4b09-8b5a-2101c69338a7,2025-06-10,7278af2d-7018-4d13-bb4d-1b35f4307714,,1,1027500,0.00000000000000000000,1027500.00000000000000000000,,Delivered,2026-06-18 23:55:42.102791+00
0e0502ab-c002-4d9d-a6fb-cbd33e7e0cac,57419234-7e5e-4a84-a269-eb602219e367,07d390e7-4564-4d60-a78d-f87fa07fa043,2026-02-01,c6e017b2-c27d-4969-95de-8284a705a232,,1,975000,0.00000000000000000000,975000.00000000000000000000,,Delivered,2026-06-18 23:55:42.102791+00
1b73cb53-080a-437b-a051-c91613140300,efb784b8-6946-4928-a01c-c063a70d4eb8,18dc8fa4-5d1f-49a1-a07b-fccbd5f2f813,2025-05-19,42d252ce-09ff-4009-912a-ee9ecb4bac8b,,1,950000,0.00000000000000000000,950000.00000000000000000000,,Delivered,2026-06-18 23:55:42.102791+00
e59054ba-f75e-4c21-ae60-f5580c24f6e2,4915bbdf-93a6-43a2-bf41-b452899dcdef,ca7be68b-8135-4a1f-b43f-293802cbb6e6,2024-08-09,e0127f48-7045-4fdc-b308-c030eb515cc1,,1,931250,0.00000000000000000000,931250.00000000000000000000,,Delivered,2026-06-18 23:55:42.102791+00
2652ccf5-04f7-42e9-9fcd-728fe5e3b2f0,3e4b5d2c-3985-4f6b-863c-79c48a2369b9,aad77cce-b388-4bd1-a8c8-571347b7012f,2026-01-20,ef173824-236e-4589-af6a-5bd7edb0e89f,,1,1536000,0.00000000000000000000,1536000.00000000000000000000,,Delivered,2026-06-18 23:55:42.102791+00
c78d5ca2-84ab-4fa7-a737-d8c97a06c8b4,0aa847cb-b275-4e94-849c-df44fed50c86,a97f656c-432b-4411-9971-c03917a4bd42,2025-12-03,7278af2d-7018-4d13-bb4d-1b35f4307714,,1,1424000,0.00000000000000000000,1424000.00000000000000000000,,Delivered,2026-06-18 23:55:42.102791+00
f6b7b95a-c9af-4ffb-93b1-c81e148a5976,8ea5ecb8-c9af-450a-9667-bb47a7d42830,f63a40b0-e70a-4c56-9f85-80eb44037bc3,2024-12-25,71be3019-2872-4e46-9e8f-941663554ca2,,1,1156250,0.00000000000000000000,1156250.00000000000000000000,,Delivered,2026-06-18 23:55:42.102791+00
69f3f695-bb61-47a4-ac7f-b15af219e8d3,0f1ef8aa-cb24-4f6d-9627-d8d4fd3231f8,40c0d1d3-d1c1-461b-9b78-941ec596433d,2024-11-21,ee050b45-8c17-4d06-ba05-a7f64ed04dab,,1,1114999,0.00000000000000000000,1114999.00000000000000000000,,Delivered,2026-06-18 23:55:42.102791+00
d1167062-804c-4c1f-8c27-4d768f707909,e0766375-36d0-4da4-8fae-fbb08f2f779c,e6027c08-b08d-4dbd-b899-d5c6280b4abd,2025-08-31,e99e6ca5-a4bb-4343-a635-49f04389ca2a,,1,1095280,0.00000000000000000000,1095280.00000000000000000000,,Delivered,2026-06-18 23:55:42.102791+00
497c4188-a7be-4418-ad10-7b2c4e847d7f,637ef1c9-2aed-4370-8698-cb8cc158911a,b2ae43f3-30d6-4594-ad32-8ab398847659,2026-01-16,c6e017b2-c27d-4969-95de-8284a705a232,,1,1045600,0.00000000000000000000,1045600.00000000000000000000,,Delivered,2026-06-18 23:55:42.102791+00
2131fee4-236c-4b10-acf7-14abbb620774,d9922a98-2851-4b3c-8724-96ea4389ccc9,60653ae4-d26d-4584-81c7-86867e283d8d,2024-12-23,30c6649d-c288-46e2-adc3-2bc11a77e44f,,1,1024999,0.00000000000000000000,1024999.00000000000000000000,,Delivered,2026-06-18 23:55:42.102791+00
b2da2c91-13d2-450b-ab96-81635c68cd3e,f41925b3-ea12-4690-81b8-8469adfd153f,7a2a54fb-8012-4d04-838f-0cfddeadd201,2025-10-03,42d252ce-09ff-4009-912a-ee9ecb4bac8b,,1,974999,0.00000000000000000000,974999.00000000000000000000,,Delivered,2026-06-18 23:55:42.102791+00
baed4ec4-f870-4c19-8617-d31381d10eb0,b9b592b3-b8e1-4695-bc21-b32d6f55c175,7e7f0276-f2ea-4a6f-ba74-51b53971010b,2024-11-26,71be3019-2872-4e46-9e8f-941663554ca2,,1,941400,0.00000000000000000000,941400.00000000000000000000,,Delivered,2026-06-18 23:55:42.102791+00
d1ccd5aa-9176-4fc0-b435-0dd83b32788b,a206f1b3-470d-464d-94e2-230804b9b235,eaef99e7-3fbc-4f29-9ef5-1c5b03df0030,2026-01-25,f3df996d-b48b-4239-8bf1-1e46b44fabd6,,1,1040000,0.00000000000000000000,1040000.00000000000000000000,,Delivered,2026-06-18 23:55:42.102791+00
e865ced9-c356-4cda-b2a3-5cfbe9ede9cf,b201d3db-72bf-4742-bfc1-4800c39a899c,ac6da1e8-0717-4918-bcfe-8b42f01347e9,2025-04-24,ee050b45-8c17-4d06-ba05-a7f64ed04dab,,1,1007499,0.00000000000000000000,1007499.00000000000000000000,,Delivered,2026-06-18 23:55:42.102791+00
8efe62fa-c3d1-4a54-baff-2f7c63f215c9,19419dbd-07aa-4920-ad88-0edf38837998,3a0dc66f-b61b-41b1-85ca-f3d0cc87d38e,2026-01-01,f3df996d-b48b-4239-8bf1-1e46b44fabd6,,1,965000,0.00000000000000000000,965000.00000000000000000000,,Delivered,2026-06-18 23:55:42.102791+00
6cfe4f3c-2d94-4b4e-b02f-f6f869d60c86,4f6db0c9-15ab-4a4c-834c-1e53befdebfa,646a1b60-8e79-4d07-8883-b65aa751cd05,2024-11-05,71be3019-2872-4e46-9e8f-941663554ca2,,1,937500,0.00000000000000000000,937500.00000000000000000000,,Delivered,2026-06-18 23:55:42.102791+00
80ab605b-12da-48f7-b571-48d22a7e8734,511ea50b-e193-4233-a456-7ace245eb824,b58f45fe-2c90-4a12-8e20-071216a68a0e,2026-02-25,ef173824-236e-4589-af6a-5bd7edb0e89f,,1,1648000,0.00000000000000000000,1648000.00000000000000000000,,Delivered,2026-06-18 23:55:42.102791+00
de639257-3010-472e-b980-49db03740e7b,69a54b3f-4c2b-4817-aa75-1fd9e111c4d5,5fd27af4-2770-4f87-ba51-1acd9ed475af,2025-11-06,7278af2d-7018-4d13-bb4d-1b35f4307714,,1,1464000,0.00000000000000000000,1464000.00000000000000000000,,Delivered,2026-06-18 23:55:42.102791+00
bf9d574b-2e9b-4420-a3e7-831ff777e1ef,fd5cd6d6-58ba-4cd7-8273-9d5c86aa6359,e64d69a3-a757-4ae0-bd51-2e408fc89d63,2026-02-10,71be3019-2872-4e46-9e8f-941663554ca2,,1,1333000,0.00000000000000000000,1333000.00000000000000000000,,Delivered,2026-06-18 23:55:42.102791+00
4eab7b99-452c-4b04-bf91-35a2c6949ba1,7ae9881e-ef59-49a1-89d8-86852fd9b360,72b2f360-0e2e-4dde-a6b3-61bd2b76aaab,2025-10-27,242b18b0-2b6e-4ef6-b311-fa29444b997b,,1,1149000,0.00000000000000000000,1149000.00000000000000000000,,Delivered,2026-06-18 23:55:42.102791+00
49ee08ee-2677-4969-8e3d-81510ce1972a,481dbc79-ed35-4a01-983b-6f1438bb7d2b,d39bcc7b-1405-4b33-9810-a775c71df2f6,2024-11-22,71be3019-2872-4e46-9e8f-941663554ca2,,1,1110000,0.00000000000000000000,1110000.00000000000000000000,,Delivered,2026-06-18 23:55:42.102791+00
69a0ec0f-9ce2-4435-9593-b8eaa7483fea,7ac97f0c-6eac-4095-a257-b9ae76903236,e2f09802-896e-4058-b6d0-b56ac447bc49,2025-03-05,8da5249a-c2b8-48c3-b61c-12ecf6d898d8,,1,1079250,0.00000000000000000000,1079250.00000000000000000000,,Delivered,2026-06-18 23:55:42.102791+00
678ba7ea-8b52-42f2-ae10-eaae9ef3254c,ddd3d49f-24c9-4a13-af7c-bc28d387cdb8,20a0a6aa-a92d-4529-a520-ee9ddc13ee14,2025-01-12,9afccd26-29ec-49e6-a7e3-cc474a13274b,,1,1038000,0.00000000000000000000,1038000.00000000000000000000,,Delivered,2026-06-18 23:55:42.102791+00
0cf0cb4a-8709-4c56-9f1e-29e33e9548bc,66e280a4-ea42-44c4-a0a8-feaa5272f9ae,43b5cc69-4f26-45d9-b4d9-754484ab0d1f,2025-04-22,ee050b45-8c17-4d06-ba05-a7f64ed04dab,,1,1007499,0.00000000000000000000,1007499.00000000000000000000,,Delivered,2026-06-18 23:55:42.102791+00
353622a9-7105-47c5-9ade-98a68608a88e,b8aa643b-f436-4777-a381-eb01668a02e7,1da09216-845b-45b6-8627-84a03dd4f4b7,2025-04-28,42d252ce-09ff-4009-912a-ee9ecb4bac8b,,1,963613,0.00000000000000000000,963613.00000000000000000000,,Delivered,2026-06-18 23:55:42.102791+00
17379bd0-cb39-4fd8-9b14-e9a48344b761,52399c8a-1744-445d-9dda-74d784eb1b19,19e8a79a-190d-406e-9978-5417238728a1,2024-10-22,71be3019-2872-4e46-9e8f-941663554ca2,,1,937500,0.00000000000000000000,937500.00000000000000000000,,Delivered,2026-06-18 23:55:42.102791+00
bccaefd2-0003-417d-ada0-60ca02d76d8c,0f8bfd3d-8901-4afd-a68d-87b059b56d62,8b818a03-8822-47af-b051-2623bf649990,2025-03-06,71be3019-2872-4e46-9e8f-941663554ca2,,1,918750,0.00000000000000000000,918750.00000000000000000000,,Delivered,2026-06-18 23:55:42.102791+00
4cfc68f9-1385-469f-9e6f-6500158e486d,08e215ab-8dc4-4f9d-893e-e3838d455ceb,4b537881-1206-48ce-a442-345e76ecae1b,2024-06-12,ee050b45-8c17-4d06-ba05-a7f64ed04dab,,1,905000,0.00000000000000000000,905000.00000000000000000000,,Delivered,2026-06-18 23:55:42.102791+00
a68f8718-4aab-4e1f-a96b-8ab7729b05fd,cb907edc-8edd-4b38-8654-4c515b7756f4,825eff43-a1fd-4412-b8c7-69eabb24b299,2024-07-07,8da5249a-c2b8-48c3-b61c-12ecf6d898d8,,1,891295,0.00000000000000000000,891295.00000000000000000000,,Delivered,2026-06-18 23:55:42.102791+00
79e0cf1c-25b4-46a5-8a22-82656b8c468e,e7aa87cb-6cc2-4e15-a671-2860d672e553,108d63fb-7024-4415-9d21-82a0e61e3264,2024-09-14,71be3019-2872-4e46-9e8f-941663554ca2,,1,868750,0.00000000000000000000,868750.00000000000000000000,,Delivered,2026-06-18 23:55:42.102791+00
ddd5391e-9844-4c8b-af57-fbc46b16007a,5952e746-c7d9-4008-975b-4150e3004739,3bdfa769-584b-4945-aa2b-437ecbe737f6,2024-06-12,8da5249a-c2b8-48c3-b61c-12ecf6d898d8,,1,848000,0.00000000000000000000,848000.00000000000000000000,,Delivered,2026-06-18 23:55:42.102791+00
03e4e471-698e-49e4-9f52-1266aa881b73,985dfb22-527f-4896-806e-aa3a80de755b,f5e2ee23-feb9-4da3-8108-86e51633b60d,2025-11-23,71be3019-2872-4e46-9e8f-941663554ca2,,1,823605,0.00000000000000000000,823605.00000000000000000000,,Delivered,2026-06-18 23:55:42.102791+00
5965e1e6-36f8-4588-8a61-39c0989a6c80,d5b9eddd-9905-4626-b854-faa376dc2b8f,3782f5d3-2459-45d3-8cff-1c8c020a0aff,2025-12-25,13434759-d4fc-4dc9-ad3b-480ab7211da2,,1,798300,0.00000000000000000000,798300.00000000000000000000,,Delivered,2026-06-18 23:55:42.102791+00
93ce059d-13fe-4375-897c-62670dc56fee,f451dd35-2ef6-4671-adbf-9d65b3dc6480,4f0eccc4-6a39-4b60-bf9f-4feb2ab36db0,2025-02-27,1a42863c-c5fb-4bad-bd55-5ec8b0d96206,,1,319400,0.00000000000000000000,319400.00000000000000000000,,Delivered,2026-06-18 23:55:42.102791+00
7418f2e5-9f6b-4424-83bf-4e01324d7126,d7a7f209-8d73-4a6a-ad53-60515bbde246,324b1cf8-fd18-492c-b358-b757c25e9f09,2024-06-21,71be3019-2872-4e46-9e8f-941663554ca2,,1,312000,0.00000000000000000000,312000.00000000000000000000,,Delivered,2026-06-18 23:55:42.102791+00
c730d5d2-5d89-4675-8310-e920644a9a26,46cd0b85-4f60-4286-aa59-0be3ee5c0f22,079d44c5-0cb7-4cb9-a98e-81acb7af91c7,2025-04-16,71be3019-2872-4e46-9e8f-941663554ca2,,1,306250,0.00000000000000000000,306250.00000000000000000000,,Delivered,2026-06-18 23:55:42.102791+00
97a2ce9e-d909-4aa8-8d2f-4e59e57fb756,89201d28-c1ae-4c0c-bd22-e3351f56a53d,79848c22-e83a-4582-9f14-eb2003dfddfc,2024-07-06,8da5249a-c2b8-48c3-b61c-12ecf6d898d8,,1,913500,0.00000000000000000000,913500.00000000000000000000,,Delivered,2026-06-18 23:55:42.102791+00
f509ffe5-dbee-469d-806f-8c1a239c2b0f,15aa91ca-a1b8-44b9-b074-c6b1126b9b6f,1edf5472-0f8f-4eb1-b4f2-381c0bfaeba1,2024-11-04,8da5249a-c2b8-48c3-b61c-12ecf6d898d8,,1,901562,0.00000000000000000000,901562.00000000000000000000,,Delivered,2026-06-18 23:55:42.102791+00
796c1729-a0ad-4e86-81d3-e0ddc2722877,b2d9716a-e787-4f0c-894a-1734f1d3e79a,76234def-9cdc-492e-9dcf-ed9d6964381a,2025-07-28,56037025-414a-4a5f-8b0f-a21864528f78,,1,2128000,0.00000000000000000000,2128000.00000000000000000000,,Delivered,2026-06-18 23:55:42.102791+00
0eae51f9-bd62-4226-9cbc-c258651cb51a,afaf41d0-f3c5-40b0-90f8-678e1d081066,90e31845-5c02-498d-9b03-0b8ae55c1109,2025-07-16,56037025-414a-4a5f-8b0f-a21864528f78,,1,2128000,0.00000000000000000000,2128000.00000000000000000000,,Delivered,2026-06-18 23:55:42.102791+00
bb3ac67e-1135-4563-b4e7-2a8f7286c46b,01902c0a-3fad-4013-ad45-182a3b8f879d,c4742932-cba0-442d-a275-8877d1486796,2025-07-20,56037025-414a-4a5f-8b0f-a21864528f78,,1,2052000,0.00000000000000000000,2052000.00000000000000000000,,Delivered,2026-06-18 23:55:42.102791+00
211f09ac-9842-422b-baf9-4167c85f3a36,cb1c0d5e-0e3e-4acd-956e-22f0643065ce,fd44278a-4bf4-455b-8339-211a249bf7a0,2024-09-13,d5983bac-f278-458a-b74e-d5e2da45063d,,1,2158125,0.00000000000000000000,2158125.00000000000000000000,,Delivered,2026-06-18 23:55:42.102791+00
e3938e58-9f88-45d1-bf76-66b55cf60032,cb1c0d5e-0e3e-4acd-956e-22f0643065ce,74cbb3bb-ebfa-475b-bb28-b668d408b516,2024-09-13,d5983bac-f278-458a-b74e-d5e2da45063d,,1,2158125,0.00000000000000000000,2158125.00000000000000000000,,Delivered,2026-06-18 23:55:42.102791+00
08e4f088-2f14-4bb4-a2ed-50fe1709d55d,745939ed-e85e-419e-95a3-e95cf5c79a43,ede3b7b0-46a4-445c-afa8-8cc7996389da,2025-05-13,56037025-414a-4a5f-8b0f-a21864528f78,,1,1971600,0.00000000000000000000,1971600.00000000000000000000,,Delivered,2026-06-18 23:55:42.102791+00
879dcd75-e3a6-486b-84bb-464975c72ae2,8816062c-c739-4b93-8e30-ced1660ba64a,4a36b51b-8b36-4c49-a0bd-a2c1fef252a3,2024-08-27,d5983bac-f278-458a-b74e-d5e2da45063d,,1,1801050,0.00000000000000000000,1801050.00000000000000000000,,Delivered,2026-06-18 23:55:42.102791+00
d0b5a84a-6df5-4690-b51b-4544dfe70592,3cec5795-bb3a-4eeb-af2a-097060377f41,cbc0157d-a5d2-4909-bae5-73369e4194d2,2024-07-02,8da5249a-c2b8-48c3-b61c-12ecf6d898d8,,1,1840320,0.00000000000000000000,1840320.00000000000000000000,,Delivered,2026-06-18 23:55:42.102791+00
73f1ce76-a473-4084-8857-aa5ca4f96281,43485dab-9851-4b49-a1ce-fec4cd565759,50f848c1-b387-455f-9a50-a995eb22d2a5,2025-03-11,643406db-9d68-41ae-9d51-d382606b111e,,1,1999999,0.00000000000000000000,1999999.00000000000000000000,,Delivered,2026-06-18 23:55:42.102791+00
f2d45002-3a92-49a0-a06e-e72912298102,4f98ee30-83d0-4a5e-b1a6-62461616ed51,371fc3ef-1a23-4254-b2e8-f9ee8d7b3b92,2025-08-18,3c4d3236-1af3-4a76-8560-1be48d264c9a,,1,1779998,0.00000000000000000000,1779998.00000000000000000000,,Delivered,2026-06-18 23:55:42.102791+00
aedbd823-f604-443a-a7f8-149185659fe5,72381a36-f748-4020-a737-ae747aa9c898,c3ec0ed2-cce3-43dc-bfa5-71ef6eb18e33,2025-07-27,ec31354d-a2f1-4014-9b0b-848354b1844d,,1,315000,0.00000000000000000000,315000.00000000000000000000,,Delivered,2026-06-18 23:55:42.102791+00
efd0a358-7e01-4f06-80bb-785c6b0a4729,5176f81a-90b6-4372-b3b4-068fc1041a11,457f6e3a-6230-4265-8641-8d4364c920c4,2024-08-11,ccb49d47-ef18-415e-84ff-5119d836592b,,1,314500,0.00000000000000000000,314500.00000000000000000000,,Delivered,2026-06-18 23:55:42.102791+00
6a4a470a-ee74-40ee-9c76-2215b55a5f6a,0d269d7c-0e59-49e7-81fa-f4c7b8b3427f,e4a9d53e-c079-4c03-a05c-7dfae1dd63ac,2025-10-19,f339fea8-85c3-46ca-9d61-5a3dcbbb1b85,,1,312750,0.00000000000000000000,312750.00000000000000000000,,Delivered,2026-06-18 23:55:42.102791+00
8f1bb5a4-248b-4358-989f-971bc7d68120,11ecfcb1-ae06-4c4b-9d2b-105bd575d648,9d0bc2b7-1f94-4da4-a7a8-b7221a28e4dc,2024-06-03,8da5249a-c2b8-48c3-b61c-12ecf6d898d8,,1,312000,0.00000000000000000000,312000.00000000000000000000,,Delivered,2026-06-18 23:55:42.102791+00
b06ec950-032b-42dc-a4e1-722a3d2de3b2,0c48bbba-7f9e-4e67-8216-ab66e93a73a2,e4a85c4d-5c3d-4676-8d8a-daa8fc5e193f,2025-10-05,cf35118b-bee6-44e5-8011-470d64b8d0fc,,1,1770000,0.00000000000000000000,1770000.00000000000000000000,,Delivered,2026-06-18 23:55:42.102791+00
d17c4eb2-f324-4fc5-a745-d71676df7786,ba5bb710-7dcf-4e5e-9951-a0c8df9353ba,dcf33aee-26e8-42de-b5c0-41d8c395f143,2026-02-09,7278af2d-7018-4d13-bb4d-1b35f4307714,,1,1616000,0.00000000000000000000,1616000.00000000000000000000,,Delivered,2026-06-18 23:55:42.102791+00
72ba6a44-e685-4d62-a508-9c430d99d865,697af230-dbc5-4615-a155-6a839e26d16b,ab185c9a-379b-4f02-b2a3-2a5092527e70,2025-04-27,56037025-414a-4a5f-8b0f-a21864528f78,,1,1590000,0.00000000000000000000,1590000.00000000000000000000,,Delivered,2026-06-18 23:55:42.102791+00
aebfef58-a103-4aeb-8ed9-c031fd9134c2,bd70e18a-c4f8-4636-a68e-7eecefbdb86f,609100fa-a6be-47b6-bb47-51085f667a4b,2025-12-28,7278af2d-7018-4d13-bb4d-1b35f4307714,,1,1536000,0.00000000000000000000,1536000.00000000000000000000,,Delivered,2026-06-18 23:55:42.102791+00
ce8d04e3-86dd-4264-8cba-169521ba8b5f,3aa3efd8-67c0-4e15-afa0-02cbc6309d1f,d1f5ae14-e6ed-4506-a08a-11202b273fe3,2026-01-16,7278af2d-7018-4d13-bb4d-1b35f4307714,,1,1515000,0.00000000000000000000,1515000.00000000000000000000,,Delivered,2026-06-18 23:55:42.102791+00
a3da9163-f795-4e15-878f-e295152f8367,a73bc3c1-5b0e-4a2e-8dd2-777439ccbebe,62d7c679-a1a9-4440-a1a9-8e6b883e2bf1,2025-10-30,7278af2d-7018-4d13-bb4d-1b35f4307714,,1,1464000,0.00000000000000000000,1464000.00000000000000000000,,Delivered,2026-06-18 23:55:42.102791+00
80663e72-fef0-430e-bd28-ac4104bfbfa2,6c7ad414-26b8-40ab-9a17-2f146875e98c,53391142-7f73-43a0-9b58-5e5d4831ef41,2025-12-16,ef173824-236e-4589-af6a-5bd7edb0e89f,,1,1456000,0.00000000000000000000,1456000.00000000000000000000,,Delivered,2026-06-18 23:55:42.102791+00
efa96b6b-155e-4b92-aeb5-f6c556d4d250,57b5ac1c-d4de-4b5e-9a3b-81dc12bc4ebc,2bd7ecf5-8c49-4dae-ac41-b98e3fe2fb8e,2025-11-06,e99e6ca5-a4bb-4343-a635-49f04389ca2a,,1,1433150,0.00000000000000000000,1433150.00000000000000000000,,Delivered,2026-06-18 23:55:42.102791+00
bb9ffe36-e58f-4f06-bc97-7082dc72eda4,423da9a3-1887-42a5-a129-39d0b40eaa71,1a063a87-cb46-4fbb-b009-485805bac9e9,2025-11-26,7278af2d-7018-4d13-bb4d-1b35f4307714,,1,1424000,0.00000000000000000000,1424000.00000000000000000000,,Delivered,2026-06-18 23:55:42.102791+00
7e7bf88b-b059-403f-8d09-e4fe117f776e,443a0dd6-693f-4f42-b1a6-e09185927b81,c88e1fd5-0be2-48e1-b358-ac4b3c89d577,2025-11-10,e99e6ca5-a4bb-4343-a635-49f04389ca2a,,1,1375824,0.00000000000000000000,1375824.00000000000000000000,,Delivered,2026-06-18 23:55:42.102791+00
3e55f063-8786-4ca2-b69c-062aab5a7342,74391223-1da9-4fd4-b043-78cb1c582adf,d457639e-8359-40c7-8383-e026348f5722,2026-01-09,7278af2d-7018-4d13-bb4d-1b35f4307714,,1,1313000,0.00000000000000000000,1313000.00000000000000000000,,Delivered,2026-06-18 23:55:42.102791+00
f13ca985-afac-4e3f-ad68-d7a68eb0a396,96855d8d-98a7-46b2-bfbf-bf7c05943726,daacda62-b742-4f95-9d3b-45fa5eca1027,2025-09-18,71be3019-2872-4e46-9e8f-941663554ca2,,1,1231572,0.00000000000000000000,1231572.00000000000000000000,,Delivered,2026-06-18 23:55:42.102791+00
4a7ed5fb-0692-40ca-8315-5dc7a63f07f8,1f0e5d9a-3eee-4640-a945-f4d6dc6551b4,7424a5a2-dc43-468d-be22-4ff1b1802982,2025-12-22,e99e6ca5-a4bb-4343-a635-49f04389ca2a,,1,1177500,0.00000000000000000000,1177500.00000000000000000000,,Delivered,2026-06-18 23:55:42.102791+00
5210b035-bf59-448a-8a6d-b62e0c8dab63,de36312d-496a-465c-993d-61002908a45c,621af8d4-ea5f-4a75-9624-6670764a8f9c,2025-01-17,71be3019-2872-4e46-9e8f-941663554ca2,,1,1156250,0.00000000000000000000,1156250.00000000000000000000,,Delivered,2026-06-18 23:55:42.102791+00
8043ee9d-04b6-4ca1-9dc2-42b31e8c5c17,75df4963-47e9-410a-ba35-ec2b46f2de63,9bc5316f-10c7-41eb-bdb9-b84a741fe6e6,2024-11-27,8da5249a-c2b8-48c3-b61c-12ecf6d898d8,,1,1155000,0.00000000000000000000,1155000.00000000000000000000,,Delivered,2026-06-18 23:55:42.102791+00
a4740dbd-9f50-4745-a6e4-e27cf30cd195,dcbb7505-0956-4b55-bcd5-2685a3e7b967,b6fcd3be-dfc3-42f0-ac7a-64ef2dd10003,2025-09-14,e99e6ca5-a4bb-4343-a635-49f04389ca2a,,1,1140780,0.00000000000000000000,1140780.00000000000000000000,,Delivered,2026-06-18 23:55:42.102791+00
50638201-dca6-4f3b-b840-585599deec5b,fac574ef-35bd-49d3-80d2-45998a7492db,09085bea-98b5-46ec-8a03-81dfab2f48f1,2025-01-19,d5cfc9ca-e095-4816-8888-c0cd5c1bc4e1,,1,1130000,0.00000000000000000000,1130000.00000000000000000000,,Delivered,2026-06-18 23:55:42.102791+00
41271d10-46f8-44ad-b825-8525e1d1b913,b5229ce2-2728-478d-8043-c4daf734c3de,e6100b49-bdbb-4b8e-8d98-8adc37182e04,2025-09-15,e99e6ca5-a4bb-4343-a635-49f04389ca2a,,1,1125000,0.00000000000000000000,1125000.00000000000000000000,,Delivered,2026-06-18 23:55:42.102791+00
81b0620a-c127-42d8-b559-333251f4a356,45e1ca4d-caef-41fc-ab79-522ef77797b7,c43a9e62-e927-4522-9425-48b59076e314,2026-02-11,13434759-d4fc-4dc9-ad3b-480ab7211da2,,1,1123720,0.00000000000000000000,1123720.00000000000000000000,,Delivered,2026-06-18 23:55:42.102791+00
ede0db2a-a1c0-4e98-a722-27e5263bb16e,7650622b-8543-460c-9ffc-74e126f7ad33,9da810db-9f21-4967-af56-2202cbd54e7d,2026-01-29,c6e017b2-c27d-4969-95de-8284a705a232,,1,1110550,0.00000000000000000000,1110550.00000000000000000000,,Delivered,2026-06-18 23:55:42.102791+00
123511ff-19d3-4525-9b5a-c1a216642f34,2ac518f4-84ca-4fca-a2f5-6b3665fb3d3a,2ff56d13-ff3b-49c7-a288-6f323f3e6216,2024-11-22,71be3019-2872-4e46-9e8f-941663554ca2,,1,1110000,0.00000000000000000000,1110000.00000000000000000000,,Delivered,2026-06-18 23:55:42.102791+00
a30dbdc9-4469-42bc-b754-2f36ab2d7202,b75c6aa7-49d2-4cbf-90f2-86292f48bf0e,5fa671db-fe88-45fc-96d6-d43d4a276f46,2025-10-15,cf35118b-bee6-44e5-8011-470d64b8d0fc,,1,1106250,0.00000000000000000000,1106250.00000000000000000000,,Delivered,2026-06-18 23:55:42.102791+00
9cf9b5b8-3d66-477b-a82d-9ed1bb3fa37b,fab4eaad-920d-4b0c-b989-ece6ea55037f,71153010-5aa6-4c55-bb8d-48c9d41d1aff,2025-02-13,71be3019-2872-4e46-9e8f-941663554ca2,,1,1102500,0.00000000000000000000,1102500.00000000000000000000,,Delivered,2026-06-18 23:55:42.102791+00
f35e8e0e-0512-499f-af6c-367ce9e26ef3,bb2f2d6c-0517-4cfc-9c94-df2e804d776e,af432fa8-9a81-4608-affc-7f40996acec0,2025-09-11,e99e6ca5-a4bb-4343-a635-49f04389ca2a,,1,1095780,0.00000000000000000000,1095780.00000000000000000000,,Delivered,2026-06-18 23:55:42.102791+00
c7a4b495-08c0-4fa7-b391-4cdef1f7ee8e,0709257a-4acf-42b5-9091-fe745a57cc3e,03096350-f32b-4525-96c2-7fa5d3445dc7,2025-11-16,f3df996d-b48b-4239-8bf1-1e46b44fabd6,,1,1092000,0.00000000000000000000,1092000.00000000000000000000,,Delivered,2026-06-18 23:55:42.102791+00
9249c7e9-a4bf-4034-b69c-18503f760542,434c8f55-d6a2-4a3b-91d3-d90fd164c769,95efdf13-42f3-46f0-ae77-d4c675ebfb18,2025-03-28,ee050b45-8c17-4d06-ba05-a7f64ed04dab,,1,1079999,0.00000000000000000000,1079999.00000000000000000000,,Delivered,2026-06-18 23:55:42.102791+00
d81b5ee9-8e58-47e5-84a8-f4fcbd726659,ca826de2-a44f-4ad9-abb3-1cdfe248e2d9,65ffa4dc-14f5-491e-a1dc-c2acde8236c5,2024-06-28,ddc6b03a-4a98-439c-bfaf-cb665a6c6c5b,,1,1074500,0.00000000000000000000,1074500.00000000000000000000,,Delivered,2026-06-18 23:55:42.102791+00
de4a3605-5d96-4e3e-8c49-5c8e9ff8188f,7e2690d4-9d82-4cfc-85e8-c853dbe2ca1c,9aa093dc-a957-4af8-9ad8-d1adb628a60f,2025-02-11,8da5249a-c2b8-48c3-b61c-12ecf6d898d8,,1,1059375,0.00000000000000000000,1059375.00000000000000000000,,Delivered,2026-06-18 23:55:42.102791+00
3c4f4d51-9cbb-4007-83de-abbe761bf773,dc7d064c-0f60-4c26-bcca-bb756f731e60,f4b87e71-c85e-46a6-8c39-a236d91ab269,2024-11-13,ee050b45-8c17-4d06-ba05-a7f64ed04dab,,1,1049999,0.00000000000000000000,1049999.00000000000000000000,,Delivered,2026-06-18 23:55:42.102791+00
c6b5b91c-a665-44ff-991a-2ddc6976a59c,94d3440f-7632-40cf-955f-a649f4a1ea5d,9958e881-e646-4aa1-9d9f-bcb5e2deb4c6,2024-10-06,7f074738-5a84-4e01-9226-9a0acb1a86d8,,1,1042500,0.00000000000000000000,1042500.00000000000000000000,,Delivered,2026-06-18 23:55:42.102791+00
4fd6214a-983d-4b12-9dc7-910b27542e32,ee2d6e1c-b6ed-4d1e-b30c-7f9bcfcea109,a958cfd7-a3c5-4afb-98bf-a7aa025609f3,2025-09-24,fb0dc6af-e04e-4271-a539-9702b4d8fdfb,,1,1038000,0.00000000000000000000,1038000.00000000000000000000,,Delivered,2026-06-18 23:55:42.102791+00
9203a188-3d6c-47b6-8d01-4ac3801ddd3f,9e014367-9eaf-4875-84f9-f82883a81316,69c19fc6-cb25-489e-9226-1576fdb661a6,2025-11-10,71be3019-2872-4e46-9e8f-941663554ca2,,1,1031328,0.00000000000000000000,1031328.00000000000000000000,,Delivered,2026-06-18 23:55:42.102791+00
e695aef1-bae8-4173-8968-df5680dddc3e,01dafc52-465b-4544-9d54-19958e73adec,0f2e9afc-592e-47d3-b2e5-507ff0cb7bea,2025-08-25,e99e6ca5-a4bb-4343-a635-49f04389ca2a,,1,1027780,0.00000000000000000000,1027780.00000000000000000000,,Delivered,2026-06-18 23:55:42.102791+00
cecffc73-62e2-4382-8a79-504e2c046144,01409ce3-9882-48fe-b41f-45752a2cdb68,48ee5b25-c826-4cd8-bb72-f6c29aa5aea2,2024-12-24,ee050b45-8c17-4d06-ba05-a7f64ed04dab,,1,1024878,0.00000000000000000000,1024878.00000000000000000000,,Delivered,2026-06-18 23:55:42.102791+00
9cfff2cd-6c24-4ab4-961c-41e1932f6a8a,a8b0ff97-de40-452b-af09-d0a6b35eabc5,c5b75462-ad1a-457f-abda-0be3245fbf69,2024-10-18,22f3c314-4681-438c-96f5-2c089289e523,,1,1016250,0.00000000000000000000,1016250.00000000000000000000,,Delivered,2026-06-18 23:55:42.102791+00
9d991463-8dc3-4ab2-8f7f-c27ad5ff82b8,4dbdf20e-097f-4bfb-aca3-ef857732bf1a,e9bc41a9-e236-4f07-9437-bddc8a7f0b91,2025-10-20,5f27bee7-c714-4bfc-b036-d4c1e018d522,,1,1001250,0.00000000000000000000,1001250.00000000000000000000,,Delivered,2026-06-18 23:55:42.102791+00
8c9c8cfa-1eb6-4c1f-ace3-b8dd1b92f84c,743aec52-95c1-457b-a3bd-c7d1992da7cb,71c7f1de-7695-4926-a530-c47b3915f8d9,2025-10-03,242b18b0-2b6e-4ef6-b311-fa29444b997b,,1,996000,0.00000000000000000000,996000.00000000000000000000,,Delivered,2026-06-18 23:55:42.102791+00
b2c57442-b961-4282-842d-0a62b23d2035,6d64395a-84d8-4072-9f7f-687ea183b5f3,2df42c72-8ec7-4f3e-8625-8c1682036227,2025-02-13,71be3019-2872-4e46-9e8f-941663554ca2,,1,978800,0.00000000000000000000,978800.00000000000000000000,,Delivered,2026-06-18 23:55:42.102791+00
ecabb5c9-1c06-4425-938e-6ff1af3e1fed,81325786-a35d-48aa-b52c-8edfddd34640,cc81df19-03cc-4b85-863d-9ae85d96d7f0,2025-10-01,42d252ce-09ff-4009-912a-ee9ecb4bac8b,,1,974999,0.00000000000000000000,974999.00000000000000000000,,Delivered,2026-06-18 23:55:42.102791+00
a5fc330f-009a-49ed-820b-2c4e81b05e19,b7e09c1a-4142-4dd7-aae3-c8ac79952246,6238d2d0-c574-4b13-8f7c-dc1a0a9b2e4d,2024-10-06,f0fcd114-c83c-4557-ab8e-29869eb50b7b,,1,966000,0.00000000000000000000,966000.00000000000000000000,,Delivered,2026-06-18 23:55:42.102791+00
c59111ca-cc73-4134-9f40-6636fc96f88b,142004af-888c-4900-96d2-af2c52ddceb7,729eb771-5c5d-4a03-b43d-5351500eb670,2025-12-14,f3df996d-b48b-4239-8bf1-1e46b44fabd6,,1,960000,0.00000000000000000000,960000.00000000000000000000,,Delivered,2026-06-18 23:55:42.102791+00
e9ead648-b563-4588-af71-f9009eaad11b,d8323da5-8904-4e78-ab75-f64986cdcddd,a21fdc7d-584d-4f34-95d0-ed6f487faadc,2025-04-11,56037025-414a-4a5f-8b0f-a21864528f78,,1,954000,0.00000000000000000000,954000.00000000000000000000,,Delivered,2026-06-18 23:55:42.102791+00
07cb3d00-8ea2-467d-801c-f86c369a8b8a,c457d7c0-384e-47ac-8a5e-01ee763ebcfa,3a86bdf3-1155-4fbb-9b43-67a14a2d086a,2025-10-05,3c4d3236-1af3-4a76-8560-1be48d264c9a,,1,950000,0.00000000000000000000,950000.00000000000000000000,,Delivered,2026-06-18 23:55:42.102791+00
74cf4310-9181-43e4-8205-2e97b5df1b68,a4cef7ef-92d6-4f70-819d-97b6e19ebce9,ca38c9d0-333e-4623-8baf-693251045369,2024-08-15,8da5249a-c2b8-48c3-b61c-12ecf6d898d8,,1,946500,0.00000000000000000000,946500.00000000000000000000,,Delivered,2026-06-18 23:55:42.102791+00
398faa92-ac3a-44d3-a747-3d75c7f473ad,f5b9a80f-bde1-4131-8bb2-828a1b8c64a5,b0bb8fae-646b-43b3-9289-dcfa91999304,2025-02-23,8da5249a-c2b8-48c3-b61c-12ecf6d898d8,,1,940625,0.00000000000000000000,940625.00000000000000000000,,Delivered,2026-06-18 23:55:42.102791+00
b1d8f2e1-b9ee-4c3d-a34d-790ce762154b,d7828a3d-ffe2-42d7-bf74-87e236348000,1aff80bf-6055-41f0-ba1a-3e5eed51a035,2024-10-24,e0127f48-7045-4fdc-b308-c030eb515cc1,,1,937500,0.00000000000000000000,937500.00000000000000000000,,Delivered,2026-06-18 23:55:42.102791+00
ae461591-5422-4a37-80a4-3f67dc94c8a5,ec452fc3-7848-4568-b817-ccce1e7258c6,fd636f49-b7ec-418e-ab8a-7774834ce74d,2026-02-03,628bcaf4-621f-4082-9aff-5ac50eb5f547,,1,933000,0.00000000000000000000,933000.00000000000000000000,,Delivered,2026-06-18 23:55:42.102791+00
7a2a9c38-2168-4b3b-895c-a4da4de002f7,184c0fe1-a1ac-40a9-9da8-1c4543eca91d,05b34320-c91f-43bb-9792-7216b2d733c2,2024-11-24,e0127f48-7045-4fdc-b308-c030eb515cc1,,1,931250,0.00000000000000000000,931250.00000000000000000000,,Delivered,2026-06-18 23:55:42.102791+00
cd3ae2be-168b-47b3-bc33-fb787ebbbe5d,0d5b9521-bfb4-4ce6-8726-8133169ddafd,b33b2493-8509-4b25-9eba-12412797857a,2025-07-28,ef173824-236e-4589-af6a-5bd7edb0e89f,,1,928000,0.00000000000000000000,928000.00000000000000000000,,Delivered,2026-06-18 23:55:42.102791+00
01ee2551-1c7f-4809-8ff7-2208886f7dec,87b09655-f8d2-469f-b973-496b2196792c,0ba55ee0-c16c-473e-a4b3-f6ae9fc096f2,2026-02-23,7278af2d-7018-4d13-bb4d-1b35f4307714,,1,1648000,0.00000000000000000000,1648000.00000000000000000000,,Delivered,2026-06-18 23:55:42.102791+00
c04a2596-86fd-40c3-9749-71f46d02a1a4,0a7fb9c1-6c26-429c-88cb-811bb1ae8295,2c12cbb8-2262-40c1-afb8-33a2f297031e,2026-01-20,7278af2d-7018-4d13-bb4d-1b35f4307714,,1,1616000,0.00000000000000000000,1616000.00000000000000000000,,Delivered,2026-06-18 23:55:42.102791+00
746ed4b5-2813-4ae8-941f-5bd5398db52c,5ec44257-83bb-48cd-92a3-107afe495b44,71c4f984-2ec7-46cb-a83d-3667f624153a,2025-04-21,56037025-414a-4a5f-8b0f-a21864528f78,,1,1590000,0.00000000000000000000,1590000.00000000000000000000,,Delivered,2026-06-18 23:55:42.102791+00
87f4069e-3789-4541-9ce3-93374220897a,04f075f0-6ecb-4273-b632-c04b8e1f755a,0dd91737-a448-4754-b16a-59e0556a8060,2026-02-17,7278af2d-7018-4d13-bb4d-1b35f4307714,,1,1515000,0.00000000000000000000,1515000.00000000000000000000,,Delivered,2026-06-18 23:55:42.102791+00
b4dd47c0-769e-443e-8128-3118e80369f1,34e795e0-1941-46f2-8ba7-214814d17861,fa463057-0b68-404a-a469-6125eb2c1c47,2026-01-11,7278af2d-7018-4d13-bb4d-1b35f4307714,,1,1515000,0.00000000000000000000,1515000.00000000000000000000,,Delivered,2026-06-18 23:55:42.102791+00
ef4892d5-54e6-42e6-8b19-287fc009b31e,999d0132-3faf-472d-91fa-0e126766eb9f,03c55899-1088-4b0a-988f-b63b5ab9e6fc,2025-11-24,ef173824-236e-4589-af6a-5bd7edb0e89f,,1,1464000,0.00000000000000000000,1464000.00000000000000000000,,Delivered,2026-06-18 23:55:42.102791+00
9573a3e6-d28c-4e9a-aab4-379330251d06,3bdd5418-dd08-4f8d-9f6c-1590ae4ceebe,313420e5-30a9-4a97-956b-5219cd318dd4,2025-02-28,71be3019-2872-4e46-9e8f-941663554ca2,,1,1450000,0.00000000000000000000,1450000.00000000000000000000,,Delivered,2026-06-18 23:55:42.102791+00
6f14f4ff-1c87-41e9-8df4-d166a7a35d7d,b480c07b-dd9e-4486-a300-3a89b7922c6a,81ded293-f4b3-4726-821d-6a06f959b02e,2025-11-17,7278af2d-7018-4d13-bb4d-1b35f4307714,,1,1432000,0.00000000000000000000,1432000.00000000000000000000,,Delivered,2026-06-18 23:55:42.102791+00
07c8fdd5-bb5c-4203-b53d-b467594d4cbb,d8288d5f-1192-45d3-b33b-10ef6d795c35,bbe4083e-a12d-4b1e-b1fa-fb6e9e6170ab,2025-10-30,e99e6ca5-a4bb-4343-a635-49f04389ca2a,,1,1422710,0.00000000000000000000,1422710.00000000000000000000,,Delivered,2026-06-18 23:55:42.102791+00
b60f4994-cbe8-46de-ba5e-918ef543a547,301798a4-a9fd-41c7-8252-6cd759ba3bf0,c52d0bc9-6ffe-41e1-985c-671e3dd4af06,2025-10-20,242b18b0-2b6e-4ef6-b311-fa29444b997b,,1,1380000,0.00000000000000000000,1380000.00000000000000000000,,Delivered,2026-06-18 23:55:42.102791+00
31e6d37a-9010-45e3-a9cc-11c39ac2af59,402f9466-13d1-475e-b2b3-54971c47fd57,726690d1-e7ea-493d-9866-9840db350c57,2025-10-19,ef173824-236e-4589-af6a-5bd7edb0e89f,,1,1328000,0.00000000000000000000,1328000.00000000000000000000,,Delivered,2026-06-18 23:55:42.102791+00
c466c1d7-444f-4ad3-8f8c-8a7aa5d87078,d07fc2c6-d4af-4707-ab28-e8e3cb724831,a2db1354-2448-49cb-b5de-40ee3c5b7fbd,2025-11-09,cb9742f2-b64b-403b-a01c-866e7493f406,,1,1244500,0.00000000000000000000,1244500.00000000000000000000,,Delivered,2026-06-18 23:55:42.102791+00
661c6e2c-cdb0-47b1-880c-f89371e41b2a,89d84889-a8e1-496c-b029-f47cc0b6823f,7b8929aa-7048-483b-9869-4be97cfaba93,2025-11-13,ee050b45-8c17-4d06-ba05-a7f64ed04dab,,1,1172500,0.00000000000000000000,1172500.00000000000000000000,,Delivered,2026-06-18 23:55:42.102791+00
35b7d21a-857f-4db2-b5ab-d660afb2b76f,b86442f2-30a0-457f-8651-355a3f20371a,b8a59199-5e57-4b68-92d0-f86755376da9,2025-01-06,71be3019-2872-4e46-9e8f-941663554ca2,,1,1156250,0.00000000000000000000,1156250.00000000000000000000,,Delivered,2026-06-18 23:55:42.102791+00
f4257c63-7be4-410c-b44d-a30aac1eab94,2bef86d5-06e1-433c-80d4-5896b4d06362,ca32f070-7572-42f7-8397-16e12d5ffa3d,2025-11-06,99654bf2-99d2-4963-a48f-35d1eacc4352,,1,1150000,0.00000000000000000000,1150000.00000000000000000000,,Delivered,2026-06-18 23:55:42.102791+00
1339b574-3f8a-4805-a28a-6b9dd9285eb7,c4aae462-7e21-4a97-894d-b5e1c7578c99,0cff929c-d634-4837-a892-4768fb49bc86,2025-02-13,f44a0530-a9a7-44dc-a935-1788e1ed642f,,1,1144206,0.00000000000000000000,1144206.00000000000000000000,,Delivered,2026-06-18 23:55:42.102791+00
fb0842f6-6c6a-4bab-b402-655665dd7a0b,f06cf78d-02e4-4223-a7f5-3fd69f7db19e,6cb2280a-56fe-4070-8d36-e7f2e5161140,2025-02-07,ee050b45-8c17-4d06-ba05-a7f64ed04dab,,1,1127499,0.00000000000000000000,1127499.00000000000000000000,,Delivered,2026-06-18 23:55:42.102791+00
4dc93f49-2f23-4325-a454-870de5680b7a,490b1f1a-008e-466b-93a2-cf073257dfe7,59f29f62-73b6-406c-9016-585368788122,2025-10-19,42d252ce-09ff-4009-912a-ee9ecb4bac8b,,1,1125000,0.00000000000000000000,1125000.00000000000000000000,,Delivered,2026-06-18 23:55:42.102791+00
a58d1728-ac30-4b8e-b7fd-2b47e06a5ad5,d67f8678-384b-4424-9bc3-74d54d38c6e5,78d5fefa-0af0-4984-b54c-f023a505c1c9,2025-02-24,f44a0530-a9a7-44dc-a935-1788e1ed642f,,1,1123159,0.00000000000000000000,1123159.00000000000000000000,,Delivered,2026-06-18 23:55:42.102791+00
52a2c551-fd24-49d2-950e-fd9b098ccf18,7bbe7a36-9e45-4678-9548-cc7a271f5e27,b48f7eae-24a9-4cc3-a705-f8560e75cdc7,2025-10-29,6e294634-9504-4be4-960e-df2f3ae4b416,,1,1110000,0.00000000000000000000,1110000.00000000000000000000,,Delivered,2026-06-18 23:55:42.102791+00
12066ba4-5ff2-40fb-bca0-36ff5d044f18,a0b08fd1-20f2-4897-8210-dfd16ef62846,6f94b78f-5368-4db5-ac2f-626e02a3de1e,2024-11-14,71be3019-2872-4e46-9e8f-941663554ca2,,1,1110000,0.00000000000000000000,1110000.00000000000000000000,,Delivered,2026-06-18 23:55:42.102791+00
3aaa4c75-331a-40e5-8aaa-bc7c3dcc85be,7fe1b10a-4c01-42ad-b9a4-143b158c4241,b1e1ac22-c485-498c-8978-9493c0c71409,2025-10-15,cf35118b-bee6-44e5-8011-470d64b8d0fc,,1,1106250,0.00000000000000000000,1106250.00000000000000000000,,Delivered,2026-06-18 23:55:42.102791+00
e88b32c0-a1f6-4198-91d7-dc850d802e9e,ce3810b6-cfd8-464b-8c9c-3b0e390aeb65,045dd86c-a89f-4a80-8ce8-c48af0c78c69,2025-03-06,f44a0530-a9a7-44dc-a935-1788e1ed642f,,1,1100000,0.00000000000000000000,1100000.00000000000000000000,,Delivered,2026-06-18 23:55:42.102791+00
4b7e5e92-38f9-4df1-a06c-9c23ef7bc6f9,cf516246-fe64-42db-b377-80834f6be9f5,241e9733-8053-426f-b416-dbb7e47c7772,2025-03-17,d5cfc9ca-e095-4816-8888-c0cd5c1bc4e1,,1,1095000,0.00000000000000000000,1095000.00000000000000000000,,Delivered,2026-06-18 23:55:42.102791+00
59e06ee3-f340-41d5-8ca8-51708aa40c35,54508f44-755b-4b45-96fc-05161f92bf90,3101f804-0406-41e2-bc03-6a23a8112671,2025-03-27,71be3019-2872-4e46-9e8f-941663554ca2,,1,1087500,0.00000000000000000000,1087500.00000000000000000000,,Delivered,2026-06-18 23:55:42.102791+00
6847cfe4-5906-4a2d-971b-9769a1c90ea9,863e0212-cc13-44f8-98d9-7242a67dbe38,09f5d13e-9f6a-4bf4-bde4-793d7c6549dc,2025-10-28,e99e6ca5-a4bb-4343-a635-49f04389ca2a,,1,1081351,0.00000000000000000000,1081351.00000000000000000000,,Delivered,2026-06-18 23:55:42.102791+00
11ed8932-1bd9-4dcf-be33-f99644210764,9acdbc9b-b1f9-4072-a924-fb76a05110fd,d1ffa954-a15c-4074-9234-4b019d15673e,2025-10-15,7278af2d-7018-4d13-bb4d-1b35f4307714,,1,1072000,0.00000000000000000000,1072000.00000000000000000000,,Delivered,2026-06-18 23:55:42.102791+00
7c528f04-d1cc-4436-bf5f-ec5428be2517,a1155ad0-248e-4832-ae32-6c2c74c70ab2,493534e4-19c1-4474-9d3e-26cffe7deea4,2025-10-01,7278af2d-7018-4d13-bb4d-1b35f4307714,,1,1056000,0.00000000000000000000,1056000.00000000000000000000,,Delivered,2026-06-18 23:55:42.102791+00
8bcf5a1f-2032-4ae0-8fec-57eed420b6bd,5f174d0b-40af-42c5-95d7-023b5face068,a1c6951a-f7b4-450d-bb35-58ea6b428ba9,2025-01-17,42d252ce-09ff-4009-912a-ee9ecb4bac8b,,1,1045323,0.00000000000000000000,1045323.00000000000000000000,,Delivered,2026-06-18 23:55:42.102791+00
b8173598-9084-4ac7-a8f8-55a6e301c290,1b89b5f5-1dfa-4f7d-af1a-2803ce654910,7ce26b91-2288-4b57-b073-03fc8057347b,2024-10-06,7f074738-5a84-4e01-9226-9a0acb1a86d8,,1,1042500,0.00000000000000000000,1042500.00000000000000000000,,Delivered,2026-06-18 23:55:42.102791+00
c2bd4db8-5a7d-4f17-ae42-fa2b9be5f11f,663545fa-b7ba-4751-88ed-665b9147c6b0,aeec62bb-90d8-4df0-aad7-f3d44ef3e6de,2024-10-10,9afccd26-29ec-49e6-a7e3-cc474a13274b,,1,1038000,0.00000000000000000000,1038000.00000000000000000000,,Delivered,2026-06-18 23:55:42.102791+00
86520e3d-8754-4c7f-a3f2-4573e4be2312,414d185d-2069-4a12-a41c-0637b0699e24,fc7a2346-d89b-4526-a83b-20eb133055f8,2024-11-24,c3fb7a8a-5562-40d6-a440-ac11aa686157,,1,1032995,0.00000000000000000000,1032995.00000000000000000000,,Delivered,2026-06-18 23:55:42.102791+00
b05c4b26-06db-4eda-b345-ab7f903f1048,5afaed42-97de-4453-a188-be2fbae9d478,694b79ec-ac86-41bd-85fb-befae64eb3bc,2025-06-10,7278af2d-7018-4d13-bb4d-1b35f4307714,,1,1027500,0.00000000000000000000,1027500.00000000000000000000,,Delivered,2026-06-18 23:55:42.102791+00
c270c9c5-88ef-4063-9e01-976cc4b13fe6,dbe30364-e1b7-4c62-b13c-612a79f860b9,1529b42f-588c-47e6-8ed1-cb6bbc85f58a,2025-09-12,e99e6ca5-a4bb-4343-a635-49f04389ca2a,,1,1019271,0.00000000000000000000,1019271.00000000000000000000,,Delivered,2026-06-18 23:55:42.102791+00
da902a2b-ed94-47de-b863-9241ad436451,ff638d4a-0884-4d42-9038-e656bb704bea,bcac6ceb-1236-4bc4-a375-6b3fa4905b39,2025-06-10,7278af2d-7018-4d13-bb4d-1b35f4307714,,1,1012500,0.00000000000000000000,1012500.00000000000000000000,,Delivered,2026-06-18 23:55:42.102791+00
b2993f8e-9d0f-4599-a1ca-03ed45e151dc,ffc9a9a1-f3a4-446e-bd07-cf8254937987,c9e1d359-d567-4feb-b0fa-a7473d6c25ae,2025-03-14,ee050b45-8c17-4d06-ba05-a7f64ed04dab,,1,1004999,0.00000000000000000000,1004999.00000000000000000000,,Delivered,2026-06-18 23:55:42.102791+00
4fc2880b-0477-4c9a-b631-379b7defb51f,449f3f0f-8b58-413a-add4-64845903a8f3,581dda06-0605-40b3-aa7a-991850f5a6cd,2026-01-02,c6e017b2-c27d-4969-95de-8284a705a232,,1,997150,0.00000000000000000000,997150.00000000000000000000,,Delivered,2026-06-18 23:55:42.102791+00
e78046cd-9bee-4abe-9284-97b7ed8686e6,57419234-7e5e-4a84-a269-eb602219e367,2d32c93b-4803-4317-a6cf-dd92552f4fdc,2026-02-01,c6e017b2-c27d-4969-95de-8284a705a232,,1,975000,0.00000000000000000000,975000.00000000000000000000,,Delivered,2026-06-18 23:55:42.102791+00
a4aa386d-c360-4601-a793-42a0f1f74c45,8a395ab9-835a-418c-8632-9e34976cf44e,328cdb3d-3c06-435c-8565-89c19491c378,2024-07-21,8da5249a-c2b8-48c3-b61c-12ecf6d898d8,,1,968000,0.00000000000000000000,968000.00000000000000000000,,Delivered,2026-06-18 23:55:42.102791+00
8b4efc39-bef2-4e04-8ac7-4af766f681b3,f4febdeb-2a6a-456f-90d5-ea9836bd6577,3f945ef0-50b3-4d11-8cb7-6ddc7f75a328,2025-10-19,c6e017b2-c27d-4969-95de-8284a705a232,,1,963899,0.00000000000000000000,963899.00000000000000000000,,Delivered,2026-06-18 23:55:42.102791+00
b492847d-78b1-433e-a716-38c791653fa4,3c79215d-fba9-4e70-8ce2-f9d0f7f67475,767aee46-e2ed-4459-9171-c34dc14ef102,2024-11-05,ee050b45-8c17-4d06-ba05-a7f64ed04dab,,1,955000,0.00000000000000000000,955000.00000000000000000000,,Delivered,2026-06-18 23:55:42.102791+00
0b1a194a-4d06-4072-8c54-756df4bef31e,32bc7b9f-675a-4dc2-b224-e47dd0a0ffbc,1ba5c402-0ee7-4ad2-9c56-993e16c5a0f6,2024-11-07,353bb4af-8760-4bd7-a2d2-354d4f3d52ba,,1,954299,0.00000000000000000000,954299.00000000000000000000,,Delivered,2026-06-18 23:55:42.102791+00
889b8d00-a497-4e29-a0b2-dc6ce6d8c949,efb784b8-6946-4928-a01c-c063a70d4eb8,cd9ec97a-819f-4d25-8219-526feb17657b,2025-05-19,42d252ce-09ff-4009-912a-ee9ecb4bac8b,,1,950000,0.00000000000000000000,950000.00000000000000000000,,Delivered,2026-06-18 23:55:42.102791+00
fd471c5c-c894-4f0e-8c72-003b628b1b8f,49a12d90-ca78-4e4e-b7bb-64091e676309,01265c0c-0752-43f6-88e5-72fb1e3917dd,2024-07-22,8da5249a-c2b8-48c3-b61c-12ecf6d898d8,,1,944600,0.00000000000000000000,944600.00000000000000000000,,Delivered,2026-06-18 23:55:42.102791+00
9934cddc-dee5-4ad6-8bc0-075339a7a317,912fd5ce-f565-4127-b729-225ef5c56bbc,578bbae7-1423-40bf-8f7f-5ddf0237e840,2026-02-16,71be3019-2872-4e46-9e8f-941663554ca2,,1,937750,0.00000000000000000000,937750.00000000000000000000,,Delivered,2026-06-18 23:55:42.102791+00
7d7d4fef-ca44-4799-9d4e-213bcc6a4a5d,fcf3c81a-ae98-48b6-8b54-4fa24815c0f3,2ffca897-fa45-4d8f-8c75-50cbc23f6c89,2024-07-17,e0127f48-7045-4fdc-b308-c030eb515cc1,,1,937500,0.00000000000000000000,937500.00000000000000000000,,Delivered,2026-06-18 23:55:42.102791+00
a30f1211-d25b-451a-a71c-26b24303eba3,88087714-cab6-4258-a498-63e6763ecc02,66464131-45df-4845-81ff-b51ed1f8b458,2024-08-25,8da5249a-c2b8-48c3-b61c-12ecf6d898d8,,1,931250,0.00000000000000000000,931250.00000000000000000000,,Delivered,2026-06-18 23:55:42.102791+00
b9034b03-08f2-4f49-ae5e-a74e57c32ecc,4915bbdf-93a6-43a2-bf41-b452899dcdef,52b2a63c-cab4-4e32-b83a-8aef01caaffa,2024-08-09,e0127f48-7045-4fdc-b308-c030eb515cc1,,1,931250,0.00000000000000000000,931250.00000000000000000000,,Delivered,2026-06-18 23:55:42.102791+00
dfb54b47-3a32-4395-be52-84888f7b04f0,20dc8fe5-2e45-429d-8994-27e78449f32a,cafcaff8-1e25-4523-bb94-45d23c9754e1,2025-07-06,ef173824-236e-4589-af6a-5bd7edb0e89f,,1,928000,0.00000000000000000000,928000.00000000000000000000,,Delivered,2026-06-18 23:55:42.102791+00
4b6d4ec5-53fe-4281-bf32-bdc72fcb87cb,f573c435-460a-4631-9965-fd82238dceea,bdd730fd-d8a6-4cac-86cb-9f51c55f3faf,2025-10-06,cf35118b-bee6-44e5-8011-470d64b8d0fc,,1,1770000,0.00000000000000000000,1770000.00000000000000000000,,Delivered,2026-06-18 23:55:42.102791+00
d165c8df-d52b-4955-890e-5625dae5bc8d,b5ba3fbc-8653-4324-a33c-3a166b369aab,a265971d-7c49-464c-a67c-f3a5f9e1115d,2026-01-18,7278af2d-7018-4d13-bb4d-1b35f4307714,,1,1616000,0.00000000000000000000,1616000.00000000000000000000,,Delivered,2026-06-18 23:55:42.102791+00
8897c20c-ac59-40fa-b68d-64ba881f01c9,e6e41678-0fc8-4b93-857d-07dde0447303,98a117d7-8463-4f25-a917-9b01b6d57142,2025-04-21,56037025-414a-4a5f-8b0f-a21864528f78,,1,1590000,0.00000000000000000000,1590000.00000000000000000000,,Delivered,2026-06-18 23:55:42.102791+00
39a5df57-38f6-4075-b837-afb987a5dc5d,3e4b5d2c-3985-4f6b-863c-79c48a2369b9,777e9d80-1cfa-4375-8195-66a7fa2950dd,2026-01-20,ef173824-236e-4589-af6a-5bd7edb0e89f,,1,1536000,0.00000000000000000000,1536000.00000000000000000000,,Delivered,2026-06-18 23:55:42.102791+00
6e2acc32-e5b9-49d0-b139-b1a15930acf6,cd3b5b8d-17d3-4ad2-a700-781de3827194,3a0f2ff0-2424-423d-bef4-a32dc3d1c9be,2026-01-14,7278af2d-7018-4d13-bb4d-1b35f4307714,,1,1515000,0.00000000000000000000,1515000.00000000000000000000,,Delivered,2026-06-18 23:55:42.102791+00
cdcfb523-1363-400d-8fa1-ee053f335ee0,1eeaba16-be38-46a5-a706-7d0b7d0b7298,4defef8d-fddb-4b65-98f0-32f7eb8feaf0,2025-11-09,ef173824-236e-4589-af6a-5bd7edb0e89f,,1,1464000,0.00000000000000000000,1464000.00000000000000000000,,Delivered,2026-06-18 23:55:42.102791+00
aac4de68-88ae-46f2-9c6b-63fb7e04d29c,00197808-e4f2-45e6-b986-d9165b3ca0db,02d57556-edcc-4b8c-b821-5dbdb045eba2,2026-01-06,7278af2d-7018-4d13-bb4d-1b35f4307714,,1,1440000,0.00000000000000000000,1440000.00000000000000000000,,Delivered,2026-06-18 23:55:42.102791+00
11c3f33b-bc98-4b83-ba06-6535e1b551a4,2a8736ed-30c9-46ab-be6d-4394fd37fc86,9b71df6b-0bbe-4695-afed-958df141face,2025-11-11,7278af2d-7018-4d13-bb4d-1b35f4307714,,1,1432000,0.00000000000000000000,1432000.00000000000000000000,,Delivered,2026-06-18 23:55:42.102791+00
4e608a56-8be8-4b0b-ba4c-db34130e4283,0aa847cb-b275-4e94-849c-df44fed50c86,c80be0c6-68ba-45fc-8bee-38bd41e25e15,2025-12-03,7278af2d-7018-4d13-bb4d-1b35f4307714,,1,1424000,0.00000000000000000000,1424000.00000000000000000000,,Delivered,2026-06-18 23:55:42.102791+00
c0ff2aba-9f4d-4dda-9f33-c06ab8e3d0c4,5897a2c7-aad8-443c-827f-d9ac50f64f4d,4fe390fd-e933-4fae-aa1b-96a3d39c1e59,2025-11-14,4b5902bf-67f1-4e06-8882-ca516c1842db,,1,1369250,0.00000000000000000000,1369250.00000000000000000000,,Delivered,2026-06-18 23:55:42.102791+00
c3ac5332-9e3a-4419-b08a-db38aa7a2cb9,cfc9c3f3-6c39-4d83-a1cb-a7fd6a99f39d,4ef484e9-8db7-49ed-84c6-9e95dba5437c,2025-09-14,e99e6ca5-a4bb-4343-a635-49f04389ca2a,,1,1260000,0.00000000000000000000,1260000.00000000000000000000,,Delivered,2026-06-18 23:55:42.102791+00
d2b6f0c5-0641-4fd7-b457-e7d56c720870,adc5cc43-e564-42d3-ab93-bc0c54b3de55,b186149f-6f56-4a52-8910-73ed75d0f6db,2026-01-23,d9b2eb32-034b-4fb9-b662-68e4ceaeeb89,,1,1197499,0.00000000000000000000,1197499.00000000000000000000,,Delivered,2026-06-18 23:55:42.102791+00
2cf15a05-b00e-4bc2-a72a-d275e4cc050b,5d69068d-fa25-4d70-8986-bba7388100b9,003188cf-7578-43d8-abba-1f30b1c48ddd,2025-11-07,ee050b45-8c17-4d06-ba05-a7f64ed04dab,,1,1169999,0.00000000000000000000,1169999.00000000000000000000,,Delivered,2026-06-18 23:55:42.102791+00
dec36e26-1799-4860-a9c0-b74cebb83cdc,8ea5ecb8-c9af-450a-9667-bb47a7d42830,3840a0b6-9669-41e4-ac9e-f6568234510e,2024-12-25,71be3019-2872-4e46-9e8f-941663554ca2,,1,1156250,0.00000000000000000000,1156250.00000000000000000000,,Delivered,2026-06-18 23:55:42.102791+00
ee638fa3-ee15-4470-8d5e-81948d796c62,8d6772f2-b17c-4c47-a6ba-0d72bc6decd2,a9bc9fe9-8bfe-4149-a84a-59399b08389e,2024-12-13,d5cfc9ca-e095-4816-8888-c0cd5c1bc4e1,,1,1149000,0.00000000000000000000,1149000.00000000000000000000,,Delivered,2026-06-18 23:55:42.102791+00
83071def-5452-47ba-8cd5-521dfa370937,47ac3f64-9c9a-4adf-b9bb-0dbea1d34cb0,a9af130a-0329-4808-87bf-5a40326fddef,2025-11-27,f0fcd114-c83c-4557-ab8e-29869eb50b7b,,1,1139750,0.00000000000000000000,1139750.00000000000000000000,,Delivered,2026-06-18 23:55:42.102791+00
911dc3bc-7379-44b5-8549-612727193886,980735b7-7112-4661-9ed7-f5a979856d46,b6d937d8-15ed-49a1-bd1d-8c0fceea2d02,2025-11-02,ee050b45-8c17-4d06-ba05-a7f64ed04dab,,1,1125000,0.00000000000000000000,1125000.00000000000000000000,,Delivered,2026-06-18 23:55:42.102791+00
35efef90-fdfa-4ff2-b37f-3c567c87b72d,d3c56357-1e2b-4d19-81a6-b53b5fd0b1ef,823f4b3c-e3aa-464b-915e-d013f67ecbf0,2025-10-19,42d252ce-09ff-4009-912a-ee9ecb4bac8b,,1,1125000,0.00000000000000000000,1125000.00000000000000000000,,Delivered,2026-06-18 23:55:42.102791+00
b9838c24-e0a1-4d19-a071-9eb283bf493e,0f1ef8aa-cb24-4f6d-9627-d8d4fd3231f8,b9c80053-c2b9-4a1c-9d5f-5e9968256eb9,2024-11-21,ee050b45-8c17-4d06-ba05-a7f64ed04dab,,1,1114999,0.00000000000000000000,1114999.00000000000000000000,,Delivered,2026-06-18 23:55:42.102791+00
a0849720-b3ce-4326-87a2-37bdae6a3754,ad6da14c-e815-4341-97ff-98586583dada,8eb135b4-dd41-425c-b0a4-5a417b3b4ce7,2024-11-29,71be3019-2872-4e46-9e8f-941663554ca2,,1,1110000,0.00000000000000000000,1110000.00000000000000000000,,Delivered,2026-06-18 23:55:42.102791+00
6499a2fe-72d8-4faf-9066-29d6187605fc,06c8ff7d-1bf1-4aa6-aa4a-b31eda82e159,8165873e-e480-4fca-8e15-c72c9e4c99a2,2024-11-15,71be3019-2872-4e46-9e8f-941663554ca2,,1,1110000,0.00000000000000000000,1110000.00000000000000000000,,Delivered,2026-06-18 23:55:42.102791+00
8772b329-da98-4a8a-86dd-634d3aba1c71,5d550d57-ee77-40e8-af30-0a82c6c98d1a,ab27cc13-db79-4d16-bef1-bc92badfabfc,2025-10-15,cf35118b-bee6-44e5-8011-470d64b8d0fc,,1,1106250,0.00000000000000000000,1106250.00000000000000000000,,Delivered,2026-06-18 23:55:42.102791+00
9b2cad1e-7c1e-4879-bc33-6b884353e0e4,e7eae610-1c59-4884-b935-8db303e57b86,dc9507ef-fa91-436a-ad88-1a006cd457b4,2025-03-06,f44a0530-a9a7-44dc-a935-1788e1ed642f,,1,1100000,0.00000000000000000000,1100000.00000000000000000000,,Delivered,2026-06-18 23:55:42.102791+00
956563ec-6d38-4888-a9d4-76fd8116890b,e0766375-36d0-4da4-8fae-fbb08f2f779c,5e7c6812-de6d-48d6-ac75-7fb933d207a8,2025-08-31,e99e6ca5-a4bb-4343-a635-49f04389ca2a,,1,1095280,0.00000000000000000000,1095280.00000000000000000000,,Delivered,2026-06-18 23:55:42.102791+00
b1e0bf42-d0ef-493a-9ab3-16c6b6bf43e0,cf89e867-5000-4c5c-b060-6e50119eec15,487ac3c4-2fad-4510-a8af-62f101e5c828,2025-03-25,71be3019-2872-4e46-9e8f-941663554ca2,,1,1087500,0.00000000000000000000,1087500.00000000000000000000,,Delivered,2026-06-18 23:55:42.102791+00
a8a2dc3d-9fee-427d-abd2-0449f558021a,070b6044-cee8-46a2-bbcb-948e75ae6b58,da2102d4-97ef-4888-8f91-6694dffdfbd0,2025-04-14,e5292d40-6064-4169-875d-acf942d10206,,1,1079364,0.00000000000000000000,1079364.00000000000000000000,,Delivered,2026-06-18 23:55:42.102791+00
2dfa8ee3-142c-4a17-9532-e1c5a46ce86f,2300099f-0506-43bc-aee1-1cab1cdf77b8,e6aa1135-5808-4ef7-a3d7-f7c9dde53599,2025-12-22,71be3019-2872-4e46-9e8f-941663554ca2,,1,1065750,0.00000000000000000000,1065750.00000000000000000000,,Delivered,2026-06-18 23:55:42.102791+00
b6f9fec4-7256-4748-a316-464031a2fee6,10b4372d-073a-4bd0-9638-e6628b6ddb44,18a2c5b9-463a-4db7-80aa-226573136a9d,2025-02-16,8da5249a-c2b8-48c3-b61c-12ecf6d898d8,,1,1059375,0.00000000000000000000,1059375.00000000000000000000,,Delivered,2026-06-18 23:55:42.102791+00
2a547503-820b-4825-b260-12d338a4b53a,637ef1c9-2aed-4370-8698-cb8cc158911a,e8294c42-ef1a-459c-a95b-41fa52e39f33,2026-01-16,c6e017b2-c27d-4969-95de-8284a705a232,,1,1045600,0.00000000000000000000,1045600.00000000000000000000,,Delivered,2026-06-18 23:55:42.102791+00
1e0f38d4-568d-459e-ae69-c4c707f8e017,c622a4f4-d3b7-4b69-be05-9fd95ca4e581,d9128261-40f1-4fea-9a59-b64dd36204f5,2026-02-03,f3df996d-b48b-4239-8bf1-1e46b44fabd6,,1,1045000,0.00000000000000000000,1045000.00000000000000000000,,Delivered,2026-06-18 23:55:42.102791+00
5d9ab2de-398c-4766-a154-ce134bc554ce,12fe1639-ee30-4d0a-ac41-27278574aaf5,294d3d91-9e1f-42d4-ab8f-83113f84b3e0,2026-01-11,f3df996d-b48b-4239-8bf1-1e46b44fabd6,,1,1035000,0.00000000000000000000,1035000.00000000000000000000,,Delivered,2026-06-18 23:55:42.102791+00
8bf20aef-e916-4237-8dbf-4de86b62dc1a,6d5bd78a-c89e-4e94-97ed-a26121aed381,b92bf2b3-820c-4f04-bd1e-e2b2dcf2113f,2026-01-29,7278af2d-7018-4d13-bb4d-1b35f4307714,,1,1030000,0.00000000000000000000,1030000.00000000000000000000,,Delivered,2026-06-18 23:55:42.102791+00
f778ae5e-fa08-4a23-8848-befb5c82ca45,5a878f7c-85d9-4a8f-8492-078483cbfdf8,751d12ee-1d2c-436d-b224-a8d23d620311,2025-08-25,e99e6ca5-a4bb-4343-a635-49f04389ca2a,,1,1027780,0.00000000000000000000,1027780.00000000000000000000,,Delivered,2026-06-18 23:55:42.102791+00
4b4c77c0-0dfa-4f44-91b2-8480f7c9efaf,d9922a98-2851-4b3c-8724-96ea4389ccc9,4e3ee0bd-b403-48b8-a5f9-71c4e26b5d4c,2024-12-23,30c6649d-c288-46e2-adc3-2bc11a77e44f,,1,1024999,0.00000000000000000000,1024999.00000000000000000000,,Delivered,2026-06-18 23:55:42.102791+00
d18efab6-07ca-4243-a3ad-df58f285fc3b,473e3742-b03b-45a5-ad1b-f3a964e4bcef,718fcffa-c0a8-4648-902d-bd92140fc31b,2026-02-18,13434759-d4fc-4dc9-ad3b-480ab7211da2,,1,1017060,0.00000000000000000000,1017060.00000000000000000000,,Delivered,2026-06-18 23:55:42.102791+00
b803b38a-968c-41c7-8b85-ef32cb9b643b,aa42d1e8-689b-4e4b-be3f-d1b47a45c900,91164e15-3823-41ed-814a-44fc19cdb287,2024-12-06,30c6649d-c288-46e2-adc3-2bc11a77e44f,,1,999999,0.00000000000000000000,999999.00000000000000000000,,Delivered,2026-06-18 23:55:42.102791+00
637a76f4-fe1d-4da0-8f03-cb212efff338,fc3aa168-87d0-40f9-9d99-e3eeb1f5b358,194c9173-4245-4ae3-85d3-2bd5dc70b2bf,2025-08-24,71be3019-2872-4e46-9e8f-941663554ca2,,1,985927,0.00000000000000000000,985927.00000000000000000000,,Delivered,2026-06-18 23:55:42.102791+00
b14f0890-83ff-4d4a-9221-f26d63dcb65a,9b1cd132-bf44-4c7c-a270-e3face299014,4fef6555-fe2f-4b90-9673-f7a3f539121c,2025-06-23,71be3019-2872-4e46-9e8f-941663554ca2,,1,982500,0.00000000000000000000,982500.00000000000000000000,,Delivered,2026-06-18 23:55:42.102791+00
8d552f0e-5193-4a13-b161-cde5a4317588,f41925b3-ea12-4690-81b8-8469adfd153f,dc036f7c-c2d3-4ad7-8f01-e5cecc2789db,2025-10-03,42d252ce-09ff-4009-912a-ee9ecb4bac8b,,1,974999,0.00000000000000000000,974999.00000000000000000000,,Delivered,2026-06-18 23:55:42.102791+00
26f24ba5-190f-4584-a392-6ce45038b710,279468fc-40f4-481b-a180-37c4bd09ba57,053e037f-0713-495b-ad2e-b76fbe1f53cf,2025-08-21,e99e6ca5-a4bb-4343-a635-49f04389ca2a,,1,965640,0.00000000000000000000,965640.00000000000000000000,,Delivered,2026-06-18 23:55:42.102791+00
78ba768c-0940-44f5-9497-e88c971220d8,5bc01c53-7361-42bc-b7b6-6f4feeb13c94,1653d8c2-b7a1-4305-a5fd-20466b65c5fc,2024-11-05,ee050b45-8c17-4d06-ba05-a7f64ed04dab,,1,955000,0.00000000000000000000,955000.00000000000000000000,,Delivered,2026-06-18 23:55:42.102791+00
95ba60ad-9901-4ea9-b9f6-1400ec984cfa,08f5e6bc-0309-4939-8f3e-f5313386a07a,4f349800-3ffc-45ae-8866-7a41ab35a85f,2024-07-23,71be3019-2872-4e46-9e8f-941663554ca2,,1,954325,0.00000000000000000000,954325.00000000000000000000,,Delivered,2026-06-18 23:55:42.102791+00
d3b85f76-146e-4205-9a10-c31c92e22671,8a33c41f-57e3-4d20-8ef1-adcf92ebd349,6651a63f-5140-44e7-8961-a728d56dcb12,2024-10-18,58cacb19-26f8-4710-82a0-ef5aaf515fcd,,1,947705,0.00000000000000000000,947705.00000000000000000000,,Delivered,2026-06-18 23:55:42.102791+00
41c871f1-0e16-4ffd-a9ff-eaf6a5812bca,b9b592b3-b8e1-4695-bc21-b32d6f55c175,53e65caa-4750-4b9e-99ac-7184728fdbf2,2024-11-26,71be3019-2872-4e46-9e8f-941663554ca2,,1,941400,0.00000000000000000000,941400.00000000000000000000,,Delivered,2026-06-18 23:55:42.102791+00
a9794dc4-7674-42ae-93c0-8488838915df,b74b01b8-8b3d-4ff1-b2d6-15a70bdd0bd2,ef0fb80e-3c0c-4838-9725-6a0fdecad05a,2024-10-25,71be3019-2872-4e46-9e8f-941663554ca2,,1,937500,0.00000000000000000000,937500.00000000000000000000,,Delivered,2026-06-18 23:55:42.102791+00
528574fa-fc7f-4f6e-a696-5a82340942dc,5fb14232-22c2-49d7-b15c-5caf6923a1f3,47528e2b-f2b7-42da-96cc-db5d2b718cda,2025-08-18,e99e6ca5-a4bb-4343-a635-49f04389ca2a,,1,934500,0.00000000000000000000,934500.00000000000000000000,,Delivered,2026-06-18 23:55:42.102791+00
d3754298-cd31-4e08-bc94-a6fcb37dcc6d,c97e41db-b2f8-4345-bae5-a21d3998d882,2ce95dcf-47cf-480b-b01d-ccbe518fe261,2025-09-24,ee050b45-8c17-4d06-ba05-a7f64ed04dab,,1,933750,0.00000000000000000000,933750.00000000000000000000,,Delivered,2026-06-18 23:55:42.102791+00
f8c65945-113a-4331-9368-5aa79b166259,ce302719-dd46-4703-b6c3-83bff900c816,0ba36458-54dd-49e5-a126-67c68dd660be,2024-07-25,8da5249a-c2b8-48c3-b61c-12ecf6d898d8,,1,929000,0.00000000000000000000,929000.00000000000000000000,,Delivered,2026-06-18 23:55:42.102791+00
8574e4e0-e6a1-480b-a00a-eb9ebaa8e14b,7678dd2b-bab3-4d0a-a31a-ae9d623f4b25,561745a6-0fd3-4985-b47a-756daac0c51f,2024-08-09,71be3019-2872-4e46-9e8f-941663554ca2,,1,928125,0.00000000000000000000,928125.00000000000000000000,,Delivered,2026-06-18 23:55:42.102791+00
bed6e3eb-71d9-40d1-b96d-6ace1dac60a0,68e9cbd2-ac41-4a5f-8f33-5b8c04aad876,29f66144-41b2-4d67-881d-c3488cc9f244,2026-02-02,7278af2d-7018-4d13-bb4d-1b35f4307714,,1,1648000,0.00000000000000000000,1648000.00000000000000000000,,Delivered,2026-06-18 23:55:42.102791+00
6828bd22-71e1-4adc-8d1c-2e8a52eef0bb,e0c37438-9e2a-4fd4-858d-51ae7bc7f8a1,1d13599d-a4f1-406f-80b9-650741ffc473,2025-05-28,56037025-414a-4a5f-8b0f-a21864528f78,,1,1590000,0.00000000000000000000,1590000.00000000000000000000,,Delivered,2026-06-18 23:55:42.102791+00
64b7707b-eff0-41cb-bea0-f30c9692b4fd,15df807b-add9-43f6-89c8-cbb6e62369a3,ef6d8078-3514-4f2c-a57b-b349856423f5,2025-04-18,56037025-414a-4a5f-8b0f-a21864528f78,,1,1590000,0.00000000000000000000,1590000.00000000000000000000,,Delivered,2026-06-18 23:55:42.102791+00
6e51b60e-bfea-4d31-90fe-9db5e2861139,85695ace-2368-44ea-be69-e9b650ee739f,7303ace7-72f7-4d1c-af1a-8b311b8ce449,2026-02-16,71be3019-2872-4e46-9e8f-941663554ca2,,1,1560000,0.00000000000000000000,1560000.00000000000000000000,,Delivered,2026-06-18 23:55:42.102791+00
4272f7bb-f7c8-4969-99b6-9c20a7bd3092,75ad8a90-d20f-418c-81c6-8483d0238f6b,07bb0ddc-1e0a-4ace-b5fb-f2a2c669a690,2026-01-30,ef173824-236e-4589-af6a-5bd7edb0e89f,,1,1507200,0.00000000000000000000,1507200.00000000000000000000,,Delivered,2026-06-18 23:55:42.102791+00
eeeaff9a-c16f-4195-a175-12d682c313f0,9ecf112f-162d-4c48-bbfc-7277e2d6ea30,20540ba0-954b-4203-a3a4-570bcfa5f339,2025-12-15,7278af2d-7018-4d13-bb4d-1b35f4307714,,1,1456000,0.00000000000000000000,1456000.00000000000000000000,,Delivered,2026-06-18 23:55:42.102791+00
81925e93-20d8-4f8c-8831-5ced81b292c5,79f20bde-aab6-4738-b650-034214bf55d2,23705e03-50f3-415b-a113-3b2f9306d169,2026-01-04,7278af2d-7018-4d13-bb4d-1b35f4307714,,1,1440000,0.00000000000000000000,1440000.00000000000000000000,,Delivered,2026-06-18 23:55:42.102791+00
31d15b7a-cdc4-43b0-a8b8-d160c7037853,9f7d51ee-d94a-46b0-b89d-33561fcbace8,cf5dd4fc-f442-4cdd-9671-c8d6033b694b,2026-01-20,c6e017b2-c27d-4969-95de-8284a705a232,,1,1425300,0.00000000000000000000,1425300.00000000000000000000,,Delivered,2026-06-18 23:55:42.102791+00
3fb3525b-97d0-4ac5-888d-7a6cb4372410,8d66b979-af27-4ac9-ab9d-71a8b6e082bb,11093fc6-defb-4ac6-a18a-9e09b84686f2,2025-12-05,ef173824-236e-4589-af6a-5bd7edb0e89f,,1,1419600,0.00000000000000000000,1419600.00000000000000000000,,Delivered,2026-06-18 23:55:42.102791+00
7aba1a86-2b4b-420d-834e-a38a2946862b,dfaabb5e-1401-4dbe-9f13-02fb97598da3,9eb3f9a8-fc9c-4530-b4c1-759ca9d6b480,2025-09-15,e99e6ca5-a4bb-4343-a635-49f04389ca2a,,1,1365000,0.00000000000000000000,1365000.00000000000000000000,,Delivered,2026-06-18 23:55:42.102791+00
ce491a61-6131-4791-a69b-c7c7c6f49c54,e9a827b3-78e2-47a5-bbcf-a6c73e5f2156,d285a9d1-cb52-4913-9d0a-7177a038a8e0,2025-10-13,c6e017b2-c27d-4969-95de-8284a705a232,,1,1267050,0.00000000000000000000,1267050.00000000000000000000,,Delivered,2026-06-18 23:55:42.102791+00
3cca5293-5590-4eee-aff5-382f68dea37b,22ce409c-2b8f-4354-8e25-8eb94d05da93,9c687df4-90e8-4d9e-a6f4-35812c8cf51a,2025-11-28,99654bf2-99d2-4963-a48f-35d1eacc4352,,1,1252500,0.00000000000000000000,1252500.00000000000000000000,,Delivered,2026-06-18 23:55:42.102791+00
30cbdcbc-e626-4178-8555-042a0bff24af,67397408-b839-4d6e-9776-64f079cc910d,6c15c0f5-c4c9-4498-b272-3b59ea12f897,2025-12-02,99654bf2-99d2-4963-a48f-35d1eacc4352,,1,1170400,0.00000000000000000000,1170400.00000000000000000000,,Delivered,2026-06-18 23:55:42.102791+00
aa097dcf-f5c7-46d9-98da-3bb7d6e2db4c,a3815f1d-cfc0-4264-982c-19f14fb82ed7,e47e7a79-9d26-4454-8782-8015b6886881,2025-01-17,71be3019-2872-4e46-9e8f-941663554ca2,,1,1156250,0.00000000000000000000,1156250.00000000000000000000,,Delivered,2026-06-18 23:55:42.102791+00
9e8dcc4d-3697-4d52-b423-382073d04017,25364595-be6a-4cb6-8553-0a7b15dc7192,804d8cc7-fc56-40a1-b84a-214bc6b8ccac,2024-10-07,7f074738-5a84-4e01-9226-9a0acb1a86d8,,1,1153750,0.00000000000000000000,1153750.00000000000000000000,,Delivered,2026-06-18 23:55:42.102791+00
5f4364a3-7a5e-4477-841c-dcfb47bc7bc7,b3fe0bde-382b-439f-ac6c-5d5dc6e70845,ae60a43d-1030-454b-8976-18c5f9c44645,2024-12-26,8da5249a-c2b8-48c3-b61c-12ecf6d898d8,,1,1139820,0.00000000000000000000,1139820.00000000000000000000,,Delivered,2026-06-18 23:55:42.102791+00
e423d4e2-ce77-4de3-bb5e-d8076c808482,f6ced2ed-f91f-47c0-9d07-00aff20822f5,da938fdd-93b8-48e5-9b7e-ea9cd19d9e5e,2024-10-07,7f074738-5a84-4e01-9226-9a0acb1a86d8,,1,1125900,0.00000000000000000000,1125900.00000000000000000000,,Delivered,2026-06-18 23:55:42.102791+00
b211750d-2d81-404b-be86-2ac289500006,fe7bd52e-2375-44c2-91e1-2316076beda0,678b6825-7401-44a9-8267-a1ea5fa94c29,2025-01-05,42d252ce-09ff-4009-912a-ee9ecb4bac8b,,1,1125000,0.00000000000000000000,1125000.00000000000000000000,,Delivered,2026-06-18 23:55:42.102791+00
5dd31f71-04a4-4fa0-96b3-90453cc87fb2,a5329cd7-5c4c-44d8-a755-cf3546328431,f79d2b8b-4692-4aa0-8fec-b2c846467713,2025-02-20,f44a0530-a9a7-44dc-a935-1788e1ed642f,,1,1122499,0.00000000000000000000,1122499.00000000000000000000,,Delivered,2026-06-18 23:55:42.102791+00
5f703b53-3848-4bcc-bc60-526ea300c595,d2e244dc-1b84-4c64-9e56-bc27cfcd6834,c7c54bdb-1af5-4a60-83f2-7088f4e6b49d,2024-11-21,ee050b45-8c17-4d06-ba05-a7f64ed04dab,,1,1114999,0.00000000000000000000,1114999.00000000000000000000,,Delivered,2026-06-18 23:55:42.102791+00
648663c2-129f-43f9-9591-4f71db597bf1,bda7623e-0053-4941-b8dd-24dc6d48ae96,bc94751d-bba0-409b-badf-a4d77f971e68,2024-11-14,71be3019-2872-4e46-9e8f-941663554ca2,,1,1110000,0.00000000000000000000,1110000.00000000000000000000,,Delivered,2026-06-18 23:55:42.102791+00
6d44cab8-639e-4dff-8894-e2898df9d5d6,668b0602-2ffd-41ee-9eb1-46007cfa7caf,1fc6396b-fdda-494e-8b2b-6d7f1056ae87,2025-10-16,cf35118b-bee6-44e5-8011-470d64b8d0fc,,1,1106250,0.00000000000000000000,1106250.00000000000000000000,,Delivered,2026-06-18 23:55:42.102791+00
6bc8d13b-0c60-4a25-904e-60acf1727c03,d65fbcef-02a9-405d-96a6-18d780069671,2ab34e34-a5be-49f9-8086-4f450291b187,2025-11-20,ee050b45-8c17-4d06-ba05-a7f64ed04dab,,1,1104499,0.00000000000000000000,1104499.00000000000000000000,,Delivered,2026-06-18 23:55:42.102791+00
0f4fa396-c6c3-407c-a18e-584bdf2f628c,f0310a08-3e04-44f9-ae4c-ddc9eca58f16,ed0fbcd5-b958-48b5-a95e-d697878bc9bd,2025-09-11,e99e6ca5-a4bb-4343-a635-49f04389ca2a,,1,1095780,0.00000000000000000000,1095780.00000000000000000000,,Delivered,2026-06-18 23:55:42.102791+00
93789b56-b37b-4c2d-bf78-8151dca99855,ba1e391b-58ca-4ea0-a2f7-848eaabdd2dc,d52690dc-3372-4ee2-ad25-b41e039c7513,2025-03-03,4981436e-024e-4995-a548-d32aefa7e1e8,,1,1092000,0.00000000000000000000,1092000.00000000000000000000,,Delivered,2026-06-18 23:55:42.102791+00
de2108f3-0d64-4e42-b0ad-9f23efb20fff,f17ddc7a-5de5-476c-a233-90a730f077fc,c69a9b21-f6f0-416b-ab9e-6f618cc75ca9,2025-04-17,e5292d40-6064-4169-875d-acf942d10206,,1,1084999,0.00000000000000000000,1084999.00000000000000000000,,Delivered,2026-06-18 23:55:42.102791+00
f878dd08-5dfe-4d24-8988-1dc2e10fbb6a,8395348b-f0ef-490c-b357-786a6af23dc1,e69e2668-674f-4415-8930-cbcc32da235b,2025-02-17,f0fcd114-c83c-4557-ab8e-29869eb50b7b,,1,1070000,0.00000000000000000000,1070000.00000000000000000000,,Delivered,2026-06-18 23:55:42.102791+00
2421a23d-42a6-42b0-96cf-db510673468d,ea491baf-7dcf-42be-b727-ed38aba2009c,9c4b69d8-29c3-4b86-9a06-5cbf403bce7a,2025-11-16,ee050b45-8c17-4d06-ba05-a7f64ed04dab,,1,1050750,0.00000000000000000000,1050750.00000000000000000000,,Delivered,2026-06-18 23:55:42.102791+00
6fb9bfa2-644d-4de3-8adf-e2651839dcc5,13ee07ec-327b-46a2-929c-f336df560d31,9d4c9dec-9ed5-4f89-af30-dc6d929c5edd,2024-11-07,71be3019-2872-4e46-9e8f-941663554ca2,,1,1049140,0.00000000000000000000,1049140.00000000000000000000,,Delivered,2026-06-18 23:55:42.102791+00
e82a2721-7262-4734-8529-b147d45ccd03,a206f1b3-470d-464d-94e2-230804b9b235,911eac24-c94a-414e-82ea-ee84b4ed25bb,2026-01-25,f3df996d-b48b-4239-8bf1-1e46b44fabd6,,1,1040000,0.00000000000000000000,1040000.00000000000000000000,,Delivered,2026-06-18 23:55:42.102791+00
38818a7b-2152-4689-94ef-23b525bae874,e3f723c0-cd36-447e-9d5f-84dbfbc79a8e,965dd8c6-407a-47bf-b7d3-d0ea438a9565,2024-07-09,8da5249a-c2b8-48c3-b61c-12ecf6d898d8,,1,1037500,0.00000000000000000000,1037500.00000000000000000000,,Delivered,2026-06-18 23:55:42.102791+00
e2402a0a-ee01-4302-b353-e1b99fc5f704,49a47f0f-11d9-439d-84a3-2e087d4764cb,1271fd0c-147a-4653-a14c-3a3082cc3cb7,2025-09-08,e99e6ca5-a4bb-4343-a635-49f04389ca2a,,1,1028606,0.00000000000000000000,1028606.00000000000000000000,,Delivered,2026-06-18 23:55:42.102791+00
569315b2-32ef-45f5-9778-a29d9e4cebd2,c658e4ff-6055-466d-a75b-d52b1ec69ab2,c8cfa436-c7aa-4251-9181-dc13183971e9,2025-09-12,e99e6ca5-a4bb-4343-a635-49f04389ca2a,,1,1025904,0.00000000000000000000,1025904.00000000000000000000,,Delivered,2026-06-18 23:55:42.102791+00
408a9901-15dc-4efd-93e6-3e946e3398ab,8a33b8ca-29f2-478b-9899-81cbe1e4fbb9,92e58d6e-daeb-4962-b0fb-fdfe415195fa,2025-11-25,f3df996d-b48b-4239-8bf1-1e46b44fabd6,,1,1019200,0.00000000000000000000,1019200.00000000000000000000,,Delivered,2026-06-18 23:55:42.102791+00
7fb09c03-61d4-4479-8ad4-34f92e8e9f9d,b201d3db-72bf-4742-bfc1-4800c39a899c,f1107f69-1d40-4d02-8258-1086c7ecdd32,2025-04-24,ee050b45-8c17-4d06-ba05-a7f64ed04dab,,1,1007499,0.00000000000000000000,1007499.00000000000000000000,,Delivered,2026-06-18 23:55:42.102791+00
788fd338-5b5f-4e1a-bed6-7866e84dc40f,b2edc862-6ec3-4b25-865e-314cf257ccbc,de2deb04-2190-4d29-9ea2-655b31c5d4a3,2024-12-09,ee050b45-8c17-4d06-ba05-a7f64ed04dab,,1,1000000,0.00000000000000000000,1000000.00000000000000000000,,Delivered,2026-06-18 23:55:42.102791+00
f97c4ff1-b0fc-4890-b1d2-df4e9599332f,b1ddd19c-ed50-496a-892c-749261e82527,11293a8d-8056-420f-a6e6-cd84a58b79b1,2024-07-10,8da5249a-c2b8-48c3-b61c-12ecf6d898d8,,1,987500,0.00000000000000000000,987500.00000000000000000000,,Delivered,2026-06-18 23:55:42.102791+00
5e59941f-af85-465f-8de1-3e7a2a8b9329,5a2a7e25-11f0-420a-80ca-4b21046646d5,e4bdc887-d9a3-4cd5-a450-38ab78070749,2024-08-08,8da5249a-c2b8-48c3-b61c-12ecf6d898d8,,1,975000,0.00000000000000000000,975000.00000000000000000000,,Delivered,2026-06-18 23:55:42.102791+00
9bdbf5a9-0e50-4c74-99bc-311f492aa07a,8767ef72-3450-43b4-ad2c-29db2b93834f,118f3f8b-7bda-4ab6-b33f-ea5c7a57b6b3,2024-07-18,8da5249a-c2b8-48c3-b61c-12ecf6d898d8,,1,968000,0.00000000000000000000,968000.00000000000000000000,,Delivered,2026-06-18 23:55:42.102791+00
de512229-7dff-44cc-b90d-472a9334da45,19419dbd-07aa-4920-ad88-0edf38837998,33a258ec-57f9-487d-93fb-4585dc958668,2026-01-01,f3df996d-b48b-4239-8bf1-1e46b44fabd6,,1,965000,0.00000000000000000000,965000.00000000000000000000,,Delivered,2026-06-18 23:55:42.102791+00
60b7fca3-e77f-4f75-b8bc-0be58bc06796,694a97ad-7b84-4ecc-a1cf-10e907ab7013,92b62aed-4789-4a84-911c-fe099e7a771c,2025-12-23,f3df996d-b48b-4239-8bf1-1e46b44fabd6,,1,960000,0.00000000000000000000,960000.00000000000000000000,,Delivered,2026-06-18 23:55:42.102791+00
47d3ae75-bdea-4187-8d76-766d872e0101,91aca54a-d741-4e93-9865-c4ec67de40c7,db531a0c-5aed-489e-b725-5a4eaa9b9d22,2024-10-25,4f0cd4d4-6997-4586-b94d-cfbfc15ccd92,,1,953125,0.00000000000000000000,953125.00000000000000000000,,Delivered,2026-06-18 23:55:42.102791+00
b5070956-878e-4b46-97b5-c78d99ffeeda,d0bca169-0f66-4585-b901-aca07701e0ae,74ac4334-d1d6-4786-bfaf-6881239335d4,2024-07-03,8da5249a-c2b8-48c3-b61c-12ecf6d898d8,,1,949000,0.00000000000000000000,949000.00000000000000000000,,Delivered,2026-06-18 23:55:42.102791+00
efa24b08-35e5-45a8-9396-d4c672d22826,a56ce1d2-c6c9-4184-8077-c44e5e3d4304,20313bcc-038f-4fa4-96f6-8925043426dd,2025-08-11,e99e6ca5-a4bb-4343-a635-49f04389ca2a,,1,947375,0.00000000000000000000,947375.00000000000000000000,,Delivered,2026-06-18 23:55:42.102791+00
3947ebac-6cbc-4d1f-b154-7234f183e61c,4f6db0c9-15ab-4a4c-834c-1e53befdebfa,1dc61313-78a4-483d-9c63-51291817048c,2024-11-05,71be3019-2872-4e46-9e8f-941663554ca2,,1,937500,0.00000000000000000000,937500.00000000000000000000,,Delivered,2026-06-18 23:55:42.102791+00
e1767634-e19d-4812-8243-9a4759589759,c025567c-1beb-469b-a6c2-e0d4278906ec,b56145f0-0456-460e-8c9e-534668129fe3,2024-07-01,e0127f48-7045-4fdc-b308-c030eb515cc1,,1,937500,0.00000000000000000000,937500.00000000000000000000,,Delivered,2026-06-18 23:55:42.102791+00
fc6bd6af-55ff-40fb-9589-ff84d9d12995,75f88cb7-982b-4bd1-a528-4e0b2e1a732b,368b4e71-83f1-4d71-9e34-61c639db12ec,2025-11-18,b40a002d-568f-4cae-beb7-9546cfedd363,,1,931906,0.00000000000000000000,931906.00000000000000000000,,Delivered,2026-06-18 23:55:42.102791+00
7171ef85-82de-452d-82b0-e7560a2b9478,af5ee605-86c9-46b1-868e-7f6ad6e25451,a08ebdcf-30d9-4508-a508-f21acd13f57c,2025-08-03,e99e6ca5-a4bb-4343-a635-49f04389ca2a,,1,929687,0.00000000000000000000,929687.00000000000000000000,,Delivered,2026-06-18 23:55:42.102791+00
1a4adc7d-c1e2-429c-a18a-551e1d77a4f5,7527b0ae-46f3-482c-b2d6-26dc87ae8cf6,a51b4d71-acd0-4f10-b7b5-14d99837cb4f,2025-07-15,ef173824-236e-4589-af6a-5bd7edb0e89f,,1,928000,0.00000000000000000000,928000.00000000000000000000,,Delivered,2026-06-18 23:55:42.102791+00
8da5f061-ea97-4c74-a760-43946868da93,511ea50b-e193-4233-a456-7ace245eb824,10651f7d-0941-4117-8ece-25de54725c3d,2026-02-25,ef173824-236e-4589-af6a-5bd7edb0e89f,,1,1648000,0.00000000000000000000,1648000.00000000000000000000,,Delivered,2026-06-18 23:55:42.102791+00
4c9f6260-fe30-4f4a-b8d3-46b5b9eeaf86,460c0215-31c8-4ddb-8187-1400bf3dd27b,708fd496-08e5-4899-824c-15e0562399ff,2026-02-15,7278af2d-7018-4d13-bb4d-1b35f4307714,,1,1616000,0.00000000000000000000,1616000.00000000000000000000,,Delivered,2026-06-18 23:55:42.102791+00
a328ee00-f48e-4b08-a3ca-8f701449eecc,697c9585-cb51-42a6-820e-5b7d77672a0e,27f77564-d8eb-4068-aaf0-ac0256b6aab4,2025-05-15,56037025-414a-4a5f-8b0f-a21864528f78,,1,1590000,0.00000000000000000000,1590000.00000000000000000000,,Delivered,2026-06-18 23:55:42.102791+00
10110815-07de-45d5-b505-9f5625dfefdb,5a34cec0-cbad-46d2-b1b7-f54f01a5f499,ccc4b735-07cd-44ec-ad11-f51000ac23f9,2026-01-04,ef173824-236e-4589-af6a-5bd7edb0e89f,,1,1545700,0.00000000000000000000,1545700.00000000000000000000,,Delivered,2026-06-18 23:55:42.102791+00
c7198df7-5ba4-4612-b42c-5e5651306e5a,8f7375b6-dd1c-486b-bb28-7e0197bc8019,94663855-0e49-46cc-ba7f-9709d6e08f55,2026-02-12,7278af2d-7018-4d13-bb4d-1b35f4307714,,1,1515000,0.00000000000000000000,1515000.00000000000000000000,,Delivered,2026-06-18 23:55:42.102791+00
cb8282b4-1fbe-4caa-b0eb-06f1ec9233ff,69a54b3f-4c2b-4817-aa75-1fd9e111c4d5,974bfbb4-311c-4414-b586-fdd956286b9e,2025-11-06,7278af2d-7018-4d13-bb4d-1b35f4307714,,1,1464000,0.00000000000000000000,1464000.00000000000000000000,,Delivered,2026-06-18 23:55:42.102791+00
47e8c335-9e04-4cd9-af49-3e937bf20f30,e93167d5-884f-4fbb-8710-f01ac3d38985,815424f3-9862-43e0-98a4-2d6e679e8e14,2025-12-11,7278af2d-7018-4d13-bb4d-1b35f4307714,,1,1456000,0.00000000000000000000,1456000.00000000000000000000,,Delivered,2026-06-18 23:55:42.102791+00
9a5ae4bb-ada4-4965-a2b4-5adfad8679ef,a0954550-7016-489f-aa58-ce4026ac2a88,5f6d1a03-e48c-48fb-8571-0fe29274c382,2025-12-26,7278af2d-7018-4d13-bb4d-1b35f4307714,,1,1440000,0.00000000000000000000,1440000.00000000000000000000,,Delivered,2026-06-18 23:55:42.102791+00
3bd59f28-49d6-4e61-94f4-3a860cf58ddb,e2754b3c-1a7a-49c6-8c87-a7dfcdfc79bf,573a14ef-79af-4684-9b68-227752d72e0f,2025-11-04,242b18b0-2b6e-4ef6-b311-fa29444b997b,,1,1380000,0.00000000000000000000,1380000.00000000000000000000,,Delivered,2026-06-18 23:55:42.102791+00
655196e9-d087-4bbe-bc04-91ff5fde5731,bf038f5e-c33e-459c-9873-24a1edd172e0,78cf7c31-11f5-488d-a270-f0cbed3c536b,2025-10-29,ef173824-236e-4589-af6a-5bd7edb0e89f,,1,1346300,0.00000000000000000000,1346300.00000000000000000000,,Delivered,2026-06-18 23:55:42.102791+00
47c09411-2006-47e3-a850-9af4faeff35d,fd5cd6d6-58ba-4cd7-8273-9d5c86aa6359,1a14a168-2272-480a-9872-28561d42df6f,2026-02-10,71be3019-2872-4e46-9e8f-941663554ca2,,1,1333000,0.00000000000000000000,1333000.00000000000000000000,,Delivered,2026-06-18 23:55:42.102791+00
599b76f7-9640-4000-8299-ce4727675029,ed2e27c6-556d-4954-8f1d-70cb8f226ee5,52036f7c-224d-4ff7-b1ff-0d6b97526d92,2025-11-27,99654bf2-99d2-4963-a48f-35d1eacc4352,,1,1229999,0.00000000000000000000,1229999.00000000000000000000,,Delivered,2026-06-18 23:55:42.102791+00
d2f4a800-fb47-469e-970f-b487fce982cd,0d5b4587-6b4a-4be3-952e-83071aaaf4ea,db5b57e9-4633-44bd-ac68-085ef4c86f82,2025-05-01,42d252ce-09ff-4009-912a-ee9ecb4bac8b,,1,1196639,0.00000000000000000000,1196639.00000000000000000000,,Delivered,2026-06-18 23:55:42.102791+00
bdfb84fd-1f95-4ee8-b6d4-45bfa8c8ca1f,e084e943-dc76-42aa-b9a6-26b5d84392f8,067164fc-fd0e-4f4b-a84a-245b99d7b883,2025-10-14,cb9742f2-b64b-403b-a01c-866e7493f406,,1,1158000,0.00000000000000000000,1158000.00000000000000000000,,Delivered,2026-06-18 23:55:42.102791+00
e1c42d5a-e68f-4015-8987-3fd8a21ee444,fb030084-3678-4461-8510-06c3b885df6b,0a649081-0a6a-4e52-8b1d-347dc8250ba3,2024-07-30,4773b1ae-845f-4eba-a64c-a9dbebd5eb47,,1,1156250,0.00000000000000000000,1156250.00000000000000000000,,Delivered,2026-06-18 23:55:42.102791+00
60547c3d-c465-4d3c-b11a-f85cdf076044,7ae9881e-ef59-49a1-89d8-86852fd9b360,33a31aad-d6d3-4d97-bd23-d806e84a9a39,2025-10-27,242b18b0-2b6e-4ef6-b311-fa29444b997b,,1,1149000,0.00000000000000000000,1149000.00000000000000000000,,Delivered,2026-06-18 23:55:42.102791+00
bc851593-aae3-4a8d-9aba-a65f07374060,82a97fe9-95e1-4e3a-b4a7-d85d883af6d8,5c9e77ea-879a-4e11-954d-a3a3353f64b7,2024-10-07,7f074738-5a84-4e01-9226-9a0acb1a86d8,,1,1132850,0.00000000000000000000,1132850.00000000000000000000,,Delivered,2026-06-18 23:55:42.102791+00
2bccda8d-030b-4e98-81f5-249ff61007cd,9a81f1f3-27a8-4b28-8681-1ffdd44fbd26,4eca9800-a89f-45fc-97ed-1f3a13e4f71a,2025-10-26,ee050b45-8c17-4d06-ba05-a7f64ed04dab,,1,1125000,0.00000000000000000000,1125000.00000000000000000000,,Delivered,2026-06-18 23:55:42.102791+00
3ef1a41e-8267-4425-b9b6-fbb8a46b45ce,5dcfb430-dc7e-4167-bb79-4bf86916a438,39579339-4c19-404a-aeef-93b5622e95b9,2025-01-02,42d252ce-09ff-4009-912a-ee9ecb4bac8b,,1,1125000,0.00000000000000000000,1125000.00000000000000000000,,Delivered,2026-06-18 23:55:42.102791+00
ec8e62cd-5dad-4def-8592-6b72347288fb,19c7e1a2-506e-41e4-9e12-80615f05f46d,18fd9277-e63c-4759-b075-76bea1439e1d,2024-12-13,71be3019-2872-4e46-9e8f-941663554ca2,,1,1110000,0.00000000000000000000,1110000.00000000000000000000,,Delivered,2026-06-18 23:55:42.102791+00
d3ef9c4a-1ef8-4786-9156-55611c722be2,481dbc79-ed35-4a01-983b-6f1438bb7d2b,d79596fe-215e-4137-8364-3b8cf4243a3d,2024-11-22,71be3019-2872-4e46-9e8f-941663554ca2,,1,1110000,0.00000000000000000000,1110000.00000000000000000000,,Delivered,2026-06-18 23:55:42.102791+00
9cf8469b-860c-4d2a-9ee8-799ef1c9e1ba,56c73e90-c7ea-429a-9772-57610b54fc2b,9a02d90c-bfac-4851-baf5-22e64f23aded,2025-10-14,cf35118b-bee6-44e5-8011-470d64b8d0fc,,1,1106250,0.00000000000000000000,1106250.00000000000000000000,,Delivered,2026-06-18 23:55:42.102791+00
ca1842af-a262-4e43-be81-4e05e9096bf7,43c15328-daf4-4e6b-b332-df7b011d70ec,ad4c748e-83b1-4f74-9fa8-63aa6eaf64d9,2024-11-17,8da5249a-c2b8-48c3-b61c-12ecf6d898d8,,1,1099500,0.00000000000000000000,1099500.00000000000000000000,,Delivered,2026-06-18 23:55:42.102791+00
6b06bc23-1a34-440f-b33a-b49b2705448f,ecfb6e56-a135-42b6-82b7-26de5fdb24a3,7a898650-4987-4d1b-9420-a765fd95f6cc,2025-02-11,d5cfc9ca-e095-4816-8888-c0cd5c1bc4e1,,1,1095000,0.00000000000000000000,1095000.00000000000000000000,,Delivered,2026-06-18 23:55:42.102791+00
4316c7af-4bb1-4047-ba7f-ff4d5d4dee5e,56fd2521-f2a0-491b-8419-652d74512442,a10998e4-513d-4eb1-94b8-9ffeaf98972e,2025-01-19,71be3019-2872-4e46-9e8f-941663554ca2,,1,1092900,0.00000000000000000000,1092900.00000000000000000000,,Delivered,2026-06-18 23:55:42.102791+00
a533bfea-4c08-442f-a178-a4a8e94936e9,7ac97f0c-6eac-4095-a257-b9ae76903236,6cbbd09c-cadf-4ed3-ba76-c1936acd16e2,2025-03-05,8da5249a-c2b8-48c3-b61c-12ecf6d898d8,,1,1079250,0.00000000000000000000,1079250.00000000000000000000,,Delivered,2026-06-18 23:55:42.102791+00
0a22499e-9adc-4732-8fe8-3522b787612b,7bf60ca7-477d-483c-95e4-bcfd8a27419d,7c37c91c-cd1b-41a6-bf1b-fe48c21ecd57,2026-01-13,242b18b0-2b6e-4ef6-b311-fa29444b997b,,1,1078000,0.00000000000000000000,1078000.00000000000000000000,,Delivered,2026-06-18 23:55:42.102791+00
b241a298-3d7a-4311-bc29-ba4289e405bc,0247b0c0-2f53-4cb6-9f4b-f1592ee190db,a78bc5bd-9751-42ac-8d12-421035c97cc6,2025-09-25,7278af2d-7018-4d13-bb4d-1b35f4307714,,1,1056000,0.00000000000000000000,1056000.00000000000000000000,,Delivered,2026-06-18 23:55:42.102791+00
11767b73-b8bd-4baa-aef7-eeb83c8f385e,6b7dac86-e1d8-480f-be47-e2e28d7ae84e,89b94603-3579-4d8c-9597-ecdabcbc840d,2024-11-13,ee050b45-8c17-4d06-ba05-a7f64ed04dab,,1,1049999,0.00000000000000000000,1049999.00000000000000000000,,Delivered,2026-06-18 23:55:42.102791+00
4a35973a-7537-4578-83ca-007f69401f26,45d86eaa-1fcc-40dc-91a6-58d1c41b2f97,df951dee-e66e-4605-b50f-3ed68b2fc96b,2026-02-20,f3df996d-b48b-4239-8bf1-1e46b44fabd6,,1,1045000,0.00000000000000000000,1045000.00000000000000000000,,Delivered,2026-06-18 23:55:42.102791+00
2a3a74e3-de67-48b5-bcf2-3087c7b787ed,ddd3d49f-24c9-4a13-af7c-bc28d387cdb8,d6dbe83e-7e8e-4ed6-a0f7-d5be5b2e5547,2025-01-12,9afccd26-29ec-49e6-a7e3-cc474a13274b,,1,1038000,0.00000000000000000000,1038000.00000000000000000000,,Delivered,2026-06-18 23:55:42.102791+00
569c6b90-e611-4140-9805-40e82a9a12e1,a1d75f0e-7e74-4ccb-b7a4-85b6283c972c,956c7cdf-928f-46bc-9623-d1140015e9f6,2024-12-31,ddc6b03a-4a98-439c-bfaf-cb665a6c6c5b,,1,1033387,0.00000000000000000000,1033387.00000000000000000000,,Delivered,2026-06-18 23:55:42.102791+00
f8208ecc-46dd-472a-acf8-69dba88eff1a,aa260949-5250-4466-b40e-152c96ed3781,06c82ccd-a5a3-4e0e-91c7-835f20e06a50,2024-07-10,8da5249a-c2b8-48c3-b61c-12ecf6d898d8,,1,1027000,0.00000000000000000000,1027000.00000000000000000000,,Delivered,2026-06-18 23:55:42.102791+00
13ef1f1e-deac-479c-8743-ab1c4f16cf7e,2bfc39eb-6a70-4fc4-9611-e18b2de2cb48,0e483eb9-07a7-41e3-83b5-550e572f4b93,2024-12-11,c3fb7a8a-5562-40d6-a440-ac11aa686157,,1,1017375,0.00000000000000000000,1017375.00000000000000000000,,Delivered,2026-06-18 23:55:42.102791+00
d3250768-b0b4-4144-98a4-4eae724321f2,1d8531d0-a563-49c5-89ab-cc9dfcf326a5,788ebaca-a41f-4f64-a5a6-46c3bd7f24b3,2024-07-04,8da5249a-c2b8-48c3-b61c-12ecf6d898d8,,1,1010000,0.00000000000000000000,1010000.00000000000000000000,,Delivered,2026-06-18 23:55:42.102791+00
67978a39-c808-492b-a481-50328366c998,66e280a4-ea42-44c4-a0a8-feaa5272f9ae,feb6170a-c227-4da8-9f43-15bb0e044b45,2025-04-22,ee050b45-8c17-4d06-ba05-a7f64ed04dab,,1,1007499,0.00000000000000000000,1007499.00000000000000000000,,Delivered,2026-06-18 23:55:42.102791+00
a7c165f0-b6ba-4ee4-9949-09089eb8fce8,29007399-da77-4ad4-9cea-852d332d33b8,6dc039f1-463a-4693-ba74-7803517a5d47,2025-10-08,99654bf2-99d2-4963-a48f-35d1eacc4352,,1,999999,0.00000000000000000000,999999.00000000000000000000,,Delivered,2026-06-18 23:55:42.102791+00
f176ca99-fa87-4885-8e72-4443930254e6,a7af9750-9eac-47bc-ba22-4481983e8c75,a77ac204-1937-4a03-8558-1a3a83af4150,2024-08-09,8da5249a-c2b8-48c3-b61c-12ecf6d898d8,,1,975000,0.00000000000000000000,975000.00000000000000000000,,Delivered,2026-06-18 23:55:42.102791+00
913401f5-dfe7-4e75-ab7b-67898ec354ad,1e2d9e06-ad07-44b2-89c9-cb721fdb7e37,475d4f50-ba84-411d-a11d-7031f56e2eae,2024-07-20,8da5249a-c2b8-48c3-b61c-12ecf6d898d8,,1,968000,0.00000000000000000000,968000.00000000000000000000,,Delivered,2026-06-18 23:55:42.102791+00
c103478f-f834-466a-bce3-1a2584a6c1df,eb9f1a7b-b99c-44c0-927d-2d68b718635e,907e269e-d35e-4062-8b30-e24a0bf657c0,2025-03-19,acc76122-192c-47ad-adaa-9c9babc33160,,1,966000,0.00000000000000000000,966000.00000000000000000000,,Delivered,2026-06-18 23:55:42.102791+00
c938b4bb-e869-4836-ac55-88d97504d1d2,b8aa643b-f436-4777-a381-eb01668a02e7,a0040d17-89eb-4960-b45d-479f5ecc4e09,2025-04-28,42d252ce-09ff-4009-912a-ee9ecb4bac8b,,1,963613,0.00000000000000000000,963613.00000000000000000000,,Delivered,2026-06-18 23:55:42.102791+00
3a0d5e65-49fd-42e3-9cfd-e0e9b919692a,fe2f7d8d-dd8c-4deb-8b00-d3c58d4d4299,1733bf94-b712-4f8b-90c9-bf57792050f2,2024-08-06,8da5249a-c2b8-48c3-b61c-12ecf6d898d8,,1,950000,0.00000000000000000000,950000.00000000000000000000,,Delivered,2026-06-18 23:55:42.102791+00
789bf7e8-6100-4b66-a519-0696f17ff446,fa3292ac-7fce-4811-84f2-b1b070a90d88,1affa8e3-a344-4ebe-85c9-81713fb4c858,2025-10-05,3c4d3236-1af3-4a76-8560-1be48d264c9a,,1,950000,0.00000000000000000000,950000.00000000000000000000,,Delivered,2026-06-18 23:55:42.102791+00
23d2a797-4730-4101-93fa-8c9328b0856b,ec56c255-5c38-4bf2-bbda-46b1c3938163,40a1eeb4-a930-4a1f-ac8d-0dd751df58f8,2024-07-03,8da5249a-c2b8-48c3-b61c-12ecf6d898d8,,1,943000,0.00000000000000000000,943000.00000000000000000000,,Delivered,2026-06-18 23:55:42.102791+00
bbe91cae-5166-4d23-a93b-9fe417e5d829,3d79b68b-5873-4666-a174-15c74618c02a,c35f4a96-0b62-4f9f-b456-65bf93c7b4b7,2025-09-24,ee050b45-8c17-4d06-ba05-a7f64ed04dab,,1,941250,0.00000000000000000000,941250.00000000000000000000,,Delivered,2026-06-18 23:55:42.102791+00
354f1e9c-3e2c-472e-a163-44b76a091d4f,52399c8a-1744-445d-9dda-74d784eb1b19,22c8e827-c09d-4ff0-a8d4-9b9ab34c592f,2024-10-22,71be3019-2872-4e46-9e8f-941663554ca2,,1,937500,0.00000000000000000000,937500.00000000000000000000,,Delivered,2026-06-18 23:55:42.102791+00
baa65cb9-92cd-4047-b55d-8caa822ba329,488a3b08-1225-44b4-bd6d-12e86e8c2926,40f34d16-565b-4d52-bcb4-90669525ca85,2024-08-25,8da5249a-c2b8-48c3-b61c-12ecf6d898d8,,1,931250,0.00000000000000000000,931250.00000000000000000000,,Delivered,2026-06-18 23:55:42.102791+00
9c599690-87d3-4009-b2a4-d65cd2604e27,d7456191-3dcf-42a8-a97b-0351d57068d5,ae3dbdbf-b994-42df-bea9-7a9b79ec8286,2024-08-22,8da5249a-c2b8-48c3-b61c-12ecf6d898d8,,1,931250,0.00000000000000000000,931250.00000000000000000000,,Delivered,2026-06-18 23:55:42.102791+00
f2a9b8cd-718a-4794-9d5b-b84d62a45210,1aa00cf8-7405-4d40-a19e-6067bee16b84,716a40eb-71fd-4951-b587-964bb729de7c,2024-07-19,8da5249a-c2b8-48c3-b61c-12ecf6d898d8,,1,925100,0.00000000000000000000,925100.00000000000000000000,,Delivered,2026-06-18 23:55:42.102791+00
05ea6b14-2911-4af5-ae34-0492795c09e4,3a3c645e-04e8-477d-90be-f50b0d1ca3b4,b3ad5bc4-083d-450d-a6d0-b97ae3ebd259,2024-10-27,4f0cd4d4-6997-4586-b94d-cfbfc15ccd92,,1,925000,0.00000000000000000000,925000.00000000000000000000,,Delivered,2026-06-18 23:55:42.102791+00
bc2ea9dd-fa03-4aad-841f-82e2740fbab5,0f8bfd3d-8901-4afd-a68d-87b059b56d62,304ca369-9dc4-4756-a201-17544e117a3e,2025-03-06,71be3019-2872-4e46-9e8f-941663554ca2,,1,918750,0.00000000000000000000,918750.00000000000000000000,,Delivered,2026-06-18 23:55:42.102791+00
c2f974c0-27e5-4712-b966-e8f3177b8498,f427776f-7bb4-4561-b481-f4743411da40,fbb60b4b-efb5-4d34-b9d0-8e27bb83f556,2024-05-21,ccb49d47-ef18-415e-84ff-5119d836592b,,1,913625,0.00000000000000000000,913625.00000000000000000000,,Delivered,2026-06-18 23:55:42.102791+00
eb624ee8-b659-4386-b420-07fdbbac192b,f0c9105d-afae-4d71-8795-fb1bbacc74f6,20dd56de-c2b4-4852-965e-c2fa66b26d54,2024-07-10,71be3019-2872-4e46-9e8f-941663554ca2,,1,912250,0.00000000000000000000,912250.00000000000000000000,,Delivered,2026-06-18 23:55:42.102791+00
4fe23c3c-811f-4c47-8479-120eea32cade,9533685f-9534-4ad4-b039-cbf0446d3e3d,3082f38a-1903-4e42-945f-87348d813ebc,2025-07-16,7278af2d-7018-4d13-bb4d-1b35f4307714,,1,912000,0.00000000000000000000,912000.00000000000000000000,,Delivered,2026-06-18 23:55:42.102791+00
f31fd081-3780-4b7b-a18d-b7be120ffe43,eccb097c-d592-4f6d-ab86-a1e0c447b265,ff21bbc3-2279-400b-8947-730721b9340a,2024-08-02,8da5249a-c2b8-48c3-b61c-12ecf6d898d8,,1,909400,0.00000000000000000000,909400.00000000000000000000,,Delivered,2026-06-18 23:55:42.102791+00
497a42a2-ed70-4a5c-aba4-eff64f76edf5,08e215ab-8dc4-4f9d-893e-e3838d455ceb,53269381-8d9e-4be7-8aa8-bb733981242a,2024-06-12,ee050b45-8c17-4d06-ba05-a7f64ed04dab,,1,905000,0.00000000000000000000,905000.00000000000000000000,,Delivered,2026-06-18 23:55:42.102791+00
0f10aef7-eb21-4003-a604-ea1c7a58658a,296ce952-119a-4628-8259-5cddebb5e2a2,2ebf72aa-a0cc-4a4a-a3e7-ac17baddd35d,2025-10-22,18743788-16a2-4f11-93bd-cd2374745762,,1,900250,0.00000000000000000000,900250.00000000000000000000,,Delivered,2026-06-18 23:55:42.102791+00
af7056e3-e3ba-44dc-b79a-93751cb85d53,734dc275-36cc-448f-84e2-440d0b1a6693,ca4af0ce-eac1-45d0-8e0d-f5fcb6e6cf20,2025-05-06,42d252ce-09ff-4009-912a-ee9ecb4bac8b,,1,900000,0.00000000000000000000,900000.00000000000000000000,,Delivered,2026-06-18 23:55:42.102791+00
2a0f11a8-7571-4f79-b0be-2f5376ddb8c9,10b23a28-a822-4a6e-9a54-2a25162c6c82,17f70335-5ac4-4ac0-8a69-d596433d189d,2024-06-30,4f0cd4d4-6997-4586-b94d-cfbfc15ccd92,,1,897250,0.00000000000000000000,897250.00000000000000000000,,Delivered,2026-06-18 23:55:42.102791+00
024b32e0-e7f9-4c72-bd28-6e7f3be7927e,3de6b3c7-ccfb-4a3a-9b1f-31829366611f,f74e6552-a4cf-4a73-989d-14299e8f218d,2024-07-20,71be3019-2872-4e46-9e8f-941663554ca2,,1,894625,0.00000000000000000000,894625.00000000000000000000,,Delivered,2026-06-18 23:55:42.102791+00
2780884d-da40-4e35-a5d7-3f02613d4bc5,cb907edc-8edd-4b38-8654-4c515b7756f4,a00a9d66-88f0-43d5-828a-d43393f3b2ea,2024-07-07,8da5249a-c2b8-48c3-b61c-12ecf6d898d8,,1,891295,0.00000000000000000000,891295.00000000000000000000,,Delivered,2026-06-18 23:55:42.102791+00
c5934094-a7a1-44d7-87b2-ef869b911148,1fc6e04c-1a14-4128-9a84-3d943a15781e,d765579f-faea-4250-a76b-f2a35b0cf7fe,2024-10-01,e0127f48-7045-4fdc-b308-c030eb515cc1,,1,887500,0.00000000000000000000,887500.00000000000000000000,,Delivered,2026-06-18 23:55:42.102791+00
471f3d70-80f4-48c7-99e1-b1e6dd118d8d,b3168124-2ef3-47ef-aea8-ffb61dffb10f,96a7c2d6-95b1-4b6e-babc-2ae4571ce961,2025-10-31,d4686b2c-519c-4f5f-9839-c125dddade95,,1,882000,0.00000000000000000000,882000.00000000000000000000,,Delivered,2026-06-18 23:55:42.102791+00
a3e684a2-2dd4-4fa9-b3cf-d8a6f0f3f115,e155a84f-f11e-49c8-8453-ac5da1116f05,63b802ba-8edb-43a6-8e6e-6dcedb86e6a5,2026-01-21,d9b2eb32-034b-4fb9-b662-68e4ceaeeb89,,1,874999,0.00000000000000000000,874999.00000000000000000000,,Delivered,2026-06-18 23:55:42.102791+00
bf6d3d16-29d8-40a0-86cb-88ca8cc4551e,66b4067a-9ebb-4d3d-a090-0f827242b2b3,f992b981-922c-466b-8039-82fadee56816,2024-09-30,84a3b001-94f5-4c5f-b5fe-1ba3599567e6,,1,868750,0.00000000000000000000,868750.00000000000000000000,,Delivered,2026-06-18 23:55:42.102791+00
70702afc-3b1a-4fa9-9e43-76a5e48c2820,e7aa87cb-6cc2-4e15-a671-2860d672e553,7ea52ed2-6eb4-4559-bccf-55b9554a398e,2024-09-14,71be3019-2872-4e46-9e8f-941663554ca2,,1,868750,0.00000000000000000000,868750.00000000000000000000,,Delivered,2026-06-18 23:55:42.102791+00
fe22572b-e537-4d9c-8054-745df55a17ce,fee9a3ff-76a0-4c1c-86bf-9090da7bd044,b0f4c9aa-7253-4474-a755-9022ae1763c5,2025-01-01,1a42863c-c5fb-4bad-bd55-5ec8b0d96206,,1,865000,0.00000000000000000000,865000.00000000000000000000,,Delivered,2026-06-18 23:55:42.102791+00
b0141d5d-8d5a-4f40-ba9c-408a0234b87d,c309544d-6866-4407-b2bc-9b6efb4fe113,afa70f07-a5a2-4976-8556-e1e6dc80ea4c,2024-06-26,8da5249a-c2b8-48c3-b61c-12ecf6d898d8,,1,860750,0.00000000000000000000,860750.00000000000000000000,,Delivered,2026-06-18 23:55:42.102791+00
ad169ca2-d984-4c4e-a7d5-12e5c144e4c1,0abe4133-6c0d-4d8e-89c7-96d488ea6da5,09d6dabb-e927-490d-8feb-b37d105ed474,2024-06-25,ccb49d47-ef18-415e-84ff-5119d836592b,,1,855250,0.00000000000000000000,855250.00000000000000000000,,Delivered,2026-06-18 23:55:42.102791+00
52f64e54-f1fb-4df6-bbdc-2640f049b862,ae1ec2fb-e0d8-4ad5-b074-2d0264a5e75c,548f395e-80e1-4497-9919-1cb4c5b950fa,2025-09-14,71be3019-2872-4e46-9e8f-941663554ca2,,1,851300,0.00000000000000000000,851300.00000000000000000000,,Delivered,2026-06-18 23:55:42.102791+00
30ecc870-03a9-4e11-89b4-309cc806b50a,5952e746-c7d9-4008-975b-4150e3004739,b81978e0-489e-4010-8d42-593f349c7e0d,2024-06-12,8da5249a-c2b8-48c3-b61c-12ecf6d898d8,,1,848000,0.00000000000000000000,848000.00000000000000000000,,Delivered,2026-06-18 23:55:42.102791+00
ef239772-26ed-4d26-9fff-c9313b65a13f,04182f50-75e0-4777-ab4a-343791b99c81,40d69dbf-7e4d-44db-bbd6-9f6ac540803a,2025-10-23,4b5902bf-67f1-4e06-8882-ca516c1842db,,1,843675,0.00000000000000000000,843675.00000000000000000000,,Delivered,2026-06-18 23:55:42.102791+00
e6a9f3d6-6177-4ae6-927c-0471b21db9a3,353ce879-e9b9-45e8-83a5-ac3a2c06c0ee,4013f6a5-2955-4e45-b9b6-c4ab28d4e89f,2024-10-28,8da5249a-c2b8-48c3-b61c-12ecf6d898d8,,1,836750,0.00000000000000000000,836750.00000000000000000000,,Delivered,2026-06-18 23:55:42.102791+00
67d857c6-fa9f-48d2-8baf-ec0a8bbe5d54,1a434589-87f8-48f9-835f-1a6dc6677e8a,0c3a5a69-0400-40ad-884d-25e2ea383ea5,2025-10-01,71be3019-2872-4e46-9e8f-941663554ca2,,1,833000,0.00000000000000000000,833000.00000000000000000000,,Delivered,2026-06-18 23:55:42.102791+00
8e2e117f-09f6-4e0f-8d52-4ecfe145b23a,aacf014a-a47e-40c0-8fa5-a865274cd7c2,b591605c-0fc1-448b-82dd-5925e547338a,2024-08-26,8da5249a-c2b8-48c3-b61c-12ecf6d898d8,,1,825000,0.00000000000000000000,825000.00000000000000000000,,Delivered,2026-06-18 23:55:42.102791+00
8ae4a831-a010-4d4b-9d5f-324c1737053b,985dfb22-527f-4896-806e-aa3a80de755b,ff2c8f0f-b536-4e97-97b8-8e75365397e8,2025-11-23,71be3019-2872-4e46-9e8f-941663554ca2,,1,823605,0.00000000000000000000,823605.00000000000000000000,,Delivered,2026-06-18 23:55:42.102791+00
e3183b94-b544-4288-b119-2c5a6981a6a3,423a0520-0cd8-4d0e-a901-320d935c8198,3020f88d-fa5f-42a0-9b2b-40d62d454479,2025-09-22,d4686b2c-519c-4f5f-9839-c125dddade95,,1,815500,0.00000000000000000000,815500.00000000000000000000,,Delivered,2026-06-18 23:55:42.102791+00
297eb645-a31c-40a9-a404-a91fc7ff52e2,85f7abef-5a08-416a-92fb-53156cc46cb0,73979e62-4487-48f9-8ad8-e414edd7e774,2025-09-21,e68871a8-18d6-4060-964c-f5ee029055bd,,1,812000,0.00000000000000000000,812000.00000000000000000000,,Delivered,2026-06-18 23:55:42.102791+00
5b6b924b-fdd5-44ae-a567-e0a7de6530d7,fcef8ca8-8bda-4874-90ed-4abd85147cfc,ce8061c3-59fa-4789-92ed-16c937e314d4,2025-07-23,71be3019-2872-4e46-9e8f-941663554ca2,,1,808460,0.00000000000000000000,808460.00000000000000000000,,Delivered,2026-06-18 23:55:42.102791+00
86de1339-4596-4286-bebd-f14761c0c0f4,4ac8c1ac-6f2a-4d09-8376-3a6f6d616190,21def990-7f43-469e-a551-be2219e7dbd1,2024-07-23,ee050b45-8c17-4d06-ba05-a7f64ed04dab,,1,800000,0.00000000000000000000,800000.00000000000000000000,,Delivered,2026-06-18 23:55:42.102791+00
f95e3ff5-0ce9-4273-9bd2-c51e3c6e8b85,d5b9eddd-9905-4626-b854-faa376dc2b8f,00c8c6a8-628a-4f52-bba9-0ca8aa2a5ef4,2025-12-25,13434759-d4fc-4dc9-ad3b-480ab7211da2,,1,798300,0.00000000000000000000,798300.00000000000000000000,,Delivered,2026-06-18 23:55:42.102791+00
499c6efe-d9bc-42c1-8e11-d5296e95e009,2a2762b8-32a9-475c-8f17-8b21013ed2a3,37b0c6cf-a09e-4192-8ac5-d1736288ca80,2024-05-26,8da5249a-c2b8-48c3-b61c-12ecf6d898d8,,1,788000,0.00000000000000000000,788000.00000000000000000000,,Delivered,2026-06-18 23:55:42.102791+00
2980b51b-2e22-4028-9b42-940021f47ba4,e8d9e946-154e-41a8-b82a-aa01435e8227,f2a1b1cd-121d-4622-8e58-0993439e750a,2025-12-02,979665cd-4976-4bf0-87cf-b926c5ce93c7,,1,322850,0.00000000000000000000,322850.00000000000000000000,,Delivered,2026-06-18 23:55:42.102791+00
f03053af-9f73-4869-b6ed-b97eca509e0b,b84690c2-58fc-4524-acd7-85fa9a779d90,7fe39438-5675-4bb6-b0d9-07ae2b80bb34,2026-01-21,add3d1ff-35de-4335-a95b-9db45afafaaa,,1,322200,0.00000000000000000000,322200.00000000000000000000,,Delivered,2026-06-18 23:55:42.102791+00
f8b74d6d-1f94-4657-ac11-ba2f74bf9c66,4f543614-347c-45d2-a297-a39fa864d592,514852e8-4700-46b9-bed6-b9cde5228129,2025-01-09,71be3019-2872-4e46-9e8f-941663554ca2,,1,320500,0.00000000000000000000,320500.00000000000000000000,,Delivered,2026-06-18 23:55:42.102791+00
7876d702-ae2e-4001-88fb-60e6ff57298c,f451dd35-2ef6-4671-adbf-9d65b3dc6480,5b38c60b-d2c9-428a-af16-09ec73860bb0,2025-02-27,1a42863c-c5fb-4bad-bd55-5ec8b0d96206,,1,319400,0.00000000000000000000,319400.00000000000000000000,,Delivered,2026-06-18 23:55:42.102791+00
ed339991-c96e-4335-897b-1c6175af9f0e,c0f9265d-0bed-42c0-9707-3121785c13d3,767cc4ee-4fb1-4622-92f0-ccdd56761d86,2024-07-21,39e3f045-ed2a-4d83-aee6-68046c1dfbb7,,1,317750,0.00000000000000000000,317750.00000000000000000000,,Delivered,2026-06-18 23:55:42.102791+00
9002cd11-d2d7-466d-98ba-9b565009b980,193029ac-009f-4f98-adbe-dfd3bdc4491a,19b4761b-af80-4326-998f-7eb8c508847d,2025-08-07,fb0dc6af-e04e-4271-a539-9702b4d8fdfb,,1,315000,0.00000000000000000000,315000.00000000000000000000,,Delivered,2026-06-18 23:55:42.102791+00
b3ac704b-70c3-454e-9663-81bba8fc9685,b48f1d2b-0c94-461b-b462-91d3b02ab229,5adaaee9-7770-43bb-9b73-23703b704a98,2026-01-21,13434759-d4fc-4dc9-ad3b-480ab7211da2,,1,313320,0.00000000000000000000,313320.00000000000000000000,,Delivered,2026-06-18 23:55:42.102791+00
a3dce71c-7de6-41a4-bd50-6d1ea4f7148b,f5cececa-3718-4d54-b095-188a3cc8c3e3,7718b2fe-e639-44e9-84aa-26be7a0d5298,2025-05-21,71be3019-2872-4e46-9e8f-941663554ca2,,1,312500,0.00000000000000000000,312500.00000000000000000000,,Delivered,2026-06-18 23:55:42.102791+00
245c86f9-eb2b-4edf-a42c-fedc7f1d2800,d7a7f209-8d73-4a6a-ad53-60515bbde246,fc50189d-77b7-4417-bf09-623e9cc8c896,2024-06-21,71be3019-2872-4e46-9e8f-941663554ca2,,1,312000,0.00000000000000000000,312000.00000000000000000000,,Delivered,2026-06-18 23:55:42.102791+00
bd3a3e25-6d33-4047-bc69-3df69993d09f,a3481aad-05dc-4a42-b1e8-ea83b342c202,00cbdeb6-f471-4695-932f-e4ea68c6aa88,2024-10-29,71be3019-2872-4e46-9e8f-941663554ca2,,1,311125,0.00000000000000000000,311125.00000000000000000000,,Delivered,2026-06-18 23:55:42.102791+00
b930a9cc-1f77-4bd6-a2cd-eb475da055d0,4dbe4c24-068e-411d-b38a-b693ecef4b5b,085697bd-7458-4590-a252-7a2f7b4b3054,2024-11-05,271cdaa5-4d7d-46cd-9a43-7e3bb4bb922a,,1,310450,0.00000000000000000000,310450.00000000000000000000,,Delivered,2026-06-18 23:55:42.102791+00
669d3dcc-a266-45e6-8fa9-cab1004c6e9f,c8d6e143-b160-468d-85d6-6eebbbcfd8b2,5d12be71-d410-4ded-81e5-f2517423f597,2024-09-03,71be3019-2872-4e46-9e8f-941663554ca2,,1,309562,0.00000000000000000000,309562.00000000000000000000,,Delivered,2026-06-18 23:55:42.102791+00
d0ddedfd-a3fb-4143-b169-29a87c6d544d,a5d35269-2d99-4caf-aafb-96ed635df7bc,939d3a9e-79fe-416e-b133-c8bf108bab96,2025-07-20,71be3019-2872-4e46-9e8f-941663554ca2,,1,307700,0.00000000000000000000,307700.00000000000000000000,,Delivered,2026-06-18 23:55:42.102791+00
537dfd4f-5211-4474-af48-2c380e2f489f,46cd0b85-4f60-4286-aa59-0be3ee5c0f22,3a3c4aa3-7b5a-40d9-848f-9d5031044707,2025-04-16,71be3019-2872-4e46-9e8f-941663554ca2,,1,306250,0.00000000000000000000,306250.00000000000000000000,,Delivered,2026-06-18 23:55:42.102791+00
74015e52-1b57-49e7-ad34-7dd96c71b9d9,dc8f8e61-1003-463e-98f0-b6a20b44ee70,09205e79-9ec5-40b5-bc90-034af92afe44,2025-03-16,4ef83a84-e315-4f3e-94e1-511f936e9e34,,1,304500,0.00000000000000000000,304500.00000000000000000000,,Delivered,2026-06-18 23:55:42.102791+00
ecc8d075-44b5-497a-ba9b-70237a2187a9,fa4cb0f7-951d-4423-be6c-ca9277b7f0e1,4e5b7e8a-fcc2-4727-af47-439d9d98cf6f,2026-01-19,71be3019-2872-4e46-9e8f-941663554ca2,,1,304000,0.00000000000000000000,304000.00000000000000000000,,Delivered,2026-06-18 23:55:42.102791+00
e48decd5-b63a-49e5-9c32-22778872c288,cbc3fcc3-7e24-4e12-a707-9cbec010f18d,15a1d107-8a88-4fe8-a5d2-b089ee3a300c,2025-01-05,71be3019-2872-4e46-9e8f-941663554ca2,,1,922499,0.00000000000000000000,922499.00000000000000000000,,Delivered,2026-06-18 23:55:42.102791+00
ee85b368-b028-4697-b3a6-1254c38d70c3,14cdced9-cbe1-4447-83c8-f4ce3aaca52e,018923bc-030b-4f77-8e54-6b1d31bc4ef3,2025-02-24,71be3019-2872-4e46-9e8f-941663554ca2,,1,918750,0.00000000000000000000,918750.00000000000000000000,,Delivered,2026-06-18 23:55:42.102791+00
c02ff84e-ff3d-4e42-8204-4356cca12f82,89201d28-c1ae-4c0c-bd22-e3351f56a53d,645731c2-56ec-41d2-aa04-98154515155c,2024-07-06,8da5249a-c2b8-48c3-b61c-12ecf6d898d8,,1,913500,0.00000000000000000000,913500.00000000000000000000,,Delivered,2026-06-18 23:55:42.102791+00
102ed082-07ea-4782-9cc0-f4b787728919,cda3c1d0-6398-4ea4-8374-1f431b7a55b2,052eead3-3efb-428f-8562-aa346971b547,2025-08-17,7278af2d-7018-4d13-bb4d-1b35f4307714,,1,912000,0.00000000000000000000,912000.00000000000000000000,,Delivered,2026-06-18 23:55:42.102791+00
e4c27cf6-28dc-439d-88c5-6ae6dbb474f4,863afd01-ec2f-4197-b519-8b8636e287cf,d1ec645c-97e7-4b1d-852c-c3aad0aea8a2,2024-08-04,8da5249a-c2b8-48c3-b61c-12ecf6d898d8,,1,910000,0.00000000000000000000,910000.00000000000000000000,,Delivered,2026-06-18 23:55:42.102791+00
6f8f9959-29bf-4699-92c0-a034a9b3f4f6,ccb9c059-6a1f-4533-b377-c216ef75328c,b24a4e9e-2ea2-4704-8723-e3526b3f40dc,2024-10-06,8da5249a-c2b8-48c3-b61c-12ecf6d898d8,,1,909000,0.00000000000000000000,909000.00000000000000000000,,Delivered,2026-06-18 23:55:42.102791+00
6d663b23-f537-4113-8ff4-d301bc1c6ea0,2f3105fd-fcbe-435a-ac2c-ab8983040875,5cffd89c-3fad-401d-a2f8-962313118344,2025-05-27,71be3019-2872-4e46-9e8f-941663554ca2,,1,904500,0.00000000000000000000,904500.00000000000000000000,,Delivered,2026-06-18 23:55:42.102791+00
30f3a86d-bc25-40c7-9927-1ce398a1e093,15aa91ca-a1b8-44b9-b074-c6b1126b9b6f,1127eccf-1a86-48f1-b37e-a83d6a8ca1ce,2024-11-04,8da5249a-c2b8-48c3-b61c-12ecf6d898d8,,1,901562,0.00000000000000000000,901562.00000000000000000000,,Delivered,2026-06-18 23:55:42.102791+00
68d58d23-be9e-4c05-ac48-91564e6224c8,cd6e56d7-a261-4dce-aa43-3834bc976565,2560ec23-f3f8-4d96-8c80-477bdeb1ab48,2025-03-14,4981436e-024e-4995-a548-d32aefa7e1e8,,1,900000,0.00000000000000000000,900000.00000000000000000000,,Delivered,2026-06-18 23:55:42.102791+00
1da18b96-8ee8-4284-a533-3445762361a8,4ba500ce-b855-44c2-8ba2-9cdaddcbc9a7,f27f8e5b-4df1-4a1c-bf39-87b77d100d59,2024-07-25,8da5249a-c2b8-48c3-b61c-12ecf6d898d8,,1,898000,0.00000000000000000000,898000.00000000000000000000,,Delivered,2026-06-18 23:55:42.102791+00
6d531bed-6a0b-48fb-a5bc-8058f889fcd1,3159f93b-e1fa-4897-b39d-23159e59efa0,74df0a22-2b10-44f5-a880-5e5fbc384687,2024-07-07,8da5249a-c2b8-48c3-b61c-12ecf6d898d8,,1,895000,0.00000000000000000000,895000.00000000000000000000,,Delivered,2026-06-18 23:55:42.102791+00
dcf2bb45-5164-4a58-a4a6-dd98da0b0628,160755e0-5670-4411-bb68-b40efcddfc23,4e0742bb-913a-438e-afa8-861aade7b4c1,2024-09-29,8da5249a-c2b8-48c3-b61c-12ecf6d898d8,,1,892500,0.00000000000000000000,892500.00000000000000000000,,Delivered,2026-06-18 23:55:42.102791+00
4b7ff191-aa7c-49e5-9ad2-17d72d314e69,79b0f4d4-3772-4c84-8e37-4078d2634631,37caa4b1-6811-4670-937e-50b1716603ab,2024-09-19,71be3019-2872-4e46-9e8f-941663554ca2,,1,887500,0.00000000000000000000,887500.00000000000000000000,,Delivered,2026-06-18 23:55:42.102791+00
4f85e9d6-aac3-423d-a7e7-ec6aa0cfadc5,7193a6db-b690-4722-a808-3885339f03bd,e7f64ccf-8308-4251-a840-89e18d919dcc,2025-01-21,ee050b45-8c17-4d06-ba05-a7f64ed04dab,,1,880000,0.00000000000000000000,880000.00000000000000000000,,Delivered,2026-06-18 23:55:42.102791+00
4476220b-88fc-4e58-9486-87cd08b5250f,e04072c6-7e59-4461-878f-df202867b596,ab5cd654-c456-4fc8-b880-a46aee08d075,2025-01-27,8da5249a-c2b8-48c3-b61c-12ecf6d898d8,,1,879050,0.00000000000000000000,879050.00000000000000000000,,Delivered,2026-06-18 23:55:42.102791+00
57863cf1-5bbe-40b5-a49e-94799d953bc8,8ee84d88-5a9d-486c-a9ae-d84cd8f5dced,78160ce8-d2e4-441d-8c13-3db98b226985,2024-08-06,8da5249a-c2b8-48c3-b61c-12ecf6d898d8,,1,870000,0.00000000000000000000,870000.00000000000000000000,,Delivered,2026-06-18 23:55:42.102791+00
283b10e7-6cec-4f47-9ee7-ed797c3ab643,ab6e6962-f0f7-45a5-8c99-87a90118864b,95173b8a-8692-41bd-b163-85376f85f4e2,2024-08-13,22f3c314-4681-438c-96f5-2c089289e523,,1,866500,0.00000000000000000000,866500.00000000000000000000,,Delivered,2026-06-18 23:55:42.102791+00
a4709b64-c156-410e-a91a-104fd6e27854,a6ea4e3d-14ba-4e72-95e9-ad7a9ea7ef1c,deb38409-42b0-44e8-94c7-36bb25f849d0,2024-12-31,1a42863c-c5fb-4bad-bd55-5ec8b0d96206,,1,865000,0.00000000000000000000,865000.00000000000000000000,,Delivered,2026-06-18 23:55:42.102791+00
f0b8a322-d136-4d95-a108-c188426831ba,7f0373c3-8182-4cc7-86c3-55be9cd61d5e,2358eedb-b023-41d7-a646-19194e66b6e3,2025-05-16,99654bf2-99d2-4963-a48f-35d1eacc4352,,1,862500,0.00000000000000000000,862500.00000000000000000000,,Delivered,2026-06-18 23:55:42.102791+00
7759c920-0f56-4bc9-8d6b-df67da19a28b,f9e65aa3-0653-4e05-9618-1e688a0b80bc,0d89dc67-07ec-47ed-bfc6-3c098e898a03,2024-12-10,42d252ce-09ff-4009-912a-ee9ecb4bac8b,,1,855174,0.00000000000000000000,855174.00000000000000000000,,Delivered,2026-06-18 23:55:42.102791+00
0ff3146d-d451-497b-8606-bd29b415e45f,2524a682-b8f2-4ec3-be77-7d302cfb5759,6848d193-2d04-4648-937b-70149b46f3c3,2024-06-06,8da5249a-c2b8-48c3-b61c-12ecf6d898d8,,1,850300,0.00000000000000000000,850300.00000000000000000000,,Delivered,2026-06-18 23:55:42.102791+00
da862802-712b-4b49-bced-cb802a291326,d460c4ef-8d09-4332-b596-fccd08c792f8,098f71ec-6b07-49b3-a8b3-5c6b012929d9,2024-10-11,71be3019-2872-4e46-9e8f-941663554ca2,,1,846675,0.00000000000000000000,846675.00000000000000000000,,Delivered,2026-06-18 23:55:42.102791+00
c321dbfa-f855-4176-8614-6955b9c83081,faf48a93-4098-40f3-ae89-4810965f13b2,7495a451-898b-4a99-9287-7e1bcb19c8fc,2024-06-21,8da5249a-c2b8-48c3-b61c-12ecf6d898d8,,1,843600,0.00000000000000000000,843600.00000000000000000000,,Delivered,2026-06-18 23:55:42.102791+00
5cc763eb-e27d-40d3-80ed-da74fab10988,d0d2796d-1312-4a37-a743-8f64729359c2,8ffdd755-1b93-469f-9b16-e2d72aa4f9ec,2025-01-09,8da5249a-c2b8-48c3-b61c-12ecf6d898d8,,1,838750,0.00000000000000000000,838750.00000000000000000000,,Delivered,2026-06-18 23:55:42.102791+00
b396738c-a060-4149-a435-fa31c3d4b865,8e32876b-b754-4395-a993-4e4708e10429,0d8121df-0d4e-49f8-8d7a-bccfac60b7c3,2024-07-21,8da5249a-c2b8-48c3-b61c-12ecf6d898d8,,1,830000,0.00000000000000000000,830000.00000000000000000000,,Delivered,2026-06-18 23:55:42.102791+00
36732ac2-8c96-4b59-bc38-83bb45530e79,ecf62c0b-bfce-4d33-99ca-02f77e8cdd34,35ba153c-69c5-4ced-9cb1-a3a49f1ac982,2025-12-22,71be3019-2872-4e46-9e8f-941663554ca2,,1,827349,0.00000000000000000000,827349.00000000000000000000,,Delivered,2026-06-18 23:55:42.102791+00
d0a84763-0856-4918-8e64-f087bc8582b4,51336a55-cc31-45c3-aad2-51427a348d81,0fc390d1-b23d-4051-8cf5-dc8af7308592,2025-11-28,ddfcbd9f-71ee-4343-a831-beb7757ac3b0,,1,821310,0.00000000000000000000,821310.00000000000000000000,,Delivered,2026-06-18 23:55:42.102791+00
18014bea-ebde-4805-b26d-eae94f40c78e,df6e9833-ba41-410a-b107-a9a6bdd16782,be107791-c113-4b11-990f-3495d1091102,2024-06-06,ccb49d47-ef18-415e-84ff-5119d836592b,,1,816375,0.00000000000000000000,816375.00000000000000000000,,Delivered,2026-06-18 23:55:42.102791+00
048ba9f4-d913-48f0-b024-9e6224edf990,41950639-4b80-4d17-8c45-f27b4c22ed90,6eecf6ec-7316-4935-87e1-45b9be09a428,2024-08-27,353bb4af-8760-4bd7-a2d2-354d4f3d52ba,,1,813100,0.00000000000000000000,813100.00000000000000000000,,Delivered,2026-06-18 23:55:42.102791+00
7e78fdf3-87b1-447d-9f35-17f4a5efe980,1b91cfc1-4a63-4d48-9789-b1225196a915,1783f02c-6f0c-44db-93e2-704dc9ce9f03,2025-12-21,71be3019-2872-4e46-9e8f-941663554ca2,,1,808640,0.00000000000000000000,808640.00000000000000000000,,Delivered,2026-06-18 23:55:42.102791+00
4243e99a-f107-4a0d-a6df-f3265c209dc5,09c5901c-4707-4b64-88c8-8e9a775d37e1,16447330-a730-42a0-bcb1-5fa652259a92,2026-02-20,13434759-d4fc-4dc9-ad3b-480ab7211da2,,1,803159,0.00000000000000000000,803159.00000000000000000000,,Delivered,2026-06-18 23:55:42.102791+00
9b84f441-2039-4b73-bfae-ee9124d317fb,1877f325-5e8c-4cce-b3f0-ca8747df4757,6ac6b3ea-b5f7-4b74-9719-bece19e40000,2025-12-25,13434759-d4fc-4dc9-ad3b-480ab7211da2,,1,798300,0.00000000000000000000,798300.00000000000000000000,,Delivered,2026-06-18 23:55:42.102791+00
af55d947-84c6-4c2d-bfc2-1c968e5cbc47,d8e572d5-1d7b-49ab-94c6-48311d588509,580acf40-0e5a-47c3-b675-1778cc5da71c,2025-06-03,71be3019-2872-4e46-9e8f-941663554ca2,,1,791380,0.00000000000000000000,791380.00000000000000000000,,Delivered,2026-06-18 23:55:42.102791+00
116da60e-1fbe-42b3-a173-57bd7d1a6d8e,b229887b-3ed9-44bc-9a43-1297d8851248,4e822a19-92fb-4e48-ab3a-882d7fb319c5,2024-08-02,71be3019-2872-4e46-9e8f-941663554ca2,,1,323000,0.00000000000000000000,323000.00000000000000000000,,Delivered,2026-06-18 23:55:42.102791+00
92286827-8ed5-477a-a032-0e84864ec411,936c2be0-e24a-4f73-a5ba-8a379a2125ac,2a75f318-38a6-4ca6-82dc-a90416c7dfcf,2024-08-21,71be3019-2872-4e46-9e8f-941663554ca2,,1,321675,0.00000000000000000000,321675.00000000000000000000,,Delivered,2026-06-18 23:55:42.102791+00
94b49ee8-8933-492b-81ef-4dd934cd6d54,53fd18c6-9a6e-4d50-b3e8-65b4f6dec015,a78d1e91-1c9a-4820-8799-c0da7ac92610,2026-01-23,c62ed87b-e442-4815-a36e-6b634e3628f1,,1,321500,0.00000000000000000000,321500.00000000000000000000,,Delivered,2026-06-18 23:55:42.102791+00
a6b84de0-74ab-48d7-8d24-89035f13d761,cd2341c7-68e8-4a79-8767-ebd01be11848,2825d8cb-a301-455f-b7ef-e445c28d2ccd,2024-09-01,71be3019-2872-4e46-9e8f-941663554ca2,,1,319500,0.00000000000000000000,319500.00000000000000000000,,Delivered,2026-06-18 23:55:42.102791+00
f8a2eeb3-4ed3-4f9f-ad31-9e8cb3fd219d,ff0c9711-6b50-48de-9e31-348a34fe7ba2,c294de51-2b28-415a-aaa3-133b4d0c37bf,2024-11-01,94840a95-c5bb-495e-a6b6-b69f8754b8b8,,1,318000,0.00000000000000000000,318000.00000000000000000000,,Delivered,2026-06-18 23:55:42.102791+00
c67bf727-693c-400d-b4b7-ca1dea5423aa,c213ea90-d2b4-4a9b-94cc-cccd7a59b242,004c1d0a-e18d-4952-8807-fd3d83db1c99,2024-08-11,271cdaa5-4d7d-46cd-9a43-7e3bb4bb922a,,1,315500,0.00000000000000000000,315500.00000000000000000000,,Delivered,2026-06-18 23:55:42.102791+00
8ee36f08-2fd9-4add-988b-017398646b6c,d445df45-4f65-4faa-8a85-6afaa884c8e8,6d6c8f7f-94d2-4238-9c67-f69feca3ab5b,2024-09-09,71be3019-2872-4e46-9e8f-941663554ca2,,1,314875,0.00000000000000000000,314875.00000000000000000000,,Delivered,2026-06-18 23:55:42.102791+00
71b1792a-9727-4712-b231-cf100575134f,d4cd185b-08ce-400c-9486-61ab51bec80e,ac0a3944-2af1-4237-b4b9-f11ea019d2fd,2025-05-14,71be3019-2872-4e46-9e8f-941663554ca2,,1,312500,0.00000000000000000000,312500.00000000000000000000,,Delivered,2026-06-18 23:55:42.102791+00
72eefc7c-93c2-4e67-8e57-10ca3fe9ebb0,923ed351-b21d-4f4a-8297-ad07818bc6be,7cf1801c-2014-4cfc-912f-0cbb23ddfa52,2024-12-06,71be3019-2872-4e46-9e8f-941663554ca2,,1,311999,0.00000000000000000000,311999.00000000000000000000,,Delivered,2026-06-18 23:55:42.102791+00
273f124c-1f86-4b40-af04-f7e385659cdb,542a5406-461d-4543-8dff-f95e1d46b94d,7e97ba72-d537-4bb4-a437-24fc399376db,2024-05-31,ccb49d47-ef18-415e-84ff-5119d836592b,,1,311000,0.00000000000000000000,311000.00000000000000000000,,Delivered,2026-06-18 23:55:42.102791+00
fe6e793b-118e-4625-8ae2-37843d548174,5f523b50-00ec-4024-8ef6-98aff5de226c,c3f13814-07b4-462b-9040-520a5b47d46d,2025-10-20,71be3019-2872-4e46-9e8f-941663554ca2,,1,310999,0.00000000000000000000,310999.00000000000000000000,,Delivered,2026-06-18 23:55:42.102791+00
b8631132-a3d9-447a-a533-ef02ef51d656,fa4c6756-3163-4290-8dc9-66e252a4b299,3c631110-dc9c-4075-8ef5-faeef291304a,2024-11-25,271cdaa5-4d7d-46cd-9a43-7e3bb4bb922a,,1,308000,0.00000000000000000000,308000.00000000000000000000,,Delivered,2026-06-18 23:55:42.102791+00
79f3fa34-2f9c-479e-b733-ce87fd503de3,14670ad2-5c06-44a4-88f5-57abf5d0a295,5aacca6e-d022-43cc-b78e-a73c34ad3c16,2025-04-08,71be3019-2872-4e46-9e8f-941663554ca2,,1,307050,0.00000000000000000000,307050.00000000000000000000,,Delivered,2026-06-18 23:55:42.102791+00
9c8848ac-5966-4e59-9da6-497f23d3c0dc,b20fc8f2-4a18-4993-81b3-ff8629c7af36,ccbcb466-cbe0-44fd-bdf9-c25141163e50,2024-11-03,71be3019-2872-4e46-9e8f-941663554ca2,,1,306375,0.00000000000000000000,306375.00000000000000000000,,Delivered,2026-06-18 23:55:42.102791+00
03c5b426-fe05-4f2f-ad7b-affc8af1a621,2fe97c48-43af-46c9-8648-aeac6011022e,7a5e76f3-2af2-4429-a7a5-4582af1caca2,2024-06-05,dd8cb13e-af3e-4023-99a5-c9c9d747209f,,1,305559,0.00000000000000000000,305559.00000000000000000000,,Delivered,2026-06-18 23:55:42.102791+00
267d4eb0-5181-41df-9e76-a1a60868084b,bdd0f498-2d7e-4f63-93d2-c2156cd7975c,3c6fa7bd-b6a9-43fb-bb15-4723c48bdb38,2025-02-06,71be3019-2872-4e46-9e8f-941663554ca2,,1,303400,0.00000000000000000000,303400.00000000000000000000,,Delivered,2026-06-18 23:55:42.102791+00
e1ae78a0-73ef-4aa3-8c1f-adb5494571ba,83c5a6e1-7aac-4be6-af55-aef078297151,37b27253-84e3-4bc7-8473-ba56da1b6985,2025-06-02,71be3019-2872-4e46-9e8f-941663554ca2,,1,920700,0.00000000000000000000,920700.00000000000000000000,,Delivered,2026-06-18 23:55:42.102791+00
40a314e9-753c-4791-9f81-27627a58e2d3,ce9e88f5-8d40-40d5-b02c-536d8ca6eb19,dec2232b-6d78-4e51-8598-a0af219e51da,2024-10-29,ee050b45-8c17-4d06-ba05-a7f64ed04dab,,1,914999,0.00000000000000000000,914999.00000000000000000000,,Delivered,2026-06-18 23:55:42.102791+00
7a6bd2ed-edae-4e64-8ad4-ca8e71f9974b,50158b6b-ab3c-4636-90e0-9fdf696d9a8b,a814426f-ef21-4468-b2c6-d85579c3c235,2024-12-06,f0fcd114-c83c-4557-ab8e-29869eb50b7b,,1,913000,0.00000000000000000000,913000.00000000000000000000,,Delivered,2026-06-18 23:55:42.102791+00
4078842d-18eb-4276-a57a-8a531b0420fb,9e3c859b-9422-4528-b73c-8baab45ee1f5,c1edc989-f339-455d-9b39-f8816ad9d494,2025-08-10,7278af2d-7018-4d13-bb4d-1b35f4307714,,1,912000,0.00000000000000000000,912000.00000000000000000000,,Delivered,2026-06-18 23:55:42.102791+00
be8f0ce0-dd16-4657-9ebb-b17c82970bfc,5906dee0-a166-40b3-a0fa-e566ca74ec41,1c7b85bf-cbb0-4408-8566-dcd14976bcfd,2025-07-03,7278af2d-7018-4d13-bb4d-1b35f4307714,,1,912000,0.00000000000000000000,912000.00000000000000000000,,Delivered,2026-06-18 23:55:42.102791+00
75a0837f-d26d-4fca-879a-7fd0e4f0638e,7f0c5c12-187a-4df4-98e6-a37329515209,a5936117-4dc2-456f-a02f-0886cb606a22,2024-11-28,8da5249a-c2b8-48c3-b61c-12ecf6d898d8,,1,907000,0.00000000000000000000,907000.00000000000000000000,,Delivered,2026-06-18 23:55:42.102791+00
b4977d91-643c-4908-a8f2-afdf07e18259,d49e3183-8f26-4123-bc54-fbc6d1fd3d07,c394b68b-20cb-416b-b5c5-dcf51128ce6f,2024-06-27,ee050b45-8c17-4d06-ba05-a7f64ed04dab,,1,905000,0.00000000000000000000,905000.00000000000000000000,,Delivered,2026-06-18 23:55:42.102791+00
e85e232a-04bf-462e-8539-6628e69c3f28,d1e4ef69-1be9-4a77-8da2-c61d59d3c167,1819cbb4-3238-4f41-9b97-0f749f13ee19,2025-09-15,e99e6ca5-a4bb-4343-a635-49f04389ca2a,,1,901073,0.00000000000000000000,901073.00000000000000000000,,Delivered,2026-06-18 23:55:42.102791+00
423877db-d743-480f-b837-7a9ea12a6d05,033f7389-3f62-4ac1-b103-2290744cc230,f1ca9b41-0924-41c7-92de-b33982a790f5,2025-05-06,42d252ce-09ff-4009-912a-ee9ecb4bac8b,,1,900000,0.00000000000000000000,900000.00000000000000000000,,Delivered,2026-06-18 23:55:42.102791+00
f27a80c6-014a-499b-8207-988aba8ccb89,43699862-1512-4b72-9fa3-ee1e0dc0b9be,1e54adf9-0e0a-4241-ba10-2459ac56806a,2024-06-30,4f0cd4d4-6997-4586-b94d-cfbfc15ccd92,,1,896500,0.00000000000000000000,896500.00000000000000000000,,Delivered,2026-06-18 23:55:42.102791+00
c10e6fd7-b186-440e-8a95-5b7a890fcba0,de37d854-4173-4f38-8942-c1a4e1b27e17,9329e917-8f5b-4b84-a91c-21ce2b92b691,2024-09-05,753d1c5a-1252-4a9e-bdf1-fd0922fbb352,,1,893750,0.00000000000000000000,893750.00000000000000000000,,Delivered,2026-06-18 23:55:42.102791+00
1880a301-0db8-42b5-af0f-cd3a308ec1be,9ebde2d6-a3d2-40f1-8607-be5aeae32561,41f9b00b-5bb0-473b-80ae-d4109fcf12ff,2024-09-02,71be3019-2872-4e46-9e8f-941663554ca2,,1,893750,0.00000000000000000000,893750.00000000000000000000,,Delivered,2026-06-18 23:55:42.102791+00
6483ae90-0f23-40c7-beb1-008fb569e17c,2b189d79-baf0-47f5-9d83-7e58ceba8379,865cb123-18a6-41cf-99d6-f60a6cc15436,2025-10-23,c6e017b2-c27d-4969-95de-8284a705a232,,1,882925,0.00000000000000000000,882925.00000000000000000000,,Delivered,2026-06-18 23:55:42.102791+00
4963d08e-3cd8-4706-b4f4-63dd7fb3a5c7,7e849f30-3cbc-4949-a1e1-ac7f747f671b,c746d7a4-cfa5-49e0-a813-dca2571690bc,2024-08-25,8da5249a-c2b8-48c3-b61c-12ecf6d898d8,,1,881750,0.00000000000000000000,881750.00000000000000000000,,Delivered,2026-06-18 23:55:42.102791+00
ffa00897-d96d-4278-84d2-4889fbc7aea5,809613b8-8c17-474b-9253-7411ccd9226d,2e310313-b4e6-469e-b542-588ccc7df2ff,2026-02-15,71be3019-2872-4e46-9e8f-941663554ca2,,1,879500,0.00000000000000000000,879500.00000000000000000000,,Delivered,2026-06-18 23:55:42.102791+00
33d987b1-e54f-485c-97b6-cf0b8dfc0b4e,a4780f91-db6c-45f1-ad88-311819d1d997,00ebf217-2eef-439b-b045-b92214abb42b,2024-09-30,71be3019-2872-4e46-9e8f-941663554ca2,,1,868750,0.00000000000000000000,868750.00000000000000000000,,Delivered,2026-06-18 23:55:42.102791+00
b68cb59c-9f49-4e2f-9039-089abdf82d8b,2276e537-2dff-4aea-adcc-fc6144146979,0e3b4404-dc97-44f9-88b0-898362fce455,2024-09-27,71be3019-2872-4e46-9e8f-941663554ca2,,1,868750,0.00000000000000000000,868750.00000000000000000000,,Delivered,2026-06-18 23:55:42.102791+00
70da61b8-d104-4179-85d9-27f73a1ac6de,27fdebe9-54e6-41be-91c0-b5eda96009b5,1d811966-7bed-405e-982d-a378b783c463,2024-11-29,2df9cb4d-3931-42d6-b71e-03529a9850cb,,1,863999,0.00000000000000000000,863999.00000000000000000000,,Delivered,2026-06-18 23:55:42.102791+00
0a0d6cd1-4014-4a7f-bbe9-d749c3fcf560,65abd906-d0d8-4fe1-9573-c23668aa06ed,6e1efa1a-ee2b-498c-b941-c8d337125b7d,2025-05-29,71be3019-2872-4e46-9e8f-941663554ca2,,1,860500,0.00000000000000000000,860500.00000000000000000000,,Delivered,2026-06-18 23:55:42.102791+00
3c44066a-975b-4db5-b1d4-4887ca838354,399378f1-3c52-4eb6-a08c-c7a508329001,7156212a-bb98-4d4a-b3c6-3d56193c7961,2025-05-23,42d252ce-09ff-4009-912a-ee9ecb4bac8b,,1,855000,0.00000000000000000000,855000.00000000000000000000,,Delivered,2026-06-18 23:55:42.102791+00
3aa2df0f-1583-4723-808d-e0880f2eabaf,74d23658-c52e-4151-82c0-f9fdcd49241d,12584c43-4806-43e7-9e49-736d69120501,2025-05-14,99654bf2-99d2-4963-a48f-35d1eacc4352,,1,854999,0.00000000000000000000,854999.00000000000000000000,,Delivered,2026-06-18 23:55:42.102791+00
a2cc92e7-d038-4267-8620-74ed045b736e,92dd3f9c-8e23-49ba-a071-c43185834774,ca7be65c-4fc6-4529-8282-24fb1714cdcb,2024-08-12,8da5249a-c2b8-48c3-b61c-12ecf6d898d8,,1,845000,0.00000000000000000000,845000.00000000000000000000,,Delivered,2026-06-18 23:55:42.102791+00
40e7ed11-118e-482c-9592-664cce67a9ae,339e0f76-34b6-4ad2-8c9e-961d5b8ea060,f3f76007-5956-45a4-b502-d48f36444db4,2024-08-09,8da5249a-c2b8-48c3-b61c-12ecf6d898d8,,1,842500,0.00000000000000000000,842500.00000000000000000000,,Delivered,2026-06-18 23:55:42.102791+00
33a709b8-5af4-41bf-b5d1-958b7facc149,a3cb43ef-4579-4685-a0c5-4f1a8bd83463,64551684-796c-4ec2-b0e8-73180183ff5b,2025-06-24,6f5a24a0-1dbd-4a1b-9e43-42f82094fc21,,1,834000,0.00000000000000000000,834000.00000000000000000000,,Delivered,2026-06-18 23:55:42.102791+00
4fc79f63-dafc-436e-a591-34882ba741d7,d2a2682c-511c-42df-a076-6680d8b82b8e,3a8598ba-4c9d-4ece-acd0-f19c1969ffd1,2025-12-01,e68871a8-18d6-4060-964c-f5ee029055bd,,1,828250,0.00000000000000000000,828250.00000000000000000000,,Delivered,2026-06-18 23:55:42.102791+00
867bb0ef-3f26-4383-8903-8609e48e3491,2b5d47a3-e213-4887-9768-20ffb0c96c9a,470aa383-5fad-4599-b1c0-7e53c9d1a040,2024-11-03,f0fcd114-c83c-4557-ab8e-29869eb50b7b,,1,825000,0.00000000000000000000,825000.00000000000000000000,,Delivered,2026-06-18 23:55:42.102791+00
c53e40e5-aae7-4fa2-a49c-d3f0c4359219,97bf4ab5-cb4f-4912-8dab-c2a31b7115a6,fe6e4c86-0cac-4e0d-8383-2db21e9e2840,2025-12-15,71be3019-2872-4e46-9e8f-941663554ca2,,1,819450,0.00000000000000000000,819450.00000000000000000000,,Delivered,2026-06-18 23:55:42.102791+00
56e1282b-64d2-4781-891f-c6c4dd5e5bd4,64ea58d4-9172-494d-aaa9-68091d5e4365,dd2919db-a5aa-4c50-ae00-8f956c5e5eeb,2024-09-22,22f3c314-4681-438c-96f5-2c089289e523,,1,815999,0.00000000000000000000,815999.00000000000000000000,,Delivered,2026-06-18 23:55:42.102791+00
790afe1b-eaa4-41c4-b301-abef4c92821c,a399280d-aa24-4ed1-9d20-e1559f7d87bd,d4012b36-7816-4618-9356-61497862df35,2025-12-17,13434759-d4fc-4dc9-ad3b-480ab7211da2,,1,809359,0.00000000000000000000,809359.00000000000000000000,,Delivered,2026-06-18 23:55:42.102791+00
18e15e57-6eea-42f1-b2ed-0c388c22057a,dc7fa707-b064-46ad-b739-0473432d63e6,f205c26b-4ee7-4314-8c5d-4b56940dbe46,2024-06-05,ee050b45-8c17-4d06-ba05-a7f64ed04dab,,1,807142,0.00000000000000000000,807142.00000000000000000000,,Delivered,2026-06-18 23:55:42.102791+00
e402cbb1-9c29-475b-95e9-b3457413bb5b,11336ffe-3c74-4f97-bdad-eea0a0d4457c,deb563ea-a7b0-4543-a791-d15fd20a2858,2024-06-10,ddc6b03a-4a98-439c-bfaf-cb665a6c6c5b,,1,800000,0.00000000000000000000,800000.00000000000000000000,,Delivered,2026-06-18 23:55:42.102791+00
7b1910c4-b35f-4a0e-b270-d84917bc685a,bfa1203b-85ca-41b1-98d2-eca197f3d0b6,68f2a6a2-a07c-40f1-a9fc-de763a98862f,2025-07-09,99654bf2-99d2-4963-a48f-35d1eacc4352,,1,794999,0.00000000000000000000,794999.00000000000000000000,,Delivered,2026-06-18 23:55:42.102791+00
ca9dc458-92e1-4e9f-b75f-7a380df892c7,37bd094a-a428-4307-b260-ae2206f8cd12,2a4fe695-c8b1-434e-8722-f1e057b3a895,2025-01-23,71be3019-2872-4e46-9e8f-941663554ca2,,1,786250,0.00000000000000000000,786250.00000000000000000000,,Delivered,2026-06-18 23:55:42.102791+00
eeb3b7de-34d9-4f8f-b475-5b7cae17d8d4,9a70b5c6-20b1-4626-842e-cf618e5fb761,541d9203-89f5-43dd-98a9-543a2c8b87c1,2026-01-15,71be3019-2872-4e46-9e8f-941663554ca2,,1,322500,0.00000000000000000000,322500.00000000000000000000,,Delivered,2026-06-18 23:55:42.102791+00
41033d85-629a-4df4-9ccf-0f7e2d1e44e4,09f0fa7d-9e69-4b12-a3d0-782fa24ea6b9,d5855808-4737-4609-94f6-6872f327a2e1,2024-12-23,71be3019-2872-4e46-9e8f-941663554ca2,,1,322000,0.00000000000000000000,322000.00000000000000000000,,Delivered,2026-06-18 23:55:42.102791+00
e532a5e7-4440-4c09-be4f-e6d5bd9c3ea5,5001952f-da45-4854-abb9-6b6407c407ed,a2b29659-06c8-4a4d-956f-abd95269e85f,2024-09-25,71be3019-2872-4e46-9e8f-941663554ca2,,1,320500,0.00000000000000000000,320500.00000000000000000000,,Delivered,2026-06-18 23:55:42.102791+00
31304272-5ac1-42c0-b73d-d45253e921b4,d0a92bad-54b5-41fe-ad1a-6395b8a824fe,87aeed77-4b53-42b9-bbfa-c99650cbee87,2024-11-14,71be3019-2872-4e46-9e8f-941663554ca2,,1,319300,0.00000000000000000000,319300.00000000000000000000,,Delivered,2026-06-18 23:55:42.102791+00
8fe06375-043b-401e-9384-443e54de4160,96ebca3a-1792-409c-b96f-c7b10f16c22d,588f556f-4cef-426b-8734-c77b0fc413be,2024-06-06,f0aca777-38ce-4a56-9108-dbbfb2edb831,,1,316000,0.00000000000000000000,316000.00000000000000000000,,Delivered,2026-06-18 23:55:42.102791+00
e9e963d5-2ec5-49f4-8b93-a44c8773efb3,be4a090f-9802-4dd2-baf6-1d989b94b0ca,13e5bba5-7d9d-43ad-8cb4-d45411a7980b,2025-07-27,cc1c75ac-51c8-428e-9f70-77c001aad47c,,1,315000,0.00000000000000000000,315000.00000000000000000000,,Delivered,2026-06-18 23:55:42.102791+00
cb3e8b4f-0647-4196-9f69-e8889374efbd,2921b361-7616-4d20-8c7f-314c9464e737,f4a90929-6208-4daa-94a1-bcf292136178,2026-01-23,58c876c6-a52e-47a3-a7d8-ff1b4f03929b,,1,313250,0.00000000000000000000,313250.00000000000000000000,,Delivered,2026-06-18 23:55:42.102791+00
87140448-1072-4ca7-a143-e297c7726532,ee530b9d-0535-4991-9086-f317a5ef1932,2c9e2ddb-c82e-4516-bd3e-a4b8fb6cba33,2026-02-11,add3d1ff-35de-4335-a95b-9db45afafaaa,,1,313250,0.00000000000000000000,313250.00000000000000000000,,Delivered,2026-06-18 23:55:42.102791+00
7610c9a2-1e09-4667-b8e2-67bb0b4f4b6a,d65acd26-8958-44f2-8087-a663faaaa440,55225905-adae-4486-ac44-9616d31cc24a,2024-11-27,a63cf2df-207a-47ed-a68a-3d1bffb08bb0,,1,311512,0.00000000000000000000,311512.00000000000000000000,,Delivered,2026-06-18 23:55:42.102791+00
0645352d-edfb-4961-809f-17b073dae21c,7da83944-109f-4554-9e37-828b2eb4474e,0becac18-ca62-43b7-a834-da7a6e604a48,2025-09-23,cc1c75ac-51c8-428e-9f70-77c001aad47c,,1,311500,0.00000000000000000000,311500.00000000000000000000,,Delivered,2026-06-18 23:55:42.102791+00
df8c95f5-1c9e-4025-a46a-fb284273dbc1,f06ffd53-b6d8-4373-816c-212c4c857725,75cdd9dc-975e-42ac-920b-87b6a7c088d3,2025-07-10,e363fd6a-6b4d-4a1e-bc25-3407c67f6af1,,1,310000,0.00000000000000000000,310000.00000000000000000000,,Delivered,2026-06-18 23:55:42.102791+00
ce5ed9b9-4754-41b3-946e-d89752e6eba0,0e1b0e27-d271-478d-b1f3-4c10506bc20b,00e7ba47-8239-4fc1-8d36-86a0728e9022,2025-06-16,71be3019-2872-4e46-9e8f-941663554ca2,,1,309750,0.00000000000000000000,309750.00000000000000000000,,Delivered,2026-06-18 23:55:42.102791+00
e7e61ed8-f4bf-4bbd-b419-8c6d8371c4ba,98a2305d-10a9-479d-b66e-ff40bb46ae64,0c099986-5a80-4b86-880c-fc07ad40f77b,2025-09-17,71be3019-2872-4e46-9e8f-941663554ca2,,1,307500,0.00000000000000000000,307500.00000000000000000000,,Delivered,2026-06-18 23:55:42.102791+00
842b8085-200e-47fe-9575-26b09dad3a70,a9b7682f-6c36-41ce-a2b3-dd1126ced01d,fb1e1958-6ac7-49e1-aa55-2cb4b0ce05af,2026-01-13,71be3019-2872-4e46-9e8f-941663554ca2,,1,305650,0.00000000000000000000,305650.00000000000000000000,,Delivered,2026-06-18 23:55:42.102791+00
ad8ce24e-8374-416c-bd83-3e5a8dd304a7,f029f0c4-736e-46aa-8d7e-c3a63f5647e3,7f2118ab-14d8-4e58-bf4f-70d6ab26823e,2025-04-21,71be3019-2872-4e46-9e8f-941663554ca2,,1,304500,0.00000000000000000000,304500.00000000000000000000,,Delivered,2026-06-18 23:55:42.102791+00
ccfd9c52-0f51-4a31-bfdd-830fabdb8b6b,269b9c69-b5ce-4670-b733-dd3a55da905b,89afce5c-6649-47cb-9c12-1be8a3ec1532,2025-07-14,94840a95-c5bb-495e-a6b6-b69f8754b8b8,,1,303250,0.00000000000000000000,303250.00000000000000000000,,Delivered,2026-06-18 23:55:42.102791+00
935aa6b4-3fab-4922-83c3-b096f0bc7b21,32d05038-0668-4543-8f91-856d7ed44bcf,094bf955-4de2-45d7-92de-c1e54ab0e8f3,2024-10-28,4f0cd4d4-6997-4586-b94d-cfbfc15ccd92,,1,925000,0.00000000000000000000,925000.00000000000000000000,,Delivered,2026-06-18 23:55:42.102791+00
f6388fb5-2f9c-453c-904c-f598f7c1e3e6,bf914d25-bdc3-4d2a-afba-91679e682684,dd8893c9-f24d-4360-9171-a195a3f44960,2024-05-08,ee050b45-8c17-4d06-ba05-a7f64ed04dab,,1,915000,0.00000000000000000000,915000.00000000000000000000,,Delivered,2026-06-18 23:55:42.102791+00
6110e290-461a-4cdf-af87-405836d8bb42,64e37865-786c-4079-b303-8595056bfe0c,5ce480ed-03a3-45b6-a5fb-1a672134d958,2024-10-29,ee050b45-8c17-4d06-ba05-a7f64ed04dab,,1,914999,0.00000000000000000000,914999.00000000000000000000,,Delivered,2026-06-18 23:55:42.102791+00
0c9b2ec5-4d36-4f77-860c-7494b3c92bf6,a5c310b9-4fe4-46ab-bbc1-18f366e7927f,e631ab7e-b5c1-492f-8566-a87bd2f0cbd3,2024-06-09,8da5249a-c2b8-48c3-b61c-12ecf6d898d8,,1,912500,0.00000000000000000000,912500.00000000000000000000,,Delivered,2026-06-18 23:55:42.102791+00
61aafa2d-686e-443c-a9ac-5f1433779533,40cdb086-bfb5-4dea-a7da-1f9333bf508e,c9ff5b12-cb23-46a3-b297-95a3431bdcbe,2025-07-27,7278af2d-7018-4d13-bb4d-1b35f4307714,,1,912000,0.00000000000000000000,912000.00000000000000000000,,Delivered,2026-06-18 23:55:42.102791+00
9e3d3acd-f6f0-4b2c-b152-541e393fd4c5,3a457506-bebe-431a-9d2a-ad5fb0982f6e,740a08f7-3fb7-4487-a7fb-d70521a7a1e8,2024-07-10,71be3019-2872-4e46-9e8f-941663554ca2,,1,909500,0.00000000000000000000,909500.00000000000000000000,,Delivered,2026-06-18 23:55:42.102791+00
14c56989-ed6c-46c1-9f72-4a1de8c145c0,b81cd9fa-ad52-4ea7-8c5f-462b36bf42a3,54542478-bbf0-446a-b477-a1216e73c486,2024-07-04,8da5249a-c2b8-48c3-b61c-12ecf6d898d8,,1,907000,0.00000000000000000000,907000.00000000000000000000,,Delivered,2026-06-18 23:55:42.102791+00
a7d517c4-04d8-4460-8b1c-f69fadd41fa4,03c51c91-1ef6-432f-859c-e0dc3e250289,98843c06-0180-4e55-8cf3-3d954c23bf7c,2024-06-25,ee050b45-8c17-4d06-ba05-a7f64ed04dab,,1,900000,0.00000000000000000000,900000.00000000000000000000,,Delivered,2026-06-18 23:55:42.102791+00
12f568a1-1159-4882-9bd4-b6dae35f14c2,5e6ff54c-41f2-425e-b8c3-2e1a8de27f98,fafd8a90-2942-49ee-99d3-aa4f24006b2a,2025-04-27,743d9156-09aa-48c2-8e1c-140cc5b70f78,,1,900000,0.00000000000000000000,900000.00000000000000000000,,Delivered,2026-06-18 23:55:42.102791+00
58ca5799-c40c-45d8-8f66-e5789e7ee232,b8c6e655-9679-4a6a-b1bb-2978a54e2df8,a8411c4b-f28e-458a-8d51-8ac1c9c59398,2026-01-26,71be3019-2872-4e46-9e8f-941663554ca2,,1,898000,0.00000000000000000000,898000.00000000000000000000,,Delivered,2026-06-18 23:55:42.102791+00
abd258a5-4057-4145-bdcd-abad19ba0080,5848ed16-dc89-4014-902a-d33b0d3c3589,778ac795-8832-4bd7-9240-7c0e85dec923,2025-06-23,71be3019-2872-4e46-9e8f-941663554ca2,,1,894510,0.00000000000000000000,894510.00000000000000000000,,Delivered,2026-06-18 23:55:42.102791+00
f5381bea-444b-446b-bbc1-279a971081e4,48b61d7a-10ab-4173-800b-2584969bcfb0,2d0059d4-9d3d-4f87-bdbd-6bc23a681781,2025-03-25,71be3019-2872-4e46-9e8f-941663554ca2,,1,890000,0.00000000000000000000,890000.00000000000000000000,,Delivered,2026-06-18 23:55:42.102791+00
e0746231-a8da-458f-8d27-046e6af0f5f9,ab66b284-cc08-4f85-8c14-e1c943dd8721,c909ac64-b320-433b-9c42-802ae7c52db8,2024-10-11,353bb4af-8760-4bd7-a2d2-354d4f3d52ba,,1,884000,0.00000000000000000000,884000.00000000000000000000,,Delivered,2026-06-18 23:55:42.102791+00
7832e5cb-82d4-4296-adeb-796c820ea235,8031b0a8-3b7b-453f-a76d-389209fbf43f,c94c445f-fac1-41ae-85a8-b67ee57502e0,2024-05-23,ee050b45-8c17-4d06-ba05-a7f64ed04dab,,1,880000,0.00000000000000000000,880000.00000000000000000000,,Delivered,2026-06-18 23:55:42.102791+00
c704fc66-93cb-402c-b027-c90b5f9155c0,bcc831ed-9ac5-4735-b278-128e99954ab7,9a33c851-a79d-440c-a7e6-a000d793a68b,2024-10-02,71be3019-2872-4e46-9e8f-941663554ca2,,1,875000,0.00000000000000000000,875000.00000000000000000000,,Delivered,2026-06-18 23:55:42.102791+00
aa2a1c6b-c6df-4bf1-883c-ede7c31c9d2e,5fa185b3-377f-4916-8614-3720456a5cac,b2adc078-c655-47af-bef6-29be16fc8b4d,2026-02-03,9c8577e0-bac5-40ed-ab97-d69d5aadb619,,1,869952,0.00000000000000000000,869952.00000000000000000000,,Delivered,2026-06-18 23:55:42.102791+00
75309ee8-d511-4a96-8074-aa56fd05d145,087e53ad-e0cf-4625-a429-33f1827f1930,6e33b77b-fd28-49fa-81a3-6232dcee63bd,2024-05-24,8da5249a-c2b8-48c3-b61c-12ecf6d898d8,,1,865000,0.00000000000000000000,865000.00000000000000000000,,Delivered,2026-06-18 23:55:42.102791+00
a7985429-e270-4dce-9b41-d971c3d39d6e,769330de-fefc-4a10-b6b4-b92cc005bff3,8018cd0d-8f77-4b87-a634-9e017ac37f55,2025-12-07,f3df996d-b48b-4239-8bf1-1e46b44fabd6,,1,864500,0.00000000000000000000,864500.00000000000000000000,,Delivered,2026-06-18 23:55:42.102791+00
f781b086-cf80-48c3-a9dd-ee3f5592d733,357f366f-0842-4ce7-83b7-7f2636ca5742,7115d7bd-9d5e-4828-882e-7e477d29881d,2025-05-16,ee050b45-8c17-4d06-ba05-a7f64ed04dab,,1,862500,0.00000000000000000000,862500.00000000000000000000,,Delivered,2026-06-18 23:55:42.102791+00
460720b4-4acf-4243-93bb-0e2ea10915b1,cfbd5d45-c3c5-4880-b402-7d7314c20f33,f60e24f5-ce13-47e2-a3cf-53e377dcf7b0,2025-01-01,8da5249a-c2b8-48c3-b61c-12ecf6d898d8,,1,857500,0.00000000000000000000,857500.00000000000000000000,,Delivered,2026-06-18 23:55:42.102791+00
24a880e2-1013-4301-9a8a-1b3d059593bc,c902b18c-8710-4ecb-bac9-b7c1d43685a1,9361a9a1-e5c0-47c6-a41a-b609352ed313,2025-12-25,c6e017b2-c27d-4969-95de-8284a705a232,,1,850100,0.00000000000000000000,850100.00000000000000000000,,Delivered,2026-06-18 23:55:42.102791+00
6d24f020-679c-4088-8782-97150e6b266c,5a29522e-43e1-478e-9620-5fee194797a3,4e13f9a4-1742-4026-81c8-41e237c28945,2025-05-11,2df9cb4d-3931-42d6-b71e-03529a9850cb,,1,850000,0.00000000000000000000,850000.00000000000000000000,,Delivered,2026-06-18 23:55:42.102791+00
97f80144-2713-4c57-8feb-b145a2ce68b1,3b860ae2-4815-41b8-8010-05a90207b13e,e411c694-1a10-454d-921d-68ca4e74b36e,2024-06-23,8da5249a-c2b8-48c3-b61c-12ecf6d898d8,,1,843000,0.00000000000000000000,843000.00000000000000000000,,Delivered,2026-06-18 23:55:42.102791+00
af2fc081-3834-4fe5-9594-19c185a2c3bd,3d7c4cd7-b700-477c-9ecc-7de69dacacc2,586fff64-d425-4be4-8dc2-2bed648e236b,2024-06-28,4f0cd4d4-6997-4586-b94d-cfbfc15ccd92,,1,835000,0.00000000000000000000,835000.00000000000000000000,,Delivered,2026-06-18 23:55:42.102791+00
274a01ae-e86a-40f2-9808-24902abc1d5c,8d70f8e1-1c2a-43cc-ac1b-e68a3edfbaa2,54c46e8c-ae32-4400-b63d-f32fae335218,2024-12-12,42d252ce-09ff-4009-912a-ee9ecb4bac8b,,1,831219,0.00000000000000000000,831219.00000000000000000000,,Delivered,2026-06-18 23:55:42.102791+00
ca193cc4-6b9e-4ff3-a20a-9e4cf00d3519,372ded13-fd53-4e6d-afb6-222da9721ed9,7ee3e307-e658-4dfe-9213-b5697b0d32ff,2025-07-25,6f5a24a0-1dbd-4a1b-9e43-42f82094fc21,,1,825000,0.00000000000000000000,825000.00000000000000000000,,Delivered,2026-06-18 23:55:42.102791+00
d13420fc-2569-4589-b011-882afe7d444e,99ce63fd-ee3d-42c1-b353-85d8014fddf1,c40cc288-0454-4cd4-bdda-c69626095013,2024-06-13,8da5249a-c2b8-48c3-b61c-12ecf6d898d8,,1,819600,0.00000000000000000000,819600.00000000000000000000,,Delivered,2026-06-18 23:55:42.102791+00
42fb92db-e612-4b45-ab52-51761e1cb1ad,11f8d190-68c7-4168-89a8-357dbd2bd466,88acf25b-98c9-4371-9407-a0623bd727be,2024-08-18,8da5249a-c2b8-48c3-b61c-12ecf6d898d8,,1,814840,0.00000000000000000000,814840.00000000000000000000,,Delivered,2026-06-18 23:55:42.102791+00
f9fc75d1-c2e2-4e4f-97ab-a6fd8a45705a,162c17ef-9b86-4610-89f3-e0e2ce598215,16012306-e103-4f0e-bb9d-c28afb06003d,2024-05-31,8da5249a-c2b8-48c3-b61c-12ecf6d898d8,,1,812000,0.00000000000000000000,812000.00000000000000000000,,Delivered,2026-06-18 23:55:42.102791+00
94f872a2-0e7e-4fa0-a661-812f9365a431,fc19ba50-bab2-4080-a644-1de4609efb5f,2c53de94-331c-41c3-bc7d-cb4f2e93ac03,2024-08-25,8da5249a-c2b8-48c3-b61c-12ecf6d898d8,,1,807500,0.00000000000000000000,807500.00000000000000000000,,Delivered,2026-06-18 23:55:42.102791+00
1d316f4c-f88f-469d-8fff-3014b13fa99b,2dc6f260-c28c-415b-9d79-22f393de04d5,ace3eec4-0272-425a-bf33-0e9b9b04b892,2024-07-20,ee050b45-8c17-4d06-ba05-a7f64ed04dab,,1,800000,0.00000000000000000000,800000.00000000000000000000,,Delivered,2026-06-18 23:55:42.102791+00
037caafe-968d-4a06-b5b3-1ed58a706773,9876256b-4378-4412-b127-45bfe62e2c55,6823068d-233d-4fe0-9184-b39b6bf15eb7,2026-01-02,71be3019-2872-4e46-9e8f-941663554ca2,,1,793750,0.00000000000000000000,793750.00000000000000000000,,Delivered,2026-06-18 23:55:42.102791+00
a19eccb4-b852-4c00-bdfd-f105b4400909,fb0cf950-a991-4aa5-87b8-27281079feed,6451509f-c173-48b3-8d78-b19ffae3cd4e,2025-12-21,e96db2f5-75f3-4573-9c7d-2862020fc1be,,1,787640,0.00000000000000000000,787640.00000000000000000000,,Delivered,2026-06-18 23:55:42.102791+00
7f7500d3-bb42-40d1-a3ca-a3cb347878d3,0f729cfc-e81f-44f1-b602-c1dd19d97de7,0f8e5a89-8d67-47fe-85ae-57ab00bf0ebd,2025-04-14,71be3019-2872-4e46-9e8f-941663554ca2,,1,323000,0.00000000000000000000,323000.00000000000000000000,,Delivered,2026-06-18 23:55:42.102791+00
6d2cc0c1-a33e-4865-8f0d-4f0b30a13bb9,4566f260-7c27-496e-a509-d381d9fda34c,3b96eb21-1c38-4c13-ac67-b1f2685b8b75,2026-01-23,add3d1ff-35de-4335-a95b-9db45afafaaa,,1,322200,0.00000000000000000000,322200.00000000000000000000,,Delivered,2026-06-18 23:55:42.102791+00
c4ac0c6a-ddc0-4b38-b460-13f562cdf2d4,2d21c007-d648-4ce8-b274-4c98b88f81ad,cf274941-20cf-41df-812a-96206deb9fce,2024-10-24,c9057d69-7d6f-4f31-9be5-5f07606c320b,,1,321000,0.00000000000000000000,321000.00000000000000000000,,Delivered,2026-06-18 23:55:42.102791+00
a5373082-206c-4c8c-9cdc-15bfbd1f9753,2b4d198a-7a70-42a0-957c-5d841e1c201c,fd47c611-1d3c-4bff-8c5b-27f7aa1267e2,2025-04-07,b68482aa-3798-4bc4-96c2-ae22f9e1f162,,1,320250,0.00000000000000000000,320250.00000000000000000000,,Delivered,2026-06-18 23:55:42.102791+00
95f9d22f-9621-427e-95e2-93377cae58b3,25a066e7-4438-4cfd-9d3e-c34fe9133116,729ce958-f131-4fb2-98d0-e4463e1474cd,2025-01-07,71be3019-2872-4e46-9e8f-941663554ca2,,1,318000,0.00000000000000000000,318000.00000000000000000000,,Delivered,2026-06-18 23:55:42.102791+00
1fa64abb-9730-4e23-a38d-2dde30e6b061,b6e3bfee-f1cf-404e-9147-55e0629d725e,75645437-2267-40da-8d31-3461e6635c6c,2025-11-09,61512ab1-0ef3-4a1e-87f7-c1818d094209,,1,315000,0.00000000000000000000,315000.00000000000000000000,,Delivered,2026-06-18 23:55:42.102791+00
407a6a92-62ea-41ba-879f-98cbebf6c690,32699c3d-4a75-4bf1-95d0-34d1a0c4d60e,25be178e-3e17-47fe-9c3f-84ab9b9d7314,2026-01-26,628bcaf4-621f-4082-9aff-5ac50eb5f547,,1,313250,0.00000000000000000000,313250.00000000000000000000,,Delivered,2026-06-18 23:55:42.102791+00
31a0262b-4bc2-498b-93e6-e18a185a1da3,40fd84a1-5c85-4d61-b682-e879b1ffa224,07a1f17a-79a2-477d-b74d-5468839c0fcf,2024-05-20,ccb49d47-ef18-415e-84ff-5119d836592b,,1,312500,0.00000000000000000000,312500.00000000000000000000,,Delivered,2026-06-18 23:55:42.102791+00
5597b048-a269-405d-b2d2-2a53b59e0e95,9ba76a67-9815-42f3-8606-05e2f13b5c49,7a31ae34-8170-4844-b128-8a9047cf5be3,2025-10-16,71be3019-2872-4e46-9e8f-941663554ca2,,1,312088,0.00000000000000000000,312088.00000000000000000000,,Delivered,2026-06-18 23:55:42.102791+00
f76321e1-4878-4f87-a3c9-8b2294db29f9,bb5e62e8-7d2a-44c5-be8d-e6d2abcadb75,5230956f-aa73-4a70-a6b2-df6bc1f5e17c,2024-07-19,8da5249a-c2b8-48c3-b61c-12ecf6d898d8,,1,311500,0.00000000000000000000,311500.00000000000000000000,,Delivered,2026-06-18 23:55:42.102791+00
5d193229-ce27-400e-a0dc-597a53a877ad,ce9b059c-7a42-4b07-987f-d0b5d1846869,13bfd03d-a086-468c-abee-a2ead2b5db17,2025-01-24,d70a1f63-f837-43a6-9a85-e5c926dd4536,,1,309950,0.00000000000000000000,309950.00000000000000000000,,Delivered,2026-06-18 23:55:42.102791+00
7429203e-0311-4539-87b2-8058e5508a02,3a566396-7db1-4bed-a787-1c99c3157d1a,ecf49c19-f9b7-4409-8cef-72622b8145f0,2025-04-06,71be3019-2872-4e46-9e8f-941663554ca2,,1,308500,0.00000000000000000000,308500.00000000000000000000,,Delivered,2026-06-18 23:55:42.102791+00
1a106ca4-977e-4e56-98d6-8569f7a0bd41,08b9a59b-c0ea-4c55-b246-56203ce83a5b,f50986bf-bdac-4564-9e37-5486b66a77d9,2024-08-14,71be3019-2872-4e46-9e8f-941663554ca2,,1,307800,0.00000000000000000000,307800.00000000000000000000,,Delivered,2026-06-18 23:55:42.102791+00
ddac7d41-2e4a-4a57-9b7d-e63792978bc8,43e19d30-7333-4dfa-b813-4d2ec7fd3d6f,fbc339b7-0812-4cd3-9c16-de00a3c524ee,2024-06-13,71be3019-2872-4e46-9e8f-941663554ca2,,1,306000,0.00000000000000000000,306000.00000000000000000000,,Delivered,2026-06-18 23:55:42.102791+00
c2f4f1c7-7140-4702-9ccc-bf1c815608e3,f2ba71f2-65df-4813-b497-c50a8b9a059c,0db8178d-ac81-40c7-a0ea-3d755449a75a,2024-12-25,d70971cf-d8a3-4155-92ac-d00095d6cce3,,1,304399,0.00000000000000000000,304399.00000000000000000000,,Delivered,2026-06-18 23:55:42.102791+00
806ab3a3-8c32-4cfe-8878-ee2dec87b990,978a507f-5c12-4b09-9e60-b351f1c70b62,47e89450-8162-4d23-9b48-9e83b3343f85,2026-01-20,71be3019-2872-4e46-9e8f-941663554ca2,,1,304300,0.00000000000000000000,304300.00000000000000000000,,Delivered,2026-06-18 23:55:42.102791+00
d3c889cf-d1b5-4467-a40b-ab5448e4bbab,b61da6ab-b678-49bb-91ea-e3ececdac99b,84c19382-359d-44c7-9d49-03b78b4f4ded,2025-08-19,71be3019-2872-4e46-9e8f-941663554ca2,,1,920312,0.00000000000000000000,920312.00000000000000000000,,Delivered,2026-06-18 23:55:42.102791+00
6410cbbf-9516-436b-a29e-2efb805d8d5a,ad130e58-3dbf-46ef-9f4a-89e3435d3a4d,dbe8a410-1f6e-4f84-8cfa-ea0e32001787,2025-03-11,71be3019-2872-4e46-9e8f-941663554ca2,,1,918750,0.00000000000000000000,918750.00000000000000000000,,Delivered,2026-06-18 23:55:42.102791+00
35b4fe5b-3da9-40a9-95af-62e1e229717f,514d51e6-81cf-47ae-82f1-520daae49c4f,03e273d6-77a9-4b05-a8a7-60f0f2e2a61e,2024-06-10,8da5249a-c2b8-48c3-b61c-12ecf6d898d8,,1,912500,0.00000000000000000000,912500.00000000000000000000,,Delivered,2026-06-18 23:55:42.102791+00
e0b899b1-6095-4017-89b0-817715e19d9d,6665042b-6655-40a5-832c-42f2e947ae8a,90b684df-f50e-46ff-a9a3-5e1f7b47122c,2025-08-03,7278af2d-7018-4d13-bb4d-1b35f4307714,,1,912000,0.00000000000000000000,912000.00000000000000000000,,Delivered,2026-06-18 23:55:42.102791+00
3462654a-316c-467e-acc1-bb256726db77,a1dfbb37-0e43-4bde-a7a2-84d8b5159111,6156ef94-9e0e-42b0-bf95-b1c1f3ffe8e7,2025-07-08,7278af2d-7018-4d13-bb4d-1b35f4307714,,1,912000,0.00000000000000000000,912000.00000000000000000000,,Delivered,2026-06-18 23:55:42.102791+00
20f5d11f-eddd-40d7-b494-e503cc7a15df,cdca053a-f4b2-42b1-a938-8835ab3c2d96,8628312a-192f-42a8-9e42-ee0cfce8fd62,2024-07-24,8da5249a-c2b8-48c3-b61c-12ecf6d898d8,,1,909000,0.00000000000000000000,909000.00000000000000000000,,Delivered,2026-06-18 23:55:42.102791+00
ff6e769a-d672-4312-a1a1-517fadcdd1a6,862fd6b0-cbce-408c-80c1-7e9db093dd0a,995ac4c2-3f34-4e0d-9e61-0b1dd7f40b94,2025-01-16,8da5249a-c2b8-48c3-b61c-12ecf6d898d8,,1,903400,0.00000000000000000000,903400.00000000000000000000,,Delivered,2026-06-18 23:55:42.102791+00
7c3a0901-94d8-4af7-b424-c7d6cc4f88ef,f35a392f-8032-4de8-bcbc-cae923752d47,fe3d0672-43ee-4eac-8363-dd9ecad67e44,2025-03-10,71be3019-2872-4e46-9e8f-941663554ca2,,1,902812,0.00000000000000000000,902812.00000000000000000000,,Delivered,2026-06-18 23:55:42.102791+00
58dc0272-11d0-44c7-85a9-713f06b13274,45751aef-52ce-4625-87ea-2502e9318137,b7402b5b-0594-475a-89ee-28d48487fe1c,2024-05-24,ee050b45-8c17-4d06-ba05-a7f64ed04dab,,1,900000,0.00000000000000000000,900000.00000000000000000000,,Delivered,2026-06-18 23:55:42.102791+00
ecc9ce30-91a4-48c5-a97b-da2b978fab6e,4c07f665-775f-4cfe-b16f-9b05239fca35,9bc3cc1a-663d-4a8c-ae07-34ec7ca9a0d1,2024-06-27,8da5249a-c2b8-48c3-b61c-12ecf6d898d8,,1,898500,0.00000000000000000000,898500.00000000000000000000,,Delivered,2026-06-18 23:55:42.102791+00
429f6044-323e-4333-91df-68de179bf8a8,e88e0f8d-f728-4117-bdb6-2befd25d064c,1faee927-e019-4df4-ac7e-17dcb72d0b90,2024-07-08,ee050b45-8c17-4d06-ba05-a7f64ed04dab,,1,895001,0.00000000000000000000,895001.00000000000000000000,,Delivered,2026-06-18 23:55:42.102791+00
b6b366f5-b9ec-46ac-830b-c709c0ae37a3,c3cf3788-3627-4116-8a74-4335c13da656,45b6dcbe-da5d-4afe-9d30-c248f3c5105a,2024-06-03,ee050b45-8c17-4d06-ba05-a7f64ed04dab,,1,889999,0.00000000000000000000,889999.00000000000000000000,,Delivered,2026-06-18 23:55:42.102791+00
7c51cdb4-84f4-4d44-8b80-36fb728ec7a9,19c9fc67-9997-43a9-93a1-44142ef737b6,6dad375c-7aa1-4b69-ab83-329c5c6d9a38,2024-10-01,8da5249a-c2b8-48c3-b61c-12ecf6d898d8,,1,888750,0.00000000000000000000,888750.00000000000000000000,,Delivered,2026-06-18 23:55:42.102791+00
a8f9012a-4b0a-46aa-83cd-8044892d426a,1e29bbf7-ee2e-41d7-9de9-e30224407c2b,d5e70d14-b35d-479b-86fa-b36d350759c9,2024-09-23,e0127f48-7045-4fdc-b308-c030eb515cc1,,1,881250,0.00000000000000000000,881250.00000000000000000000,,Delivered,2026-06-18 23:55:42.102791+00
ce2328f7-a1ac-4205-a86f-bb8a07585811,1674b555-fb2b-4a03-b924-f3f2eb1d066a,9417f90b-a112-45ac-a213-72c1ff6751dd,2025-09-23,71be3019-2872-4e46-9e8f-941663554ca2,,1,874000,0.00000000000000000000,874000.00000000000000000000,,Delivered,2026-06-18 23:55:42.102791+00
d78a09e5-2462-4e32-b514-c8e9b8f97504,69e7fbf9-5a1a-4da7-b7e0-f54cc55a9807,c1c35f6d-6be9-4886-898e-d7bce2c3451a,2024-09-13,8da5249a-c2b8-48c3-b61c-12ecf6d898d8,,1,870250,0.00000000000000000000,870250.00000000000000000000,,Delivered,2026-06-18 23:55:42.102791+00
2f59ac27-8f09-45d8-8477-ee55d9f9c6ed,be15e4af-f761-4ff7-ae70-fa3c4dbe7f59,ebdddce2-7e67-4df0-80a6-61eb221d2fdb,2024-12-23,7e8dad36-2a64-4fee-befe-3123f6ca73d7,,1,865000,0.00000000000000000000,865000.00000000000000000000,,Delivered,2026-06-18 23:55:42.102791+00
aa612ac9-cacd-4d76-8d03-84f1fd19b65b,4ba383d2-50df-4ff1-a6c5-2fb3347fe47a,5d5a878d-6979-4b70-8871-80b5d2b5485c,2025-05-20,99654bf2-99d2-4963-a48f-35d1eacc4352,,1,865000,0.00000000000000000000,865000.00000000000000000000,,Delivered,2026-06-18 23:55:42.102791+00
a2db63b6-0e3b-446f-a82c-fb44ab4c542f,ae8bb7b1-5316-46d7-917d-a1f3f29c0283,43764cb3-8d7d-4c19-8eef-e95fbd6f7ef2,2024-08-09,8da5249a-c2b8-48c3-b61c-12ecf6d898d8,,1,858200,0.00000000000000000000,858200.00000000000000000000,,Delivered,2026-06-18 23:55:42.102791+00
ccaf9766-67b8-4bbd-8a82-99b7a4639dbe,ec99e1f1-9ec9-4b16-a2c8-9a28ae9d7417,70f7623c-041e-4167-a03e-62f50f340a72,2025-07-07,71be3019-2872-4e46-9e8f-941663554ca2,,1,855918,0.00000000000000000000,855918.00000000000000000000,,Delivered,2026-06-18 23:55:42.102791+00
4af490ce-95df-4a8b-b240-da65d5b92308,196820d6-f3cf-481e-9214-2770b584b900,54fcab32-f57d-4969-bb26-c63b889c4f2a,2024-09-02,8da5249a-c2b8-48c3-b61c-12ecf6d898d8,,1,850000,0.00000000000000000000,850000.00000000000000000000,,Delivered,2026-06-18 23:55:42.102791+00
ceafc966-668c-4a61-936d-c5953b04014a,eb1bdbce-45a5-4032-8fa2-ca256c43123f,1d0f2adf-292d-4ca1-824b-497452bdb17c,2024-09-13,8da5249a-c2b8-48c3-b61c-12ecf6d898d8,,1,846000,0.00000000000000000000,846000.00000000000000000000,,Delivered,2026-06-18 23:55:42.102791+00
75b163f5-b60f-4f9a-9aef-82e6557de044,b71cf23f-6e40-42fd-85c8-1135a625b86f,da123977-d662-4ca9-bf42-a91127e7b433,2025-07-06,99654bf2-99d2-4963-a48f-35d1eacc4352,,1,845000,0.00000000000000000000,845000.00000000000000000000,,Delivered,2026-06-18 23:55:42.102791+00
aac7b71d-911e-4be0-8416-cb20dec103cc,5fc35b5d-0456-4b2c-891c-ebbdc58af455,7a194f42-9174-42e8-abda-39d088e05654,2025-05-02,71be3019-2872-4e46-9e8f-941663554ca2,,1,839675,0.00000000000000000000,839675.00000000000000000000,,Delivered,2026-06-18 23:55:42.102791+00
c3b89381-56ae-4540-966e-346f0be2d1ac,43e5829d-ab1f-49ba-a4c0-7537212c0f34,5c67acd5-7432-422a-95c8-4bd8d99c7df0,2024-06-13,8da5249a-c2b8-48c3-b61c-12ecf6d898d8,,1,833000,0.00000000000000000000,833000.00000000000000000000,,Delivered,2026-06-18 23:55:42.102791+00
69b463c6-29bc-4aa0-b91e-7ed57119dafc,733a0133-24e3-46ae-bf6d-1bc295305f9c,8fca7a53-4d48-4964-b12d-988a2c592a61,2024-10-07,71be3019-2872-4e46-9e8f-941663554ca2,,1,827700,0.00000000000000000000,827700.00000000000000000000,,Delivered,2026-06-18 23:55:42.102791+00
8f6cca84-9049-4bd2-80af-d41b35dd6d7d,563bd0d9-7ae7-4601-b19d-8815640b02cb,00c294fd-60c1-4748-a8ff-f39cdc82b5d6,2024-10-24,ee050b45-8c17-4d06-ba05-a7f64ed04dab,,1,824999,0.00000000000000000000,824999.00000000000000000000,,Delivered,2026-06-18 23:55:42.102791+00
bb4dbdb7-773d-47b6-8c8b-ae915ab648b5,baacb8eb-c0c8-47ee-b5fc-5c8690bee706,52ada56f-9593-418a-aa6f-a4e493f59d00,2024-08-23,8da5249a-c2b8-48c3-b61c-12ecf6d898d8,,1,817975,0.00000000000000000000,817975.00000000000000000000,,Delivered,2026-06-18 23:55:42.102791+00
1592af24-092b-4d44-abfe-14edd06b4335,1411ac47-f89d-4fba-a503-0603f4e03dac,0abee803-06d6-4f6d-bc34-8e1c6470b647,2025-11-25,8f06ff88-5db5-47ec-b27f-af2ef21de406,,1,814000,0.00000000000000000000,814000.00000000000000000000,,Delivered,2026-06-18 23:55:42.102791+00
b7a8ba63-b56f-4f18-9bbb-2c9b51cd46cd,7b4fc763-d7a1-4d6d-8f41-fa13665f5d5b,cec7708e-5209-458b-8f19-09db34632a54,2024-11-13,22f3c314-4681-438c-96f5-2c089289e523,,1,809000,0.00000000000000000000,809000.00000000000000000000,,Delivered,2026-06-18 23:55:42.102791+00
cf591490-7e63-44c9-8b24-81bcfd33d5ec,7bf93b83-5a8b-4487-b17d-1b6430338fc2,175f5253-6116-43a8-972d-8b353284693e,2024-06-09,8da5249a-c2b8-48c3-b61c-12ecf6d898d8,,1,806500,0.00000000000000000000,806500.00000000000000000000,,Delivered,2026-06-18 23:55:42.102791+00
25e47163-701f-4a51-b765-df599ceb8e87,ed55b25d-7254-4964-8154-4b0fd01a67fc,0eb076b5-96be-48cb-a9f7-d528403263b5,2026-01-09,13434759-d4fc-4dc9-ad3b-480ab7211da2,,1,798300,0.00000000000000000000,798300.00000000000000000000,,Delivered,2026-06-18 23:55:42.102791+00
56c44910-5270-471c-92b9-0ded5883dafa,3660ec96-2057-4182-bf5f-fa4dcbd6f08f,ee2026e9-4662-401d-82b1-17cb9d6e7caf,2025-10-14,22c3834b-a9d8-4851-8514-d59d3b562b07,,1,793230,0.00000000000000000000,793230.00000000000000000000,,Delivered,2026-06-18 23:55:42.102791+00
dd635ab0-25ae-442e-b1e0-9a26a53713f1,596ba2dc-3f6a-44d1-83d0-02728177216a,9e45870b-39bf-4b79-b326-98d666e9d0a1,2025-05-19,71be3019-2872-4e46-9e8f-941663554ca2,,1,782580,0.00000000000000000000,782580.00000000000000000000,,Delivered,2026-06-18 23:55:42.102791+00
a447a161-ff47-44d9-a57d-8ef258a4b205,6cde6200-83d9-450e-a95b-524b7dc9e879,d43dc199-061d-4d4f-8594-b94e9bd54351,2025-11-12,9c8577e0-bac5-40ed-ab97-d69d5aadb619,,1,782000,0.00000000000000000000,782000.00000000000000000000,,Delivered,2026-06-18 23:55:42.102791+00
7c45b0a1-a4e9-4cc5-badd-21dddf29cc3d,a684b0b4-2098-4488-896f-46ca8fd156e6,84b0c7cb-ceec-4143-b73b-303d620ac111,2025-02-05,71be3019-2872-4e46-9e8f-941663554ca2,,1,781840,0.00000000000000000000,781840.00000000000000000000,,Delivered,2026-06-18 23:55:42.102791+00
9a7f0da8-e94d-4abd-8de2-c3bd38abfa05,3c258a73-7c60-4f67-84c2-0bd57dd9d51c,b304518b-e3cc-4ea4-852f-1679a66ea83f,2026-01-19,13434759-d4fc-4dc9-ad3b-480ab7211da2,,1,783300,0.00000000000000000000,783300.00000000000000000000,,Delivered,2026-06-18 23:55:42.102791+00
e26d3575-2832-45a0-a471-8f69e5ae214e,2180d047-5064-4ec1-b389-30d827d0d863,f9022cc6-4388-4810-b695-06261ac36cd6,2024-10-14,ee050b45-8c17-4d06-ba05-a7f64ed04dab,,1,780000,0.00000000000000000000,780000.00000000000000000000,,Delivered,2026-06-18 23:55:42.102791+00
757c1532-98c1-402a-9437-a1a296fda0f9,67f45d35-040c-4cbc-a20c-de5babbb6d08,8efb2c97-2f42-4cfa-ade6-a543da8125c4,2024-06-04,8da5249a-c2b8-48c3-b61c-12ecf6d898d8,,1,780000,0.00000000000000000000,780000.00000000000000000000,,Delivered,2026-06-18 23:55:42.102791+00
67461d57-24c8-4c58-9f25-abb48dfc3e0a,ef936483-4fa6-4f93-9400-df9f6cace095,0cb42848-cfdc-4d66-82d8-ed4381256a2e,2024-05-28,8da5249a-c2b8-48c3-b61c-12ecf6d898d8,,1,778000,0.00000000000000000000,778000.00000000000000000000,,Delivered,2026-06-18 23:55:42.102791+00
5d319232-5444-4c8a-9b9c-a8e261cfafea,3de6daf6-c330-4f1c-9a35-f091c664b4f0,0764661d-2ada-4564-9592-bc715865b987,2024-06-14,8da5249a-c2b8-48c3-b61c-12ecf6d898d8,,1,780000,0.00000000000000000000,780000.00000000000000000000,,Delivered,2026-06-18 23:55:42.102791+00
1f268f67-cf07-4f1a-8d69-5b765861a3cc,8e9ce9f2-5017-43ec-8f4b-fa41a1e28488,90aecea4-9e26-48a0-a3a0-46e5ff416904,2024-07-25,ee050b45-8c17-4d06-ba05-a7f64ed04dab,,1,774999,0.00000000000000000000,774999.00000000000000000000,,Delivered,2026-06-18 23:55:42.102791+00
332a6583-5b4f-4e12-bddd-065940811859,75c8461f-2f68-4b6a-a767-24daa9e4a5ba,5f846bb3-3285-4c94-ba3e-7bdf4de1abbb,2026-02-23,9ef1c398-08d9-42ff-a90f-e79958f2aadc,,1,776000,0.00000000000000000000,776000.00000000000000000000,,Delivered,2026-06-18 23:55:42.102791+00
1ab94e21-d18d-466f-8913-73239c4f146e,f7dba75f-cbbc-4c6e-a55d-709ee8ccd389,a24f298f-00fa-4b44-9f65-758c8aaaaf78,2025-08-25,71be3019-2872-4e46-9e8f-941663554ca2,,1,774512,0.00000000000000000000,774512.00000000000000000000,,Delivered,2026-06-18 23:55:42.102791+00
462c305e-9359-4a89-8131-977c3d68b507,c7818ad5-0068-4b3f-938b-d809855c9dfa,12b7c11c-cc8e-4f67-b245-d37e6893b665,2026-01-13,71be3019-2872-4e46-9e8f-941663554ca2,,1,772500,0.00000000000000000000,772500.00000000000000000000,,Delivered,2026-06-18 23:55:42.102791+00
7ab7fc6a-e68d-4b98-b792-ab7df426174b,2f09acc5-00d3-48c3-b91b-b354550fbdbb,8e8673e5-3895-4c81-8a45-1ec13622a966,2025-05-25,242b18b0-2b6e-4ef6-b311-fa29444b997b,,1,774000,0.00000000000000000000,774000.00000000000000000000,,Delivered,2026-06-18 23:55:42.102791+00
21d53647-4a17-45be-aa5d-bacd7a7fe239,e8815efc-4b18-4604-a044-3f95f35f2c72,1953c29a-fb64-424d-8e38-e2650176185c,2025-12-04,9c8577e0-bac5-40ed-ab97-d69d5aadb619,,1,774800,0.00000000000000000000,774800.00000000000000000000,,Delivered,2026-06-18 23:55:42.102791+00
d25ab2a6-8300-4ca0-849a-decd714151c7,a074a7bb-118f-47b5-85a6-838ccf29063d,d23fe198-8377-4463-8e5a-699e6b03f30d,2025-06-24,71be3019-2872-4e46-9e8f-941663554ca2,,1,772500,0.00000000000000000000,772500.00000000000000000000,,Delivered,2026-06-18 23:55:42.102791+00
65497896-7c07-459d-a91b-8ea310c2c474,5dbca95c-46da-4fe4-a820-04a655bba402,4589c70b-65f0-4ce7-99c5-29f0dea67347,2025-08-31,6e294634-9504-4be4-960e-df2f3ae4b416,,1,770287,0.00000000000000000000,770287.00000000000000000000,,Delivered,2026-06-18 23:55:42.102791+00
ff5ae713-7222-4df5-b981-3c2514a5cef7,a2181b38-4774-4b7a-88f8-917664806c1b,a10877ff-4182-4471-85bc-a07a5113bae4,2025-08-27,71be3019-2872-4e46-9e8f-941663554ca2,,1,771225,0.00000000000000000000,771225.00000000000000000000,,Delivered,2026-06-18 23:55:42.102791+00
5d1a5f1d-10d6-4915-a019-7693fc42c146,1b9419f5-2198-429f-a895-e7d996c166e3,9572c43b-8a80-452f-8806-bc05aaae6078,2025-07-01,71be3019-2872-4e46-9e8f-941663554ca2,,1,766850,0.00000000000000000000,766850.00000000000000000000,,Delivered,2026-06-18 23:55:42.102791+00
0246df70-b287-405b-a2df-2dc19b32c656,2ff354cd-3afe-4565-a60e-a72712af5e6e,ff99b47d-b8a9-4100-bbf8-9304b3455abf,2025-03-27,71be3019-2872-4e46-9e8f-941663554ca2,,1,764112,0.00000000000000000000,764112.00000000000000000000,,Delivered,2026-06-18 23:55:42.102791+00
629535a4-9737-445e-bab0-f1bbcc7eedf6,c85107fe-207f-41bb-9bc4-a87c28d2c63f,dd43eb45-eafb-490f-bd1b-100db59bee26,2025-08-11,a196000a-c83c-402d-8024-2a2c4dda447c,,1,760000,0.00000000000000000000,760000.00000000000000000000,,Delivered,2026-06-18 23:55:42.102791+00
064a63bf-ce36-48e0-a1d8-d2c7d11aeced,2c0bdb21-c20e-49b0-8b8a-874ad098d964,11f5974d-a382-472e-b4de-8f305f18406c,2025-07-27,99654bf2-99d2-4963-a48f-35d1eacc4352,,1,752499,0.00000000000000000000,752499.00000000000000000000,,Delivered,2026-06-18 23:55:42.102791+00
140ef9df-f983-4576-a860-d859c07f24e5,374628f7-f6ad-4885-bc10-4c9def421cfe,fe8faa4a-b55b-4659-98e0-4fc3e4aa1fef,2024-09-10,42d252ce-09ff-4009-912a-ee9ecb4bac8b,,1,749999,0.00000000000000000000,749999.00000000000000000000,,Delivered,2026-06-18 23:55:42.102791+00
c97eb72f-8e51-40be-a85c-a2ad6d8b00bd,75e927e7-6e6c-40c2-8034-b60c6f1ad76b,a811aefd-8244-41f9-a00a-db820ac77827,2025-07-23,d4686b2c-519c-4f5f-9839-c125dddade95,,1,746000,0.00000000000000000000,746000.00000000000000000000,,Delivered,2026-06-18 23:55:42.102791+00
ece2aca7-5b68-4d5f-9029-31198e4e97fc,12236125-e549-40d9-81f3-58485a1e9401,3befdb89-b830-4346-8042-f3356a7d0e95,2024-06-23,ccb49d47-ef18-415e-84ff-5119d836592b,,1,311000,0.00000000000000000000,311000.00000000000000000000,,Delivered,2026-06-18 23:55:42.102791+00
03d71131-4c54-460c-9165-51be771d604d,0be75fa3-c2d0-4ae0-875f-d03d27895c11,24de5425-a811-49b5-9ca3-3d36d7dd3262,2024-10-07,7f074738-5a84-4e01-9226-9a0acb1a86d8,,1,310625,0.00000000000000000000,310625.00000000000000000000,,Delivered,2026-06-18 23:55:42.102791+00
384dbe4e-4a0f-4328-a055-6e1dd858b5e8,3fffc3d3-26e6-4d5e-ae08-943975f940ad,8d018581-4d5b-4264-9d95-04e6d71fc35e,2024-10-18,71be3019-2872-4e46-9e8f-941663554ca2,,1,309600,0.00000000000000000000,309600.00000000000000000000,,Delivered,2026-06-18 23:55:42.102791+00
744bea52-1654-4d57-99c9-d0db0a623a0e,48d6d6a2-fd33-4535-b516-2dd2fbda6ef0,fc74b8e4-dff0-4334-a13f-3a483ec528b5,2025-12-25,71be3019-2872-4e46-9e8f-941663554ca2,,1,307665,0.00000000000000000000,307665.00000000000000000000,,Delivered,2026-06-18 23:55:42.102791+00
bad6baed-3290-4ea6-89d9-cf7ef066524b,6ba18da0-3f31-48ca-928b-3a75dce25441,d29b66d3-8270-485d-b9ca-d278cd4d4c16,2025-07-17,71be3019-2872-4e46-9e8f-941663554ca2,,1,306006,0.00000000000000000000,306006.00000000000000000000,,Delivered,2026-06-18 23:55:42.102791+00
29ec20c6-bdff-4aa2-b6b7-77fd7420f783,eeacd763-7df4-4576-8419-d949cd1ec952,4ef5c51a-7e0e-46a8-a2b8-096421e3c514,2025-02-17,71be3019-2872-4e46-9e8f-941663554ca2,,1,305360,0.00000000000000000000,305360.00000000000000000000,,Delivered,2026-06-18 23:55:42.102791+00
f9e41c2e-1ada-49f9-b5cd-faa85da93598,dc0a6bac-93b8-47e9-bb09-10a890d4c15d,dc3d8238-4747-475b-aa8c-a0044cf7f788,2024-09-10,271cdaa5-4d7d-46cd-9a43-7e3bb4bb922a,,1,303500,0.00000000000000000000,303500.00000000000000000000,,Delivered,2026-06-18 23:55:42.102791+00
cee0c519-fb15-451f-99d1-3d933d03c36b,dbecca47-d3cf-4ae2-9f53-60ec3dcd8c8c,5e6c9d73-3fa3-499b-84e1-01fd238b5626,2024-08-11,5bd75a72-6cce-49d2-8c36-efc22b10d1c2,,1,303000,0.00000000000000000000,303000.00000000000000000000,,Delivered,2026-06-18 23:55:42.102791+00
148964a1-5a68-4eab-a58e-aceee4fa8877,60fce9cc-7c23-4d30-95bd-681919cdeec6,fdda8669-4f39-4c00-9caf-006871d231f6,2024-12-09,71be3019-2872-4e46-9e8f-941663554ca2,,1,302850,0.00000000000000000000,302850.00000000000000000000,,Delivered,2026-06-18 23:55:42.102791+00
1433d6bc-d5a4-421a-977f-d3d81db2363d,01b2aef4-666c-4e7a-8053-980c5d37c4a7,74e84386-d4b3-4a3d-afc3-3fbb579334a0,2025-04-24,71be3019-2872-4e46-9e8f-941663554ca2,,1,301250,0.00000000000000000000,301250.00000000000000000000,,Delivered,2026-06-18 23:55:42.102791+00
9a9d89db-053f-455c-963b-50dc0af5c237,bf34c5dc-2d88-46ea-aede-f01e3efcc89d,d07df0fe-409d-4b58-a6c2-687bbc143ff7,2025-01-02,71be3019-2872-4e46-9e8f-941663554ca2,,1,300000,0.00000000000000000000,300000.00000000000000000000,,Delivered,2026-06-18 23:55:42.102791+00
83097fdf-9ded-450b-974a-c3127a4ee02b,96e13218-2263-42b3-b149-c2f6e8925991,4f60d673-5bf1-44be-8703-68a540f1cf7c,2025-04-25,71be3019-2872-4e46-9e8f-941663554ca2,,1,296800,0.00000000000000000000,296800.00000000000000000000,,Delivered,2026-06-18 23:55:42.102791+00
6167b710-2bcf-488d-9774-fb3bcfd67a7e,709f6d96-8619-4d77-839f-faacccaf99af,8b0829fb-1a2e-4ffd-b423-66084bd8cdb4,2025-10-02,71be3019-2872-4e46-9e8f-941663554ca2,,1,295650,0.00000000000000000000,295650.00000000000000000000,,Delivered,2026-06-18 23:55:42.102791+00
247be9a5-3989-49e1-aa62-c96c32f561d0,a27a2f8a-bd21-456f-b6b3-6d937e623175,0b965772-a686-4b4f-be92-db864cf31f85,2025-10-20,71be3019-2872-4e46-9e8f-941663554ca2,,1,294379,0.00000000000000000000,294379.00000000000000000000,,Delivered,2026-06-18 23:55:42.102791+00
a29ef76e-9c58-42b5-945a-793753cd504b,8d31b7d8-8f31-4477-b9a0-11027bf69c84,2a927caf-d57d-4709-b943-bc495c1512da,2024-10-30,e0140edd-1909-49ae-9bdf-d36e683f578d,,1,293550,0.00000000000000000000,293550.00000000000000000000,,Delivered,2026-06-18 23:55:42.102791+00
bed9573e-77ba-45f6-a8ea-1c9a802a664a,8b4a1705-6586-4b46-961d-380ffc1ebfe4,044a4398-657a-4945-8b13-fd0c5eb1e872,2026-01-23,46259c13-632d-449f-a96f-f1deab0e0046,,1,292000,0.00000000000000000000,292000.00000000000000000000,,Delivered,2026-06-18 23:55:42.102791+00
3f512822-6c8c-4e74-b9c9-542ea37073d9,a0edf5dd-f3c2-44da-8d17-c22621e3c99c,5b8a676c-5473-42ce-b164-61cacb12e8d6,2024-12-15,71be3019-2872-4e46-9e8f-941663554ca2,,1,291000,0.00000000000000000000,291000.00000000000000000000,,Delivered,2026-06-18 23:55:42.102791+00
5a1f0bca-6b71-4057-b8b6-224506fc7769,c2c5fae7-5b2f-4a48-a3df-773d1fe3394b,28eedffe-6af2-469e-a168-e85d0382a9ea,2025-05-20,71be3019-2872-4e46-9e8f-941663554ca2,,1,290250,0.00000000000000000000,290250.00000000000000000000,,Delivered,2026-06-18 23:55:42.102791+00
1428269b-16bc-40cf-b52a-6c99a5507943,ebc05dac-0eae-4f02-958f-b8ea135a4a7b,10192eb6-9336-4912-9cfc-90d9777d2d22,2025-10-06,71be3019-2872-4e46-9e8f-941663554ca2,,1,288750,0.00000000000000000000,288750.00000000000000000000,,Delivered,2026-06-18 23:55:42.102791+00
bdbd4ba1-994f-42ad-9618-d876ccfa7e5f,d872dd1a-b639-4068-8304-f215e88e434e,8bae6e0f-582b-4f80-857e-9e0dc8bd222b,2024-10-03,71be3019-2872-4e46-9e8f-941663554ca2,,1,287512,0.00000000000000000000,287512.00000000000000000000,,Delivered,2026-06-18 23:55:42.102791+00
4dc7e467-0d72-4c5d-b2af-2234e77f93a4,ed27859e-d86e-4915-b97f-2608d0b74b2a,bc090924-611e-4cd4-9068-35e9ce5ca13c,2025-12-16,e96db2f5-75f3-4573-9c7d-2862020fc1be,,1,286400,0.00000000000000000000,286400.00000000000000000000,,Delivered,2026-06-18 23:55:42.102791+00
3ecaa9ff-8d87-47d3-9da8-ef4feff36230,49dadbdb-4e60-435b-97cc-44caf30a373f,2e44c941-831f-45b8-b592-aa597b068966,2024-06-06,71be3019-2872-4e46-9e8f-941663554ca2,,1,283919,0.00000000000000000000,283919.00000000000000000000,,Delivered,2026-06-18 23:55:42.102791+00
654ddc4e-13bc-4232-b037-9bdfd5307bcd,427b534a-70b0-4bce-81de-634ec1c390d9,6a0a70d9-5886-4f18-83e0-aaeaa033e43a,2025-04-20,71be3019-2872-4e46-9e8f-941663554ca2,,1,283800,0.00000000000000000000,283800.00000000000000000000,,Delivered,2026-06-18 23:55:42.102791+00
0895c8a0-220c-4a36-a59e-d376be896651,108305d2-120d-4080-8134-7798733316ea,b919f470-0a8e-410d-bb14-057a9930f685,2024-06-05,71be3019-2872-4e46-9e8f-941663554ca2,,1,282250,0.00000000000000000000,282250.00000000000000000000,,Delivered,2026-06-18 23:55:42.102791+00
8adb1548-1a03-4e30-a5c1-ce6a5a991acc,c8d11367-889a-4d73-99c1-4f7c092d9da7,18c188bc-6a53-432b-ac55-99a7cb002c6c,2024-10-13,1b6208e2-3404-4731-877d-3e2d93821bb0,,1,280400,0.00000000000000000000,280400.00000000000000000000,,Delivered,2026-06-18 23:55:42.102791+00
6eb240e3-87e9-4239-8e76-67fba62d7780,3b530e37-7229-47c3-a436-3f7d7f22dad0,6f3cc5d8-5e45-48e9-8a39-8a91a3f59aaf,2024-10-06,4773b1ae-845f-4eba-a64c-a9dbebd5eb47,,1,279562,0.00000000000000000000,279562.00000000000000000000,,Delivered,2026-06-18 23:55:42.102791+00
e4227ef2-8c29-4036-a9f2-efbfe1bab7a7,fe47197b-1bf7-4278-99bf-0de04bafcf16,edb46b5c-9a23-433d-8685-56139f7e9284,2025-06-02,5d9668d3-223c-4cab-9204-86baf7004bed,,1,277500,0.00000000000000000000,277500.00000000000000000000,,Delivered,2026-06-18 23:55:42.102791+00
5fcbda1c-45ec-4c0c-8ed1-3c1d2fe7ec54,f71c78c2-8395-4b3e-98ec-a636ce1f3b91,6e319d5f-b0dc-46bb-9a03-cdedb772138c,2025-10-06,71be3019-2872-4e46-9e8f-941663554ca2,,1,277500,0.00000000000000000000,277500.00000000000000000000,,Delivered,2026-06-18 23:55:42.102791+00
0bd5c2ac-b348-48d0-97ea-5e98dca12c97,4cf556af-6d57-48a7-a57c-66bb6e712bba,9fd0b49a-dc44-40ad-a385-8e6391bcb111,2026-02-18,95c5d920-3701-494c-b8ec-568a66ffc4ad,,1,276500,0.00000000000000000000,276500.00000000000000000000,,Delivered,2026-06-18 23:55:42.102791+00
9b5c7422-a079-4b2c-9188-67ea7873b1a0,d9dedeca-188d-4d62-8431-8d6fa26f1865,d19f1bb2-35bf-4a97-91c9-86b4b2157a37,2025-08-08,71be3019-2872-4e46-9e8f-941663554ca2,,1,276050,0.00000000000000000000,276050.00000000000000000000,,Delivered,2026-06-18 23:55:42.102791+00
387514ed-03eb-46a9-a4ba-82819d3ba536,823104f7-21dd-4b05-a8cf-e6af18ff4a2d,79d996f5-7765-4464-93c0-3ca985c368ab,2025-05-05,61512ab1-0ef3-4a1e-87f7-c1818d094209,,1,275000,0.00000000000000000000,275000.00000000000000000000,,Delivered,2026-06-18 23:55:42.102791+00
e06b09be-0c4d-4963-9913-363171dcdbd6,a2ebf158-a177-45c3-b95f-36de443f9011,17004801-8395-4cc8-b64a-9d5133520d1a,2025-09-08,9c8577e0-bac5-40ed-ab97-d69d5aadb619,,1,273750,0.00000000000000000000,273750.00000000000000000000,,Delivered,2026-06-18 23:55:42.102791+00
57013d51-031a-4fed-be80-c6ddcb3a67ee,c35e0810-5fe2-419d-aaea-44dd3b38f040,4a177e43-ccdf-4ab8-a924-0768308e19a0,2024-11-04,71be3019-2872-4e46-9e8f-941663554ca2,,1,272750,0.00000000000000000000,272750.00000000000000000000,,Delivered,2026-06-18 23:55:42.102791+00
301b3818-d6cd-437e-b75d-5247d96a8057,ed48fc83-dd28-4abe-a346-231e3ab4d216,5611fb76-6fdf-4376-ae08-5364b6f2299b,2024-07-31,71be3019-2872-4e46-9e8f-941663554ca2,,1,271250,0.00000000000000000000,271250.00000000000000000000,,Delivered,2026-06-18 23:55:42.102791+00
05a60bda-30b3-4ab2-8cf8-aa23d4e50ca8,5a836f47-745d-4542-9f94-7624c166cfc8,907d00ab-b14e-4166-8c68-bd5d683280d3,2025-02-02,40f85701-0113-4092-bf94-71fce4830301,,1,270000,0.00000000000000000000,270000.00000000000000000000,,Delivered,2026-06-18 23:55:42.102791+00
e2595371-2685-4c13-b9a5-38c148eb1583,e9066985-d423-4392-879b-ef718e204894,dac2fd51-cdf8-499a-a2c2-170870a04f2a,2026-02-02,ebd4b889-4b94-4c8e-acde-8b3b5f560d31,,1,270000,0.00000000000000000000,270000.00000000000000000000,,Delivered,2026-06-18 23:55:42.102791+00
7b1a83e7-d27b-437c-a176-d128f7f791f4,1b943845-82e3-4820-8641-1ebf78e98e79,41b4017b-0d99-4d5e-a0b7-4ad700266fac,2024-12-01,71be3019-2872-4e46-9e8f-941663554ca2,,1,269500,0.00000000000000000000,269500.00000000000000000000,,Delivered,2026-06-18 23:55:42.102791+00
ea29b254-0fe5-4d5d-90e8-056ea41cf31d,1f12056e-f4fb-4cb6-b146-9489b750e233,78ef2169-3d69-4c0d-9d70-fe22b5cdd34d,2026-02-19,96b16a85-109f-4221-acc1-70fa87bccddc,,1,268500,0.00000000000000000000,268500.00000000000000000000,,Delivered,2026-06-18 23:55:42.102791+00
c1515ae6-4b77-48a9-9096-01feb0fb0a8c,e2c4e006-6e71-461c-80e4-586a5db796bd,c5046d3c-c28f-44ae-83c8-42fecfffbfd7,2026-01-28,e363fd6a-6b4d-4a1e-bc25-3407c67f6af1,,1,268500,0.00000000000000000000,268500.00000000000000000000,,Delivered,2026-06-18 23:55:42.102791+00
1e0749ab-f16d-4c3d-a453-d3aed3c16f66,21537518-26fc-4da8-8264-5300782d3249,78101aa7-d9a0-427b-b08d-f8cffee6edb5,2026-01-28,f83e8351-57ae-4284-99c8-3d0905e11e48,,1,268500,0.00000000000000000000,268500.00000000000000000000,,Delivered,2026-06-18 23:55:42.102791+00
f6fc9c8f-33d6-4b24-b493-763ff9b9ac1b,d6d25bb1-0c1c-4076-a003-4c63333e75c5,095cce03-5eac-4027-b9c4-fd5c4945f841,2024-07-06,71be3019-2872-4e46-9e8f-941663554ca2,,1,268500,0.00000000000000000000,268500.00000000000000000000,,Delivered,2026-06-18 23:55:42.102791+00
0fb4a96e-d7dc-49b3-a7e2-b66da0c8ec83,192a4f77-799e-4e70-9674-47727fec927c,79374ae2-1b97-4540-9980-72e93d5b945a,2026-01-14,8735ca05-6bd6-459b-a780-428ffe8dece4,,1,268500,0.00000000000000000000,268500.00000000000000000000,,Delivered,2026-06-18 23:55:42.102791+00
64c148d3-0581-4047-b737-6f8e5d4dcac2,4400e67b-225a-442b-9764-a645f7d608b8,389dac9a-b1ef-4db9-b2a7-0f77c6071bd0,2026-01-21,13434759-d4fc-4dc9-ad3b-480ab7211da2,,1,771299,0.00000000000000000000,771299.00000000000000000000,,Delivered,2026-06-18 23:55:42.102791+00
cf77e0d4-3601-4e3b-9480-75b925845d18,8d07231f-3ef9-477a-86d8-da64791134ba,2f6c74b9-6633-40e1-a3c4-9a8b5e53e709,2025-08-12,d4686b2c-519c-4f5f-9839-c125dddade95,,1,765000,0.00000000000000000000,765000.00000000000000000000,,Delivered,2026-06-18 23:55:42.102791+00
991004f0-9129-4833-844c-0c30e278cd53,0fa223cf-9810-4442-89e4-505610920324,8b935bcc-da9f-4db8-907f-c56e917b2c20,2024-11-21,71be3019-2872-4e46-9e8f-941663554ca2,,1,763000,0.00000000000000000000,763000.00000000000000000000,,Delivered,2026-06-18 23:55:42.102791+00
5d42df9e-b9cb-4146-83b2-b25ea3a9a4f4,25882979-4710-4af9-af5f-4f920fe0936d,42ab59c9-94e9-45e0-8c50-846c5e1a432d,2025-12-12,13434759-d4fc-4dc9-ad3b-480ab7211da2,,1,759080,0.00000000000000000000,759080.00000000000000000000,,Delivered,2026-06-18 23:55:42.102791+00
ecc6909f-c8e4-440b-a1b5-b91749f72e0c,8445cdd4-2713-46fc-ae71-213bd11158a9,781bc94d-4ac4-4502-b088-e83a9c6a9d21,2025-07-17,a196000a-c83c-402d-8024-2a2c4dda447c,,1,749999,0.00000000000000000000,749999.00000000000000000000,,Delivered,2026-06-18 23:55:42.102791+00
6c4152be-c6dc-4854-8ca4-5296cc8337c9,9514dfe5-28c2-4f03-85fa-192c52bc5a83,f2225a50-0570-4ed7-9234-732b39ab0923,2024-09-01,42d252ce-09ff-4009-912a-ee9ecb4bac8b,,1,749999,0.00000000000000000000,749999.00000000000000000000,,Delivered,2026-06-18 23:55:42.102791+00
55199e8d-b232-4f59-8806-a8552e3a40a1,8615b0ab-5b77-4118-af29-2e1489ac5417,b630428f-df63-4706-b428-c920e514d74d,2025-08-25,e99e6ca5-a4bb-4343-a635-49f04389ca2a,,1,740000,0.00000000000000000000,740000.00000000000000000000,,Delivered,2026-06-18 23:55:42.102791+00
13b5580f-4c06-4d65-b2b3-b8e900351805,cbb9b3fd-a33a-4d1c-8ddc-878c5829daaf,dd49e3d6-0d4f-42bd-899d-881a1805c554,2024-08-08,5bd75a72-6cce-49d2-8c36-efc22b10d1c2,,1,303000,0.00000000000000000000,303000.00000000000000000000,,Delivered,2026-06-18 23:55:42.102791+00
c551eb6f-13c5-4edb-ab17-a8923a9baa4e,8ce81bd7-7456-40aa-920b-7be59f35bb70,32b4de25-b508-47ed-8f66-c15326e4b162,2025-11-27,71be3019-2872-4e46-9e8f-941663554ca2,,1,302800,0.00000000000000000000,302800.00000000000000000000,,Delivered,2026-06-18 23:55:42.102791+00
264a0d98-2445-45b2-8fa8-0f5f02cd91e1,6f90cdfb-7b8a-432d-af6d-6d4fd1cbd0e8,463a650f-cff7-4176-84c6-ee610fc0912e,2025-08-31,242b18b0-2b6e-4ef6-b311-fa29444b997b,,1,300000,0.00000000000000000000,300000.00000000000000000000,,Delivered,2026-06-18 23:55:42.102791+00
bedddb4f-262c-4e42-87a7-2789ca902c3d,6c481b03-da23-4722-b19a-4f9a5f81e893,62dff6b9-ed65-4b86-a6e5-c7b6bb94ce5d,2024-06-12,71be3019-2872-4e46-9e8f-941663554ca2,,1,300000,0.00000000000000000000,300000.00000000000000000000,,Delivered,2026-06-18 23:55:42.102791+00
5c1d7a21-bf4f-4f5b-803b-8f24c395481c,9d58cc1d-26b3-4127-9456-a17e8263f759,357fed25-45a4-4242-843a-102e87485b7b,2025-07-27,71be3019-2872-4e46-9e8f-941663554ca2,,1,298000,0.00000000000000000000,298000.00000000000000000000,,Delivered,2026-06-18 23:55:42.102791+00
6ffe6b6f-64c7-490a-9516-2008c5a2d9ce,f81cb337-fa9f-4876-a186-ba4ca645e5a0,5ac0a1e3-aebf-4aba-8080-e95cf7110da9,2025-01-08,80dd1cba-db4a-4856-92ac-722a4b856b9f,,1,295500,0.00000000000000000000,295500.00000000000000000000,,Delivered,2026-06-18 23:55:42.102791+00
5126bb56-5c08-4673-9080-e4613786a674,217d6758-73f8-4092-89dc-12ce5f232560,9e759c44-66df-44ba-9984-da3c1119f540,2024-06-26,8da5249a-c2b8-48c3-b61c-12ecf6d898d8,,1,294353,0.00000000000000000000,294353.00000000000000000000,,Delivered,2026-06-18 23:55:42.102791+00
b21af4ac-1df2-4f44-888b-37cc015fa135,bf0068b6-177f-41ef-b4e0-9ae666d48366,a702d69d-6a03-467c-ade2-cb21616a4ebf,2025-06-16,94840a95-c5bb-495e-a6b6-b69f8754b8b8,,1,293000,0.00000000000000000000,293000.00000000000000000000,,Delivered,2026-06-18 23:55:42.102791+00
7c62a7db-f189-4824-95e3-889a5dfcafde,c0d8782b-36e4-405b-942b-dd4219787f0d,89eaa5e3-8a8f-41ea-af8b-bc48c13738e9,2026-01-23,46259c13-632d-449f-a96f-f1deab0e0046,,1,292000,0.00000000000000000000,292000.00000000000000000000,,Delivered,2026-06-18 23:55:42.102791+00
fbdea6c2-4649-4155-8ca4-96fd9cf2de81,d046d75b-b9da-4708-b5f9-146a1820db46,4046f3fc-a890-47c7-8043-052e0438431f,2025-06-04,71be3019-2872-4e46-9e8f-941663554ca2,,1,290937,0.00000000000000000000,290937.00000000000000000000,,Delivered,2026-06-18 23:55:42.102791+00
e8491f56-bf1d-4383-b7ed-d815ef1ab520,69040fc1-966c-44e9-b278-0c00149e5f28,db997cc4-dc01-4d03-9b67-cd3775f05325,2025-10-31,51bf73f4-c8da-4e75-b5c1-72b2dc1014a0,,1,290250,0.00000000000000000000,290250.00000000000000000000,,Delivered,2026-06-18 23:55:42.102791+00
2b3d152b-950e-44fe-94b0-8547d9710e2f,6aba9451-38e1-4c90-98f7-45bb26a25ea6,4b3526fb-7c7b-4622-8790-3e12135d3fed,2025-09-22,71be3019-2872-4e46-9e8f-941663554ca2,,1,288750,0.00000000000000000000,288750.00000000000000000000,,Delivered,2026-06-18 23:55:42.102791+00
003f2513-2941-44a9-856d-db4d6991d267,e46769de-9bc6-40db-b5d0-82556b9ff941,b3724455-da3b-478c-8367-d1b06bab37d7,2025-05-13,71be3019-2872-4e46-9e8f-941663554ca2,,1,287875,0.00000000000000000000,287875.00000000000000000000,,Delivered,2026-06-18 23:55:42.102791+00
8a43f2e2-8ce3-414c-a7ec-2f79bd42cdb6,fbdf02fb-495b-4c43-91af-6288499666ce,0a91c158-fd31-43e0-acdb-d56a0c4e78eb,2025-11-30,71be3019-2872-4e46-9e8f-941663554ca2,,1,285900,0.00000000000000000000,285900.00000000000000000000,,Delivered,2026-06-18 23:55:42.102791+00
d9159e71-caaa-45ae-904d-957918c9b22e,137dde0c-b6ea-4c63-8690-375e29059025,42c4d4b9-4fda-457c-98f8-780e41215023,2024-11-14,1b6208e2-3404-4731-877d-3e2d93821bb0,,1,284500,0.00000000000000000000,284500.00000000000000000000,,Delivered,2026-06-18 23:55:42.102791+00
224ffe00-e282-469e-92eb-2e2127e082e7,671ad394-b0de-43e4-b417-603278020921,33e3647f-5e82-4532-a40a-30aefcad22e6,2025-09-29,71be3019-2872-4e46-9e8f-941663554ca2,,1,283725,0.00000000000000000000,283725.00000000000000000000,,Delivered,2026-06-18 23:55:42.102791+00
37ef87f3-6498-429f-8f4a-48aa806f4e1a,b6426933-cb45-45e7-98fe-2083418afa75,fcac99e8-44dd-4172-a56d-58353b51cbfa,2025-01-16,71be3019-2872-4e46-9e8f-941663554ca2,,1,282500,0.00000000000000000000,282500.00000000000000000000,,Delivered,2026-06-18 23:55:42.102791+00
595a0322-a9c9-4617-b865-040031da0950,d04bf9ee-27c7-4e35-b3e3-6f3996bf1dce,7e7b497a-538a-4d6c-bcaa-d2a4ea9bfd0b,2024-09-06,80dd1cba-db4a-4856-92ac-722a4b856b9f,,1,280000,0.00000000000000000000,280000.00000000000000000000,,Delivered,2026-06-18 23:55:42.102791+00
94ced519-b0af-47d9-bff1-0833533089f5,23f9a57a-37cc-40b7-a1cc-4a0a1369b783,8aa525ab-01eb-4c82-9bd5-e60a21144f14,2025-03-25,e81165ad-05bb-4b73-9bde-443bc6e8b08a,,1,279300,0.00000000000000000000,279300.00000000000000000000,,Delivered,2026-06-18 23:55:42.102791+00
a7c1307f-98cc-492a-9014-3b016379f77f,7e53ba65-cdb2-4de1-8c62-43db222dc4af,9f23ccd4-3428-4985-949c-a79e0446bbdc,2025-05-05,94840a95-c5bb-495e-a6b6-b69f8754b8b8,,1,277540,0.00000000000000000000,277540.00000000000000000000,,Delivered,2026-06-18 23:55:42.102791+00
fe54f3c3-c9fe-4056-896c-20c464b9d386,b9b49772-ae5a-4445-8096-4ab63b23a177,2e333781-b863-4a42-9d74-4b263c8fa88a,2024-12-31,4981436e-024e-4995-a548-d32aefa7e1e8,,1,277500,0.00000000000000000000,277500.00000000000000000000,,Delivered,2026-06-18 23:55:42.102791+00
6efb3f73-e5a2-40e2-ab9e-c99658fa4622,4ebc13e6-3cba-4121-a771-e0206afc72e8,2cc3a0ee-d8d8-4ecb-9b6d-e75d165fd4ea,2025-11-10,6ef4fc76-da3f-4422-8a17-41c7ecd6dd4f,,1,276150,0.00000000000000000000,276150.00000000000000000000,,Delivered,2026-06-18 23:55:42.102791+00
8d15eac4-0d3d-4c0e-a5f9-fb784fe0aeef,134699e6-8c0b-4ec6-8f9e-653f58b6c27c,435cd638-b3cc-4669-9999-c8c1a2642332,2025-05-30,935452e3-cd62-48f6-8240-a237fbb049e2,,1,276000,0.00000000000000000000,276000.00000000000000000000,,Delivered,2026-06-18 23:55:42.102791+00
ec4d864a-fabb-4922-9b90-3119e9cac2be,e8a970c0-70c7-438d-8dcd-90711b2bde49,855e619f-6a8c-428b-bcb0-001d7cf71ecd,2025-05-11,71be3019-2872-4e46-9e8f-941663554ca2,,1,275000,0.00000000000000000000,275000.00000000000000000000,,Delivered,2026-06-18 23:55:42.102791+00
fd95e77f-15f2-4834-9815-6fbe090369a2,8fe3ba5a-4493-4753-bccd-32bfe54685d7,e7cbd27f-eb20-4431-95b2-29ca97f9dc0e,2025-10-19,51bf73f4-c8da-4e75-b5c1-72b2dc1014a0,,1,273645,0.00000000000000000000,273645.00000000000000000000,,Delivered,2026-06-18 23:55:42.102791+00
e7374b35-769b-4555-a1d9-3a135c67636a,66956f30-9635-4a86-9954-665b7e39791e,2799c0e5-2e2c-4d2a-9438-4b7f38716a4b,2026-01-28,628bcaf4-621f-4082-9aff-5ac50eb5f547,,1,272500,0.00000000000000000000,272500.00000000000000000000,,Delivered,2026-06-18 23:55:42.102791+00
fb40910b-3599-4ad8-86d7-2d8378395d66,24a8efac-3cf9-4721-8a75-a21fc701af82,77524bf7-dec6-4af6-9dee-f26a776e5fe6,2024-05-29,db025b00-0042-4eab-ac2b-1486ac11df9c,,1,271150,0.00000000000000000000,271150.00000000000000000000,,Delivered,2026-06-18 23:55:42.102791+00
cc35d4fc-0323-4281-9ecb-3c62b72e1be0,675300c3-95c3-497f-9fa1-13fb4e39e662,5795d917-1a51-4c10-aaa3-1ce5cd1e44a7,2024-12-16,40f85701-0113-4092-bf94-71fce4830301,,1,270000,0.00000000000000000000,270000.00000000000000000000,,Delivered,2026-06-18 23:55:42.102791+00
3c1045d8-02d5-45cf-b031-846411d1a8bf,c8a97394-219b-4822-bce0-0da93d17c41b,56c252ba-45c8-4967-a1f8-b616bc77a5f8,2026-02-03,ebd4b889-4b94-4c8e-acde-8b3b5f560d31,,1,270000,0.00000000000000000000,270000.00000000000000000000,,Delivered,2026-06-18 23:55:42.102791+00
d3f23d8c-701d-49b6-a975-1a661db1e49a,ccf1ac22-1982-4506-87b5-71368079c037,4d0c0118-cbaf-471b-a5eb-4ae799db5ace,2024-12-06,271cdaa5-4d7d-46cd-9a43-7e3bb4bb922a,,1,269500,0.00000000000000000000,269500.00000000000000000000,,Delivered,2026-06-18 23:55:42.102791+00
50cd1024-eba1-4a9c-8d9a-06fb2dfba74e,24eaf72b-324f-4aec-9435-f70d14c99916,4386a6dd-ed40-41eb-8158-7916e47921b5,2026-02-06,077d9584-8f05-42cb-90f1-1e17bab1db5e,,1,268500,0.00000000000000000000,268500.00000000000000000000,,Delivered,2026-06-18 23:55:42.102791+00
b193f7fb-5bca-4596-9764-6c228289a752,950d4e12-ccda-441d-b10a-9d75b750b88c,53a86ea0-52ed-452e-bba0-db53de92fadf,2026-02-19,979665cd-4976-4bf0-87cf-b926c5ce93c7,,1,268500,0.00000000000000000000,268500.00000000000000000000,,Delivered,2026-06-18 23:55:42.102791+00
b92de0bc-9112-43df-8313-0c9d92ef9038,e8f5ca84-9208-4edb-9f37-59c00fc1abfe,6873e8e8-5e10-4450-9a2e-7c9abbf194a3,2026-01-20,ad9a5ae4-bea9-4ae4-ac63-464ff555e655,,1,268500,0.00000000000000000000,268500.00000000000000000000,,Delivered,2026-06-18 23:55:42.102791+00
4c9e1f29-9662-4ba5-8c39-b583c57ebeb4,184ea053-dc48-4dd0-b9b7-025e0642bbca,93499fbb-0569-4a3a-a188-510196f82e83,2026-02-02,58c876c6-a52e-47a3-a7d8-ff1b4f03929b,,1,268500,0.00000000000000000000,268500.00000000000000000000,,Delivered,2026-06-18 23:55:42.102791+00
cf4a0189-eb66-4e25-a997-2423ba482c72,71715a27-2c08-4609-a14a-a2f52fe76617,d96fdd5b-172b-4e6d-ad30-61a0de50f000,2025-12-29,f1e51592-40e6-4c0e-ba12-f1e4bfda0f43,,1,268500,0.00000000000000000000,268500.00000000000000000000,,Delivered,2026-06-18 23:55:42.102791+00
9e4371ae-8804-40c8-ad79-2c4529d43c76,a6390904-bd5e-4ca9-87b9-c1ea1df513f2,8ab64011-11d7-4667-8106-bc72cd393f64,2025-03-06,d70a1f63-f837-43a6-9a85-e5c926dd4536,,1,268000,0.00000000000000000000,268000.00000000000000000000,,Delivered,2026-06-18 23:55:42.102791+00
f0fb997e-dd80-46af-86dc-7e2830a6015c,feb1c422-93af-498c-88da-3b78b9d82f24,7536538a-28f8-4cc9-adb8-123c919aed94,2026-01-16,aaeb0740-87f4-4b33-8b8a-50dd7e46d35f,,1,267400,0.00000000000000000000,267400.00000000000000000000,,Delivered,2026-06-18 23:55:42.102791+00
4b8a2a52-e829-4a4d-9c5d-60958369c08a,d1faab75-c954-4d13-89c3-8da3b364c2ea,acbb643c-1459-4903-bed2-6a52d2cf961e,2025-09-19,71be3019-2872-4e46-9e8f-941663554ca2,,1,267000,0.00000000000000000000,267000.00000000000000000000,,Delivered,2026-06-18 23:55:42.102791+00
0f3b1f0b-a551-4a8a-86c8-203dd98d9981,6aedd508-b149-44d1-8220-15c26821c174,b023000e-f55c-4f55-af41-07cc98efd98e,2024-06-21,71be3019-2872-4e46-9e8f-941663554ca2,,1,266300,0.00000000000000000000,266300.00000000000000000000,,Delivered,2026-06-18 23:55:42.102791+00
abfdb8a8-b77a-4301-bc33-29e4330951af,140b53f0-f4db-4363-b14c-8dedca89f875,dc006403-9b5e-4daf-9f0f-4d2ca435503a,2025-06-03,acc76122-192c-47ad-adaa-9c9babc33160,,1,265500,0.00000000000000000000,265500.00000000000000000000,,Delivered,2026-06-18 23:55:42.102791+00
937a5423-5dec-466a-bfbe-d369b464695d,29877e0f-93c8-4c93-af9c-6e44c16f3e22,e78402c8-d8a3-4ba8-8ed1-565da51c057f,2024-06-25,8da5249a-c2b8-48c3-b61c-12ecf6d898d8,,1,264000,0.00000000000000000000,264000.00000000000000000000,,Delivered,2026-06-18 23:55:42.102791+00
38430f35-7b2b-40fb-b9f3-69112cca8854,a6df440f-9e5f-4a39-944d-5b21422ae71d,ef10b11e-63da-475b-8348-764a01d7ce28,2025-06-27,71be3019-2872-4e46-9e8f-941663554ca2,,1,264000,0.00000000000000000000,264000.00000000000000000000,,Delivered,2026-06-18 23:55:42.102791+00
d56ecbf9-c136-4009-a43b-3598df9bc23c,46274d70-3fa1-43ce-8c5f-944ba24bb45d,76326c12-bcd7-45cb-bde1-0d1718cf355d,2025-09-11,71be3019-2872-4e46-9e8f-941663554ca2,,1,770000,0.00000000000000000000,770000.00000000000000000000,,Delivered,2026-06-18 23:55:42.102791+00
b844ad2b-6d58-47a8-ad48-6bbf2ca33682,9f3cde11-6b1c-4f33-bbf0-d9efbe9daefa,8a9b20e1-dd2d-4146-841c-4ad3689c8a08,2025-12-12,71be3019-2872-4e46-9e8f-941663554ca2,,1,765375,0.00000000000000000000,765375.00000000000000000000,,Delivered,2026-06-18 23:55:42.102791+00
ca399128-7dd5-4374-9081-782fc75a9ebf,06d95e82-274c-428f-8ccf-6ca3e89a16ac,c0ab4cd5-2f9d-4f3f-9ec2-eed76c69b6a0,2025-05-25,71be3019-2872-4e46-9e8f-941663554ca2,,1,764625,0.00000000000000000000,764625.00000000000000000000,,Delivered,2026-06-18 23:55:42.102791+00
ad492b40-70a3-4030-964a-999e21aed6a3,da5f1c53-6826-49cf-bec4-1257e6167387,ae0a5f76-f093-40b2-999b-4177c7d16c58,2025-02-14,71be3019-2872-4e46-9e8f-941663554ca2,,1,754097,0.00000000000000000000,754097.00000000000000000000,,Delivered,2026-06-18 23:55:42.102791+00
1da7928f-e229-430e-9594-c9cadea8a9a2,f9f95890-239c-4af2-b699-7453014404e7,f5319890-d611-4ed6-990d-fe10973d739c,2025-04-23,22f3c314-4681-438c-96f5-2c089289e523,,1,752500,0.00000000000000000000,752500.00000000000000000000,,Delivered,2026-06-18 23:55:42.102791+00
339eb4c1-f9b6-4917-84ad-b660dda54063,5dbb23df-3b0b-4efd-9db9-58ce28111e12,c128ad52-7249-4c26-87e2-c782840feb63,2024-07-28,ee050b45-8c17-4d06-ba05-a7f64ed04dab,,1,749999,0.00000000000000000000,749999.00000000000000000000,,Delivered,2026-06-18 23:55:42.102791+00
36102c14-cc6f-48a4-9a37-9ea6a81bb3db,ebbe3a78-e0f9-4a1f-9a86-588927e39ac7,44dbe6f5-6ef6-4d61-9103-cbc8bbd44248,2025-10-27,e68871a8-18d6-4060-964c-f5ee029055bd,,1,748000,0.00000000000000000000,748000.00000000000000000000,,Delivered,2026-06-18 23:55:42.102791+00
28004225-abdf-483b-bc34-b93f8514bdcf,9b21a233-db9f-41ae-91f3-d1d8015de1bc,a45e3295-795f-4d4b-bf8b-34eaf06dbdf5,2025-04-22,94840a95-c5bb-495e-a6b6-b69f8754b8b8,,1,303000,0.00000000000000000000,303000.00000000000000000000,,Delivered,2026-06-18 23:55:42.102791+00
8a927fd0-eae4-4e52-9ee6-5dcd21a2e983,49d48842-601f-4b88-be17-d3fada58f691,4a1bc48e-4fd2-4da3-8ca9-66180c5fbeea,2024-07-30,5bd75a72-6cce-49d2-8c36-efc22b10d1c2,,1,303000,0.00000000000000000000,303000.00000000000000000000,,Delivered,2026-06-18 23:55:42.102791+00
c26d506c-5ada-4fbd-ab2a-b49beaaaa0b0,12e7676a-b033-4c02-9c23-70fec1942fec,eceedbeb-e9b8-41ff-969e-0e18e3980376,2024-12-31,e0140edd-1909-49ae-9bdf-d36e683f578d,,1,300000,0.00000000000000000000,300000.00000000000000000000,,Delivered,2026-06-18 23:55:42.102791+00
6aa6051d-7a62-4357-895f-38e75f80afe3,62945194-29c5-4940-91c3-f43cabb9217b,baf5d02c-625a-4aaf-bd51-3fda76f93454,2026-01-13,71be3019-2872-4e46-9e8f-941663554ca2,,1,299250,0.00000000000000000000,299250.00000000000000000000,,Delivered,2026-06-18 23:55:42.102791+00
14c710b2-40ee-446e-b93e-482313ac7f6e,e837b5a8-2174-482f-8d81-71c095f9145a,b883f78a-7a34-4271-b434-08fa347d398e,2025-01-03,b451812e-f688-4528-9863-43ab65ad904e,,1,296600,0.00000000000000000000,296600.00000000000000000000,,Delivered,2026-06-18 23:55:42.102791+00
6b36f497-16c8-49de-ac26-f1563f430588,eac25e98-38ce-4948-b0aa-cf309016e52f,bdbd0ea9-7cdf-4e24-8eab-49a53f1a7c90,2025-11-26,f1e51592-40e6-4c0e-ba12-f1e4bfda0f43,,1,295350,0.00000000000000000000,295350.00000000000000000000,,Delivered,2026-06-18 23:55:42.102791+00
9e4120d4-8b28-4c3b-985a-1278ec9cb890,ab1b239b-854a-444b-99fc-1bc63da332b5,625855ee-7ef9-4cf6-b266-3be1ef5c78fc,2024-09-27,71be3019-2872-4e46-9e8f-941663554ca2,,1,294000,0.00000000000000000000,294000.00000000000000000000,,Delivered,2026-06-18 23:55:42.102791+00
740ddbed-4ba3-4446-b4e0-ce59d22e7a1b,720c61db-f78e-4159-876d-4d53fa1d0980,fd65c474-4b7c-404e-ad94-d1a94d013eb3,2024-10-10,71be3019-2872-4e46-9e8f-941663554ca2,,1,293000,0.00000000000000000000,293000.00000000000000000000,,Delivered,2026-06-18 23:55:42.102791+00
43b5d3a3-bb60-4bc6-b2b1-996dce2214ce,48d5c8be-ad79-4b77-ae87-a4bcf92b6468,5e20c8e6-3bb9-416b-8e7c-445e0cecd025,2025-03-03,acc76122-192c-47ad-adaa-9c9babc33160,,1,292500,0.00000000000000000000,292500.00000000000000000000,,Delivered,2026-06-18 23:55:42.102791+00
ffad6f73-b9b7-4216-a204-2c212710a2e8,1fb8c606-69fc-4265-ae62-433b8bcd7137,83ac119b-53a3-485b-9525-99bfe87d7720,2024-07-08,694b1c49-614a-495f-928f-2c1ce8e477cb,,1,290400,0.00000000000000000000,290400.00000000000000000000,,Delivered,2026-06-18 23:55:42.102791+00
3e7da7ac-c60c-4696-97f5-7af9affb78ad,d902cdc0-f0b0-49d4-a281-f01c8db81bae,735db1f3-9378-4631-b375-2db5d1f23cc7,2024-12-19,71be3019-2872-4e46-9e8f-941663554ca2,,1,289999,0.00000000000000000000,289999.00000000000000000000,,Delivered,2026-06-18 23:55:42.102791+00
5e3c1424-2ae3-4278-95bd-4a7b881d9f72,e90508b2-e06a-4d86-a73e-e02dea304635,417c6e2f-4662-40fc-b315-64cbba766977,2024-07-06,71be3019-2872-4e46-9e8f-941663554ca2,,1,288212,0.00000000000000000000,288212.00000000000000000000,,Delivered,2026-06-18 23:55:42.102791+00
fa3dc8ad-c46e-4cd5-84e4-524f928ec63a,e187e5aa-f9d8-46c4-98e6-a944e8c5d336,854166b2-636f-4386-a5ac-0300de6b9d6d,2025-06-22,2bc5bcfb-185f-4a64-95b6-32efd7cfec25,,1,288000,0.00000000000000000000,288000.00000000000000000000,,Delivered,2026-06-18 23:55:42.102791+00
bdef6f97-6afd-4cfd-b2f8-299896e32896,32c2910e-1612-4c0c-9ef5-e73064594709,b7402007-9bd8-4692-bb76-3ab843c0f7b3,2025-12-03,96b16a85-109f-4221-acc1-70fa87bccddc,,1,285139,0.00000000000000000000,285139.00000000000000000000,,Delivered,2026-06-18 23:55:42.102791+00
e6a35498-3c4f-48fe-b6d8-3749298fad00,3c811f99-9b83-48f1-8dd7-9fa5076b9231,c24ac666-f523-4afd-a84a-0602922f57ac,2025-05-29,2941bd55-d0d4-4e91-b8ac-781bc32cf76e,,1,284000,0.00000000000000000000,284000.00000000000000000000,,Delivered,2026-06-18 23:55:42.102791+00
ecca6887-013e-49d8-a34e-e401e67bc9e0,f56cb300-7465-4322-a190-90e4e7012fb0,b8ca56d4-b5f3-4fc3-a3e9-ec50bfa23813,2025-11-16,51bf73f4-c8da-4e75-b5c1-72b2dc1014a0,,1,283430,0.00000000000000000000,283430.00000000000000000000,,Delivered,2026-06-18 23:55:42.102791+00
998d5b29-108c-441a-8aea-76b90c2a90ef,1439a69b-04d2-4435-b0d0-4133c3b95c07,15315f6f-0c6a-4007-b836-3bbde1bc022b,2025-10-31,bcbaec73-638e-4901-a191-927ebd500743,,1,282000,0.00000000000000000000,282000.00000000000000000000,,Delivered,2026-06-18 23:55:42.102791+00
f2c3cb47-619a-485a-9df0-c2c7ca4f0782,7265de1f-7283-40ad-bddd-abbbcf6bc781,a50a23e5-020d-4397-b2c8-ffdaa9770938,2025-09-11,51bf73f4-c8da-4e75-b5c1-72b2dc1014a0,,1,280150,0.00000000000000000000,280150.00000000000000000000,,Delivered,2026-06-18 23:55:42.102791+00
4612ebad-e013-45f8-b32f-cfb31098f6b5,0703a2cd-55af-4528-a024-7fa6c73041b6,92993f1e-cf45-42cc-9f85-c8ea4531a4b6,2024-06-09,8da5249a-c2b8-48c3-b61c-12ecf6d898d8,,1,279240,0.00000000000000000000,279240.00000000000000000000,,Delivered,2026-06-18 23:55:42.102791+00
d7e2b8f5-901b-4f36-a4ab-a7db448cc178,6e53f90a-6cb5-45dd-9721-68fa6a02a79f,c22dd801-33b3-4879-b6a7-cd8e651e7a2a,2025-11-11,be6aebf8-8a0f-4527-a9d4-d94f09f3c93a,,1,277500,0.00000000000000000000,277500.00000000000000000000,,Delivered,2026-06-18 23:55:42.102791+00
8da45852-e54c-4555-a00e-63884b9a2cb5,6e7fa843-f7cd-43ef-ba5b-fdbb4ba68111,3b1acf55-3668-4dbd-a77c-4c9953a84e75,2026-01-23,628bcaf4-621f-4082-9aff-5ac50eb5f547,,1,277450,0.00000000000000000000,277450.00000000000000000000,,Delivered,2026-06-18 23:55:42.102791+00
a3847cca-a243-4fef-b348-1ccfb6c7e01d,4595ca8c-0632-43c9-9bc8-cfd4ebc0b0fb,f0122df5-a8bd-436a-964e-ac12bbafa9c2,2025-02-03,71be3019-2872-4e46-9e8f-941663554ca2,,1,276500,0.00000000000000000000,276500.00000000000000000000,,Delivered,2026-06-18 23:55:42.102791+00
b3bbd177-3cba-4d4d-8834-f68f50180491,33b917d9-f85b-4d58-8438-d1ef40423464,ad68e470-0847-48d1-9e9c-9d323c4ad1f0,2025-09-26,71be3019-2872-4e46-9e8f-941663554ca2,,1,275737,0.00000000000000000000,275737.00000000000000000000,,Delivered,2026-06-18 23:55:42.102791+00
be14cfb1-af63-4a2c-9792-71fcfa3ec415,68863ac5-9d2f-497a-b9e4-7559428cfc1d,9e340cad-2608-4eb0-b4bd-4b6e080cc1fe,2025-02-11,b68482aa-3798-4bc4-96c2-ae22f9e1f162,,1,275000,0.00000000000000000000,275000.00000000000000000000,,Delivered,2026-06-18 23:55:42.102791+00
20e50dbb-ec0f-41d1-9527-77bcdd47478b,ff165e3a-eeab-405b-aeec-2fceb90f4cfb,8c0176b8-d251-42d4-85da-c071d572fa94,2025-11-13,51bf73f4-c8da-4e75-b5c1-72b2dc1014a0,,1,273060,0.00000000000000000000,273060.00000000000000000000,,Delivered,2026-06-18 23:55:42.102791+00
7ce0c44f-bdef-4ee5-b086-5e4c2b84e229,56f1f99b-b2dd-4778-b966-f8db4577b5c3,af590d15-08e3-44d2-a67b-0b1999431bd6,2025-04-04,831be7e0-3cb9-492d-9bc6-2df6548e5db2,,1,271740,0.00000000000000000000,271740.00000000000000000000,,Delivered,2026-06-18 23:55:42.102791+00
ccee6adb-a3c3-4cc0-be23-b4a0dd411c0f,41c6f636-8d56-4e7d-a27c-9c749451f289,69b5be38-fe4e-47c6-8939-785d533148e4,2025-01-13,b68482aa-3798-4bc4-96c2-ae22f9e1f162,,1,270250,0.00000000000000000000,270250.00000000000000000000,,Delivered,2026-06-18 23:55:42.102791+00
c070cbfa-7803-496c-84dc-88a9b0bbd615,371962b2-54a7-4ccd-9591-14a8da868b8f,8dd5eea8-82b8-497b-97ed-b909697ca65b,2024-11-19,40f85701-0113-4092-bf94-71fce4830301,,1,270000,0.00000000000000000000,270000.00000000000000000000,,Delivered,2026-06-18 23:55:42.102791+00
fe2ade88-9819-4607-b363-303531631cc4,4626fcac-8642-4abe-9cdc-8478db9da441,897f5b38-4b00-44bb-bc21-64c7196b2181,2026-02-19,71be3019-2872-4e46-9e8f-941663554ca2,,1,270000,0.00000000000000000000,270000.00000000000000000000,,Delivered,2026-06-18 23:55:42.102791+00
97baa180-f82c-4110-8e97-1b76fca2d4cd,581e5c85-ce8d-46e1-b8a7-260104fd93fb,4ff5a15f-7cf0-47f3-a1f9-dc1c8175b96b,2024-12-10,e0140edd-1909-49ae-9bdf-d36e683f578d,,1,268600,0.00000000000000000000,268600.00000000000000000000,,Delivered,2026-06-18 23:55:42.102791+00
b0542fd4-2c27-44a3-abfd-d4e090d41ca4,bb6a78b7-4b3a-4edc-8def-08ee9805a214,ec284e5d-7d17-4f1b-acf1-db6a9f37e7bb,2025-10-06,51bf73f4-c8da-4e75-b5c1-72b2dc1014a0,,1,268500,0.00000000000000000000,268500.00000000000000000000,,Delivered,2026-06-18 23:55:42.102791+00
6989fc9e-bca9-4935-ac69-d6dfff6de01b,29e33329-0ce7-4d31-b89d-71540f40b1a2,879672f7-1577-4c7e-b28f-0f908e8a2685,2026-02-06,979665cd-4976-4bf0-87cf-b926c5ce93c7,,1,268500,0.00000000000000000000,268500.00000000000000000000,,Delivered,2026-06-18 23:55:42.102791+00
160aadbb-ff05-4322-89f0-6258a0a644e5,81231523-5ff2-4e4c-a5bf-b4a6912377b0,5940dd84-9045-4163-ae6b-bd82dee801b4,2026-02-25,71be3019-2872-4e46-9e8f-941663554ca2,,1,268500,0.00000000000000000000,268500.00000000000000000000,,Delivered,2026-06-18 23:55:42.102791+00
5c83bd21-f9ec-46ad-b61d-a6707e2f01c3,beba6bb6-cf43-42ac-8235-3a8dae675ffb,7a22a78a-1613-4761-804b-191a40c78107,2026-01-14,add3d1ff-35de-4335-a95b-9db45afafaaa,,1,268500,0.00000000000000000000,268500.00000000000000000000,,Delivered,2026-06-18 23:55:42.102791+00
683dbd6c-373d-4be5-81d4-4b0d9148d448,3d3764c0-2b17-464d-b1b2-45ae61e2e550,7cab78d4-84c5-4138-a4f5-47864258dbff,2026-01-29,bf7ad4b0-16b4-4783-9a9c-aba5665797fe,,1,268500,0.00000000000000000000,268500.00000000000000000000,,Delivered,2026-06-18 23:55:42.102791+00
a1e24dfc-cba0-4158-8d94-25a44a842127,56d66f55-29c3-4039-9637-04dc8f626eb8,f495820e-9f3d-4875-a7b1-b5431561fcef,2026-01-30,eee8508b-403d-4e9d-a833-a1c0cc370a93,,1,268500,0.00000000000000000000,268500.00000000000000000000,,Delivered,2026-06-18 23:55:42.102791+00
66c7e052-1468-4715-a933-00ef9a8b7088,09d0b282-ba91-40fd-a3c1-909ea7cd18b8,68234b3f-d1b0-4a6a-b4d3-75aae98fd7d5,2025-09-12,6bfd0ec9-30f4-495c-b104-f19a6d20505a,,1,267000,0.00000000000000000000,267000.00000000000000000000,,Delivered,2026-06-18 23:55:42.102791+00
9510d49d-60d4-4e99-bf2b-f08d0b6a2c19,f6e7ab51-926d-4c2a-bcba-2f0dd87eb48d,be51f518-0345-42e5-92f7-d61b74e22830,2025-09-09,71be3019-2872-4e46-9e8f-941663554ca2,,1,267000,0.00000000000000000000,267000.00000000000000000000,,Delivered,2026-06-18 23:55:42.102791+00
d96fd3aa-18dd-402b-8305-c865c78b6821,d45a6ade-ce72-4346-be2d-58943df6cb54,b8426c34-f452-4c44-80e3-cbc100b510ea,2025-11-19,e363fd6a-6b4d-4a1e-bc25-3407c67f6af1,,1,266369,0.00000000000000000000,266369.00000000000000000000,,Delivered,2026-06-18 23:55:42.102791+00
b4b9015e-6f91-40cb-af39-84083f0f2a74,3ff092f0-7699-4da8-9bfa-8bec1c75a67d,765672f6-7276-4413-96be-608f26eb49ff,2024-07-23,1a43f43a-c716-459f-80a5-52348231fcd0,,1,265500,0.00000000000000000000,265500.00000000000000000000,,Delivered,2026-06-18 23:55:42.102791+00
1dda3418-f16e-4cbf-8e47-00df2e37c5c7,6ff219fb-87d0-475f-bda1-c43b53e830a6,44626ebb-4c27-4a91-860d-a5d7fd1fbeff,2024-06-25,8da5249a-c2b8-48c3-b61c-12ecf6d898d8,,1,264000,0.00000000000000000000,264000.00000000000000000000,,Delivered,2026-06-18 23:55:42.102791+00
85e3205a-2593-4662-8819-a44730cc006d,7ad90319-8628-4016-89dd-28c5e2a11506,830da0cd-dd5b-4dfb-b442-c8be9f7087d4,2025-08-05,077d9584-8f05-42cb-90f1-1e17bab1db5e,,1,264000,0.00000000000000000000,264000.00000000000000000000,,Delivered,2026-06-18 23:55:42.102791+00
ec8469c0-c182-412d-ac09-3b21e759d71a,88e0c8a6-a81e-447e-85d0-ec2be878d559,5e5d460f-38d5-482e-8ab8-7a6adde6f533,2025-11-23,917661e1-3ddc-4cdb-882a-56e83978c161,,1,769400,0.00000000000000000000,769400.00000000000000000000,,Delivered,2026-06-18 23:55:42.102791+00
df0d8a42-20a2-4091-bd35-7afd66a50541,e8769730-27b5-4d07-813f-5aa38b75faf4,5c2c0276-41b8-4dec-9b44-1c3ee539fab9,2025-11-20,ec31354d-a2f1-4014-9b0b-848354b1844d,,1,769400,0.00000000000000000000,769400.00000000000000000000,,Delivered,2026-06-18 23:55:42.102791+00
621704ce-7e81-441d-9bc6-578194f016bc,32b847e3-b247-4470-a664-547a6db36ff9,84b836d9-8b7f-4c21-b14a-fb44555e222f,2024-10-11,ee050b45-8c17-4d06-ba05-a7f64ed04dab,,1,762499,0.00000000000000000000,762499.00000000000000000000,,Delivered,2026-06-18 23:55:42.102791+00
1a518f44-67a7-475c-8335-97212ca0b92e,4bd692c3-7995-431e-8883-594b8ba933ca,d3261069-ce61-4029-9518-de42c791f2fd,2025-06-03,242b18b0-2b6e-4ef6-b311-fa29444b997b,,1,762000,0.00000000000000000000,762000.00000000000000000000,,Delivered,2026-06-18 23:55:42.102791+00
2816663f-b8e3-46af-8838-577c1c48c032,246f14d8-4353-4757-9e5e-c89a36d6b4e3,179fc4e4-81a4-4931-966c-822c2b29ce87,2024-10-16,a196000a-c83c-402d-8024-2a2c4dda447c,,1,749999,0.00000000000000000000,749999.00000000000000000000,,Delivered,2026-06-18 23:55:42.102791+00
1ad9f292-8fec-4acd-b136-79b19787598c,5fe91a1d-40bf-4a51-9d61-51de02fdaac2,97b6f624-bd02-4266-adc8-bb3936ecb63d,2024-08-30,42d252ce-09ff-4009-912a-ee9ecb4bac8b,,1,749999,0.00000000000000000000,749999.00000000000000000000,,Delivered,2026-06-18 23:55:42.102791+00
4cded1a8-03c3-48c8-a6b9-013481d5e2ac,8a6c0e95-f6ff-41d6-9b08-b29c9a0081b4,90185b22-63da-49d7-a21b-063b5dc5400d,2025-08-03,99654bf2-99d2-4963-a48f-35d1eacc4352,,1,742525,0.00000000000000000000,742525.00000000000000000000,,Delivered,2026-06-18 23:55:42.102791+00
7bfd50ac-3b5f-4ef1-9d1d-c4b2f187864f,acf6955c-f4cc-42da-8bf4-8d3b08ae9482,48885f43-65f8-419f-b7ae-eb27646f8970,2024-11-04,80dd1cba-db4a-4856-92ac-722a4b856b9f,,1,303250,0.00000000000000000000,303250.00000000000000000000,,Delivered,2026-06-18 23:55:42.102791+00
90cd2280-2aa1-4cb3-b519-f4a6767cc13c,941dd5d2-de8a-4783-aca6-462457028129,790ab53f-48a1-4dde-8df5-d1ee6ad73276,2026-02-06,4b5ac98b-a0ab-444a-a1fd-4a30c7c440a6,,1,301625,0.00000000000000000000,301625.00000000000000000000,,Delivered,2026-06-18 23:55:42.102791+00
e210b002-f449-4153-8859-dba1075f1127,f6243407-99c4-46b9-b273-b9c77948dfa5,b0846d26-0e64-4ad4-9c2a-015bab560f95,2025-06-01,5bd75a72-6cce-49d2-8c36-efc22b10d1c2,,1,301550,0.00000000000000000000,301550.00000000000000000000,,Delivered,2026-06-18 23:55:42.102791+00
83bed776-0200-429e-af26-e4d19fda8278,0f5576ec-08e2-4faa-b753-5c78d1dfd90c,fab44117-8fe2-4dd0-be49-d3ea22a57d81,2026-01-12,71be3019-2872-4e46-9e8f-941663554ca2,,1,299250,0.00000000000000000000,299250.00000000000000000000,,Delivered,2026-06-18 23:55:42.102791+00
cec3ac3a-d283-41f0-89c0-e56abb2685f5,6f579a68-3f05-4bda-9629-43c4857681e0,84bd29f2-7b5f-4d47-a72a-90fa0a85a261,2024-12-25,16551b80-b0c1-46d5-8940-71260022fd1c,,1,298900,0.00000000000000000000,298900.00000000000000000000,,Delivered,2026-06-18 23:55:42.102791+00
158f1723-b0b5-4fa3-9157-52677a048a67,07e474bb-b0f3-4c3a-b2a1-fc5910c6caa7,6f144046-4fde-48f9-98eb-57c5a7434ab9,2024-10-25,71be3019-2872-4e46-9e8f-941663554ca2,,1,295968,0.00000000000000000000,295968.00000000000000000000,,Delivered,2026-06-18 23:55:42.102791+00
300bc3ec-79de-4087-94e6-b5f8437109dd,94cedc8f-c5df-442e-924e-7a363ef8515b,2a3fc070-28b3-46d5-8252-7265bd4ee15a,2024-06-11,8da5249a-c2b8-48c3-b61c-12ecf6d898d8,,1,294353,0.00000000000000000000,294353.00000000000000000000,,Delivered,2026-06-18 23:55:42.102791+00
74661658-b5ea-4f2b-b856-540f96d0c2c6,b2d99bed-5e3e-4e17-b0c3-5136c6132f7b,a4f4fdf2-f6aa-4a45-b6c3-e039919c20f5,2025-07-27,71be3019-2872-4e46-9e8f-941663554ca2,,1,293750,0.00000000000000000000,293750.00000000000000000000,,Delivered,2026-06-18 23:55:42.102791+00
827029c4-eba2-43cf-adca-2b42be5e8ec3,48946a7a-53f0-48e8-a1b3-1c3f89c8b17e,36fe2c57-51af-4d36-ae64-40c8d9d872ef,2025-06-15,71be3019-2872-4e46-9e8f-941663554ca2,,1,291750,0.00000000000000000000,291750.00000000000000000000,,Delivered,2026-06-18 23:55:42.102791+00
b2a4988e-91e9-42d3-88f3-faf341f8907c,a2149701-5782-4bac-913e-f4ed8870dc21,64f2fbb0-b20c-44f6-92cc-abcb3c10be73,2024-08-02,ccb49d47-ef18-415e-84ff-5119d836592b,,1,290700,0.00000000000000000000,290700.00000000000000000000,,Delivered,2026-06-18 23:55:42.102791+00
924a0fbc-b51c-47d6-b394-a4a983ef1fc7,a11b2c27-cb40-473b-9964-f280104bf96b,b2e7af23-b622-445a-92ab-ddbdbd757fa3,2024-12-01,71be3019-2872-4e46-9e8f-941663554ca2,,1,290000,0.00000000000000000000,290000.00000000000000000000,,Delivered,2026-06-18 23:55:42.102791+00
f1b91b44-16ea-4afd-9e94-d5beb448a197,437abec9-5e45-4c2c-94ce-cfc006ec5ddb,6dca5a22-6c21-4828-a8cf-e0d7da257b82,2025-12-18,242b18b0-2b6e-4ef6-b311-fa29444b997b,,1,288000,0.00000000000000000000,288000.00000000000000000000,,Delivered,2026-06-18 23:55:42.102791+00
143be0f3-69e3-44eb-8b8c-c6a1386562c7,4a977038-a0e6-4272-b483-9258ada37fa4,1ac31706-2c46-4060-87f8-289d6f33cca0,2025-11-05,ebd4b889-4b94-4c8e-acde-8b3b5f560d31,,1,288000,0.00000000000000000000,288000.00000000000000000000,,Delivered,2026-06-18 23:55:42.102791+00
b2feef9a-e733-4ef3-9111-adffc148e384,8f9f863a-d9b0-43c8-958f-b229d7b808ed,62782bf2-faa6-4c5f-8246-3a4ce62fc21c,2026-01-14,f1e51592-40e6-4c0e-ba12-f1e4bfda0f43,,1,286400,0.00000000000000000000,286400.00000000000000000000,,Delivered,2026-06-18 23:55:42.102791+00
d130708e-890e-438d-b515-df038c69e1b1,c6a65b44-9381-4c49-8059-748649a8ccf6,0508eb08-fc88-46e1-bae4-2076854dba7d,2025-03-27,71be3019-2872-4e46-9e8f-941663554ca2,,1,285000,0.00000000000000000000,285000.00000000000000000000,,Delivered,2026-06-18 23:55:42.102791+00
9317f14b-574a-478a-9d05-3419e62e475f,c8fbef10-b6f1-452d-8e1e-d024d2e6981b,365655d1-317a-4921-a0b7-bd4be1e9b21d,2025-04-20,71be3019-2872-4e46-9e8f-941663554ca2,,1,283800,0.00000000000000000000,283800.00000000000000000000,,Delivered,2026-06-18 23:55:42.102791+00
aa2a3f98-9505-4d41-8075-7c5994a6d595,63cd5147-30e1-4ef5-b1d3-8570aa41d04c,6a2054e6-23b2-426f-bfd5-f7e6a5b505c3,2025-07-14,077d9584-8f05-42cb-90f1-1e17bab1db5e,,1,283375,0.00000000000000000000,283375.00000000000000000000,,Delivered,2026-06-18 23:55:42.102791+00
a8f97bed-ef79-4e5a-a212-30e525042c6b,1d5707ce-cabc-41f3-993f-dc8132762905,bb96457c-bdd1-42f3-97b5-a783400ae2ac,2025-03-21,b68482aa-3798-4bc4-96c2-ae22f9e1f162,,1,280000,0.00000000000000000000,280000.00000000000000000000,,Delivered,2026-06-18 23:55:42.102791+00
86eecaee-ea6f-48dd-a473-b1b03cbe48b5,002fbd8c-db50-4dcb-be9d-22efe8af7b65,5a1f62e6-dca7-4171-965c-f7f6f885d52b,2025-12-16,cb9742f2-b64b-403b-a01c-866e7493f406,,1,279240,0.00000000000000000000,279240.00000000000000000000,,Delivered,2026-06-18 23:55:42.102791+00
6dbf1851-aa24-40d2-8831-ddee50986f7a,5bc49b5d-b7b4-477e-9209-01cec99625e3,b9cc4d1f-ec35-4eb9-bf6d-5e4fa819c138,2025-05-18,94840a95-c5bb-495e-a6b6-b69f8754b8b8,,1,278250,0.00000000000000000000,278250.00000000000000000000,,Delivered,2026-06-18 23:55:42.102791+00
09ca5949-3a82-4e3d-8310-881d7c38dc81,ee7b038a-142c-4823-bdb6-07b760aaa048,189b6b4d-45b9-4238-8dce-665b8b45b7f8,2025-04-20,71be3019-2872-4e46-9e8f-941663554ca2,,1,277000,0.00000000000000000000,277000.00000000000000000000,,Delivered,2026-06-18 23:55:42.102791+00
8ad86911-4e10-4386-8e22-df95043ed68c,5b745aba-6d4b-43f7-8eb3-740a27a491e6,86b1e658-7047-4b2e-9eb2-e7c95c103694,2024-08-27,71be3019-2872-4e46-9e8f-941663554ca2,,1,277000,0.00000000000000000000,277000.00000000000000000000,,Delivered,2026-06-18 23:55:42.102791+00
341dbd0a-57ad-495e-b8b3-49a669659b4c,6f449bdf-b362-42a9-9d94-85d132a81328,09b49735-5a37-40d5-9d23-00ff2f82bbde,2025-01-09,b68482aa-3798-4bc4-96c2-ae22f9e1f162,,1,275482,0.00000000000000000000,275482.00000000000000000000,,Delivered,2026-06-18 23:55:42.102791+00
9b93d429-4371-4a90-b5e6-3d97e4936d59,3099d154-d8ff-44a8-89da-3350ae2a522e,0e609430-377b-4f64-a418-7efdcfda211a,2024-10-16,39e3f045-ed2a-4d83-aee6-68046c1dfbb7,,1,275250,0.00000000000000000000,275250.00000000000000000000,,Delivered,2026-06-18 23:55:42.102791+00
2b9a0cdc-1ef4-4e96-af56-989f8689c624,b76efcc9-c69f-4337-991a-16f6c1beb62b,6ffcad8f-f295-4acf-93ec-97354d6147de,2025-11-07,71be3019-2872-4e46-9e8f-941663554ca2,,1,273000,0.00000000000000000000,273000.00000000000000000000,,Delivered,2026-06-18 23:55:42.102791+00
b38de5f4-7ad8-4b00-a84f-a0b6b72d39ba,b878bb01-192b-48aa-b534-215d0284b650,2ff8eaf4-4bcc-492f-b968-f2ce118edd79,2024-07-07,c622c3d7-9289-41b3-ab8e-2c29215faa4c,,1,273000,0.00000000000000000000,273000.00000000000000000000,,Delivered,2026-06-18 23:55:42.102791+00
dd6e8a5e-42cd-4f04-ade7-79b730e1a856,ef159dd5-3a61-4270-a987-7ff36e885734,3c97a7c9-450a-47a5-8b90-79657e120c1c,2024-10-11,96f8c31d-8874-4382-947a-a6236f251b81,,1,270500,0.00000000000000000000,270500.00000000000000000000,,Delivered,2026-06-18 23:55:42.102791+00
22715bc4-00c1-4fc2-b361-fcecc5276fc0,a4dace34-2ef9-4d36-b91e-e34b80616341,514873f8-e888-4d73-bb66-34277bd60284,2025-01-08,40f85701-0113-4092-bf94-71fce4830301,,1,270000,0.00000000000000000000,270000.00000000000000000000,,Delivered,2026-06-18 23:55:42.102791+00
5e798d15-fc7b-4cee-a6a4-c2e7e97238d8,2327d7a0-679a-4ba9-8c3f-16cdd5b4f4ef,4b06be67-9d2d-4f74-89ce-9a838abd5bf1,2024-10-13,40f85701-0113-4092-bf94-71fce4830301,,1,270000,0.00000000000000000000,270000.00000000000000000000,,Delivered,2026-06-18 23:55:42.102791+00
566e60a1-881a-47ca-a8b7-b138fbb293f0,1612c46c-6075-48a4-84f8-0edcbb314a4a,a2ff1fcf-0c9c-495a-9820-58c8d0ee6b7e,2024-12-08,c81204ce-d171-4f1e-a34b-eb7b553ddaeb,,1,269500,0.00000000000000000000,269500.00000000000000000000,,Delivered,2026-06-18 23:55:42.102791+00
9255c11f-de79-48fd-a866-bce98b868a4d,2b469ba6-0c3d-4aac-b685-742cf0ceb9b0,d82a9774-2806-4207-ad47-c1406e9a3922,2026-01-28,077d9584-8f05-42cb-90f1-1e17bab1db5e,,1,268500,0.00000000000000000000,268500.00000000000000000000,,Delivered,2026-06-18 23:55:42.102791+00
f2b31c97-594c-424b-be56-17d6b7d443b1,7d52ff06-80b0-4ff9-a62f-d8baf88975ef,3cda43ec-f13e-4fc4-bbb8-0b707e7a7dd7,2026-02-19,8f06ff88-5db5-47ec-b27f-af2ef21de406,,1,268500,0.00000000000000000000,268500.00000000000000000000,,Delivered,2026-06-18 23:55:42.102791+00
9d760b77-ff96-4d9a-b6f4-8c7bd1855f79,f77ae2e3-a035-4835-bcb6-06edea206ba6,c8791d8c-57a6-458d-bc65-35f879a591bc,2026-01-28,71be3019-2872-4e46-9e8f-941663554ca2,,1,268500,0.00000000000000000000,268500.00000000000000000000,,Delivered,2026-06-18 23:55:42.102791+00
2183d4e6-8638-4d76-89eb-1bfe4d654807,de96aeab-3c64-4907-abcf-9f9908dd5652,f92b3b5e-c0cf-4c66-867b-c91a613f8222,2026-01-30,add3d1ff-35de-4335-a95b-9db45afafaaa,,1,268500,0.00000000000000000000,268500.00000000000000000000,,Delivered,2026-06-18 23:55:42.102791+00
721a7bbc-ab1f-4c2e-a7b4-923998ab3afb,4c5b724c-033a-4a16-b162-8469f45bb8ca,8c517e2e-3e9c-4b86-955c-f73944f77a0a,2026-02-04,7f367ba9-b9e1-4d7a-a895-564eedaeb810,,1,268500,0.00000000000000000000,268500.00000000000000000000,,Delivered,2026-06-18 23:55:42.102791+00
8a1a8882-1cbf-40a8-9c9d-8a3e6abcea5d,fdccf237-93df-4bb6-bd52-95e282ce4341,57ee00e0-0689-4ae5-af6a-d43d1dedcee3,2025-08-06,71be3019-2872-4e46-9e8f-941663554ca2,,1,267812,0.00000000000000000000,267812.00000000000000000000,,Delivered,2026-06-18 23:55:42.102791+00
f855187f-5df9-405e-a3df-46a323f350b2,89d8eead-572a-49ff-8076-72f327e5f2ed,a1f6b11b-2865-49b6-9ab5-b92cbd5c9fa6,2025-09-14,7ec6a241-cccb-4c99-b833-c8da36af9ba0,,1,267000,0.00000000000000000000,267000.00000000000000000000,,Delivered,2026-06-18 23:55:42.102791+00
c4ec85f9-5524-44e4-914a-ac166e31b6d6,9c43e252-90fd-4861-8646-9c25ef37c7da,0d2ed1cc-7f07-44f0-aa68-7db863c1ff7a,2025-09-22,3d2a3b54-c351-49e9-95ff-ed7f44780b3c,,1,267000,0.00000000000000000000,267000.00000000000000000000,,Delivered,2026-06-18 23:55:42.102791+00
5f01d42b-4887-44af-b50d-9a8030fef3a4,b60b779d-9a1b-4378-82e7-c15f7b400b66,bd382075-fa03-49e4-98dc-c710c6fcb0b1,2024-12-01,71be3019-2872-4e46-9e8f-941663554ca2,,1,265800,0.00000000000000000000,265800.00000000000000000000,,Delivered,2026-06-18 23:55:42.102791+00
8f5c59ae-926c-4f0b-a59b-7912142d6052,99e5ce92-2303-466a-a715-993a5e9b35bf,c8e485bd-3483-4a9c-90ec-ee481dbb2615,2024-06-03,9c8577e0-bac5-40ed-ab97-d69d5aadb619,,1,265000,0.00000000000000000000,265000.00000000000000000000,,Delivered,2026-06-18 23:55:42.102791+00
a047bde4-df5e-40bb-b99f-3c3536284492,e6a10e2a-b3cc-4b72-b368-1682e9fda589,6e204e94-f35c-408b-b674-eff4caf9d7f3,2025-02-23,40f85701-0113-4092-bf94-71fce4830301,,1,264000,0.00000000000000000000,264000.00000000000000000000,,Delivered,2026-06-18 23:55:42.102791+00
c63b7d04-03e8-4289-b18a-c18009c62e59,766a7c9c-5533-4c09-b759-c2dc0ab7946c,06da4038-a224-4111-8435-d5f8aa4ad56d,2025-07-31,e363fd6a-6b4d-4a1e-bc25-3407c67f6af1,,1,264000,0.00000000000000000000,264000.00000000000000000000,,Delivered,2026-06-18 23:55:42.102791+00
899f86d7-7bb2-434c-9627-bc8b3eaf8090,b8b3134f-ea65-487e-ac7d-9e38fd6dd64e,d4e40ca4-d589-420d-afee-e6b79104aa78,2025-12-23,242b18b0-2b6e-4ef6-b311-fa29444b997b,,1,768000,0.00000000000000000000,768000.00000000000000000000,,Delivered,2026-06-18 23:55:42.102791+00
90c23082-1a7f-43dc-bbc3-2ccabc5a686b,bb914292-059d-4347-95b9-f154beb67fbf,f97a8dd9-8dfd-420b-a1b5-2a2bcd451d23,2025-11-05,8f06ff88-5db5-47ec-b27f-af2ef21de406,,1,764160,0.00000000000000000000,764160.00000000000000000000,,Delivered,2026-06-18 23:55:42.102791+00
6a8e857c-c21b-4920-bb77-c0d0a6225270,b3f08823-9737-4707-9fb7-86d6409d2d28,b4bbeeee-fd72-4681-936a-849dfe4b15bf,2025-01-10,71be3019-2872-4e46-9e8f-941663554ca2,,1,760000,0.00000000000000000000,760000.00000000000000000000,,Delivered,2026-06-18 23:55:42.102791+00
0331ca01-609e-4e30-bb4b-326f317e03f1,45ac5590-99b8-46e0-8b28-fec55d7a90c4,a8b8a871-8cf2-494d-a8a8-d40c6756cf32,2025-04-29,dd9e4314-694d-4353-8261-817b0794fbe3,,1,750000,0.00000000000000000000,750000.00000000000000000000,,Delivered,2026-06-18 23:55:42.102791+00
57bd3855-ad82-4810-a908-ed13a1b3102b,6f3d7f03-b2d9-4d2d-99ca-e942ce3cce9e,f5013f87-2504-4d95-b348-3a7cdbf32058,2024-09-10,42d252ce-09ff-4009-912a-ee9ecb4bac8b,,1,749999,0.00000000000000000000,749999.00000000000000000000,,Delivered,2026-06-18 23:55:42.102791+00
0f375740-7ba1-495d-a27f-b96617003185,94cabba2-a3a2-418b-9394-dc2477e02c66,f88d9861-c33c-40a6-a33e-6c86ffc58adc,2025-05-19,242b18b0-2b6e-4ef6-b311-fa29444b997b,,1,744000,0.00000000000000000000,744000.00000000000000000000,,Delivered,2026-06-18 23:55:42.102791+00
c60d639f-33c0-4264-ab54-91d1526afc16,8587cf81-e80f-4da5-b7e9-50d1c23d5969,4d1cff54-50a3-4569-8c96-9889104629be,2025-12-11,71be3019-2872-4e46-9e8f-941663554ca2,,1,736325,0.00000000000000000000,736325.00000000000000000000,,Delivered,2026-06-18 23:55:42.102791+00
cf7a6b31-b48b-458b-9576-8397d17ede2f,ee65d112-e7eb-4704-9c7a-11ba55428f94,35655cc0-bfd3-46d6-945d-47e27356f5f1,2025-08-15,ef173824-236e-4589-af6a-5bd7edb0e89f,,1,737500,0.00000000000000000000,737500.00000000000000000000,,Delivered,2026-06-18 23:55:42.102791+00
c7e6a8f6-d5d2-495c-b74e-502270f2e2cf,74be2cd4-59b5-4f78-ba0a-f4d1bb144e38,c09b9bcb-59c0-447a-acc5-d53231c9c77c,2026-01-12,242b18b0-2b6e-4ef6-b311-fa29444b997b,,1,735000,0.00000000000000000000,735000.00000000000000000000,,Delivered,2026-06-18 23:55:42.102791+00
e9d338e8-967b-4fa2-bda5-8de4beb06428,5471151d-0154-48c6-83d3-218e61a0a9d1,f3338a17-62da-429e-8725-76d9920576bb,2024-11-15,271cdaa5-4d7d-46cd-9a43-7e3bb4bb922a,,1,739000,0.00000000000000000000,739000.00000000000000000000,,Delivered,2026-06-18 23:55:42.102791+00
24472cc9-17e9-4972-bc59-509a508b1b3b,283cc6f7-5298-44d9-aa68-c8c57a7bcfb0,f4ba5b72-f8f2-4283-9387-a521170439cb,2025-09-03,e99e6ca5-a4bb-4343-a635-49f04389ca2a,,1,733760,0.00000000000000000000,733760.00000000000000000000,,Delivered,2026-06-18 23:55:42.102791+00
d1ccd5b8-5593-45c9-91f6-d0404bc08617,1c5500cf-4c7b-415a-93c6-ecf2ef16198d,6de0b183-663a-4f1e-b84d-deffa25c1451,2024-06-10,dd8cb13e-af3e-4023-99a5-c9c9d747209f,,1,734000,0.00000000000000000000,734000.00000000000000000000,,Delivered,2026-06-18 23:55:42.102791+00
f86bec6d-f238-4883-b397-364027040a17,ccbdd707-1e12-4d9b-91ec-b491781a8f33,2990c2c6-7552-42b2-b392-ebccdfc7a35b,2025-11-19,6ef4fc76-da3f-4422-8a17-41c7ecd6dd4f,,1,733600,0.00000000000000000000,733600.00000000000000000000,,Delivered,2026-06-18 23:55:42.102791+00
bb9ad62b-7521-4c7f-b96e-d49d046da3d8,e8db5bf2-419c-4aec-a905-70bde13be486,4b199d30-b28e-4d5e-b864-83e05c43ddfa,2024-05-30,71be3019-2872-4e46-9e8f-941663554ca2,,1,732850,0.00000000000000000000,732850.00000000000000000000,,Delivered,2026-06-18 23:55:42.102791+00
8743a1e8-bbbf-4903-b951-89c49b9887d5,7a6d2cce-f9a5-4708-961a-b0c9b7260c75,2c260c73-3ef2-4c97-b542-e5c2496f0520,2025-08-03,99654bf2-99d2-4963-a48f-35d1eacc4352,,1,735000,0.00000000000000000000,735000.00000000000000000000,,Delivered,2026-06-18 23:55:42.102791+00
b683c172-559f-4c79-919f-cdf692981843,d7020a6e-8cc3-4a76-8d0c-32c5d85484d0,289cc42d-a021-42bc-a3e9-e22e9d76298b,2024-10-10,a196000a-c83c-402d-8024-2a2c4dda447c,,1,730000,0.00000000000000000000,730000.00000000000000000000,,Delivered,2026-06-18 23:55:42.102791+00
508f6942-93cf-4e5d-adcf-748f58ce8f49,3fef30ff-b3b0-49d0-bc4f-ba32aaea44b2,86a39ce8-8d30-4fde-8222-f79e5b0ab725,2025-07-09,71be3019-2872-4e46-9e8f-941663554ca2,,1,728000,0.00000000000000000000,728000.00000000000000000000,,Delivered,2026-06-18 23:55:42.102791+00
c7c5059e-8705-4f7a-9403-4616b373c587,7ac03fc5-9659-4dcf-9a0e-bc8a885068e7,eb73e1d6-cd08-4f4d-af11-c1d4104420e8,2024-10-20,ee050b45-8c17-4d06-ba05-a7f64ed04dab,,1,724499,0.00000000000000000000,724499.00000000000000000000,,Delivered,2026-06-18 23:55:42.102791+00
d6a7061f-500a-46c6-bbf8-e3c06fe6ff85,128b0740-2a82-4468-9e53-0855a8501726,43e1fc16-5f07-46e4-a9e6-7b76f113c195,2024-10-10,ee050b45-8c17-4d06-ba05-a7f64ed04dab,,1,730000,0.00000000000000000000,730000.00000000000000000000,,Delivered,2026-06-18 23:55:42.102791+00
115e9b91-92bc-4977-a560-ec5cb609191c,c219a651-45f1-4c23-9da1-c7c1d11b7c87,7c5b3930-d657-41f2-8370-b44f37eab681,2025-02-17,71be3019-2872-4e46-9e8f-941663554ca2,,1,730660,0.00000000000000000000,730660.00000000000000000000,,Delivered,2026-06-18 23:55:42.102791+00
c12036d3-816e-4f0e-bc6e-be91ee493de4,05ab556d-caf1-4f9f-b924-004f20218958,be95245c-bc40-4ed1-9844-b7c839d8b00d,2025-05-13,36dd081b-5d34-45be-9e23-0c1519a91bf8,,1,720000,0.00000000000000000000,720000.00000000000000000000,,Delivered,2026-06-18 23:55:42.102791+00
74c303cb-0cf6-4fcc-91be-b0fc36b869da,7c88de2b-10c1-456a-aef2-b4d55f7e657a,f2c60d78-a264-4287-813d-713250baacf8,2024-09-30,ee050b45-8c17-4d06-ba05-a7f64ed04dab,,1,717500,0.00000000000000000000,717500.00000000000000000000,,Delivered,2026-06-18 23:55:42.102791+00
dc130157-c7a3-45c2-97de-a51f5f94d007,25a1fa58-74e5-4194-a8d8-85bf76a11111,9dbb6cb7-1ef1-4d44-bad5-d595fae8ad17,2024-09-26,ee050b45-8c17-4d06-ba05-a7f64ed04dab,,1,717500,0.00000000000000000000,717500.00000000000000000000,,Delivered,2026-06-18 23:55:42.102791+00
e424f39f-e4b8-407b-bef3-d2b9e83a1b44,61ce6c9a-a892-4d12-8e1f-57c1676bd462,a90ba500-3c87-4d6f-b836-c2db1ae45c65,2025-01-21,8da5249a-c2b8-48c3-b61c-12ecf6d898d8,,1,723250,0.00000000000000000000,723250.00000000000000000000,,Delivered,2026-06-18 23:55:42.102791+00
2e7d0e0d-7280-4fc8-9c09-aa99d3343ea9,337ccbf5-9d28-4dbf-b0e0-3f0b7ba2d847,18331a6f-3919-475a-8479-f6fac077f6fd,2026-02-19,71be3019-2872-4e46-9e8f-941663554ca2,,1,717500,0.00000000000000000000,717500.00000000000000000000,,Delivered,2026-06-18 23:55:42.102791+00
47772b9e-29da-45fc-a8e1-56c58a2157e1,b5a33bfe-bcd4-4664-8255-d9898a27ecfe,e47c1409-b752-4535-bc87-2b5581c66451,2024-12-23,58cacb19-26f8-4710-82a0-ef5aaf515fcd,,1,715625,0.00000000000000000000,715625.00000000000000000000,,Delivered,2026-06-18 23:55:42.102791+00
3ee89fcd-41b1-483f-82e0-30a80494d33a,6142bafc-ed2b-4cbd-b87f-c79a3877c421,b4b0679d-d9f6-41fa-9730-8657db10f979,2024-11-12,34acb9d9-1802-4aed-9744-313423a2db23,,1,714500,0.00000000000000000000,714500.00000000000000000000,,Delivered,2026-06-18 23:55:42.102791+00
5ead90f8-4140-4ed6-9d26-03260a29af01,d5d20577-bcef-4cfa-8580-a774a46b91a0,de4c0f11-1a6b-473c-9cf4-82d59002a7ed,2024-09-26,ee050b45-8c17-4d06-ba05-a7f64ed04dab,,1,714999,0.00000000000000000000,714999.00000000000000000000,,Delivered,2026-06-18 23:55:42.102791+00
84f41a68-4751-4e78-9629-977797d6fabd,836f1062-e2a2-4cca-ab49-0eb0a79a2b35,df311cfe-6f67-4492-a87e-18c0de5fbd23,2025-05-12,6e294634-9504-4be4-960e-df2f3ae4b416,,1,714000,0.00000000000000000000,714000.00000000000000000000,,Delivered,2026-06-18 23:55:42.102791+00
a4d7370e-4c0d-43e6-8a08-3ef60e5d4e3d,93e6eaf3-49a0-4434-9c6e-631606e78a56,4ca9f29d-8e08-4c13-b19b-85ee711200e0,2025-10-14,71be3019-2872-4e46-9e8f-941663554ca2,,1,716482,0.00000000000000000000,716482.00000000000000000000,,Delivered,2026-06-18 23:55:42.102791+00
ed0e41c3-0c2b-411f-b6bd-5cca3712d9a9,f3ed97e4-e9c6-4cb0-8fa2-82fbdaeff022,d17cc3a7-7ff4-40d1-87f4-f87d9e64bd9d,2026-02-22,71be3019-2872-4e46-9e8f-941663554ca2,,1,707500,0.00000000000000000000,707500.00000000000000000000,,Delivered,2026-06-18 23:55:42.102791+00
48771b58-b4b9-48de-8877-469e04cb1afc,64655eac-f106-45b9-8b44-f95808c5ce78,e795ccdb-af37-4b7c-8c0a-63a937c1560e,2024-08-20,ee050b45-8c17-4d06-ba05-a7f64ed04dab,,1,707499,0.00000000000000000000,707499.00000000000000000000,,Delivered,2026-06-18 23:55:42.102791+00
07dadfe6-ab6d-4e7f-95be-25884e10ceea,04cef03d-89bb-4f61-a7f5-18aea7f7180a,cb5b6f4a-c574-46ea-a3a6-a80ef0821fe0,2024-08-28,ee050b45-8c17-4d06-ba05-a7f64ed04dab,,1,707499,0.00000000000000000000,707499.00000000000000000000,,Delivered,2026-06-18 23:55:42.102791+00
8f0c4933-7020-418b-a565-2e4f3343b1f1,0358ce66-f757-4d83-b135-70768e23038b,a74e1d6e-964a-4701-b48b-ff765c1cafdf,2024-08-18,ee050b45-8c17-4d06-ba05-a7f64ed04dab,,1,707499,0.00000000000000000000,707499.00000000000000000000,,Delivered,2026-06-18 23:55:42.102791+00
ef450e25-7114-41b6-ae30-f19ba291d722,bf005bf6-7d58-4039-9b1c-0aa1dc6c0867,2d2c1463-d3af-438d-98bd-e276426dd723,2026-01-09,71be3019-2872-4e46-9e8f-941663554ca2,,1,711575,0.00000000000000000000,711575.00000000000000000000,,Delivered,2026-06-18 23:55:42.102791+00
5ce44a36-4313-4a50-9642-1765b994b3a6,94a3809c-3061-4ef3-a2fa-07379733e14d,82755d46-9a07-49d8-8dae-b340deef7470,2025-02-03,71be3019-2872-4e46-9e8f-941663554ca2,,1,706947,0.00000000000000000000,706947.00000000000000000000,,Delivered,2026-06-18 23:55:42.102791+00
20eba03c-6dec-4831-850a-1223559b3b42,6f6ab5ad-57d6-4e04-9c4a-7b905540da16,b57b8e11-6dd2-4445-9ae3-12a2613163ce,2025-08-05,71be3019-2872-4e46-9e8f-941663554ca2,,1,706582,0.00000000000000000000,706582.00000000000000000000,,Delivered,2026-06-18 23:55:42.102791+00
2679b37e-41dd-4e77-b08f-cbd8d3fab8ab,13196682-cb58-4e7a-91cd-884be84b958d,e87982af-58bf-4721-acdf-a073793c7616,2024-07-08,ee050b45-8c17-4d06-ba05-a7f64ed04dab,,1,705178,0.00000000000000000000,705178.00000000000000000000,,Delivered,2026-06-18 23:55:42.102791+00
8bc9480a-e5d2-41d2-bf75-14ec7b71f166,5ba8402f-fe86-4165-b60f-81060feed6d5,8c421ca1-a55d-43e0-b1f9-a607ad5a00c2,2025-12-01,71be3019-2872-4e46-9e8f-941663554ca2,,1,707400,0.00000000000000000000,707400.00000000000000000000,,Delivered,2026-06-18 23:55:42.102791+00
81e2d09e-ee91-432b-815d-947c8e889343,92e6e98e-82e2-4318-95dd-7f2a5d97a668,1b2fba54-ff88-4981-b853-aac2911f760e,2024-09-04,ee050b45-8c17-4d06-ba05-a7f64ed04dab,,1,705000,0.00000000000000000000,705000.00000000000000000000,,Delivered,2026-06-18 23:55:42.102791+00
e887449d-dfac-4b86-9968-4104c10380f9,28c018eb-c171-4fb6-a9c3-909982090f74,11d94a7a-7d21-4653-9957-99ce5183e4b6,2025-02-02,f0fcd114-c83c-4557-ab8e-29869eb50b7b,,1,704000,0.00000000000000000000,704000.00000000000000000000,,Delivered,2026-06-18 23:55:42.102791+00
b424d0ff-148b-45e5-b29a-2e8763212288,1b275bc9-ee44-4e12-b0c4-880d12cfa0c5,5e433924-f3b9-4029-9047-5c18fc00eaf5,2026-01-14,9c8577e0-bac5-40ed-ab97-d69d5aadb619,,1,702425,0.00000000000000000000,702425.00000000000000000000,,Delivered,2026-06-18 23:55:42.102791+00
c1596a1f-9deb-4bef-bc0b-495679b99fba,d0ba02d5-bd9b-48d9-8fc0-a2186f550f99,ddcac618-1fa4-46aa-9495-1290aa2d4f75,2025-11-23,2eca054f-561f-491f-8265-94eed66bdf4f,,1,703870,0.00000000000000000000,703870.00000000000000000000,,Delivered,2026-06-18 23:55:42.102791+00
b2fcb4f9-c9f1-4d8b-bfb4-fca6cdbc9471,3677879d-3c4f-4226-bde6-798c7c8b810b,0de9f835-f8cd-4889-b34d-f0ade7468deb,2024-08-29,ee050b45-8c17-4d06-ba05-a7f64ed04dab,,1,705000,0.00000000000000000000,705000.00000000000000000000,,Delivered,2026-06-18 23:55:42.102791+00
da5c4f1c-f1c8-4e1e-816b-6ada123c9521,4e39801f-5bd7-4e4f-a2cf-d4de919f9399,d1fd6a7e-1d50-49a9-b9e4-48f9990dd19b,2025-04-08,7b237e41-2adb-467e-99f1-32f71332e3e7,,1,700000,0.00000000000000000000,700000.00000000000000000000,,Delivered,2026-06-18 23:55:42.102791+00
bf17fd4f-bfb1-4034-b610-eafbd93f46c7,8b285b03-56fe-4a07-b814-307c608d0746,ba92aedb-8e44-40fc-84c0-a8b14d6aa9c3,2026-01-29,13434759-d4fc-4dc9-ad3b-480ab7211da2,,1,699300,0.00000000000000000000,699300.00000000000000000000,,Delivered,2026-06-18 23:55:42.102791+00
46be9c34-0bd1-4936-9ce8-453f1f5f7107,683838a4-711b-4857-9378-cb3db9c335e7,461830b5-a2da-4033-a50d-f673625802e6,2025-01-14,71be3019-2872-4e46-9e8f-941663554ca2,,1,693750,0.00000000000000000000,693750.00000000000000000000,,Delivered,2026-06-18 23:55:42.102791+00
64094495-71f2-44ef-a531-305fedb113bc,605ffd1f-603f-425b-8238-a4f16e40edf7,5b8b8dc3-7b3c-4fcf-9a07-962abce93b14,2025-11-20,5f27bee7-c714-4bfc-b036-d4c1e018d522,,1,697500,0.00000000000000000000,697500.00000000000000000000,,Delivered,2026-06-18 23:55:42.102791+00
85545e77-3571-403e-8281-7a455172bf79,b19cb565-0b26-4b0b-8c2c-521b8146a8ad,170812cf-2c09-4ea0-a4fe-c41b9e9ef6f7,2025-09-18,8f06ff88-5db5-47ec-b27f-af2ef21de406,,1,699500,0.00000000000000000000,699500.00000000000000000000,,Delivered,2026-06-18 23:55:42.102791+00
deada609-0dae-47b8-b4b9-2b7b09df12a7,b5d85a57-ea35-47d3-8d2f-50895b4594a1,46d09b69-db65-403b-8fd6-975a378fbc31,2025-06-19,71be3019-2872-4e46-9e8f-941663554ca2,,1,687150,0.00000000000000000000,687150.00000000000000000000,,Delivered,2026-06-18 23:55:42.102791+00
3b56310e-c212-4805-a601-3dda49f40008,737280a1-7598-4431-a05c-fdd459007d8f,d01ce34e-7ebd-42ae-ba33-d34f8022a447,2024-08-19,f0fcd114-c83c-4557-ab8e-29869eb50b7b,,1,686750,0.00000000000000000000,686750.00000000000000000000,,Delivered,2026-06-18 23:55:42.102791+00
68efee5a-c21c-43ad-a2b2-79475a5d4e75,e1ed63ee-fcad-4440-9dc7-8c1ca1f408f3,6a545841-ed6d-4fd9-998b-6397cd6e95a3,2025-11-14,0a08be05-99f5-46e7-918c-1a12487083e1,,1,679000,0.00000000000000000000,679000.00000000000000000000,,Delivered,2026-06-18 23:55:42.102791+00
b06527a6-d30c-4366-92f9-fad5c321fb38,21dd9813-504d-4c6a-9e7e-983153d8a02d,d68bcf4a-6221-41c4-8d7c-c19d1f2b2bfa,2026-01-12,71be3019-2872-4e46-9e8f-941663554ca2,,1,675250,0.00000000000000000000,675250.00000000000000000000,,Delivered,2026-06-18 23:55:42.102791+00
8c85a880-f92a-4be3-8ed1-077fbe6d295c,c33dd0cb-4d23-45bf-ba34-64bbe579dca2,83d099b7-45f8-4663-b320-a9de5f4dfdf6,2025-01-08,58cacb19-26f8-4710-82a0-ef5aaf515fcd,,1,672250,0.00000000000000000000,672250.00000000000000000000,,Delivered,2026-06-18 23:55:42.102791+00
2569a2c7-0b0f-4077-bb81-cd528bdaf976,4bac67be-655d-4d16-9370-14d2048a4f70,7cf3d55f-333d-4fbc-bb83-034229cddd2c,2026-02-13,71be3019-2872-4e46-9e8f-941663554ca2,,1,663500,0.00000000000000000000,663500.00000000000000000000,,Delivered,2026-06-18 23:55:42.102791+00
25c3477d-b62f-4657-b7ef-74696b66e2d4,036f6c21-07c0-4f9a-9afb-29b355feb9bd,a9391319-c9c0-496a-84cc-d06296561b09,2025-01-31,ee050b45-8c17-4d06-ba05-a7f64ed04dab,,1,660000,0.00000000000000000000,660000.00000000000000000000,,Delivered,2026-06-18 23:55:42.102791+00
3b17fedf-91a3-4a9e-ae33-ae6de7c82e9f,a0d446f7-e079-470e-b89a-a278a27978f0,5c699f86-aefd-4f99-9b92-cc4de21c7050,2026-01-25,71be3019-2872-4e46-9e8f-941663554ca2,,1,658000,0.00000000000000000000,658000.00000000000000000000,,Delivered,2026-06-18 23:55:42.102791+00
d1b86e0b-f93d-43cf-9702-0960739f3d4c,9635241f-1ef2-485b-b20d-a94e8448461e,74405143-a9d6-4314-bf3a-afd385b5ffe3,2024-10-20,71be3019-2872-4e46-9e8f-941663554ca2,,1,649993,0.00000000000000000000,649993.00000000000000000000,,Delivered,2026-06-18 23:55:42.102791+00
600126fc-1b08-4b40-9c6d-b3d70b47ad59,14f6ab15-5028-4db3-9fae-e9135df01620,2bcd92e7-8e37-4922-9a5f-ff99c8db9eb1,2026-02-26,71be3019-2872-4e46-9e8f-941663554ca2,,1,640025,0.00000000000000000000,640025.00000000000000000000,,Delivered,2026-06-18 23:55:42.102791+00
65c374c5-c695-434f-9d93-ba9665249c76,194d6f0e-cee7-4713-b949-2bdee08e612a,4b2ac7b3-8f51-4d44-a07f-016f63f01bde,2025-01-10,a196000a-c83c-402d-8024-2a2c4dda447c,,1,634506,0.00000000000000000000,634506.00000000000000000000,,Delivered,2026-06-18 23:55:42.102791+00
5cc389a9-47ba-4880-9a0d-b0cff4cde0bf,41b56a88-ce99-486b-9218-0ddd3ff7829a,b5e0daa6-853b-4e3e-bba3-d393e9ed4093,2025-10-03,c6e017b2-c27d-4969-95de-8284a705a232,,1,630000,0.00000000000000000000,630000.00000000000000000000,,Delivered,2026-06-18 23:55:42.102791+00
446714c7-30f0-4840-a5ea-77946044edee,dc9afd75-cfe6-4d39-9117-53397217ea04,6d59195b-523b-474f-a524-2dcdb4793bfe,2025-04-11,71be3019-2872-4e46-9e8f-941663554ca2,,1,624350,0.00000000000000000000,624350.00000000000000000000,,Delivered,2026-06-18 23:55:42.102791+00
e912c846-5365-48e7-a159-1b44d9a3dc42,387f38c2-6cb9-4921-a508-b6e712aa598d,c75d1961-ac5a-4683-8051-00ba605a82f0,2024-07-17,71be3019-2872-4e46-9e8f-941663554ca2,,1,619700,0.00000000000000000000,619700.00000000000000000000,,Delivered,2026-06-18 23:55:42.102791+00
d64653cd-85c7-43be-b210-1a840dceed17,6881db8e-736e-4e9c-b8c6-7da9530770b4,2dfea369-1f48-429b-bcac-b5decd5ef209,2026-01-21,4b5902bf-67f1-4e06-8882-ca516c1842db,,1,618000,0.00000000000000000000,618000.00000000000000000000,,Delivered,2026-06-18 23:55:42.102791+00
a976c334-08ef-448e-aaab-d2fcd79def4c,040d2421-319f-41cc-9d83-977a6284b694,4a56eff4-5918-4810-b000-d491dcf41630,2025-07-31,18743788-16a2-4f11-93bd-cd2374745762,,1,615000,0.00000000000000000000,615000.00000000000000000000,,Delivered,2026-06-18 23:55:42.102791+00
b4256498-7cbd-48ff-8d6c-0dbbdfe9ccfa,1d3c940e-a287-472e-a1f5-d8e4bd8ecc2f,9e4a40d8-1701-4e2d-bc3d-3ae70d409164,2024-11-10,a196000a-c83c-402d-8024-2a2c4dda447c,,1,614999,0.00000000000000000000,614999.00000000000000000000,,Delivered,2026-06-18 23:55:42.102791+00
6e8a9838-d355-4316-ac83-5205f4bff5cb,7de260cf-fcd0-421f-9b7d-93216bbcd7f9,9e1e0443-e3e6-4468-b7f7-22fba9d5599a,2025-05-27,6e294634-9504-4be4-960e-df2f3ae4b416,,1,610000,0.00000000000000000000,610000.00000000000000000000,,Delivered,2026-06-18 23:55:42.102791+00
7f7e1d62-fa4d-4ea8-aaa1-aa2eb003a9c3,a6139459-c23c-4a95-8f27-9905a2ba2a63,5138cbef-7c0b-4b48-9366-36ce50e174ad,2025-02-20,beb13cfd-593a-4390-b602-93a464c0d4d5,,1,607500,0.00000000000000000000,607500.00000000000000000000,,Delivered,2026-06-18 23:55:42.102791+00
8b769872-81f6-4785-ac2f-8d2880168449,e9cd3055-cccd-4bb7-b150-78829c9e21eb,304a3eeb-c668-46ad-9c47-6bf6412a1f74,2024-06-02,8da5249a-c2b8-48c3-b61c-12ecf6d898d8,,1,606805,0.00000000000000000000,606805.00000000000000000000,,Delivered,2026-06-18 23:55:42.102791+00
5e986a88-2d24-416f-bdd5-716eb6f0b44a,cc77a99c-344d-492c-9a89-4b21f90a1d56,887334f0-50db-45b5-a0ba-90ec0ec2c224,2026-01-20,71be3019-2872-4e46-9e8f-941663554ca2,,1,605100,0.00000000000000000000,605100.00000000000000000000,,Delivered,2026-06-18 23:55:42.102791+00
5a28fb4a-8a1a-45b5-a1f5-a81ef4bb862b,050da02d-d499-4bdd-a341-aa18485275e6,6ef31bf8-79a0-4fc7-b551-e120c75a7345,2025-04-17,71be3019-2872-4e46-9e8f-941663554ca2,,1,601300,0.00000000000000000000,601300.00000000000000000000,,Delivered,2026-06-18 23:55:42.102791+00
cadd6bc7-ea88-4345-b6ef-fc59e58f1b0b,888cfdc6-9214-4e57-9ae7-d909cda697cc,fb80c465-bd76-4899-b15c-a5e7a20cd9a2,2024-07-25,ccb49d47-ef18-415e-84ff-5119d836592b,,1,599450,0.00000000000000000000,599450.00000000000000000000,,Delivered,2026-06-18 23:55:42.102791+00
712e74fd-4bd1-41ae-98ef-4d90d64831cb,a9e090b0-c160-4aac-9579-59db1bf0c4ea,945a8ec9-3dfd-4b41-a279-2c3467b85bed,2025-05-06,56037025-414a-4a5f-8b0f-a21864528f78,,1,596250,0.00000000000000000000,596250.00000000000000000000,,Delivered,2026-06-18 23:55:42.102791+00
03b0e7ee-7e7e-4d87-b301-5f044fa6e839,d79413ab-67c7-4a84-bf06-5172348056d5,13e65cd9-4743-4dc3-accf-471cdc1b8de5,2025-02-19,71be3019-2872-4e46-9e8f-941663554ca2,,1,590400,0.00000000000000000000,590400.00000000000000000000,,Delivered,2026-06-18 23:55:42.102791+00
3e9598be-e7bc-48f1-9eec-065c3850050c,730f6a55-c342-423e-847a-872ed1e8cbfc,3332a477-bf6c-440c-af64-3b3e8ebf14b8,2024-12-05,94840a95-c5bb-495e-a6b6-b69f8754b8b8,,1,588800,0.00000000000000000000,588800.00000000000000000000,,Delivered,2026-06-18 23:55:42.102791+00
115b2c0f-3141-4785-b4c0-ab7db20ad61c,1f5278f8-7a46-49cc-9639-c85763411dfe,fe9be6fd-f652-4fe7-b453-6d0a1e6f6318,2024-06-12,8da5249a-c2b8-48c3-b61c-12ecf6d898d8,,1,584000,0.00000000000000000000,584000.00000000000000000000,,Delivered,2026-06-18 23:55:42.102791+00
3b34fd51-9f4b-4bcd-bf69-c6de85e5da96,e9ad2354-33fe-4c65-8477-2a001f6fa509,0d013b20-4e02-4a79-9c63-b82fc6f80113,2025-02-03,8da5249a-c2b8-48c3-b61c-12ecf6d898d8,,1,578875,0.00000000000000000000,578875.00000000000000000000,,Delivered,2026-06-18 23:55:42.102791+00
8da70d17-09e4-4aec-a260-e60c8ad3e393,2bd3db2f-a446-4bc9-a0df-5a052f3c36c0,55cc4317-2ebd-4ecf-8615-54c12d35081a,2025-07-03,71be3019-2872-4e46-9e8f-941663554ca2,,1,577000,0.00000000000000000000,577000.00000000000000000000,,Delivered,2026-06-18 23:55:42.102791+00
f6fd8e53-af42-4937-970c-8cbf12a8fc40,12ce7857-e107-4515-8d12-8f4770aab973,c302b8c7-ab90-45f7-95e2-f017c7ff9924,2025-01-20,dd9e4314-694d-4353-8261-817b0794fbe3,,1,574000,0.00000000000000000000,574000.00000000000000000000,,Delivered,2026-06-18 23:55:42.102791+00
decfbd13-4cad-4d02-904b-6224c58db87a,afbbbfab-e491-499d-80ba-9524879ae03c,1c137eda-bced-4879-bf5f-81a9f3bc7fcb,2024-06-12,8da5249a-c2b8-48c3-b61c-12ecf6d898d8,,1,572500,0.00000000000000000000,572500.00000000000000000000,,Delivered,2026-06-18 23:55:42.102791+00
42c66b15-5ea0-407f-a102-45d7c4a3529b,f379ddc8-93cb-4080-9012-9528f0fe4e1a,46b99491-6148-41f5-abd4-12719c0fcb00,2024-10-21,8da5249a-c2b8-48c3-b61c-12ecf6d898d8,,1,571875,0.00000000000000000000,571875.00000000000000000000,,Delivered,2026-06-18 23:55:42.102791+00
e0771c8e-ae84-4d37-9ecd-a9e86075b2f4,b9786cb2-0590-4767-ae7b-87f2f870e78d,f2f8205d-a7cb-4571-bc8e-26e8deab9394,2024-06-03,8da5249a-c2b8-48c3-b61c-12ecf6d898d8,,1,570900,0.00000000000000000000,570900.00000000000000000000,,Delivered,2026-06-18 23:55:42.102791+00
07c8d002-2886-4003-961b-eb3244d439c3,8181d3e3-8d99-464c-b45a-24b3fb245abd,1d3abd43-606f-415b-8e6e-f50f8ea00b0f,2024-08-21,71be3019-2872-4e46-9e8f-941663554ca2,,1,570000,0.00000000000000000000,570000.00000000000000000000,,Delivered,2026-06-18 23:55:42.102791+00
b5e150b5-d537-4580-b736-694a95e1b810,f0255522-a43d-4e86-9b4b-eb72e497c0af,e1516c80-eb75-4295-a5e1-c4204f931b96,2024-06-04,8da5249a-c2b8-48c3-b61c-12ecf6d898d8,,1,567800,0.00000000000000000000,567800.00000000000000000000,,Delivered,2026-06-18 23:55:42.102791+00
a04d8a5a-4ac5-4aa5-985e-f827c84361cf,a99bfebd-eec1-455a-9490-e470ef28daca,35239f15-721a-43c2-9e7c-ee3ee76e546f,2025-01-28,71be3019-2872-4e46-9e8f-941663554ca2,,1,567000,0.00000000000000000000,567000.00000000000000000000,,Delivered,2026-06-18 23:55:42.102791+00
64ea1e4e-fa18-4277-bf78-1e7563692510,444b91ed-5523-4946-8ef1-6497e2015e41,096b0f26-146a-45aa-9e54-5f227f943c63,2025-04-13,71be3019-2872-4e46-9e8f-941663554ca2,,1,564000,0.00000000000000000000,564000.00000000000000000000,,Delivered,2026-06-18 23:55:42.102791+00
154be7d8-9bb3-434d-a36f-fb0684caa286,73ee062e-0505-483a-b17d-2af9a17aae19,128fa777-d2c8-4ae4-adcc-0f42ebcda388,2025-10-26,ee050b45-8c17-4d06-ba05-a7f64ed04dab,,1,562500,0.00000000000000000000,562500.00000000000000000000,,Delivered,2026-06-18 23:55:42.102791+00
722d03a9-3aed-464d-9235-bd7b983cd5b6,fd61ebd5-5843-4968-ba1c-a0d1ce48e23c,dc2e59f6-23af-4f97-9744-f4ecba10e6b9,2024-10-27,71be3019-2872-4e46-9e8f-941663554ca2,,1,562500,0.00000000000000000000,562500.00000000000000000000,,Delivered,2026-06-18 23:55:42.102791+00
8815d8eb-a5d1-4697-adaf-ec995217e1b0,d01b0fb1-a779-4974-8c1d-22d7acdd4f97,015eb1db-709a-4027-a595-b8290f683dd4,2025-10-06,9c8577e0-bac5-40ed-ab97-d69d5aadb619,,1,562500,0.00000000000000000000,562500.00000000000000000000,,Delivered,2026-06-18 23:55:42.102791+00
e1d0fd0c-7e2c-459d-a5a9-8447a0c821dc,0aed7b54-c230-48b4-8987-327ff4aaaf2c,701283a1-e5bc-425b-aa44-46fd15747cb5,2024-12-27,ddc6b03a-4a98-439c-bfaf-cb665a6c6c5b,,1,560000,0.00000000000000000000,560000.00000000000000000000,,Delivered,2026-06-18 23:55:42.102791+00
77dcf59e-3fff-425f-a062-35a74f8e06b8,3ff5214f-7090-4737-b712-0684e5c97382,83332e67-88c0-4ae9-806a-04f4a16a2fa4,2024-12-10,8da5249a-c2b8-48c3-b61c-12ecf6d898d8,,1,559000,0.00000000000000000000,559000.00000000000000000000,,Delivered,2026-06-18 23:55:42.102791+00
fb9d11cb-03ad-4989-b665-25cb8cd2a47d,56f4ca7b-ae88-420a-a684-98dd955c23f1,0c7781a3-1196-404b-b149-9764734b5d10,2024-07-31,71be3019-2872-4e46-9e8f-941663554ca2,,1,558810,0.00000000000000000000,558810.00000000000000000000,,Delivered,2026-06-18 23:55:42.102791+00
98e2189e-2a80-40e8-8437-ad34ca942c20,cd3525a5-068b-4554-b949-7aa0eaab1e93,657bde02-430c-4f7a-90f3-3f9f0ed46706,2024-10-14,8da5249a-c2b8-48c3-b61c-12ecf6d898d8,,1,557000,0.00000000000000000000,557000.00000000000000000000,,Delivered,2026-06-18 23:55:42.102791+00
8a15c40c-1be9-4cf0-918e-0ae8e8c4153a,b7ad2230-c330-447e-b31d-5e88778b3605,7e797b8f-51bf-4855-8348-7aee4ef80ece,2024-09-19,8da5249a-c2b8-48c3-b61c-12ecf6d898d8,,1,555125,0.00000000000000000000,555125.00000000000000000000,,Delivered,2026-06-18 23:55:42.102791+00
b3fdbdaa-d1de-43f0-b7c7-31e06820e8ac,1fa31705-1168-442d-b270-45c56e5d4a66,5eef0f27-772d-476b-8368-22b043e398d6,2025-01-08,71be3019-2872-4e46-9e8f-941663554ca2,,1,555000,0.00000000000000000000,555000.00000000000000000000,,Delivered,2026-06-18 23:55:42.102791+00
f1eb796d-28f6-4906-93fb-19e3a1c82854,9275be52-e231-40d2-b649-869b8db2a947,044afb56-2068-4e64-b129-f7db81a7bb00,2024-11-24,8da5249a-c2b8-48c3-b61c-12ecf6d898d8,,1,553600,0.00000000000000000000,553600.00000000000000000000,,Delivered,2026-06-18 23:55:42.102791+00
e937b53e-3455-4bda-bc67-af3976e01d0e,8fb5d283-6d32-41cc-ab0e-af24f5458c86,4795d6d7-35bb-49a8-8642-487fe3399425,2025-01-29,4981436e-024e-4995-a548-d32aefa7e1e8,,1,552000,0.00000000000000000000,552000.00000000000000000000,,Delivered,2026-06-18 23:55:42.102791+00
23d28c62-8cd2-4570-a28c-7541a19996fb,5f4f8f1a-1fde-40a6-9cef-55c89a5c07c6,f4b83ca4-21a9-4492-8a26-7277b61081c7,2024-11-25,71be3019-2872-4e46-9e8f-941663554ca2,,1,698200,0.00000000000000000000,698200.00000000000000000000,,Delivered,2026-06-18 23:55:42.102791+00
cda5af79-7f7e-4e1e-9474-bd52c0d32333,1d182698-4ff8-4ed1-9652-c2b41fa23cdc,f7148433-6fd3-4a43-bd0f-5349a66c922b,2025-03-24,61512ab1-0ef3-4a1e-87f7-c1818d094209,,1,692000,0.00000000000000000000,692000.00000000000000000000,,Delivered,2026-06-18 23:55:42.102791+00
5082660f-12d5-4ee0-aaa9-d355719bc252,b19c9d23-c21d-4983-9021-cdd2e24b31c3,2604552c-2415-487e-982b-e6ae6c0c7a35,2025-05-29,6eb42534-b7c0-486a-a2c6-379e3ca78b31,,1,685000,0.00000000000000000000,685000.00000000000000000000,,Delivered,2026-06-18 23:55:42.102791+00
5af379c7-d277-44a7-96a7-6f834e83bbb3,e8e8b926-49b0-4ff8-b2ff-06b2b39a9388,60e430d6-6d25-424e-8833-d759151594c8,2025-02-23,4981436e-024e-4995-a548-d32aefa7e1e8,,1,682500,0.00000000000000000000,682500.00000000000000000000,,Delivered,2026-06-18 23:55:42.102791+00
71c863f2-a28a-4e82-91e6-4ab2e7c94153,8f7aadff-8d03-4c96-8992-805aaac2c63b,b5c8d002-e1ee-46e3-b719-0363a356cc2a,2025-12-05,13434759-d4fc-4dc9-ad3b-480ab7211da2,,1,675249,0.00000000000000000000,675249.00000000000000000000,,Delivered,2026-06-18 23:55:42.102791+00
e0237d8c-d65c-4b98-a1b3-5566dd026ea0,fd8a300f-2ebd-4024-94d2-d2b8fe7b72ba,e8f99023-5b1c-4faa-9ae6-adbc19606896,2025-05-02,6e294634-9504-4be4-960e-df2f3ae4b416,,1,675000,0.00000000000000000000,675000.00000000000000000000,,Delivered,2026-06-18 23:55:42.102791+00
5b00b554-bd74-44ba-a7a0-4447b0c65bc9,f5e83c15-c9de-4e0c-bfa9-1a12c85a6e96,b5a38057-86e9-45a0-bd4c-ccb36a9519b5,2024-11-21,a196000a-c83c-402d-8024-2a2c4dda447c,,1,668999,0.00000000000000000000,668999.00000000000000000000,,Delivered,2026-06-18 23:55:42.102791+00
db247154-2d86-4717-9377-f62399fe858b,50f951bb-81bd-463a-91a9-cef6e150a5e0,c71f6014-3e4f-4ca6-8a80-63601f2fa506,2024-07-23,24aef1b9-d897-43a8-b394-84a3eaf5e593,,1,661700,0.00000000000000000000,661700.00000000000000000000,,Delivered,2026-06-18 23:55:42.102791+00
f72b0c71-fd3a-408e-92db-d497a0d3da54,35faf23a-986a-456a-9214-d6d65c88c086,8baba11d-ed92-411f-97a6-1a3ad85fb954,2025-01-22,be6aebf8-8a0f-4527-a9d4-d94f09f3c93a,,1,660000,0.00000000000000000000,660000.00000000000000000000,,Delivered,2026-06-18 23:55:42.102791+00
17951a42-3870-45b0-a89b-890425ce2ba3,6331bcd8-f76d-4ec3-a86f-a5d42c91798f,e4a806cb-8bf6-4035-9ff1-8c75d65aafc2,2026-01-16,13434759-d4fc-4dc9-ad3b-480ab7211da2,,1,652750,0.00000000000000000000,652750.00000000000000000000,,Delivered,2026-06-18 23:55:42.102791+00
c7c5c0a1-76d3-4aa1-9629-92462bd0b9dd,b2e3b49b-c64d-43cd-8a0f-ff802c11c162,e785d9cf-f0c1-49c0-9689-eafb6f555cbc,2025-01-20,71be3019-2872-4e46-9e8f-941663554ca2,,1,648500,0.00000000000000000000,648500.00000000000000000000,,Delivered,2026-06-18 23:55:42.102791+00
5a2d8337-9c58-485a-a5f8-b8317dfe4f14,b462101e-a7ce-46ad-b406-93986802cd38,4cf9b4fc-b2c4-4663-95dd-bad7f2bc87da,2025-03-12,71be3019-2872-4e46-9e8f-941663554ca2,,1,631500,0.00000000000000000000,631500.00000000000000000000,,Delivered,2026-06-18 23:55:42.102791+00
735a6645-9d6d-44b5-8b9b-0b544e329727,bc3772ba-2afb-45b5-abef-f289d271da94,02acf888-d864-4cdb-978d-2c54680a8e74,2024-11-13,a196000a-c83c-402d-8024-2a2c4dda447c,,1,629999,0.00000000000000000000,629999.00000000000000000000,,Delivered,2026-06-18 23:55:42.102791+00
3e641bfa-8b27-47fb-ade2-54002ef546f6,21972bb1-3b40-4cd3-b94c-eed84fba388f,7fae5241-8961-4bad-9ef7-7ed563eb8529,2026-02-15,13434759-d4fc-4dc9-ad3b-480ab7211da2,,1,624679,0.00000000000000000000,624679.00000000000000000000,,Delivered,2026-06-18 23:55:42.102791+00
ee318ed6-ad6a-46ad-af61-8926eea7fac6,1c9f7875-7ec5-4b5a-a30f-3c11ce41db15,267f5b29-9027-4fbc-8b7f-412299d91aaa,2025-11-04,96b16a85-109f-4221-acc1-70fa87bccddc,,1,621200,0.00000000000000000000,621200.00000000000000000000,,Delivered,2026-06-18 23:55:42.102791+00
08b45be1-47c5-45cf-9c97-14d8e1e364f0,767b267e-f3fd-4f09-94a0-0c6677f8f08a,c643e079-b080-4798-aa76-dc4af3f5842e,2025-07-30,71be3019-2872-4e46-9e8f-941663554ca2,,1,617350,0.00000000000000000000,617350.00000000000000000000,,Delivered,2026-06-18 23:55:42.102791+00
cffd9130-127d-4cbb-9086-af2cc28f160d,e55557e7-ffad-4b2d-8d8d-87d1e89840eb,f141846a-a5a7-4c85-94f4-ab07aceb6c82,2025-12-29,9c8577e0-bac5-40ed-ab97-d69d5aadb619,,1,615538,0.00000000000000000000,615538.00000000000000000000,,Delivered,2026-06-18 23:55:42.102791+00
007f040d-8d85-4f7d-ba1c-3d400d177b42,0f5019a8-2c8c-4338-b05b-825b7c873bb2,9e774fab-cc5c-432b-8dcf-c7939c174e8d,2024-12-24,a196000a-c83c-402d-8024-2a2c4dda447c,,1,614999,0.00000000000000000000,614999.00000000000000000000,,Delivered,2026-06-18 23:55:42.102791+00
65ff733f-a256-4c09-b30a-76ed33daee65,64efb190-6606-4474-878f-8732abb4000a,8efa4d09-3ee3-4d24-8a70-24897e272619,2025-07-28,4f0cd4d4-6997-4586-b94d-cfbfc15ccd92,,1,610000,0.00000000000000000000,610000.00000000000000000000,,Delivered,2026-06-18 23:55:42.102791+00
66ec48f4-af5e-4a10-aa55-a9e91a54f284,0694a00c-531e-4227-93ba-286bbe56ec91,749f6091-8d44-4e93-96e0-bd0602c315c8,2025-11-27,242b18b0-2b6e-4ef6-b311-fa29444b997b,,1,609700,0.00000000000000000000,609700.00000000000000000000,,Delivered,2026-06-18 23:55:42.102791+00
c43af871-4711-4a33-826d-7ae0baf22e70,0ca2c0f8-8f08-461b-af2e-3919bcdef529,bd9070da-19fc-4609-8e16-28e487307517,2025-01-31,a196000a-c83c-402d-8024-2a2c4dda447c,,1,605100,0.00000000000000000000,605100.00000000000000000000,,Delivered,2026-06-18 23:55:42.102791+00
5ebbe3da-e5a3-49cf-8080-b3441565f59a,bb092bd7-0d37-4e23-a181-145948e0c478,8669df09-281b-4444-8298-199a03edeb7b,2026-02-18,71be3019-2872-4e46-9e8f-941663554ca2,,1,603500,0.00000000000000000000,603500.00000000000000000000,,Delivered,2026-06-18 23:55:42.102791+00
6d8ba3f3-eabc-4f61-9b1a-d72c22cdaaa5,a692878e-bb41-4812-ada7-a5661ef839bc,0e640447-843d-4313-a04c-3124695f60d7,2025-06-17,95c5d920-3701-494c-b8ec-568a66ffc4ad,,1,601000,0.00000000000000000000,601000.00000000000000000000,,Delivered,2026-06-18 23:55:42.102791+00
e760f583-8d86-4bb5-b8d8-4765b22d9e46,baa6130f-49cd-4980-b00c-8fa6e7f86021,b54ea9a8-c06f-4f40-ac63-623a7f3874e9,2024-12-12,a196000a-c83c-402d-8024-2a2c4dda447c,,1,600989,0.00000000000000000000,600989.00000000000000000000,,Delivered,2026-06-18 23:55:42.102791+00
7dd52152-a185-4ec5-b3e3-a07ed3d3dd79,92f5a4aa-fc10-413a-8ae8-fbf3b211d0cc,39f6c384-c2a8-4eb4-81cc-61e04ad4e249,2025-11-21,ee050b45-8c17-4d06-ba05-a7f64ed04dab,,1,595000,0.00000000000000000000,595000.00000000000000000000,,Delivered,2026-06-18 23:55:42.102791+00
4e188be0-c764-4c31-995e-6880d296f64a,1be55655-acc5-4a72-8201-b9b75733fa68,0ead4e58-267d-4b65-adcc-cc10cbc4e9cb,2025-09-29,3907239e-a3a6-4372-a3f2-e3025acb2412,,1,594687,0.00000000000000000000,594687.00000000000000000000,,Delivered,2026-06-18 23:55:42.102791+00
b99c5e06-0cfa-4424-8afd-058607a22a07,cea2edf0-7391-4414-b39f-ffb32b6ad730,af48a8bf-ca6c-41e1-9790-a06b1d21b846,2025-01-26,e0140edd-1909-49ae-9bdf-d36e683f578d,,1,588800,0.00000000000000000000,588800.00000000000000000000,,Delivered,2026-06-18 23:55:42.102791+00
27b80ec4-80a3-4dea-8be8-ff421dd85682,3a1d6e52-34d8-4102-af2c-38b729fd96d5,202af859-91dd-47e2-8b9e-1ea4185a4be4,2024-07-29,ee050b45-8c17-4d06-ba05-a7f64ed04dab,,1,586234,0.00000000000000000000,586234.00000000000000000000,,Delivered,2026-06-18 23:55:42.102791+00
ad5584c6-10fe-45c0-b2db-e3baeff103c4,4b370ed8-1d13-454d-8094-e94a9c46d63f,2299f1c6-981d-44d4-8a19-0d6f78b1edf3,2025-07-08,71be3019-2872-4e46-9e8f-941663554ca2,,1,578250,0.00000000000000000000,578250.00000000000000000000,,Delivered,2026-06-18 23:55:42.102791+00
4ddd110e-635f-40b7-b8bc-e26cabfda3cd,0dc35a0b-c70e-4c2f-8ed5-b304ebad3ab9,db8b9d00-cf55-4f16-8993-1fdce998c41f,2024-08-09,ba2a426b-f3d4-434e-ae15-02fb4d0d1756,,1,578125,0.00000000000000000000,578125.00000000000000000000,,Delivered,2026-06-18 23:55:42.102791+00
f3cbc9f6-b360-4a66-8c31-3e271a7319d1,012c0b01-d059-47af-b865-9890f0803cc2,7b7e7f2d-2d39-4a72-802f-ef07d4ff747e,2024-07-04,71be3019-2872-4e46-9e8f-941663554ca2,,1,575250,0.00000000000000000000,575250.00000000000000000000,,Delivered,2026-06-18 23:55:42.102791+00
7d3bf7c1-4495-4754-8916-e3fe7c1c84e7,ecbb4053-a99a-48f0-8d98-ffee7951383c,b072ea39-5cc2-455a-96ed-9cece5949c15,2025-03-07,71be3019-2872-4e46-9e8f-941663554ca2,,1,573400,0.00000000000000000000,573400.00000000000000000000,,Delivered,2026-06-18 23:55:42.102791+00
1492a8bd-7590-4ade-a2b9-36fe48e4be8b,dd681771-b36c-49f2-ac3d-796833357e84,fa59f56e-82aa-48fb-8951-8c3b6148713b,2024-12-25,d3bd615d-d50e-4da2-853b-1f8f3eea6550,,1,570000,0.00000000000000000000,570000.00000000000000000000,,Delivered,2026-06-18 23:55:42.102791+00
a8ef5b4d-e2c1-4cb5-859d-f6d5559921dc,c5e85bad-5bf8-4a3b-9d2c-f2c18f8bdced,ea32427a-72b8-4466-a85d-c77edb999bed,2024-12-09,d3bd615d-d50e-4da2-853b-1f8f3eea6550,,1,570000,0.00000000000000000000,570000.00000000000000000000,,Delivered,2026-06-18 23:55:42.102791+00
be729572-25a7-4b9e-8e87-e6c3ef724b98,4092faf6-6471-4d2e-beff-b90117047cd3,bddf08bb-dbf6-449a-a257-5a9ccac7e7a6,2025-06-26,71be3019-2872-4e46-9e8f-941663554ca2,,1,569500,0.00000000000000000000,569500.00000000000000000000,,Delivered,2026-06-18 23:55:42.102791+00
6cb281e7-59b4-4a62-9941-6492f9f8b19a,4b2190ac-9e02-4296-82a7-119727c9dcfb,9e9326c9-5ec7-497a-83a6-7ef01ce12077,2025-05-05,6e294634-9504-4be4-960e-df2f3ae4b416,,1,567500,0.00000000000000000000,567500.00000000000000000000,,Delivered,2026-06-18 23:55:42.102791+00
46778294-23b6-495d-a606-4d9a32d3a550,f22fd571-1cf9-4758-bc05-85bb66de8d05,17d0d420-da8a-4fed-9fac-feee2008b8d9,2024-10-23,ccb49d47-ef18-415e-84ff-5119d836592b,,1,564453,0.00000000000000000000,564453.00000000000000000000,,Delivered,2026-06-18 23:55:42.102791+00
bb0c1f51-441f-42fa-9421-be1ccb9a0bba,da187e5f-92bb-4328-8525-0288f58e3b14,fba62c94-cf11-47c3-89a4-9d1f8f0eba0a,2024-07-29,8da5249a-c2b8-48c3-b61c-12ecf6d898d8,,1,563500,0.00000000000000000000,563500.00000000000000000000,,Delivered,2026-06-18 23:55:42.102791+00
90a5e16d-32b1-4fc4-a447-4cdbc215f970,9c7217fa-3183-4282-aaef-ca826e12f6f7,1350aad3-7916-4c03-a339-7b9a87cd3890,2025-10-24,ee050b45-8c17-4d06-ba05-a7f64ed04dab,,1,562500,0.00000000000000000000,562500.00000000000000000000,,Delivered,2026-06-18 23:55:42.102791+00
380d8445-1019-493f-ad16-161aa5cbcb07,b8071c2a-3d01-4fc6-927e-bc65d8704648,ffeabc32-637c-42d2-ae30-8c5142ea41b6,2024-10-23,e0127f48-7045-4fdc-b308-c030eb515cc1,,1,562500,0.00000000000000000000,562500.00000000000000000000,,Delivered,2026-06-18 23:55:42.102791+00
fb966944-6b0c-4d66-8fc6-1eb7490b280c,b949a3c0-fe88-46fc-a60b-4fa0d867e8e8,d626e443-acc9-4d2d-83af-617a9f198754,2025-11-18,e96db2f5-75f3-4573-9c7d-2862020fc1be,,1,561000,0.00000000000000000000,561000.00000000000000000000,,Delivered,2026-06-18 23:55:42.102791+00
0008e9f4-c0ea-4f69-997b-3565a9de2846,9fc9e2e0-ef90-482b-979b-52ce35d532d1,fb66f7db-bb2f-4ba1-bdb5-cf22b3720410,2024-12-20,8da5249a-c2b8-48c3-b61c-12ecf6d898d8,,1,559000,0.00000000000000000000,559000.00000000000000000000,,Delivered,2026-06-18 23:55:42.102791+00
6f18ef80-14ec-49bb-8300-7cee9c782374,6f8bd61d-cac6-4a07-9551-ae1e64f572f0,959889b9-f313-4ada-92b2-e8b00890e48a,2024-11-18,8da5249a-c2b8-48c3-b61c-12ecf6d898d8,,1,559000,0.00000000000000000000,559000.00000000000000000000,,Delivered,2026-06-18 23:55:42.102791+00
52196a95-60b0-4d7a-ac96-6f8d374f7dc0,3ea95858-a335-4cbb-af33-8ae292035087,e7594b95-e2c7-4dab-95a1-ba0edc954cd7,2025-08-20,e99e6ca5-a4bb-4343-a635-49f04389ca2a,,1,558300,0.00000000000000000000,558300.00000000000000000000,,Delivered,2026-06-18 23:55:42.102791+00
9b1116e4-2dc9-47d6-b7f8-4759b8d0a2b7,d2fe2469-3243-45ce-8f4f-37043eba3125,aa2269e8-c96b-4c95-96e4-ff2090ac4b72,2025-01-17,f8f33b1f-87de-473a-b1b4-85908a4b3fbb,,1,556250,0.00000000000000000000,556250.00000000000000000000,,Delivered,2026-06-18 23:55:42.102791+00
ce94e98f-40a9-4248-a198-dfeda5d471a8,4b3e59c3-8af7-455c-aef4-52a457f65c2f,eb455cfb-9ad4-427e-9bfd-464f0c24ab12,2025-05-23,f8f33b1f-87de-473a-b1b4-85908a4b3fbb,,1,555000,0.00000000000000000000,555000.00000000000000000000,,Delivered,2026-06-18 23:55:42.102791+00
4408ab85-8efc-4483-a0ec-aa8ccc786d56,be8aaa92-7614-4420-a2fc-50140b3cce82,2461b969-dc56-472f-8aae-9c1f47fed3bb,2024-10-29,8da5249a-c2b8-48c3-b61c-12ecf6d898d8,,1,553250,0.00000000000000000000,553250.00000000000000000000,,Delivered,2026-06-18 23:55:42.102791+00
627cbcfa-17b3-4446-9119-7d8154de3918,a8e7e1f9-cb4c-4fbc-a75b-e8d2a94c2417,c77c0b47-dcea-44f6-b25c-b52f3a06bbaa,2025-06-19,a196000a-c83c-402d-8024-2a2c4dda447c,,1,551999,0.00000000000000000000,551999.00000000000000000000,,Delivered,2026-06-18 23:55:42.102791+00
f8d2f40e-c044-4791-94ee-4353425707b6,cb6707e7-7fbd-41ce-bae1-4ce40564a0b1,18a77352-9f24-48fc-90da-d6fb6583e303,2024-11-17,71be3019-2872-4e46-9e8f-941663554ca2,,1,690300,0.00000000000000000000,690300.00000000000000000000,,Delivered,2026-06-18 23:55:42.102791+00
35452be7-cfdf-4cb4-ba1d-277513678216,4f18d3c2-d569-4bce-bcb5-64d9c0c8e822,1640a3cc-f991-4089-9c44-3b5c96eabc59,2025-10-22,b40a002d-568f-4cae-beb7-9546cfedd363,,1,686250,0.00000000000000000000,686250.00000000000000000000,,Delivered,2026-06-18 23:55:42.102791+00
b7a74b9d-552e-4b9c-8858-2b8b0a934c9c,7faec2ea-9470-4fc6-902e-00e5df8a81ca,0f331368-5044-4cd9-b7cb-e8c074a0c589,2025-08-24,71be3019-2872-4e46-9e8f-941663554ca2,,1,681800,0.00000000000000000000,681800.00000000000000000000,,Delivered,2026-06-18 23:55:42.102791+00
33ec262b-5ba0-4942-8eda-91a31ded2276,030825a9-d422-4558-ae40-0d957d7cc5ac,577f90ed-78aa-4dc8-a47a-f6d2935d48bd,2025-07-31,99654bf2-99d2-4963-a48f-35d1eacc4352,,1,676889,0.00000000000000000000,676889.00000000000000000000,,Delivered,2026-06-18 23:55:42.102791+00
e4b47d97-8c01-4a79-9297-1cf2a6b179ac,b89a94d2-b31c-4c70-aca6-69b5838eaa51,927e7513-722f-46a6-b24f-28b334353aaa,2025-11-02,71be3019-2872-4e46-9e8f-941663554ca2,,1,674584,0.00000000000000000000,674584.00000000000000000000,,Delivered,2026-06-18 23:55:42.102791+00
8dce0d8f-ba2e-4440-afab-a9328bea054f,d8258a25-c922-43c9-b22b-ea6d086ff54f,d5f047a8-5493-4bc1-8f12-966fc57984f2,2025-01-12,71be3019-2872-4e46-9e8f-941663554ca2,,1,668150,0.00000000000000000000,668150.00000000000000000000,,Delivered,2026-06-18 23:55:42.102791+00
6db1a612-3213-4567-80db-fccb7875c6d3,ca1e80ff-d065-4ba1-9f47-28c1c00fb8f3,f3094135-5aeb-4d01-b608-a7f66bd515f4,2025-09-21,22c3834b-a9d8-4851-8514-d59d3b562b07,,1,660812,0.00000000000000000000,660812.00000000000000000000,,Delivered,2026-06-18 23:55:42.102791+00
bfef9b10-e945-447e-96c1-c19771f87ec1,aa03455d-105f-4248-b991-44245d5bd11e,936dfdc7-a418-4bae-a38e-d1712740837b,2025-01-08,be6aebf8-8a0f-4527-a9d4-d94f09f3c93a,,1,660000,0.00000000000000000000,660000.00000000000000000000,,Delivered,2026-06-18 23:55:42.102791+00
d379b48d-34b6-4bd9-b42e-64077a0498d0,a5567254-52d9-4a85-b7c3-120800ff720f,af266bcf-faa9-4e0d-8b60-70cb09384cfb,2026-01-15,13434759-d4fc-4dc9-ad3b-480ab7211da2,,1,652750,0.00000000000000000000,652750.00000000000000000000,,Delivered,2026-06-18 23:55:42.102791+00
624db20c-ff6d-4be2-a6fd-31cdd3d8f18b,d587f00f-1291-45cc-880f-de5537fcd2d9,3091a035-ea1d-468e-b64f-0579ba9791aa,2025-02-18,71be3019-2872-4e46-9e8f-941663554ca2,,1,643125,0.00000000000000000000,643125.00000000000000000000,,Delivered,2026-06-18 23:55:42.102791+00
2ed8ebad-3b04-47f5-b9df-073fd2babf64,1f7301d4-f014-4c21-b032-7e39084882da,8e10d9d3-2f04-4340-a1e9-a3346053a145,2026-02-10,242b18b0-2b6e-4ef6-b311-fa29444b997b,,1,636000,0.00000000000000000000,636000.00000000000000000000,,Delivered,2026-06-18 23:55:42.102791+00
1dd498f6-ccae-4387-8156-c6a58f18fb2e,81ceb154-4e36-418b-8fe4-5f9208de94b8,15b368d0-3a7f-43f9-a7fe-59311aa68b92,2025-01-07,71be3019-2872-4e46-9e8f-941663554ca2,,1,630200,0.00000000000000000000,630200.00000000000000000000,,Delivered,2026-06-18 23:55:42.102791+00
a23337c4-59ff-4c0a-8cde-a197c5d7627a,454d5296-9ab7-4bc3-aa24-e87af696a950,1d01d5f6-79b0-4d4c-b17c-68b89136c1ff,2024-06-24,71be3019-2872-4e46-9e8f-941663554ca2,,1,624700,0.00000000000000000000,624700.00000000000000000000,,Delivered,2026-06-18 23:55:42.102791+00
2fbd1a54-2ac7-460c-8cac-8b725c6e206d,baa68b8e-ee65-476c-ac64-283b8cfd0296,069b028a-5ee6-464c-9d18-62ce9cbb8feb,2025-02-11,71be3019-2872-4e46-9e8f-941663554ca2,,1,623500,0.00000000000000000000,623500.00000000000000000000,,Delivered,2026-06-18 23:55:42.102791+00
87e25cb9-6ca1-474a-bb86-e80b1ef8e280,b7acae05-1755-4017-9d9a-03661affb854,217f812c-8d58-4614-ba91-7db16641c5a8,2025-09-15,71be3019-2872-4e46-9e8f-941663554ca2,,1,618000,0.00000000000000000000,618000.00000000000000000000,,Delivered,2026-06-18 23:55:42.102791+00
4eddbb69-3069-436b-9011-bb3a8e31c9b8,f7d5fbd4-ab3f-4937-b75e-4a82a1be144d,b8a10668-d2c5-42d1-91e1-307bb1b0cdb5,2025-09-23,242b18b0-2b6e-4ef6-b311-fa29444b997b,,1,615000,0.00000000000000000000,615000.00000000000000000000,,Delivered,2026-06-18 23:55:42.102791+00
c7cf076e-a6ca-4ee9-8bc0-2f4ad02ce53a,c0d63c9d-441d-4a83-b1f1-050aea735688,654e99fa-c5c1-41f0-90b0-38df5574d7c6,2025-01-20,f0fcd114-c83c-4557-ab8e-29869eb50b7b,,1,610500,0.00000000000000000000,610500.00000000000000000000,,Delivered,2026-06-18 23:55:42.102791+00
c0f89063-00e1-4e77-ab0f-2c3ce338e483,3f50fd66-6a6f-42a8-949e-d96f5f18e66c,7021ae09-5a29-45b7-bdd4-f866333992b4,2024-07-19,8da5249a-c2b8-48c3-b61c-12ecf6d898d8,,1,609700,0.00000000000000000000,609700.00000000000000000000,,Delivered,2026-06-18 23:55:42.102791+00
b82ac947-1e03-469f-a14c-218722bc514f,f72f50e1-f24e-4ed4-b073-81142fdfd7c4,4aa99dd9-57cc-4b12-82bb-6e24ce5de7db,2025-08-03,71be3019-2872-4e46-9e8f-941663554ca2,,1,607632,0.00000000000000000000,607632.00000000000000000000,,Delivered,2026-06-18 23:55:42.102791+00
86d08ffa-c31e-4cc6-b758-7ea928a26093,17e49a16-07b0-4797-a5e7-cf1efc2b4871,b51b7755-181b-4264-8f7d-6ab8f4c96a9e,2026-01-29,7278af2d-7018-4d13-bb4d-1b35f4307714,,1,606000,0.00000000000000000000,606000.00000000000000000000,,Delivered,2026-06-18 23:55:42.102791+00
23ca35c1-fea4-4f73-bad6-a31660596689,e2300546-8c1d-4f85-a6cd-553a2fdca31f,ca6454f5-750f-4e43-9289-246fec07829b,2024-08-23,71be3019-2872-4e46-9e8f-941663554ca2,,1,605000,0.00000000000000000000,605000.00000000000000000000,,Delivered,2026-06-18 23:55:42.102791+00
0768f5a4-a571-4e4c-bc1a-e4905749a706,730e838e-c1ce-457a-962a-04a4f2cef585,9b892bd1-afdc-4f88-87c7-497859be7dd9,2024-07-31,ee050b45-8c17-4d06-ba05-a7f64ed04dab,,1,602223,0.00000000000000000000,602223.00000000000000000000,,Delivered,2026-06-18 23:55:42.102791+00
93cf2575-ff61-4d4c-8a72-b63942414987,87a74476-5969-486d-85b1-9fdaa143fc1e,490c0da5-5a55-4d53-b837-da8fc695ada7,2026-01-05,71be3019-2872-4e46-9e8f-941663554ca2,,1,600875,0.00000000000000000000,600875.00000000000000000000,,Delivered,2026-06-18 23:55:42.102791+00
a6608adc-2e4a-491b-99b6-4e075e863846,a61fac4b-3771-4b9d-bfc6-3962e5581ae4,287495bb-444f-4f60-a966-16b069251a9e,2025-09-15,4b5902bf-67f1-4e06-8882-ca516c1842db,,1,595860,0.00000000000000000000,595860.00000000000000000000,,Delivered,2026-06-18 23:55:42.102791+00
ee51978c-4c32-4bb5-985a-718e630e3ca4,92350eb6-917e-4682-9618-10856f9bd5ca,b5495342-703a-40c9-80e2-cb04cc27307a,2024-07-07,71be3019-2872-4e46-9e8f-941663554ca2,,1,592500,0.00000000000000000000,592500.00000000000000000000,,Delivered,2026-06-18 23:55:42.102791+00
20fbf08b-d7b4-48e9-bda2-7bd44ef9e0f7,4bf5c86b-c5ec-42e2-b0b6-fefd51c9df82,337f4d7e-92ac-4d89-b7b5-9141fa539752,2024-12-11,353bb4af-8760-4bd7-a2d2-354d4f3d52ba,,1,589187,0.00000000000000000000,589187.00000000000000000000,,Delivered,2026-06-18 23:55:42.102791+00
19e714bd-2eb5-45f6-9a1c-8e2e04758aa9,51da0439-d7a9-47b1-8c62-fd43647afce1,01c0407c-53cd-4b0b-a2fe-59bc9a1395cc,2025-12-26,13434759-d4fc-4dc9-ad3b-480ab7211da2,,1,585420,0.00000000000000000000,585420.00000000000000000000,,Delivered,2026-06-18 23:55:42.102791+00
7af39956-7495-4af0-bcef-6bd8a762f012,7d6a92be-6d39-4594-a460-2c5f734b1cf8,3086fd52-8e13-45b2-95a5-c31007227549,2025-06-27,71be3019-2872-4e46-9e8f-941663554ca2,,1,580450,0.00000000000000000000,580450.00000000000000000000,,Delivered,2026-06-18 23:55:42.102791+00
23430a49-f2a2-4fd0-b3d3-49f2f261b790,d5d525e8-fa70-42f7-83fb-bac1ba843eb9,517f63fd-b356-40e6-a392-dce59cb2dde4,2024-12-25,a196000a-c83c-402d-8024-2a2c4dda447c,,1,576798,0.00000000000000000000,576798.00000000000000000000,,Delivered,2026-06-18 23:55:42.102791+00
41d6c4f9-d0dd-46ac-a1ec-de17ed13a2d6,e045f8e0-9557-4fe1-9ae3-3738a3175b83,619b28d5-499c-4cfd-9989-ef38f3fbcea9,2025-07-15,e363fd6a-6b4d-4a1e-bc25-3407c67f6af1,,1,574900,0.00000000000000000000,574900.00000000000000000000,,Delivered,2026-06-18 23:55:42.102791+00
6607333e-45e9-4444-abf7-971d711d8a53,4e548e7a-3750-4aef-bebb-2d05bfff7962,1b60afc2-0dea-4da0-b729-d3c6ae7989aa,2024-07-19,8da5249a-c2b8-48c3-b61c-12ecf6d898d8,,1,573000,0.00000000000000000000,573000.00000000000000000000,,Delivered,2026-06-18 23:55:42.102791+00
4a8711e4-e173-42c0-ac64-d43c0d41f7f4,b0431f27-7551-43c6-9e6d-8a7cd1ffed5f,00d4e9b3-dfc7-44c6-bb09-57cd13b4c332,2024-08-07,8da5249a-c2b8-48c3-b61c-12ecf6d898d8,,1,572400,0.00000000000000000000,572400.00000000000000000000,,Delivered,2026-06-18 23:55:42.102791+00
04a36f07-b1ad-45ac-b5f0-6ff4aa9adae1,3184da3a-f55f-4e65-a5ba-760d64005fd1,34468ddd-4015-4029-ba43-7a64b1227871,2024-11-07,8da5249a-c2b8-48c3-b61c-12ecf6d898d8,,1,570075,0.00000000000000000000,570075.00000000000000000000,,Delivered,2026-06-18 23:55:42.102791+00
b4536a92-0b4a-444a-8e59-463c37e7052f,7c756715-c766-4d3d-82e4-b72c9530759a,3ee9e71e-3b33-4505-a519-6939e28f2fb9,2025-01-07,71be3019-2872-4e46-9e8f-941663554ca2,,1,570000,0.00000000000000000000,570000.00000000000000000000,,Delivered,2026-06-18 23:55:42.102791+00
a0be382d-a0ea-48e1-b08b-718c07d616c1,26ea250e-c786-4488-99e2-b88ce47ae986,c4de21aa-d820-4db3-895c-f110e7c46637,2024-11-28,8da5249a-c2b8-48c3-b61c-12ecf6d898d8,,1,569000,0.00000000000000000000,569000.00000000000000000000,,Delivered,2026-06-18 23:55:42.102791+00
8264ca82-a60a-44c7-a68a-61a9be7ccfd0,70017d50-a992-4dc2-a815-81e9da8cf280,9c30baa2-60fc-428d-9008-31b1de350e43,2024-07-24,8da5249a-c2b8-48c3-b61c-12ecf6d898d8,,1,567200,0.00000000000000000000,567200.00000000000000000000,,Delivered,2026-06-18 23:55:42.102791+00
3bc2acaf-ae40-463f-a95a-5bc000e629ce,000a806a-0d6e-4254-8afa-f4fa2e5d43fe,1693ffab-8279-4fee-bbf2-6ddb5560146f,2025-11-18,71be3019-2872-4e46-9e8f-941663554ca2,,1,566200,0.00000000000000000000,566200.00000000000000000000,,Delivered,2026-06-18 23:55:42.102791+00
fd020237-308b-4197-b574-602af5fdca3e,3cb5cb03-27a5-4a57-bb26-aa0399809502,ad061ebe-6006-4511-a1ea-eeb28967a45a,2025-12-16,e8eebbbf-0288-444d-8431-e3f30876c782,,1,563437,0.00000000000000000000,563437.00000000000000000000,,Delivered,2026-06-18 23:55:42.102791+00
f4f705df-46da-40b0-ab21-c088b2cc9327,9656c794-557f-4dfa-a1e8-5cf3eaaaf57a,0cddb69e-a560-4e75-a49a-fa75b50941ed,2024-05-31,8da5249a-c2b8-48c3-b61c-12ecf6d898d8,,1,562500,0.00000000000000000000,562500.00000000000000000000,,Delivered,2026-06-18 23:55:42.102791+00
d0600351-46ee-4bfc-a558-4d8f98a60c4a,a3aad85c-7be0-4da0-805a-68dfb41f1535,f4b5c686-cee5-4fbd-a500-319c32ecfbd7,2024-07-17,71be3019-2872-4e46-9e8f-941663554ca2,,1,562400,0.00000000000000000000,562400.00000000000000000000,,Delivered,2026-06-18 23:55:42.102791+00
a56c404e-6675-4740-91f0-10b9e8435ea4,eebd444f-98a4-4ad3-8137-6dc4888b3773,5506a172-fab0-4a66-9260-aa0ca640e420,2025-12-07,18743788-16a2-4f11-93bd-cd2374745762,,1,560700,0.00000000000000000000,560700.00000000000000000000,,Delivered,2026-06-18 23:55:42.102791+00
89163b92-38d4-4607-ace9-0c4ca8c8d05a,a273d943-0a1e-48d2-86c1-1a62ca9d8fb7,402b4108-7eb4-4908-8bc2-235760322d77,2024-07-06,8da5249a-c2b8-48c3-b61c-12ecf6d898d8,,1,559200,0.00000000000000000000,559200.00000000000000000000,,Delivered,2026-06-18 23:55:42.102791+00
7576e14c-19b8-4e71-bfcc-e39db0f144c1,e15dd48d-3c38-4d01-9f8e-8d34a2803b40,0a922be5-c1e4-43eb-8c61-b52394c5950d,2025-09-18,71be3019-2872-4e46-9e8f-941663554ca2,,1,558930,0.00000000000000000000,558930.00000000000000000000,,Delivered,2026-06-18 23:55:42.102791+00
e78e01f6-b09b-45d7-95ba-8c34cf2a1682,cfbf2332-4278-450b-8d95-113a4fba4ff9,506a201a-6622-4974-952c-3fbae8121b46,2024-11-09,8da5249a-c2b8-48c3-b61c-12ecf6d898d8,,1,558000,0.00000000000000000000,558000.00000000000000000000,,Delivered,2026-06-18 23:55:42.102791+00
33e2f9ad-564a-4f1e-b3e6-9a71ebd398ba,2a90f96c-1c19-4a1b-ab4f-4dff1db338da,684a71fc-75c6-42fb-99e4-ee5e4eff22c2,2025-01-19,e50cb861-132f-46f8-adef-85c4c7c29fb5,,1,556250,0.00000000000000000000,556250.00000000000000000000,,Delivered,2026-06-18 23:55:42.102791+00
d296e5b4-3fa7-473a-ba2c-a37f2b56c010,7b2452a5-10ce-42f4-b80b-6af64567c007,39f9436f-fe5b-4c63-b5dd-a4a45610dda3,2025-11-06,6e294634-9504-4be4-960e-df2f3ae4b416,,1,555000,0.00000000000000000000,555000.00000000000000000000,,Delivered,2026-06-18 23:55:42.102791+00
6da8a6f9-c585-4c84-bcd1-39cd5ad9a932,1a7d1ba9-c019-41ca-85d4-b94098232215,4d80853b-256c-48a1-b6f4-e45719e05858,2025-01-06,4981436e-024e-4995-a548-d32aefa7e1e8,,1,555000,0.00000000000000000000,555000.00000000000000000000,,Delivered,2026-06-18 23:55:42.102791+00
d10bce5d-705d-4f0f-a2fa-a805114f7c78,214e7d44-7f77-4211-9771-a594d5f5ec22,cc0d9266-232a-42a6-932b-7ada7092dcbb,2024-08-28,71be3019-2872-4e46-9e8f-941663554ca2,,1,552300,0.00000000000000000000,552300.00000000000000000000,,Delivered,2026-06-18 23:55:42.102791+00
e5da6016-5108-474b-8a00-808ca5f87eac,49ed48e4-03a9-44e1-930f-675e761f4dcc,08ed8661-9412-4970-9aca-4b083d63446b,2025-10-06,71be3019-2872-4e46-9e8f-941663554ca2,,1,551810,0.00000000000000000000,551810.00000000000000000000,,Delivered,2026-06-18 23:55:42.102791+00
21967903-b6f1-41c7-b229-a2f718822293,fe3f2d59-16e8-420c-89b8-b5aeb791a198,16ae2080-0456-4350-8cd0-4f3ac84c66ac,2025-07-29,71be3019-2872-4e46-9e8f-941663554ca2,,1,687602,0.00000000000000000000,687602.00000000000000000000,,Delivered,2026-06-18 23:55:42.102791+00
78643cd6-d762-44fc-9e46-3c9f42afa79e,1dcb448d-cdb5-4628-9570-efe87a9870cc,8003c9be-8fe0-468c-bbab-28076af579af,2025-11-06,f3df996d-b48b-4239-8bf1-1e46b44fabd6,,1,682500,0.00000000000000000000,682500.00000000000000000000,,Delivered,2026-06-18 23:55:42.102791+00
3e94d3fb-4164-4a56-8fce-d3488cd117a0,2aea9f1c-de37-4b31-9dcc-156c2e7f7885,ee62eaf5-a142-4136-94b8-0a8a00806758,2025-05-05,6e294634-9504-4be4-960e-df2f3ae4b416,,1,681000,0.00000000000000000000,681000.00000000000000000000,,Delivered,2026-06-18 23:55:42.102791+00
66aa8544-edd1-4a13-88cc-2c02118e5006,6656e279-9231-4815-98b7-4ef350222a92,1fe6af54-3b05-4c2d-b5aa-648b4d74e6d6,2025-10-31,f3df996d-b48b-4239-8bf1-1e46b44fabd6,,1,678750,0.00000000000000000000,678750.00000000000000000000,,Delivered,2026-06-18 23:55:42.102791+00
2c4c4621-2185-45d3-b9ef-7c2c6bea3dab,3612476d-4565-4977-9d38-60b82148dc1c,5f7c8bac-aa60-4c36-8d85-38540140e7ab,2025-12-09,71be3019-2872-4e46-9e8f-941663554ca2,,1,673825,0.00000000000000000000,673825.00000000000000000000,,Delivered,2026-06-18 23:55:42.102791+00
075bd122-6a67-4257-8c4c-770063517cde,f834fb9c-02e9-4d45-89db-002ce4428da0,8f5979d3-9d5e-4000-8e82-943f1c1842d7,2025-12-18,71be3019-2872-4e46-9e8f-941663554ca2,,1,666837,0.00000000000000000000,666837.00000000000000000000,,Delivered,2026-06-18 23:55:42.102791+00
a57b9a2a-934e-431d-9c23-81b7ffc3cf04,0bc708c8-1bfc-4e14-b098-f519eaa61f82,5640d2de-05a5-4799-b411-f2e1e07d10c6,2025-09-19,2eca054f-561f-491f-8265-94eed66bdf4f,,1,660812,0.00000000000000000000,660812.00000000000000000000,,Delivered,2026-06-18 23:55:42.102791+00
07872dfc-6697-4bed-8fa2-28bbf4a53de7,92f0d194-ecd3-4484-942d-471161a5905a,45774104-1683-41a6-bc63-f4eddaf4a351,2025-08-31,71be3019-2872-4e46-9e8f-941663554ca2,,1,659250,0.00000000000000000000,659250.00000000000000000000,,Delivered,2026-06-18 23:55:42.102791+00
3313c679-22b4-428c-b94f-39e6dc33529f,5b585f55-3c08-446c-8875-60761633e48f,838f2596-c702-4091-ae11-8a7e05b54fea,2026-02-22,9c8577e0-bac5-40ed-ab97-d69d5aadb619,,1,650000,0.00000000000000000000,650000.00000000000000000000,,Delivered,2026-06-18 23:55:42.102791+00
ead18e50-a06e-43a0-b77b-d975ac8b34da,7a47cc71-d857-46bc-a55d-d2d4e51ea2cf,ac38db10-48f1-4f12-9dc3-ba9acb535dd3,2025-07-20,99654bf2-99d2-4963-a48f-35d1eacc4352,,1,641999,0.00000000000000000000,641999.00000000000000000000,,Delivered,2026-06-18 23:55:42.102791+00
9b1ec996-4621-4b5b-8aca-7f93bc7af467,381b0357-9451-491f-8a37-ce8020d7ead7,8dc52341-b6e6-489c-b9e7-c43f9a1dfe86,2026-01-23,71be3019-2872-4e46-9e8f-941663554ca2,,1,636000,0.00000000000000000000,636000.00000000000000000000,,Delivered,2026-06-18 23:55:42.102791+00
d74888ff-22bf-4d23-a89f-48a4ffa34b3d,15ef0930-f73c-4ed1-9f4b-3d988052c87f,35ad59b0-6128-4c96-9090-732bd78f647e,2024-11-10,71be3019-2872-4e46-9e8f-941663554ca2,,1,630100,0.00000000000000000000,630100.00000000000000000000,,Delivered,2026-06-18 23:55:42.102791+00
82d047f9-dc06-4d25-97bf-870f93a07278,578761dd-e84e-43bc-8ee6-b68a89ff1ca4,24e0f20f-036b-44a2-a43c-352149d95ce5,2026-02-16,13434759-d4fc-4dc9-ad3b-480ab7211da2,,1,624679,0.00000000000000000000,624679.00000000000000000000,,Delivered,2026-06-18 23:55:42.102791+00
92fbeeff-fe69-4a24-81a6-e1de41ca6809,5d0e3f64-f026-40cf-aaa9-7d07afec0c7f,f9fdfd73-3aec-4e04-b874-4ad94dc35272,2024-10-13,71be3019-2872-4e46-9e8f-941663554ca2,,1,621762,0.00000000000000000000,621762.00000000000000000000,,Delivered,2026-06-18 23:55:42.102791+00
8ddd3c19-7cd3-46da-9350-c4c74a2469ed,cef14b8e-4201-4c29-8073-906530aab4fd,4aa4bc14-b6fe-4688-9baf-85e60856a00a,2026-01-22,13434759-d4fc-4dc9-ad3b-480ab7211da2,,1,617039,0.00000000000000000000,617039.00000000000000000000,,Delivered,2026-06-18 23:55:42.102791+00
e4eebc42-932a-4bd1-95da-528a4e86c06d,73134fec-0b56-45d7-a7be-1927eb7c4ef1,9b0edb5b-eac8-4e74-a122-314fb5dc3e57,2024-06-23,8da5249a-c2b8-48c3-b61c-12ecf6d898d8,,1,615300,0.00000000000000000000,615300.00000000000000000000,,Delivered,2026-06-18 23:55:42.102791+00
7bf76e77-9876-46a1-bf66-f45c2b401b32,70dcee9f-42fd-4305-8ec8-75adcdc3211c,41e07213-1968-40a2-8f12-e03841de691a,2024-11-10,a196000a-c83c-402d-8024-2a2c4dda447c,,1,614999,0.00000000000000000000,614999.00000000000000000000,,Delivered,2026-06-18 23:55:42.102791+00
f72cf73e-5fbc-42b0-a6b6-deebaa361bcb,2439e874-5dc4-4220-b82a-10d0246d525f,1daf24e2-3550-4a86-9121-6e25f4ed47a4,2025-06-02,6e294634-9504-4be4-960e-df2f3ae4b416,,1,610000,0.00000000000000000000,610000.00000000000000000000,,Delivered,2026-06-18 23:55:42.102791+00
a58fd151-3822-4f89-ab4b-dc8663c7fdeb,245183fc-385e-48e9-a0b7-f85dc06be066,7bd4c57f-9341-4260-a94d-2f98a9f86ca8,2026-02-13,71be3019-2872-4e46-9e8f-941663554ca2,,1,609500,0.00000000000000000000,609500.00000000000000000000,,Delivered,2026-06-18 23:55:42.102791+00
375bd058-2ec7-45b8-b386-2904823aa257,9cbe5b1d-94d9-4be5-bc5d-a69cb809050d,e1d012c9-28a7-416e-b2fd-75298abf7b3b,2025-05-30,71be3019-2872-4e46-9e8f-941663554ca2,,1,607500,0.00000000000000000000,607500.00000000000000000000,,Delivered,2026-06-18 23:55:42.102791+00
d65f8dca-baa4-402e-ab4d-d6cddb6fa2e8,d719c528-8365-40b9-9b9c-bf56c0bb8709,5982c771-a4e0-418b-a7f9-3674b445e0e2,2024-12-12,a196000a-c83c-402d-8024-2a2c4dda447c,,1,605009,0.00000000000000000000,605009.00000000000000000000,,Delivered,2026-06-18 23:55:42.102791+00
35c39498-a31c-4d8e-b4b4-dbba341b5538,0552a355-5451-4f32-b39d-9e308a5878c2,8f2c2a53-ea64-4932-822f-8e8d6b8d2c1e,2025-08-27,e99e6ca5-a4bb-4343-a635-49f04389ca2a,,1,603299,0.00000000000000000000,603299.00000000000000000000,,Delivered,2026-06-18 23:55:42.102791+00
316f5281-4dda-438f-9300-c4d00359659a,42ed250c-3a98-475c-9ccf-f63e2ecc00c4,1b10702f-e7d0-44f1-83b9-ba1a6908dddc,2025-05-16,6e294634-9504-4be4-960e-df2f3ae4b416,,1,600000,0.00000000000000000000,600000.00000000000000000000,,Delivered,2026-06-18 23:55:42.102791+00
57ede743-e48e-49a5-9e79-b06a63bea90f,1a1f4f79-bb8b-48f3-964d-40a61ae60845,70c2a741-6274-4a62-b2cb-1d1561db3f9c,2025-01-13,e0140edd-1909-49ae-9bdf-d36e683f578d,,1,596000,0.00000000000000000000,596000.00000000000000000000,,Delivered,2026-06-18 23:55:42.102791+00
79501e73-57c2-4f53-8464-069ddd3c4782,3a001202-42d1-48a2-8229-dd78747afb49,29b97b06-cddf-4a05-8fee-77a4f15a28a1,2024-07-28,f0fcd114-c83c-4557-ab8e-29869eb50b7b,,1,589502,0.00000000000000000000,589502.00000000000000000000,,Delivered,2026-06-18 23:55:42.102791+00
39364473-30c5-4236-b218-824ac037f796,b5f3aa05-9714-4001-af3b-e133f0e6cbf2,0278d4f7-6747-472e-9ae1-3716c8e64548,2025-11-18,a196000a-c83c-402d-8024-2a2c4dda447c,,1,587499,0.00000000000000000000,587499.00000000000000000000,,Delivered,2026-06-18 23:55:42.102791+00
967eab97-5b69-44fc-88ce-2f710e7ae8d3,0754d631-9269-4a58-bf01-18e5e86a65e8,aa3d16e9-35ef-483f-97ad-40afc508a2a4,2025-06-26,ef173824-236e-4589-af6a-5bd7edb0e89f,,1,580000,0.00000000000000000000,580000.00000000000000000000,,Delivered,2026-06-18 23:55:42.102791+00
c495cc52-242f-4731-9b9c-80af41e47b82,bf78ada3-d2b3-4544-b640-f10bc6217188,47a8da48-678a-4db3-aa0e-c5742468c7b1,2024-08-12,8da5249a-c2b8-48c3-b61c-12ecf6d898d8,,1,577500,0.00000000000000000000,577500.00000000000000000000,,Delivered,2026-06-18 23:55:42.102791+00
0ce2f226-751e-4436-88cb-2c25ab740b51,527a585f-2d29-459a-aa8d-4f07be768fc3,a11417c4-32c6-4ea5-ac22-62849f6f3c0b,2025-01-13,94840a95-c5bb-495e-a6b6-b69f8754b8b8,,1,574500,0.00000000000000000000,574500.00000000000000000000,,Delivered,2026-06-18 23:55:42.102791+00
c74605be-d5ff-41ce-8969-f35b3f4c7600,5d0982b0-cf66-460c-8cbf-25da5b46516b,4ccd84bd-dec1-4d8c-a1db-fb49d093ba76,2024-07-25,8da5249a-c2b8-48c3-b61c-12ecf6d898d8,,1,573000,0.00000000000000000000,573000.00000000000000000000,,Delivered,2026-06-18 23:55:42.102791+00
75b7d783-2da7-4a72-841e-c49aae4deeb2,3b16db81-ca02-431c-a730-ed5ccfcf7fdb,fb8eab7d-312a-4625-ad57-0df4c80a90e0,2025-01-05,8da5249a-c2b8-48c3-b61c-12ecf6d898d8,,1,571875,0.00000000000000000000,571875.00000000000000000000,,Delivered,2026-06-18 23:55:42.102791+00
9e15e27d-17f1-4abf-8320-1832cffe5a87,3e4a60fb-953e-4f91-aa3a-7fb3e845ebe2,82b7ccad-b193-44bf-a999-7d4a02f78f56,2024-12-27,d3bd615d-d50e-4da2-853b-1f8f3eea6550,,1,570000,0.00000000000000000000,570000.00000000000000000000,,Delivered,2026-06-18 23:55:42.102791+00
4ae95add-bee5-4bdc-8f61-993d6ba6fb0f,d5810be8-c7f0-4a66-87a8-e3a29947cd66,9b984a9f-9f6a-4128-bf23-82e20bed21c5,2024-12-19,71be3019-2872-4e46-9e8f-941663554ca2,,1,570000,0.00000000000000000000,570000.00000000000000000000,,Delivered,2026-06-18 23:55:42.102791+00
cd3b56be-4c77-493d-b9dd-6241b458bfb1,60b5deb0-c5be-4d53-b832-195d0d02baff,fab70de1-9195-47e0-a242-12032b6e785d,2024-11-19,8da5249a-c2b8-48c3-b61c-12ecf6d898d8,,1,569000,0.00000000000000000000,569000.00000000000000000000,,Delivered,2026-06-18 23:55:42.102791+00
1468a071-48a8-4359-8d3e-bcc4c75b95c0,07ef1e54-a523-4edf-a85f-b0415960c3c4,02711abc-2170-4ddf-8d98-cf2879416aba,2024-10-07,58cacb19-26f8-4710-82a0-ef5aaf515fcd,,1,567187,0.00000000000000000000,567187.00000000000000000000,,Delivered,2026-06-18 23:55:42.102791+00
4fb2b4be-a8e7-439e-9b33-416220caf15d,a94f2cb7-0198-4a40-96f3-1b9f7c561e99,75ad8d02-0c73-49f7-b1b6-430482eab99b,2025-11-05,71be3019-2872-4e46-9e8f-941663554ca2,,1,565545,0.00000000000000000000,565545.00000000000000000000,,Delivered,2026-06-18 23:55:42.102791+00
494b5dc0-b59b-47c0-90f9-5a37853dc72d,c25a9001-3623-47af-8235-c35f298d2427,aa25d2d2-f616-4bb4-bfef-d0fea02e3a97,2025-01-27,d3bd615d-d50e-4da2-853b-1f8f3eea6550,,1,562800,0.00000000000000000000,562800.00000000000000000000,,Delivered,2026-06-18 23:55:42.102791+00
2d1d5517-78e3-45db-babe-afb035f53cbe,355ff8f6-6727-4994-901b-289ad3edbd9e,2245e450-ddad-41ef-800f-d8100e0e7e90,2025-05-04,6e294634-9504-4be4-960e-df2f3ae4b416,,1,562500,0.00000000000000000000,562500.00000000000000000000,,Delivered,2026-06-18 23:55:42.102791+00
622a7404-1e87-42cf-84b4-6d793937b5d0,4760c1fa-a944-4118-b35c-9fa9b709b298,88638ee1-eca8-447e-9aea-3506d3229cbf,2024-07-08,8da5249a-c2b8-48c3-b61c-12ecf6d898d8,,1,561300,0.00000000000000000000,561300.00000000000000000000,,Delivered,2026-06-18 23:55:42.102791+00
ec52ba5d-cf58-43c7-a2e8-4cd632ba3783,aeb6bf56-0ec2-406f-b44b-a8cf3e6a96c0,cc608221-9186-4ebe-9665-cdc0bfd445fb,2024-11-07,71be3019-2872-4e46-9e8f-941663554ca2,,1,560625,0.00000000000000000000,560625.00000000000000000000,,Delivered,2026-06-18 23:55:42.102791+00
644907c2-6609-4ae5-920a-bc1bb74e829c,b3137367-3787-40b6-b7be-a0aed6eee509,5e1bb736-e8f0-4baa-bd84-6514eeea3a6c,2024-12-16,8da5249a-c2b8-48c3-b61c-12ecf6d898d8,,1,559000,0.00000000000000000000,559000.00000000000000000000,,Delivered,2026-06-18 23:55:42.102791+00
1f593b8c-f401-4168-ba3d-e9b95d665fb4,93d57acc-3d55-455f-a4b0-0a892b1dc57e,4c2a9ff1-6f61-4f77-b794-d24ec4ffb319,2025-11-30,71be3019-2872-4e46-9e8f-941663554ca2,,1,558750,0.00000000000000000000,558750.00000000000000000000,,Delivered,2026-06-18 23:55:42.102791+00
8e5ab714-bc61-40c0-9519-d3a7140f72c0,e9dcbc0e-bb44-44a5-b9f9-33ac901c057b,0019728d-aaaf-4b8f-999c-d4e0eb5b6c68,2025-02-19,71be3019-2872-4e46-9e8f-941663554ca2,,1,557317,0.00000000000000000000,557317.00000000000000000000,,Delivered,2026-06-18 23:55:42.102791+00
be0a5104-68b2-4132-bfbb-82d01be86b84,5b082470-8cb8-42bd-b60a-b296748d389b,5a2026dd-5374-403c-bf20-1ec31ab799ea,2025-03-17,71be3019-2872-4e46-9e8f-941663554ca2,,1,555500,0.00000000000000000000,555500.00000000000000000000,,Delivered,2026-06-18 23:55:42.102791+00
0ba234ef-800c-4ab6-963d-c38db8b6cc3d,4b1ae897-f054-4f71-9a94-36b1aa37bca8,3bee0504-3620-4c0f-8cf4-2deb58041b58,2024-07-17,84a3b001-94f5-4c5f-b5fe-1ba3599567e6,,1,555000,0.00000000000000000000,555000.00000000000000000000,,Delivered,2026-06-18 23:55:42.102791+00
9cb8aae6-4331-43de-8cc0-4a8078544002,37f2b197-60ed-4f60-99c1-f7794573f3e2,cad0993b-0410-43bd-8cb7-6b4e6a59ee2c,2025-07-27,71be3019-2872-4e46-9e8f-941663554ca2,,1,554590,0.00000000000000000000,554590.00000000000000000000,,Delivered,2026-06-18 23:55:42.102791+00
fd2cd10a-6de1-4f11-aab2-75261701e2b5,7d0cdb30-a9bd-4cf7-8059-ccd09d991521,f6dad158-7dd2-4002-b6cc-79034a85b436,2025-01-15,d3bd615d-d50e-4da2-853b-1f8f3eea6550,,1,552000,0.00000000000000000000,552000.00000000000000000000,,Delivered,2026-06-18 23:55:42.102791+00
79b45251-c64e-43b2-ad3c-b5d4eb6d8b64,c6102bae-0a69-4d7e-b668-ad184819002f,3ec0a6be-e371-411c-9f7b-b3d945d30e50,2024-07-19,4f0cd4d4-6997-4586-b94d-cfbfc15ccd92,,1,551825,0.00000000000000000000,551825.00000000000000000000,,Delivered,2026-06-18 23:55:42.102791+00
588be4f8-8720-4e9b-9b52-080834df97ef,33f74b94-d8ed-4f4e-ac4c-c4d6d694b3bf,2321d15a-380f-44aa-9b40-79325b0514b7,2024-11-05,71be3019-2872-4e46-9e8f-941663554ca2,,1,690070,0.00000000000000000000,690070.00000000000000000000,,Delivered,2026-06-18 23:55:42.102791+00
21d82e47-e03a-4a31-a8df-840de267a525,7328d533-bd0c-4914-85f9-049d5954ee6c,3a2a6275-eaa3-4265-ad52-48f00719f98d,2024-12-30,8da5249a-c2b8-48c3-b61c-12ecf6d898d8,,1,684000,0.00000000000000000000,684000.00000000000000000000,,Delivered,2026-06-18 23:55:42.102791+00
210e4da0-f0e7-4c30-80cd-66d3a454d048,ce25a82e-be2c-4ed4-98d5-813043595860,1ac53a7a-b2df-46e5-b07d-5ab2c4252b1c,2025-04-29,95c5d920-3701-494c-b8ec-568a66ffc4ad,,1,680000,0.00000000000000000000,680000.00000000000000000000,,Delivered,2026-06-18 23:55:42.102791+00
b8814385-febe-494e-9925-4cafc9db5cc1,016cd36f-8ec0-4f41-84ec-3306c2d7059f,aadb23a2-fe02-4137-8e5a-11adf149a7c4,2025-10-22,f3df996d-b48b-4239-8bf1-1e46b44fabd6,,1,676487,0.00000000000000000000,676487.00000000000000000000,,Delivered,2026-06-18 23:55:42.102791+00
6c0ab04c-34bd-417c-aca0-eaf16ce5da97,2f06671e-3bca-441d-984b-6a6e21ba8b6f,800f50e7-a59d-4d41-863d-76a628c3c6b3,2025-10-16,f3df996d-b48b-4239-8bf1-1e46b44fabd6,,1,671625,0.00000000000000000000,671625.00000000000000000000,,Delivered,2026-06-18 23:55:42.102791+00
902b0e18-6b8a-4ee8-a629-43d7ba7bb32d,ef7c1848-2e53-4058-975a-c03de40e7b97,7f2675a6-25ff-4132-9d70-2c315c0d461a,2025-06-15,71be3019-2872-4e46-9e8f-941663554ca2,,1,665195,0.00000000000000000000,665195.00000000000000000000,,Delivered,2026-06-18 23:55:42.102791+00
36c1dda6-f0cd-4973-a01e-89434ed2f6e8,1547feee-fc70-4cad-ae73-6a25c64fbe9a,ca0b6197-c772-4893-a42f-0ad77a1c6166,2025-01-13,a196000a-c83c-402d-8024-2a2c4dda447c,,1,660000,0.00000000000000000000,660000.00000000000000000000,,Delivered,2026-06-18 23:55:42.102791+00
35f07b5d-4366-4f3c-8273-2433129602bc,bf19045e-1c00-4ec0-998c-d46ea81dc646,d6a97183-0dec-428e-8614-50e762cedd78,2025-03-21,71be3019-2872-4e46-9e8f-941663554ca2,,1,653203,0.00000000000000000000,653203.00000000000000000000,,Delivered,2026-06-18 23:55:42.102791+00
526d1a62-d248-448d-958f-65b6cc7e0fdd,b50d4377-3f6e-4277-8c3f-11b517cd5f71,a1caf023-1e26-4982-b6d0-b50654ad5cd0,2025-04-21,71be3019-2872-4e46-9e8f-941663554ca2,,1,649800,0.00000000000000000000,649800.00000000000000000000,,Delivered,2026-06-18 23:55:42.102791+00
da329b4e-e074-4d62-941b-647d54df7d3a,32bf6a4c-f812-4f71-b61e-b91a6e3252ac,96b87851-07e3-476e-81ad-d7a3dfe38728,2025-03-25,e50cb861-132f-46f8-adef-85c4c7c29fb5,,1,647999,0.00000000000000000000,647999.00000000000000000000,,Delivered,2026-06-18 23:55:42.102791+00
5109ea33-b691-4379-ae7d-18331b46ffbe,144330e6-2799-44bc-95a6-78ff2764c15e,61684528-20b1-4588-a717-f948bd6a07a9,2025-09-19,f3df996d-b48b-4239-8bf1-1e46b44fabd6,,1,637500,0.00000000000000000000,637500.00000000000000000000,,Delivered,2026-06-18 23:55:42.102791+00
3580f285-4aed-457c-a935-1ae4abdcb8ff,91679047-1ea5-4bb6-af9a-9afe862d2de5,499e2131-6dcd-477d-9e22-7f237b4136cb,2025-12-16,13434759-d4fc-4dc9-ad3b-480ab7211da2,,1,630429,0.00000000000000000000,630429.00000000000000000000,,Delivered,2026-06-18 23:55:42.102791+00
3630fd91-3699-4e49-8b26-608aa0fe981e,b5bd5a65-658e-43c7-89b6-1996c180f530,ada35074-0305-412f-91eb-2cb4a7966f08,2025-03-26,f0fcd114-c83c-4557-ab8e-29869eb50b7b,,1,625000,0.00000000000000000000,625000.00000000000000000000,,Delivered,2026-06-18 23:55:42.102791+00
f0f1a318-933e-4a76-aeed-e9d1aadebf65,3449ab52-5285-4d79-b289-686a5036d472,439d8a06-47b3-4cc6-acfd-3b1d6a303161,2025-02-24,71be3019-2872-4e46-9e8f-941663554ca2,,1,624232,0.00000000000000000000,624232.00000000000000000000,,Delivered,2026-06-18 23:55:42.102791+00
9eee0f88-6274-4971-a017-ae61b04c58c7,8c13bf1c-49bf-4701-9ae5-b4ee9361476a,938d544d-1a46-44c9-840c-28275f51d91d,2025-06-15,71be3019-2872-4e46-9e8f-941663554ca2,,1,616800,0.00000000000000000000,616800.00000000000000000000,,Delivered,2026-06-18 23:55:42.102791+00
46e88bbf-ac4c-463d-b266-e84c12b7f74f,559f78f2-c3bc-4c92-89f9-31ebb581cdd1,2a485846-4f67-44e7-909d-190be30b7cb8,2025-04-23,a196000a-c83c-402d-8024-2a2c4dda447c,,1,614999,0.00000000000000000000,614999.00000000000000000000,,Delivered,2026-06-18 23:55:42.102791+00
cbd3de4f-d76c-40fa-b6b2-b83ac850cb2f,609e8598-275b-4c4c-ad3a-65f6bb01f19c,cfd76796-27f4-48b3-9aa2-3f2033288f96,2025-03-16,a196000a-c83c-402d-8024-2a2c4dda447c,,1,612000,0.00000000000000000000,612000.00000000000000000000,,Delivered,2026-06-18 23:55:42.102791+00
31b63c50-cd37-427d-bab8-34ee6f2073ec,28e8078f-5a0d-491a-80a2-16d4e6034ba8,414aad36-9169-4a38-a1ff-716740e126f6,2025-12-02,242b18b0-2b6e-4ef6-b311-fa29444b997b,,1,609700,0.00000000000000000000,609700.00000000000000000000,,Delivered,2026-06-18 23:55:42.102791+00
d1c60040-ccbf-4bb1-af04-22fac73fa7a0,37baf339-302d-4747-916f-873052417a38,b964b25f-e337-4b8f-be15-826836d7b4d8,2025-04-08,71be3019-2872-4e46-9e8f-941663554ca2,,1,608395,0.00000000000000000000,608395.00000000000000000000,,Delivered,2026-06-18 23:55:42.102791+00
7589c1d3-1d22-4fc9-9303-3fdc130a5903,3209bb8b-00d8-4610-b198-336379042636,de55bf96-04eb-493e-871f-9b78b79e14bb,2025-02-20,beb13cfd-593a-4390-b602-93a464c0d4d5,,1,607500,0.00000000000000000000,607500.00000000000000000000,,Delivered,2026-06-18 23:55:42.102791+00
eecccd97-153e-4ceb-b111-540e8245bac5,f2d20a5a-f803-4306-a691-7141266589e3,ee2e2177-0c95-457c-86fa-deb60cd03851,2024-11-11,96f8c31d-8874-4382-947a-a6236f251b81,,1,605000,0.00000000000000000000,605000.00000000000000000000,,Delivered,2026-06-18 23:55:42.102791+00
3fa8e56a-41dc-4a73-be8d-b0b138a25a9e,084958cf-cc03-467f-ae43-a8ce2e85ae66,1de881f6-1582-46fd-a813-34c8eef9b2f7,2025-08-22,e99e6ca5-a4bb-4343-a635-49f04389ca2a,,1,603300,0.00000000000000000000,603300.00000000000000000000,,Delivered,2026-06-18 23:55:42.102791+00
5bd84e40-cfc9-46be-b2e4-8dff68c33727,ed488405-84d2-43c9-9247-9b3b7616a07c,e05fc0d6-d2a8-4366-aa88-2a49164b06a0,2024-07-18,ccb49d47-ef18-415e-84ff-5119d836592b,,1,598200,0.00000000000000000000,598200.00000000000000000000,,Delivered,2026-06-18 23:55:42.102791+00
d5da568e-4d2e-416f-832c-cc32f41d57c8,298a6d2b-97f0-4181-bac6-5e4d5f7da960,cc09cebb-b86c-464d-9d77-cb49472f6264,2025-05-14,6e294634-9504-4be4-960e-df2f3ae4b416,,1,595000,0.00000000000000000000,595000.00000000000000000000,,Delivered,2026-06-18 23:55:42.102791+00
a06ac124-aa94-4c5b-b6fa-8b40e09c1163,ba9c436c-aa1a-447c-98cb-23534a8a25d5,b4d3a5e1-cf16-4790-a61c-d6848db1ce67,2025-09-08,71be3019-2872-4e46-9e8f-941663554ca2,,1,592080,0.00000000000000000000,592080.00000000000000000000,,Delivered,2026-06-18 23:55:42.102791+00
a55ede37-f0f8-4d9a-a168-5241b3080028,72381a36-f748-4020-a737-ae747aa9c898,971b2618-83f1-4a4c-b4af-7eba97520482,2025-07-27,ec31354d-a2f1-4014-9b0b-848354b1844d,,1,315000,0.00000000000000000000,315000.00000000000000000000,,Delivered,2026-06-18 23:55:42.102791+00
23189b2d-c163-4f42-b9ab-0d6eb9d0d3ef,34e795e0-1941-46f2-8ba7-214814d17861,fbf6f516-bdc7-4fee-a94b-3e8d9bc1aac4,2026-01-11,7278af2d-7018-4d13-bb4d-1b35f4307714,,1,1515000,0.00000000000000000000,1515000.00000000000000000000,,Delivered,2026-06-18 23:55:42.102791+00
3d88ccc1-bf40-4bef-9038-c6146863ae71,490b1f1a-008e-466b-93a2-cf073257dfe7,8e00b00f-0a05-49c9-a497-7da416eb6f8d,2025-10-19,42d252ce-09ff-4009-912a-ee9ecb4bac8b,,1,1125000,0.00000000000000000000,1125000.00000000000000000000,,Delivered,2026-06-18 23:55:42.102791+00
1e5ac09a-aaab-4aca-81a4-2037753c1393,ce3810b6-cfd8-464b-8c9c-3b0e390aeb65,bc101488-3be7-4b52-b027-9cb94c3badf6,2025-03-06,f44a0530-a9a7-44dc-a935-1788e1ed642f,,1,1100000,0.00000000000000000000,1100000.00000000000000000000,,Delivered,2026-06-18 23:55:42.102791+00
5920002b-b139-4c93-a38d-ba87f5152dac,7678dd2b-bab3-4d0a-a31a-ae9d623f4b25,70b35dca-097b-49c8-8ef0-1a6b8decf1f6,2024-08-09,71be3019-2872-4e46-9e8f-941663554ca2,,1,928125,0.00000000000000000000,928125.00000000000000000000,,Delivered,2026-06-18 23:55:42.102791+00
1ad4e253-b85a-4667-ba6e-f60cf61b2858,75ad8a90-d20f-418c-81c6-8483d0238f6b,fcb2ff51-4aa9-4ca2-b691-dc2bbc28f0f4,2026-01-30,ef173824-236e-4589-af6a-5bd7edb0e89f,,1,1507200,0.00000000000000000000,1507200.00000000000000000000,,Delivered,2026-06-18 23:55:42.102791+00
9e335019-c0ec-48d8-9960-f90b402add7c,dfaabb5e-1401-4dbe-9f13-02fb97598da3,61ab26f9-2fbc-4100-b4d7-226d9766f174,2025-09-15,e99e6ca5-a4bb-4343-a635-49f04389ca2a,,1,1365000,0.00000000000000000000,1365000.00000000000000000000,,Delivered,2026-06-18 23:55:42.102791+00
8eb827c0-e66a-49b1-ba3f-8d6cba1105eb,25364595-be6a-4cb6-8553-0a7b15dc7192,7559b3c0-b065-4b17-8f34-305648a0e078,2024-10-07,7f074738-5a84-4e01-9226-9a0acb1a86d8,,1,1153750,0.00000000000000000000,1153750.00000000000000000000,,Delivered,2026-06-18 23:55:42.102791+00
6d3f22b1-50c0-4d63-97a1-923e54740558,d2e244dc-1b84-4c64-9e56-bc27cfcd6834,caf3a25a-22ad-413d-8a33-a27ea566aae7,2024-11-21,ee050b45-8c17-4d06-ba05-a7f64ed04dab,,1,1114999,0.00000000000000000000,1114999.00000000000000000000,,Delivered,2026-06-18 23:55:42.102791+00
b87b2482-bac1-47d4-9aab-e61c0df99a65,ba1e391b-58ca-4ea0-a2f7-848eaabdd2dc,116d6373-84c0-4f85-8bc1-4bfda3029755,2025-03-03,4981436e-024e-4995-a548-d32aefa7e1e8,,1,1092000,0.00000000000000000000,1092000.00000000000000000000,,Delivered,2026-06-18 23:55:42.102791+00
ded984da-fd10-4ad8-9e6d-1176b77daed4,e3f723c0-cd36-447e-9d5f-84dbfbc79a8e,60819679-5a48-4ec3-95a7-16b06418166a,2024-07-09,8da5249a-c2b8-48c3-b61c-12ecf6d898d8,,1,1037500,0.00000000000000000000,1037500.00000000000000000000,,Delivered,2026-06-18 23:55:42.102791+00
e0654c4a-8a4d-4ccd-a21c-24ed4124c42d,b2edc862-6ec3-4b25-865e-314cf257ccbc,f3ef23b9-cb88-4d60-b325-ba0e4588b835,2024-12-09,ee050b45-8c17-4d06-ba05-a7f64ed04dab,,1,1000000,0.00000000000000000000,1000000.00000000000000000000,,Delivered,2026-06-18 23:55:42.102791+00
ef0c4f1a-a1df-47b7-806a-513457445239,694a97ad-7b84-4ecc-a1cf-10e907ab7013,b0943938-fad6-4695-bd3e-341382a47cef,2025-12-23,f3df996d-b48b-4239-8bf1-1e46b44fabd6,,1,960000,0.00000000000000000000,960000.00000000000000000000,,Delivered,2026-06-18 23:55:42.102791+00
c788e437-4838-48f8-880b-567ee6a861d3,c025567c-1beb-469b-a6c2-e0d4278906ec,9fa629ba-7e96-4465-9c51-fe5278e8200a,2024-07-01,e0127f48-7045-4fdc-b308-c030eb515cc1,,1,937500,0.00000000000000000000,937500.00000000000000000000,,Delivered,2026-06-18 23:55:42.102791+00
46fbe975-8cbc-4865-83c3-3e6f6a4f0aa2,460c0215-31c8-4ddb-8187-1400bf3dd27b,865021ce-6695-4023-a47d-7c2d9bc3bcb2,2026-02-15,7278af2d-7018-4d13-bb4d-1b35f4307714,,1,1616000,0.00000000000000000000,1616000.00000000000000000000,,Delivered,2026-06-18 23:55:42.102791+00
d384886e-5a1f-4de2-9f25-91c13bdc7e30,e93167d5-884f-4fbb-8710-f01ac3d38985,5b6c759e-e7c7-4dcc-8389-f2db04237699,2025-12-11,7278af2d-7018-4d13-bb4d-1b35f4307714,,1,1456000,0.00000000000000000000,1456000.00000000000000000000,,Delivered,2026-06-18 23:55:42.102791+00
bc6654ed-fca7-408d-a4e9-51c8f254ef01,ed2e27c6-556d-4954-8f1d-70cb8f226ee5,4b7f0c23-c454-48a0-a776-ae733686efc9,2025-11-27,99654bf2-99d2-4963-a48f-35d1eacc4352,,1,1229999,0.00000000000000000000,1229999.00000000000000000000,,Delivered,2026-06-18 23:55:42.102791+00
433ba080-38cd-4f03-a41c-bf595862ec02,82a97fe9-95e1-4e3a-b4a7-d85d883af6d8,5900f888-36cc-4630-bae3-855703acca29,2024-10-07,7f074738-5a84-4e01-9226-9a0acb1a86d8,,1,1132850,0.00000000000000000000,1132850.00000000000000000000,,Delivered,2026-06-18 23:55:42.102791+00
c9bb5f8a-5bd2-44e5-b532-9e134afe8396,56c73e90-c7ea-429a-9772-57610b54fc2b,88af6c45-f7be-4897-9a71-c331aad546bb,2025-10-14,cf35118b-bee6-44e5-8011-470d64b8d0fc,,1,1106250,0.00000000000000000000,1106250.00000000000000000000,,Delivered,2026-06-18 23:55:42.102791+00
b726021a-d289-4c52-9bfc-580e54a268de,7bf60ca7-477d-483c-95e4-bcfd8a27419d,89b936a4-c439-4a61-91ab-f082530f08f8,2026-01-13,242b18b0-2b6e-4ef6-b311-fa29444b997b,,1,1078000,0.00000000000000000000,1078000.00000000000000000000,,Delivered,2026-06-18 23:55:42.102791+00
131650d8-66c5-451e-b550-bd4f3c8c2197,a1d75f0e-7e74-4ccb-b7a4-85b6283c972c,fc8f374e-85ac-43b3-af63-6087c6b6e287,2024-12-31,ddc6b03a-4a98-439c-bfaf-cb665a6c6c5b,,1,1033387,0.00000000000000000000,1033387.00000000000000000000,,Delivered,2026-06-18 23:55:42.102791+00
ae0d4abe-ecc8-424a-b333-b2b1eea46ca7,29007399-da77-4ad4-9cea-852d332d33b8,6df6a9a8-8bf5-4288-93c0-6e7f732a889d,2025-10-08,99654bf2-99d2-4963-a48f-35d1eacc4352,,1,999999,0.00000000000000000000,999999.00000000000000000000,,Delivered,2026-06-18 23:55:42.102791+00
4af6ad9a-05d1-4b60-964c-c82d0569c27b,fe2f7d8d-dd8c-4deb-8b00-d3c58d4d4299,b3c51a93-d2bf-4741-8ee9-ce0e97f86bf5,2024-08-06,8da5249a-c2b8-48c3-b61c-12ecf6d898d8,,1,950000,0.00000000000000000000,950000.00000000000000000000,,Delivered,2026-06-18 23:55:42.102791+00
1b3f2456-a18e-4818-bd6c-f8a7425de17c,8816062c-c739-4b93-8e30-ced1660ba64a,cbf04eba-1312-437a-97fe-518a960dff26,2024-08-27,d5983bac-f278-458a-b74e-d5e2da45063d,,1,1801050,0.00000000000000000000,1801050.00000000000000000000,,Delivered,2026-06-18 23:55:42.102791+00
45638c67-f353-42da-93b4-a1b21b1e243e,402f9466-13d1-475e-b2b3-54971c47fd57,6878a54f-725f-45af-8075-0b68e994d412,2025-10-19,ef173824-236e-4589-af6a-5bd7edb0e89f,,1,1328000,0.00000000000000000000,1328000.00000000000000000000,,Delivered,2026-06-18 23:55:42.102791+00
32110739-44d5-4a91-849e-3ffe3f06fc79,aea1231e-088e-473a-b945-5f21323e8028,9ee73fc0-692e-448f-a3d9-72affd3286b5,2024-07-01,753d1c5a-1252-4a9e-bdf1-fd0922fbb352,,1,590000,0.00000000000000000000,590000.00000000000000000000,,Delivered,2026-06-18 23:55:42.102791+00
07db2b03-cb99-4821-9680-0be2f0fdaa33,d194ae65-f0e9-4f00-92bf-3800b6a4351a,291f3734-8995-41c8-8523-40cfb55a01bb,2026-01-27,13434759-d4fc-4dc9-ad3b-480ab7211da2,,1,588239,0.00000000000000000000,588239.00000000000000000000,,Delivered,2026-06-18 23:55:42.102791+00
53d78099-cb16-4874-9406-8b8ad58a7dc9,0cde1eb7-3ca3-4af8-9fc7-b1db974462b9,ed4ba6eb-8fae-492b-96e5-6e2ce39c7101,2025-04-23,71be3019-2872-4e46-9e8f-941663554ca2,,1,583250,0.00000000000000000000,583250.00000000000000000000,,Delivered,2026-06-18 23:55:42.102791+00
e46916bc-6829-4a3c-9cb1-ac6eaf79ba9e,37e2577a-5752-43ad-86d4-f4f79b109ad6,21e55aaf-01f5-45e1-91e0-9293c3330286,2025-07-01,6f5a24a0-1dbd-4a1b-9e43-42f82094fc21,,1,576000,0.00000000000000000000,576000.00000000000000000000,,Delivered,2026-06-18 23:55:42.102791+00
15b563a1-daaa-446b-acb4-98b89e14a322,60f44006-bd44-4383-9fe1-a45dcef1f3f7,9a0e2e1a-88d2-4ad6-bd41-0978ad211f96,2025-03-18,71be3019-2872-4e46-9e8f-941663554ca2,,1,573670,0.00000000000000000000,573670.00000000000000000000,,Delivered,2026-06-18 23:55:42.102791+00
3b3d9f9a-09e6-49e3-b439-6c93921c0721,d4912733-a986-4aed-862d-203caeef67a4,a6e9d3ab-827f-4af9-8fbb-aab79148581d,2024-10-11,8da5249a-c2b8-48c3-b61c-12ecf6d898d8,,1,572500,0.00000000000000000000,572500.00000000000000000000,,Delivered,2026-06-18 23:55:42.102791+00
7a21ca6e-40e7-4b12-a472-b84bea876a3c,cf0f4425-f8a9-4d4b-bac4-839def3b6c61,f1484b94-27a3-4cc7-9694-c97ef5e3f560,2025-01-05,8da5249a-c2b8-48c3-b61c-12ecf6d898d8,,1,571875,0.00000000000000000000,571875.00000000000000000000,,Delivered,2026-06-18 23:55:42.102791+00
e58a7271-5c55-4203-8c46-564dcceab966,6db6ef48-a963-4ad3-af8d-38442dc0b8a1,77080027-b678-48ca-b3d2-f5a7509ce90b,2024-08-18,8da5249a-c2b8-48c3-b61c-12ecf6d898d8,,1,570000,0.00000000000000000000,570000.00000000000000000000,,Delivered,2026-06-18 23:55:42.102791+00
944b4fc6-981d-4453-8b90-f608ea9fc6d4,5a6991b8-e100-4d14-89e4-23c07810c835,26edd3d9-ee47-4890-9144-f341d682c5a5,2024-06-25,4f0cd4d4-6997-4586-b94d-cfbfc15ccd92,,1,569725,0.00000000000000000000,569725.00000000000000000000,,Delivered,2026-06-18 23:55:42.102791+00
abb08ebf-f1fb-44dc-b896-c1156f158c5d,ada0a70b-d6b4-4297-bf7d-b1c06843bdd1,ba7f5162-8e50-451d-b292-1ccf9e5634fb,2025-03-12,71be3019-2872-4e46-9e8f-941663554ca2,,1,567510,0.00000000000000000000,567510.00000000000000000000,,Delivered,2026-06-18 23:55:42.102791+00
6bc67efe-b8a4-4c8c-9406-3077ce10e1b7,5aa0a992-172b-4a28-a285-64eaae244974,3ac10e19-b771-46a3-bba2-286fa3832005,2025-12-03,cc1c75ac-51c8-428e-9f70-77c001aad47c,,1,566625,0.00000000000000000000,566625.00000000000000000000,,Delivered,2026-06-18 23:55:42.102791+00
7dd3cd13-3aac-432d-9fa9-2772248adf59,12be142c-e4cb-444c-b18b-1ab7194cad61,611eab09-699b-4fa0-916f-ded2356426ee,2024-12-06,71be3019-2872-4e46-9e8f-941663554ca2,,1,566400,0.00000000000000000000,566400.00000000000000000000,,Delivered,2026-06-18 23:55:42.102791+00
d4267793-19ce-4919-bfb6-37513104dc5f,0d15e813-28a8-49a8-8600-0aab803f9ece,e5a96bb3-68ac-475d-aebb-0987fe84385a,2024-12-11,71be3019-2872-4e46-9e8f-941663554ca2,,1,563369,0.00000000000000000000,563369.00000000000000000000,,Delivered,2026-06-18 23:55:42.102791+00
b9bba71a-d492-483c-8d41-343765c0af1a,d4ec9230-d2fd-4115-b9b7-715338034a0b,c350240b-90e9-4aaa-8907-17110fd3189e,2024-11-20,2df9cb4d-3931-42d6-b71e-03529a9850cb,,1,562500,0.00000000000000000000,562500.00000000000000000000,,Delivered,2026-06-18 23:55:42.102791+00
c457991e-b690-4c0b-bc76-91cea4bc3947,d91aa014-05fd-43e9-aa93-e7d9f2b4b827,df344883-a904-4994-bfea-3e59b3a0da3b,2025-11-20,cc1c75ac-51c8-428e-9f70-77c001aad47c,,1,561106,0.00000000000000000000,561106.00000000000000000000,,Delivered,2026-06-18 23:55:42.102791+00
85c04e4a-42ba-4f67-acfb-064587619cdc,f9834a29-a4ec-4e4e-8ae8-c54c8cdac9ef,e6fc7ed7-f9d6-4a13-bb4d-ccc0e4a2ddf3,2025-06-29,71be3019-2872-4e46-9e8f-941663554ca2,,1,559625,0.00000000000000000000,559625.00000000000000000000,,Delivered,2026-06-18 23:55:42.102791+00
dcce415b-9a5f-4024-85e8-9eb1121dc06d,7a97f6fb-e3d6-422d-9233-880f36b80384,95195956-2018-4677-b43f-5f49c8b38d5d,2024-06-05,e0127f48-7045-4fdc-b308-c030eb515cc1,,1,559475,0.00000000000000000000,559475.00000000000000000000,,Delivered,2026-06-18 23:55:42.102791+00
99e8f58b-9ece-4690-ac8e-5eda1efd6060,1959b99b-74ff-457a-8d86-5ffd814d204a,a0321ba2-dd10-4535-837c-d9e706ebe8b5,2024-08-08,e0127f48-7045-4fdc-b308-c030eb515cc1,,1,558750,0.00000000000000000000,558750.00000000000000000000,,Delivered,2026-06-18 23:55:42.102791+00
7d713222-b28a-4901-bfc5-6f9474f83a77,10365ea5-c027-41e1-8747-09f310b257ad,96507a7c-ebf2-46ec-8775-4f4a735efeca,2024-11-17,e81165ad-05bb-4b73-9bde-443bc6e8b08a,,1,556400,0.00000000000000000000,556400.00000000000000000000,,Delivered,2026-06-18 23:55:42.102791+00
95be0a5d-734c-454d-9673-4f30ac903ee6,5f7513b3-b2ea-4ebc-892e-cb5a5d0d6f0e,78f6bd90-aec0-4604-82fa-9b0980108c9f,2024-07-19,58cacb19-26f8-4710-82a0-ef5aaf515fcd,,1,555088,0.00000000000000000000,555088.00000000000000000000,,Delivered,2026-06-18 23:55:42.102791+00
1ac41dc5-7863-4224-a4bf-4363da56912c,ccdca1b5-6693-4f06-b027-dd3459855771,c69b7d92-7220-47ef-8abd-5b9a8bb2e04f,2024-12-31,71be3019-2872-4e46-9e8f-941663554ca2,,1,555000,0.00000000000000000000,555000.00000000000000000000,,Delivered,2026-06-18 23:55:42.102791+00
36ee2229-578e-4552-8b04-4f25dda02786,16b29f58-5f0f-41ca-aae8-d9c0313d861d,d6e7e065-02ff-45e5-9b6d-2074b7949701,2025-01-17,4981436e-024e-4995-a548-d32aefa7e1e8,,1,555000,0.00000000000000000000,555000.00000000000000000000,,Delivered,2026-06-18 23:55:42.102791+00
70b2ac45-b211-4f0f-8aae-0d7cc5e836b6,7266ccb7-8104-4579-850a-d32737e3a9a3,f9839ab8-8538-4783-ba64-cdaa870136ea,2025-06-23,a196000a-c83c-402d-8024-2a2c4dda447c,,1,551999,0.00000000000000000000,551999.00000000000000000000,,Delivered,2026-06-18 23:55:42.102791+00
20335ed4-4868-4743-9e66-568c496b5d43,50476dc0-2c95-4e57-b277-897d1fff2929,1a7ae5d2-909c-4498-8aa7-9a6c47ef25f6,2024-11-27,71be3019-2872-4e46-9e8f-941663554ca2,,1,551600,0.00000000000000000000,551600.00000000000000000000,,Delivered,2026-06-18 23:55:42.102791+00
f10bae72-ad3f-4e93-8d4a-685a14d5c3ad,f03c2f6f-b15a-4228-9609-3f35b19e2b42,799b60ad-4570-4442-9662-9d7a9916e012,2024-07-24,95c5d920-3701-494c-b8ec-568a66ffc4ad,,1,553000,0.00000000000000000000,553000.00000000000000000000,,Delivered,2026-06-18 23:55:42.102791+00
f8c73c6a-d675-4acc-812c-4a1d30ebcea0,d1ac361f-7582-4be1-b001-ed25949393e5,ea82c4ba-5639-484c-b931-3ab6b1cd819b,2024-07-30,5bd75a72-6cce-49d2-8c36-efc22b10d1c2,,1,303000,0.00000000000000000000,303000.00000000000000000000,,Delivered,2026-06-18 23:55:42.102791+00
6bbfb5d1-60bf-4275-af5a-500155654534,66477b44-f4a9-4adc-b329-efac9da8fe9d,b18b062f-6a30-4cb0-aa49-e9de45adb949,2024-08-11,80dd1cba-db4a-4856-92ac-722a4b856b9f,,1,302500,0.00000000000000000000,302500.00000000000000000000,,Delivered,2026-06-18 23:55:42.102791+00
1d54edb4-d91a-496d-99be-156165aad565,41fc81a1-30c6-408a-ba0f-570de4481f34,ca323850-b34a-4b2e-9463-f7390762d029,2025-08-06,6f5a24a0-1dbd-4a1b-9e43-42f82094fc21,,1,300000,0.00000000000000000000,300000.00000000000000000000,,Delivered,2026-06-18 23:55:42.102791+00
61e4e730-039a-4575-8b48-e2cffc0268f9,7d9d865b-d697-44c8-8114-58ccf8f03131,dc129465-2e47-4b83-949a-e2ee3ef540ef,2025-09-11,71be3019-2872-4e46-9e8f-941663554ca2,,1,300000,0.00000000000000000000,300000.00000000000000000000,,Delivered,2026-06-18 23:55:42.102791+00
3b782445-a4f3-44b3-9ab0-98966ffd3479,cd9adb7b-3740-4219-9ce2-1f61482baddb,d5ba8418-c464-40f3-bb6e-b36c03b501e7,2025-10-21,f339fea8-85c3-46ca-9d61-5a3dcbbb1b85,,1,296000,0.00000000000000000000,296000.00000000000000000000,,Delivered,2026-06-18 23:55:42.102791+00
44f58e65-ac67-4b98-93d7-06aba6b1279b,5a7ad35d-aade-41d8-a9d0-97cc4a965523,e0fcf2d7-1915-4bb3-b73e-83af32c1fbd6,2026-02-12,95c5d920-3701-494c-b8ec-568a66ffc4ad,,1,295350,0.00000000000000000000,295350.00000000000000000000,,Delivered,2026-06-18 23:55:42.102791+00
f1956674-c864-4d99-b17c-1726de3cf8d5,e5bd7e07-ff25-4ed1-b4e8-9c56dba15cb7,046ac9c6-3dcf-423b-9f00-d65275657591,2025-06-22,71be3019-2872-4e46-9e8f-941663554ca2,,1,295250,0.00000000000000000000,295250.00000000000000000000,,Delivered,2026-06-18 23:55:42.102791+00
174566ec-7554-41d4-a8ba-20a88ac51c25,4c90008d-efd1-49fd-bfc2-2cff7e6429db,7edeb107-9688-41c9-a5b1-443ff1d3d4aa,2025-04-25,71be3019-2872-4e46-9e8f-941663554ca2,,1,293750,0.00000000000000000000,293750.00000000000000000000,,Delivered,2026-06-18 23:55:42.102791+00
66613740-3c99-4369-b536-6b490aae1bed,f80e8c87-fd02-4462-9c8b-3558247e27d7,0baa68d8-a739-4b69-9692-67af28c53c0c,2024-06-10,8da5249a-c2b8-48c3-b61c-12ecf6d898d8,,1,292500,0.00000000000000000000,292500.00000000000000000000,,Delivered,2026-06-18 23:55:42.102791+00
34f05d6e-7d41-4737-b553-81c502c22e9a,20fdc734-554e-4425-bc42-6bc79b047caa,7d4a5def-59d2-4912-a270-a8e9402fd4fc,2025-10-27,71be3019-2872-4e46-9e8f-941663554ca2,,1,291500,0.00000000000000000000,291500.00000000000000000000,,Delivered,2026-06-18 23:55:42.102791+00
143fccdf-ae86-495b-a6e0-f02f7ef8a6a7,3c848add-88ed-4168-a42c-eeaeb355b4b5,7caf8087-4af5-4c3a-a17b-43defcd4a59b,2025-06-03,71be3019-2872-4e46-9e8f-941663554ca2,,1,290400,0.00000000000000000000,290400.00000000000000000000,,Delivered,2026-06-18 23:55:42.102791+00
0f1554bc-a104-4a96-ae82-4cc6b904e26c,a6df6495-507c-490e-b582-58a0ed3f1320,9acaa9e3-4263-459f-8980-05e2817e5f1f,2024-05-27,8da5249a-c2b8-48c3-b61c-12ecf6d898d8,,1,289411,0.00000000000000000000,289411.00000000000000000000,,Delivered,2026-06-18 23:55:42.102791+00
42da3457-b4c3-493f-a9c5-7c59da0cf957,c2f230b9-8c72-4331-96e3-26acfe7ac390,c0951248-40fb-4a76-bdef-021e96f9680e,2025-10-24,71be3019-2872-4e46-9e8f-941663554ca2,,1,287475,0.00000000000000000000,287475.00000000000000000000,,Delivered,2026-06-18 23:55:42.102791+00
b81e1c45-9d26-4947-a694-b970d0c47a78,76dbd1fd-6863-4f77-921a-7cc4b96f9e4e,6bbebda9-0bfc-4491-a688-aa49d47bb8a3,2026-01-11,95c5d920-3701-494c-b8ec-568a66ffc4ad,,1,286500,0.00000000000000000000,286500.00000000000000000000,,Delivered,2026-06-18 23:55:42.102791+00
22790a75-8f41-4dba-9fe0-7d5329297262,47c4e6ca-094c-4937-af19-bae2a4b89219,f6972413-e5b7-424d-818a-0c6c42d130f6,2025-11-28,6ef4fc76-da3f-4422-8a17-41c7ecd6dd4f,,1,283850,0.00000000000000000000,283850.00000000000000000000,,Delivered,2026-06-18 23:55:42.102791+00
bd3b1aaa-2672-4142-b676-bfd79bab5664,dc9a7b23-8efb-4e92-9a39-7a6d57f0623c,3d439309-4537-411b-873e-5a37e4bd99ab,2026-01-25,71be3019-2872-4e46-9e8f-941663554ca2,,1,283600,0.00000000000000000000,283600.00000000000000000000,,Delivered,2026-06-18 23:55:42.102791+00
1218fee9-1ec1-459e-8292-ec104d2aadd7,466827c0-dc12-4c78-a2c9-5e656de9707b,43ae2309-78bb-4d93-bc9b-5013a2d1966c,2025-02-21,71be3019-2872-4e46-9e8f-941663554ca2,,1,281500,0.00000000000000000000,281500.00000000000000000000,,Delivered,2026-06-18 23:55:42.102791+00
d965f55f-2094-4819-bf7b-0e7a4db0fe2e,a909f6c3-59d3-4167-b048-62421037eb66,cc5a104f-c9d3-4ec3-b644-aa31d2b1e17d,2024-12-08,71be3019-2872-4e46-9e8f-941663554ca2,,1,280500,0.00000000000000000000,280500.00000000000000000000,,Delivered,2026-06-18 23:55:42.102791+00
6d7c40f9-851b-4e13-a17c-2015fae2ab38,cf4db89f-e986-4b17-9971-78b25a185f4c,7448d133-37d5-4a22-a83a-c8e704f0b12c,2024-07-02,8da5249a-c2b8-48c3-b61c-12ecf6d898d8,,1,279680,0.00000000000000000000,279680.00000000000000000000,,Delivered,2026-06-18 23:55:42.102791+00
d6d07dc5-e245-4d9d-8937-b0b8f36ce711,b0c57747-ee21-4b03-8bf4-b40aae42c413,547309e3-8277-4747-8ade-709c3f5b44d3,2025-11-23,be6aebf8-8a0f-4527-a9d4-d94f09f3c93a,,1,277500,0.00000000000000000000,277500.00000000000000000000,,Delivered,2026-06-18 23:55:42.102791+00
abe25ed0-ba5b-4185-b181-1ccccfabed54,f7f78c7a-e984-4c48-9c5e-9bf37fd99490,89f13b0d-eb9a-4107-92c0-aba1be3c9bea,2025-11-07,be6aebf8-8a0f-4527-a9d4-d94f09f3c93a,,1,277500,0.00000000000000000000,277500.00000000000000000000,,Delivered,2026-06-18 23:55:42.102791+00
becd879b-5ee7-4cdd-bb8a-9823027558e9,6f1eec47-e73c-4c9d-a77d-2af5fcd30950,6918b70e-3162-4cf8-a6af-500f7cd9460f,2024-11-09,4b258052-1399-4244-a36b-e087424e0980,,1,276050,0.00000000000000000000,276050.00000000000000000000,,Delivered,2026-06-18 23:55:42.102791+00
de67d62c-691e-411c-97e9-94b201c248ea,ee9b2354-6df2-415a-93bf-54792b82b4ae,d04b2bad-33f2-4c5c-97cf-fa7f29d7b35a,2024-11-08,1b6208e2-3404-4731-877d-3e2d93821bb0,,1,276050,0.00000000000000000000,276050.00000000000000000000,,Delivered,2026-06-18 23:55:42.102791+00
6a0254e1-8205-4118-8797-e021042e64b0,d26ec84d-fd95-47e6-bee6-ea3d7f1b8c1a,c5bced4f-f2d7-4a00-ad7a-2033e6f61cf6,2024-08-29,5bd78e3e-c793-45af-9207-447306d75441,,1,274000,0.00000000000000000000,274000.00000000000000000000,,Delivered,2026-06-18 23:55:42.102791+00
8019d0e8-c156-4320-b060-c79bad051fa0,059201e4-7ea6-4a64-82ac-69eafdbda9e6,56f806fa-b061-4ca7-9606-b51c6f571b7f,2025-04-23,4ef83a84-e315-4f3e-94e1-511f936e9e34,,1,274000,0.00000000000000000000,274000.00000000000000000000,,Delivered,2026-06-18 23:55:42.102791+00
392a0a0b-a88f-4e5e-be41-9881fb35f9f5,923513d2-d42f-4e30-ab74-27f191ec4c3e,aa18a625-a249-425a-9e51-c4e3da4d8d7a,2024-05-29,3a7d94bb-5c12-4883-8ad6-89e229c72c2a,,1,271250,0.00000000000000000000,271250.00000000000000000000,,Delivered,2026-06-18 23:55:42.102791+00
785b4688-c9d1-41f9-9452-55e61ed02cec,bdbffadb-1bbd-4f0b-941e-b211bb006a61,1e4b26d1-6cb7-4e9d-b282-7414a22d8cbf,2024-11-13,c81204ce-d171-4f1e-a34b-eb7b553ddaeb,,1,271250,0.00000000000000000000,271250.00000000000000000000,,Delivered,2026-06-18 23:55:42.102791+00
e62f13c1-5c9b-4ce5-bde6-48d5c071294b,c3986889-d127-4d04-8637-726678f97e52,ee263c15-1f45-4e25-95aa-6ac122ae9e8d,2024-09-02,91ef0a4a-933b-49ad-9214-225e7b7a0c58,,1,270200,0.00000000000000000000,270200.00000000000000000000,,Delivered,2026-06-18 23:55:42.102791+00
aadffdc7-0039-4911-b7c2-38f9e0f2043a,3cec5795-bb3a-4eeb-af2a-097060377f41,1016861d-5b55-45a4-b7f2-4c697d48d64e,2024-07-02,8da5249a-c2b8-48c3-b61c-12ecf6d898d8,,1,1840320,0.00000000000000000000,1840320.00000000000000000000,,Delivered,2026-06-18 23:55:42.102791+00
d7389f86-ad19-4aaf-911e-a2f7b1c0fe87,43485dab-9851-4b49-a1ce-fec4cd565759,899de676-a177-4331-b2e2-9f4641c8af99,2025-03-11,643406db-9d68-41ae-9d51-d382606b111e,,1,1999999,0.00000000000000000000,1999999.00000000000000000000,,Delivered,2026-06-18 23:55:42.102791+00
9d9ce3ba-0c26-4921-be5a-52295e0b6bdd,4f98ee30-83d0-4a5e-b1a6-62461616ed51,205aa2bc-a4cc-4366-aa0c-f532c555654f,2025-08-18,3c4d3236-1af3-4a76-8560-1be48d264c9a,,1,1779998,0.00000000000000000000,1779998.00000000000000000000,,Delivered,2026-06-18 23:55:42.102791+00
6bc7889f-750e-44f8-a42b-356232d3f88e,5176f81a-90b6-4372-b3b4-068fc1041a11,e945512c-8b37-4d03-98a9-1df0a3ebf57b,2024-08-11,ccb49d47-ef18-415e-84ff-5119d836592b,,1,314500,0.00000000000000000000,314500.00000000000000000000,,Delivered,2026-06-18 23:55:42.102791+00
49475764-822c-4966-998a-0234841a41af,0c48bbba-7f9e-4e67-8216-ab66e93a73a2,d44c15b8-3a54-4660-90bb-3875a6f08ed3,2025-10-05,cf35118b-bee6-44e5-8011-470d64b8d0fc,,1,1770000,0.00000000000000000000,1770000.00000000000000000000,,Delivered,2026-06-18 23:55:42.102791+00
04524adc-eeff-4cbe-9785-5f6cbb583604,697af230-dbc5-4615-a155-6a839e26d16b,20552493-9d40-40f6-8136-3c639c1b5544,2025-04-27,56037025-414a-4a5f-8b0f-a21864528f78,,1,1590000,0.00000000000000000000,1590000.00000000000000000000,,Delivered,2026-06-18 23:55:42.102791+00
a0573e94-64ff-4abc-927b-22258ffd3cc6,a73bc3c1-5b0e-4a2e-8dd2-777439ccbebe,65d13810-7d9e-41fd-95f8-b369eac8975e,2025-10-30,7278af2d-7018-4d13-bb4d-1b35f4307714,,1,1464000,0.00000000000000000000,1464000.00000000000000000000,,Delivered,2026-06-18 23:55:42.102791+00
2df4ee87-659e-47f7-a834-fc2f83ecde8c,57b5ac1c-d4de-4b5e-9a3b-81dc12bc4ebc,418b5a39-f7a8-4d9a-95d0-da3d61db5c27,2025-11-06,e99e6ca5-a4bb-4343-a635-49f04389ca2a,,1,1433150,0.00000000000000000000,1433150.00000000000000000000,,Delivered,2026-06-18 23:55:42.102791+00
803b5366-e86a-4262-8e0b-ac5832ab3c9b,74391223-1da9-4fd4-b043-78cb1c582adf,1f335f5d-d014-49dd-a8d6-1fa89e927248,2026-01-09,7278af2d-7018-4d13-bb4d-1b35f4307714,,1,1313000,0.00000000000000000000,1313000.00000000000000000000,,Delivered,2026-06-18 23:55:42.102791+00
40281c55-c447-47e8-a03a-156d308557e2,1f0e5d9a-3eee-4640-a945-f4d6dc6551b4,f4167b4c-1bfe-41ab-82bf-cc77de14ac58,2025-12-22,e99e6ca5-a4bb-4343-a635-49f04389ca2a,,1,1177500,0.00000000000000000000,1177500.00000000000000000000,,Delivered,2026-06-18 23:55:42.102791+00
c9521310-0ab2-406c-89e2-a4e27cd28839,dcbb7505-0956-4b55-bcd5-2685a3e7b967,3f719e64-b261-44b6-8c39-a3d0c85fb520,2025-09-14,e99e6ca5-a4bb-4343-a635-49f04389ca2a,,1,1140780,0.00000000000000000000,1140780.00000000000000000000,,Delivered,2026-06-18 23:55:42.102791+00
22e38f81-63be-4840-b27a-2425c74c7de3,b5229ce2-2728-478d-8043-c4daf734c3de,edbfdb0f-070d-465c-8d39-e972e8ab3469,2025-09-15,e99e6ca5-a4bb-4343-a635-49f04389ca2a,,1,1125000,0.00000000000000000000,1125000.00000000000000000000,,Delivered,2026-06-18 23:55:42.102791+00
e38de41f-5c75-493c-b882-620ededeb15f,2ac518f4-84ca-4fca-a2f5-6b3665fb3d3a,a861e559-b688-4524-9eff-e1ac92e388fa,2024-11-22,71be3019-2872-4e46-9e8f-941663554ca2,,1,1110000,0.00000000000000000000,1110000.00000000000000000000,,Delivered,2026-06-18 23:55:42.102791+00
967582d1-3b40-4c32-9df3-25e8aa6c1d09,fab4eaad-920d-4b0c-b989-ece6ea55037f,0e719893-8ffc-472a-b433-4546e5b2b2b5,2025-02-13,71be3019-2872-4e46-9e8f-941663554ca2,,1,1102500,0.00000000000000000000,1102500.00000000000000000000,,Delivered,2026-06-18 23:55:42.102791+00
d10f8481-6da4-4714-899a-14d092addf57,434c8f55-d6a2-4a3b-91d3-d90fd164c769,edb2d14f-b592-4159-bdf5-ca41c7a3792d,2025-03-28,ee050b45-8c17-4d06-ba05-a7f64ed04dab,,1,1079999,0.00000000000000000000,1079999.00000000000000000000,,Delivered,2026-06-18 23:55:42.102791+00
07360a60-da96-4df1-bb90-da6a9bfdd8d8,7e2690d4-9d82-4cfc-85e8-c853dbe2ca1c,70f0f073-dbbb-467b-bd08-a9de77894790,2025-02-11,8da5249a-c2b8-48c3-b61c-12ecf6d898d8,,1,1059375,0.00000000000000000000,1059375.00000000000000000000,,Delivered,2026-06-18 23:55:42.102791+00
cfaab908-60eb-490b-88d3-71029f051767,ee2d6e1c-b6ed-4d1e-b30c-7f9bcfcea109,272efd3f-d7ad-4c42-be9f-54962349ff3f,2025-09-24,fb0dc6af-e04e-4271-a539-9702b4d8fdfb,,1,1038000,0.00000000000000000000,1038000.00000000000000000000,,Delivered,2026-06-18 23:55:42.102791+00
2a01e75a-3850-4d29-9a38-e3d89cd22cb0,01dafc52-465b-4544-9d54-19958e73adec,c286972b-c5d7-452e-9438-c1ed01af1943,2025-08-25,e99e6ca5-a4bb-4343-a635-49f04389ca2a,,1,1027780,0.00000000000000000000,1027780.00000000000000000000,,Delivered,2026-06-18 23:55:42.102791+00
faf14a59-fdc4-462a-a801-632fa2b04454,4dbdf20e-097f-4bfb-aca3-ef857732bf1a,42b825df-5276-4aeb-bbe4-b9fc8dc32b60,2025-10-20,5f27bee7-c714-4bfc-b036-d4c1e018d522,,1,1001250,0.00000000000000000000,1001250.00000000000000000000,,Delivered,2026-06-18 23:55:42.102791+00
2960e191-d8a3-4b9f-a011-351224c1f4e8,6d64395a-84d8-4072-9f7f-687ea183b5f3,f9b45292-1b7b-41b0-af56-82c44b363600,2025-02-13,71be3019-2872-4e46-9e8f-941663554ca2,,1,978800,0.00000000000000000000,978800.00000000000000000000,,Delivered,2026-06-18 23:55:42.102791+00
a9336bda-6aa9-4125-bde0-b6bb646978d8,142004af-888c-4900-96d2-af2c52ddceb7,8ad0d9bd-2ec8-4bd3-9393-9eea31154629,2025-12-14,f3df996d-b48b-4239-8bf1-1e46b44fabd6,,1,960000,0.00000000000000000000,960000.00000000000000000000,,Delivered,2026-06-18 23:55:42.102791+00
6839a2ea-b339-4c9d-8118-91800ef2fd38,c457d7c0-384e-47ac-8a5e-01ee763ebcfa,0816b0a0-f51e-4507-bb21-9368e00a1811,2025-10-05,3c4d3236-1af3-4a76-8560-1be48d264c9a,,1,950000,0.00000000000000000000,950000.00000000000000000000,,Delivered,2026-06-18 23:55:42.102791+00
5b8596d5-078c-422e-b2cc-1917f87ba2a0,d7828a3d-ffe2-42d7-bf74-87e236348000,93339890-8fa7-46cf-8787-eb32cf02b0ee,2024-10-24,e0127f48-7045-4fdc-b308-c030eb515cc1,,1,937500,0.00000000000000000000,937500.00000000000000000000,,Delivered,2026-06-18 23:55:42.102791+00
39dc2543-328e-4fa5-a789-d2e3d76b5ba6,184c0fe1-a1ac-40a9-9da8-1c4543eca91d,78f91676-cc35-4bc1-b4ce-a23fc4ccf248,2024-11-24,e0127f48-7045-4fdc-b308-c030eb515cc1,,1,931250,0.00000000000000000000,931250.00000000000000000000,,Delivered,2026-06-18 23:55:42.102791+00
d87a482f-20c5-4316-ac20-ec366a886f01,0a7fb9c1-6c26-429c-88cb-811bb1ae8295,6b433c8f-aa65-4d6a-9ece-02588d2e1cf0,2026-01-20,7278af2d-7018-4d13-bb4d-1b35f4307714,,1,1616000,0.00000000000000000000,1616000.00000000000000000000,,Delivered,2026-06-18 23:55:42.102791+00
2e0dc4c4-6d79-47d5-83ea-1efe8dfcc1bd,04f075f0-6ecb-4273-b632-c04b8e1f755a,9dc2ae4e-e984-4985-ba14-59a1bc11ea14,2026-02-17,7278af2d-7018-4d13-bb4d-1b35f4307714,,1,1515000,0.00000000000000000000,1515000.00000000000000000000,,Delivered,2026-06-18 23:55:42.102791+00
b5673853-2e94-4def-9ebe-f86915d5e06a,999d0132-3faf-472d-91fa-0e126766eb9f,44c57ac2-c5b4-4540-9b83-9de34d3611e2,2025-11-24,ef173824-236e-4589-af6a-5bd7edb0e89f,,1,1464000,0.00000000000000000000,1464000.00000000000000000000,,Delivered,2026-06-18 23:55:42.102791+00
6a193533-1e6d-4356-b6e7-f20799f6b85b,b480c07b-dd9e-4486-a300-3a89b7922c6a,b4bdfc26-a1f5-413d-804f-5ac59836d6cc,2025-11-17,7278af2d-7018-4d13-bb4d-1b35f4307714,,1,1432000,0.00000000000000000000,1432000.00000000000000000000,,Delivered,2026-06-18 23:55:42.102791+00
a6dccc5f-4af8-4cce-9f0e-5bf7de7065ab,3d9a0d70-184e-4e33-a12c-63894714cdfc,2960fa12-8616-47f0-bd43-d696911b7eea,2025-09-24,f0fcd114-c83c-4557-ab8e-29869eb50b7b,,1,270000,0.00000000000000000000,270000.00000000000000000000,,Delivered,2026-06-18 23:55:42.102791+00
29c6f7bb-edce-4399-9661-c828fc893e57,336b08ac-26ec-4024-a916-e11a7f365f56,e3564ca7-0055-4d8f-8096-1f0fc1194f63,2026-02-23,46259c13-632d-449f-a96f-f1deab0e0046,,1,269000,0.00000000000000000000,269000.00000000000000000000,,Delivered,2026-06-18 23:55:42.102791+00
ac6c0492-0134-402d-8948-c738177b040f,f2d92bb1-1a7f-4b4e-b46a-a9f9fb496e32,550e25a8-8584-4179-96e3-1cf7716f88d3,2026-01-06,9ef1c398-08d9-42ff-a90f-e79958f2aadc,,1,268500,0.00000000000000000000,268500.00000000000000000000,,Delivered,2026-06-18 23:55:42.102791+00
81f9cfae-ced4-42af-ae52-6e364d3338ff,d9a691d7-0193-4898-9f0e-b5df37c49fb5,c2220a2f-28d4-476f-bab9-3e2f1ee8ae56,2026-01-09,ae1c1a81-1b14-40c4-b8c0-f34710c576cb,,1,268500,0.00000000000000000000,268500.00000000000000000000,,Delivered,2026-06-18 23:55:42.102791+00
2dcd2af8-c81f-479d-bdb8-1cf0759f4e25,87e5abde-e793-43c4-9ce7-a9e313be393c,95400442-1fc0-4245-9d6b-dbd48b5583e4,2026-01-29,8f06ff88-5db5-47ec-b27f-af2ef21de406,,1,268500,0.00000000000000000000,268500.00000000000000000000,,Delivered,2026-06-18 23:55:42.102791+00
fd7c6287-b34c-47e1-bbe1-77163d9b48df,3dfec33c-5275-4b7d-934a-e6d7aa73f03a,bf9013ab-51f9-4d8c-953c-75f560c2a2b6,2024-07-07,71be3019-2872-4e46-9e8f-941663554ca2,,1,268500,0.00000000000000000000,268500.00000000000000000000,,Delivered,2026-06-18 23:55:42.102791+00
423af14c-2589-4e8a-8398-054f83d855e5,15df807b-add9-43f6-89c8-cbb6e62369a3,b26c8c3f-8ee1-4660-a65d-d97f998f9433,2025-04-18,56037025-414a-4a5f-8b0f-a21864528f78,,1,1590000,0.00000000000000000000,1590000.00000000000000000000,,Delivered,2026-06-18 23:55:42.102791+00
39fad2d4-51e3-45bf-a611-768b52a3a078,9f7d51ee-d94a-46b0-b89d-33561fcbace8,34618604-594d-4fb4-922d-7d3a56c62a34,2026-01-20,c6e017b2-c27d-4969-95de-8284a705a232,,1,1425300,0.00000000000000000000,1425300.00000000000000000000,,Delivered,2026-06-18 23:55:42.102791+00
e37d7529-da89-4cfb-b51f-38c0f55d5e01,67397408-b839-4d6e-9776-64f079cc910d,ce828b9f-1a55-438c-b8ae-9e58465aa334,2025-12-02,99654bf2-99d2-4963-a48f-35d1eacc4352,,1,1170400,0.00000000000000000000,1170400.00000000000000000000,,Delivered,2026-06-18 23:55:42.102791+00
35d1dcad-84fb-4789-91e5-d6904067679b,fe7bd52e-2375-44c2-91e1-2316076beda0,3f0e06ad-f5a6-4807-af06-abcec80a7f2d,2025-01-05,42d252ce-09ff-4009-912a-ee9ecb4bac8b,,1,1125000,0.00000000000000000000,1125000.00000000000000000000,,Delivered,2026-06-18 23:55:42.102791+00
cc0a08f3-0ce7-431c-8409-e06732cf34fc,d65fbcef-02a9-405d-96a6-18d780069671,a41404ab-0930-4d2d-844b-eeb1cc0a8a89,2025-11-20,ee050b45-8c17-4d06-ba05-a7f64ed04dab,,1,1104499,0.00000000000000000000,1104499.00000000000000000000,,Delivered,2026-06-18 23:55:42.102791+00
e05ebd51-b1f0-47a5-8a56-7ba28aef5fcf,ea491baf-7dcf-42be-b727-ed38aba2009c,25a1ff94-e7ea-4293-9e81-9472ddf030d8,2025-11-16,ee050b45-8c17-4d06-ba05-a7f64ed04dab,,1,1050750,0.00000000000000000000,1050750.00000000000000000000,,Delivered,2026-06-18 23:55:42.102791+00
654eddc8-ea82-4dfa-905a-e2a4b61d6b73,49a47f0f-11d9-439d-84a3-2e087d4764cb,c02e259c-722c-4954-8360-f8398930c923,2025-09-08,e99e6ca5-a4bb-4343-a635-49f04389ca2a,,1,1028606,0.00000000000000000000,1028606.00000000000000000000,,Delivered,2026-06-18 23:55:42.102791+00
182eba80-9e6d-4266-aa54-36a5dc2a29af,b1ddd19c-ed50-496a-892c-749261e82527,bcfbbffc-4bdf-45c1-8cc2-ca3ccd086927,2024-07-10,8da5249a-c2b8-48c3-b61c-12ecf6d898d8,,1,987500,0.00000000000000000000,987500.00000000000000000000,,Delivered,2026-06-18 23:55:42.102791+00
d65be3c1-25e0-434b-8e06-4a85ffc143ae,91aca54a-d741-4e93-9865-c4ec67de40c7,d62f4827-178f-40e4-88b5-fb83fc80f4e2,2024-10-25,4f0cd4d4-6997-4586-b94d-cfbfc15ccd92,,1,953125,0.00000000000000000000,953125.00000000000000000000,,Delivered,2026-06-18 23:55:42.102791+00
aa90aa3b-3d9f-467f-b66b-c823a648bf3b,75f88cb7-982b-4bd1-a528-4e0b2e1a732b,565c7fd5-e109-474a-bf3b-a2f511eb1ce3,2025-11-18,b40a002d-568f-4cae-beb7-9546cfedd363,,1,931906,0.00000000000000000000,931906.00000000000000000000,,Delivered,2026-06-18 23:55:42.102791+00
aa052413-7eee-49eb-a215-eb1949085b51,697c9585-cb51-42a6-820e-5b7d77672a0e,fcf5fe6a-bd4d-41c1-bc5a-4533a2f236a6,2025-05-15,56037025-414a-4a5f-8b0f-a21864528f78,,1,1590000,0.00000000000000000000,1590000.00000000000000000000,,Delivered,2026-06-18 23:55:42.102791+00
d32a2a90-6528-41cf-841b-ad35637c0497,a0954550-7016-489f-aa58-ce4026ac2a88,2bd53e6b-86e3-4084-b617-253ab2138940,2025-12-26,7278af2d-7018-4d13-bb4d-1b35f4307714,,1,1440000,0.00000000000000000000,1440000.00000000000000000000,,Delivered,2026-06-18 23:55:42.102791+00
b548e70d-463a-42b7-a6c6-2c4a5d44fa11,0d5b4587-6b4a-4be3-952e-83071aaaf4ea,f13e19a6-c0e9-451c-9327-c9f43919f6e5,2025-05-01,42d252ce-09ff-4009-912a-ee9ecb4bac8b,,1,1196639,0.00000000000000000000,1196639.00000000000000000000,,Delivered,2026-06-18 23:55:42.102791+00
4bcc15a4-accb-4033-aee9-7bbd924c2129,9a81f1f3-27a8-4b28-8681-1ffdd44fbd26,600d0022-91e8-470d-8b91-8bff7ee494b1,2025-10-26,ee050b45-8c17-4d06-ba05-a7f64ed04dab,,1,1125000,0.00000000000000000000,1125000.00000000000000000000,,Delivered,2026-06-18 23:55:42.102791+00
362223ef-73ca-436d-9e79-29aae8ec344b,43c15328-daf4-4e6b-b332-df7b011d70ec,5c5ed269-7a17-43ec-8df4-4a420049800e,2024-11-17,8da5249a-c2b8-48c3-b61c-12ecf6d898d8,,1,1099500,0.00000000000000000000,1099500.00000000000000000000,,Delivered,2026-06-18 23:55:42.102791+00
7e4a3e60-b074-4d8e-a4d4-ae5a592347e6,0247b0c0-2f53-4cb6-9f4b-f1592ee190db,5922e322-1c38-4aca-9c16-68aa6f1850d1,2025-09-25,7278af2d-7018-4d13-bb4d-1b35f4307714,,1,1056000,0.00000000000000000000,1056000.00000000000000000000,,Delivered,2026-06-18 23:55:42.102791+00
1b71dc6b-8ed6-4cd2-adf4-498edc7a0b70,aa260949-5250-4466-b40e-152c96ed3781,455b2205-03f4-4d0c-85c8-c1d0789d9b00,2024-07-10,8da5249a-c2b8-48c3-b61c-12ecf6d898d8,,1,1027000,0.00000000000000000000,1027000.00000000000000000000,,Delivered,2026-06-18 23:55:42.102791+00
a9d75e72-ca09-449f-bf42-fbc2297b1a78,a7af9750-9eac-47bc-ba22-4481983e8c75,aa972508-51bd-4e04-bfe5-d13d4cb75028,2024-08-09,8da5249a-c2b8-48c3-b61c-12ecf6d898d8,,1,975000,0.00000000000000000000,975000.00000000000000000000,,Delivered,2026-06-18 23:55:42.102791+00
bed84653-0c1f-4291-8ede-2257f0c5f1d6,fa3292ac-7fce-4811-84f2-b1b070a90d88,014dc4b1-d0e9-4ad0-a877-d925a1983052,2025-10-05,3c4d3236-1af3-4a76-8560-1be48d264c9a,,1,950000,0.00000000000000000000,950000.00000000000000000000,,Delivered,2026-06-18 23:55:42.102791+00
29dba42b-6064-4b80-83b2-5338d52ae445,d7456191-3dcf-42a8-a97b-0351d57068d5,07dc87bc-3fbd-476e-a684-f03e8260dddb,2024-08-22,8da5249a-c2b8-48c3-b61c-12ecf6d898d8,,1,931250,0.00000000000000000000,931250.00000000000000000000,,Delivered,2026-06-18 23:55:42.102791+00
71b570a2-ad58-4318-ae95-26469371583d,f0c9105d-afae-4d71-8795-fb1bbacc74f6,be311df9-beb2-40f5-a5bd-1b8c8f4c7c49,2024-07-10,71be3019-2872-4e46-9e8f-941663554ca2,,1,912250,0.00000000000000000000,912250.00000000000000000000,,Delivered,2026-06-18 23:55:42.102791+00
b4f680d6-ef6a-4519-a969-bee8fb913824,11ecfcb1-ae06-4c4b-9d2b-105bd575d648,ddb352aa-c24d-4657-bbae-a31a0f108f38,2024-06-03,8da5249a-c2b8-48c3-b61c-12ecf6d898d8,,1,312000,0.00000000000000000000,312000.00000000000000000000,,Delivered,2026-06-18 23:55:42.102791+00
371a6540-7b04-481c-adff-8f84b9e13db8,3aa3efd8-67c0-4e15-afa0-02cbc6309d1f,94955c53-4444-4db4-b443-a5c605a25d09,2026-01-16,7278af2d-7018-4d13-bb4d-1b35f4307714,,1,1515000,0.00000000000000000000,1515000.00000000000000000000,,Delivered,2026-06-18 23:55:42.102791+00
3d6ccbfe-abb9-47eb-a300-37d4f950a0be,443a0dd6-693f-4f42-b1a6-e09185927b81,98a95109-9855-44ac-9293-093d53592185,2025-11-10,e99e6ca5-a4bb-4343-a635-49f04389ca2a,,1,1375824,0.00000000000000000000,1375824.00000000000000000000,,Delivered,2026-06-18 23:55:42.102791+00
5ff661aa-c938-4d5f-862d-55b82c229d8f,75df4963-47e9-410a-ba35-ec2b46f2de63,716a7703-d420-4a13-92bc-e6de447e55c7,2024-11-27,8da5249a-c2b8-48c3-b61c-12ecf6d898d8,,1,1155000,0.00000000000000000000,1155000.00000000000000000000,,Delivered,2026-06-18 23:55:42.102791+00
2978c8c7-2598-437e-b8d0-95bb8efbfe9e,7650622b-8543-460c-9ffc-74e126f7ad33,43f5b78e-4bc0-4a7d-9b41-09fca8d6cb5f,2026-01-29,c6e017b2-c27d-4969-95de-8284a705a232,,1,1110550,0.00000000000000000000,1110550.00000000000000000000,,Delivered,2026-06-18 23:55:42.102791+00
31ae8b02-5390-4df5-96bf-7f5a78e5890b,0709257a-4acf-42b5-9091-fe745a57cc3e,a27ce0ea-9a4f-4f14-bf70-665969edb510,2025-11-16,f3df996d-b48b-4239-8bf1-1e46b44fabd6,,1,1092000,0.00000000000000000000,1092000.00000000000000000000,,Delivered,2026-06-18 23:55:42.102791+00
c11b96ee-567b-4771-8aa4-91989a905c69,94d3440f-7632-40cf-955f-a649f4a1ea5d,21846447-205e-4757-b0c9-7ceef8579f08,2024-10-06,7f074738-5a84-4e01-9226-9a0acb1a86d8,,1,1042500,0.00000000000000000000,1042500.00000000000000000000,,Delivered,2026-06-18 23:55:42.102791+00
27d2f399-8865-4131-b13c-21f4e493b148,a8b0ff97-de40-452b-af09-d0a6b35eabc5,0295868f-3922-4189-ac5a-0d73d385c23f,2024-10-18,22f3c314-4681-438c-96f5-2c089289e523,,1,1016250,0.00000000000000000000,1016250.00000000000000000000,,Delivered,2026-06-18 23:55:42.102791+00
eaf65892-5308-4944-a490-a866f0821e35,b7e09c1a-4142-4dd7-aae3-c8ac79952246,8880fdfe-4dec-4488-8c44-4a73a5f3668b,2024-10-06,f0fcd114-c83c-4557-ab8e-29869eb50b7b,,1,966000,0.00000000000000000000,966000.00000000000000000000,,Delivered,2026-06-18 23:55:42.102791+00
3c9fb4df-9c23-4ced-b9b5-7997d0ab5203,f5b9a80f-bde1-4131-8bb2-828a1b8c64a5,468191e6-3781-429e-86fe-c6fd27a262c1,2025-02-23,8da5249a-c2b8-48c3-b61c-12ecf6d898d8,,1,940625,0.00000000000000000000,940625.00000000000000000000,,Delivered,2026-06-18 23:55:42.102791+00
9f8a8704-b188-488d-983e-ae1e6b8f375c,87b09655-f8d2-469f-b973-496b2196792c,33ded9a2-f643-497f-a57e-013ab880f029,2026-02-23,7278af2d-7018-4d13-bb4d-1b35f4307714,,1,1648000,0.00000000000000000000,1648000.00000000000000000000,,Delivered,2026-06-18 23:55:42.102791+00
5bcfe087-00d2-4cff-9a2f-36e70f73e74c,301798a4-a9fd-41c7-8252-6cd759ba3bf0,e9f3c4cb-9a97-4049-b723-5d4c7aae4b06,2025-10-20,242b18b0-2b6e-4ef6-b311-fa29444b997b,,1,1380000,0.00000000000000000000,1380000.00000000000000000000,,Delivered,2026-06-18 23:55:42.102791+00
4daaf059-d171-4b16-a6bc-fad4f004d373,5f174d0b-40af-42c5-95d7-023b5face068,a96ad5c9-27ee-45cc-a46a-ead00314eb26,2025-01-17,42d252ce-09ff-4009-912a-ee9ecb4bac8b,,1,1045323,0.00000000000000000000,1045323.00000000000000000000,,Delivered,2026-06-18 23:55:42.102791+00
e34d7e9e-72b8-4103-aca0-f58cf81e4549,dbe30364-e1b7-4c62-b13c-612a79f860b9,d1b4ac2a-e698-4457-b365-306bda5ea7c2,2025-09-12,e99e6ca5-a4bb-4343-a635-49f04389ca2a,,1,1019271,0.00000000000000000000,1019271.00000000000000000000,,Delivered,2026-06-18 23:55:42.102791+00
6353321e-de6a-4a2f-a2f3-483571823cc0,8a395ab9-835a-418c-8632-9e34976cf44e,955eb4fa-07de-4fba-8dc3-d6706a60a636,2024-07-21,8da5249a-c2b8-48c3-b61c-12ecf6d898d8,,1,968000,0.00000000000000000000,968000.00000000000000000000,,Delivered,2026-06-18 23:55:42.102791+00
72ed47c5-8bb2-4eed-a7cf-b572ff898878,49a12d90-ca78-4e4e-b7bb-64091e676309,406dfed6-6578-4df8-bdc2-983a3756ea40,2024-07-22,8da5249a-c2b8-48c3-b61c-12ecf6d898d8,,1,944600,0.00000000000000000000,944600.00000000000000000000,,Delivered,2026-06-18 23:55:42.102791+00
5f8c6b4a-74b5-497f-924f-54f5beb8fa32,20dc8fe5-2e45-429d-8994-27e78449f32a,5225fdda-d10b-47a3-b233-e7e8b86f232e,2025-07-06,ef173824-236e-4589-af6a-5bd7edb0e89f,,1,928000,0.00000000000000000000,928000.00000000000000000000,,Delivered,2026-06-18 23:55:42.102791+00
71a23fb8-3142-419e-b16a-6cd5b5f82861,cd3b5b8d-17d3-4ad2-a700-781de3827194,52114831-4c92-4c3b-8a91-52e4f93f15f2,2026-01-14,7278af2d-7018-4d13-bb4d-1b35f4307714,,1,1515000,0.00000000000000000000,1515000.00000000000000000000,,Delivered,2026-06-18 23:55:42.102791+00
9a220ac7-912e-425f-a4fc-56b5390031ed,5897a2c7-aad8-443c-827f-d9ac50f64f4d,38d4b83d-cf49-4040-b1ef-347e37f86008,2025-11-14,4b5902bf-67f1-4e06-8882-ca516c1842db,,1,1369250,0.00000000000000000000,1369250.00000000000000000000,,Delivered,2026-06-18 23:55:42.102791+00
da5abf2b-0dc9-457a-8207-d792076c7f89,8d6772f2-b17c-4c47-a6ba-0d72bc6decd2,51d4d550-30ed-4f0f-8dd3-a54f667231d8,2024-12-13,d5cfc9ca-e095-4816-8888-c0cd5c1bc4e1,,1,1149000,0.00000000000000000000,1149000.00000000000000000000,,Delivered,2026-06-18 23:55:42.102791+00
3b7ac6b3-d424-49c5-8142-af04cbc30722,ad6da14c-e815-4341-97ff-98586583dada,433fe384-9118-4275-86d9-a87b3b41ca50,2024-11-29,71be3019-2872-4e46-9e8f-941663554ca2,,1,1110000,0.00000000000000000000,1110000.00000000000000000000,,Delivered,2026-06-18 23:55:42.102791+00
abc12ceb-62b8-40c2-9df4-03d7c086a699,cf89e867-5000-4c5c-b060-6e50119eec15,34efd91f-df17-4a55-b795-cac877c8ade5,2025-03-25,71be3019-2872-4e46-9e8f-941663554ca2,,1,1087500,0.00000000000000000000,1087500.00000000000000000000,,Delivered,2026-06-18 23:55:42.102791+00
b59dcd45-c4b0-4e2a-a9d1-c42fa899d6ed,c622a4f4-d3b7-4b69-be05-9fd95ca4e581,0694956a-6f3d-4599-b83c-efeca00357e0,2026-02-03,f3df996d-b48b-4239-8bf1-1e46b44fabd6,,1,1045000,0.00000000000000000000,1045000.00000000000000000000,,Delivered,2026-06-18 23:55:42.102791+00
4fc32344-fff6-4f15-8313-e80d6b3ff22e,473e3742-b03b-45a5-ad1b-f3a964e4bcef,3ecaed4f-39ce-461b-97d3-ba4fce7b05d9,2026-02-18,13434759-d4fc-4dc9-ad3b-480ab7211da2,,1,1017060,0.00000000000000000000,1017060.00000000000000000000,,Delivered,2026-06-18 23:55:42.102791+00
12e5c656-958a-4350-a74a-6df0cf2548c2,279468fc-40f4-481b-a180-37c4bd09ba57,94c8fb9c-d844-4fac-b39e-9ba06a556b30,2025-08-21,e99e6ca5-a4bb-4343-a635-49f04389ca2a,,1,965640,0.00000000000000000000,965640.00000000000000000000,,Delivered,2026-06-18 23:55:42.102791+00
c331db43-6d6a-4ae6-a943-ff4b1bda562e,b74b01b8-8b3d-4ff1-b2d6-15a70bdd0bd2,36dfe1ca-a884-44ab-8126-ee737ea92d8a,2024-10-25,71be3019-2872-4e46-9e8f-941663554ca2,,1,937500,0.00000000000000000000,937500.00000000000000000000,,Delivered,2026-06-18 23:55:42.102791+00
1f1ab817-dea9-48cc-af20-7d567706ef1c,c658e4ff-6055-466d-a75b-d52b1ec69ab2,13cb02e6-ab5e-43dc-979c-86c8f6fe31af,2025-09-12,e99e6ca5-a4bb-4343-a635-49f04389ca2a,,1,1025904,0.00000000000000000000,1025904.00000000000000000000,,Delivered,2026-06-18 23:55:42.102791+00
ec364e24-4c3c-4794-8d5a-3abb41380a18,5a2a7e25-11f0-420a-80ca-4b21046646d5,ead03947-1439-4866-a370-a09f14286a6c,2024-08-08,8da5249a-c2b8-48c3-b61c-12ecf6d898d8,,1,975000,0.00000000000000000000,975000.00000000000000000000,,Delivered,2026-06-18 23:55:42.102791+00
34e83bcc-5848-4926-bcb6-75e36a6528bf,d0bca169-0f66-4585-b901-aca07701e0ae,622b26ba-a183-49b9-adb4-5515ebf5219b,2024-07-03,8da5249a-c2b8-48c3-b61c-12ecf6d898d8,,1,949000,0.00000000000000000000,949000.00000000000000000000,,Delivered,2026-06-18 23:55:42.102791+00
cb3053b7-ca04-4fad-948e-b223b06737c7,af5ee605-86c9-46b1-868e-7f6ad6e25451,4dd51030-ef87-43c2-8bfd-01607ea021ef,2025-08-03,e99e6ca5-a4bb-4343-a635-49f04389ca2a,,1,929687,0.00000000000000000000,929687.00000000000000000000,,Delivered,2026-06-18 23:55:42.102791+00
99dab24c-f2c1-4da7-b467-7099f70644a8,5a34cec0-cbad-46d2-b1b7-f54f01a5f499,7f90c955-71d9-4e8a-ae1e-162e5f9fe2ed,2026-01-04,ef173824-236e-4589-af6a-5bd7edb0e89f,,1,1545700,0.00000000000000000000,1545700.00000000000000000000,,Delivered,2026-06-18 23:55:42.102791+00
0186e162-befc-4d9f-9e8b-c54105152574,e2754b3c-1a7a-49c6-8c87-a7dfcdfc79bf,08801a27-5719-40a4-92e5-1a19151c62a9,2025-11-04,242b18b0-2b6e-4ef6-b311-fa29444b997b,,1,1380000,0.00000000000000000000,1380000.00000000000000000000,,Delivered,2026-06-18 23:55:42.102791+00
b179956c-4127-4872-8786-a14b9939af5f,e084e943-dc76-42aa-b9a6-26b5d84392f8,fd2277f7-1bd3-467f-8841-6b358bededa2,2025-10-14,cb9742f2-b64b-403b-a01c-866e7493f406,,1,1158000,0.00000000000000000000,1158000.00000000000000000000,,Delivered,2026-06-18 23:55:42.102791+00
d2bfd2d2-eabc-4862-aa9a-e932e5cd6b36,5dcfb430-dc7e-4167-bb79-4bf86916a438,9f52ed75-b52d-449f-8ef6-566affbc3c7d,2025-01-02,42d252ce-09ff-4009-912a-ee9ecb4bac8b,,1,1125000,0.00000000000000000000,1125000.00000000000000000000,,Delivered,2026-06-18 23:55:42.102791+00
b10d36e2-9c64-4579-8e05-7cc4b8584654,ecfb6e56-a135-42b6-82b7-26de5fdb24a3,3ad9f39e-ab1b-4d7f-8be6-1d1cd0abfdcf,2025-02-11,d5cfc9ca-e095-4816-8888-c0cd5c1bc4e1,,1,1095000,0.00000000000000000000,1095000.00000000000000000000,,Delivered,2026-06-18 23:55:42.102791+00
3ba82918-4d3f-44e0-ab7c-18866307925b,6b7dac86-e1d8-480f-be47-e2e28d7ae84e,3c116424-55b0-4280-b7be-2934d383bb73,2024-11-13,ee050b45-8c17-4d06-ba05-a7f64ed04dab,,1,1049999,0.00000000000000000000,1049999.00000000000000000000,,Delivered,2026-06-18 23:55:42.102791+00
50d68b34-5129-43c0-9c6f-a6119871dd5f,2bfc39eb-6a70-4fc4-9611-e18b2de2cb48,5b6380a5-fcdf-4884-9f58-208aeffa24d0,2024-12-11,c3fb7a8a-5562-40d6-a440-ac11aa686157,,1,1017375,0.00000000000000000000,1017375.00000000000000000000,,Delivered,2026-06-18 23:55:42.102791+00
3d1d1da4-0e4b-4903-8279-a0da453d03b9,1e2d9e06-ad07-44b2-89c9-cb721fdb7e37,77e6e23d-ea69-44f3-9dd3-ce86e27e114a,2024-07-20,8da5249a-c2b8-48c3-b61c-12ecf6d898d8,,1,968000,0.00000000000000000000,968000.00000000000000000000,,Delivered,2026-06-18 23:55:42.102791+00
cc56640e-331e-41d4-a431-de24578036e4,ec56c255-5c38-4bf2-bbda-46b1c3938163,4e995a4e-0531-4980-a91a-5b53eb49345a,2024-07-03,8da5249a-c2b8-48c3-b61c-12ecf6d898d8,,1,943000,0.00000000000000000000,943000.00000000000000000000,,Delivered,2026-06-18 23:55:42.102791+00
0e8a0541-b924-43ce-8384-cbe34f35c55a,1aa00cf8-7405-4d40-a19e-6067bee16b84,88a514b4-4848-4da0-a73d-04ccfabc67c2,2024-07-19,8da5249a-c2b8-48c3-b61c-12ecf6d898d8,,1,925100,0.00000000000000000000,925100.00000000000000000000,,Delivered,2026-06-18 23:55:42.102791+00
3a3d7124-3894-4b8f-8ceb-c9149197be92,9533685f-9534-4ad4-b039-cbf0446d3e3d,6a7907c2-fb13-4e99-b9c6-059becfa4ad4,2025-07-16,7278af2d-7018-4d13-bb4d-1b35f4307714,,1,912000,0.00000000000000000000,912000.00000000000000000000,,Delivered,2026-06-18 23:55:42.102791+00
c83707a7-4310-4b9f-81cf-f24b80f3e005,10b23a28-a822-4a6e-9a54-2a25162c6c82,0f7b0cb3-3527-4a2a-afcd-56cbe328bc80,2024-06-30,4f0cd4d4-6997-4586-b94d-cfbfc15ccd92,,1,897250,0.00000000000000000000,897250.00000000000000000000,,Delivered,2026-06-18 23:55:42.102791+00
cd66d596-fd01-4cf5-883b-b7b11ddc3fc1,e155a84f-f11e-49c8-8453-ac5da1116f05,8de42610-8039-4f85-812e-d61cb21ebdd9,2026-01-21,d9b2eb32-034b-4fb9-b662-68e4ceaeeb89,,1,874999,0.00000000000000000000,874999.00000000000000000000,,Delivered,2026-06-18 23:55:42.102791+00
cc83d8f9-c988-48bb-b710-9997c3994844,0abe4133-6c0d-4d8e-89c7-96d488ea6da5,7bbb8088-bcc0-4732-b8b5-6b18c25d6a76,2024-06-25,ccb49d47-ef18-415e-84ff-5119d836592b,,1,855250,0.00000000000000000000,855250.00000000000000000000,,Delivered,2026-06-18 23:55:42.102791+00
a97b2b61-7be4-4a77-a524-a9b1c34caa82,1a434589-87f8-48f9-835f-1a6dc6677e8a,0754ab9d-6d88-4ce6-a87d-8ed990649a6e,2025-10-01,71be3019-2872-4e46-9e8f-941663554ca2,,1,833000,0.00000000000000000000,833000.00000000000000000000,,Delivered,2026-06-18 23:55:42.102791+00
cd948dc3-627f-4922-9eb0-30f1940b01f6,fcef8ca8-8bda-4874-90ed-4abd85147cfc,3b287cb1-6257-47b9-b0ef-37f33b5f5f14,2025-07-23,71be3019-2872-4e46-9e8f-941663554ca2,,1,808460,0.00000000000000000000,808460.00000000000000000000,,Delivered,2026-06-18 23:55:42.102791+00
1f4a3561-6c77-4bee-babb-bb3b305b14d2,b84690c2-58fc-4524-acd7-85fa9a779d90,9f2e22b2-eb0f-45ca-8484-14b81dcc6e57,2026-01-21,add3d1ff-35de-4335-a95b-9db45afafaaa,,1,322200,0.00000000000000000000,322200.00000000000000000000,,Delivered,2026-06-18 23:55:42.102791+00
3b088ea4-67fa-4813-9906-5fdf2197da86,b48f1d2b-0c94-461b-b462-91d3b02ab229,9c7aa316-7522-4512-9cfe-1795a755d890,2026-01-21,13434759-d4fc-4dc9-ad3b-480ab7211da2,,1,313320,0.00000000000000000000,313320.00000000000000000000,,Delivered,2026-06-18 23:55:42.102791+00
6374904a-2b3a-4f76-82ae-9f7308cabe43,c8d6e143-b160-468d-85d6-6eebbbcfd8b2,0c63d51a-d1df-4dfc-b971-5b4c36ebc746,2024-09-03,71be3019-2872-4e46-9e8f-941663554ca2,,1,309562,0.00000000000000000000,309562.00000000000000000000,,Delivered,2026-06-18 23:55:42.102791+00
828e8e5d-5442-4ea5-91fa-49822052ce7a,cbc3fcc3-7e24-4e12-a707-9cbec010f18d,e9ae1a2f-3003-455a-b067-9673ee431c5f,2025-01-05,71be3019-2872-4e46-9e8f-941663554ca2,,1,922499,0.00000000000000000000,922499.00000000000000000000,,Delivered,2026-06-18 23:55:42.102791+00
de3e143e-590a-4b76-bf8a-a6b77e88a01b,ccb9c059-6a1f-4533-b377-c216ef75328c,c731efdc-123b-40b3-a433-651c3382cf76,2024-10-06,8da5249a-c2b8-48c3-b61c-12ecf6d898d8,,1,909000,0.00000000000000000000,909000.00000000000000000000,,Delivered,2026-06-18 23:55:42.102791+00
94436c70-0bfc-4e3a-96e4-78d218c44a96,3159f93b-e1fa-4897-b39d-23159e59efa0,23fbedc2-e5a0-46bf-8dd1-7f87dad1e11b,2024-07-07,8da5249a-c2b8-48c3-b61c-12ecf6d898d8,,1,895000,0.00000000000000000000,895000.00000000000000000000,,Delivered,2026-06-18 23:55:42.102791+00
97b36464-f0d7-4ba3-b77d-7c1fdd261b2e,79b0f4d4-3772-4c84-8e37-4078d2634631,dcafd4d6-44bb-4bd3-ad90-54d2e1f7281c,2024-09-19,71be3019-2872-4e46-9e8f-941663554ca2,,1,887500,0.00000000000000000000,887500.00000000000000000000,,Delivered,2026-06-18 23:55:42.102791+00
b848b1e4-c8fe-4fda-91ab-5531907eaa69,8ee84d88-5a9d-486c-a9ae-d84cd8f5dced,0b9240a3-351a-4efa-940a-37a458025464,2024-08-06,8da5249a-c2b8-48c3-b61c-12ecf6d898d8,,1,870000,0.00000000000000000000,870000.00000000000000000000,,Delivered,2026-06-18 23:55:42.102791+00
5e910c9b-bc7c-40e6-8210-0eb400be5b9f,a6ea4e3d-14ba-4e72-95e9-ad7a9ea7ef1c,1da4568d-fbf7-4dfe-9dc4-98fc113d1615,2024-12-31,1a42863c-c5fb-4bad-bd55-5ec8b0d96206,,1,865000,0.00000000000000000000,865000.00000000000000000000,,Delivered,2026-06-18 23:55:42.102791+00
8c8b8bc1-69b8-4151-aa92-17b823c44534,50158b6b-ab3c-4636-90e0-9fdf696d9a8b,ece40c22-8af3-40ba-ae35-2ab70c48677b,2024-12-06,f0fcd114-c83c-4557-ab8e-29869eb50b7b,,1,913000,0.00000000000000000000,913000.00000000000000000000,,Delivered,2026-06-18 23:55:42.102791+00
8db6708d-5f4c-4117-a9d3-fda200c35ca5,d1e4ef69-1be9-4a77-8da2-c61d59d3c167,00aac8e8-7bb6-4f50-8af7-f22e20af528b,2025-09-15,e99e6ca5-a4bb-4343-a635-49f04389ca2a,,1,901073,0.00000000000000000000,901073.00000000000000000000,,Delivered,2026-06-18 23:55:42.102791+00
60c4da63-7047-4d8d-8ed2-2c20679e0221,2b189d79-baf0-47f5-9d83-7e58ceba8379,b6c53f98-e956-4df7-b399-3ec1fa82754a,2025-10-23,c6e017b2-c27d-4969-95de-8284a705a232,,1,882925,0.00000000000000000000,882925.00000000000000000000,,Delivered,2026-06-18 23:55:42.102791+00
141b9938-765e-4007-84bb-a9b6fe2e6e73,27fdebe9-54e6-41be-91c0-b5eda96009b5,8ccb8462-2ed6-47fa-954e-5e25d0c5bdb6,2024-11-29,2df9cb4d-3931-42d6-b71e-03529a9850cb,,1,863999,0.00000000000000000000,863999.00000000000000000000,,Delivered,2026-06-18 23:55:42.102791+00
030f3f84-3a55-4d2c-b413-996bf473488f,37bd094a-a428-4307-b260-ae2206f8cd12,dc3905e5-6763-45b6-a58f-27d729e763ef,2025-01-23,71be3019-2872-4e46-9e8f-941663554ca2,,1,786250,0.00000000000000000000,786250.00000000000000000000,,Delivered,2026-06-18 23:55:42.102791+00
fa75282f-fec2-4c6c-8007-d08ba6be7d2f,96ebca3a-1792-409c-b96f-c7b10f16c22d,99bf2ff8-b6fe-4cd2-a38b-aaec80f38163,2024-06-06,f0aca777-38ce-4a56-9108-dbbfb2edb831,,1,316000,0.00000000000000000000,316000.00000000000000000000,,Delivered,2026-06-18 23:55:42.102791+00
4f30bb0c-5011-409e-a2cb-d6683bfbda98,7da83944-109f-4554-9e37-828b2eb4474e,2da3c46e-faf1-442f-9d93-13493029f3c6,2025-09-23,cc1c75ac-51c8-428e-9f70-77c001aad47c,,1,311500,0.00000000000000000000,311500.00000000000000000000,,Delivered,2026-06-18 23:55:42.102791+00
7899129e-7ca4-4bfa-8843-b177faebabd8,f029f0c4-736e-46aa-8d7e-c3a63f5647e3,c3eb164d-f936-4c8b-8ff7-9e9a5525a7db,2025-04-21,71be3019-2872-4e46-9e8f-941663554ca2,,1,304500,0.00000000000000000000,304500.00000000000000000000,,Delivered,2026-06-18 23:55:42.102791+00
97f3f486-b864-456c-a387-f3b96db78bd1,03c51c91-1ef6-432f-859c-e0dc3e250289,32f94ed9-f8fa-4e92-a7aa-c8a90f93ced0,2024-06-25,ee050b45-8c17-4d06-ba05-a7f64ed04dab,,1,900000,0.00000000000000000000,900000.00000000000000000000,,Delivered,2026-06-18 23:55:42.102791+00
8a92994e-d426-4392-b0d0-b89ee3bfbb8e,ab66b284-cc08-4f85-8c14-e1c943dd8721,046664ed-f6cd-4e3b-8a76-f2a0886010a0,2024-10-11,353bb4af-8760-4bd7-a2d2-354d4f3d52ba,,1,884000,0.00000000000000000000,884000.00000000000000000000,,Delivered,2026-06-18 23:55:42.102791+00
7bf460be-e78d-46ec-87b0-32b448bef355,769330de-fefc-4a10-b6b4-b92cc005bff3,6bf6322e-7c67-4475-bb8e-353db0c6067e,2025-12-07,f3df996d-b48b-4239-8bf1-1e46b44fabd6,,1,864500,0.00000000000000000000,864500.00000000000000000000,,Delivered,2026-06-18 23:55:42.102791+00
45ebb008-f8f6-4b4d-8fc5-9497cc7a47a0,3b860ae2-4815-41b8-8010-05a90207b13e,bbfa2c16-f7cb-4796-81d7-630d79410a41,2024-06-23,8da5249a-c2b8-48c3-b61c-12ecf6d898d8,,1,843000,0.00000000000000000000,843000.00000000000000000000,,Delivered,2026-06-18 23:55:42.102791+00
e173f8de-9f9b-447d-9364-1246e86591aa,11f8d190-68c7-4168-89a8-357dbd2bd466,d9b621b5-9b65-45e0-b00c-9b041d2d89a2,2024-08-18,8da5249a-c2b8-48c3-b61c-12ecf6d898d8,,1,814840,0.00000000000000000000,814840.00000000000000000000,,Delivered,2026-06-18 23:55:42.102791+00
e5a12ff6-5a61-4765-91f8-a916a4b4a363,fb0cf950-a991-4aa5-87b8-27281079feed,c1db669a-cb88-4fa2-be0c-d4d32425dc1c,2025-12-21,e96db2f5-75f3-4573-9c7d-2862020fc1be,,1,787640,0.00000000000000000000,787640.00000000000000000000,,Delivered,2026-06-18 23:55:42.102791+00
5b41ca23-b470-4d4b-b354-e30911a4295c,25a066e7-4438-4cfd-9d3e-c34fe9133116,810c12b6-a29a-45f7-a198-2629c7d3731e,2025-01-07,71be3019-2872-4e46-9e8f-941663554ca2,,1,318000,0.00000000000000000000,318000.00000000000000000000,,Delivered,2026-06-18 23:55:42.102791+00
e906ff06-9dad-4390-a98c-461381a64f4b,bb5e62e8-7d2a-44c5-be8d-e6d2abcadb75,f1257d1f-68d3-4b16-93a1-805ff829723c,2024-07-19,8da5249a-c2b8-48c3-b61c-12ecf6d898d8,,1,311500,0.00000000000000000000,311500.00000000000000000000,,Delivered,2026-06-18 23:55:42.102791+00
acab9763-428c-4cdf-800f-65e97e3c0f36,9457ab88-c5f5-4ffc-818d-29a3387b8ae9,e209bb91-6d87-4a89-9c80-a2259fa3aed8,2026-03-17,2df9cb4d-3931-42d6-b71e-03529a9850cb,10d5d88b-c74f-4e99-8435-ee1690d6c047,20,1790,0.00000000000000000000,1790.00000000000000000000,Cash Payment,Pending,2026-06-18 23:55:42.102791+00
f0a0ed19-b902-4925-a700-cb8df4313c9e,9457ab88-c5f5-4ffc-818d-29a3387b8ae9,13174793-ec12-4145-a8c2-f5746967304c,2026-03-17,2df9cb4d-3931-42d6-b71e-03529a9850cb,56dcae71-e69c-47ed-a032-d97b1b6a4131,5,600,0.00000000000000000000,600.00000000000000000000,Cash Payment,Pending,2026-06-18 23:55:42.102791+00
fb885d4f-31eb-4045-b77a-13df1b6a0ddf,9457ab88-c5f5-4ffc-818d-29a3387b8ae9,168b970b-e569-41b8-a75d-1410af5edf7a,2026-03-17,2df9cb4d-3931-42d6-b71e-03529a9850cb,0de2f238-ba43-4327-aedd-f37957f55b84,5,600,0.00000000000000000000,600.00000000000000000000,Cash Payment,Pending,2026-06-18 23:55:42.102791+00
c68bb440-d990-4d9a-bcb4-c81b64a83082,00904220-244c-4300-8d49-845d09ec9f74,663509cc-a480-48f2-8e6a-c7da1a8cf485,2026-03-17,ba202cd1-1a40-4147-b679-0ece50f6be0a,56dcae71-e69c-47ed-a032-d97b1b6a4131,3500,427000,0.00000000000000000000,427000.00000000000000000000,15 Days,Pending,2026-06-18 23:55:42.102791+00
f4379f8d-5a81-496c-8e47-9ed0b69996ad,59bc4b0e-6561-4862-a512-06db7cac14f8,ec7975d1-8038-49fc-a083-bd956a522388,2026-03-31,71be3019-2872-4e46-9e8f-941663554ca2,10d5d88b-c74f-4e99-8435-ee1690d6c047,1000,89500,0.00000000000000000000,89500.00000000000000000000,15 Days,Pending,2026-06-18 23:55:42.102791+00
6610713a-1e07-44a1-83c2-8f3df0f010c1,59bc4b0e-6561-4862-a512-06db7cac14f8,9382bd43-b96a-44ae-8e83-160d96f2c489,2026-03-31,71be3019-2872-4e46-9e8f-941663554ca2,10d5d88b-c74f-4e99-8435-ee1690d6c047,960,85920,0.00000000000000000000,85920.00000000000000000000,15 Days,Pending,2026-06-18 23:55:42.102791+00
8e979625-57fe-4cb2-9aeb-77f0723ea078,784e3c64-11ca-42d8-869e-c3856aabb029,36a0014a-5fd4-4d88-984d-f4817b203e53,2026-04-01,7278af2d-7018-4d13-bb4d-1b35f4307714,56dcae71-e69c-47ed-a032-d97b1b6a4131,12800,1648000,0.00000000000000000000,1648000.00000000000000000000,2 Month,Pending,2026-06-18 23:55:42.102791+00
5680b1c2-c2fd-46d6-bcd4-a87f9fedf83e,d08d343c-d90c-45ef-be12-49ce38a254fb,afe511f0-c2ba-47d7-90c2-ae141331e649,2026-04-05,71be3019-2872-4e46-9e8f-941663554ca2,791dab05-effd-43cd-842b-2eca9a776288,400,50500,0.00000000000000000000,50500.00000000000000000000,15 Days,Pending,2026-06-18 23:55:42.102791+00
7115e5b8-36f1-4663-a8b5-e8b5c09cf6ee,fd5b6f8b-20e7-4691-b836-ac59331edf4f,9f281f70-dae9-4452-b405-5b1cd5f31fc7,2026-04-08,628bcaf4-621f-4082-9aff-5ac50eb5f547,e7c36973-a89b-4a54-bb0c-a5164bcfb8d1,1500,155000,0.00000000000000000000,155000.00000000000000000000,Cash Payment,Pending,2026-06-18 23:55:42.102791+00
6a23d4bb-5da4-4cf4-a9cc-11aea86c486f,fd5b6f8b-20e7-4691-b836-ac59331edf4f,07e11d59-e36a-4b8c-a365-e4f5e00e6f45,2026-04-08,628bcaf4-621f-4082-9aff-5ac50eb5f547,791dab05-effd-43cd-842b-2eca9a776288,3200,404000,0.00000000000000000000,404000.00000000000000000000,Cash Payment,Pending,2026-06-18 23:55:42.102791+00
9d9296e3-6dca-4e85-acf1-8efb0c07b172,45e3f660-fd15-4f7c-8838-9cb2d6025483,f0d052c9-9af7-472d-b407-da0dfc0edc63,2026-04-09,6736f09d-4a67-4f8b-9193-4a93f57ac6cc,10d5d88b-c74f-4e99-8435-ee1690d6c047,380,34010,0.00000000000000000000,34010.00000000000000000000,Cash Payment,Delivered,2026-06-18 23:55:42.102791+00
79550658-d372-40d2-b690-eb0b443ffb24,314e7772-b9b8-49cc-bf5d-0821e17692ba,3e930a67-0835-4bc8-b1c7-d1cb376c4445,2026-04-13,2df9cb4d-3931-42d6-b71e-03529a9850cb,56dcae71-e69c-47ed-a032-d97b1b6a4131,250,30000,0.00000000000000000000,30000.00000000000000000000,Cash Payment,Pending,2026-06-18 23:55:42.102791+00
9ded50f3-2c55-4f6b-bc57-b8035e2f07af,e48c2fd8-5d4e-44bc-801d-1143adc7a9c6,2597e704-7918-410c-8cb8-8870e83f19bd,2026-04-14,b077f4f7-954e-4c70-935a-84ea00d1f006,e7c36973-a89b-4a54-bb0c-a5164bcfb8d1,375,36750,0.00000000000000000000,36750.00000000000000000000,15 Days,Pending,2026-06-18 23:55:42.102791+00
88a7ead8-f3f3-4125-898c-0197544e0779,c95af939-0f74-4054-9eeb-d8c01f563a03,34dd80b4-17b2-44cb-8350-1b339288378c,2026-04-16,0b023cb5-127a-4ede-ade1-f1aea182069f,1dcaa77f-a4d8-43c0-9bf0-cdfc60081e79,2145,210210,0.00000000000000000000,210210.00000000000000000000,15 Days,Pending,2026-06-18 23:55:42.102791+00
bbf1e261-32ae-4f34-8c44-047160675a3d,c95af939-0f74-4054-9eeb-d8c01f563a03,5e7d97e4-b6be-4a00-89f5-981d4ac6996a,2026-04-16,0b023cb5-127a-4ede-ade1-f1aea182069f,791dab05-effd-43cd-842b-2eca9a776288,320,38800,0.00000000000000000000,38800.00000000000000000000,15 Days,Pending,2026-06-18 23:55:42.102791+00
ebba643f-fb56-4b0b-806b-7eae7df3d020,c95af939-0f74-4054-9eeb-d8c01f563a03,b84ed39b-85c0-4759-9ded-965a7cf7b369,2026-04-16,0b023cb5-127a-4ede-ade1-f1aea182069f,56dcae71-e69c-47ed-a032-d97b1b6a4131,750,90000,0.00000000000000000000,90000.00000000000000000000,15 Days,Pending,2026-06-18 23:55:42.102791+00
0c94bcea-0f9e-49ed-9008-702aaf5495b4,9fa649b7-a3ca-4a07-b2d5-0b8f3da68c05,941397ed-4669-414a-8b12-3e2001e72428,2026-04-21,fdf56cc8-2c66-486d-ae8f-8f48c5a28b0c,1dcaa77f-a4d8-43c0-9bf0-cdfc60081e79,40,3840,0.00000000000000000000,3840.00000000000000000000,Cash Payment,Delivered,2026-06-18 23:55:42.102791+00
4a59ea1a-7e44-4840-b166-72cd42261b20,5a8913b1-575c-47fc-9498-54563d773387,498e6658-2e6a-476c-a32c-0f3633c216cb,2026-04-27,2df9cb4d-3931-42d6-b71e-03529a9850cb,1dcaa77f-a4d8-43c0-9bf0-cdfc60081e79,15,1450,0.00000000000000000000,1450.00000000000000000000,Cash Payment,Pending,2026-06-18 23:55:42.102791+00
0d804986-3b1e-4ad9-97ca-09118d601018,5a8913b1-575c-47fc-9498-54563d773387,27541634-72d3-4515-9869-8c9266f53388,2026-04-27,2df9cb4d-3931-42d6-b71e-03529a9850cb,1dcaa77f-a4d8-43c0-9bf0-cdfc60081e79,20,1933,0.00000000000000000000,1933.00000000000000000000,Cash Payment,Pending,2026-06-18 23:55:42.102791+00
b2231c8e-ce5f-4f01-a27c-327578552c33,5bb7d83a-a07d-4f66-9256-ce8096df4b57,7a2351b2-66a8-4ede-aa19-bd7ecdd7b3ff,2026-04-28,077d9584-8f05-42cb-90f1-1e17bab1db5e,1dcaa77f-a4d8-43c0-9bf0-cdfc60081e79,1320,127600,0.00000000000000000000,127600.00000000000000000000,15 Days,Pending,2026-06-18 23:55:42.102791+00
a8c2226f-a1d0-4fa5-8c28-72dbb6be6246,187655a6-d83f-4f96-9e2e-ca06906accba,96e175ae-55a4-46de-b19d-9fb1a3be6cc5,2026-05-05,4b5902bf-67f1-4e06-8882-ca516c1842db,791dab05-effd-43cd-842b-2eca9a776288,400,46500,0.00000000000000000000,46500.00000000000000000000,15 Days,Pending,2026-06-18 23:55:42.102791+00
b256a684-85aa-416d-8491-d7b376889083,187655a6-d83f-4f96-9e2e-ca06906accba,07f39059-8cf1-4b59-b805-5b376e37e5be,2026-05-05,4b5902bf-67f1-4e06-8882-ca516c1842db,56dcae71-e69c-47ed-a032-d97b1b6a4131,2400,267000,0.00000000000000000000,267000.00000000000000000000,15 Days,Pending,2026-06-18 23:55:42.102791+00
9d0bfd6b-83db-4b25-8e9c-54e1746e301a,9e3c859b-9422-4528-b73c-8baab45ee1f5,e71f0e40-4e6f-42cb-bcdd-4cbce28ce318,2025-08-10,7278af2d-7018-4d13-bb4d-1b35f4307714,,1,912000,0.00000000000000000000,912000.00000000000000000000,,Delivered,2026-06-18 23:55:42.102791+00
16d64537-c5e2-4746-88a7-75ed4a65cbda,033f7389-3f62-4ac1-b103-2290744cc230,078dd8c8-f117-4191-9fde-31091552a8c3,2025-05-06,42d252ce-09ff-4009-912a-ee9ecb4bac8b,,1,900000,0.00000000000000000000,900000.00000000000000000000,,Delivered,2026-06-18 23:55:42.102791+00
d3615c78-0d74-4afc-84a4-65a208609ace,7e849f30-3cbc-4949-a1e1-ac7f747f671b,450737ad-c0aa-4dec-a0d5-a53119b556af,2024-08-25,8da5249a-c2b8-48c3-b61c-12ecf6d898d8,,1,881750,0.00000000000000000000,881750.00000000000000000000,,Delivered,2026-06-18 23:55:42.102791+00
4292387d-797c-40e0-8834-ce0cf7ba0176,65abd906-d0d8-4fe1-9573-c23668aa06ed,e3279fe3-d16f-40cf-b9d5-7c000fb82fb5,2025-05-29,71be3019-2872-4e46-9e8f-941663554ca2,,1,860500,0.00000000000000000000,860500.00000000000000000000,,Delivered,2026-06-18 23:55:42.102791+00
886f1c1a-a8bf-49b5-bcf7-69ba4f7db916,a399280d-aa24-4ed1-9d20-e1559f7d87bd,ab7fadb8-2b6a-4d55-b96c-cc3740477fa9,2025-12-17,13434759-d4fc-4dc9-ad3b-480ab7211da2,,1,809359,0.00000000000000000000,809359.00000000000000000000,,Delivered,2026-06-18 23:55:42.102791+00
952110ca-a6b6-4a9d-890a-7e627f256ece,9a70b5c6-20b1-4626-842e-cf618e5fb761,ffffe84b-c460-442e-9b9f-18757a7b6f82,2026-01-15,71be3019-2872-4e46-9e8f-941663554ca2,,1,322500,0.00000000000000000000,322500.00000000000000000000,,Delivered,2026-06-18 23:55:42.102791+00
a906775a-3c22-4acf-b235-dcd648bf0674,be4a090f-9802-4dd2-baf6-1d989b94b0ca,f1350c82-7a13-4845-a66b-8f534834b8ef,2025-07-27,cc1c75ac-51c8-428e-9f70-77c001aad47c,,1,315000,0.00000000000000000000,315000.00000000000000000000,,Delivered,2026-06-18 23:55:42.102791+00
bef5b88f-205e-4a09-be2f-b8ff3e36323f,f06ffd53-b6d8-4373-816c-212c4c857725,abe9f4c7-753a-4459-8a56-360280d64d24,2025-07-10,e363fd6a-6b4d-4a1e-bc25-3407c67f6af1,,1,310000,0.00000000000000000000,310000.00000000000000000000,,Delivered,2026-06-18 23:55:42.102791+00
74fb0bc9-0862-432d-b385-434b22b1e7b2,269b9c69-b5ce-4670-b733-dd3a55da905b,5748f470-b3b0-4700-b9e1-166538be6767,2025-07-14,94840a95-c5bb-495e-a6b6-b69f8754b8b8,,1,303250,0.00000000000000000000,303250.00000000000000000000,,Delivered,2026-06-18 23:55:42.102791+00
44e5cf69-9f2c-4c95-ba8a-a904082c797a,a5c310b9-4fe4-46ab-bbc1-18f366e7927f,601bee3b-4029-474a-864f-67fc5394f9c8,2024-06-09,8da5249a-c2b8-48c3-b61c-12ecf6d898d8,,1,912500,0.00000000000000000000,912500.00000000000000000000,,Delivered,2026-06-18 23:55:42.102791+00
a5820039-1aec-406c-8368-281b61a12552,5e6ff54c-41f2-425e-b8c3-2e1a8de27f98,82e93b40-0ca7-4c3e-b56d-1620dadb4b3b,2025-04-27,743d9156-09aa-48c2-8e1c-140cc5b70f78,,1,900000,0.00000000000000000000,900000.00000000000000000000,,Delivered,2026-06-18 23:55:42.102791+00
a689d778-fbee-4df9-b1c1-d6f0c71ebf9d,8031b0a8-3b7b-453f-a76d-389209fbf43f,a51ba269-3b69-4c58-8912-9bd6c0a1b4e7,2024-05-23,ee050b45-8c17-4d06-ba05-a7f64ed04dab,,1,880000,0.00000000000000000000,880000.00000000000000000000,,Delivered,2026-06-18 23:55:42.102791+00
9d9e5473-8f12-47c4-8a21-a141d4712da4,357f366f-0842-4ce7-83b7-7f2636ca5742,10760a14-0bfc-406f-a65b-768516f24d26,2025-05-16,ee050b45-8c17-4d06-ba05-a7f64ed04dab,,1,862500,0.00000000000000000000,862500.00000000000000000000,,Delivered,2026-06-18 23:55:42.102791+00
1c34f648-eb4f-474f-b3a0-15d156de57d0,3d7c4cd7-b700-477c-9ecc-7de69dacacc2,fe5c2336-ddc7-4267-a609-8934f4c4c5d7,2024-06-28,4f0cd4d4-6997-4586-b94d-cfbfc15ccd92,,1,835000,0.00000000000000000000,835000.00000000000000000000,,Delivered,2026-06-18 23:55:42.102791+00
6abc0375-580b-4608-8e51-63fde3f2b78c,162c17ef-9b86-4610-89f3-e0e2ce598215,2af42ff2-6379-472a-b342-856e0838a5c7,2024-05-31,8da5249a-c2b8-48c3-b61c-12ecf6d898d8,,1,812000,0.00000000000000000000,812000.00000000000000000000,,Delivered,2026-06-18 23:55:42.102791+00
9025b7b9-318e-4997-9eff-ffd11bd183e6,0f729cfc-e81f-44f1-b602-c1dd19d97de7,506b77f7-3c20-4e8a-9de2-d2441f4bb41c,2025-04-14,71be3019-2872-4e46-9e8f-941663554ca2,,1,323000,0.00000000000000000000,323000.00000000000000000000,,Delivered,2026-06-18 23:55:42.102791+00
36f9a26c-e68f-4d24-87a1-a03127472926,b6e3bfee-f1cf-404e-9147-55e0629d725e,7f0bde6c-c81d-4630-96a8-585ba87723de,2025-11-09,61512ab1-0ef3-4a1e-87f7-c1818d094209,,1,315000,0.00000000000000000000,315000.00000000000000000000,,Delivered,2026-06-18 23:55:42.102791+00
f32953e3-3ec7-4ea7-8c43-32b51b8c0df2,7075111b-90e2-4922-8328-60f6eafac118,dccddda9-a7ed-42a7-83eb-da738d6158a0,2026-03-17,2df9cb4d-3931-42d6-b71e-03529a9850cb,10d5d88b-c74f-4e99-8435-ee1690d6c047,20,1800,0.00000000000000000000,1800.00000000000000000000,Cash Payment,Pending,2026-06-18 23:55:42.102791+00
587f4258-b3e8-4270-b7c6-16a850e72cde,7075111b-90e2-4922-8328-60f6eafac118,5ad43287-05b5-4bae-845e-51af0287887f,2026-03-17,2df9cb4d-3931-42d6-b71e-03529a9850cb,56dcae71-e69c-47ed-a032-d97b1b6a4131,5,600,0.00000000000000000000,600.00000000000000000000,Cash Payment,Pending,2026-06-18 23:55:42.102791+00
a9c46a1a-d23b-4961-8c24-c759a4048eca,1771647a-0b1c-4bbd-8844-1a1a7ffb68cc,1328419d-a3a8-47bd-8d10-4cb5537e7140,2026-03-27,2df9cb4d-3931-42d6-b71e-03529a9850cb,10d5d88b-c74f-4e99-8435-ee1690d6c047,20,1800,0.00000000000000000000,1800.00000000000000000000,Cash Payment,Pending,2026-06-18 23:55:42.102791+00
7dad8103-3947-422e-acb4-2fbf9bf14009,de1b39a0-e500-421a-844f-20dbb52562a4,0e2b15f2-8364-4881-ab9b-f19ba62f50fe,2026-03-31,71be3019-2872-4e46-9e8f-941663554ca2,10d5d88b-c74f-4e99-8435-ee1690d6c047,2000,179000,0.00000000000000000000,179000.00000000000000000000,15 Days,Pending,2026-06-18 23:55:42.102791+00
37f58775-d770-444a-8e6d-d3b860699220,de1b39a0-e500-421a-844f-20dbb52562a4,c02ad3bc-a738-4dd6-be00-99c11a83c5ab,2026-03-31,71be3019-2872-4e46-9e8f-941663554ca2,10d5d88b-c74f-4e99-8435-ee1690d6c047,3200,286400,0.00000000000000000000,286400.00000000000000000000,15 Days,Pending,2026-06-18 23:55:42.102791+00
3c98e4a5-ec0b-47c0-ac3d-2375b68b5290,de1b39a0-e500-421a-844f-20dbb52562a4,93a187a7-535f-4d6f-8722-1f2a152c45c5,2026-03-31,71be3019-2872-4e46-9e8f-941663554ca2,8dedb270-a04f-4214-b29c-c4bc4f2f78c7,3000,315000,0.00000000000000000000,315000.00000000000000000000,15 Days,Pending,2026-06-18 23:55:42.102791+00
16e278f3-2598-4500-b7bd-b1e191b24dc8,de1b39a0-e500-421a-844f-20dbb52562a4,2961d1e2-1009-4981-bb25-c531dd961036,2026-03-31,71be3019-2872-4e46-9e8f-941663554ca2,791dab05-effd-43cd-842b-2eca9a776288,3120,390000,0.00000000000000000000,390000.00000000000000000000,15 Days,Pending,2026-06-18 23:55:42.102791+00
21f7928a-306b-4a28-adde-30c966197409,0cc8dd79-2aed-44aa-bea3-b8371079969d,40136fea-c7cf-4a18-a60f-6ced257c5e62,2026-04-02,6bfd0ec9-30f4-495c-b104-f19a6d20505a,1dcaa77f-a4d8-43c0-9bf0-cdfc60081e79,1500,155000,0.00000000000000000000,155000.00000000000000000000,7 Days,Pending,2026-06-18 23:55:42.102791+00
5d2111c4-bc05-4df3-b52b-0f7e7c0313de,f2cd6be9-7044-42e6-bd07-4136c876cc87,0dc79e5b-3f46-4471-942e-4fb7f02de9e7,2026-04-06,fdf56cc8-2c66-486d-ae8f-8f48c5a28b0c,e7c36973-a89b-4a54-bb0c-a5164bcfb8d1,15,1550,0.00000000000000000000,1550.00000000000000000000,Cash Payment,Delivered,2026-06-18 23:55:42.102791+00
de077383-9917-45dc-96eb-8aec0783abc9,908e8d0b-a05f-43a2-b32c-462413ba6221,19e045cf-659f-4081-b282-964bf01f8aa8,2026-04-10,7278af2d-7018-4d13-bb4d-1b35f4307714,56dcae71-e69c-47ed-a032-d97b1b6a4131,7200,832500,0.00000000000000000000,832500.00000000000000000000,Cash Payment,Pending,2026-06-18 23:55:42.102791+00
e760aba6-1e1d-415b-ba13-0d38b498d595,bfebb6f6-77ec-47bf-9fb7-c2671dc9fa02,3f744d0b-e007-4fcc-b905-7b7e99ac92cf,2026-04-12,2df9cb4d-3931-42d6-b71e-03529a9850cb,10d5d88b-c74f-4e99-8435-ee1690d6c047,4620,411180,0.00000000000000000000,411180.00000000000000000000,Cash Payment,Pending,2026-06-18 23:55:42.102791+00
07e63fe0-07e0-403e-b9d9-8c55c1341d3a,e8705b2f-ee98-404c-9a91-d0502414e1cf,c0de979a-77fa-4393-8a23-233a74c1bda9,2026-04-23,1212e5df-2191-4eea-862f-248bb96835d6,1dcaa77f-a4d8-43c0-9bf0-cdfc60081e79,3000,290000,0.00000000000000000000,290000.00000000000000000000,15 Days,Pending,2026-06-18 23:55:42.102791+00
b150ca24-9077-486f-8d13-37460981352f,a64b923c-9e8e-4ce8-835a-2a70e41b0e42,1ffe6e81-fdfb-4837-82df-a5ce290ae8b0,2026-05-01,56037025-414a-4a5f-8b0f-a21864528f78,56dcae71-e69c-47ed-a032-d97b1b6a4131,28000,2968000,0.00000000000000000000,2968000.00000000000000000000,Cash Payment,Pending,2026-06-18 23:55:42.102791+00
1fcdb622-b9c4-4fb3-81a5-793c83585d66,da535198-55d2-430d-8f9d-dd3f51a5d924,ceee64fe-1d65-44df-80f3-bf076015946c,2026-05-03,fdf56cc8-2c66-486d-ae8f-8f48c5a28b0c,1dcaa77f-a4d8-43c0-9bf0-cdfc60081e79,15,1500,0.00000000000000000000,1500.00000000000000000000,Cash Payment,Delivered,2026-06-18 23:55:42.102791+00
6379ea9b-535c-4df4-b083-dfe359d24c8f,ea47e2fd-6373-4a94-b9d6-7dbbbf905be8,299ae439-1638-4d33-8d98-1efc2d2d218f,2026-05-06,516eb9ad-ee68-4e36-9328-692922b9061c,1dcaa77f-a4d8-43c0-9bf0-cdfc60081e79,750,76500,0.00000000000000000000,76500.00000000000000000000,15 Days,Pending,2026-06-18 23:55:42.102791+00
df8bc5dc-bc84-4558-992c-c29ed6318bdc,ea47e2fd-6373-4a94-b9d6-7dbbbf905be8,41f6d107-055d-4c92-9b80-63ff66ed8523,2026-05-06,516eb9ad-ee68-4e36-9328-692922b9061c,1dcaa77f-a4d8-43c0-9bf0-cdfc60081e79,790,80580,0.00000000000000000000,80580.00000000000000000000,15 Days,Pending,2026-06-18 23:55:42.102791+00
183e4e77-887b-45ca-b518-60820e44bc72,ea47e2fd-6373-4a94-b9d6-7dbbbf905be8,ec8befb3-5025-4522-98e4-c3076a2d5e2c,2026-05-06,516eb9ad-ee68-4e36-9328-692922b9061c,791dab05-effd-43cd-842b-2eca9a776288,1600,188000,0.00000000000000000000,188000.00000000000000000000,15 Days,Pending,2026-06-18 23:55:42.102791+00
d879ec36-10f8-4f59-993c-1c1ab3143f91,5906dee0-a166-40b3-a0fa-e566ca74ec41,8f0d7795-d6c2-4573-ae3f-034e1822146c,2025-07-03,7278af2d-7018-4d13-bb4d-1b35f4307714,,1,912000,0.00000000000000000000,912000.00000000000000000000,,Delivered,2026-06-18 23:55:42.102791+00
46e9d018-df1d-4378-8995-002b5c9007ba,43699862-1512-4b72-9fa3-ee1e0dc0b9be,9420286d-815f-4d4f-a359-6a5b4b866223,2024-06-30,4f0cd4d4-6997-4586-b94d-cfbfc15ccd92,,1,896500,0.00000000000000000000,896500.00000000000000000000,,Delivered,2026-06-18 23:55:42.102791+00
4065a46f-be73-4c33-838c-e4ca0716ccd7,809613b8-8c17-474b-9253-7411ccd9226d,bb0ca642-d7b0-4fac-bee4-770f28366bf0,2026-02-15,71be3019-2872-4e46-9e8f-941663554ca2,,1,879500,0.00000000000000000000,879500.00000000000000000000,,Delivered,2026-06-18 23:55:42.102791+00
e2add9f3-fd8c-4ded-b1bc-dce4fbef6b5d,399378f1-3c52-4eb6-a08c-c7a508329001,691182b1-44fe-43b7-aaf1-7160437e38cf,2025-05-23,42d252ce-09ff-4009-912a-ee9ecb4bac8b,,1,855000,0.00000000000000000000,855000.00000000000000000000,,Delivered,2026-06-18 23:55:42.102791+00
33b14945-3d43-4eb2-a7b7-b4ae78712657,65dc66dc-45ac-4aa5-a490-a41acc6ad1ee,c5fdaebc-406a-4d33-94ad-9b81b768fd80,2025-12-14,f1e51592-40e6-4c0e-ba12-f1e4bfda0f43,,1,268500,0.00000000000000000000,268500.00000000000000000000,,Delivered,2026-06-18 23:55:42.102791+00
0457b600-a621-4f8a-8f23-0dff53456890,621adea9-fdb4-42ca-9db0-5850602490f4,c138af10-87b5-4311-a81d-b8380614d465,2025-09-28,51bf73f4-c8da-4e75-b5c1-72b2dc1014a0,,1,267750,0.00000000000000000000,267750.00000000000000000000,,Delivered,2026-06-18 23:55:42.102791+00
85ed208a-35fc-43b2-b10b-04cbdd97da25,8cc8aacf-8444-4ff6-8073-76ca99083de9,db677b9b-1c5a-453b-91d8-53ce39522b05,2026-02-23,13434759-d4fc-4dc9-ad3b-480ab7211da2,,1,267719,0.00000000000000000000,267719.00000000000000000000,,Delivered,2026-06-18 23:55:42.102791+00
c11bf194-6f75-4b05-a8ab-73a154a29fb0,26be3651-e9f2-463c-95ba-075b9ff3aad3,309ecbe1-ef8c-4737-912a-19e601be5051,2025-09-14,cc1c75ac-51c8-428e-9f70-77c001aad47c,,1,267000,0.00000000000000000000,267000.00000000000000000000,,Delivered,2026-06-18 23:55:42.102791+00
88f02325-c03b-4bec-aca4-3a4f14689c07,b24ad657-2bf2-4fa1-af05-f40a6748b249,52045014-f570-4a91-9bac-8bb9bd4279f8,2024-10-17,44241cfa-3426-4b7e-b72f-a6cb09c45f45,,1,266450,0.00000000000000000000,266450.00000000000000000000,,Delivered,2026-06-18 23:55:42.102791+00
2b412c6b-b1dd-429d-93c1-03ca9db0ceab,4b38c814-3fdc-4959-abab-c56e2b60967f,37f5d379-b246-4d17-abb4-96ef89853634,2024-07-21,51bf73f4-c8da-4e75-b5c1-72b2dc1014a0,,1,265500,0.00000000000000000000,265500.00000000000000000000,,Delivered,2026-06-18 23:55:42.102791+00
b485d0f4-d173-4cf1-a942-1a8d65292784,5946e1fb-6a7d-46ed-ac10-ac3145d1598a,630d6d4e-ee8a-4ccc-b117-66da34caac84,2025-05-30,5bd75a72-6cce-49d2-8c36-efc22b10d1c2,,1,264550,0.00000000000000000000,264550.00000000000000000000,,Delivered,2026-06-18 23:55:42.102791+00
c597fb52-4931-4de7-8697-ccae817c040e,b9073233-4daf-4006-a269-e5263b4e98a8,aba4c7e3-b359-436b-a032-8e4d8c65599b,2024-12-11,f0aca777-38ce-4a56-9108-dbbfb2edb831,,1,264000,0.00000000000000000000,264000.00000000000000000000,,Delivered,2026-06-18 23:55:42.102791+00
d3d7a2ff-5608-4019-9823-02029387edc8,dc7fa707-b064-46ad-b739-0473432d63e6,c1534006-2308-4970-9c2f-fd64c74d6117,2024-06-05,ee050b45-8c17-4d06-ba05-a7f64ed04dab,,1,807142,0.00000000000000000000,807142.00000000000000000000,,Delivered,2026-06-18 23:55:42.102791+00
735f4738-b133-44ee-a0d5-63572102b343,09f0fa7d-9e69-4b12-a3d0-782fa24ea6b9,7e99558d-a717-4c41-9560-42f6e49c909e,2024-12-23,71be3019-2872-4e46-9e8f-941663554ca2,,1,322000,0.00000000000000000000,322000.00000000000000000000,,Delivered,2026-06-18 23:55:42.102791+00
d61f7694-eb2f-46fa-8137-837dc8e8fa51,2921b361-7616-4d20-8c7f-314c9464e737,c68a29c1-bb9a-4a0a-a365-8036978b0e20,2026-01-23,58c876c6-a52e-47a3-a7d8-ff1b4f03929b,,1,313250,0.00000000000000000000,313250.00000000000000000000,,Delivered,2026-06-18 23:55:42.102791+00
bc3407b7-81d5-48b9-a088-7b238d8ad360,0e1b0e27-d271-478d-b1f3-4c10506bc20b,b2086e34-41d8-4fd8-ad8a-c92aec8a9fde,2025-06-16,71be3019-2872-4e46-9e8f-941663554ca2,,1,309750,0.00000000000000000000,309750.00000000000000000000,,Delivered,2026-06-18 23:55:42.102791+00
90b53088-77bb-4538-a453-35c479f1b981,32d05038-0668-4543-8f91-856d7ed44bcf,689cc017-2f94-4784-81a1-b292cb79f717,2024-10-28,4f0cd4d4-6997-4586-b94d-cfbfc15ccd92,,1,925000,0.00000000000000000000,925000.00000000000000000000,,Delivered,2026-06-18 23:55:42.102791+00
b1caf749-daa2-4a5e-900a-c059750d7d66,40cdb086-bfb5-4dea-a7da-1f9333bf508e,4aded95d-6eac-483e-bbee-42818700710e,2025-07-27,7278af2d-7018-4d13-bb4d-1b35f4307714,,1,912000,0.00000000000000000000,912000.00000000000000000000,,Delivered,2026-06-18 23:55:42.102791+00
45a7a513-c26a-46ba-b90c-08310d9719ba,b8c6e655-9679-4a6a-b1bb-2978a54e2df8,05bac282-6639-4d52-b4cf-05f2222e7f0f,2026-01-26,71be3019-2872-4e46-9e8f-941663554ca2,,1,898000,0.00000000000000000000,898000.00000000000000000000,,Delivered,2026-06-18 23:55:42.102791+00
b5876d62-26da-45fc-a326-3107d7aa4cbc,bcc831ed-9ac5-4735-b278-128e99954ab7,9b9e0ca0-3bf3-4569-b332-a8756ef06bfd,2024-10-02,71be3019-2872-4e46-9e8f-941663554ca2,,1,875000,0.00000000000000000000,875000.00000000000000000000,,Delivered,2026-06-18 23:55:42.102791+00
4423951a-fb57-4da9-a8fb-695df8df9de9,cfbd5d45-c3c5-4880-b402-7d7314c20f33,496dd727-e22b-4d4a-b5c6-7a9f27c4fe9e,2025-01-01,8da5249a-c2b8-48c3-b61c-12ecf6d898d8,,1,857500,0.00000000000000000000,857500.00000000000000000000,,Delivered,2026-06-18 23:55:42.102791+00
4f60a4b2-4265-44b0-b61c-cf17ca16a272,8d70f8e1-1c2a-43cc-ac1b-e68a3edfbaa2,28d082d4-47a2-4bca-9a20-be5cf3bef82f,2024-12-12,42d252ce-09ff-4009-912a-ee9ecb4bac8b,,1,831219,0.00000000000000000000,831219.00000000000000000000,,Delivered,2026-06-18 23:55:42.102791+00
859e8859-62d8-4150-a627-054adda2c97f,fc19ba50-bab2-4080-a644-1de4609efb5f,ad1a404f-27b1-4f28-b1d8-1f45574a78f7,2024-08-25,8da5249a-c2b8-48c3-b61c-12ecf6d898d8,,1,807500,0.00000000000000000000,807500.00000000000000000000,,Delivered,2026-06-18 23:55:42.102791+00
2d5098f7-385d-46ae-bfa1-55687ef6b384,4566f260-7c27-496e-a509-d381d9fda34c,dada7749-80a9-4aef-b436-096454337044,2026-01-23,add3d1ff-35de-4335-a95b-9db45afafaaa,,1,322200,0.00000000000000000000,322200.00000000000000000000,,Delivered,2026-06-18 23:55:42.102791+00
ff648e20-1d0b-4bbd-ab79-1a577b03f302,32699c3d-4a75-4bf1-95d0-34d1a0c4d60e,15cb7714-c3c8-46c1-9902-13ef9ba62c92,2026-01-26,628bcaf4-621f-4082-9aff-5ac50eb5f547,,1,313250,0.00000000000000000000,313250.00000000000000000000,,Delivered,2026-06-18 23:55:42.102791+00
d0a3eff0-fd8e-4cd5-85bf-74846293523f,c74b351a-6b84-470f-b81a-c764bb1ccbc8,9f1ace09-b672-4881-abed-3d2bd60b9e1c,2026-03-27,2df9cb4d-3931-42d6-b71e-03529a9850cb,10d5d88b-c74f-4e99-8435-ee1690d6c047,40,3600,0.00000000000000000000,3600.00000000000000000000,Cash Payment,Pending,2026-06-18 23:55:42.102791+00
47b66bc6-0ed1-41ce-8845-4f4581aa4d57,bd3e917a-47ea-4b1a-b0ee-d469cc307048,9d8c25d8-66df-445b-a88c-5a4cd779ad0d,2026-03-31,2df9cb4d-3931-42d6-b71e-03529a9850cb,10d5d88b-c74f-4e99-8435-ee1690d6c047,20,1800,0.00000000000000000000,1800.00000000000000000000,Cash Payment,Pending,2026-06-18 23:55:42.102791+00
0bbe24a2-a35e-4371-93f0-6aebe1710a79,bc334b01-4a17-453e-834b-f071f73ffab2,8d1b953b-19f4-43a1-9554-d6a45b280202,2026-04-02,831c411d-fe4b-4063-9964-7eff24d5feb3,1dcaa77f-a4d8-43c0-9bf0-cdfc60081e79,2250,232500,0.00000000000000000000,232500.00000000000000000000,7 Days,Pending,2026-06-18 23:55:42.102791+00
f542ce49-9e7c-48cf-a57b-73c86622792c,4b3fe3de-6295-4fa1-98a6-c58bd2e6db48,03cce521-cbe9-44be-8184-0b4d0066e4df,2026-04-03,f83e8351-57ae-4284-99c8-3d0905e11e48,10d5d88b-c74f-4e99-8435-ee1690d6c047,500,44750,0.00000000000000000000,44750.00000000000000000000,15 Days,Pending,2026-06-18 23:55:42.102791+00
807fcd35-ee58-4272-82b2-d7973d2563db,4b3fe3de-6295-4fa1-98a6-c58bd2e6db48,eb48b46d-4124-479f-bc9d-f49973b036b0,2026-04-03,f83e8351-57ae-4284-99c8-3d0905e11e48,10d5d88b-c74f-4e99-8435-ee1690d6c047,1000,89500,0.00000000000000000000,89500.00000000000000000000,15 Days,Pending,2026-06-18 23:55:42.102791+00
d7b1cc15-2276-44d7-8415-f4646d310dce,4b3fe3de-6295-4fa1-98a6-c58bd2e6db48,03e8d915-ae78-4d92-8094-6e726204b7ef,2026-04-03,f83e8351-57ae-4284-99c8-3d0905e11e48,1dcaa77f-a4d8-43c0-9bf0-cdfc60081e79,1500,155000,0.00000000000000000000,155000.00000000000000000000,15 Days,Pending,2026-06-18 23:55:42.102791+00
ebdb9203-6202-4aad-adc7-5a1e6dfa96a8,28ee3512-0146-4239-bf2d-b21fd5ed2f04,6e3e6871-0231-4141-b6b8-8128347109f9,2026-04-05,4b5902bf-67f1-4e06-8882-ca516c1842db,791dab05-effd-43cd-842b-2eca9a776288,1600,202000,0.00000000000000000000,202000.00000000000000000000,15 Days,Pending,2026-06-18 23:55:42.102791+00
7bf3d8a7-5fe7-44a7-87ac-2f9d35aff054,e9cbad97-85d0-4d1b-8d7b-d72a9271f3d9,f1cb7dfd-d18e-4964-81e6-ed15f62026d1,2026-04-06,2df9cb4d-3931-42d6-b71e-03529a9850cb,10d5d88b-c74f-4e99-8435-ee1690d6c047,40,3600,0.00000000000000000000,3600.00000000000000000000,Cash Payment,Pending,2026-06-18 23:55:42.102791+00
91fc115a-6d69-4561-b7c9-66ab8bb83457,7ed513f0-2a29-4de9-8cfe-5ba8d69e96f3,7fb17373-1220-42fb-8063-045a9d2c49a9,2026-04-08,2df9cb4d-3931-42d6-b71e-03529a9850cb,15a706d5-599d-4224-9ac4-f91809e18f25,11750,152750,0.00000000000000000000,152750.00000000000000000000,Cash Payment,Pending,2026-06-18 23:55:42.102791+00
64826f90-dd76-4e5f-938d-b77e8e57d8ae,32917213-f620-4bad-9bde-b4df50724cb9,1ba62960-d18f-4bc9-8c38-43f02cbe7732,2026-04-09,f093f019-67b6-44d6-826a-04c7ffbffa95,10d5d88b-c74f-4e99-8435-ee1690d6c047,1000,89500,0.00000000000000000000,89500.00000000000000000000,Cash Payment,Pending,2026-06-18 23:55:42.102791+00
bcfe7cd8-5f35-4f4f-81f0-7327b6aa99bb,32917213-f620-4bad-9bde-b4df50724cb9,afad0de8-50de-4015-a4da-35f64fc45f0e,2026-04-09,f093f019-67b6-44d6-826a-04c7ffbffa95,10d5d88b-c74f-4e99-8435-ee1690d6c047,1000,89500,0.00000000000000000000,89500.00000000000000000000,Cash Payment,Pending,2026-06-18 23:55:42.102791+00
a7e08da2-f466-4f04-9a0c-5d932a0a8294,221c8e96-c917-4fc0-9327-e979f26586ff,36d89d43-1f78-4930-9f5f-905a4852ac04,2026-04-13,7048623d-7a72-46d8-957d-95ee5ed6799c,10d5d88b-c74f-4e99-8435-ee1690d6c047,40,4200,0.00000000000000000000,4200.00000000000000000000,7 Days,Pending,2026-06-18 23:55:42.102791+00
e866349e-f888-4e91-8945-8eae266b7a1b,1e060ad4-87a0-4c43-bf80-38a08d929494,320641d9-d1d7-476e-87b5-07aff7e93a67,2026-04-14,5d343860-55e6-4607-a4c7-2b9c642122b9,e7c36973-a89b-4a54-bb0c-a5164bcfb8d1,1875,187500,0.00000000000000000000,187500.00000000000000000000,15 Days,Pending,2026-06-18 23:55:42.102791+00
fbe8cdbb-d88c-4af7-8809-77bbdbc4dc11,613a9540-28c6-440f-9132-f53babb8a79e,d6a05080-5865-455b-975d-85f652bd78ed,2026-04-16,71be3019-2872-4e46-9e8f-941663554ca2,1dcaa77f-a4d8-43c0-9bf0-cdfc60081e79,1500,147000,0.00000000000000000000,147000.00000000000000000000,15 Days,Pending,2026-06-18 23:55:42.102791+00
d5066ad1-871e-4db7-bbaf-8bea89e58609,478dc5fe-6672-4c3e-a07d-420d9036dde5,44376bd6-e7c5-42f3-a61c-fd116f263d21,2026-04-21,3f57352d-df9b-4863-bdf6-4e7a6f5e5f20,1dcaa77f-a4d8-43c0-9bf0-cdfc60081e79,10,960,0.00000000000000000000,960.00000000000000000000,Immediate Payment,Delivered,2026-06-18 23:55:42.102791+00
061e6631-dfc2-4562-b8c6-40b312afb549,61ba4f4e-c10f-41e8-8a72-6ed0ae16dcef,302b5c85-c082-4021-ae3d-250fb1fe8d2a,2026-04-27,71be3019-2872-4e46-9e8f-941663554ca2,1dcaa77f-a4d8-43c0-9bf0-cdfc60081e79,2250,217500,0.00000000000000000000,217500.00000000000000000000,15 Days,Pending,2026-06-18 23:55:42.102791+00
b6875ac8-1716-4e8e-a77d-fdc54c22b504,6cc053c0-da08-44e0-b614-b85bdfeb6ee4,50bd9c50-a86a-432a-abc6-9458658d4559,2026-04-28,3a3d1c29-0d68-4f42-a244-9fafaef50e48,56dcae71-e69c-47ed-a032-d97b1b6a4131,1000,116250,0.00000000000000000000,116250.00000000000000000000,15 Days,Pending,2026-06-18 23:55:42.102791+00
6993a66f-7508-473c-9c75-9d39ba89f5a0,c64b8a46-1372-4ca8-9901-a67f385ff6b1,9973b3ec-5e2e-4eaf-9bb5-29da00cf42fc,2026-05-05,46259c13-632d-449f-a96f-f1deab0e0046,1dcaa77f-a4d8-43c0-9bf0-cdfc60081e79,948,94800,0.00000000000000000000,94800.00000000000000000000,Immediate Payment,Pending,2026-06-18 23:55:42.102791+00
b3c47df0-6651-47ac-815d-224ebd3dc53a,c64b8a46-1372-4ca8-9901-a67f385ff6b1,c87e00eb-9a4b-4b5c-a373-5ef2e371fcb4,2026-05-05,46259c13-632d-449f-a96f-f1deab0e0046,791dab05-effd-43cd-842b-2eca9a776288,1600,184000,0.00000000000000000000,184000.00000000000000000000,Immediate Payment,Pending,2026-06-18 23:55:42.102791+00
7d95c5e1-95a4-441b-b48f-51028ad3373f,7f0c5c12-187a-4df4-98e6-a37329515209,0237d822-a795-4c43-9246-3e3bb727cfac,2024-11-28,8da5249a-c2b8-48c3-b61c-12ecf6d898d8,,1,907000,0.00000000000000000000,907000.00000000000000000000,,Delivered,2026-06-18 23:55:42.102791+00
a6cd2680-4e7a-47c6-a3a6-e6404e648811,de37d854-4173-4f38-8942-c1a4e1b27e17,51dcdbb8-208f-44aa-99cb-cb150dd54d93,2024-09-05,753d1c5a-1252-4a9e-bdf1-fd0922fbb352,,1,893750,0.00000000000000000000,893750.00000000000000000000,,Delivered,2026-06-18 23:55:42.102791+00
d8ed192c-0fe4-4176-8e54-8fc05f7bebf8,a4780f91-db6c-45f1-ad88-311819d1d997,42937e1b-4bfc-4c55-b06b-e92b4a95a208,2024-09-30,71be3019-2872-4e46-9e8f-941663554ca2,,1,868750,0.00000000000000000000,868750.00000000000000000000,,Delivered,2026-06-18 23:55:42.102791+00
4714d9db-d883-4036-8bcb-2e252980ea35,74d23658-c52e-4151-82c0-f9fdcd49241d,2ba4837a-0cc7-42a5-9b1d-df4f07bbb38c,2025-05-14,99654bf2-99d2-4963-a48f-35d1eacc4352,,1,854999,0.00000000000000000000,854999.00000000000000000000,,Delivered,2026-06-18 23:55:42.102791+00
138c9b3a-09c4-4167-ac74-57e88a05c38c,11336ffe-3c74-4f97-bdad-eea0a0d4457c,c30c4dcd-84aa-4c47-8eca-2d276a7484cd,2024-06-10,ddc6b03a-4a98-439c-bfaf-cb665a6c6c5b,,1,800000,0.00000000000000000000,800000.00000000000000000000,,Delivered,2026-06-18 23:55:42.102791+00
db5f50f5-93e6-4232-819e-e0de354e8daf,5001952f-da45-4854-abb9-6b6407c407ed,da606ffa-51d4-49bd-b450-bccf20a631af,2024-09-25,71be3019-2872-4e46-9e8f-941663554ca2,,1,320500,0.00000000000000000000,320500.00000000000000000000,,Delivered,2026-06-18 23:55:42.102791+00
ee4b98a0-4ea9-4f2b-8a19-3d00eeafee01,ee530b9d-0535-4991-9086-f317a5ef1932,f6f45b8d-6cbd-4d40-97c4-64b774146890,2026-02-11,add3d1ff-35de-4335-a95b-9db45afafaaa,,1,313250,0.00000000000000000000,313250.00000000000000000000,,Delivered,2026-06-18 23:55:42.102791+00
d9fd36e9-43a4-47d6-a979-79da0e65da1f,98a2305d-10a9-479d-b66e-ff40bb46ae64,0a240db2-29d6-4365-b067-b03afb185b05,2025-09-17,71be3019-2872-4e46-9e8f-941663554ca2,,1,307500,0.00000000000000000000,307500.00000000000000000000,,Delivered,2026-06-18 23:55:42.102791+00
5c732f2a-9415-4e4e-b4b1-9d05b1bc335f,bf914d25-bdc3-4d2a-afba-91679e682684,9387868f-42eb-4bbe-ada4-9badd04864c0,2024-05-08,ee050b45-8c17-4d06-ba05-a7f64ed04dab,,1,915000,0.00000000000000000000,915000.00000000000000000000,,Delivered,2026-06-18 23:55:42.102791+00
39edb357-4b38-4042-b1ae-efab2f1a80d4,3a457506-bebe-431a-9d2a-ad5fb0982f6e,67700145-ebc7-47b6-b9d8-009c2bde8dde,2024-07-10,71be3019-2872-4e46-9e8f-941663554ca2,,1,909500,0.00000000000000000000,909500.00000000000000000000,,Delivered,2026-06-18 23:55:42.102791+00
a15f12ae-05f8-4e39-99e6-4ec1bac2c0da,5848ed16-dc89-4014-902a-d33b0d3c3589,6e104ee2-5dcd-47e3-847a-c989c263895b,2025-06-23,71be3019-2872-4e46-9e8f-941663554ca2,,1,894510,0.00000000000000000000,894510.00000000000000000000,,Delivered,2026-06-18 23:55:42.102791+00
07c49f68-c8a5-4c9a-b81f-7e0f4981befc,5fa185b3-377f-4916-8614-3720456a5cac,21dc346d-466e-489c-9ff6-988d5247aa87,2026-02-03,9c8577e0-bac5-40ed-ab97-d69d5aadb619,,1,869952,0.00000000000000000000,869952.00000000000000000000,,Delivered,2026-06-18 23:55:42.102791+00
c1e6fc00-0478-4941-a685-441a587de8ed,c902b18c-8710-4ecb-bac9-b7c1d43685a1,1e51bd65-2830-40b9-ae4b-68ba701f6bc9,2025-12-25,c6e017b2-c27d-4969-95de-8284a705a232,,1,850100,0.00000000000000000000,850100.00000000000000000000,,Delivered,2026-06-18 23:55:42.102791+00
b18b6f23-a28e-4f3c-9d69-e75a3b6febcf,372ded13-fd53-4e6d-afb6-222da9721ed9,9692088b-c8d7-4ae9-b37e-33343c524847,2025-07-25,6f5a24a0-1dbd-4a1b-9e43-42f82094fc21,,1,825000,0.00000000000000000000,825000.00000000000000000000,,Delivered,2026-06-18 23:55:42.102791+00
7174f932-9f02-4c82-8b3e-fc391e5d939a,2dc6f260-c28c-415b-9d79-22f393de04d5,08ee1a5a-a093-408b-9b0d-2e64081fc997,2024-07-20,ee050b45-8c17-4d06-ba05-a7f64ed04dab,,1,800000,0.00000000000000000000,800000.00000000000000000000,,Delivered,2026-06-18 23:55:42.102791+00
bcac7bf0-3fe2-4302-88aa-27de9d08ffb5,2d21c007-d648-4ce8-b274-4c98b88f81ad,d22123d4-882f-4acf-bc9a-53c2c5ad522b,2024-10-24,c9057d69-7d6f-4f31-9be5-5f07606c320b,,1,321000,0.00000000000000000000,321000.00000000000000000000,,Delivered,2026-06-18 23:55:42.102791+00
8113367b-6814-4443-8abf-820e1f8b3d25,40fd84a1-5c85-4d61-b682-e879b1ffa224,fd4b91ef-600c-447c-acb0-12d616ce625b,2024-05-20,ccb49d47-ef18-415e-84ff-5119d836592b,,1,312500,0.00000000000000000000,312500.00000000000000000000,,Delivered,2026-06-18 23:55:42.102791+00
b9d4ea89-0f96-4e74-b37f-d2d499dd5d44,175afaf5-14e9-41c3-b1ef-79e97328d15d,8ebf04d4-0b0a-4e46-b9ef-47df1b996c62,2026-03-17,46259c13-632d-449f-a96f-f1deab0e0046,791dab05-effd-43cd-842b-2eca9a776288,4000,495000,0.00000000000000000000,495000.00000000000000000000,Immediate Payment,Pending,2026-06-18 23:55:42.102791+00
65a25338-dc88-450a-98c9-06cb1485e824,ef250eae-664e-4af5-ad5e-3e59959dc0e9,8cf8b589-7d9f-4dd4-94ab-aede949d984e,2026-03-27,fdf56cc8-2c66-486d-ae8f-8f48c5a28b0c,10d5d88b-c74f-4e99-8435-ee1690d6c047,80,7200,0.00000000000000000000,7200.00000000000000000000,Cash Payment,Delivered,2026-06-18 23:55:42.102791+00
be8faa81-d1fe-4226-a380-71d6447b2324,5fc10ff2-1c2b-4a9c-a9a0-96d6e0156821,ed840cf0-2861-409b-86e1-74be6bae849e,2026-03-31,3f57352d-df9b-4863-bdf6-4e7a6f5e5f20,8dedb270-a04f-4214-b29c-c4bc4f2f78c7,20,2300,0.00000000000000000000,2300.00000000000000000000,Immediate Payment,Delivered,2026-06-18 23:55:42.102791+00
5ec23430-0666-4a83-9689-d478f7de3a62,6762c201-fe3b-4b6c-851d-2452817f1602,b2af6e29-5a61-44fd-a80f-a17517275de0,2026-04-07,99654bf2-99d2-4963-a48f-35d1eacc4352,07723aa8-9f8f-41ca-b623-c486bb145c1f,17000,1212500,0.00000000000000000000,1212500.00000000000000000000,Cash Payment,Pending,2026-06-18 23:55:42.102791+00
df936d7b-2ba4-4559-a0f2-bdb2f5682b57,765cd266-2632-4356-b79c-691b3bb1e04b,57b509a3-f0e6-47ad-8395-09640333de8d,2026-04-12,71be3019-2872-4e46-9e8f-941663554ca2,791dab05-effd-43cd-842b-2eca9a776288,4400,533500,0.00000000000000000000,533500.00000000000000000000,15 Days,Pending,2026-06-18 23:55:42.102791+00
17309d6e-bbae-4f66-af68-f3652957a8aa,898ca0f6-923f-405c-9a89-10c9459575a4,9eab525d-b930-49dc-afe8-f9728c14455d,2026-04-23,4b5902bf-67f1-4e06-8882-ca516c1842db,1dcaa77f-a4d8-43c0-9bf0-cdfc60081e79,1830,176900,0.00000000000000000000,176900.00000000000000000000,15 Days,Pending,2026-06-18 23:55:42.102791+00
772ce745-b2aa-4583-871f-ebc07b3f80ea,898ca0f6-923f-405c-9a89-10c9459575a4,2396922d-cc8c-4887-8e80-d5b82ac35cca,2026-04-23,4b5902bf-67f1-4e06-8882-ca516c1842db,791dab05-effd-43cd-842b-2eca9a776288,3600,427500,0.00000000000000000000,427500.00000000000000000000,15 Days,Pending,2026-06-18 23:55:42.102791+00
ce0c20d9-acbf-4b8d-8f79-0c16005d229a,88a6bfdc-50ad-48dc-83ae-929c07d64088,8402ec9f-4c26-4a24-91a2-63136b643123,2026-05-01,2df9cb4d-3931-42d6-b71e-03529a9850cb,11fadc6b-27d2-4bf0-a616-a82ddf3a9742,1550,93000,0.00000000000000000000,93000.00000000000000000000,Cash Payment,Pending,2026-06-18 23:55:42.102791+00
6aeebc30-3d3d-44a5-b2dd-d3a1dacfc216,582d4953-77be-454e-b093-2b7edb953b6b,6709e3f5-9aa0-4f4e-8c68-c983addd3aee,2026-05-03,71be3019-2872-4e46-9e8f-941663554ca2,1dcaa77f-a4d8-43c0-9bf0-cdfc60081e79,1500,150000,0.00000000000000000000,150000.00000000000000000000,15 Days,Pending,2026-06-18 23:55:42.102791+00
bda14edc-0e59-4671-b54b-8cba33da4c09,22c46903-3edb-42ab-be19-7fe4d263cb23,eb5667c3-d4f6-4ae8-905d-2e8f660013d6,2026-05-06,71be3019-2872-4e46-9e8f-941663554ca2,1dcaa77f-a4d8-43c0-9bf0-cdfc60081e79,3330,339660,0.00000000000000000000,339660.00000000000000000000,15 Days,Pending,2026-06-18 23:55:42.102791+00
241283b5-22ab-4a68-9d32-40ebb35d567c,22c46903-3edb-42ab-be19-7fe4d263cb23,7fe63695-4126-4de0-b503-d222208ce90e,2026-05-06,71be3019-2872-4e46-9e8f-941663554ca2,791dab05-effd-43cd-842b-2eca9a776288,2400,282000,0.00000000000000000000,282000.00000000000000000000,15 Days,Pending,2026-06-18 23:55:42.102791+00
ba6b0c02-7140-4b21-8ec0-055c9dd2e96e,d49e3183-8f26-4123-bc54-fbc6d1fd3d07,bd7e7ba6-6ef3-4614-9b84-9b09e645ef65,2024-06-27,ee050b45-8c17-4d06-ba05-a7f64ed04dab,,1,905000,0.00000000000000000000,905000.00000000000000000000,,Delivered,2026-06-18 23:55:42.102791+00
a7987b92-1c00-443c-b9cd-723d62281514,9ebde2d6-a3d2-40f1-8607-be5aeae32561,c192d58f-fd5c-445a-ac12-bed836ebbde6,2024-09-02,71be3019-2872-4e46-9e8f-941663554ca2,,1,893750,0.00000000000000000000,893750.00000000000000000000,,Delivered,2026-06-18 23:55:42.102791+00
52eb06d6-0fed-490d-9b63-ae87b6ff8460,2276e537-2dff-4aea-adcc-fc6144146979,5822298b-0cea-47bf-a5fb-7678b628045c,2024-09-27,71be3019-2872-4e46-9e8f-941663554ca2,,1,868750,0.00000000000000000000,868750.00000000000000000000,,Delivered,2026-06-18 23:55:42.102791+00
985ccf2b-d60c-4eba-b8d2-cc6311715fd1,92dd3f9c-8e23-49ba-a071-c43185834774,79d9b737-337d-45e5-9c99-3e01111e2b94,2024-08-12,8da5249a-c2b8-48c3-b61c-12ecf6d898d8,,1,845000,0.00000000000000000000,845000.00000000000000000000,,Delivered,2026-06-18 23:55:42.102791+00
97452800-cbda-494d-86d8-9fa7a28b48bf,bfa1203b-85ca-41b1-98d2-eca197f3d0b6,bb74a504-ae2e-4771-9471-379f8bc799b2,2025-07-09,99654bf2-99d2-4963-a48f-35d1eacc4352,,1,794999,0.00000000000000000000,794999.00000000000000000000,,Delivered,2026-06-18 23:55:42.102791+00
baa74081-5658-4d69-bd3f-77a39703f96e,d0a92bad-54b5-41fe-ad1a-6395b8a824fe,43d7cf90-f856-4427-a62e-cf81745de310,2024-11-14,71be3019-2872-4e46-9e8f-941663554ca2,,1,319300,0.00000000000000000000,319300.00000000000000000000,,Delivered,2026-06-18 23:55:42.102791+00
3f7b81ef-786e-4714-9c3d-3d1e18939d49,d65acd26-8958-44f2-8087-a663faaaa440,d6fcd37c-8caf-4be7-a597-81349ba1ad03,2024-11-27,a63cf2df-207a-47ed-a68a-3d1bffb08bb0,,1,311512,0.00000000000000000000,311512.00000000000000000000,,Delivered,2026-06-18 23:55:42.102791+00
438e0609-e409-42e7-8de4-54218ff105f4,a9b7682f-6c36-41ce-a2b3-dd1126ced01d,49ddc427-dfb8-4313-98db-08b6a839cbec,2026-01-13,71be3019-2872-4e46-9e8f-941663554ca2,,1,305650,0.00000000000000000000,305650.00000000000000000000,,Delivered,2026-06-18 23:55:42.102791+00
e57a10b1-76f3-4bed-bf6e-7acf7a280270,b81cd9fa-ad52-4ea7-8c5f-462b36bf42a3,938f7129-cc5d-4a71-b968-9159154c03e9,2024-07-04,8da5249a-c2b8-48c3-b61c-12ecf6d898d8,,1,907000,0.00000000000000000000,907000.00000000000000000000,,Delivered,2026-06-18 23:55:42.102791+00
66bf3810-0abd-4165-83d8-a7a797cc7ea2,48b61d7a-10ab-4173-800b-2584969bcfb0,259fdfdb-5c34-4a28-b6cb-81c948350560,2025-03-25,71be3019-2872-4e46-9e8f-941663554ca2,,1,890000,0.00000000000000000000,890000.00000000000000000000,,Delivered,2026-06-18 23:55:42.102791+00
346cfdbd-fea9-4077-bf73-5b45882b593b,087e53ad-e0cf-4625-a429-33f1827f1930,1f231d99-a574-425e-aa2e-9a4520ffbf96,2024-05-24,8da5249a-c2b8-48c3-b61c-12ecf6d898d8,,1,865000,0.00000000000000000000,865000.00000000000000000000,,Delivered,2026-06-18 23:55:42.102791+00
d0cffbc1-2095-4b1a-a4e3-23f87019afa4,5a29522e-43e1-478e-9620-5fee194797a3,940d6ca5-57d9-471a-8595-e39ccfabfe5d,2025-05-11,2df9cb4d-3931-42d6-b71e-03529a9850cb,,1,850000,0.00000000000000000000,850000.00000000000000000000,,Delivered,2026-06-18 23:55:42.102791+00
6c4597ad-fbf0-42ec-b050-639d11153807,99ce63fd-ee3d-42c1-b353-85d8014fddf1,68458d59-f1cc-46a4-83ed-2c4dd4e3aa15,2024-06-13,8da5249a-c2b8-48c3-b61c-12ecf6d898d8,,1,819600,0.00000000000000000000,819600.00000000000000000000,,Delivered,2026-06-18 23:55:42.102791+00
36401106-a7e3-470e-a68f-e4be0841eaac,9876256b-4378-4412-b127-45bfe62e2c55,a221a92b-b914-4319-9d28-1749e2c179b2,2026-01-02,71be3019-2872-4e46-9e8f-941663554ca2,,1,793750,0.00000000000000000000,793750.00000000000000000000,,Delivered,2026-06-18 23:55:42.102791+00
3d238ad7-f8a9-457f-81cc-6207c746adb9,2b4d198a-7a70-42a0-957c-5d841e1c201c,ee582fd1-d688-4585-9f78-483eb40faa02,2025-04-07,b68482aa-3798-4bc4-96c2-ae22f9e1f162,,1,320250,0.00000000000000000000,320250.00000000000000000000,,Delivered,2026-06-18 23:55:42.102791+00
8e416822-fe69-4df1-8369-dc742d214c5f,9ba76a67-9815-42f3-8606-05e2f13b5c49,0bb4a50e-b727-4e15-bb87-3cb5af7af11e,2025-10-16,71be3019-2872-4e46-9e8f-941663554ca2,,1,312088,0.00000000000000000000,312088.00000000000000000000,,Delivered,2026-06-18 23:55:42.102791+00
6de9b1d6-d328-4cac-87e7-73617416b0c2,9d6b7d12-4cbd-4767-9dbe-91af63dc7c2b,ef0d688f-01f9-4aac-bfcf-2158fac0aa72,2026-03-17,46259c13-632d-449f-a96f-f1deab0e0046,10d5d88b-c74f-4e99-8435-ee1690d6c047,800,71600,0.00000000000000000000,71600.00000000000000000000,Immediate Payment,Pending,2026-06-18 23:55:42.102791+00
da525f66-981a-454d-8c73-41e48582a243,9d6b7d12-4cbd-4767-9dbe-91af63dc7c2b,5938e2c2-c5a6-41f8-a810-4b2c06b4daaa,2026-03-17,46259c13-632d-449f-a96f-f1deab0e0046,791dab05-effd-43cd-842b-2eca9a776288,1600,198000,0.00000000000000000000,198000.00000000000000000000,Immediate Payment,Pending,2026-06-18 23:55:42.102791+00
4b3128a8-6982-4110-9b4a-fd757102eb4c,ab50e496-e013-44c6-bb54-a19f8377279c,1ec4ddba-6dd6-4fa3-82d1-0d380c633a1c,2026-03-27,7278af2d-7018-4d13-bb4d-1b35f4307714,56dcae71-e69c-47ed-a032-d97b1b6a4131,12800,1648000,0.00000000000000000000,1648000.00000000000000000000,2 Month,Pending,2026-06-18 23:55:42.102791+00
1ae64206-8153-441f-8e22-e32a95fcd638,dcb5f036-a14c-4f2a-8bc3-10c05bb98c86,fe99a702-0b53-4dec-b069-7bd399d873a0,2026-04-02,4b5ac98b-a0ab-444a-a1fd-4a30c7c440a6,1dcaa77f-a4d8-43c0-9bf0-cdfc60081e79,1500,155000,0.00000000000000000000,155000.00000000000000000000,15 Days,Pending,2026-06-18 23:55:42.102791+00
9e0144b4-9235-4571-98b6-78935b79fb10,dcb5f036-a14c-4f2a-8bc3-10c05bb98c86,9e27960b-cd18-498e-a108-520c7213074f,2026-04-02,4b5ac98b-a0ab-444a-a1fd-4a30c7c440a6,56dcae71-e69c-47ed-a032-d97b1b6a4131,250,30625,0.00000000000000000000,30625.00000000000000000000,15 Days,Pending,2026-06-18 23:55:42.102791+00
a682489b-6cbe-4f29-a63d-4cf88962b017,2403b377-4f44-4b66-bf83-813c3dbeeff1,3dddccf8-c8c0-444c-8d12-301aef536003,2026-04-03,87b2f8f3-29d2-49ad-9951-aacda4effe82,56dcae71-e69c-47ed-a032-d97b1b6a4131,250,30625,0.00000000000000000000,30625.00000000000000000000,15 Days,Pending,2026-06-18 23:55:42.102791+00
ac054daf-89c5-470f-b78d-1cf625adb63d,2403b377-4f44-4b66-bf83-813c3dbeeff1,9c577944-868f-48bf-afc1-7d2f55938925,2026-04-03,87b2f8f3-29d2-49ad-9951-aacda4effe82,1dcaa77f-a4d8-43c0-9bf0-cdfc60081e79,1500,155000,0.00000000000000000000,155000.00000000000000000000,15 Days,Pending,2026-06-18 23:55:42.102791+00
3f361cea-db16-4eb9-83eb-7db861baa892,31de97b5-0e31-4138-bcea-4cff3cb3dddc,139dfe3b-44ac-43a0-b9f0-aa41df360788,2026-04-05,2df9cb4d-3931-42d6-b71e-03529a9850cb,07723aa8-9f8f-41ca-b623-c486bb145c1f,17000,1212500,0.00000000000000000000,1212500.00000000000000000000,Cash Payment,Pending,2026-06-18 23:55:42.102791+00
01114dba-c8bd-4c57-ba43-1582da23b3f1,8d60cf88-793a-495f-83fa-96192c3a4ac7,c9ae7024-0ad6-4c55-be31-f94db804e13c,2026-04-06,71be3019-2872-4e46-9e8f-941663554ca2,10d5d88b-c74f-4e99-8435-ee1690d6c047,1400,125300,0.00000000000000000000,125300.00000000000000000000,15 Days,Pending,2026-06-18 23:55:42.102791+00
93e0c978-8389-4ef2-b69a-ad5d25f5b660,8d60cf88-793a-495f-83fa-96192c3a4ac7,f793e275-66cd-42f9-a05e-c4993d3e1a8d,2026-04-06,71be3019-2872-4e46-9e8f-941663554ca2,10d5d88b-c74f-4e99-8435-ee1690d6c047,1760,157520,0.00000000000000000000,157520.00000000000000000000,15 Days,Pending,2026-06-18 23:55:42.102791+00
88047269-5933-4881-b759-18279773e723,2b348bf1-a0be-463c-a824-a434c5c879ca,3e918f7b-d019-4845-a166-280d402d1395,2026-04-07,f83e8351-57ae-4284-99c8-3d0905e11e48,e7c36973-a89b-4a54-bb0c-a5164bcfb8d1,1800,186000,0.00000000000000000000,186000.00000000000000000000,15 Days,Pending,2026-06-18 23:55:42.102791+00
6000370f-d8d5-4195-8be7-753ffc67424a,706ff7a8-b07c-4c13-9b30-e53d42253b02,e55ccfff-1ad3-43b8-a706-589bd01c1fda,2026-04-10,7278af2d-7018-4d13-bb4d-1b35f4307714,56dcae71-e69c-47ed-a032-d97b1b6a4131,5600,707000,0.00000000000000000000,707000.00000000000000000000,Cash Payment,Pending,2026-06-18 23:55:42.102791+00
1f9a276f-aa1e-42d0-8999-ce6047c8e2ab,27fe6607-7b7a-4779-8940-166c2d05699b,cd8f2828-28ac-44ec-a560-91b388cf446e,2026-04-09,09a8c43f-b4bc-477b-938a-fd5113ba5792,10d5d88b-c74f-4e99-8435-ee1690d6c047,1000,89500,0.00000000000000000000,89500.00000000000000000000,Cash Payment,Pending,2026-06-18 23:55:42.102791+00
15c78f00-9d71-4233-a73a-59b7a4178202,27fe6607-7b7a-4779-8940-166c2d05699b,0bee43f5-e054-45c9-be77-c57339f99095,2026-04-09,09a8c43f-b4bc-477b-938a-fd5113ba5792,10d5d88b-c74f-4e99-8435-ee1690d6c047,3780,338310,0.00000000000000000000,338310.00000000000000000000,Cash Payment,Pending,2026-06-18 23:55:42.102791+00
d84050f8-1a34-47cb-9ef2-d2b6ffdce6fc,b025af86-352e-4a4a-8767-d3ce63d8ade9,987312af-75d8-4a9b-89e6-bee02f5af2e8,2026-04-13,ebd4b889-4b94-4c8e-acde-8b3b5f560d31,e7c36973-a89b-4a54-bb0c-a5164bcfb8d1,900,88200,0.00000000000000000000,88200.00000000000000000000,Immediate Payment,Pending,2026-06-18 23:55:42.102791+00
f2124f06-9879-4c58-bcc1-7c2242fe4b33,b025af86-352e-4a4a-8767-d3ce63d8ade9,da7e1f08-99fb-49b1-9670-c5271071a0d8,2026-04-13,ebd4b889-4b94-4c8e-acde-8b3b5f560d31,791dab05-effd-43cd-842b-2eca9a776288,1200,144750,0.00000000000000000000,144750.00000000000000000000,Immediate Payment,Pending,2026-06-18 23:55:42.102791+00
e68ea98b-bbb9-4147-be9f-cb04c7bde0d6,74817902-4fc8-46d1-9e04-1fd5e9a085af,01ab7cb5-d450-4b9b-a088-ddd37e4fdc57,2026-04-14,2df9cb4d-3931-42d6-b71e-03529a9850cb,e7c36973-a89b-4a54-bb0c-a5164bcfb8d1,15,1450,0.00000000000000000000,1450.00000000000000000000,Cash Payment,Pending,2026-06-18 23:55:42.102791+00
43567f84-e737-4bd2-8cba-2fe2472aece8,58b07df1-ebf7-4d7e-8ab0-d57f9d1ca62a,30fa3d94-95b9-41bd-a979-90574ff9eeaa,2026-04-22,99654bf2-99d2-4963-a48f-35d1eacc4352,07723aa8-9f8f-41ca-b623-c486bb145c1f,17000,1212500,0.00000000000000000000,1212500.00000000000000000000,Cash Payment,Delivered,2026-06-18 23:55:42.102791+00
7f03f512-02fa-4681-a62d-179a682b1892,3b268f6f-2c94-4ca8-8dab-f0ba97474f5d,30695935-d8d3-4c21-ac47-226cdacdf87d,2026-04-29,99654bf2-99d2-4963-a48f-35d1eacc4352,07723aa8-9f8f-41ca-b623-c486bb145c1f,17000,1212500,0.00000000000000000000,1212500.00000000000000000000,Cash Payment,Pending,2026-06-18 23:55:42.102791+00
c2badbbc-4b22-4a2c-b7b5-e3a9631f9985,19802d88-12eb-4259-9306-2511443fc8ba,c117548d-e32e-4e2a-870b-21d30cb2941b,2026-04-28,71be3019-2872-4e46-9e8f-941663554ca2,791dab05-effd-43cd-842b-2eca9a776288,2400,285000,0.00000000000000000000,285000.00000000000000000000,15 Days,Pending,2026-06-18 23:55:42.102791+00
e9eeb3e2-ca4a-4732-88d3-f5f52f1dca2a,0df33ab5-dd26-4a85-a6e7-381e41f93c10,beb8b1ca-c5db-4896-a967-1a161a4ae0b5,2026-05-05,bd9ee415-fdb7-415e-8f52-bd65bb786d2c,1dcaa77f-a4d8-43c0-9bf0-cdfc60081e79,3000,290000,0.00000000000000000000,290000.00000000000000000000,15 Days,Pending,2026-06-18 23:55:42.102791+00
2eb9451d-6555-45cc-8965-475187a2e70b,0df33ab5-dd26-4a85-a6e7-381e41f93c10,deba7374-8a4b-4dcc-95dc-f1988252d747,2026-05-05,bd9ee415-fdb7-415e-8f52-bd65bb786d2c,791dab05-effd-43cd-842b-2eca9a776288,500,59375,0.00000000000000000000,59375.00000000000000000000,15 Days,Pending,2026-06-18 23:55:42.102791+00
e4a517d5-2318-4511-b7e1-afb6676bd85f,0df33ab5-dd26-4a85-a6e7-381e41f93c10,f61bf44a-6328-4efb-8c00-9028b33ad501,2026-05-05,bd9ee415-fdb7-415e-8f52-bd65bb786d2c,791dab05-effd-43cd-842b-2eca9a776288,1600,190000,0.00000000000000000000,190000.00000000000000000000,15 Days,Pending,2026-06-18 23:55:42.102791+00
708274b6-cd12-4262-9853-5e4566e27c8b,339e0f76-34b6-4ad2-8c9e-961d5b8ea060,00fd1954-cef7-4c18-a4b6-afdca27313a5,2024-08-09,8da5249a-c2b8-48c3-b61c-12ecf6d898d8,,1,842500,0.00000000000000000000,842500.00000000000000000000,,Delivered,2026-06-18 23:55:42.102791+00
8c8ee221-181c-4ed5-9b9b-785ebddd02c9,a3cb43ef-4579-4685-a0c5-4f1a8bd83463,0a7774fc-3e63-4bb0-b8df-45e66020cf93,2025-06-24,6f5a24a0-1dbd-4a1b-9e43-42f82094fc21,,1,834000,0.00000000000000000000,834000.00000000000000000000,,Delivered,2026-06-18 23:55:42.102791+00
70350657-ed27-4376-a599-63bcde0d7c48,d2a2682c-511c-42df-a076-6680d8b82b8e,cb3acd2c-09c7-42b5-a090-eb7e106962d6,2025-12-01,e68871a8-18d6-4060-964c-f5ee029055bd,,1,828250,0.00000000000000000000,828250.00000000000000000000,,Delivered,2026-06-18 23:55:42.102791+00
59bd1491-0fd9-4443-8530-a19dfb871f57,2b5d47a3-e213-4887-9768-20ffb0c96c9a,b734cfdf-ab9a-434f-a28e-136307548f74,2024-11-03,f0fcd114-c83c-4557-ab8e-29869eb50b7b,,1,825000,0.00000000000000000000,825000.00000000000000000000,,Delivered,2026-06-18 23:55:42.102791+00
fdbc2b9e-c7a7-489e-9187-680fd3c23be2,97bf4ab5-cb4f-4912-8dab-c2a31b7115a6,24ed570f-6dc9-4134-87fe-b642bf1d6990,2025-12-15,71be3019-2872-4e46-9e8f-941663554ca2,,1,819450,0.00000000000000000000,819450.00000000000000000000,,Delivered,2026-06-18 23:55:42.102791+00
d3d5c4df-b812-4fc4-9f30-8c54267ede62,1cb3be5f-b471-450f-91dc-7aad061f7738,e6eeb789-9d1b-46ef-8f9a-0ebe4f5ebe62,2026-03-27,71be3019-2872-4e46-9e8f-941663554ca2,10d5d88b-c74f-4e99-8435-ee1690d6c047,1000,89500,0.00000000000000000000,89500.00000000000000000000,15 Days,Pending,2026-06-18 23:55:42.102791+00
cb2f33fc-04e4-4222-b71a-8adc05456324,1cb3be5f-b471-450f-91dc-7aad061f7738,a433dd48-ce23-413d-93d6-65c67cda0eb0,2026-03-27,71be3019-2872-4e46-9e8f-941663554ca2,10d5d88b-c74f-4e99-8435-ee1690d6c047,3000,268500,0.00000000000000000000,268500.00000000000000000000,15 Days,Pending,2026-06-18 23:55:42.102791+00
a2b37821-526a-43c6-8155-36fcf924b58d,a9b4880d-327b-4d4c-97c7-2d48f8bbc477,dca5a762-92bf-4efc-9da0-f94f547e5c55,2026-03-31,2df9cb4d-3931-42d6-b71e-03529a9850cb,1dcaa77f-a4d8-43c0-9bf0-cdfc60081e79,15,1550,0.00000000000000000000,1550.00000000000000000000,Cash Payment,Pending,2026-06-18 23:55:42.102791+00
002c623a-7d26-4e32-96fe-ec775a0f0071,a61b3635-be56-4513-8dd5-4761db571dbf,f6e9de8c-2375-4c6a-b116-9bd5433c13cd,2026-04-05,2df9cb4d-3931-42d6-b71e-03529a9850cb,10d5d88b-c74f-4e99-8435-ee1690d6c047,10,900,0.00000000000000000000,900.00000000000000000000,Cash Payment,Pending,2026-06-18 23:55:42.102791+00
598c5880-b18f-40ca-a244-d72864eda410,c65f1673-cbb6-4c7a-aaae-1704f845e8d5,a3dc4427-3376-4dac-82f0-117b1d0327c6,2026-04-12,add3d1ff-35de-4335-a95b-9db45afafaaa,e7c36973-a89b-4a54-bb0c-a5164bcfb8d1,3000,294000,0.00000000000000000000,294000.00000000000000000000,Cash Payment,Pending,2026-06-18 23:55:42.102791+00
6fdf3c39-6c03-4823-821c-ed3fa42d1dc4,c65f1673-cbb6-4c7a-aaae-1704f845e8d5,79af5f7a-512a-42d3-a6cd-793baa791958,2026-04-12,add3d1ff-35de-4335-a95b-9db45afafaaa,791dab05-effd-43cd-842b-2eca9a776288,1120,135800,0.00000000000000000000,135800.00000000000000000000,Cash Payment,Pending,2026-06-18 23:55:42.102791+00
9a35a24b-7abb-4368-8733-5d63b3617e4d,c65f1673-cbb6-4c7a-aaae-1704f845e8d5,17bfbdea-9f5a-4eae-8c30-3e2c316f9e1b,2026-04-12,add3d1ff-35de-4335-a95b-9db45afafaaa,56dcae71-e69c-47ed-a032-d97b1b6a4131,100,11875,0.00000000000000000000,11875.00000000000000000000,Cash Payment,Pending,2026-06-18 23:55:42.102791+00
3ae49104-2a53-4370-b594-d75007af577b,baff9926-c319-4fca-90a1-1866c616d041,d05406ff-23f7-4d3b-a525-6d18023db0c0,2026-04-26,21d76ea4-8e4c-4ca2-bde0-16f703f119e5,07723aa8-9f8f-41ca-b623-c486bb145c1f,17000,1200000,0.00000000000000000000,1200000.00000000000000000000,Cash Payment,Pending,2026-06-18 23:55:42.102791+00
68933923-2803-4da3-abc6-2d3e4e6f6840,70694d2f-bf4c-496e-8e31-954ded26168a,58196386-e894-4ba2-8480-9c4d2a6c2c1a,2026-05-01,7048623d-7a72-46d8-957d-95ee5ed6799c,1dcaa77f-a4d8-43c0-9bf0-cdfc60081e79,40,3868,0.00000000000000000000,3868.00000000000000000000,7 Days,Pending,2026-06-18 23:55:42.102791+00
70db274a-ffc7-480b-8d51-55c3ec60a392,c3c6451c-e75e-48f3-8aac-dfd8673c4bce,91454c5e-c724-4caa-92b9-efae06c56401,2026-05-03,6736f09d-4a67-4f8b-9193-4a93f57ac6cc,1dcaa77f-a4d8-43c0-9bf0-cdfc60081e79,375,37500,0.00000000000000000000,37500.00000000000000000000,Cash Payment,Delivered,2026-06-18 23:55:42.102791+00
dd191b9b-bbd3-4a9c-b0da-62cf832f7750,411a873b-9691-4dac-b9b5-6ea52beb3563,02b7a162-4a23-4bca-84b5-e51f21ed3bb9,2026-05-06,9c8577e0-bac5-40ed-ab97-d69d5aadb619,0de2f238-ba43-4327-aedd-f37957f55b84,300,36000,0.00000000000000000000,36000.00000000000000000000,7 Days,Pending,2026-06-18 23:55:42.102791+00
9c779f25-0034-4ec9-ab5b-2c9ca35c0984,64ea58d4-9172-494d-aaa9-68091d5e4365,5e8ae615-3c0c-4525-ad8f-b3abc9ff65f0,2024-09-22,22f3c314-4681-438c-96f5-2c089289e523,,1,815999,0.00000000000000000000,815999.00000000000000000000,,Delivered,2026-06-18 23:55:42.102791+00
e5cc20e0-ba28-416b-a04a-6820b413bd11,64e37865-786c-4079-b303-8595056bfe0c,edc7383b-5211-4adb-ba6b-d13f5b9e5aac,2024-10-29,ee050b45-8c17-4d06-ba05-a7f64ed04dab,,1,914999,0.00000000000000000000,914999.00000000000000000000,,Delivered,2026-06-18 23:55:42.102791+00
fc020c4b-05be-4f1a-ad31-5d9ac6f51d1a,ce9b059c-7a42-4b07-987f-d0b5d1846869,34f17355-d627-46a0-b20e-e5b8b40e96fc,2025-01-24,d70a1f63-f837-43a6-9a85-e5c926dd4536,,1,309950,0.00000000000000000000,309950.00000000000000000000,,Delivered,2026-06-18 23:55:42.102791+00
fd6b111b-7014-4bc6-9d84-feaef4ad3eba,3a566396-7db1-4bed-a787-1c99c3157d1a,e2754ed3-eb02-4d7c-8b8a-f1982afc48ef,2025-04-06,71be3019-2872-4e46-9e8f-941663554ca2,,1,308500,0.00000000000000000000,308500.00000000000000000000,,Delivered,2026-06-18 23:55:42.102791+00
4076825f-2e86-4a48-83d4-b817a771579a,08b9a59b-c0ea-4c55-b246-56203ce83a5b,b32313b8-a74e-425f-890e-27a75c610b9a,2024-08-14,71be3019-2872-4e46-9e8f-941663554ca2,,1,307800,0.00000000000000000000,307800.00000000000000000000,,Delivered,2026-06-18 23:55:42.102791+00
d6d6f115-88cb-4c31-b0c7-8cccb53060ba,43e19d30-7333-4dfa-b813-4d2ec7fd3d6f,96afc8e7-a50a-4517-a277-66fdb8f2a893,2024-06-13,71be3019-2872-4e46-9e8f-941663554ca2,,1,306000,0.00000000000000000000,306000.00000000000000000000,,Delivered,2026-06-18 23:55:42.102791+00
69c69977-1c62-4c2d-ad15-35efa4b7a9ee,f2ba71f2-65df-4813-b497-c50a8b9a059c,0ca6f8e4-a79c-47e6-b3c5-b02bd5c8d85c,2024-12-25,d70971cf-d8a3-4155-92ac-d00095d6cce3,,1,304399,0.00000000000000000000,304399.00000000000000000000,,Delivered,2026-06-18 23:55:42.102791+00
9c79c11d-e5d1-4f8c-9556-ed79ffbf5843,978a507f-5c12-4b09-9e60-b351f1c70b62,ca2c2326-98b9-458e-90bb-a12488a78ca3,2026-01-20,71be3019-2872-4e46-9e8f-941663554ca2,,1,304300,0.00000000000000000000,304300.00000000000000000000,,Delivered,2026-06-18 23:55:42.102791+00
cf69c7a6-a017-486a-b498-861bd5f9abd8,b61da6ab-b678-49bb-91ea-e3ececdac99b,2d2be7c8-cf85-46e1-b46f-62bc6eb708f7,2025-08-19,71be3019-2872-4e46-9e8f-941663554ca2,,1,920312,0.00000000000000000000,920312.00000000000000000000,,Delivered,2026-06-18 23:55:42.102791+00
7d495553-9da3-4fca-8f6e-ff3a02e303e1,ad130e58-3dbf-46ef-9f4a-89e3435d3a4d,c2ef6279-25ac-42a4-be26-14b6f06d51e7,2025-03-11,71be3019-2872-4e46-9e8f-941663554ca2,,1,918750,0.00000000000000000000,918750.00000000000000000000,,Delivered,2026-06-18 23:55:42.102791+00
57c29b97-9e24-4490-8d6e-6c917c158fb6,514d51e6-81cf-47ae-82f1-520daae49c4f,992f891d-7eed-4cdd-9a0e-104d295b95ab,2024-06-10,8da5249a-c2b8-48c3-b61c-12ecf6d898d8,,1,912500,0.00000000000000000000,912500.00000000000000000000,,Delivered,2026-06-18 23:55:42.102791+00
185807dd-1ec0-4bd3-92da-3fe5814c16da,6665042b-6655-40a5-832c-42f2e947ae8a,4c665335-7cac-4c4a-b86f-86c2be364e9b,2025-08-03,7278af2d-7018-4d13-bb4d-1b35f4307714,,1,912000,0.00000000000000000000,912000.00000000000000000000,,Delivered,2026-06-18 23:55:42.102791+00
332a18d1-c2df-416e-b9a1-b8d69bed64f9,a1dfbb37-0e43-4bde-a7a2-84d8b5159111,512a0158-f403-4049-8529-c2d7286951d2,2025-07-08,7278af2d-7018-4d13-bb4d-1b35f4307714,,1,912000,0.00000000000000000000,912000.00000000000000000000,,Delivered,2026-06-18 23:55:42.102791+00
9a2ea78f-2f89-4912-b577-b783a6acd6bd,cdca053a-f4b2-42b1-a938-8835ab3c2d96,8f8ad490-79a0-4673-b7d9-f69ad7ff10ca,2024-07-24,8da5249a-c2b8-48c3-b61c-12ecf6d898d8,,1,909000,0.00000000000000000000,909000.00000000000000000000,,Delivered,2026-06-18 23:55:42.102791+00
44cb0c37-4e9c-4793-a43c-cf583f7c3510,862fd6b0-cbce-408c-80c1-7e9db093dd0a,a773986e-cda5-4684-883a-0596e5f1bf5b,2025-01-16,8da5249a-c2b8-48c3-b61c-12ecf6d898d8,,1,903400,0.00000000000000000000,903400.00000000000000000000,,Delivered,2026-06-18 23:55:42.102791+00
e494a89d-ff2a-48d5-bbce-7972f57beaa4,f35a392f-8032-4de8-bcbc-cae923752d47,caf651c0-bc99-405b-9089-b8d89c9168ff,2025-03-10,71be3019-2872-4e46-9e8f-941663554ca2,,1,902812,0.00000000000000000000,902812.00000000000000000000,,Delivered,2026-06-18 23:55:42.102791+00
a0144204-cecd-4d3f-944b-5582daaeb82e,45751aef-52ce-4625-87ea-2502e9318137,df8ac1f7-4e2d-434b-a13e-db9c18d30673,2024-05-24,ee050b45-8c17-4d06-ba05-a7f64ed04dab,,1,900000,0.00000000000000000000,900000.00000000000000000000,,Delivered,2026-06-18 23:55:42.102791+00
e6ff19bb-6d14-45bf-bba1-af9c5aa594ba,4c07f665-775f-4cfe-b16f-9b05239fca35,9594f1e7-c9f9-4fba-b2de-c68897d58c56,2024-06-27,8da5249a-c2b8-48c3-b61c-12ecf6d898d8,,1,898500,0.00000000000000000000,898500.00000000000000000000,,Delivered,2026-06-18 23:55:42.102791+00
75449f57-62f9-4ef8-8bb8-b5bfe6333376,e88e0f8d-f728-4117-bdb6-2befd25d064c,d9d1c444-3c62-4087-a59a-2ecdb64196cb,2024-07-08,ee050b45-8c17-4d06-ba05-a7f64ed04dab,,1,895001,0.00000000000000000000,895001.00000000000000000000,,Delivered,2026-06-18 23:55:42.102791+00
3844bfb1-b3ee-4fe4-8e7b-e9742e0f778b,c3cf3788-3627-4116-8a74-4335c13da656,4d736fb1-083d-40be-81a1-9773347d450a,2024-06-03,ee050b45-8c17-4d06-ba05-a7f64ed04dab,,1,889999,0.00000000000000000000,889999.00000000000000000000,,Delivered,2026-06-18 23:55:42.102791+00
d403c4ce-cf58-47fb-9242-e2b4804825b3,19c9fc67-9997-43a9-93a1-44142ef737b6,eb893360-58bc-4572-b59f-1e3f9748cfaf,2024-10-01,8da5249a-c2b8-48c3-b61c-12ecf6d898d8,,1,888750,0.00000000000000000000,888750.00000000000000000000,,Delivered,2026-06-18 23:55:42.102791+00
7814cb99-776e-44a7-b619-5eac2e98c408,1e29bbf7-ee2e-41d7-9de9-e30224407c2b,c77303a4-2e1a-4b57-8966-cf3a37d697da,2024-09-23,e0127f48-7045-4fdc-b308-c030eb515cc1,,1,881250,0.00000000000000000000,881250.00000000000000000000,,Delivered,2026-06-18 23:55:42.102791+00
35d0b95f-c8b6-4365-a944-beabdf4f75bd,1674b555-fb2b-4a03-b924-f3f2eb1d066a,4cbf76f6-65c3-423b-9131-ba8e91f0aabf,2025-09-23,71be3019-2872-4e46-9e8f-941663554ca2,,1,874000,0.00000000000000000000,874000.00000000000000000000,,Delivered,2026-06-18 23:55:42.102791+00
6e1d4cbe-6b89-4d1b-8acb-f1ce2c31e792,69e7fbf9-5a1a-4da7-b7e0-f54cc55a9807,7e09c28b-8e29-4a28-a4ed-eea8de1757ec,2024-09-13,8da5249a-c2b8-48c3-b61c-12ecf6d898d8,,1,870250,0.00000000000000000000,870250.00000000000000000000,,Delivered,2026-06-18 23:55:42.102791+00
43db3835-9f37-4d41-8866-d29fe4a60e88,be15e4af-f761-4ff7-ae70-fa3c4dbe7f59,eabf2319-15ce-4859-a5fc-79786ecd83b5,2024-12-23,7e8dad36-2a64-4fee-befe-3123f6ca73d7,,1,865000,0.00000000000000000000,865000.00000000000000000000,,Delivered,2026-06-18 23:55:42.102791+00
bdc86592-cdb5-49e1-8a31-c7bb03d44cba,4ba383d2-50df-4ff1-a6c5-2fb3347fe47a,c9c1a3ac-d05c-4eca-9e51-12f89c1a66cf,2025-05-20,99654bf2-99d2-4963-a48f-35d1eacc4352,,1,865000,0.00000000000000000000,865000.00000000000000000000,,Delivered,2026-06-18 23:55:42.102791+00
18bf847c-4a13-4216-9964-8b8f36eceb58,ae8bb7b1-5316-46d7-917d-a1f3f29c0283,dc17d299-a954-457d-9660-02a83729db3e,2024-08-09,8da5249a-c2b8-48c3-b61c-12ecf6d898d8,,1,858200,0.00000000000000000000,858200.00000000000000000000,,Delivered,2026-06-18 23:55:42.102791+00
c60adcf4-9d90-4130-9a1d-76581a1c3204,ec99e1f1-9ec9-4b16-a2c8-9a28ae9d7417,7088751f-6dbc-4c3e-81f0-c409fad792ef,2025-07-07,71be3019-2872-4e46-9e8f-941663554ca2,,1,855918,0.00000000000000000000,855918.00000000000000000000,,Delivered,2026-06-18 23:55:42.102791+00
0a68304c-ca5a-480f-b29e-6baf0545b5ba,196820d6-f3cf-481e-9214-2770b584b900,4a0bea51-8033-4cd6-8d42-5563fdb984ab,2024-09-02,8da5249a-c2b8-48c3-b61c-12ecf6d898d8,,1,850000,0.00000000000000000000,850000.00000000000000000000,,Delivered,2026-06-18 23:55:42.102791+00
27da658f-a857-4ea0-b7d0-34f1cb820927,eb1bdbce-45a5-4032-8fa2-ca256c43123f,2696073f-0449-44c8-b7cc-3a9075fb1703,2024-09-13,8da5249a-c2b8-48c3-b61c-12ecf6d898d8,,1,846000,0.00000000000000000000,846000.00000000000000000000,,Delivered,2026-06-18 23:55:42.102791+00
ca90065d-b7cb-4180-9133-2db0f6361806,b71cf23f-6e40-42fd-85c8-1135a625b86f,5f83417a-e664-4046-bbaf-847bb9e840f7,2025-07-06,99654bf2-99d2-4963-a48f-35d1eacc4352,,1,845000,0.00000000000000000000,845000.00000000000000000000,,Delivered,2026-06-18 23:55:42.102791+00
3f5695ab-3914-4769-8d72-fa37f8b56908,5fc35b5d-0456-4b2c-891c-ebbdc58af455,54c91adf-fb8e-4360-962f-86d66a447248,2025-05-02,71be3019-2872-4e46-9e8f-941663554ca2,,1,839675,0.00000000000000000000,839675.00000000000000000000,,Delivered,2026-06-18 23:55:42.102791+00
02367ba5-d4d6-4f2b-8823-8cfa03677812,43e5829d-ab1f-49ba-a4c0-7537212c0f34,e1ce9d95-9a3c-4291-984a-048dbf0c499d,2024-06-13,8da5249a-c2b8-48c3-b61c-12ecf6d898d8,,1,833000,0.00000000000000000000,833000.00000000000000000000,,Delivered,2026-06-18 23:55:42.102791+00
94ad9e03-85fd-4b72-b776-295ebdbaae2a,733a0133-24e3-46ae-bf6d-1bc295305f9c,38497b2e-0c52-4610-aa22-9c58991204f5,2024-10-07,71be3019-2872-4e46-9e8f-941663554ca2,,1,827700,0.00000000000000000000,827700.00000000000000000000,,Delivered,2026-06-18 23:55:42.102791+00
8bef3180-e4a5-4bfe-a8a8-52ed6a4895b8,563bd0d9-7ae7-4601-b19d-8815640b02cb,f3a2a4c7-d04c-4840-9551-4596beff5998,2024-10-24,ee050b45-8c17-4d06-ba05-a7f64ed04dab,,1,824999,0.00000000000000000000,824999.00000000000000000000,,Delivered,2026-06-18 23:55:42.102791+00
0929fad8-66b7-423b-8e8e-126439542498,baacb8eb-c0c8-47ee-b5fc-5c8690bee706,9944d276-67a6-498d-bb1f-ab9dca54adcf,2024-08-23,8da5249a-c2b8-48c3-b61c-12ecf6d898d8,,1,817975,0.00000000000000000000,817975.00000000000000000000,,Delivered,2026-06-18 23:55:42.102791+00
e42d2cd3-3666-46bc-b13f-ee6c221304fc,1411ac47-f89d-4fba-a503-0603f4e03dac,e33ac18e-5812-44b0-a70a-32b710d7f4a5,2025-11-25,8f06ff88-5db5-47ec-b27f-af2ef21de406,,1,814000,0.00000000000000000000,814000.00000000000000000000,,Delivered,2026-06-18 23:55:42.102791+00
b4552a99-fee8-4a92-a64f-b788e3d127ff,7b4fc763-d7a1-4d6d-8f41-fa13665f5d5b,b0527bc1-9a56-4f8b-b68d-95e10e648a04,2024-11-13,22f3c314-4681-438c-96f5-2c089289e523,,1,809000,0.00000000000000000000,809000.00000000000000000000,,Delivered,2026-06-18 23:55:42.102791+00
a6e5cfa9-053b-49ee-8b01-20cd07693c69,7bf93b83-5a8b-4487-b17d-1b6430338fc2,aca2e78e-de96-4611-8547-ce6af5168996,2024-06-09,8da5249a-c2b8-48c3-b61c-12ecf6d898d8,,1,806500,0.00000000000000000000,806500.00000000000000000000,,Delivered,2026-06-18 23:55:42.102791+00
b3911d1a-8e27-402e-b342-cdee9cd7f970,ed55b25d-7254-4964-8154-4b0fd01a67fc,a27c4717-2b77-44e1-a302-42d462244bbf,2026-01-09,13434759-d4fc-4dc9-ad3b-480ab7211da2,,1,798300,0.00000000000000000000,798300.00000000000000000000,,Delivered,2026-06-18 23:55:42.102791+00
c368cffe-f2d4-4f51-bc76-ab19f6598a35,3660ec96-2057-4182-bf5f-fa4dcbd6f08f,3a3bbb99-02fe-40e9-a2aa-a8abe804e229,2025-10-14,22c3834b-a9d8-4851-8514-d59d3b562b07,,1,793230,0.00000000000000000000,793230.00000000000000000000,,Delivered,2026-06-18 23:55:42.102791+00
c8b6236c-5cc7-4a37-a5d1-02f75c9c42cd,596ba2dc-3f6a-44d1-83d0-02728177216a,59664a0c-d49d-412b-93f5-da7a166ac22a,2025-05-19,71be3019-2872-4e46-9e8f-941663554ca2,,1,782580,0.00000000000000000000,782580.00000000000000000000,,Delivered,2026-06-18 23:55:42.102791+00
60746d49-94fc-4e95-b3c0-43bd9bbe3c48,6cde6200-83d9-450e-a95b-524b7dc9e879,9c322fcd-c7e1-4a33-b19e-c785e7c366b3,2025-11-12,9c8577e0-bac5-40ed-ab97-d69d5aadb619,,1,782000,0.00000000000000000000,782000.00000000000000000000,,Delivered,2026-06-18 23:55:42.102791+00
2b56e060-4daa-4f58-8001-7aa6f04be03c,a684b0b4-2098-4488-896f-46ca8fd156e6,9cdd4c25-8bd4-40e5-8ee4-a98c6f0fabd7,2025-02-05,71be3019-2872-4e46-9e8f-941663554ca2,,1,781840,0.00000000000000000000,781840.00000000000000000000,,Delivered,2026-06-18 23:55:42.102791+00
bd22308d-7e3e-4a1a-9ddd-7f80166b96f6,3c258a73-7c60-4f67-84c2-0bd57dd9d51c,60ac1d5e-1aa1-4122-a63e-e8f50f67a4a9,2026-01-19,13434759-d4fc-4dc9-ad3b-480ab7211da2,,1,783300,0.00000000000000000000,783300.00000000000000000000,,Delivered,2026-06-18 23:55:42.102791+00
e4569552-9628-4349-a244-e9e4b206f359,2180d047-5064-4ec1-b389-30d827d0d863,ec1659f5-07e1-4169-9da6-c8e900da6537,2024-10-14,ee050b45-8c17-4d06-ba05-a7f64ed04dab,,1,780000,0.00000000000000000000,780000.00000000000000000000,,Delivered,2026-06-18 23:55:42.102791+00
5f75c540-c284-4949-a9c8-d09ae6b5ef12,67f45d35-040c-4cbc-a20c-de5babbb6d08,3a162467-8444-49bb-b4d8-8a2295dcee4e,2024-06-04,8da5249a-c2b8-48c3-b61c-12ecf6d898d8,,1,780000,0.00000000000000000000,780000.00000000000000000000,,Delivered,2026-06-18 23:55:42.102791+00
c24c49da-453e-403f-b0f4-e8016841ee0b,ef936483-4fa6-4f93-9400-df9f6cace095,2b7e4ceb-3c6c-402c-a249-0894f7c9a070,2024-05-28,8da5249a-c2b8-48c3-b61c-12ecf6d898d8,,1,778000,0.00000000000000000000,778000.00000000000000000000,,Delivered,2026-06-18 23:55:42.102791+00
61c7a723-da6e-4d6a-8ce6-28ac26a411e3,3de6daf6-c330-4f1c-9a35-f091c664b4f0,8dc32545-d0ed-42c0-bb0c-30f0a52aa0e0,2024-06-14,8da5249a-c2b8-48c3-b61c-12ecf6d898d8,,1,780000,0.00000000000000000000,780000.00000000000000000000,,Delivered,2026-06-18 23:55:42.102791+00
9565150c-4189-41f5-b12d-585b39f52965,8e9ce9f2-5017-43ec-8f4b-fa41a1e28488,cf05cabe-3fc4-4164-8b26-e85208e45e85,2024-07-25,ee050b45-8c17-4d06-ba05-a7f64ed04dab,,1,774999,0.00000000000000000000,774999.00000000000000000000,,Delivered,2026-06-18 23:55:42.102791+00
85706c1c-04c0-475d-8b42-56814318e8db,75c8461f-2f68-4b6a-a767-24daa9e4a5ba,178e2114-5931-4d36-9c42-feaf743c8662,2026-02-23,9ef1c398-08d9-42ff-a90f-e79958f2aadc,,1,776000,0.00000000000000000000,776000.00000000000000000000,,Delivered,2026-06-18 23:55:42.102791+00
9449ad69-29c6-4c7e-bdf5-7522e911fed2,f7dba75f-cbbc-4c6e-a55d-709ee8ccd389,1d555f2a-d4f4-49a3-86d1-0632892da75b,2025-08-25,71be3019-2872-4e46-9e8f-941663554ca2,,1,774512,0.00000000000000000000,774512.00000000000000000000,,Delivered,2026-06-18 23:55:42.102791+00
129e857b-8a45-4eed-bd93-c331c1e1edaf,c7818ad5-0068-4b3f-938b-d809855c9dfa,9d409304-e42b-40db-992f-1194b05c1fd4,2026-01-13,71be3019-2872-4e46-9e8f-941663554ca2,,1,772500,0.00000000000000000000,772500.00000000000000000000,,Delivered,2026-06-18 23:55:42.102791+00
55ec90ec-9e3d-482d-9a04-604f821b4419,2f09acc5-00d3-48c3-b91b-b354550fbdbb,492eff66-acf8-4f1b-b042-a13575d204e8,2025-05-25,242b18b0-2b6e-4ef6-b311-fa29444b997b,,1,774000,0.00000000000000000000,774000.00000000000000000000,,Delivered,2026-06-18 23:55:42.102791+00
59e81636-1f21-4358-9216-8f51904cd7c9,e8815efc-4b18-4604-a044-3f95f35f2c72,374300ca-92f9-44e6-8e34-9651a1675fec,2025-12-04,9c8577e0-bac5-40ed-ab97-d69d5aadb619,,1,774800,0.00000000000000000000,774800.00000000000000000000,,Delivered,2026-06-18 23:55:42.102791+00
4a532938-6d88-4cc9-997d-a1a20b24eced,a074a7bb-118f-47b5-85a6-838ccf29063d,32c396fd-d9b2-4e29-a3ba-4ea0f526dfc9,2025-06-24,71be3019-2872-4e46-9e8f-941663554ca2,,1,772500,0.00000000000000000000,772500.00000000000000000000,,Delivered,2026-06-18 23:55:42.102791+00
030d6428-5b3e-4869-a153-9ddb9e297a19,c85107fe-207f-41bb-9bc4-a87c28d2c63f,491a8785-6b68-4f1e-9567-dd75769ec2af,2025-08-11,a196000a-c83c-402d-8024-2a2c4dda447c,,1,760000,0.00000000000000000000,760000.00000000000000000000,,Delivered,2026-06-18 23:55:42.102791+00
b197305e-50f7-4e0e-ade1-f8c19c41d652,0be75fa3-c2d0-4ae0-875f-d03d27895c11,abfff79c-592e-46f4-bc5c-a28bbd6b26f9,2024-10-07,7f074738-5a84-4e01-9226-9a0acb1a86d8,,1,310625,0.00000000000000000000,310625.00000000000000000000,,Delivered,2026-06-18 23:55:42.102791+00
246bc6d9-85f4-4c2a-8986-f229f85817d7,dc0a6bac-93b8-47e9-bb09-10a890d4c15d,ecfe556b-b5fd-404f-809a-e9793a4355df,2024-09-10,271cdaa5-4d7d-46cd-9a43-7e3bb4bb922a,,1,303500,0.00000000000000000000,303500.00000000000000000000,,Delivered,2026-06-18 23:55:42.102791+00
f0dca1b4-d07a-48d3-a19e-56ef14ad15f1,96e13218-2263-42b3-b149-c2f6e8925991,56483b12-99f5-42d8-84a1-aeb8fe39e45f,2025-04-25,71be3019-2872-4e46-9e8f-941663554ca2,,1,296800,0.00000000000000000000,296800.00000000000000000000,,Delivered,2026-06-18 23:55:42.102791+00
72b57c0a-92fe-47c2-b5b6-7cb1f5f5f02f,8d31b7d8-8f31-4477-b9a0-11027bf69c84,cb670112-471d-46ad-a820-9f6073cb7ca2,2024-10-30,e0140edd-1909-49ae-9bdf-d36e683f578d,,1,293550,0.00000000000000000000,293550.00000000000000000000,,Delivered,2026-06-18 23:55:42.102791+00
67a5948e-edf0-40bf-b6c3-112f60741269,d872dd1a-b639-4068-8304-f215e88e434e,090b0ab2-bd87-4093-97be-a48525ca6965,2024-10-03,71be3019-2872-4e46-9e8f-941663554ca2,,1,287512,0.00000000000000000000,287512.00000000000000000000,,Delivered,2026-06-18 23:55:42.102791+00
40bea77b-52d7-4c48-88fd-f44f9785de63,427b534a-70b0-4bce-81de-634ec1c390d9,250e1547-a47b-409f-95c7-b2358c9035b6,2025-04-20,71be3019-2872-4e46-9e8f-941663554ca2,,1,283800,0.00000000000000000000,283800.00000000000000000000,,Delivered,2026-06-18 23:55:42.102791+00
b636f1a3-d749-46a2-840c-ee625cb99e80,f71c78c2-8395-4b3e-98ec-a636ce1f3b91,c77fd887-b5d6-4503-919a-063aca199830,2025-10-06,71be3019-2872-4e46-9e8f-941663554ca2,,1,277500,0.00000000000000000000,277500.00000000000000000000,,Delivered,2026-06-18 23:55:42.102791+00
d0036657-df91-4c5a-b331-3b9c6ed15dba,c35e0810-5fe2-419d-aaea-44dd3b38f040,7bbcc271-ca50-4fb4-a99e-e96d94b7e663,2024-11-04,71be3019-2872-4e46-9e8f-941663554ca2,,1,272750,0.00000000000000000000,272750.00000000000000000000,,Delivered,2026-06-18 23:55:42.102791+00
7616e80c-e053-4551-86db-e6d6fe1e9817,1f12056e-f4fb-4cb6-b146-9489b750e233,c38e973a-7980-422d-8560-9d4dbfc0a030,2026-02-19,96b16a85-109f-4221-acc1-70fa87bccddc,,1,268500,0.00000000000000000000,268500.00000000000000000000,,Delivered,2026-06-18 23:55:42.102791+00
8b9d103e-75ae-4bed-bca3-6df05e2eaddc,4400e67b-225a-442b-9764-a645f7d608b8,47ba53d7-e3c0-4343-8a43-16c2b7821b93,2026-01-21,13434759-d4fc-4dc9-ad3b-480ab7211da2,,1,771299,0.00000000000000000000,771299.00000000000000000000,,Delivered,2026-06-18 23:55:42.102791+00
0ae1cd16-bde9-4dd9-99c3-62ab6873675c,9514dfe5-28c2-4f03-85fa-192c52bc5a83,43465fb7-d2f7-4ac5-b8db-63d1f339d05d,2024-09-01,42d252ce-09ff-4009-912a-ee9ecb4bac8b,,1,749999,0.00000000000000000000,749999.00000000000000000000,,Delivered,2026-06-18 23:55:42.102791+00
1e6872c2-15b7-4f58-ae92-eda8998007f2,6f90cdfb-7b8a-432d-af6d-6d4fd1cbd0e8,9f15ac6e-7a35-4951-a0fd-8e658501a70c,2025-08-31,242b18b0-2b6e-4ef6-b311-fa29444b997b,,1,300000,0.00000000000000000000,300000.00000000000000000000,,Delivered,2026-06-18 23:55:42.102791+00
ad467773-7699-49ef-95a3-2361326f92fc,bf0068b6-177f-41ef-b4e0-9ae666d48366,0f60f42f-c482-425a-b170-e2dde4931d75,2025-06-16,94840a95-c5bb-495e-a6b6-b69f8754b8b8,,1,293000,0.00000000000000000000,293000.00000000000000000000,,Delivered,2026-06-18 23:55:42.102791+00
465027c1-ac7a-450a-8869-51e7576082a5,e46769de-9bc6-40db-b5d0-82556b9ff941,8e003ce9-93f2-48e7-9413-36af28f18746,2025-05-13,71be3019-2872-4e46-9e8f-941663554ca2,,1,287875,0.00000000000000000000,287875.00000000000000000000,,Delivered,2026-06-18 23:55:42.102791+00
564c6d6e-0fdf-4c61-83c1-1ba47b7f7c99,d04bf9ee-27c7-4e35-b3e3-6f3996bf1dce,3196b2c2-db09-48a7-870a-c5d6d4bbd2db,2024-09-06,80dd1cba-db4a-4856-92ac-722a4b856b9f,,1,280000,0.00000000000000000000,280000.00000000000000000000,,Delivered,2026-06-18 23:55:42.102791+00
f943d59c-8f6b-4e43-92fa-52294eeeab58,134699e6-8c0b-4ec6-8f9e-653f58b6c27c,dbc72ff6-57d9-4503-b159-392f01b3cc2b,2025-05-30,935452e3-cd62-48f6-8240-a237fbb049e2,,1,276000,0.00000000000000000000,276000.00000000000000000000,,Delivered,2026-06-18 23:55:42.102791+00
77fa4b5f-1964-4ce9-9b47-97c5fd16a4c2,675300c3-95c3-497f-9fa1-13fb4e39e662,8f17f3ec-aaff-4f86-bc5d-cc4c0b04e09f,2024-12-16,40f85701-0113-4092-bf94-71fce4830301,,1,270000,0.00000000000000000000,270000.00000000000000000000,,Delivered,2026-06-18 23:55:42.102791+00
df83450a-96e8-40b9-b94d-ed6680a86b1f,e8f5ca84-9208-4edb-9f37-59c00fc1abfe,76db431e-c94c-45ec-90b0-9d1577bb094f,2026-01-20,ad9a5ae4-bea9-4ae4-ac63-464ff555e655,,1,268500,0.00000000000000000000,268500.00000000000000000000,,Delivered,2026-06-18 23:55:42.102791+00
073968d3-ac34-4fa3-bc2d-4fbc3b8e1979,d1faab75-c954-4d13-89c3-8da3b364c2ea,d37aef0f-7826-4a86-8add-2af9cf8b1694,2025-09-19,71be3019-2872-4e46-9e8f-941663554ca2,,1,267000,0.00000000000000000000,267000.00000000000000000000,,Delivered,2026-06-18 23:55:42.102791+00
7b63536b-a9ce-48f4-ba49-7e677ef5b490,46274d70-3fa1-43ce-8c5f-944ba24bb45d,e3fd0b8a-4928-48ce-b1c7-93c9dabf6f60,2025-09-11,71be3019-2872-4e46-9e8f-941663554ca2,,1,770000,0.00000000000000000000,770000.00000000000000000000,,Delivered,2026-06-18 23:55:42.102791+00
fc48c738-c05b-4fa3-910d-44af95ec192e,5dbb23df-3b0b-4efd-9db9-58ce28111e12,2fedbf4e-a777-4803-992f-7771919e0c7d,2024-07-28,ee050b45-8c17-4d06-ba05-a7f64ed04dab,,1,749999,0.00000000000000000000,749999.00000000000000000000,,Delivered,2026-06-18 23:55:42.102791+00
93ed9d23-bd48-4c57-878f-770e6f627170,6f579a68-3f05-4bda-9629-43c4857681e0,1cc4696a-aad7-42f3-8d61-91684e987ffe,2024-12-25,16551b80-b0c1-46d5-8940-71260022fd1c,,1,298900,0.00000000000000000000,298900.00000000000000000000,,Delivered,2026-06-18 23:55:42.102791+00
8e302eb2-068a-472f-88f3-ae9bba701a04,fdccf237-93df-4bb6-bd52-95e282ce4341,2382e444-d477-409b-9ff9-cfe2ce451e39,2025-08-06,71be3019-2872-4e46-9e8f-941663554ca2,,1,267812,0.00000000000000000000,267812.00000000000000000000,,Delivered,2026-06-18 23:55:42.102791+00
fb9ab0e8-4e61-408c-a870-219e42acf90b,e6a10e2a-b3cc-4b72-b368-1682e9fda589,143867a9-a5db-4b71-892b-5b954f01d3eb,2025-02-23,40f85701-0113-4092-bf94-71fce4830301,,1,264000,0.00000000000000000000,264000.00000000000000000000,,Delivered,2026-06-18 23:55:42.102791+00
c756fb79-7afb-44ec-a3df-f6abe1405770,45ac5590-99b8-46e0-8b28-fec55d7a90c4,c54540f1-6293-4f81-a9d7-5d3be2630f30,2025-04-29,dd9e4314-694d-4353-8261-817b0794fbe3,,1,750000,0.00000000000000000000,750000.00000000000000000000,,Delivered,2026-06-18 23:55:42.102791+00
12012c25-1272-4b1b-9b23-f8d0ee39533a,74be2cd4-59b5-4f78-ba0a-f4d1bb144e38,4585a726-a4a7-4273-97c7-610a27426559,2026-01-12,242b18b0-2b6e-4ef6-b311-fa29444b997b,,1,735000,0.00000000000000000000,735000.00000000000000000000,,Delivered,2026-06-18 23:55:42.102791+00
ef763efe-f156-4fa3-839f-9031adfc10ab,1ad8b515-68b4-4597-b771-f9ae82cc5714,4a115850-8e8e-4d03-bb11-21b4276191df,2026-03-17,3f57352d-df9b-4863-bdf6-4e7a6f5e5f20,56dcae71-e69c-47ed-a032-d97b1b6a4131,5,600,0.00000000000000000000,600.00000000000000000000,Immediate Payment,Delivered,2026-06-18 23:55:42.102791+00
92bc473e-9f1d-4283-9ff9-cac12ee55588,1ad8b515-68b4-4597-b771-f9ae82cc5714,ede87a3f-06a5-445d-87fb-e9820a11b0b2,2026-03-17,3f57352d-df9b-4863-bdf6-4e7a6f5e5f20,0de2f238-ba43-4327-aedd-f37957f55b84,5,600,0.00000000000000000000,600.00000000000000000000,Immediate Payment,Delivered,2026-06-18 23:55:42.102791+00
d1b4e133-250b-4191-b7ff-81e5c17d4cd4,587a63fe-b9b2-48d3-921c-db20112f6cb6,fc474424-9a5f-4ba6-8d1e-31c4e79d2126,2026-03-27,71be3019-2872-4e46-9e8f-941663554ca2,10d5d88b-c74f-4e99-8435-ee1690d6c047,1000,89500,0.00000000000000000000,89500.00000000000000000000,15 Days,Pending,2026-06-18 23:55:42.102791+00
8361ce1d-3e26-4cdf-80e8-458cf11665d0,587a63fe-b9b2-48d3-921c-db20112f6cb6,f031840f-0327-4c63-b39b-433eb12485fe,2026-03-27,71be3019-2872-4e46-9e8f-941663554ca2,10d5d88b-c74f-4e99-8435-ee1690d6c047,960,85920,0.00000000000000000000,85920.00000000000000000000,15 Days,Pending,2026-06-18 23:55:42.102791+00
24470493-3aef-44bc-93d4-d11b4cc23280,55256a86-5d44-4940-8680-7afc1526b995,da5dcf93-3785-439d-885c-f1b113af780d,2026-04-02,cc1c75ac-51c8-428e-9f70-77c001aad47c,1dcaa77f-a4d8-43c0-9bf0-cdfc60081e79,2250,232500,0.00000000000000000000,232500.00000000000000000000,15 Days,Pending,2026-06-18 23:55:42.102791+00
eaf259a9-29a5-4a9c-b050-2e18527d0320,d720e2a6-e62e-4351-b0f7-1658984f11a1,de5a0c3f-3870-4ea4-8b68-88a8743392e5,2026-04-03,e363fd6a-6b4d-4a1e-bc25-3407c67f6af1,1dcaa77f-a4d8-43c0-9bf0-cdfc60081e79,3000,310000,0.00000000000000000000,310000.00000000000000000000,4 Days,Pending,2026-06-18 23:55:42.102791+00
6e6cb4e5-79f1-43b9-9fe9-c8f4f7f37b5b,7d925ef2-f365-4ec9-b855-420c297092e3,1167ba83-ebb0-4a96-a3d3-1568208a53d5,2026-04-07,f0fcd114-c83c-4557-ab8e-29869eb50b7b,8dedb270-a04f-4214-b29c-c4bc4f2f78c7,4050,465750,0.00000000000000000000,465750.00000000000000000000,7 Days,Pending,2026-06-18 23:55:42.102791+00
bb651c30-c22f-4b90-bdf5-72aa37c5c467,7d925ef2-f365-4ec9-b855-420c297092e3,0b7e3f01-d667-42d5-bf56-c0ed91959ad5,2026-04-07,f0fcd114-c83c-4557-ab8e-29869eb50b7b,791dab05-effd-43cd-842b-2eca9a776288,1600,206000,0.00000000000000000000,206000.00000000000000000000,7 Days,Pending,2026-06-18 23:55:42.102791+00
1f54b16b-57a7-49dc-8da2-6696aa7b317d,aabe1d24-41a0-472b-82cd-1ae20a6604dc,26a54aa3-227b-405c-8313-b2dbbe72753c,2026-04-09,7e5b18e4-acb0-4a74-ad1d-f25958d7de14,e7c36973-a89b-4a54-bb0c-a5164bcfb8d1,3750,387500,0.00000000000000000000,387500.00000000000000000000,15 Days,Pending,2026-06-18 23:55:42.102791+00
ce3538c0-8db6-4061-86f2-862946eb43e4,aabe1d24-41a0-472b-82cd-1ae20a6604dc,9c245fc7-3cc2-4f1c-a1f9-b71ecfb257b8,2026-04-09,7e5b18e4-acb0-4a74-ad1d-f25958d7de14,791dab05-effd-43cd-842b-2eca9a776288,400,50500,0.00000000000000000000,50500.00000000000000000000,15 Days,Pending,2026-06-18 23:55:42.102791+00
813a5b8e-26f3-4462-b924-f38cea9de054,aabe1d24-41a0-472b-82cd-1ae20a6604dc,10ad21da-a6ad-4ebc-866e-d0002d3a7783,2026-04-09,7e5b18e4-acb0-4a74-ad1d-f25958d7de14,56dcae71-e69c-47ed-a032-d97b1b6a4131,250,30625,0.00000000000000000000,30625.00000000000000000000,15 Days,Pending,2026-06-18 23:55:42.102791+00
86cff635-9756-4e45-a848-66955159680e,d1365bca-4510-433d-86f5-50d1991d78bf,34ac3b82-837c-42b6-93f0-83527582302d,2026-04-10,6bfd0ec9-30f4-495c-b104-f19a6d20505a,e7c36973-a89b-4a54-bb0c-a5164bcfb8d1,1500,155000,0.00000000000000000000,155000.00000000000000000000,7 Days,Pending,2026-06-18 23:55:42.102791+00
d47abc3c-cfac-460e-86e5-1e993d9e206f,56d47fcd-7395-45d1-b77b-afa731a284bd,15e74929-9363-4144-b6c4-b28c9cc1e22a,2026-04-13,71be3019-2872-4e46-9e8f-941663554ca2,e7c36973-a89b-4a54-bb0c-a5164bcfb8d1,450,44100,0.00000000000000000000,44100.00000000000000000000,15 Days,Pending,2026-06-18 23:55:42.102791+00
8f7704cb-a277-4f5a-a920-2d98f208bb08,56d47fcd-7395-45d1-b77b-afa731a284bd,cbb8246e-3e09-49c1-867a-f658013d081c,2026-04-13,71be3019-2872-4e46-9e8f-941663554ca2,791dab05-effd-43cd-842b-2eca9a776288,1600,192000,0.00000000000000000000,192000.00000000000000000000,15 Days,Pending,2026-06-18 23:55:42.102791+00
21e50a63-6c21-4ea3-8533-2412b321e05a,0f50e69c-b7ef-4315-bc8c-dfe6ab5c17ad,2c2b9ff3-76d2-416d-9839-4bb7790a9554,2026-04-14,fdf56cc8-2c66-486d-ae8f-8f48c5a28b0c,e7c36973-a89b-4a54-bb0c-a5164bcfb8d1,15,1470,0.00000000000000000000,1470.00000000000000000000,Cash Payment,Delivered,2026-06-18 23:55:42.102791+00
02a74092-5ab4-48d4-b111-ee8d35b09a40,9e7de7e6-ecff-4c45-a256-d0bf3214a7e5,99214076-4fc2-4249-9125-1812a18d7832,2026-04-16,56037025-414a-4a5f-8b0f-a21864528f78,56dcae71-e69c-47ed-a032-d97b1b6a4131,28000,3052000,0.00000000000000000000,3052000.00000000000000000000,Cash Payment,Pending,2026-06-18 23:55:42.102791+00
19d38e1b-b8c0-491a-a91a-649fdeb71130,863a14a6-b77a-473a-8612-1966aa676fb7,27eb44a1-b26f-4baa-8108-6e927cf340df,2026-04-22,2df9cb4d-3931-42d6-b71e-03529a9850cb,1dcaa77f-a4d8-43c0-9bf0-cdfc60081e79,20,2100,0.00000000000000000000,2100.00000000000000000000,Cash Payment,Pending,2026-06-18 23:55:42.102791+00
91738af8-48ea-43c7-b446-e2df7f90a034,2ba372f5-4cac-47ba-ac91-45bd72372a8a,d52059ba-f066-4c53-9b0b-c66394a987a4,2026-04-24,2df9cb4d-3931-42d6-b71e-03529a9850cb,1dcaa77f-a4d8-43c0-9bf0-cdfc60081e79,15,1450,0.00000000000000000000,1450.00000000000000000000,Cash Payment,Pending,2026-06-18 23:55:42.102791+00
987db1d1-8c54-4492-9b0a-a058420238a2,a9356e93-31fc-4131-9382-cc0fbc04ccd7,0c727a48-0e46-4a11-a1ba-cd022c26a708,2026-04-24,fdf56cc8-2c66-486d-ae8f-8f48c5a28b0c,1dcaa77f-a4d8-43c0-9bf0-cdfc60081e79,30,2900,0.00000000000000000000,2900.00000000000000000000,Cash Payment,Pending,2026-06-18 23:55:42.102791+00
21e5ef1f-ec18-43a9-a94f-12d12514d6a5,fb9acb1e-4918-4230-9e9e-33c3747c5cac,215f6870-2319-4f89-92f5-29b10c6f9782,2026-04-27,add3d1ff-35de-4335-a95b-9db45afafaaa,1dcaa77f-a4d8-43c0-9bf0-cdfc60081e79,3705,358150,0.00000000000000000000,358150.00000000000000000000,Cash Payment,Pending,2026-06-18 23:55:42.102791+00
4a743ca9-83fc-471b-86e2-31db9894f18f,fb9acb1e-4918-4230-9e9e-33c3747c5cac,1476ee27-4892-4493-82af-da5e74459a44,2026-04-27,add3d1ff-35de-4335-a95b-9db45afafaaa,791dab05-effd-43cd-842b-2eca9a776288,1600,190000,0.00000000000000000000,190000.00000000000000000000,Cash Payment,Pending,2026-06-18 23:55:42.102791+00
4fc28208-ff1f-4f29-8177-69f8bcea5a86,d1da9fde-f7a3-47fd-99f1-4ab0c53b4573,89ee57dd-f077-4d5b-96a1-3f2107fab680,2026-04-29,8495a28a-22be-4ddc-b184-f033f3675a64,56dcae71-e69c-47ed-a032-d97b1b6a4131,12800,1376000,0.00000000000000000000,1376000.00000000000000000000,7 Days,Pending,2026-06-18 23:55:42.102791+00
4b58d84e-75c0-4bee-9151-6de261a90810,d72de90c-a831-4c8a-b08b-e7bf3d0392e6,28ad58fd-9624-4c15-ac2b-91f5d573a580,2026-05-05,3a3d1c29-0d68-4f42-a244-9fafaef50e48,1dcaa77f-a4d8-43c0-9bf0-cdfc60081e79,1500,150000,0.00000000000000000000,150000.00000000000000000000,15 Days,Pending,2026-06-18 23:55:42.102791+00
bd8380ea-d9f4-4e63-8c82-4fb74b244847,d72de90c-a831-4c8a-b08b-e7bf3d0392e6,67086d7b-e337-4d26-8a59-27430053daa7,2026-05-05,3a3d1c29-0d68-4f42-a244-9fafaef50e48,56dcae71-e69c-47ed-a032-d97b1b6a4131,2500,278125,0.00000000000000000000,278125.00000000000000000000,15 Days,Pending,2026-06-18 23:55:42.102791+00
2242332b-30b7-4b17-bfd8-3173d3b6a837,5dbca95c-46da-4fe4-a820-04a655bba402,c265edb9-90b9-4672-8492-1260b51b20f8,2025-08-31,6e294634-9504-4be4-960e-df2f3ae4b416,,1,770287,0.00000000000000000000,770287.00000000000000000000,,Delivered,2026-06-18 23:55:42.102791+00
aab7f2c8-b602-41c2-99aa-c3f811a1446d,2c0bdb21-c20e-49b0-8b8a-874ad098d964,c4f3856f-a5ec-4ebd-992e-befb623bab88,2025-07-27,99654bf2-99d2-4963-a48f-35d1eacc4352,,1,752499,0.00000000000000000000,752499.00000000000000000000,,Delivered,2026-06-18 23:55:42.102791+00
e584526e-146e-4eac-90e8-c49efc8132bf,3fffc3d3-26e6-4d5e-ae08-943975f940ad,389b8faf-b8c6-47d8-8463-bb1cb634202b,2024-10-18,71be3019-2872-4e46-9e8f-941663554ca2,,1,309600,0.00000000000000000000,309600.00000000000000000000,,Delivered,2026-06-18 23:55:42.102791+00
38fc1671-7efa-4f7a-9171-a3af860bc69b,dbecca47-d3cf-4ae2-9f53-60ec3dcd8c8c,7cf5af35-1e58-46d8-955c-0219180db7f0,2024-08-11,5bd75a72-6cce-49d2-8c36-efc22b10d1c2,,1,303000,0.00000000000000000000,303000.00000000000000000000,,Delivered,2026-06-18 23:55:42.102791+00
eb42a9f8-8ab1-497b-b92d-4c729887990d,709f6d96-8619-4d77-839f-faacccaf99af,26a5e07a-4f51-41a0-8056-514070f34525,2025-10-02,71be3019-2872-4e46-9e8f-941663554ca2,,1,295650,0.00000000000000000000,295650.00000000000000000000,,Delivered,2026-06-18 23:55:42.102791+00
af64e474-eeea-42f9-ba0f-7ed0eaba36eb,c2c5fae7-5b2f-4a48-a3df-773d1fe3394b,d7f65ff8-c753-4ba8-9274-5d48b3f674e6,2025-05-20,71be3019-2872-4e46-9e8f-941663554ca2,,1,290250,0.00000000000000000000,290250.00000000000000000000,,Delivered,2026-06-18 23:55:42.102791+00
c56032bf-e4c2-4615-9c77-7cb331fc44d0,108305d2-120d-4080-8134-7798733316ea,346d7353-0f24-4284-a15f-a01e76b7031f,2024-06-05,71be3019-2872-4e46-9e8f-941663554ca2,,1,282250,0.00000000000000000000,282250.00000000000000000000,,Delivered,2026-06-18 23:55:42.102791+00
206e9f1e-dc35-4761-bb3d-3de416106e33,4cf556af-6d57-48a7-a57c-66bb6e712bba,2c56b7cd-9d3c-452f-9899-6a56ea667dbc,2026-02-18,95c5d920-3701-494c-b8ec-568a66ffc4ad,,1,276500,0.00000000000000000000,276500.00000000000000000000,,Delivered,2026-06-18 23:55:42.102791+00
504451b9-68b6-4643-bfe7-42357a4aba39,ed48fc83-dd28-4abe-a346-231e3ab4d216,fd9bafc6-8194-4147-b0e3-3356f2ce2f03,2024-07-31,71be3019-2872-4e46-9e8f-941663554ca2,,1,271250,0.00000000000000000000,271250.00000000000000000000,,Delivered,2026-06-18 23:55:42.102791+00
f66a3fd2-0d8b-4a7d-a346-4a6e556c09b7,e2c4e006-6e71-461c-80e4-586a5db796bd,9434788d-1546-4065-b7e5-81ec2ac751c9,2026-01-28,e363fd6a-6b4d-4a1e-bc25-3407c67f6af1,,1,268500,0.00000000000000000000,268500.00000000000000000000,,Delivered,2026-06-18 23:55:42.102791+00
96820212-2f41-4162-84a2-d53cd99f344e,8d07231f-3ef9-477a-86d8-da64791134ba,28704153-5fc1-4f57-9bd0-45e5d37ee10b,2025-08-12,d4686b2c-519c-4f5f-9839-c125dddade95,,1,765000,0.00000000000000000000,765000.00000000000000000000,,Delivered,2026-06-18 23:55:42.102791+00
912a2a6c-e60c-44cf-adfd-e216d501d1f1,8615b0ab-5b77-4118-af29-2e1489ac5417,55bd3e3b-f3c1-4bb6-b20e-052317a8d6f9,2025-08-25,e99e6ca5-a4bb-4343-a635-49f04389ca2a,,1,740000,0.00000000000000000000,740000.00000000000000000000,,Delivered,2026-06-18 23:55:42.102791+00
5fa5cefa-b7b6-467a-8e5f-636b917ae25e,6c481b03-da23-4722-b19a-4f9a5f81e893,ce0c2240-6872-41b7-981a-d12e04bd27d9,2024-06-12,71be3019-2872-4e46-9e8f-941663554ca2,,1,300000,0.00000000000000000000,300000.00000000000000000000,,Delivered,2026-06-18 23:55:42.102791+00
d7f48226-3d9a-43d5-accf-bc2172daa419,c0d8782b-36e4-405b-942b-dd4219787f0d,90d89f16-4367-4f3f-b55e-3279f4058134,2026-01-23,46259c13-632d-449f-a96f-f1deab0e0046,,1,292000,0.00000000000000000000,292000.00000000000000000000,,Delivered,2026-06-18 23:55:42.102791+00
36106ef4-e4d9-46fd-bb7d-5c08d2a6dd12,fbdf02fb-495b-4c43-91af-6288499666ce,5f6caf74-c8ad-4ad4-904f-a95a9aca09ae,2025-11-30,71be3019-2872-4e46-9e8f-941663554ca2,,1,285900,0.00000000000000000000,285900.00000000000000000000,,Delivered,2026-06-18 23:55:42.102791+00
5767e777-1b39-47d9-b7d2-6a7adb5fa6a5,23f9a57a-37cc-40b7-a1cc-4a0a1369b783,027ae393-a328-42ba-aaf9-90efa70d056e,2025-03-25,e81165ad-05bb-4b73-9bde-443bc6e8b08a,,1,279300,0.00000000000000000000,279300.00000000000000000000,,Delivered,2026-06-18 23:55:42.102791+00
184cccc1-85df-49e9-bafc-d8b02eb65b1b,e8a970c0-70c7-438d-8dcd-90711b2bde49,d7c5b15a-b3f5-4283-8e04-0d633d461faa,2025-05-11,71be3019-2872-4e46-9e8f-941663554ca2,,1,275000,0.00000000000000000000,275000.00000000000000000000,,Delivered,2026-06-18 23:55:42.102791+00
806b8210-f8f1-4825-a15a-de289b68f0b3,c8a97394-219b-4822-bce0-0da93d17c41b,d3758d7c-8fc7-428b-bfd5-cbc59e2152ed,2026-02-03,ebd4b889-4b94-4c8e-acde-8b3b5f560d31,,1,270000,0.00000000000000000000,270000.00000000000000000000,,Delivered,2026-06-18 23:55:42.102791+00
95b4efac-0e36-47f8-8cff-899ed90c8b6d,184ea053-dc48-4dd0-b9b7-025e0642bbca,97a7912d-6ffb-432d-83cb-7f2547354836,2026-02-02,58c876c6-a52e-47a3-a7d8-ff1b4f03929b,,1,268500,0.00000000000000000000,268500.00000000000000000000,,Delivered,2026-06-18 23:55:42.102791+00
d3b7661e-2863-4ccb-a862-1986fca2642b,6aedd508-b149-44d1-8220-15c26821c174,ee26b7c5-e432-4bd8-8539-dcc51f3f50cd,2024-06-21,71be3019-2872-4e46-9e8f-941663554ca2,,1,266300,0.00000000000000000000,266300.00000000000000000000,,Delivered,2026-06-18 23:55:42.102791+00
04cfff03-17e8-48a2-91f3-7e304b5df6f9,9f3cde11-6b1c-4f33-bbf0-d9efbe9daefa,e7d6f5ff-a9a2-4b92-b130-542a04561f5b,2025-12-12,71be3019-2872-4e46-9e8f-941663554ca2,,1,765375,0.00000000000000000000,765375.00000000000000000000,,Delivered,2026-06-18 23:55:42.102791+00
7f94b29a-ea39-430c-b221-c7660d7d7aba,8a6c0e95-f6ff-41d6-9b08-b29c9a0081b4,c6f20cfb-313a-4843-98cc-8cf99c1abb2c,2025-08-03,99654bf2-99d2-4963-a48f-35d1eacc4352,,1,742525,0.00000000000000000000,742525.00000000000000000000,,Delivered,2026-06-18 23:55:42.102791+00
61fefc3b-54d0-4c46-9885-33cc4ca58e14,f6243407-99c4-46b9-b273-b9c77948dfa5,0031fef5-fbee-444e-8798-3a2d84fc7654,2025-06-01,5bd75a72-6cce-49d2-8c36-efc22b10d1c2,,1,301550,0.00000000000000000000,301550.00000000000000000000,,Delivered,2026-06-18 23:55:42.102791+00
fd06bd08-fa70-4f7f-8853-6fcb3120159c,b2d99bed-5e3e-4e17-b0c3-5136c6132f7b,5f069dea-a6d0-416b-96a6-7a4365d0f535,2025-07-27,71be3019-2872-4e46-9e8f-941663554ca2,,1,293750,0.00000000000000000000,293750.00000000000000000000,,Delivered,2026-06-18 23:55:42.102791+00
314d8d6e-bf29-4420-87d6-e707fe59a779,7d52ff06-80b0-4ff9-a62f-d8baf88975ef,cb6e4b5d-ac62-4925-8592-e20c75b68bc5,2026-02-19,8f06ff88-5db5-47ec-b27f-af2ef21de406,,1,268500,0.00000000000000000000,268500.00000000000000000000,,Delivered,2026-06-18 23:55:42.102791+00
835ceb62-9ce0-43c6-93c4-b5760ada2347,89d8eead-572a-49ff-8076-72f327e5f2ed,be85b5d1-70b2-4d51-940e-1ebce765d68f,2025-09-14,7ec6a241-cccb-4c99-b833-c8da36af9ba0,,1,267000,0.00000000000000000000,267000.00000000000000000000,,Delivered,2026-06-18 23:55:42.102791+00
85e72205-7b1a-4930-b8fa-32bab900b100,766a7c9c-5533-4c09-b759-c2dc0ab7946c,18b53d04-a895-4619-84e4-4473bbd00fd1,2025-07-31,e363fd6a-6b4d-4a1e-bc25-3407c67f6af1,,1,264000,0.00000000000000000000,264000.00000000000000000000,,Delivered,2026-06-18 23:55:42.102791+00
47600509-3fa1-4446-9e65-16d8e82c3d58,6f3d7f03-b2d9-4d2d-99ca-e942ce3cce9e,c921fb91-9f7e-4e48-9f7c-34226714c62a,2024-09-10,42d252ce-09ff-4009-912a-ee9ecb4bac8b,,1,749999,0.00000000000000000000,749999.00000000000000000000,,Delivered,2026-06-18 23:55:42.102791+00
a2081a28-8d9b-449d-a8c0-7b3fba10c2df,5471151d-0154-48c6-83d3-218e61a0a9d1,739beaa6-ccfa-42bb-bc91-5673d5f4ee1b,2024-11-15,271cdaa5-4d7d-46cd-9a43-7e3bb4bb922a,,1,739000,0.00000000000000000000,739000.00000000000000000000,,Delivered,2026-06-18 23:55:42.102791+00
ad5ef7d5-cb5a-4849-8ebd-fa4fdef2d6bc,3cdb770b-3fa5-4eee-b940-1add7b324909,bfd8f608-dc43-4f0c-8f1f-c0db7e5e6105,2026-03-17,71be3019-2872-4e46-9e8f-941663554ca2,791dab05-effd-43cd-842b-2eca9a776288,800,99000,0.00000000000000000000,99000.00000000000000000000,15 Days,Pending,2026-06-18 23:55:42.102791+00
fa8a27d3-660e-49eb-ae23-8cb72deb07f3,30c0ab8f-c111-48fa-bd1c-31f163060bb5,197174ca-02c2-4602-a399-82d30db02c94,2026-03-27,81ac38e2-4f65-4e63-9f47-e21d96b7a523,10d5d88b-c74f-4e99-8435-ee1690d6c047,1200,107400,0.00000000000000000000,107400.00000000000000000000,7 Days,Pending,2026-06-18 23:55:42.102791+00
5d46d619-16f2-4888-8f8d-5738d32a7126,2a886874-5fed-4b21-9e79-0c8cd35817ab,1dbdd749-ad92-4d4d-99b9-45ccaca403b3,2026-03-31,3f57352d-df9b-4863-bdf6-4e7a6f5e5f20,1dcaa77f-a4d8-43c0-9bf0-cdfc60081e79,15,1550,0.00000000000000000000,1550.00000000000000000000,Immediate Payment,Delivered,2026-06-18 23:55:42.102791+00
90a63dc6-76e0-44f8-9cc5-838c97c518ab,ab77639a-5334-41e2-a742-59a8605e3f2f,ad879abe-8c87-465e-b0ea-21bc01370269,2026-04-05,8c104193-5a04-40c1-9868-8f62355a4de8,56dcae71-e69c-47ed-a032-d97b1b6a4131,50,6200,0.00000000000000000000,6200.00000000000000000000,Immediate Payment,Pending,2026-06-18 23:55:42.102791+00
b19c626d-ffc8-4f4a-b110-bd6aa21fdc88,83143d46-1a14-47bf-b76c-41906a30b07d,0134cc7e-fd90-48c6-bbed-4667e795cd8f,2026-04-06,71be3019-2872-4e46-9e8f-941663554ca2,10d5d88b-c74f-4e99-8435-ee1690d6c047,500,44750,0.00000000000000000000,44750.00000000000000000000,15 Days,Pending,2026-06-18 23:55:42.102791+00
6742f71b-6444-4e5f-85ec-f9ee248dfa93,83143d46-1a14-47bf-b76c-41906a30b07d,3713f22f-0fa6-4e10-849e-346590a2f68d,2026-04-06,71be3019-2872-4e46-9e8f-941663554ca2,10d5d88b-c74f-4e99-8435-ee1690d6c047,1500,134250,0.00000000000000000000,134250.00000000000000000000,15 Days,Pending,2026-06-18 23:55:42.102791+00
c9d6ae27-9506-42c9-998d-fc9f9ca9f6a4,e38bb0fa-7bbc-4d4d-8f8f-8992b9d07dc2,2aa9774d-6c7e-46cf-abdc-1b362bfc0ee2,2026-04-12,9c8577e0-bac5-40ed-ab97-d69d5aadb619,e7c36973-a89b-4a54-bb0c-a5164bcfb8d1,1005,108004,0.00000000000000000000,108004.00000000000000000000,7 Days,Pending,2026-06-18 23:55:42.102791+00
b6606bc4-f44c-47e6-a41f-afdd3701cbf4,58852779-52fd-4c21-ab68-8584ef46e47f,879b0a17-cd03-469c-aed7-27f76d4a9029,2026-04-12,516eb9ad-ee68-4e36-9328-692922b9061c,e7c36973-a89b-4a54-bb0c-a5164bcfb8d1,855,83790,0.00000000000000000000,83790.00000000000000000000,15 Days,Pending,2026-06-18 23:55:42.102791+00
1fb231c1-c00a-49ad-992c-016b8361ae09,58852779-52fd-4c21-ab68-8584ef46e47f,c1eb19b0-c7c1-495b-9db4-0334cd0e50fe,2026-04-12,516eb9ad-ee68-4e36-9328-692922b9061c,56dcae71-e69c-47ed-a032-d97b1b6a4131,750,89062.5,0.00000000000000000000,89062.50000000000000000000,15 Days,Pending,2026-06-18 23:55:42.102791+00
398878d6-bc64-4df6-8211-65e28dd93572,2cd0f0de-8ed9-44e3-9655-72c00acd796d,4a923dd3-080a-42af-8df8-ddb3af988857,2026-04-24,2df9cb4d-3931-42d6-b71e-03529a9850cb,1dcaa77f-a4d8-43c0-9bf0-cdfc60081e79,40,4000,0.00000000000000000000,4000.00000000000000000000,Cash Payment,Pending,2026-06-18 23:55:42.102791+00
867dc66d-7d4d-4271-b628-9987697f7771,2f220206-6ed6-4b49-acf5-8312e4cf5817,e12b5e16-f277-4ac4-b815-1c7f1784c647,2026-05-01,6ed94d48-4563-4119-98c1-537fc055af4d,07723aa8-9f8f-41ca-b623-c486bb145c1f,4998,361620.00000000006,0.00000000000000000000,361620.00000000006000000000,Cash Payment,Pending,2026-06-18 23:55:42.102791+00
6e5e5190-35b4-4036-9088-b722e0bf62a4,7b3174c4-8e4e-4960-a117-609b48aa199d,b7b25f5b-735d-400d-a8ec-a7c9f6f3173c,2026-05-03,71be3019-2872-4e46-9e8f-941663554ca2,1dcaa77f-a4d8-43c0-9bf0-cdfc60081e79,3390,339000,0.00000000000000000000,339000.00000000000000000000,15 Days,Pending,2026-06-18 23:55:42.102791+00
0056d684-968f-4f73-a272-b78e1b0676aa,7b3174c4-8e4e-4960-a117-609b48aa199d,6bc7e41b-a4a3-4db9-ba04-59a0758b9539,2026-05-03,71be3019-2872-4e46-9e8f-941663554ca2,791dab05-effd-43cd-842b-2eca9a776288,2800,325500,0.00000000000000000000,325500.00000000000000000000,15 Days,Pending,2026-06-18 23:55:42.102791+00
10484610-a010-4d65-953a-ab936aaa3337,7b3174c4-8e4e-4960-a117-609b48aa199d,1ce146d2-70e8-44f7-80cb-352c4cee7f77,2026-05-03,71be3019-2872-4e46-9e8f-941663554ca2,56dcae71-e69c-47ed-a032-d97b1b6a4131,1250,139843.75,0.00000000000000000000,139843.75000000000000000000,15 Days,Pending,2026-06-18 23:55:42.102791+00
88265a00-9fc3-4e5f-b9af-9fd7d0e55f49,7b3174c4-8e4e-4960-a117-609b48aa199d,001d507c-8fa1-40df-9fb1-ef4131ea28e7,2026-05-03,71be3019-2872-4e46-9e8f-941663554ca2,15a706d5-599d-4224-9ac4-f91809e18f25,20,75600,0.00000000000000000000,75600.00000000000000000000,15 Days,Pending,2026-06-18 23:55:42.102791+00
8ea3ba1c-25d7-446a-badf-2ed7f76c4d15,e6c79f55-031a-4507-8b55-63e33475e6ac,778781f7-7f55-4d18-8c3d-b450fde3726f,2026-05-06,cb55367a-1da2-40df-aac3-6ea2d3ef7d67,791dab05-effd-43cd-842b-2eca9a776288,500,57500,0.00000000000000000000,57500.00000000000000000000,7 Days,Pending,2026-06-18 23:55:42.102791+00
8f9e6ce1-5bd6-4633-abf5-610e236a19fb,e6c79f55-031a-4507-8b55-63e33475e6ac,fcc1346a-2e5f-4d16-95d7-32fc52872c5c,2026-05-06,cb55367a-1da2-40df-aac3-6ea2d3ef7d67,56dcae71-e69c-47ed-a032-d97b1b6a4131,50,5625,0.00000000000000000000,5625.00000000000000000000,7 Days,Pending,2026-06-18 23:55:42.102791+00
3184c545-81c0-468e-9e22-f2ae39991528,a2181b38-4774-4b7a-88f8-917664806c1b,31628d15-f611-48d0-9abd-4fdfbccbda19,2025-08-27,71be3019-2872-4e46-9e8f-941663554ca2,,1,771225,0.00000000000000000000,771225.00000000000000000000,,Delivered,2026-06-18 23:55:42.102791+00
018c064c-7c57-413c-93b7-23b3593bbe15,374628f7-f6ad-4885-bc10-4c9def421cfe,14283d40-d103-4734-ac94-627305e10fe6,2024-09-10,42d252ce-09ff-4009-912a-ee9ecb4bac8b,,1,749999,0.00000000000000000000,749999.00000000000000000000,,Delivered,2026-06-18 23:55:42.102791+00
6eb50d8a-ef42-47ca-8577-c94ad10b7abb,48d6d6a2-fd33-4535-b516-2dd2fbda6ef0,6f52dfef-386b-4a6b-b1d5-c00a2444fa0a,2025-12-25,71be3019-2872-4e46-9e8f-941663554ca2,,1,307665,0.00000000000000000000,307665.00000000000000000000,,Delivered,2026-06-18 23:55:42.102791+00
0ef33cbe-15bb-44de-bd2c-15f054ce2e49,60fce9cc-7c23-4d30-95bd-681919cdeec6,78a36a8b-b00b-4184-b2f9-fd8cbbe456c6,2024-12-09,71be3019-2872-4e46-9e8f-941663554ca2,,1,302850,0.00000000000000000000,302850.00000000000000000000,,Delivered,2026-06-18 23:55:42.102791+00
269dd735-34c2-4c82-8450-afdd5a7d097a,8b4a1705-6586-4b46-961d-380ffc1ebfe4,262c514f-badc-44f2-87d6-6ce3b7cd357c,2026-01-23,46259c13-632d-449f-a96f-f1deab0e0046,,1,292000,0.00000000000000000000,292000.00000000000000000000,,Delivered,2026-06-18 23:55:42.102791+00
19b60542-7434-4617-95bf-b627eec73f4f,ed27859e-d86e-4915-b97f-2608d0b74b2a,a9396c00-faa3-4b4a-a179-7de546740811,2025-12-16,e96db2f5-75f3-4573-9c7d-2862020fc1be,,1,286400,0.00000000000000000000,286400.00000000000000000000,,Delivered,2026-06-18 23:55:42.102791+00
99c4677d-372a-46d9-990a-c4ffacb96cb3,c8d11367-889a-4d73-99c1-4f7c092d9da7,82971df8-47ab-49ed-8ca1-d138ca8af5a8,2024-10-13,1b6208e2-3404-4731-877d-3e2d93821bb0,,1,280400,0.00000000000000000000,280400.00000000000000000000,,Delivered,2026-06-18 23:55:42.102791+00
53ca4a15-c585-4b44-acbd-27620fa78802,d9dedeca-188d-4d62-8431-8d6fa26f1865,fb96236b-1204-4ef4-afb2-dfa8b06c9b75,2025-08-08,71be3019-2872-4e46-9e8f-941663554ca2,,1,276050,0.00000000000000000000,276050.00000000000000000000,,Delivered,2026-06-18 23:55:42.102791+00
8fa9f1e5-6368-4e53-a9c6-3abe6ab61316,5a836f47-745d-4542-9f94-7624c166cfc8,60bbe39a-602b-4708-a4c9-7610fca487d9,2025-02-02,40f85701-0113-4092-bf94-71fce4830301,,1,270000,0.00000000000000000000,270000.00000000000000000000,,Delivered,2026-06-18 23:55:42.102791+00
c02b8cfd-5969-4e5b-b07b-a42474ca0b40,21537518-26fc-4da8-8264-5300782d3249,c6b363bc-9dc1-4e40-a861-8bbd3efb9c22,2026-01-28,f83e8351-57ae-4284-99c8-3d0905e11e48,,1,268500,0.00000000000000000000,268500.00000000000000000000,,Delivered,2026-06-18 23:55:42.102791+00
64536e2e-cba4-4e37-83b7-e2eff62a41a5,0fa223cf-9810-4442-89e4-505610920324,d4ae7805-5a6f-4cac-b1e7-740d346fdfc4,2024-11-21,71be3019-2872-4e46-9e8f-941663554ca2,,1,763000,0.00000000000000000000,763000.00000000000000000000,,Delivered,2026-06-18 23:55:42.102791+00
7f669a82-1384-472b-9a97-38b6e2ddc30a,cbb9b3fd-a33a-4d1c-8ddc-878c5829daaf,3dc0feee-cbc0-4b77-823a-3a4b7d0369f6,2024-08-08,5bd75a72-6cce-49d2-8c36-efc22b10d1c2,,1,303000,0.00000000000000000000,303000.00000000000000000000,,Delivered,2026-06-18 23:55:42.102791+00
2d12f385-198d-4c45-8172-dd519f5b802a,9d58cc1d-26b3-4127-9456-a17e8263f759,df378584-f1c2-45ed-ae90-e844fbc36648,2025-07-27,71be3019-2872-4e46-9e8f-941663554ca2,,1,298000,0.00000000000000000000,298000.00000000000000000000,,Delivered,2026-06-18 23:55:42.102791+00
fde54e22-7516-42c3-8cc5-35ddcc2da52e,d046d75b-b9da-4708-b5f9-146a1820db46,5a5991cd-5363-4ff5-8147-f5e02abc8e31,2025-06-04,71be3019-2872-4e46-9e8f-941663554ca2,,1,290937,0.00000000000000000000,290937.00000000000000000000,,Delivered,2026-06-18 23:55:42.102791+00
f97308ac-9a39-4759-81fc-53b3880ca261,137dde0c-b6ea-4c63-8690-375e29059025,3599ef8d-f317-4cd2-a818-60e76e4dfca3,2024-11-14,1b6208e2-3404-4731-877d-3e2d93821bb0,,1,284500,0.00000000000000000000,284500.00000000000000000000,,Delivered,2026-06-18 23:55:42.102791+00
87135c74-708b-4e9c-a537-d0d241b0be28,7e53ba65-cdb2-4de1-8c62-43db222dc4af,1c005b78-62bb-445e-a34f-d425e7e8ff97,2025-05-05,94840a95-c5bb-495e-a6b6-b69f8754b8b8,,1,277540,0.00000000000000000000,277540.00000000000000000000,,Delivered,2026-06-18 23:55:42.102791+00
c13c520d-ed95-42fe-85f5-6911edb1d7cf,8fe3ba5a-4493-4753-bccd-32bfe54685d7,d21fa0a9-16d4-486b-9e16-d06610f40cce,2025-10-19,51bf73f4-c8da-4e75-b5c1-72b2dc1014a0,,1,273645,0.00000000000000000000,273645.00000000000000000000,,Delivered,2026-06-18 23:55:42.102791+00
39034b59-f0a6-40dd-828c-af34275ff0df,ccf1ac22-1982-4506-87b5-71368079c037,75a83517-1d7c-42e0-99c0-cca5ef8f8940,2024-12-06,271cdaa5-4d7d-46cd-9a43-7e3bb4bb922a,,1,269500,0.00000000000000000000,269500.00000000000000000000,,Delivered,2026-06-18 23:55:42.102791+00
c45acf83-335c-4ee3-bfbb-823ba4f9e2a6,71715a27-2c08-4609-a14a-a2f52fe76617,b4c18cde-049b-45f9-b488-0414cad948ff,2025-12-29,f1e51592-40e6-4c0e-ba12-f1e4bfda0f43,,1,268500,0.00000000000000000000,268500.00000000000000000000,,Delivered,2026-06-18 23:55:42.102791+00
02a57a51-8e67-4f09-b918-f8b9f4cb745d,140b53f0-f4db-4363-b14c-8dedca89f875,4caf1d82-d9a9-4b97-a11b-050a26e53750,2025-06-03,acc76122-192c-47ad-adaa-9c9babc33160,,1,265500,0.00000000000000000000,265500.00000000000000000000,,Delivered,2026-06-18 23:55:42.102791+00
24ef9ac2-15bd-442f-8bcb-ccf297e9d714,06d95e82-274c-428f-8ccf-6ca3e89a16ac,85fda161-62bd-4b29-9399-c8f38c1db156,2025-05-25,71be3019-2872-4e46-9e8f-941663554ca2,,1,764625,0.00000000000000000000,764625.00000000000000000000,,Delivered,2026-06-18 23:55:42.102791+00
9fe07cdc-28e4-40d1-bb6f-8c8022495f66,07e474bb-b0f3-4c3a-b2a1-fc5910c6caa7,4ee4fb09-7384-4c96-b20f-9f706308e40f,2024-10-25,71be3019-2872-4e46-9e8f-941663554ca2,,1,295968,0.00000000000000000000,295968.00000000000000000000,,Delivered,2026-06-18 23:55:42.102791+00
b9d67946-b742-4e36-84c2-7e548be492e9,f77ae2e3-a035-4835-bcb6-06edea206ba6,50a1ecda-7b67-4252-b338-c72181a53cfc,2026-01-28,71be3019-2872-4e46-9e8f-941663554ca2,,1,268500,0.00000000000000000000,268500.00000000000000000000,,Delivered,2026-06-18 23:55:42.102791+00
0455eafb-79bc-40fb-a43e-47341812f1ff,9c43e252-90fd-4861-8646-9c25ef37c7da,4109f9ce-ce90-44ff-a759-f5b88c4cf2c4,2025-09-22,3d2a3b54-c351-49e9-95ff-ed7f44780b3c,,1,267000,0.00000000000000000000,267000.00000000000000000000,,Delivered,2026-06-18 23:55:42.102791+00
d7ab5cf4-97af-4fe8-9f53-318499fab13a,b8b3134f-ea65-487e-ac7d-9e38fd6dd64e,ac2853dd-3358-4861-8b83-f362bc1951bd,2025-12-23,242b18b0-2b6e-4ef6-b311-fa29444b997b,,1,768000,0.00000000000000000000,768000.00000000000000000000,,Delivered,2026-06-18 23:55:42.102791+00
0c7db573-f25d-4b36-8409-eb18752d00d7,94cabba2-a3a2-418b-9394-dc2477e02c66,84a53a1b-0f42-4665-b04e-b65abc1b4b24,2025-05-19,242b18b0-2b6e-4ef6-b311-fa29444b997b,,1,744000,0.00000000000000000000,744000.00000000000000000000,,Delivered,2026-06-18 23:55:42.102791+00
6fa505af-e307-446a-aa53-5e8767a6e9b5,283cc6f7-5298-44d9-aa68-c8c57a7bcfb0,da8628b5-861c-4b71-ad7f-91a55e9c9542,2025-09-03,e99e6ca5-a4bb-4343-a635-49f04389ca2a,,1,733760,0.00000000000000000000,733760.00000000000000000000,,Delivered,2026-06-18 23:55:42.102791+00
767a945c-9672-49d2-8d9d-f78a4f5b70ea,33ed7974-5801-47ec-a5ce-df45694f04f2,fe13f981-0b0b-4cc6-9397-eb083040e676,2026-03-17,71be3019-2872-4e46-9e8f-941663554ca2,10d5d88b-c74f-4e99-8435-ee1690d6c047,400,35800,0.00000000000000000000,35800.00000000000000000000,15 Days,Pending,2026-06-18 23:55:42.102791+00
00b25d7d-1a86-4660-9255-096642cccaa3,33ed7974-5801-47ec-a5ce-df45694f04f2,6427b908-c29a-478d-ab58-b52596783574,2026-03-17,71be3019-2872-4e46-9e8f-941663554ca2,791dab05-effd-43cd-842b-2eca9a776288,1200,148500,0.00000000000000000000,148500.00000000000000000000,15 Days,Pending,2026-06-18 23:55:42.102791+00
eb5099d0-cf2d-435e-9769-fe7dcb096717,671214c0-d83f-471f-aa3a-43d3eae8f2b3,b749ff57-7415-4d4f-91da-b15969bfc1d7,2026-03-27,ba202cd1-1a40-4147-b679-0ece50f6be0a,56dcae71-e69c-47ed-a032-d97b1b6a4131,3500,427000,0.00000000000000000000,427000.00000000000000000000,15 Days,Pending,2026-06-18 23:55:42.102791+00
5cb7f9b7-f82a-4354-94cf-fa76f5796453,ef25e762-3a6d-44b9-87c9-8bf0c4d9eb7c,48f96d68-9966-4a34-acc2-6607864378ad,2026-03-31,2df9cb4d-3931-42d6-b71e-03529a9850cb,07723aa8-9f8f-41ca-b623-c486bb145c1f,34,2450,0.00000000000000000000,2450.00000000000000000000,Cash Payment,Pending,2026-06-18 23:55:42.102791+00
c9718e97-02c9-4127-a023-17b4ff30e65a,2a6f45b8-2231-430b-b5b5-3f8474322419,a3c4db1f-a73d-42c4-848c-6badfc5f6d2f,2026-04-02,2df9cb4d-3931-42d6-b71e-03529a9850cb,10d5d88b-c74f-4e99-8435-ee1690d6c047,20,1800,0.00000000000000000000,1800.00000000000000000000,Cash Payment,Pending,2026-06-18 23:55:42.102791+00
4a0222d7-d237-4cb4-92b3-f4a4e2c905d0,5c5cd34b-6661-44b0-b8ab-8e147f5cbfc7,e0550438-717c-4a74-ace8-3af47edc1657,2026-04-03,831c411d-fe4b-4063-9964-7eff24d5feb3,e7c36973-a89b-4a54-bb0c-a5164bcfb8d1,1500,155000,0.00000000000000000000,155000.00000000000000000000,7 Days,Pending,2026-06-18 23:55:42.102791+00
11b93453-5dbf-4919-87bb-806035f5e32d,efe2d77b-9aa2-4c58-bff5-b8014be10d23,fb76bd4b-22ae-4811-9b84-21aba60a01dc,2026-04-07,16beab9d-c9a2-48f5-be5c-f4b2ca14bd65,791dab05-effd-43cd-842b-2eca9a776288,3200,396000,0.00000000000000000000,396000.00000000000000000000,10 Days,Pending,2026-06-18 23:55:42.102791+00
1ab7f715-ba44-4569-979e-5ed594cb582f,d09f37db-e5de-45dc-8a97-748d225e3239,e1aa4e9b-966a-4678-8272-2d154641254a,2026-04-09,6bfd0ec9-30f4-495c-b104-f19a6d20505a,e7c36973-a89b-4a54-bb0c-a5164bcfb8d1,3000,310000,0.00000000000000000000,310000.00000000000000000000,7 Days,Pending,2026-06-18 23:55:42.102791+00
45d11524-396b-4639-9a2a-91e32e5cac5b,d09f37db-e5de-45dc-8a97-748d225e3239,36a0ec2c-c25d-4861-9b5f-03fcf6c8844a,2026-04-09,6bfd0ec9-30f4-495c-b104-f19a6d20505a,56dcae71-e69c-47ed-a032-d97b1b6a4131,250,30625,0.00000000000000000000,30625.00000000000000000000,7 Days,Pending,2026-06-18 23:55:42.102791+00
742446b3-dc37-4af4-b93b-a2368a21ccfd,9bf69e2d-1f9e-41b4-9b93-8e87c39b9499,556d8e40-c3c3-40f2-8d31-183a25c4b3ae,2026-04-10,18743788-16a2-4f11-93bd-cd2374745762,e7c36973-a89b-4a54-bb0c-a5164bcfb8d1,3750,375000,0.00000000000000000000,375000.00000000000000000000,15 Days,Pending,2026-06-18 23:55:42.102791+00
9d935c4b-616f-4be6-9f95-7bd064e5747e,9bf69e2d-1f9e-41b4-9b93-8e87c39b9499,f9a2fb65-ba2a-4e42-a51e-0cd40c8858e1,2026-04-10,18743788-16a2-4f11-93bd-cd2374745762,791dab05-effd-43cd-842b-2eca9a776288,4000,500000,0.00000000000000000000,500000.00000000000000000000,15 Days,Pending,2026-06-18 23:55:42.102791+00
cc49c649-f43a-4726-b199-8e32462737b9,9bf69e2d-1f9e-41b4-9b93-8e87c39b9499,72586449-0c3c-4c08-9c8a-ea68bba6cf5a,2026-04-10,18743788-16a2-4f11-93bd-cd2374745762,56dcae71-e69c-47ed-a032-d97b1b6a4131,1600,196000,0.00000000000000000000,196000.00000000000000000000,15 Days,Pending,2026-06-18 23:55:42.102791+00
5fcf51ab-d560-4429-8050-6d47a2d6edb2,efb2d5c6-854f-43ae-8955-089f0dccf5ca,4892f010-74fa-42ab-9956-fccbf4c494d8,2026-04-13,71be3019-2872-4e46-9e8f-941663554ca2,791dab05-effd-43cd-842b-2eca9a776288,560,67200,0.00000000000000000000,67200.00000000000000000000,15 Days,Pending,2026-06-18 23:55:42.102791+00
29fb5d1e-0f5d-42cb-83a6-7f6a3d43d0f3,efb2d5c6-854f-43ae-8955-089f0dccf5ca,e2beaae9-505e-49cd-b5e8-7b7b75e5c60b,2026-04-13,71be3019-2872-4e46-9e8f-941663554ca2,56dcae71-e69c-47ed-a032-d97b1b6a4131,1000,118740,0.00000000000000000000,118740.00000000000000000000,15 Days,Pending,2026-06-18 23:55:42.102791+00
128123d3-e63b-4d66-bea1-876a67430760,33705015-623e-4cf3-9b64-2907b6177d8b,c638432a-5107-4c8b-8e7f-da001c30a7cb,2026-04-14,fdf56cc8-2c66-486d-ae8f-8f48c5a28b0c,e7c36973-a89b-4a54-bb0c-a5164bcfb8d1,15,1470,0.00000000000000000000,1470.00000000000000000000,Cash Payment,Delivered,2026-06-18 23:55:42.102791+00
2575f0e3-184c-4dbe-a8f6-f18d34dba022,09f3fe27-c4c6-421d-af54-43435ea29b83,0a94b679-0611-4824-9aab-a2a5d54d97fd,2026-04-17,71be3019-2872-4e46-9e8f-941663554ca2,1dcaa77f-a4d8-43c0-9bf0-cdfc60081e79,2715,266070,0.00000000000000000000,266070.00000000000000000000,15 Days,Delivered,2026-06-18 23:55:42.102791+00
cf392eb4-ed3f-4fa8-8cae-83fb705697c2,09f3fe27-c4c6-421d-af54-43435ea29b83,94f235fe-0a0c-4057-840f-5f988ba6c433,2026-04-17,71be3019-2872-4e46-9e8f-941663554ca2,791dab05-effd-43cd-842b-2eca9a776288,1200,141000,0.00000000000000000000,141000.00000000000000000000,15 Days,Delivered,2026-06-18 23:55:42.102791+00
b25ba71e-4202-4259-b4fe-ac62db93e2d3,5b3edbbb-f3bf-471c-85be-8beaaf9d00e2,86ac504e-a7a7-4c12-a346-f3a244d6ae60,2026-04-19,c6935a5a-247b-4a4d-be4a-c11544f201b1,791dab05-effd-43cd-842b-2eca9a776288,2000,233750,0.00000000000000000000,233750.00000000000000000000,7 Days,Delivered,2026-06-18 23:55:42.102791+00
026d31e0-8e3f-4f43-903f-2998bbcf3d44,424746e1-7af9-48fd-97bc-42751a7143fe,676fe3d2-d230-4e8e-97b5-f6f68e6b781e,2026-04-22,fdf56cc8-2c66-486d-ae8f-8f48c5a28b0c,1dcaa77f-a4d8-43c0-9bf0-cdfc60081e79,15,1470,0.00000000000000000000,1470.00000000000000000000,Cash Payment,Delivered,2026-06-18 23:55:42.102791+00
92a9e2e1-3d8c-49de-aad5-9abea1da4cdf,85252fca-89c5-40e8-a13a-c4e85fe7e3e2,dd9d2099-f632-4f21-a89c-8014d8ac8f69,2026-04-26,f0fcd114-c83c-4557-ab8e-29869eb50b7b,8dedb270-a04f-4214-b29c-c4bc4f2f78c7,4080,428400,0.00000000000000000000,428400.00000000000000000000,7 Days,Pending,2026-06-18 23:55:42.102791+00
3f3a1849-656c-4564-9b8c-cdd218f6001c,85252fca-89c5-40e8-a13a-c4e85fe7e3e2,d9c5e0db-0010-4078-ad01-431b6d7a0dbe,2026-04-26,f0fcd114-c83c-4557-ab8e-29869eb50b7b,791dab05-effd-43cd-842b-2eca9a776288,1600,192000,0.00000000000000000000,192000.00000000000000000000,7 Days,Pending,2026-06-18 23:55:42.102791+00
0dbd756b-5918-4278-a1fa-b7872d2c97ff,88f23c13-7504-479d-bc86-830be38f1498,6e4c8d24-aa8d-4f15-91e4-61312f89c226,2026-04-27,53308ef6-2f48-4765-99a9-ea0e45efd108,791dab05-effd-43cd-842b-2eca9a776288,4000,475000,0.00000000000000000000,475000.00000000000000000000,15 Days,Pending,2026-06-18 23:55:42.102791+00
091422d4-2ec7-4053-9ed8-ee3857c134fb,cf5142db-f9bc-452a-96a3-870397913a3a,f115c177-4ebb-4a25-8775-98facc4e290d,2026-04-29,9c550d4c-077d-4fb4-b74d-3debcfd3b42f,1dcaa77f-a4d8-43c0-9bf0-cdfc60081e79,225,21750,0.00000000000000000000,21750.00000000000000000000,Immediate Payment,Pending,2026-06-18 23:55:42.102791+00
987bf611-cad4-47af-8632-d73201ebcbb3,cf5142db-f9bc-452a-96a3-870397913a3a,d86b9bb4-de40-49e3-bd34-efad0377ba24,2026-04-29,9c550d4c-077d-4fb4-b74d-3debcfd3b42f,07723aa8-9f8f-41ca-b623-c486bb145c1f,450,32415,0.00000000000000000000,32415.00000000000000000000,Immediate Payment,Pending,2026-06-18 23:55:42.102791+00
ab62270f-e0fe-42c4-8f35-4697636a8b92,04fd23dc-fd7d-4129-9ff6-83e5955dab53,eb18f046-12f1-49e5-8c76-abb4fa9b610a,2026-04-29,9c8577e0-bac5-40ed-ab97-d69d5aadb619,56dcae71-e69c-47ed-a032-d97b1b6a4131,850,99875,0.00000000000000000000,99875.00000000000000000000,7 Days,Pending,2026-06-18 23:55:42.102791+00
3007b3c2-eec4-4ac8-84c0-9a61e2dbf5bb,9d05e263-7a9d-4c6b-870d-c874f115e454,c53aa3d4-1405-4842-ac2a-2b51456e769f,2026-05-05,077d9584-8f05-42cb-90f1-1e17bab1db5e,1dcaa77f-a4d8-43c0-9bf0-cdfc60081e79,750,75000,0.00000000000000000000,75000.00000000000000000000,15 Days,Pending,2026-06-18 23:55:42.102791+00
ba54f483-e792-46ac-b25a-ce9ba77b6e85,1b9419f5-2198-429f-a895-e7d996c166e3,a790416b-09fe-4482-848e-521c2cc1b0b0,2025-07-01,71be3019-2872-4e46-9e8f-941663554ca2,,1,766850,0.00000000000000000000,766850.00000000000000000000,,Delivered,2026-06-18 23:55:42.102791+00
a9279165-844a-463d-a15a-0c5ce78be9ab,75e927e7-6e6c-40c2-8034-b60c6f1ad76b,6fcb82fd-2efa-44f2-8aaa-69e9a23ff589,2025-07-23,d4686b2c-519c-4f5f-9839-c125dddade95,,1,746000,0.00000000000000000000,746000.00000000000000000000,,Delivered,2026-06-18 23:55:42.102791+00
7cda788e-3739-4d4f-9227-7770440c6676,6ba18da0-3f31-48ca-928b-3a75dce25441,4bb134c3-f9a2-4614-b142-13ad2a3c684c,2025-07-17,71be3019-2872-4e46-9e8f-941663554ca2,,1,306006,0.00000000000000000000,306006.00000000000000000000,,Delivered,2026-06-18 23:55:42.102791+00
a60abcda-65ac-43ed-bdd0-18c80dc8ba0f,01b2aef4-666c-4e7a-8053-980c5d37c4a7,b73affee-3400-4aeb-af39-93799b09b618,2025-04-24,71be3019-2872-4e46-9e8f-941663554ca2,,1,301250,0.00000000000000000000,301250.00000000000000000000,,Delivered,2026-06-18 23:55:42.102791+00
18387121-9101-49f2-b1aa-b2b6faf12583,a27a2f8a-bd21-456f-b6b3-6d937e623175,ff8b5f2c-5853-4ae9-bd63-e8ec2f433e94,2025-10-20,71be3019-2872-4e46-9e8f-941663554ca2,,1,294379,0.00000000000000000000,294379.00000000000000000000,,Delivered,2026-06-18 23:55:42.102791+00
733bad67-466f-49ac-9a3e-3f2f3cf4a00f,ebc05dac-0eae-4f02-958f-b8ea135a4a7b,1dd101d0-8f6f-489b-88c0-dd71ce5f7eac,2025-10-06,71be3019-2872-4e46-9e8f-941663554ca2,,1,288750,0.00000000000000000000,288750.00000000000000000000,,Delivered,2026-06-18 23:55:42.102791+00
edd889b0-eff2-4dbd-9bd4-9ae43f950afa,3b530e37-7229-47c3-a436-3f7d7f22dad0,c5b0e021-9b5f-4e23-a69a-506f452e18d5,2024-10-06,4773b1ae-845f-4eba-a64c-a9dbebd5eb47,,1,279562,0.00000000000000000000,279562.00000000000000000000,,Delivered,2026-06-18 23:55:42.102791+00
ef75df2a-d24f-400b-b015-831329486710,823104f7-21dd-4b05-a8cf-e6af18ff4a2d,6501d91b-c535-46fd-85d5-ef813593a08b,2025-05-05,61512ab1-0ef3-4a1e-87f7-c1818d094209,,1,275000,0.00000000000000000000,275000.00000000000000000000,,Delivered,2026-06-18 23:55:42.102791+00
2e7067fe-448f-44cc-b1b1-5d0c57c3f13a,e9066985-d423-4392-879b-ef718e204894,24860d18-9817-430c-a96c-548af7e83726,2026-02-02,ebd4b889-4b94-4c8e-acde-8b3b5f560d31,,1,270000,0.00000000000000000000,270000.00000000000000000000,,Delivered,2026-06-18 23:55:42.102791+00
c5c3d8d7-479a-4d41-93ed-0eae4584fdfb,d6d25bb1-0c1c-4076-a003-4c63333e75c5,87fec368-8127-4abc-8bf5-eb003a442855,2024-07-06,71be3019-2872-4e46-9e8f-941663554ca2,,1,268500,0.00000000000000000000,268500.00000000000000000000,,Delivered,2026-06-18 23:55:42.102791+00
3da4954e-f339-426e-a570-72eb3c307ba9,25882979-4710-4af9-af5f-4f920fe0936d,a901bcf5-777f-46b7-81f7-cba8739e0ab4,2025-12-12,13434759-d4fc-4dc9-ad3b-480ab7211da2,,1,759080,0.00000000000000000000,759080.00000000000000000000,,Delivered,2026-06-18 23:55:42.102791+00
a076defd-094a-4273-84a6-ec89c4cf4fc0,f81cb337-fa9f-4876-a186-ba4ca645e5a0,f7659ad0-48c4-4028-96cc-54b2259feb68,2025-01-08,80dd1cba-db4a-4856-92ac-722a4b856b9f,,1,295500,0.00000000000000000000,295500.00000000000000000000,,Delivered,2026-06-18 23:55:42.102791+00
670892a7-7f4b-40a9-b212-d1173cc5b88e,69040fc1-966c-44e9-b278-0c00149e5f28,73f99f76-c03c-44a1-9c2c-d7cec2a59809,2025-10-31,51bf73f4-c8da-4e75-b5c1-72b2dc1014a0,,1,290250,0.00000000000000000000,290250.00000000000000000000,,Delivered,2026-06-18 23:55:42.102791+00
0d9b5236-2702-4bd0-b015-214b4f3b1bd5,671ad394-b0de-43e4-b417-603278020921,30baf144-ac64-4a1e-b37e-4785d96c5cec,2025-09-29,71be3019-2872-4e46-9e8f-941663554ca2,,1,283725,0.00000000000000000000,283725.00000000000000000000,,Delivered,2026-06-18 23:55:42.102791+00
27043720-e512-4bbd-bd2a-a6ffc327ef36,b9b49772-ae5a-4445-8096-4ab63b23a177,e853969c-1b91-40a0-bf36-46c5597a6161,2024-12-31,4981436e-024e-4995-a548-d32aefa7e1e8,,1,277500,0.00000000000000000000,277500.00000000000000000000,,Delivered,2026-06-18 23:55:42.102791+00
9261b59e-9406-4c8d-b4a6-3023835ad96f,66956f30-9635-4a86-9954-665b7e39791e,3b6a81e9-0a62-4ddb-b0c6-11024f3e77a8,2026-01-28,628bcaf4-621f-4082-9aff-5ac50eb5f547,,1,272500,0.00000000000000000000,272500.00000000000000000000,,Delivered,2026-06-18 23:55:42.102791+00
ba537ba8-ab9b-45ae-ae2b-4daf606789de,24eaf72b-324f-4aec-9435-f70d14c99916,8b8b14d6-b638-4ac8-8172-050c1b54b3a3,2026-02-06,077d9584-8f05-42cb-90f1-1e17bab1db5e,,1,268500,0.00000000000000000000,268500.00000000000000000000,,Delivered,2026-06-18 23:55:42.102791+00
f7c192a2-8a6c-4a56-bc78-78c227a2d58d,a6390904-bd5e-4ca9-87b9-c1ea1df513f2,0db7e75a-bc9d-4777-b2bd-c639846249b0,2025-03-06,d70a1f63-f837-43a6-9a85-e5c926dd4536,,1,268000,0.00000000000000000000,268000.00000000000000000000,,Delivered,2026-06-18 23:55:42.102791+00
04966142-c615-4951-9704-a0995e2fd321,29877e0f-93c8-4c93-af9c-6e44c16f3e22,b89aed12-7ec8-41fb-bf70-6cf7635d6536,2024-06-25,8da5249a-c2b8-48c3-b61c-12ecf6d898d8,,1,264000,0.00000000000000000000,264000.00000000000000000000,,Delivered,2026-06-18 23:55:42.102791+00
244c3d5d-d4af-4e31-992d-b8c6436d1e34,da5f1c53-6826-49cf-bec4-1257e6167387,a88ef0f4-7436-4a2f-8837-3070025d4845,2025-02-14,71be3019-2872-4e46-9e8f-941663554ca2,,1,754097,0.00000000000000000000,754097.00000000000000000000,,Delivered,2026-06-18 23:55:42.102791+00
0959a3a5-d8d8-4c44-b228-a8b6cbdea44c,0f5576ec-08e2-4faa-b753-5c78d1dfd90c,43c4c61f-e2aa-4b86-8e90-0632cbd55c91,2026-01-12,71be3019-2872-4e46-9e8f-941663554ca2,,1,299250,0.00000000000000000000,299250.00000000000000000000,,Delivered,2026-06-18 23:55:42.102791+00
553293ef-c1d1-4d58-8f74-44c7640a9811,de96aeab-3c64-4907-abcf-9f9908dd5652,86379dca-d367-4bed-98b2-f617d73c2202,2026-01-30,add3d1ff-35de-4335-a95b-9db45afafaaa,,1,268500,0.00000000000000000000,268500.00000000000000000000,,Delivered,2026-06-18 23:55:42.102791+00
0e8b0f58-72d4-4faa-98c9-7865335664cf,b60b779d-9a1b-4378-82e7-c15f7b400b66,5a2fc295-58da-44d6-8f14-e2275efbaf0a,2024-12-01,71be3019-2872-4e46-9e8f-941663554ca2,,1,265800,0.00000000000000000000,265800.00000000000000000000,,Delivered,2026-06-18 23:55:42.102791+00
9fb42d0f-bb9a-4e99-8b33-b551f5b78ffb,bb914292-059d-4347-95b9-f154beb67fbf,4fd4c65d-25b3-4b92-a551-21ff0a3b1df1,2025-11-05,8f06ff88-5db5-47ec-b27f-af2ef21de406,,1,764160,0.00000000000000000000,764160.00000000000000000000,,Delivered,2026-06-18 23:55:42.102791+00
1564ab9b-35ed-4ecd-a244-c604b0565b4d,8587cf81-e80f-4da5-b7e9-50d1c23d5969,14c80103-81ed-48a4-91a9-6b3d7c29b619,2025-12-11,71be3019-2872-4e46-9e8f-941663554ca2,,1,736325,0.00000000000000000000,736325.00000000000000000000,,Delivered,2026-06-18 23:55:42.102791+00
14c79009-3659-4fa3-90bb-2c7a4ef623cb,1c5500cf-4c7b-415a-93c6-ecf2ef16198d,25e295f4-eab6-4e18-82b2-20683e21bfa2,2024-06-10,dd8cb13e-af3e-4023-99a5-c9c9d747209f,,1,734000,0.00000000000000000000,734000.00000000000000000000,,Delivered,2026-06-18 23:55:42.102791+00
04a86783-3e08-4ae9-8b44-c12399c380d6,1a8a7fa5-bcbb-4c92-bb2e-0b90e8c90560,03e70a1c-578c-44a9-9040-cd375911d61d,2026-03-17,71be3019-2872-4e46-9e8f-941663554ca2,791dab05-effd-43cd-842b-2eca9a776288,1600,188000,0.00000000000000000000,188000.00000000000000000000,15 Days,Pending,2026-06-18 23:55:42.102791+00
4e670493-c720-42c3-9781-0874672d3cae,4d67bdba-170a-444c-bd07-85ede94c19cf,9aa65af2-5f1e-4d08-a5d8-f74dc9933e92,2026-03-29,2df9cb4d-3931-42d6-b71e-03529a9850cb,10d5d88b-c74f-4e99-8435-ee1690d6c047,10,900,0.00000000000000000000,900.00000000000000000000,Cash Payment,Pending,2026-06-18 23:55:42.102791+00
3d3b1551-d3fc-460d-96da-2b79133fc427,65f06a70-8ade-46b0-95d8-389fd1d6f842,cbcb4e85-c2a7-4059-843f-199813ad29ab,2026-03-31,c6e017b2-c27d-4969-95de-8284a705a232,791dab05-effd-43cd-842b-2eca9a776288,2400,300000,0.00000000000000000000,300000.00000000000000000000,Cash Payment,Pending,2026-06-18 23:55:42.102791+00
bba5df15-59ce-40e7-a871-4e1c62498708,cd2e1589-dacf-4b90-ab21-f3e1111f350e,a82ef1a5-f47f-42c7-ab55-3a1ae3723b61,2026-04-05,ef173824-236e-4589-af6a-5bd7edb0e89f,56dcae71-e69c-47ed-a032-d97b1b6a4131,12800,1648000,0.00000000000000000000,1648000.00000000000000000000,1 Month,Pending,2026-06-18 23:55:42.102791+00
1f293167-00de-476d-be6b-88ac3776ec07,c7daafb5-3d34-4ba5-bb8c-47d864dea96d,b88a3a67-7595-4a0d-b72c-e7295344ed0e,2026-04-06,c6e017b2-c27d-4969-95de-8284a705a232,10d5d88b-c74f-4e99-8435-ee1690d6c047,2000,179000,0.00000000000000000000,179000.00000000000000000000,Cash Payment,Pending,2026-06-18 23:55:42.102791+00
dec68a8c-2417-41de-8a15-466f2177193f,c7daafb5-3d34-4ba5-bb8c-47d864dea96d,0f15984a-4020-46b0-997b-882166032d47,2026-04-06,c6e017b2-c27d-4969-95de-8284a705a232,791dab05-effd-43cd-842b-2eca9a776288,2000,250000,0.00000000000000000000,250000.00000000000000000000,Cash Payment,Pending,2026-06-18 23:55:42.102791+00
d94a00e4-e056-47a8-a49a-a080a80abd18,fd3e0b0f-be8c-4876-9c91-c8a1beccc57b,30db036f-04fe-45a4-b20b-60a4ecb27088,2026-04-13,c6e017b2-c27d-4969-95de-8284a705a232,e7c36973-a89b-4a54-bb0c-a5164bcfb8d1,3795,371910,0.00000000000000000000,371910.00000000000000000000,Cash Payment,Pending,2026-06-18 23:55:42.102791+00
af998d8f-8fad-4679-919e-ccfbe36abdff,7c4ee7b9-def2-476a-9274-b5598d185ec3,14ba353f-659b-4652-a524-3dd538a09305,2026-04-19,ba202cd1-1a40-4147-b679-0ece50f6be0a,56dcae71-e69c-47ed-a032-d97b1b6a4131,6000,693750,0.00000000000000000000,693750.00000000000000000000,7 Days,Delivered,2026-06-18 23:55:42.102791+00
b66a222c-7de8-448e-a36b-7155ee9825ba,24dfe82d-4e0a-4dd8-974f-5fb202ea53fb,26453eac-3f8e-415f-bafd-9fb9c4fc604e,2026-05-01,6614ce1d-1ca4-4439-8f37-fe6ffe433511,56dcae71-e69c-47ed-a032-d97b1b6a4131,5000,559375,0.00000000000000000000,559375.00000000000000000000,Cash Payment,Pending,2026-06-18 23:55:42.102791+00
5620bd35-fc09-4934-a200-436467e47928,5736ee16-a29b-4e1e-adb6-6b58fdba1978,a3117aff-b019-410a-bd8a-40c265f991b8,2026-05-03,fdf56cc8-2c66-486d-ae8f-8f48c5a28b0c,1dcaa77f-a4d8-43c0-9bf0-cdfc60081e79,40,4000,0.00000000000000000000,4000.00000000000000000000,Cash Payment,Delivered,2026-06-18 23:55:42.102791+00
72f531ee-30f0-4ce5-8ea0-d1aab5c7b4a9,2ff354cd-3afe-4565-a60e-a72712af5e6e,17a858e4-fa96-45c8-af5c-4f8b42ef5215,2025-03-27,71be3019-2872-4e46-9e8f-941663554ca2,,1,764112,0.00000000000000000000,764112.00000000000000000000,,Delivered,2026-06-18 23:55:42.102791+00
11fdcac3-9978-49c9-9835-0aa5ee82e87b,12236125-e549-40d9-81f3-58485a1e9401,48abcefc-7499-448e-914c-8a56a8872024,2024-06-23,ccb49d47-ef18-415e-84ff-5119d836592b,,1,311000,0.00000000000000000000,311000.00000000000000000000,,Delivered,2026-06-18 23:55:42.102791+00
044e56b1-09dd-472e-a184-9dd9ef33da73,eeacd763-7df4-4576-8419-d949cd1ec952,7cb32f2b-89c6-450a-a058-1655a27ec7ea,2025-02-17,71be3019-2872-4e46-9e8f-941663554ca2,,1,305360,0.00000000000000000000,305360.00000000000000000000,,Delivered,2026-06-18 23:55:42.102791+00
fd4bb054-acbc-401d-bfd7-28f6ae614baf,bf34c5dc-2d88-46ea-aede-f01e3efcc89d,9c1d7e04-addf-4455-8e78-7237e117c91e,2025-01-02,71be3019-2872-4e46-9e8f-941663554ca2,,1,300000,0.00000000000000000000,300000.00000000000000000000,,Delivered,2026-06-18 23:55:42.102791+00
883ba5f7-ffab-474d-9695-d17341577224,a0edf5dd-f3c2-44da-8d17-c22621e3c99c,a70d1cb9-117c-49fc-98e9-6ca2b4f7c629,2024-12-15,71be3019-2872-4e46-9e8f-941663554ca2,,1,291000,0.00000000000000000000,291000.00000000000000000000,,Delivered,2026-06-18 23:55:42.102791+00
35bb0526-3e96-493d-a319-a15da00146ef,49dadbdb-4e60-435b-97cc-44caf30a373f,c933fd58-f01a-4673-8dc4-59aa8c31b138,2024-06-06,71be3019-2872-4e46-9e8f-941663554ca2,,1,283919,0.00000000000000000000,283919.00000000000000000000,,Delivered,2026-06-18 23:55:42.102791+00
31c0b945-a663-4355-94e0-95c70b39b7ca,fe47197b-1bf7-4278-99bf-0de04bafcf16,00bd9bd3-8c4d-415e-b6f4-4438a3ff231a,2025-06-02,5d9668d3-223c-4cab-9204-86baf7004bed,,1,277500,0.00000000000000000000,277500.00000000000000000000,,Delivered,2026-06-18 23:55:42.102791+00
a180288a-ebb8-40e1-ad04-4d33663be49b,a2ebf158-a177-45c3-b95f-36de443f9011,c3c169a1-77fb-42b1-af75-eee1d5a5ee2c,2025-09-08,9c8577e0-bac5-40ed-ab97-d69d5aadb619,,1,273750,0.00000000000000000000,273750.00000000000000000000,,Delivered,2026-06-18 23:55:42.102791+00
ce57892d-a160-4834-9a37-bca864ab1609,1b943845-82e3-4820-8641-1ebf78e98e79,d81a8247-3a02-4224-8e8f-f7e0e9a2cbc8,2024-12-01,71be3019-2872-4e46-9e8f-941663554ca2,,1,269500,0.00000000000000000000,269500.00000000000000000000,,Delivered,2026-06-18 23:55:42.102791+00
61c70b55-cb20-4a07-a41c-a722a624c8c4,192a4f77-799e-4e70-9674-47727fec927c,3b6453c9-ab91-402d-8cf0-a84bee6234e1,2026-01-14,8735ca05-6bd6-459b-a780-428ffe8dece4,,1,268500,0.00000000000000000000,268500.00000000000000000000,,Delivered,2026-06-18 23:55:42.102791+00
83b1d66d-b776-4aa9-b2d5-dcfbb378bf8f,8445cdd4-2713-46fc-ae71-213bd11158a9,1f4e1b99-4aa6-4cd1-af17-42dfc77119fb,2025-07-17,a196000a-c83c-402d-8024-2a2c4dda447c,,1,749999,0.00000000000000000000,749999.00000000000000000000,,Delivered,2026-06-18 23:55:42.102791+00
7c298b5b-9774-40a4-94ee-d3be83c1a5ac,217d6758-73f8-4092-89dc-12ce5f232560,e987c99e-da5d-4ae7-a91c-92ace8ade739,2024-06-26,8da5249a-c2b8-48c3-b61c-12ecf6d898d8,,1,294353,0.00000000000000000000,294353.00000000000000000000,,Delivered,2026-06-18 23:55:42.102791+00
f8a4fae1-1dcd-4521-ac1f-dc7688838878,6aba9451-38e1-4c90-98f7-45bb26a25ea6,5bd0a69f-ed64-493b-9b6c-f7e207c3a581,2025-09-22,71be3019-2872-4e46-9e8f-941663554ca2,,1,288750,0.00000000000000000000,288750.00000000000000000000,,Delivered,2026-06-18 23:55:42.102791+00
a2f63f87-dc94-409a-aea8-6aabae315ae5,b6426933-cb45-45e7-98fe-2083418afa75,74f4ea11-c10e-4f79-b021-18f72a1e5286,2025-01-16,71be3019-2872-4e46-9e8f-941663554ca2,,1,282500,0.00000000000000000000,282500.00000000000000000000,,Delivered,2026-06-18 23:55:42.102791+00
e029f454-37e5-49c5-b56c-d724e12e01f1,4ebc13e6-3cba-4121-a771-e0206afc72e8,2cba441c-9635-4000-a369-11905d257063,2025-11-10,6ef4fc76-da3f-4422-8a17-41c7ecd6dd4f,,1,276150,0.00000000000000000000,276150.00000000000000000000,,Delivered,2026-06-18 23:55:42.102791+00
43846ad7-d673-4e77-b2c8-65d288ec9312,24a8efac-3cf9-4721-8a75-a21fc701af82,8e03fa89-2c30-4c37-9e99-e77437d088fa,2024-05-29,db025b00-0042-4eab-ac2b-1486ac11df9c,,1,271150,0.00000000000000000000,271150.00000000000000000000,,Delivered,2026-06-18 23:55:42.102791+00
c0192351-4907-4416-b953-2818d2779b02,950d4e12-ccda-441d-b10a-9d75b750b88c,e1b25bfa-acee-4a75-8a18-a9d9ab2e387b,2026-02-19,979665cd-4976-4bf0-87cf-b926c5ce93c7,,1,268500,0.00000000000000000000,268500.00000000000000000000,,Delivered,2026-06-18 23:55:42.102791+00
c51a6097-780c-47db-87c2-dd22f6d67fe0,feb1c422-93af-498c-88da-3b78b9d82f24,35403d03-c483-4eea-b24b-0f6ee8092b65,2026-01-16,aaeb0740-87f4-4b33-8b8a-50dd7e46d35f,,1,267400,0.00000000000000000000,267400.00000000000000000000,,Delivered,2026-06-18 23:55:42.102791+00
09bd2af0-570d-4192-98b8-70cea8d0c170,a6df440f-9e5f-4a39-944d-5b21422ae71d,8591b93c-5aaf-4542-9449-c95a596de823,2025-06-27,71be3019-2872-4e46-9e8f-941663554ca2,,1,264000,0.00000000000000000000,264000.00000000000000000000,,Delivered,2026-06-18 23:55:42.102791+00
08c0a6d9-d8fe-4d55-bff2-c4813ef15c29,f9f95890-239c-4af2-b699-7453014404e7,f381e3a2-c7e1-4388-8c4b-1919a24cc89b,2025-04-23,22f3c314-4681-438c-96f5-2c089289e523,,1,752500,0.00000000000000000000,752500.00000000000000000000,,Delivered,2026-06-18 23:55:42.102791+00
ae903a06-eccb-4bf6-b568-a0e8b00a06b8,941dd5d2-de8a-4783-aca6-462457028129,5a0e8284-daca-4440-abf9-227203458215,2026-02-06,4b5ac98b-a0ab-444a-a1fd-4a30c7c440a6,,1,301625,0.00000000000000000000,301625.00000000000000000000,,Delivered,2026-06-18 23:55:42.102791+00
ab5d934a-4783-4cab-9789-1b720146e0f5,94cedc8f-c5df-442e-924e-7a363ef8515b,e2209028-2c57-4131-a6e1-c3171ff97173,2024-06-11,8da5249a-c2b8-48c3-b61c-12ecf6d898d8,,1,294353,0.00000000000000000000,294353.00000000000000000000,,Delivered,2026-06-18 23:55:42.102791+00
5379d3bf-e4f9-458e-8088-cb00bf51b180,4c5b724c-033a-4a16-b162-8469f45bb8ca,06114d42-3cd8-4b71-a69d-b1c0f384450f,2026-02-04,7f367ba9-b9e1-4d7a-a895-564eedaeb810,,1,268500,0.00000000000000000000,268500.00000000000000000000,,Delivered,2026-06-18 23:55:42.102791+00
6a51e3a2-5f5b-4fd9-a8ef-1b882edb8430,99e5ce92-2303-466a-a715-993a5e9b35bf,0fa4cfd7-6bef-4358-a8c2-0b484b2f8e59,2024-06-03,9c8577e0-bac5-40ed-ab97-d69d5aadb619,,1,265000,0.00000000000000000000,265000.00000000000000000000,,Delivered,2026-06-18 23:55:42.102791+00
c57730c6-1084-411f-b648-126260ad472e,b3f08823-9737-4707-9fb7-86d6409d2d28,0270427f-0a18-4c14-acde-f9d48ca0c0ae,2025-01-10,71be3019-2872-4e46-9e8f-941663554ca2,,1,760000,0.00000000000000000000,760000.00000000000000000000,,Delivered,2026-06-18 23:55:42.102791+00
155432fe-b891-4921-8560-7235de9f9c4e,ee65d112-e7eb-4704-9c7a-11ba55428f94,d6f2f1fe-e9d0-473b-a373-6f12f60b5f55,2025-08-15,ef173824-236e-4589-af6a-5bd7edb0e89f,,1,737500,0.00000000000000000000,737500.00000000000000000000,,Delivered,2026-06-18 23:55:42.102791+00
e63e7c03-4ea5-448f-ac82-e80b34260d0b,ccbdd707-1e12-4d9b-91ec-b491781a8f33,e9590e7c-b2c4-4db7-bfbd-4875b6654a5f,2025-11-19,6ef4fc76-da3f-4422-8a17-41c7ecd6dd4f,,1,733600,0.00000000000000000000,733600.00000000000000000000,,Delivered,2026-06-18 23:55:42.102791+00
b7c2f20f-6315-4d9f-a91c-b21e0c2b2606,65e1139d-1311-465d-af7d-7f22a4d9c3c5,6889b6e2-d0d6-41f8-8ea6-dda78ed273a5,2026-03-17,71be3019-2872-4e46-9e8f-941663554ca2,791dab05-effd-43cd-842b-2eca9a776288,400,47000,0.00000000000000000000,47000.00000000000000000000,15 Days,Pending,2026-06-18 23:55:42.102791+00
69ec9c67-b19f-4652-a364-e60b877fc8af,9c23f01a-a774-4132-8dc2-691075342c68,2b51df30-ab48-42c3-8114-d52293c51960,2026-03-29,71be3019-2872-4e46-9e8f-941663554ca2,10d5d88b-c74f-4e99-8435-ee1690d6c047,500,44750,0.00000000000000000000,44750.00000000000000000000,15 Days,Pending,2026-06-18 23:55:42.102791+00
e84677ce-1d1a-409a-9a3d-07d6241dd947,9c23f01a-a774-4132-8dc2-691075342c68,271d1ece-640d-4f11-8632-621b93c3e325,2026-03-29,71be3019-2872-4e46-9e8f-941663554ca2,10d5d88b-c74f-4e99-8435-ee1690d6c047,2000,179000,0.00000000000000000000,179000.00000000000000000000,15 Days,Pending,2026-06-18 23:55:42.102791+00
6c445179-46a1-42cd-bc58-b7f63d3172e0,93bce4e4-ce06-43e8-a987-c6b7e8a2af91,1d98bfed-7aec-4a2e-9eba-7a33885f2b97,2026-04-01,fdf56cc8-2c66-486d-ae8f-8f48c5a28b0c,10d5d88b-c74f-4e99-8435-ee1690d6c047,40,3600,0.00000000000000000000,3600.00000000000000000000,Cash Payment,Pending,2026-06-18 23:55:42.102791+00
04b49d36-b72f-4076-99cb-893e6592d385,ff192404-fdff-4c0f-b093-ddaf7dbfe1a0,313ad5f8-a25f-407c-b3a5-a82b272a86ad,2026-04-02,71be3019-2872-4e46-9e8f-941663554ca2,8dedb270-a04f-4214-b29c-c4bc4f2f78c7,3750,393750,0.00000000000000000000,393750.00000000000000000000,15 Days,Pending,2026-06-18 23:55:42.102791+00
3f8186e0-bde9-417e-a589-9bd6b90bdb1f,ff192404-fdff-4c0f-b093-ddaf7dbfe1a0,907303e7-2865-44b2-ad40-0fd32abafe54,2026-04-02,71be3019-2872-4e46-9e8f-941663554ca2,10d5d88b-c74f-4e99-8435-ee1690d6c047,5300,474350,0.00000000000000000000,474350.00000000000000000000,15 Days,Pending,2026-06-18 23:55:42.102791+00
5aa98383-352c-49cc-b010-23f93e866ed6,ac061a6f-4c90-4b28-983e-45c642b70682,b251a844-c823-415c-b465-1cf50f304fe8,2026-04-03,2df9cb4d-3931-42d6-b71e-03529a9850cb,10d5d88b-c74f-4e99-8435-ee1690d6c047,500,44750,0.00000000000000000000,44750.00000000000000000000,Cash Payment,Pending,2026-06-18 23:55:42.102791+00
638eddd5-2845-489a-8241-76ebf77fc4c9,ac061a6f-4c90-4b28-983e-45c642b70682,76b56abb-78f3-4744-87fd-a1e62376e0cd,2026-04-03,2df9cb4d-3931-42d6-b71e-03529a9850cb,10d5d88b-c74f-4e99-8435-ee1690d6c047,1500,134250,0.00000000000000000000,134250.00000000000000000000,Cash Payment,Pending,2026-06-18 23:55:42.102791+00
ae943f28-9f36-4063-908c-9ddaf27c60e7,1b72fd5d-84dd-4634-9782-29eb8f294cd0,6f7afef7-9dcf-4903-980e-749749e3b299,2026-04-07,f339fea8-85c3-46ca-9d61-5a3dcbbb1b85,791dab05-effd-43cd-842b-2eca9a776288,1440,181800,0.00000000000000000000,181800.00000000000000000000,10 Days,Pending,2026-06-18 23:55:42.102791+00
0e6223d2-9435-41a9-b35b-140f730e2023,ce540c11-8132-4f42-ae42-3f484dbc4e17,c732cb7e-8427-496e-8dc2-a94f11a37181,2026-04-09,077d9584-8f05-42cb-90f1-1e17bab1db5e,e7c36973-a89b-4a54-bb0c-a5164bcfb8d1,2250,232500,0.00000000000000000000,232500.00000000000000000000,15 Days,Pending,2026-06-18 23:55:42.102791+00
ac40eabe-5559-408e-b7b6-2bbc0f8451e5,daab00fb-d5f7-4fbc-aa89-d379ed3a621d,d755aaea-2c3f-4afa-b5c3-a89fced5490a,2026-04-10,0fa694d4-ac92-42fb-8ac6-9711c91f236e,e7c36973-a89b-4a54-bb0c-a5164bcfb8d1,2250,232500,0.00000000000000000000,232500.00000000000000000000,7 Days,Pending,2026-06-18 23:55:42.102791+00
048fbd3e-58d1-44af-a86e-51ce214a755a,9b585652-4019-412f-a445-c63ca3c7431e,086dee05-2067-4ac6-8ef8-258b6a8dbb46,2026-04-13,516eb9ad-ee68-4e36-9328-692922b9061c,e7c36973-a89b-4a54-bb0c-a5164bcfb8d1,600,58800,0.00000000000000000000,58800.00000000000000000000,15 Days,Pending,2026-06-18 23:55:42.102791+00
becf98f5-471d-40bd-8108-b253518925b4,5f273a3b-cdaa-4eb8-ac10-fa7ac42a2b38,bd315532-7933-475b-a399-3ac1430e6bbe,2026-04-15,2df9cb4d-3931-42d6-b71e-03529a9850cb,10d5d88b-c74f-4e99-8435-ee1690d6c047,20,2100,0.00000000000000000000,2100.00000000000000000000,Cash Payment,Pending,2026-06-18 23:55:42.102791+00
11392c08-266f-4b73-8079-7aad2d8fc2db,39cc3b9f-0256-446d-ba8a-9ed7729d0875,57da2a6b-5645-40b9-aa49-b2d8c2656dbe,2026-04-17,71be3019-2872-4e46-9e8f-941663554ca2,1dcaa77f-a4d8-43c0-9bf0-cdfc60081e79,2250,220500,0.00000000000000000000,220500.00000000000000000000,15 Days,Delivered,2026-06-18 23:55:42.102791+00
1f80e30f-18cb-4e7f-80bb-3fa7bb4cb810,39cc3b9f-0256-446d-ba8a-9ed7729d0875,3501efbb-7d6e-4404-abb8-01eefc5a17bf,2026-04-17,71be3019-2872-4e46-9e8f-941663554ca2,791dab05-effd-43cd-842b-2eca9a776288,800,94000,0.00000000000000000000,94000.00000000000000000000,15 Days,Delivered,2026-06-18 23:55:42.102791+00
544a7cda-3198-4ca6-860d-4049da9561f8,d78b3938-38b9-44f4-b82a-e75066d910fc,fc1dbd3a-a0d2-44a9-a9e6-b409dc184806,2026-04-19,2df9cb4d-3931-42d6-b71e-03529a9850cb,1dcaa77f-a4d8-43c0-9bf0-cdfc60081e79,450,43200,0.00000000000000000000,43200.00000000000000000000,Cash Payment,Pending,2026-06-18 23:55:42.102791+00
a758e5b6-5a23-4372-9bc8-b3649cc79efb,cfcdd083-2529-4b56-bac5-3dbe3ee59a89,65d15ab0-996e-4db8-a838-8e1a37075abb,2026-04-26,cf121604-4741-4796-857c-55d8be0de39a,791dab05-effd-43cd-842b-2eca9a776288,50,6000,0.00000000000000000000,6000.00000000000000000000,Cash Payment,Delivered,2026-06-18 23:55:42.102791+00
1e7190c6-bfe8-48bf-ad13-fe660dd009b4,cfcdd083-2529-4b56-bac5-3dbe3ee59a89,7d2cd872-59bf-4dc1-b695-233480f22723,2026-04-26,cf121604-4741-4796-857c-55d8be0de39a,56dcae71-e69c-47ed-a032-d97b1b6a4131,100,12000,0.00000000000000000000,12000.00000000000000000000,Cash Payment,Delivered,2026-06-18 23:55:42.102791+00
f71f1734-1d0d-4522-bd11-9fb099375d72,e1a14c13-1db6-4d25-abb8-9d570bf901a7,68f845c1-3f95-4c98-bb09-b8061c863c97,2026-05-05,4b5ac98b-a0ab-444a-a1fd-4a30c7c440a6,1dcaa77f-a4d8-43c0-9bf0-cdfc60081e79,1500,150000,0.00000000000000000000,150000.00000000000000000000,15 Days,Pending,2026-06-18 23:55:42.102791+00
51ed4b07-daa3-42f2-94ca-06379ff61597,e1a14c13-1db6-4d25-abb8-9d570bf901a7,85d47c07-77d0-474c-82cf-6ddc4bb6510b,2026-05-05,4b5ac98b-a0ab-444a-a1fd-4a30c7c440a6,56dcae71-e69c-47ed-a032-d97b1b6a4131,250,27812.5,0.00000000000000000000,27812.50000000000000000000,15 Days,Pending,2026-06-18 23:55:42.102791+00
8a32ca25-7606-4b83-81af-77864e1c20a9,774d38bc-bd85-4431-a2c1-cbc51f9f0ba9,fed87349-caf1-4303-b17e-66c9a0d4bd50,2025-09-26,71be3019-2872-4e46-9e8f-941663554ca2,,1,263000,0.00000000000000000000,263000.00000000000000000000,,Delivered,2026-06-18 23:55:42.102791+00
889c0231-e308-44af-ae8e-8d76546f15da,42d25a6e-606b-4e92-b9c7-35636b9bd0eb,225d9409-3b23-4a0a-ad37-4884959f636d,2024-08-15,71be3019-2872-4e46-9e8f-941663554ca2,,1,262750,0.00000000000000000000,262750.00000000000000000000,,Delivered,2026-06-18 23:55:42.102791+00
708566c0-4f2f-46c9-a402-302e44a55ecb,68527267-9930-4ab8-b07c-2479ab039044,4cd3a562-1e1a-4a10-8b51-022f1c2618b5,2024-08-23,71be3019-2872-4e46-9e8f-941663554ca2,,1,258300,0.00000000000000000000,258300.00000000000000000000,,Delivered,2026-06-18 23:55:42.102791+00
a431d8b4-4287-4f79-aca3-5072308f0346,9b21a233-db9f-41ae-91f3-d1d8015de1bc,f8ce95eb-5796-46bc-a8eb-637c610895d9,2025-04-22,94840a95-c5bb-495e-a6b6-b69f8754b8b8,,1,303000,0.00000000000000000000,303000.00000000000000000000,,Delivered,2026-06-18 23:55:42.102791+00
43e3202d-f54c-4903-828b-a41e9724a276,62945194-29c5-4940-91c3-f43cabb9217b,b5d16b9f-851a-4379-97f3-41f096372b95,2026-01-13,71be3019-2872-4e46-9e8f-941663554ca2,,1,299250,0.00000000000000000000,299250.00000000000000000000,,Delivered,2026-06-18 23:55:42.102791+00
5430f5af-e7aa-4622-983c-f92ba458326f,eac25e98-38ce-4948-b0aa-cf309016e52f,7895b9a4-74b2-4f19-a472-b06b1d934276,2025-11-26,f1e51592-40e6-4c0e-ba12-f1e4bfda0f43,,1,295350,0.00000000000000000000,295350.00000000000000000000,,Delivered,2026-06-18 23:55:42.102791+00
774750d6-eaba-4296-9770-b8ee6a79b327,48d5c8be-ad79-4b77-ae87-a4bcf92b6468,f96f153a-8c47-4224-a1bc-0394d9e6a2b7,2025-03-03,acc76122-192c-47ad-adaa-9c9babc33160,,1,292500,0.00000000000000000000,292500.00000000000000000000,,Delivered,2026-06-18 23:55:42.102791+00
de49ef2c-927c-45d1-a993-054695c19651,d902cdc0-f0b0-49d4-a281-f01c8db81bae,76b44454-a31d-4cb1-8121-46e988388cef,2024-12-19,71be3019-2872-4e46-9e8f-941663554ca2,,1,289999,0.00000000000000000000,289999.00000000000000000000,,Delivered,2026-06-18 23:55:42.102791+00
a01503f3-9ba7-452d-b27a-79d9d0b167f5,32c2910e-1612-4c0c-9ef5-e73064594709,8b6b6c72-f46d-4407-a0ee-4f81d05c817b,2025-12-03,96b16a85-109f-4221-acc1-70fa87bccddc,,1,285139,0.00000000000000000000,285139.00000000000000000000,,Delivered,2026-06-18 23:55:42.102791+00
c92177bc-ef21-45c1-88a5-9c14111d983d,f56cb300-7465-4322-a190-90e4e7012fb0,3ad57918-3b35-4c70-b40f-f8536af283fc,2025-11-16,51bf73f4-c8da-4e75-b5c1-72b2dc1014a0,,1,283430,0.00000000000000000000,283430.00000000000000000000,,Delivered,2026-06-18 23:55:42.102791+00
b3b8199a-24b9-44cf-8c0f-72d0557f1b8d,0703a2cd-55af-4528-a024-7fa6c73041b6,43f2b6bb-e616-4417-9c6e-432674bc4b7a,2024-06-09,8da5249a-c2b8-48c3-b61c-12ecf6d898d8,,1,279240,0.00000000000000000000,279240.00000000000000000000,,Delivered,2026-06-18 23:55:42.102791+00
5c06b2b8-5772-4b5b-863b-3cc31c388bee,6e7fa843-f7cd-43ef-ba5b-fdbb4ba68111,80dc90a9-fdda-442e-99ce-f1d6ad5e0195,2026-01-23,628bcaf4-621f-4082-9aff-5ac50eb5f547,,1,277450,0.00000000000000000000,277450.00000000000000000000,,Delivered,2026-06-18 23:55:42.102791+00
4241b2c9-a7ba-4c2d-8d48-f97c0d5595fa,68863ac5-9d2f-497a-b9e4-7559428cfc1d,369973cd-bf9a-48ab-90dc-58b7e7c4763f,2025-02-11,b68482aa-3798-4bc4-96c2-ae22f9e1f162,,1,275000,0.00000000000000000000,275000.00000000000000000000,,Delivered,2026-06-18 23:55:42.102791+00
f3eba9c3-3575-4d77-ae05-69bd864755c8,56f1f99b-b2dd-4778-b966-f8db4577b5c3,121637d7-7bf3-4de3-a29c-f71d50ef48b3,2025-04-04,831be7e0-3cb9-492d-9bc6-2df6548e5db2,,1,271740,0.00000000000000000000,271740.00000000000000000000,,Delivered,2026-06-18 23:55:42.102791+00
07ab5757-0e8c-4cbe-bea8-4df484f6c5c7,4626fcac-8642-4abe-9cdc-8478db9da441,4eb3c4ef-d643-4ad4-ab07-bea976841f6f,2026-02-19,71be3019-2872-4e46-9e8f-941663554ca2,,1,270000,0.00000000000000000000,270000.00000000000000000000,,Delivered,2026-06-18 23:55:42.102791+00
442880d0-6b93-4d3e-b5ae-2f79c364bf8f,bb6a78b7-4b3a-4edc-8def-08ee9805a214,ffdd6da2-c720-4a1c-ad34-2db9c5eb415d,2025-10-06,51bf73f4-c8da-4e75-b5c1-72b2dc1014a0,,1,268500,0.00000000000000000000,268500.00000000000000000000,,Delivered,2026-06-18 23:55:42.102791+00
912a5abf-9280-4010-b412-cf5bbf79aa0c,beba6bb6-cf43-42ac-8235-3a8dae675ffb,ce42d671-20c4-4b75-ab44-a49fff3adaea,2026-01-14,add3d1ff-35de-4335-a95b-9db45afafaaa,,1,268500,0.00000000000000000000,268500.00000000000000000000,,Delivered,2026-06-18 23:55:42.102791+00
3f583ef5-cc81-43bc-8891-e0acf2cdc95a,56d66f55-29c3-4039-9637-04dc8f626eb8,db0055e0-5449-4cd9-b94a-170f809a6c60,2026-01-30,eee8508b-403d-4e9d-a833-a1c0cc370a93,,1,268500,0.00000000000000000000,268500.00000000000000000000,,Delivered,2026-06-18 23:55:42.102791+00
f2a40b36-91c1-468c-81f7-6368e95915bd,d45a6ade-ce72-4346-be2d-58943df6cb54,7427e37b-7b01-48a2-b132-86a118bd1eb3,2025-11-19,e363fd6a-6b4d-4a1e-bc25-3407c67f6af1,,1,266369,0.00000000000000000000,266369.00000000000000000000,,Delivered,2026-06-18 23:55:42.102791+00
358063ee-729f-4465-a888-68519a3878cd,6ff219fb-87d0-475f-bda1-c43b53e830a6,5810af7c-64ea-40e3-ad57-ac1640e74414,2024-06-25,8da5249a-c2b8-48c3-b61c-12ecf6d898d8,,1,264000,0.00000000000000000000,264000.00000000000000000000,,Delivered,2026-06-18 23:55:42.102791+00
a5c67a29-0193-4a35-9b1e-976a44f942ca,e8769730-27b5-4d07-813f-5aa38b75faf4,6f1b79f3-c276-40dd-85f6-ae99fa0e25e9,2025-11-20,ec31354d-a2f1-4014-9b0b-848354b1844d,,1,769400,0.00000000000000000000,769400.00000000000000000000,,Delivered,2026-06-18 23:55:42.102791+00
befa9a99-5325-433c-98d8-221c83f1bc63,4bd692c3-7995-431e-8883-594b8ba933ca,fced4caa-c033-4a19-a0f7-003226661dda,2025-06-03,242b18b0-2b6e-4ef6-b311-fa29444b997b,,1,762000,0.00000000000000000000,762000.00000000000000000000,,Delivered,2026-06-18 23:55:42.102791+00
31b28c56-3edb-4ff1-8155-46ff0597f160,acf6955c-f4cc-42da-8bf4-8d3b08ae9482,ec04002f-acf4-429a-9d01-de4667fee970,2024-11-04,80dd1cba-db4a-4856-92ac-722a4b856b9f,,1,303250,0.00000000000000000000,303250.00000000000000000000,,Delivered,2026-06-18 23:55:42.102791+00
82dfe593-5ec5-4f1f-9a00-8cb2080fd753,d30c3a15-6398-4e2c-a579-955ee84ce310,c3521293-2a9b-4f1f-bc0b-5f4f8f82c671,2025-02-11,71be3019-2872-4e46-9e8f-941663554ca2,,1,551250,0.00000000000000000000,551250.00000000000000000000,,Delivered,2026-06-18 23:55:42.102791+00
b9dc6b0f-e549-4f1b-a11c-61dc6d4541dd,fc3825eb-852e-4326-a4ec-313c2222e79f,47e9ab94-5273-43b9-a8f5-01f2675a33b2,2025-09-07,a196000a-c83c-402d-8024-2a2c4dda447c,,1,550000,0.00000000000000000000,550000.00000000000000000000,,Delivered,2026-06-18 23:55:42.102791+00
4a42de76-ed83-495e-aad6-c1463418a40f,23603398-2aac-4273-ba02-53a4f2689ac2,f2ec65f2-b07a-4869-ab8a-a808697e6298,2024-12-05,8da5249a-c2b8-48c3-b61c-12ecf6d898d8,,1,545900,0.00000000000000000000,545900.00000000000000000000,,Delivered,2026-06-18 23:55:42.102791+00
814b3805-616a-46ae-a235-49b1aab23ee3,48946a7a-53f0-48e8-a1b3-1c3f89c8b17e,16bb188f-7861-4c2d-befc-be71ddf70158,2025-06-15,71be3019-2872-4e46-9e8f-941663554ca2,,1,291750,0.00000000000000000000,291750.00000000000000000000,,Delivered,2026-06-18 23:55:42.102791+00
b5655a98-d134-44a5-b7f3-b4810f2bccdb,437abec9-5e45-4c2c-94ce-cfc006ec5ddb,698a3e21-da7a-4a31-9395-6b00de7b53aa,2025-12-18,242b18b0-2b6e-4ef6-b311-fa29444b997b,,1,288000,0.00000000000000000000,288000.00000000000000000000,,Delivered,2026-06-18 23:55:42.102791+00
76a9708f-7b68-4e3c-90f6-f10206cfb822,8f9f863a-d9b0-43c8-958f-b229d7b808ed,9b5480a2-bd7a-47b7-a45d-23816405a9b2,2026-01-14,f1e51592-40e6-4c0e-ba12-f1e4bfda0f43,,1,286400,0.00000000000000000000,286400.00000000000000000000,,Delivered,2026-06-18 23:55:42.102791+00
33f302af-317c-4819-bfd3-8c613399ad42,63cd5147-30e1-4ef5-b1d3-8570aa41d04c,1b4f4998-0494-4785-bfda-4756b56fca21,2025-07-14,077d9584-8f05-42cb-90f1-1e17bab1db5e,,1,283375,0.00000000000000000000,283375.00000000000000000000,,Delivered,2026-06-18 23:55:42.102791+00
4af8524a-0582-4b26-96b9-99bb28339a7c,002fbd8c-db50-4dcb-be9d-22efe8af7b65,7af58ce3-92e9-4ae5-be33-b5e65ac97f25,2025-12-16,cb9742f2-b64b-403b-a01c-866e7493f406,,1,279240,0.00000000000000000000,279240.00000000000000000000,,Delivered,2026-06-18 23:55:42.102791+00
065042d4-44da-4a10-a0b4-4ae218bf8e07,5b745aba-6d4b-43f7-8eb3-740a27a491e6,aaaa3de5-7ad4-47cb-9acc-2a06a467b9f0,2024-08-27,71be3019-2872-4e46-9e8f-941663554ca2,,1,277000,0.00000000000000000000,277000.00000000000000000000,,Delivered,2026-06-18 23:55:42.102791+00
661b00b9-83e9-4621-9cf3-370cad414c6f,3099d154-d8ff-44a8-89da-3350ae2a522e,6984a594-56ff-45af-947d-2c9d73347a0b,2024-10-16,39e3f045-ed2a-4d83-aee6-68046c1dfbb7,,1,275250,0.00000000000000000000,275250.00000000000000000000,,Delivered,2026-06-18 23:55:42.102791+00
d1b1fa63-1ee6-48e6-b32b-ff90a95ab90b,ef159dd5-3a61-4270-a987-7ff36e885734,0dae3d73-1b30-4fdb-afff-29a1d4115dbe,2024-10-11,96f8c31d-8874-4382-947a-a6236f251b81,,1,270500,0.00000000000000000000,270500.00000000000000000000,,Delivered,2026-06-18 23:55:42.102791+00
bccb92a9-5067-4a1b-a3f2-b788df908728,2327d7a0-679a-4ba9-8c3f-16cdd5b4f4ef,23e5c193-f8d8-44bd-a191-d2169c75c7c2,2024-10-13,40f85701-0113-4092-bf94-71fce4830301,,1,270000,0.00000000000000000000,270000.00000000000000000000,,Delivered,2026-06-18 23:55:42.102791+00
5457efca-7d7f-41f1-bac8-b3c8c0a96772,adcface4-15f5-4043-97a3-a1d1bd06ee22,9b8184a4-001f-4a18-acfd-b533b8a448c3,2026-03-17,71be3019-2872-4e46-9e8f-941663554ca2,791dab05-effd-43cd-842b-2eca9a776288,2400,282000,0.00000000000000000000,282000.00000000000000000000,15 Days,Pending,2026-06-18 23:55:42.102791+00
f95881a4-dd49-4e83-b388-6053f90b389d,69a17305-053c-40b7-96e2-00ce3136d0b7,60fe1f2c-5dd5-491e-b68f-9ad36200259c,2026-03-29,71be3019-2872-4e46-9e8f-941663554ca2,10d5d88b-c74f-4e99-8435-ee1690d6c047,500,44750,0.00000000000000000000,44750.00000000000000000000,15 Days,Pending,2026-06-18 23:55:42.102791+00
eba276bd-1d24-4cfa-bbb0-57c090731901,69a17305-053c-40b7-96e2-00ce3136d0b7,589847e3-2715-4172-b0d2-d175f5103c00,2026-03-29,71be3019-2872-4e46-9e8f-941663554ca2,10d5d88b-c74f-4e99-8435-ee1690d6c047,4160,372320,0.00000000000000000000,372320.00000000000000000000,15 Days,Pending,2026-06-18 23:55:42.102791+00
3676904f-58b1-4b60-9ee2-d995f04d2314,83bb41ff-3ca6-49b4-8cfd-05f2d1cf4377,92570f39-18b5-4799-928e-6eb8c1619ee5,2026-04-01,2df9cb4d-3931-42d6-b71e-03529a9850cb,07723aa8-9f8f-41ca-b623-c486bb145c1f,4998,360150,0.00000000000000000000,360150.00000000000000000000,Cash Payment,Pending,2026-06-18 23:55:42.102791+00
0654069e-a295-4ce0-adf9-476e0ca72dd5,172f4891-58f1-401c-8c5b-1fc62bc32667,22dc7c25-9b1c-4929-924d-186acc4ef785,2026-04-03,2df9cb4d-3931-42d6-b71e-03529a9850cb,10d5d88b-c74f-4e99-8435-ee1690d6c047,20,1800,0.00000000000000000000,1800.00000000000000000000,Cash Payment,Pending,2026-06-18 23:55:42.102791+00
a49039ee-5bf3-4fb5-9fe5-a3382d23f633,55263633-8fed-47f9-b08a-c578bf7601e4,1a7ed9c6-eb82-49cb-b328-e1497e9e4974,2026-04-05,3f57352d-df9b-4863-bdf6-4e7a6f5e5f20,11fadc6b-27d2-4bf0-a616-a82ddf3a9742,80,6000,0.00000000000000000000,6000.00000000000000000000,Immediate Payment,Delivered,2026-06-18 23:55:42.102791+00
30722297-83f1-43a4-a2da-161ddf855569,642af90e-affb-4f50-b812-0d2e83a57ef7,11a6ee9b-4f9c-4d9a-b39e-0311f07fc21f,2026-04-06,4b5902bf-67f1-4e06-8882-ca516c1842db,791dab05-effd-43cd-842b-2eca9a776288,3200,404000,0.00000000000000000000,404000.00000000000000000000,15 Days,Pending,2026-06-18 23:55:42.102791+00
2b742d34-6b07-4479-898e-49b6679ba68f,841c9487-6199-4b6c-bb36-4b60b1f571fc,6666e0aa-eaa1-46da-89ab-d3d60b458e4a,2026-04-13,f3df996d-b48b-4239-8bf1-1e46b44fabd6,56dcae71-e69c-47ed-a032-d97b1b6a4131,8000,1000000,0.00000000000000000000,1000000.00000000000000000000,10 Days,Pending,2026-06-18 23:55:42.102791+00
87eabce3-923a-494e-8df6-2d8097e1c6f5,962e08cc-e36d-41ca-b4dd-11fa8b31efb7,5291b025-b03f-4558-9cc6-e31794b510fe,2026-04-13,271cdaa5-4d7d-46cd-9a43-7e3bb4bb922a,791dab05-effd-43cd-842b-2eca9a776288,800,97000,0.00000000000000000000,97000.00000000000000000000,Immediate Payment,Pending,2026-06-18 23:55:42.102791+00
2b4eb1f0-525c-47f2-9496-1d604127bb83,e715ca35-8807-4c08-9afe-34d05b030803,616803e0-c25e-4ed5-9212-db6a12817578,2026-04-19,831c411d-fe4b-4063-9964-7eff24d5feb3,1dcaa77f-a4d8-43c0-9bf0-cdfc60081e79,3375,324000,0.00000000000000000000,324000.00000000000000000000,7 Days,Delivered,2026-06-18 23:55:42.102791+00
39b2f540-5e98-4145-8e80-b5803ea0389c,e3f52f34-0025-4097-9c54-0365ad314e12,a8903d05-2da9-4204-82e0-ab2068ed3c1f,2026-04-29,0fa694d4-ac92-42fb-8ac6-9711c91f236e,1dcaa77f-a4d8-43c0-9bf0-cdfc60081e79,1500,145000,0.00000000000000000000,145000.00000000000000000000,7 Days,Pending,2026-06-18 23:55:42.102791+00
47bbd815-2e72-45e3-86e1-4de675092142,b83c3d41-2c92-4786-8852-e2e37ed73379,d7f6bc15-89f2-4f39-a239-ede22bc56c21,2026-05-01,6fce2037-e91f-4db6-b993-2ee74fd125d7,1dcaa77f-a4d8-43c0-9bf0-cdfc60081e79,1500,145000,0.00000000000000000000,145000.00000000000000000000,7 Days,Pending,2026-06-18 23:55:42.102791+00
da27b3be-b452-4091-9d46-39e487a447e4,b83c3d41-2c92-4786-8852-e2e37ed73379,eae20fad-abae-4e2f-a5f0-47d2c0462bbb,2026-05-01,6fce2037-e91f-4db6-b993-2ee74fd125d7,791dab05-effd-43cd-842b-2eca9a776288,2400,282000,0.00000000000000000000,282000.00000000000000000000,7 Days,Pending,2026-06-18 23:55:42.102791+00
99e2fb0b-4bcb-442a-a810-185fc8593920,e9930b1c-8f67-40ce-a1c8-248bb5e385ec,f05c5f58-d5b0-4a50-9c05-cfc217262253,2026-04-27,2df9cb4d-3931-42d6-b71e-03529a9850cb,15a706d5-599d-4224-9ac4-f91809e18f25,200,2200,0.00000000000000000000,2200.00000000000000000000,Cash Payment,Pending,2026-06-18 23:55:42.102791+00
64aa487e-0ef2-4c19-b400-9490b57f7327,e9930b1c-8f67-40ce-a1c8-248bb5e385ec,46044808-cfa6-4755-98d1-117803c66c80,2026-04-27,2df9cb4d-3931-42d6-b71e-03529a9850cb,5e0fb7c3-0585-4fd8-8b17-d7ac30c731af,730,3650,0.00000000000000000000,3650.00000000000000000000,Cash Payment,Pending,2026-06-18 23:55:42.102791+00
6975b70f-5c26-4b2a-b375-1f53bfdec2ef,e9930b1c-8f67-40ce-a1c8-248bb5e385ec,8dfd0ce5-4a6f-439b-b2eb-e93552d7a9f5,2026-04-27,2df9cb4d-3931-42d6-b71e-03529a9850cb,38174f51-c225-4f30-b257-fb55cbbd5424,5590,7117.188000000001,0.00000000000000000000,7117.18800000000100000000,Cash Payment,Pending,2026-06-18 23:55:42.102791+00
191cb0ab-2792-4704-a03c-a119a16f21a6,71bb3fb0-128e-44ec-8c9e-73459cf2a54a,08ba907d-bdc7-499a-8444-30b03a0f1dbc,2024-11-28,19f9541f-8157-48ba-a008-92b6159819ac,,1,260500,0.00000000000000000000,260500.00000000000000000000,,Delivered,2026-06-18 23:55:42.102791+00
55912945-c9c8-41ca-9040-cb918c49cc74,8ce81bd7-7456-40aa-920b-7be59f35bb70,9f51a38f-a8c3-43e7-afe2-255951318e9f,2025-11-27,71be3019-2872-4e46-9e8f-941663554ca2,,1,302800,0.00000000000000000000,302800.00000000000000000000,,Delivered,2026-06-18 23:55:42.102791+00
d023af72-c844-4f37-b927-c097d8486612,49d48842-601f-4b88-be17-d3fada58f691,2777e19b-3030-48f4-84cd-a4fba71b4c69,2024-07-30,5bd75a72-6cce-49d2-8c36-efc22b10d1c2,,1,303000,0.00000000000000000000,303000.00000000000000000000,,Delivered,2026-06-18 23:55:42.102791+00
23710464-9446-4129-9e65-6f5776469471,ab1b239b-854a-444b-99fc-1bc63da332b5,82ffc26f-8a4a-4e3c-a1bf-849ab1c79bb7,2024-09-27,71be3019-2872-4e46-9e8f-941663554ca2,,1,294000,0.00000000000000000000,294000.00000000000000000000,,Delivered,2026-06-18 23:55:42.102791+00
137ab3ed-f2a3-45d5-a554-49ea88ec5261,e90508b2-e06a-4d86-a73e-e02dea304635,debd870f-37ea-4f3d-a47e-c02db81f01dc,2024-07-06,71be3019-2872-4e46-9e8f-941663554ca2,,1,288212,0.00000000000000000000,288212.00000000000000000000,,Delivered,2026-06-18 23:55:42.102791+00
0e3ecf11-a125-43b8-a01e-28c60628ddd9,1439a69b-04d2-4435-b0d0-4133c3b95c07,37babac2-58bc-4cbc-8533-211e683a2cf4,2025-10-31,bcbaec73-638e-4901-a191-927ebd500743,,1,282000,0.00000000000000000000,282000.00000000000000000000,,Delivered,2026-06-18 23:55:42.102791+00
faff33b7-7158-4680-be61-b538d7c2d691,4595ca8c-0632-43c9-9bc8-cfd4ebc0b0fb,455f9361-cd94-429a-9ea0-a62fb546c58d,2025-02-03,71be3019-2872-4e46-9e8f-941663554ca2,,1,276500,0.00000000000000000000,276500.00000000000000000000,,Delivered,2026-06-18 23:55:42.102791+00
710d030b-f854-46d7-bc23-4dbdde8f6764,41c6f636-8d56-4e7d-a27c-9c749451f289,3f591b41-78af-411a-a8e4-57d7a7a4fcc0,2025-01-13,b68482aa-3798-4bc4-96c2-ae22f9e1f162,,1,270250,0.00000000000000000000,270250.00000000000000000000,,Delivered,2026-06-18 23:55:42.102791+00
5e27e7b7-81d8-4892-ba19-a3c8b47ec49d,29e33329-0ce7-4d31-b89d-71540f40b1a2,773736f3-52da-461c-a6db-044eec39e50f,2026-02-06,979665cd-4976-4bf0-87cf-b926c5ce93c7,,1,268500,0.00000000000000000000,268500.00000000000000000000,,Delivered,2026-06-18 23:55:42.102791+00
f3b402f6-db93-4c6f-a9c1-bb70f3cd5531,09d0b282-ba91-40fd-a3c1-909ea7cd18b8,d455c23b-27a5-4f26-b86a-ed46d209c832,2025-09-12,6bfd0ec9-30f4-495c-b104-f19a6d20505a,,1,267000,0.00000000000000000000,267000.00000000000000000000,,Delivered,2026-06-18 23:55:42.102791+00
40426a00-3ad4-4beb-9222-295ef27beaa5,7ad90319-8628-4016-89dd-28c5e2a11506,d9682f13-c576-4cc2-a8c1-e6444da871e1,2025-08-05,077d9584-8f05-42cb-90f1-1e17bab1db5e,,1,264000,0.00000000000000000000,264000.00000000000000000000,,Delivered,2026-06-18 23:55:42.102791+00
ccf1268c-0606-48ea-a303-37cb202e69cb,246f14d8-4353-4757-9e5e-c89a36d6b4e3,fba806b1-0690-4dd1-9241-891ddea7a329,2024-10-16,a196000a-c83c-402d-8024-2a2c4dda447c,,1,749999,0.00000000000000000000,749999.00000000000000000000,,Delivered,2026-06-18 23:55:42.102791+00
ad611a6d-d93b-4fe8-bf13-fb645416abe6,3ba6780c-ff98-41d2-940a-44ec386f856c,acf23185-96ed-4d92-950d-e1652c0e7428,2024-12-15,71be3019-2872-4e46-9e8f-941663554ca2,,1,551799,0.00000000000000000000,551799.00000000000000000000,,Delivered,2026-06-18 23:55:42.102791+00
c4abf9da-5d26-40e7-bff0-d5c3711b9f50,df4899cb-dfd7-4960-9229-34fbf1f11eda,1a2a773c-1e00-4afc-becd-68ff30f7d9c8,2024-07-04,71be3019-2872-4e46-9e8f-941663554ca2,,1,546562,0.00000000000000000000,546562.00000000000000000000,,Delivered,2026-06-18 23:55:42.102791+00
8e4b2a84-9cee-4130-b05f-dfcbfcb1181f,a2149701-5782-4bac-913e-f4ed8870dc21,e35c3d10-7c6b-4971-808f-77f493b75e6c,2024-08-02,ccb49d47-ef18-415e-84ff-5119d836592b,,1,290700,0.00000000000000000000,290700.00000000000000000000,,Delivered,2026-06-18 23:55:42.102791+00
7626f682-5139-400e-9e41-29fa277ee08b,c6a65b44-9381-4c49-8059-748649a8ccf6,7807848a-c56f-4040-b8eb-d2eb38be53ac,2025-03-27,71be3019-2872-4e46-9e8f-941663554ca2,,1,285000,0.00000000000000000000,285000.00000000000000000000,,Delivered,2026-06-18 23:55:42.102791+00
4d57bede-b7dd-42fd-9435-f43bce357a2d,5bc49b5d-b7b4-477e-9209-01cec99625e3,0bd22278-8dbc-4516-abb7-efd105e6245f,2025-05-18,94840a95-c5bb-495e-a6b6-b69f8754b8b8,,1,278250,0.00000000000000000000,278250.00000000000000000000,,Delivered,2026-06-18 23:55:42.102791+00
ef14d286-0585-4673-976e-09eda5c9e5de,b76efcc9-c69f-4337-991a-16f6c1beb62b,bac2a8b9-9d1c-4c31-acd5-5d647f5d8a5d,2025-11-07,71be3019-2872-4e46-9e8f-941663554ca2,,1,273000,0.00000000000000000000,273000.00000000000000000000,,Delivered,2026-06-18 23:55:42.102791+00
fbfee14b-bba9-4c0e-998c-e00b3bf7c0d9,1612c46c-6075-48a4-84f8-0edcbb314a4a,1f0795c9-a1ba-4150-99ad-e22e281d4974,2024-12-08,c81204ce-d171-4f1e-a34b-eb7b553ddaeb,,1,269500,0.00000000000000000000,269500.00000000000000000000,,Delivered,2026-06-18 23:55:42.102791+00
a2b20aee-6c1f-4f0b-a384-702c06190d9f,988d1bc0-ac4e-4989-9a31-e5628b130c33,2fef3b53-a0da-4e50-8f5c-f9a07e9576ca,2026-03-17,71be3019-2872-4e46-9e8f-941663554ca2,10d5d88b-c74f-4e99-8435-ee1690d6c047,600,53700,0.00000000000000000000,53700.00000000000000000000,15 Days,Pending,2026-06-18 23:55:42.102791+00
e960d30f-73b0-4001-9a58-a8755934bcff,988d1bc0-ac4e-4989-9a31-e5628b130c33,46b2792c-d6ac-4fbb-b7ae-7b56ec5bb283,2026-03-17,71be3019-2872-4e46-9e8f-941663554ca2,791dab05-effd-43cd-842b-2eca9a776288,1200,141000,0.00000000000000000000,141000.00000000000000000000,15 Days,Pending,2026-06-18 23:55:42.102791+00
c9c76aee-56b3-48de-8b98-d01cd350e9ab,aa697e5a-d2ac-4f28-8de3-0928b2c6aa60,6744550e-8d01-42d5-bce7-5468ad1bc9dc,2026-03-29,71be3019-2872-4e46-9e8f-941663554ca2,8dedb270-a04f-4214-b29c-c4bc4f2f78c7,700,62650,0.00000000000000000000,62650.00000000000000000000,15 Days,Pending,2026-06-18 23:55:42.102791+00
54798c0d-8407-429e-bfdd-ec79aaeff27a,aa697e5a-d2ac-4f28-8de3-0928b2c6aa60,0d2740ae-8928-41f6-9ac1-03361835ccbe,2026-03-29,71be3019-2872-4e46-9e8f-941663554ca2,56dcae71-e69c-47ed-a032-d97b1b6a4131,750,91875,0.00000000000000000000,91875.00000000000000000000,15 Days,Pending,2026-06-18 23:55:42.102791+00
4cd28442-1d0c-4029-9f39-d552346ec0e7,d0c0a096-29f2-4426-a986-a7b67de60f43,1f2d3726-98b3-4586-94cc-f25d13489bd0,2026-04-01,f1e51592-40e6-4c0e-ba12-f1e4bfda0f43,10d5d88b-c74f-4e99-8435-ee1690d6c047,500,44750,0.00000000000000000000,44750.00000000000000000000,15 Days,Pending,2026-06-18 23:55:42.102791+00
111ffdd1-cfc8-49ac-a06c-7c8582b5689f,d0c0a096-29f2-4426-a986-a7b67de60f43,c17b3380-16d5-4775-87de-8520a5408f2c,2026-04-01,f1e51592-40e6-4c0e-ba12-f1e4bfda0f43,10d5d88b-c74f-4e99-8435-ee1690d6c047,1000,89500,0.00000000000000000000,89500.00000000000000000000,15 Days,Pending,2026-06-18 23:55:42.102791+00
b2cc52ef-62bb-44d4-8039-6fa939350d8b,d0c0a096-29f2-4426-a986-a7b67de60f43,650645a8-fbe3-4d21-a645-dd44f6afe5d8,2026-04-01,f1e51592-40e6-4c0e-ba12-f1e4bfda0f43,1dcaa77f-a4d8-43c0-9bf0-cdfc60081e79,2250,232500,0.00000000000000000000,232500.00000000000000000000,15 Days,Pending,2026-06-18 23:55:42.102791+00
c82692ea-7a93-4321-9eb4-967dc758b212,5861b1ea-e298-4a21-91d5-1dbbedec47e0,cad36b74-0b59-42a4-93b5-10190a88570a,2026-04-02,71be3019-2872-4e46-9e8f-941663554ca2,10d5d88b-c74f-4e99-8435-ee1690d6c047,1960,175420,0.00000000000000000000,175420.00000000000000000000,15 Days,Pending,2026-06-18 23:55:42.102791+00
2a5726d2-1359-4182-957d-5e9b0406fc52,11008d71-acc0-44b8-9289-ca6876a2a115,b42cdac9-e4f7-423c-9376-b88f91732953,2026-04-02,9c550d4c-077d-4fb4-b74d-3debcfd3b42f,07723aa8-9f8f-41ca-b623-c486bb145c1f,714,51450,0.00000000000000000000,51450.00000000000000000000,Immediate Payment,Pending,2026-06-18 23:55:42.102791+00
ff1e92e6-e354-4b9c-a7ce-6b3483d90506,53e82ebc-be73-4615-9755-86baa77e7518,f7ebc339-d5c3-4d5e-acd9-57ab505da825,2026-04-07,71be3019-2872-4e46-9e8f-941663554ca2,8dedb270-a04f-4214-b29c-c4bc4f2f78c7,570,61294,0.00000000000000000000,61294.00000000000000000000,15 Days,Pending,2026-06-18 23:55:42.102791+00
376dc66d-8e91-447b-b9eb-b8ccfdbdebb5,53e82ebc-be73-4615-9755-86baa77e7518,5cea22f0-8414-4984-a781-8ca87ca24ca1,2026-04-07,71be3019-2872-4e46-9e8f-941663554ca2,10d5d88b-c74f-4e99-8435-ee1690d6c047,1000,89500,0.00000000000000000000,89500.00000000000000000000,15 Days,Pending,2026-06-18 23:55:42.102791+00
1a359025-6a14-4127-a8bc-08e81115793d,53e82ebc-be73-4615-9755-86baa77e7518,8fbf914f-3985-4488-850d-2d9d1c4186fc,2026-04-07,71be3019-2872-4e46-9e8f-941663554ca2,10d5d88b-c74f-4e99-8435-ee1690d6c047,2960,264920,0.00000000000000000000,264920.00000000000000000000,15 Days,Pending,2026-06-18 23:55:42.102791+00
668371da-2c07-4fc4-8fd2-e49cc6b215dd,53e82ebc-be73-4615-9755-86baa77e7518,8e0d45d9-febd-4879-90a0-2937648f507c,2026-04-07,71be3019-2872-4e46-9e8f-941663554ca2,8dedb270-a04f-4214-b29c-c4bc4f2f78c7,3000,322500,0.00000000000000000000,322500.00000000000000000000,15 Days,Pending,2026-06-18 23:55:42.102791+00
d41808f3-cf77-4469-afc7-26d2d2686d09,53e82ebc-be73-4615-9755-86baa77e7518,730d8208-4f78-4522-92b4-902ab22ae324,2026-04-07,71be3019-2872-4e46-9e8f-941663554ca2,e7c36973-a89b-4a54-bb0c-a5164bcfb8d1,3000,310000,0.00000000000000000000,310000.00000000000000000000,15 Days,Pending,2026-06-18 23:55:42.102791+00
ab4edf1f-de14-4f02-86c1-d4bc533fc0cc,04f0dfee-dca5-40f8-9008-0793737bebfb,b894f8d2-c45e-4b0f-b353-f210b89b8747,2026-04-09,b077f4f7-954e-4c70-935a-84ea00d1f006,e7c36973-a89b-4a54-bb0c-a5164bcfb8d1,1500,155000,0.00000000000000000000,155000.00000000000000000000,15 Days,Pending,2026-06-18 23:55:42.102791+00
5884b9af-64ce-4f69-8005-6f18ccbd0cca,c4ad9cab-e600-4b64-8c39-ea616bf9fea0,e0ee4655-708e-4f47-b616-5b3b44d5ebfa,2026-04-10,2df9cb4d-3931-42d6-b71e-03529a9850cb,10d5d88b-c74f-4e99-8435-ee1690d6c047,20,1790,0.00000000000000000000,1790.00000000000000000000,Cash Payment,Pending,2026-06-18 23:55:42.102791+00
26cd1e99-76be-4b22-86f8-de86bfdb818b,ff5b68ba-2363-4e3b-92fe-b8d10374cbe8,76a4e878-6417-45de-813b-b12726679674,2026-04-05,cb55367a-1da2-40df-aac3-6ea2d3ef7d67,791dab05-effd-43cd-842b-2eca9a776288,500,65000,0.00000000000000000000,65000.00000000000000000000,7 Days,Pending,2026-06-18 23:55:42.102791+00
5dd9161d-86be-4411-af99-ecf01cc2383e,ff5b68ba-2363-4e3b-92fe-b8d10374cbe8,35603e10-d65b-4f39-9637-963aa9b97bd2,2026-04-05,cb55367a-1da2-40df-aac3-6ea2d3ef7d67,56dcae71-e69c-47ed-a032-d97b1b6a4131,100,12750,0.00000000000000000000,12750.00000000000000000000,7 Days,Pending,2026-06-18 23:55:42.102791+00
53ac6a67-a58b-4332-a6d8-55c79103bbf5,cedf3ce1-b8b4-453d-8e0a-86a1906b75fe,f8f08ee3-4d32-439f-a72d-2bff7ddeec0c,2026-04-14,ebd4b889-4b94-4c8e-acde-8b3b5f560d31,791dab05-effd-43cd-842b-2eca9a776288,160,19300,0.00000000000000000000,19300.00000000000000000000,Immediate Payment,Pending,2026-06-18 23:55:42.102791+00
4dfdcfb3-bbea-4517-8725-1648c24b2480,75b93606-6cdf-4b74-8ac7-2b1f0e6ce209,9057b81e-ca7e-4e6c-bd21-7a1c05f1a621,2026-04-14,e8fc6767-8d39-497d-9d63-98130295f1cc,1dcaa77f-a4d8-43c0-9bf0-cdfc60081e79,1500,147000,0.00000000000000000000,147000.00000000000000000000,15 Days,Pending,2026-06-18 23:55:42.102791+00
a5952320-ed94-4f53-8f41-abfcd3ab78c5,75b93606-6cdf-4b74-8ac7-2b1f0e6ce209,6ee102c8-11b4-4872-a159-27088ae2e750,2026-04-14,e8fc6767-8d39-497d-9d63-98130295f1cc,791dab05-effd-43cd-842b-2eca9a776288,2960,355200,0.00000000000000000000,355200.00000000000000000000,15 Days,Pending,2026-06-18 23:55:42.102791+00
29252376-0f63-4dca-9c62-a4a82219f104,75b93606-6cdf-4b74-8ac7-2b1f0e6ce209,4417ff1d-b317-4e05-9302-79309be77967,2026-04-14,e8fc6767-8d39-497d-9d63-98130295f1cc,56dcae71-e69c-47ed-a032-d97b1b6a4131,5000,593750,0.00000000000000000000,593750.00000000000000000000,15 Days,Pending,2026-06-18 23:55:42.102791+00
6adc9f0e-1225-4a2c-8519-e64059239cd2,21500032-84bf-4c8a-924c-8349d74f5edf,02e8a342-50f0-4367-a291-a5d3525614cd,2026-04-15,9c550d4c-077d-4fb4-b74d-3debcfd3b42f,56dcae71-e69c-47ed-a032-d97b1b6a4131,100,12000,0.00000000000000000000,12000.00000000000000000000,Immediate Payment,Pending,2026-06-18 23:55:42.102791+00
bdc365b2-40b5-4e24-910e-a5aff693df6e,836e4743-39d0-42f7-acff-a8a66627456f,cd1b7ede-b396-4e4c-8456-9e847e5d2a64,2026-04-17,1212e5df-2191-4eea-862f-248bb96835d6,791dab05-effd-43cd-842b-2eca9a776288,3200,376000,0.00000000000000000000,376000.00000000000000000000,15 Days,Delivered,2026-06-18 23:55:42.102791+00
c5de69e0-0cee-4c48-81b5-8e0902fb2304,fdb1b3bc-b423-4f9d-95ad-a731e7531bf5,cd9828af-d532-4dd1-a590-a8abcfb0feb5,2026-04-19,2df9cb4d-3931-42d6-b71e-03529a9850cb,56dcae71-e69c-47ed-a032-d97b1b6a4131,50,6000,0.00000000000000000000,6000.00000000000000000000,Cash Payment,Pending,2026-06-18 23:55:42.102791+00
c198e8ce-879f-4167-8bd5-93cc325cd981,427c8eec-bd2b-4513-ac53-6ae583fc0d3e,5e9da1e1-1764-4afd-b928-6a253b4b52c3,2026-04-26,87bffc9a-c1ea-4b52-88c7-fe3347a493d7,6ddeaf11-7c7d-4907-bdeb-dc87313c98dd,20,2400,0.00000000000000000000,2400.00000000000000000000,Cash Payment,Pending,2026-06-18 23:55:42.102791+00
c1c3426f-2dcf-40a8-81bf-212f15755be3,6919dfc4-72cd-4206-bb31-fb01c54f2037,9dd320fb-d343-4015-8401-d0ca95a9d439,2026-05-05,7aa4c350-26bd-4d26-b550-aecc4ece0b1e,791dab05-effd-43cd-842b-2eca9a776288,1200,139500,0.00000000000000000000,139500.00000000000000000000,15 Days,Pending,2026-06-18 23:55:42.102791+00
4d6d05fe-3740-4e6b-b3b0-89fca42f1df4,a6bb9bed-3f97-4620-9aa9-2853ca93c0ad,e2118a17-53e5-48b1-8957-3dbc1fe343d8,2024-08-01,8da5249a-c2b8-48c3-b61c-12ecf6d898d8,,1,260281,0.00000000000000000000,260281.00000000000000000000,,Delivered,2026-06-18 23:55:42.102791+00
f2878bf8-1494-4ff1-a01f-565ca9d6b87c,ebbe3a78-e0f9-4a1f-9a86-588927e39ac7,840d87ea-9e41-46c8-84b8-7792344fd828,2025-10-27,e68871a8-18d6-4060-964c-f5ee029055bd,,1,748000,0.00000000000000000000,748000.00000000000000000000,,Delivered,2026-06-18 23:55:42.102791+00
7003747d-6564-4799-8931-27cc46aaaffa,e837b5a8-2174-482f-8d81-71c095f9145a,b1302e97-3477-43f7-8f8f-20a24db334d5,2025-01-03,b451812e-f688-4528-9863-43ab65ad904e,,1,296600,0.00000000000000000000,296600.00000000000000000000,,Delivered,2026-06-18 23:55:42.102791+00
01cc1564-19ed-4f01-b859-4f02ef3a189e,1fb8c606-69fc-4265-ae62-433b8bcd7137,a8cc71e4-6cbd-43d7-8900-df9c9f8f046f,2024-07-08,694b1c49-614a-495f-928f-2c1ce8e477cb,,1,290400,0.00000000000000000000,290400.00000000000000000000,,Delivered,2026-06-18 23:55:42.102791+00
76af0af7-a1f3-48a3-8e92-2bf5d4589827,3c811f99-9b83-48f1-8dd7-9fa5076b9231,78c83785-f87f-416d-b031-48e65b81940c,2025-05-29,2941bd55-d0d4-4e91-b8ac-781bc32cf76e,,1,284000,0.00000000000000000000,284000.00000000000000000000,,Delivered,2026-06-18 23:55:42.102791+00
ebfae620-71b2-47c4-beb9-115303c36fb2,6e53f90a-6cb5-45dd-9721-68fa6a02a79f,b7b54b7a-5f14-44d7-a953-8d66cda89bb8,2025-11-11,be6aebf8-8a0f-4527-a9d4-d94f09f3c93a,,1,277500,0.00000000000000000000,277500.00000000000000000000,,Delivered,2026-06-18 23:55:42.102791+00
fc8f25a9-552f-45b2-8e1d-7312720d5761,ff165e3a-eeab-405b-aeec-2fceb90f4cfb,4d2e1baf-3cef-4134-b6c8-dda2d7420721,2025-11-13,51bf73f4-c8da-4e75-b5c1-72b2dc1014a0,,1,273060,0.00000000000000000000,273060.00000000000000000000,,Delivered,2026-06-18 23:55:42.102791+00
260d3540-4e99-45f1-bf60-acf3ec52cb0d,581e5c85-ce8d-46e1-b8a7-260104fd93fb,cc2de225-b88d-4d4b-ae10-290472d76c32,2024-12-10,e0140edd-1909-49ae-9bdf-d36e683f578d,,1,268600,0.00000000000000000000,268600.00000000000000000000,,Delivered,2026-06-18 23:55:42.102791+00
c2d603ce-3dcd-4695-9a94-3e6dfe2bacd7,3d3764c0-2b17-464d-b1b2-45ae61e2e550,d30aa3e0-ad13-45fd-9bf5-c8a69c96bf7f,2026-01-29,bf7ad4b0-16b4-4783-9a9c-aba5665797fe,,1,268500,0.00000000000000000000,268500.00000000000000000000,,Delivered,2026-06-18 23:55:42.102791+00
2e39f96e-c129-4da9-a494-7d54d68080f5,3ff092f0-7699-4da8-9bfa-8bec1c75a67d,a0a1efb9-2af0-44ec-81c7-476136e7a952,2024-07-23,1a43f43a-c716-459f-80a5-52348231fcd0,,1,265500,0.00000000000000000000,265500.00000000000000000000,,Delivered,2026-06-18 23:55:42.102791+00
a262d400-1951-48f1-b789-b4500b1ec8bd,32b847e3-b247-4470-a664-547a6db36ff9,ae1d1954-eb2a-4cac-be4e-60264bb0b8d9,2024-10-11,ee050b45-8c17-4d06-ba05-a7f64ed04dab,,1,762499,0.00000000000000000000,762499.00000000000000000000,,Delivered,2026-06-18 23:55:42.102791+00
241c1588-e7f9-44d0-9dc6-63f574ae942b,412f11bc-8bf6-45f8-a77c-1b0d249c8514,a9fa4d26-7800-4095-b0ab-908daa4a6df0,2025-08-15,71be3019-2872-4e46-9e8f-941663554ca2,,1,547812,0.00000000000000000000,547812.00000000000000000000,,Delivered,2026-06-18 23:55:42.102791+00
8ba70c68-b228-4136-a196-5b977a296d9a,4a977038-a0e6-4272-b483-9258ada37fa4,5509b863-c2aa-4a77-8cb0-981d64d4d395,2025-11-05,ebd4b889-4b94-4c8e-acde-8b3b5f560d31,,1,288000,0.00000000000000000000,288000.00000000000000000000,,Delivered,2026-06-18 23:55:42.102791+00
b5d60c7d-1638-4474-ba69-f0aed4d90bb5,1d5707ce-cabc-41f3-993f-dc8132762905,dbba33aa-1a49-4974-960e-9015f9d02e7a,2025-03-21,b68482aa-3798-4bc4-96c2-ae22f9e1f162,,1,280000,0.00000000000000000000,280000.00000000000000000000,,Delivered,2026-06-18 23:55:42.102791+00
1beae6ab-117b-42f0-89bf-c335ba86ab14,6f449bdf-b362-42a9-9d94-85d132a81328,861796eb-7aeb-44e8-a56d-cf8a4c00eb89,2025-01-09,b68482aa-3798-4bc4-96c2-ae22f9e1f162,,1,275482,0.00000000000000000000,275482.00000000000000000000,,Delivered,2026-06-18 23:55:42.102791+00
b9ea5789-fc49-46d4-890a-ea8bb62f0361,a4dace34-2ef9-4d36-b91e-e34b80616341,7ac8c7e5-8b12-44dd-af96-4bbdeb75867a,2025-01-08,40f85701-0113-4092-bf94-71fce4830301,,1,270000,0.00000000000000000000,270000.00000000000000000000,,Delivered,2026-06-18 23:55:42.102791+00
b8309a6e-7568-4fbd-8a43-6694e0cd0da6,341ede92-837b-496d-8159-f1a660a83e8c,10cd6f23-c01a-47b2-899b-152c295053d3,2026-04-03,2df9cb4d-3931-42d6-b71e-03529a9850cb,791dab05-effd-43cd-842b-2eca9a776288,80,10200,0.00000000000000000000,10200.00000000000000000000,Cash Payment,Pending,2026-06-18 23:55:42.102791+00
28cc250b-66ae-4662-87b5-223cefe410dc,921c406f-18f0-4239-9fba-7c1be2310596,2b897884-c041-466b-bc70-2928b769288f,2026-04-05,71be3019-2872-4e46-9e8f-941663554ca2,e7c36973-a89b-4a54-bb0c-a5164bcfb8d1,1500,155000,0.00000000000000000000,155000.00000000000000000000,15 Days,Pending,2026-06-18 23:55:42.102791+00
903b1ad9-f175-4ee1-8173-c7ea8a916e09,921c406f-18f0-4239-9fba-7c1be2310596,e469dcb8-28e0-4d82-baaa-7e1e96b27f94,2026-04-05,71be3019-2872-4e46-9e8f-941663554ca2,791dab05-effd-43cd-842b-2eca9a776288,2400,300000,0.00000000000000000000,300000.00000000000000000000,15 Days,Pending,2026-06-18 23:55:42.102791+00
d1aaaa3e-7cd1-47a3-864f-e8b5709c32c0,f0ec89b8-a5cc-46e9-a73b-f72b1a6a8afe,8f2e7fbe-5f80-4613-8cf1-eef9023c6950,2026-04-06,79dc8daa-366a-49a0-bca1-ae69bb6a719e,791dab05-effd-43cd-842b-2eca9a776288,2320,292900,0.00000000000000000000,292900.00000000000000000000,15 Days,Pending,2026-06-18 23:55:42.102791+00
ad532b0f-ec67-44ef-9ca6-28eca1b1f725,a821322b-d265-4a9f-98e1-7584e265b2a5,2a2c0aeb-1a47-49f6-b31f-3535fa9ac18e,2026-04-12,9c8577e0-bac5-40ed-ab97-d69d5aadb619,56dcae71-e69c-47ed-a032-d97b1b6a4131,5000,606200,0.00000000000000000000,606200.00000000000000000000,7 Days,Pending,2026-06-18 23:55:42.102791+00
5dae435a-40e1-42c1-be65-d944bb94ec6e,27285ad1-78ca-4b7a-8213-18f36b069f24,b5b50b08-6003-4ab0-a353-4184d61e97fa,2026-04-13,fdf56cc8-2c66-486d-ae8f-8f48c5a28b0c,10d5d88b-c74f-4e99-8435-ee1690d6c047,80,8400,0.00000000000000000000,8400.00000000000000000000,Cash Payment,Delivered,2026-06-18 23:55:42.102791+00
56b28f13-96d0-4c38-9f01-07d1fa791901,b55ef120-1c44-4444-b8b3-d1e06e51b79e,59640e6d-4ad0-45fd-b3ef-771e990e5aaa,2026-04-14,c6935a5a-247b-4a4d-be4a-c11544f201b1,791dab05-effd-43cd-842b-2eca9a776288,800,95000,0.00000000000000000000,95000.00000000000000000000,7 Days,Pending,2026-06-18 23:55:42.102791+00
0c1b97f4-9c3d-4aa6-903e-54b3020f80f8,ec057794-cae0-41a2-be1f-eb852b8edaeb,2925f23e-64bb-4762-b838-daa7b88c470e,2026-04-20,71be3019-2872-4e46-9e8f-941663554ca2,791dab05-effd-43cd-842b-2eca9a776288,1520,178600,0.00000000000000000000,178600.00000000000000000000,15 Days,Delivered,2026-06-18 23:55:42.102791+00
b62db1aa-8185-4e1b-9b53-5d8900c2351e,2518fcf8-5f2c-45f9-84f3-ce3e324feaa4,f4db7506-cc94-4562-a015-259c2d68b996,2026-04-27,7278af2d-7018-4d13-bb4d-1b35f4307714,56dcae71-e69c-47ed-a032-d97b1b6a4131,12800,1480000,0.00000000000000000000,1480000.00000000000000000000,Cash Payment,Pending,2026-06-18 23:55:42.102791+00
a7bf33d5-c2c1-49c0-b27b-792b3194deb4,c4fa37a8-be0c-4a7f-92a9-4c22aef1be66,82f4cd16-fbff-438b-a834-7d9b4b4409ad,2026-04-29,9c8577e0-bac5-40ed-ab97-d69d5aadb619,8dedb270-a04f-4214-b29c-c4bc4f2f78c7,1995,214396,0.00000000000000000000,214396.00000000000000000000,7 Days,Pending,2026-06-18 23:55:42.102791+00
03c31b15-5936-405d-b68b-c581b6d3e59a,c4fa37a8-be0c-4a7f-92a9-4c22aef1be66,d0b47a2c-b05a-491c-9a28-4ab72496126c,2026-04-29,9c8577e0-bac5-40ed-ab97-d69d5aadb619,56dcae71-e69c-47ed-a032-d97b1b6a4131,4150,487625,0.00000000000000000000,487625.00000000000000000000,7 Days,Pending,2026-06-18 23:55:42.102791+00
8f9cf05a-073c-452e-a393-0718121ac2b1,c4fa37a8-be0c-4a7f-92a9-4c22aef1be66,e49e216b-4a3b-437d-bc6c-34d2ae78071b,2026-04-29,9c8577e0-bac5-40ed-ab97-d69d5aadb619,0de2f238-ba43-4327-aedd-f37957f55b84,200,24000,0.00000000000000000000,24000.00000000000000000000,7 Days,Pending,2026-06-18 23:55:42.102791+00
306e3e7d-1576-4164-af20-8918384dbb11,4039fbdf-664d-4382-9315-27638600f406,badc0ea0-5e82-454d-8a47-2da0778eaa85,2026-05-01,f83e8351-57ae-4284-99c8-3d0905e11e48,1dcaa77f-a4d8-43c0-9bf0-cdfc60081e79,3750,362500,0.00000000000000000000,362500.00000000000000000000,15 Days,Pending,2026-06-18 23:55:42.102791+00
07288b14-9f7e-463c-ad06-3bdb884192b8,dea8fdb1-aa43-4a1a-8028-21916531b02e,090b4e5f-e15c-40d7-bc5c-6b86d54a450d,2026-05-04,2df9cb4d-3931-42d6-b71e-03529a9850cb,1dcaa77f-a4d8-43c0-9bf0-cdfc60081e79,30,3000,0.00000000000000000000,3000.00000000000000000000,Cash Payment,Pending,2026-06-18 23:55:42.102791+00
eba25855-1cc4-4d37-a8c5-2916e9dd7d86,d95bd958-5072-4a68-9ebf-5787786c32ab,509fc3f3-ca35-4224-95f9-fb28c3db7386,2024-12-23,9c8577e0-bac5-40ed-ab97-d69d5aadb619,,1,259200,0.00000000000000000000,259200.00000000000000000000,,Delivered,2026-06-18 23:55:42.102791+00
4a671afa-a569-4619-90c0-10804c5d6b2f,12e7676a-b033-4c02-9c23-70fec1942fec,98044f1d-6da8-4fad-a7b0-215b6445da5a,2024-12-31,e0140edd-1909-49ae-9bdf-d36e683f578d,,1,300000,0.00000000000000000000,300000.00000000000000000000,,Delivered,2026-06-18 23:55:42.102791+00
05490917-7f30-49f4-bfe4-d80472ea9598,720c61db-f78e-4159-876d-4d53fa1d0980,14cc0d61-4977-4f66-b464-ccf75488702f,2024-10-10,71be3019-2872-4e46-9e8f-941663554ca2,,1,293000,0.00000000000000000000,293000.00000000000000000000,,Delivered,2026-06-18 23:55:42.102791+00
6e11f76f-98a1-4594-a134-88ac80ccc866,e187e5aa-f9d8-46c4-98e6-a944e8c5d336,972948e2-115d-4ecd-a6c7-8d8c06f07166,2025-06-22,2bc5bcfb-185f-4a64-95b6-32efd7cfec25,,1,288000,0.00000000000000000000,288000.00000000000000000000,,Delivered,2026-06-18 23:55:42.102791+00
12a4d0dc-ecf9-469b-8879-48fb128f4955,7265de1f-7283-40ad-bddd-abbbcf6bc781,1abffb9f-3769-48df-bae9-82ded4fb26ac,2025-09-11,51bf73f4-c8da-4e75-b5c1-72b2dc1014a0,,1,280150,0.00000000000000000000,280150.00000000000000000000,,Delivered,2026-06-18 23:55:42.102791+00
6dd14127-6274-4593-ba6e-84562b85e1c7,33b917d9-f85b-4d58-8438-d1ef40423464,fc74f2bb-4c08-4f6c-8c2f-30d29fa0c5b6,2025-09-26,71be3019-2872-4e46-9e8f-941663554ca2,,1,275737,0.00000000000000000000,275737.00000000000000000000,,Delivered,2026-06-18 23:55:42.102791+00
14f1ed3d-7e9a-4ba5-bf16-3c29d5fbf9c0,371962b2-54a7-4ccd-9591-14a8da868b8f,1d55ca5a-c31e-4b34-b3f1-8c1e94c03a85,2024-11-19,40f85701-0113-4092-bf94-71fce4830301,,1,270000,0.00000000000000000000,270000.00000000000000000000,,Delivered,2026-06-18 23:55:42.102791+00
37a88bef-3310-4e75-8e21-bb6c9661b77e,81231523-5ff2-4e4c-a5bf-b4a6912377b0,93a84f7b-6673-4588-b16a-a125e04d062c,2026-02-25,71be3019-2872-4e46-9e8f-941663554ca2,,1,268500,0.00000000000000000000,268500.00000000000000000000,,Delivered,2026-06-18 23:55:42.102791+00
d4f488ac-3b05-4bc0-9efe-c7d0b6188a27,f6e7ab51-926d-4c2a-bcba-2f0dd87eb48d,a009da71-b280-4d84-a91b-69bdc8204c3b,2025-09-09,71be3019-2872-4e46-9e8f-941663554ca2,,1,267000,0.00000000000000000000,267000.00000000000000000000,,Delivered,2026-06-18 23:55:42.102791+00
279e50b1-46d3-4387-8934-a93bdfb45e2e,88e0c8a6-a81e-447e-85d0-ec2be878d559,c44a8c7b-4a01-489d-b842-1662d2e51a88,2025-11-23,917661e1-3ddc-4cdb-882a-56e83978c161,,1,769400,0.00000000000000000000,769400.00000000000000000000,,Delivered,2026-06-18 23:55:42.102791+00
07df0cff-4676-4dda-b8fa-56446cd06ee1,5fe91a1d-40bf-4a51-9d61-51de02fdaac2,26739342-258b-4117-ad9b-78bedac12f90,2024-08-30,42d252ce-09ff-4009-912a-ee9ecb4bac8b,,1,749999,0.00000000000000000000,749999.00000000000000000000,,Delivered,2026-06-18 23:55:42.102791+00
ab00237d-2947-46b2-b4d2-c1606992b487,65b8ce32-9da1-4d7f-af65-e94aa55633f5,53f87ea2-2500-454d-8a08-ffc24880eadf,2024-07-19,22f3c314-4681-438c-96f5-2c089289e523,,1,549750,0.00000000000000000000,549750.00000000000000000000,,Delivered,2026-06-18 23:55:42.102791+00
9df3374b-ae06-442a-8a8b-770f28cc4e09,a11b2c27-cb40-473b-9964-f280104bf96b,d28a3b63-a64a-4da8-915d-a6b4d0de350b,2024-12-01,71be3019-2872-4e46-9e8f-941663554ca2,,1,290000,0.00000000000000000000,290000.00000000000000000000,,Delivered,2026-06-18 23:55:42.102791+00
633b4dd4-85e4-41ce-83ad-6abe1a86412a,c8fbef10-b6f1-452d-8e1e-d024d2e6981b,fba6e1fd-d506-42a0-9ce1-524a2ea00b4c,2025-04-20,71be3019-2872-4e46-9e8f-941663554ca2,,1,283800,0.00000000000000000000,283800.00000000000000000000,,Delivered,2026-06-18 23:55:42.102791+00
35b09907-cc42-4d3f-abbe-83959d79dd48,ee7b038a-142c-4823-bdb6-07b760aaa048,546edfe9-013b-4efd-a286-113708d87ef6,2025-04-20,71be3019-2872-4e46-9e8f-941663554ca2,,1,277000,0.00000000000000000000,277000.00000000000000000000,,Delivered,2026-06-18 23:55:42.102791+00
3b8e04c3-6be6-47fe-b27d-e87a9b95637e,b878bb01-192b-48aa-b534-215d0284b650,68192286-c405-49af-bfb5-397256e3ec51,2024-07-07,c622c3d7-9289-41b3-ab8e-2c29215faa4c,,1,273000,0.00000000000000000000,273000.00000000000000000000,,Delivered,2026-06-18 23:55:42.102791+00
7e715c90-fda5-49dc-9100-1dd3e66dbf93,2b469ba6-0c3d-4aac-b685-742cf0ceb9b0,ea90f0d6-fc59-4182-af97-c5146b7e37c6,2026-01-28,077d9584-8f05-42cb-90f1-1e17bab1db5e,,1,268500,0.00000000000000000000,268500.00000000000000000000,,Delivered,2026-06-18 23:55:42.102791+00
abbcf472-a65c-438f-8578-6a9c6097fd75,e8db5bf2-419c-4aec-a905-70bde13be486,a3bb7612-526f-4664-a7ac-e28320646564,2024-05-30,71be3019-2872-4e46-9e8f-941663554ca2,,1,732850,0.00000000000000000000,732850.00000000000000000000,,Delivered,2026-06-18 23:55:42.102791+00
4a858d50-4ba5-41ab-846f-d5784903be79,7a6d2cce-f9a5-4708-961a-b0c9b7260c75,679450f0-1c70-419f-998f-4987d71968ed,2025-08-03,99654bf2-99d2-4963-a48f-35d1eacc4352,,1,735000,0.00000000000000000000,735000.00000000000000000000,,Delivered,2026-06-18 23:55:42.102791+00
41d4eb1b-ab87-40d3-afcf-2080a8b29ec7,d7020a6e-8cc3-4a76-8d0c-32c5d85484d0,ed7859c5-af84-4fdd-89fb-f5dde78a6dda,2024-10-10,a196000a-c83c-402d-8024-2a2c4dda447c,,1,730000,0.00000000000000000000,730000.00000000000000000000,,Delivered,2026-06-18 23:55:42.102791+00
4fc8219c-dc83-40b4-b682-7567d0ad9679,3fef30ff-b3b0-49d0-bc4f-ba32aaea44b2,95fe08a0-3eb3-40bf-b331-48179cd8e91e,2025-07-09,71be3019-2872-4e46-9e8f-941663554ca2,,1,728000,0.00000000000000000000,728000.00000000000000000000,,Delivered,2026-06-18 23:55:42.102791+00
221c5e9d-3875-48de-b5cf-442022f8cfcb,7ac03fc5-9659-4dcf-9a0e-bc8a885068e7,550da792-b0f8-4690-9f7b-c080642ca3a1,2024-10-20,ee050b45-8c17-4d06-ba05-a7f64ed04dab,,1,724499,0.00000000000000000000,724499.00000000000000000000,,Delivered,2026-06-18 23:55:42.102791+00
c8172a13-1688-4de1-a48b-b35bb8f2783e,128b0740-2a82-4468-9e53-0855a8501726,64a55cd1-d3cd-4ede-8540-396f6ce7f131,2024-10-10,ee050b45-8c17-4d06-ba05-a7f64ed04dab,,1,730000,0.00000000000000000000,730000.00000000000000000000,,Delivered,2026-06-18 23:55:42.102791+00
8be98d3d-2d6b-423d-91ce-66515610ce2d,c219a651-45f1-4c23-9da1-c7c1d11b7c87,7a808187-db87-4eea-8cb5-9f7190babd8b,2025-02-17,71be3019-2872-4e46-9e8f-941663554ca2,,1,730660,0.00000000000000000000,730660.00000000000000000000,,Delivered,2026-06-18 23:55:42.102791+00
24dfc37a-4795-480a-a99c-f5db2570e7e7,05ab556d-caf1-4f9f-b924-004f20218958,0d6e4764-67bf-463d-91ef-1376d0e097f0,2025-05-13,36dd081b-5d34-45be-9e23-0c1519a91bf8,,1,720000,0.00000000000000000000,720000.00000000000000000000,,Delivered,2026-06-18 23:55:42.102791+00
45436864-89b6-49c0-87b8-96adc7be063e,7c88de2b-10c1-456a-aef2-b4d55f7e657a,df05c54b-5bed-46dc-a0a9-7c58ca616209,2024-09-30,ee050b45-8c17-4d06-ba05-a7f64ed04dab,,1,717500,0.00000000000000000000,717500.00000000000000000000,,Delivered,2026-06-18 23:55:42.102791+00
f34c2dd2-5efa-41f7-a9cf-3c096c1f20c6,25a1fa58-74e5-4194-a8d8-85bf76a11111,2005aa35-78d0-4d6f-b097-b86b72664342,2024-09-26,ee050b45-8c17-4d06-ba05-a7f64ed04dab,,1,717500,0.00000000000000000000,717500.00000000000000000000,,Delivered,2026-06-18 23:55:42.102791+00
97c17463-d72b-4f9f-a714-e5c20bbed76d,61ce6c9a-a892-4d12-8e1f-57c1676bd462,480438ca-728c-40fc-b2a8-eef279e41faa,2025-01-21,8da5249a-c2b8-48c3-b61c-12ecf6d898d8,,1,723250,0.00000000000000000000,723250.00000000000000000000,,Delivered,2026-06-18 23:55:42.102791+00
23fa3b87-eb9b-4486-b599-0ff0587ba454,337ccbf5-9d28-4dbf-b0e0-3f0b7ba2d847,098285f2-35de-4fe0-9f15-a2a8be4fef23,2026-02-19,71be3019-2872-4e46-9e8f-941663554ca2,,1,717500,0.00000000000000000000,717500.00000000000000000000,,Delivered,2026-06-18 23:55:42.102791+00
821260e0-37c3-40a7-a2a2-f2dc51c057e8,b5a33bfe-bcd4-4664-8255-d9898a27ecfe,069726cd-bf3b-4598-b985-5f82b442403f,2024-12-23,58cacb19-26f8-4710-82a0-ef5aaf515fcd,,1,715625,0.00000000000000000000,715625.00000000000000000000,,Delivered,2026-06-18 23:55:42.102791+00
451438df-83bc-4615-b314-292fd8275f4c,6142bafc-ed2b-4cbd-b87f-c79a3877c421,87ed368a-1f80-4755-8c50-7f1cc72466e4,2024-11-12,34acb9d9-1802-4aed-9744-313423a2db23,,1,714500,0.00000000000000000000,714500.00000000000000000000,,Delivered,2026-06-18 23:55:42.102791+00
8b4f9556-0d34-42e7-81ba-b9bd730d0042,d5d20577-bcef-4cfa-8580-a774a46b91a0,2261fd79-4c58-4280-8d86-b9c4c654376c,2024-09-26,ee050b45-8c17-4d06-ba05-a7f64ed04dab,,1,714999,0.00000000000000000000,714999.00000000000000000000,,Delivered,2026-06-18 23:55:42.102791+00
c55bf2a5-dc25-4975-ae86-65d5fd6fd60d,836f1062-e2a2-4cca-ab49-0eb0a79a2b35,f9249231-76c4-4202-9203-120da80d236a,2025-05-12,6e294634-9504-4be4-960e-df2f3ae4b416,,1,714000,0.00000000000000000000,714000.00000000000000000000,,Delivered,2026-06-18 23:55:42.102791+00
89bc3de4-ffde-4afa-9d66-ca1531a51b39,93e6eaf3-49a0-4434-9c6e-631606e78a56,02675ba9-4b53-4e21-8775-ab499c837ce5,2025-10-14,71be3019-2872-4e46-9e8f-941663554ca2,,1,716482,0.00000000000000000000,716482.00000000000000000000,,Delivered,2026-06-18 23:55:42.102791+00
679ffcd5-d107-43fb-bb65-92439573fe54,f3ed97e4-e9c6-4cb0-8fa2-82fbdaeff022,5afada3b-87cb-4899-8053-66bf6cee37f7,2026-02-22,71be3019-2872-4e46-9e8f-941663554ca2,,1,707500,0.00000000000000000000,707500.00000000000000000000,,Delivered,2026-06-18 23:55:42.102791+00
71ac3142-276f-4414-9055-4718e638605f,64655eac-f106-45b9-8b44-f95808c5ce78,c1426037-4bff-4c1b-8076-b63fab9e875e,2024-08-20,ee050b45-8c17-4d06-ba05-a7f64ed04dab,,1,707499,0.00000000000000000000,707499.00000000000000000000,,Delivered,2026-06-18 23:55:42.102791+00
6d2b7256-a7f9-4cc8-aa10-a87e984695a9,04cef03d-89bb-4f61-a7f5-18aea7f7180a,4d722cbe-4758-4b8f-af0d-92ac7cdb29df,2024-08-28,ee050b45-8c17-4d06-ba05-a7f64ed04dab,,1,707499,0.00000000000000000000,707499.00000000000000000000,,Delivered,2026-06-18 23:55:42.102791+00
77061063-dd69-4024-a7e3-d38be1b6f897,0358ce66-f757-4d83-b135-70768e23038b,44c96f28-9485-484a-adf0-eb0d7e8c52f1,2024-08-18,ee050b45-8c17-4d06-ba05-a7f64ed04dab,,1,707499,0.00000000000000000000,707499.00000000000000000000,,Delivered,2026-06-18 23:55:42.102791+00
0f88a754-3de3-4d1c-ba29-6fed0ce2a1bb,bf005bf6-7d58-4039-9b1c-0aa1dc6c0867,b99a3ebd-b4bd-4f55-8ded-4636c6499a32,2026-01-09,71be3019-2872-4e46-9e8f-941663554ca2,,1,711575,0.00000000000000000000,711575.00000000000000000000,,Delivered,2026-06-18 23:55:42.102791+00
1ff691d9-4ee1-479d-a38b-49685b0b26c4,94a3809c-3061-4ef3-a2fa-07379733e14d,b8f5f40f-30b5-4773-9d29-db0bbb16f694,2025-02-03,71be3019-2872-4e46-9e8f-941663554ca2,,1,706947,0.00000000000000000000,706947.00000000000000000000,,Delivered,2026-06-18 23:55:42.102791+00
42ff4cee-a0f2-45ca-a938-505d831a9a7c,6f6ab5ad-57d6-4e04-9c4a-7b905540da16,0394f25d-1f66-4d10-a882-e627a1c36e28,2025-08-05,71be3019-2872-4e46-9e8f-941663554ca2,,1,706582,0.00000000000000000000,706582.00000000000000000000,,Delivered,2026-06-18 23:55:42.102791+00
833b61f4-ebfa-44ea-98d6-6fc1e7fb0d97,13196682-cb58-4e7a-91cd-884be84b958d,89786648-95a1-4185-a03b-f50268a8a4e3,2024-07-08,ee050b45-8c17-4d06-ba05-a7f64ed04dab,,1,705178,0.00000000000000000000,705178.00000000000000000000,,Delivered,2026-06-18 23:55:42.102791+00
f223dd9e-3510-43cd-b25e-1612f34aeeb5,5ba8402f-fe86-4165-b60f-81060feed6d5,fe9c2eef-378d-4e4e-b511-0a33a6cf3e92,2025-12-01,71be3019-2872-4e46-9e8f-941663554ca2,,1,707400,0.00000000000000000000,707400.00000000000000000000,,Delivered,2026-06-18 23:55:42.102791+00
1b49088d-6c9b-4ef2-aa04-4eb83a99de72,92e6e98e-82e2-4318-95dd-7f2a5d97a668,3ac3ddad-b7ff-4455-8f2e-af65519ec065,2024-09-04,ee050b45-8c17-4d06-ba05-a7f64ed04dab,,1,705000,0.00000000000000000000,705000.00000000000000000000,,Delivered,2026-06-18 23:55:42.102791+00
b2379073-1d00-4984-a48a-2a48a0a6108c,28c018eb-c171-4fb6-a9c3-909982090f74,259bff8f-6482-4b84-977a-243762fb3791,2025-02-02,f0fcd114-c83c-4557-ab8e-29869eb50b7b,,1,704000,0.00000000000000000000,704000.00000000000000000000,,Delivered,2026-06-18 23:55:42.102791+00
50356ff4-9ca1-4437-bc15-4798ed9114e8,1b275bc9-ee44-4e12-b0c4-880d12cfa0c5,a7509f9a-c630-4490-b131-9ac40d43a87c,2026-01-14,9c8577e0-bac5-40ed-ab97-d69d5aadb619,,1,702425,0.00000000000000000000,702425.00000000000000000000,,Delivered,2026-06-18 23:55:42.102791+00
5225d3bd-5cdb-4892-828d-092e03cb6651,d0ba02d5-bd9b-48d9-8fc0-a2186f550f99,1f874d89-c5de-4b98-9604-216bac610d17,2025-11-23,2eca054f-561f-491f-8265-94eed66bdf4f,,1,703870,0.00000000000000000000,703870.00000000000000000000,,Delivered,2026-06-18 23:55:42.102791+00
b8802c11-5529-4c6c-b898-53944a656e02,3677879d-3c4f-4226-bde6-798c7c8b810b,dfc7e7d1-5713-418d-bbf8-17b497b7f38c,2024-08-29,ee050b45-8c17-4d06-ba05-a7f64ed04dab,,1,705000,0.00000000000000000000,705000.00000000000000000000,,Delivered,2026-06-18 23:55:42.102791+00
0e56ce7b-246a-4cfb-8a8a-a6ae1fa44dcc,4e39801f-5bd7-4e4f-a2cf-d4de919f9399,4332b801-9c64-4781-994f-6734f922b230,2025-04-08,7b237e41-2adb-467e-99f1-32f71332e3e7,,1,700000,0.00000000000000000000,700000.00000000000000000000,,Delivered,2026-06-18 23:55:42.102791+00
cda1909d-4b9f-4b38-9f57-0226b88b60c1,8b285b03-56fe-4a07-b814-307c608d0746,b140bb31-893d-41fe-8a8e-e36451a59ec5,2026-01-29,13434759-d4fc-4dc9-ad3b-480ab7211da2,,1,699300,0.00000000000000000000,699300.00000000000000000000,,Delivered,2026-06-18 23:55:42.102791+00
8f2923b8-4d5a-464e-be58-77ad9ed24c3a,683838a4-711b-4857-9378-cb3db9c335e7,06affb27-0410-4305-b091-f59c5f1d151d,2025-01-14,71be3019-2872-4e46-9e8f-941663554ca2,,1,693750,0.00000000000000000000,693750.00000000000000000000,,Delivered,2026-06-18 23:55:42.102791+00
1d50397b-3574-4fcb-9ce4-a5a49252e492,605ffd1f-603f-425b-8238-a4f16e40edf7,cfcc457e-50e0-468b-ac2e-b8623580cdc1,2025-11-20,5f27bee7-c714-4bfc-b036-d4c1e018d522,,1,697500,0.00000000000000000000,697500.00000000000000000000,,Delivered,2026-06-18 23:55:42.102791+00
665d5335-4834-49b0-8f0a-89d097499ffc,b19cb565-0b26-4b0b-8c2c-521b8146a8ad,4d58ce49-4bfa-4bb2-a992-8c13b3ea7995,2025-09-18,8f06ff88-5db5-47ec-b27f-af2ef21de406,,1,699500,0.00000000000000000000,699500.00000000000000000000,,Delivered,2026-06-18 23:55:42.102791+00
3c0a76b6-7589-4491-82e8-608219829b82,b5d85a57-ea35-47d3-8d2f-50895b4594a1,e52e87cd-aa5b-46c1-8af0-8ccc31a9210b,2025-06-19,71be3019-2872-4e46-9e8f-941663554ca2,,1,687150,0.00000000000000000000,687150.00000000000000000000,,Delivered,2026-06-18 23:55:42.102791+00
f88550b9-d929-4ade-8ce9-53d10cd7d7ff,737280a1-7598-4431-a05c-fdd459007d8f,f70f9c49-fadb-47b0-9880-b67cbc4f6346,2024-08-19,f0fcd114-c83c-4557-ab8e-29869eb50b7b,,1,686750,0.00000000000000000000,686750.00000000000000000000,,Delivered,2026-06-18 23:55:42.102791+00
a0f874a4-18b4-41ec-98c3-6c4ab8cf917a,e1ed63ee-fcad-4440-9dc7-8c1ca1f408f3,93cb247f-cc65-4bce-90a5-406131e964de,2025-11-14,0a08be05-99f5-46e7-918c-1a12487083e1,,1,679000,0.00000000000000000000,679000.00000000000000000000,,Delivered,2026-06-18 23:55:42.102791+00
fce4c760-e3eb-4507-827c-b89908a0e17d,a0d446f7-e079-470e-b89a-a278a27978f0,cccb5be3-96bb-4cb2-a84b-499085240eda,2026-01-25,71be3019-2872-4e46-9e8f-941663554ca2,,1,658000,0.00000000000000000000,658000.00000000000000000000,,Delivered,2026-06-18 23:55:42.102791+00
d69c647a-39b6-4fe6-b33a-69fc42520bfb,dc9afd75-cfe6-4d39-9117-53397217ea04,7faa06d5-273c-43d5-8223-8b2849a86ce7,2025-04-11,71be3019-2872-4e46-9e8f-941663554ca2,,1,624350,0.00000000000000000000,624350.00000000000000000000,,Delivered,2026-06-18 23:55:42.102791+00
1530bc3d-1399-4613-a52e-bd8385dd5aa7,7de260cf-fcd0-421f-9b7d-93216bbcd7f9,a4314965-6f0f-423a-a3b0-fc2ae1a7630e,2025-05-27,6e294634-9504-4be4-960e-df2f3ae4b416,,1,610000,0.00000000000000000000,610000.00000000000000000000,,Delivered,2026-06-18 23:55:42.102791+00
eb66d474-ba09-4aee-bd0d-4bb1de543f8a,888cfdc6-9214-4e57-9ae7-d909cda697cc,ee44e9ae-b72d-4d32-bac5-5d47b7953744,2024-07-25,ccb49d47-ef18-415e-84ff-5119d836592b,,1,599450,0.00000000000000000000,599450.00000000000000000000,,Delivered,2026-06-18 23:55:42.102791+00
ffacd3e7-fbab-491c-b327-4744b5aeaefb,e9ad2354-33fe-4c65-8477-2a001f6fa509,4b184581-2d62-4ea0-83ce-820104415dd8,2025-02-03,8da5249a-c2b8-48c3-b61c-12ecf6d898d8,,1,578875,0.00000000000000000000,578875.00000000000000000000,,Delivered,2026-06-18 23:55:42.102791+00
af7a2757-3783-4c23-9f8c-d0e3303c3bdf,b9786cb2-0590-4767-ae7b-87f2f870e78d,d1248e47-59e0-40e2-b207-d392bf14635c,2024-06-03,8da5249a-c2b8-48c3-b61c-12ecf6d898d8,,1,570900,0.00000000000000000000,570900.00000000000000000000,,Delivered,2026-06-18 23:55:42.102791+00
686c612d-0a57-4930-a6e5-2240ee838f2d,73ee062e-0505-483a-b17d-2af9a17aae19,7094b9b3-f114-47cf-b3d0-9c1898f3f093,2025-10-26,ee050b45-8c17-4d06-ba05-a7f64ed04dab,,1,562500,0.00000000000000000000,562500.00000000000000000000,,Delivered,2026-06-18 23:55:42.102791+00
314d9296-823d-4da6-a643-6050959b985e,56f4ca7b-ae88-420a-a684-98dd955c23f1,038309e9-86a2-452c-a10b-d4ea83176bcb,2024-07-31,71be3019-2872-4e46-9e8f-941663554ca2,,1,558810,0.00000000000000000000,558810.00000000000000000000,,Delivered,2026-06-18 23:55:42.102791+00
8e982d38-d430-4575-9025-65ae8719791d,8fb5d283-6d32-41cc-ab0e-af24f5458c86,d5f964d2-902d-4cf0-b729-5fe8ea6123b8,2025-01-29,4981436e-024e-4995-a548-d32aefa7e1e8,,1,552000,0.00000000000000000000,552000.00000000000000000000,,Delivered,2026-06-18 23:55:42.102791+00
fdcb7236-22cb-4684-94a8-33586c41a920,8f7aadff-8d03-4c96-8992-805aaac2c63b,65906440-b9b1-41c5-9b76-c293257ade08,2025-12-05,13434759-d4fc-4dc9-ad3b-480ab7211da2,,1,675249,0.00000000000000000000,675249.00000000000000000000,,Delivered,2026-06-18 23:55:42.102791+00
bda42287-bae7-4be7-b3b5-1464be8c0111,6331bcd8-f76d-4ec3-a86f-a5d42c91798f,835828d5-6805-4125-b7c9-532cff316163,2026-01-16,13434759-d4fc-4dc9-ad3b-480ab7211da2,,1,652750,0.00000000000000000000,652750.00000000000000000000,,Delivered,2026-06-18 23:55:42.102791+00
a04e0fa3-aecb-44ac-b56a-874750a3c355,1c9f7875-7ec5-4b5a-a30f-3c11ce41db15,ae1d526f-d112-4d87-83cd-854452646378,2025-11-04,96b16a85-109f-4221-acc1-70fa87bccddc,,1,621200,0.00000000000000000000,621200.00000000000000000000,,Delivered,2026-06-18 23:55:42.102791+00
252e897a-fba6-45fd-9f6d-f6926f521316,0694a00c-531e-4227-93ba-286bbe56ec91,145db85b-a413-4b64-a4f0-18b64253fb1c,2025-11-27,242b18b0-2b6e-4ef6-b311-fa29444b997b,,1,609700,0.00000000000000000000,609700.00000000000000000000,,Delivered,2026-06-18 23:55:42.102791+00
c20473e0-dad0-4df2-84ba-d55f2e3196df,92f5a4aa-fc10-413a-8ae8-fbf3b211d0cc,dfe2e7a1-6bef-4ccf-8de6-e0878fe70eae,2025-11-21,ee050b45-8c17-4d06-ba05-a7f64ed04dab,,1,595000,0.00000000000000000000,595000.00000000000000000000,,Delivered,2026-06-18 23:55:42.102791+00
6df9bfe4-3a25-47ce-803c-2abadaf5efef,4092faf6-6471-4d2e-beff-b90117047cd3,cd02bb2d-eccc-403b-ac93-a95480e5376b,2025-06-26,71be3019-2872-4e46-9e8f-941663554ca2,,1,569500,0.00000000000000000000,569500.00000000000000000000,,Delivered,2026-06-18 23:55:42.102791+00
5276d968-2a2c-4386-a79e-313772774fdf,b8071c2a-3d01-4fc6-927e-bc65d8704648,f2c33ea9-2a31-43f7-9fe1-9d5f774185d6,2024-10-23,e0127f48-7045-4fdc-b308-c030eb515cc1,,1,562500,0.00000000000000000000,562500.00000000000000000000,,Delivered,2026-06-18 23:55:42.102791+00
7703e645-5fac-4fd8-ae3e-345e7fc5135e,d2fe2469-3243-45ce-8f4f-37043eba3125,e55239ba-fab3-4b8c-9c43-29719b439411,2025-01-17,f8f33b1f-87de-473a-b1b4-85908a4b3fbb,,1,556250,0.00000000000000000000,556250.00000000000000000000,,Delivered,2026-06-18 23:55:42.102791+00
45df2198-8b67-473d-b755-07401e1c1863,4f18d3c2-d569-4bce-bcb5-64d9c0c8e822,d48a5b5f-a325-434c-8ed2-5d14d481d7d4,2025-10-22,b40a002d-568f-4cae-beb7-9546cfedd363,,1,686250,0.00000000000000000000,686250.00000000000000000000,,Delivered,2026-06-18 23:55:42.102791+00
f8056cea-edc0-4a4c-8139-7a8884a38239,73134fec-0b56-45d7-a7be-1927eb7c4ef1,ee3b5ddd-8571-4380-b3e7-e29c8de2b1b8,2024-06-23,8da5249a-c2b8-48c3-b61c-12ecf6d898d8,,1,615300,0.00000000000000000000,615300.00000000000000000000,,Delivered,2026-06-18 23:55:42.102791+00
ed6699f7-e87e-4d01-9870-9d3f8ed14fe2,d719c528-8365-40b9-9b9c-bf56c0bb8709,0af5539f-c1f3-4d13-93dc-a89eeb04dc69,2024-12-12,a196000a-c83c-402d-8024-2a2c4dda447c,,1,605009,0.00000000000000000000,605009.00000000000000000000,,Delivered,2026-06-18 23:55:42.102791+00
ecb7b550-8bb9-4b93-ac82-5db0a415b28d,b5f3aa05-9714-4001-af3b-e133f0e6cbf2,648b9ca9-cb80-4dbc-8d30-b68246029351,2025-11-18,a196000a-c83c-402d-8024-2a2c4dda447c,,1,587499,0.00000000000000000000,587499.00000000000000000000,,Delivered,2026-06-18 23:55:42.102791+00
f3af7106-adf8-4166-9662-832367a0e2d7,3b16db81-ca02-431c-a730-ed5ccfcf7fdb,ec380ab0-ef93-4998-ad08-d468d0a51de0,2025-01-05,8da5249a-c2b8-48c3-b61c-12ecf6d898d8,,1,571875,0.00000000000000000000,571875.00000000000000000000,,Delivered,2026-06-18 23:55:42.102791+00
5c0cb551-dcba-40d7-8db5-0e0e3f31740b,a94f2cb7-0198-4a40-96f3-1b9f7c561e99,3f07f748-fd3e-4c46-b023-c48b5df6e2ed,2025-11-05,71be3019-2872-4e46-9e8f-941663554ca2,,1,565545,0.00000000000000000000,565545.00000000000000000000,,Delivered,2026-06-18 23:55:42.102791+00
9544a2c9-e329-4e05-8452-c325a16885db,ed488405-84d2-43c9-9247-9b3b7616a07c,ebaa3413-60a3-431e-8036-8b48cca7836e,2024-07-18,ccb49d47-ef18-415e-84ff-5119d836592b,,1,598200,0.00000000000000000000,598200.00000000000000000000,,Delivered,2026-06-18 23:55:42.102791+00
8c188c8e-5229-4a78-8914-f5c0397adb83,904d8b75-fd5f-4863-8421-575fe4e8c40c,3e268e59-83da-433b-89a2-62be96ca7dbf,2026-03-17,2df9cb4d-3931-42d6-b71e-03529a9850cb,10d5d88b-c74f-4e99-8435-ee1690d6c047,10,895,0.00000000000000000000,895.00000000000000000000,Cash Payment,Pending,2026-06-18 23:55:42.102791+00
99ed6ca3-5652-4aaf-9eef-79e7ad065537,2b7d4551-ddcf-4c65-96c6-5de51a1c7826,375260f1-619c-41d1-9cf6-5ce5a6c0e5d1,2026-03-17,9c8577e0-bac5-40ed-ab97-d69d5aadb619,8dedb270-a04f-4214-b29c-c4bc4f2f78c7,2000,230000,0.00000000000000000000,230000.00000000000000000000,7 Days,Pending,2026-06-18 23:55:42.102791+00
5839aa30-5e1b-4a53-8bdc-5b65ee2e4a54,2b7d4551-ddcf-4c65-96c6-5de51a1c7826,6847c4ac-5d3b-4d9c-9fe0-a7808d3f64d7,2026-03-17,9c8577e0-bac5-40ed-ab97-d69d5aadb619,56dcae71-e69c-47ed-a032-d97b1b6a4131,5000,637800,0.00000000000000000000,637800.00000000000000000000,7 Days,Pending,2026-06-18 23:55:42.102791+00
ac7d9660-5161-47ad-873e-2be8b36e4ae3,b3286653-b449-4c5e-9e0c-1962c37ce381,905852da-fbc6-4e65-bf87-334be31a6d4f,2026-04-01,3907239e-a3a6-4372-a3f2-e3025acb2412,1dcaa77f-a4d8-43c0-9bf0-cdfc60081e79,3750,387500,0.00000000000000000000,387500.00000000000000000000,15 Days,Pending,2026-06-18 23:55:42.102791+00
9ef0d069-8df6-4b47-9590-2603cda0fb33,b3286653-b449-4c5e-9e0c-1962c37ce381,2a801a9b-346d-4d9c-b72d-b81255887f02,2026-04-01,3907239e-a3a6-4372-a3f2-e3025acb2412,10d5d88b-c74f-4e99-8435-ee1690d6c047,1200,107400,0.00000000000000000000,107400.00000000000000000000,15 Days,Pending,2026-06-18 23:55:42.102791+00
3643ba64-3445-4c37-8fa8-0c26c56008fc,b3286653-b449-4c5e-9e0c-1962c37ce381,e2318f84-8c9a-4c45-9d46-e34dc327d652,2026-04-01,3907239e-a3a6-4372-a3f2-e3025acb2412,791dab05-effd-43cd-842b-2eca9a776288,2000,252500,0.00000000000000000000,252500.00000000000000000000,15 Days,Pending,2026-06-18 23:55:42.102791+00
16658319-2bbb-4a8d-9a9a-b00d0aaab14b,b3286653-b449-4c5e-9e0c-1962c37ce381,1344f328-40bd-4a36-ba2d-9208e0e392dc,2026-04-01,3907239e-a3a6-4372-a3f2-e3025acb2412,56dcae71-e69c-47ed-a032-d97b1b6a4131,500,61250,0.00000000000000000000,61250.00000000000000000000,15 Days,Pending,2026-06-18 23:55:42.102791+00
394b25b1-b01c-478f-9a11-8509a599eda9,99fd0976-446a-46f1-b3b8-c92e00edbc35,f724cd22-7487-4f85-b578-9478a19aefa1,2026-04-03,71be3019-2872-4e46-9e8f-941663554ca2,791dab05-effd-43cd-842b-2eca9a776288,2000,252500,0.00000000000000000000,252500.00000000000000000000,15 Days,Pending,2026-06-18 23:55:42.102791+00
2c045943-744e-4787-9f40-e22fa8b1e040,87719397-d4eb-47e4-a610-d894e84bc524,a0816e39-d93c-4c7a-9e8d-9779aabea01f,2026-04-07,71be3019-2872-4e46-9e8f-941663554ca2,10d5d88b-c74f-4e99-8435-ee1690d6c047,1000,89500,0.00000000000000000000,89500.00000000000000000000,15 Days,Pending,2026-06-18 23:55:42.102791+00
f39811c7-fe51-44c5-af06-467a77e47bbf,87719397-d4eb-47e4-a610-d894e84bc524,24c0307d-ebe4-4061-befd-e37a29a31f7f,2026-04-07,71be3019-2872-4e46-9e8f-941663554ca2,10d5d88b-c74f-4e99-8435-ee1690d6c047,2200,196900,0.00000000000000000000,196900.00000000000000000000,15 Days,Pending,2026-06-18 23:55:42.102791+00
257f4f40-8be1-4496-ac33-e2da296e217f,974d2c0a-1fa1-4182-9d7f-4a75b7990081,5c8605b5-9c3a-435d-8b6e-3fd52d6d18f1,2026-04-09,fdf56cc8-2c66-486d-ae8f-8f48c5a28b0c,10d5d88b-c74f-4e99-8435-ee1690d6c047,40,3560,0.00000000000000000000,3560.00000000000000000000,Cash Payment,Delivered,2026-06-18 23:55:42.102791+00
08ccd8e2-8c98-4861-b82e-3f747234b51d,003efe89-9160-4520-8a35-b7490943cf5b,9caf3327-3669-4309-856e-a81a96ec9a6f,2026-04-10,2df9cb4d-3931-42d6-b71e-03529a9850cb,791dab05-effd-43cd-842b-2eca9a776288,80,10000,0.00000000000000000000,10000.00000000000000000000,Cash Payment,Pending,2026-06-18 23:55:42.102791+00
03df0de5-8699-4e7b-8f2b-24453790addb,8b228d66-3d1e-4638-9df9-79e639196e16,9a86942f-13b1-4722-8ec9-1db0ffe38bf0,2026-04-15,71be3019-2872-4e46-9e8f-941663554ca2,e7c36973-a89b-4a54-bb0c-a5164bcfb8d1,465,45570,0.00000000000000000000,45570.00000000000000000000,15 Days,Pending,2026-06-18 23:55:42.102791+00
8e383ab8-a02a-46b7-beaa-d6cb0d2f578f,8b228d66-3d1e-4638-9df9-79e639196e16,21792154-df6c-4a96-acd0-44424e36440d,2026-04-15,71be3019-2872-4e46-9e8f-941663554ca2,8dedb270-a04f-4214-b29c-c4bc4f2f78c7,9065,918586.0499999999,0.00000000000000000000,918586.04999999990000000000,15 Days,Pending,2026-06-18 23:55:42.102791+00
e1c10d1a-0b38-4699-ac8e-535a4e092f2f,8b228d66-3d1e-4638-9df9-79e639196e16,d7e81902-cb33-4e19-8af3-9e89b09dc64a,2026-04-15,71be3019-2872-4e46-9e8f-941663554ca2,791dab05-effd-43cd-842b-2eca9a776288,2400,282000,0.00000000000000000000,282000.00000000000000000000,15 Days,Pending,2026-06-18 23:55:42.102791+00
401bbbf4-4627-4cba-92b8-5183dcd68a5b,3b576f53-b944-46a2-a04d-64816b88fafd,d9fa5996-6cd7-4147-81d5-652148ab38c3,2026-04-26,71be3019-2872-4e46-9e8f-941663554ca2,1dcaa77f-a4d8-43c0-9bf0-cdfc60081e79,2250,217500,0.00000000000000000000,217500.00000000000000000000,15 Days,Pending,2026-06-18 23:55:42.102791+00
5da1f6da-6f32-4e1a-bea3-2221700fdf0c,3b576f53-b944-46a2-a04d-64816b88fafd,c336c205-d250-49e1-bacf-1be6c50f2588,2026-04-26,71be3019-2872-4e46-9e8f-941663554ca2,8dedb270-a04f-4214-b29c-c4bc4f2f78c7,1764,180828,0.00000000000000000000,180828.00000000000000000000,15 Days,Pending,2026-06-18 23:55:42.102791+00
b9586aa9-a482-4162-a832-4fd08ef393b3,3b576f53-b944-46a2-a04d-64816b88fafd,14874bb1-67ba-4efc-9c41-d92dabc74063,2026-04-26,71be3019-2872-4e46-9e8f-941663554ca2,1dcaa77f-a4d8-43c0-9bf0-cdfc60081e79,395,38185,0.00000000000000000000,38185.00000000000000000000,15 Days,Pending,2026-06-18 23:55:42.102791+00
e23b2f03-1efd-49fc-a421-d83e2664cb1c,3b576f53-b944-46a2-a04d-64816b88fafd,5e75d84b-dbe8-4542-9b66-a96221a2bb95,2026-04-26,71be3019-2872-4e46-9e8f-941663554ca2,56dcae71-e69c-47ed-a032-d97b1b6a4131,1000,116260,0.00000000000000000000,116260.00000000000000000000,15 Days,Pending,2026-06-18 23:55:42.102791+00
b4d59de4-a287-4b6b-ad6b-f46f04321708,89489946-d73a-4644-a56e-6e4647e82345,234a9708-11fb-4b55-b31d-0546187ae0f2,2026-05-01,3a3d1c29-0d68-4f42-a244-9fafaef50e48,1dcaa77f-a4d8-43c0-9bf0-cdfc60081e79,1500,145000,0.00000000000000000000,145000.00000000000000000000,15 Days,Pending,2026-06-18 23:55:42.102791+00
ff71698c-fcc8-4e9e-a948-fa9d1129eab4,2bb5252a-5b5f-44a0-8662-b86e946c73dd,273d0b2d-c77f-48cd-9604-34ffaf6dfe75,2026-05-01,2df9cb4d-3931-42d6-b71e-03529a9850cb,1dcaa77f-a4d8-43c0-9bf0-cdfc60081e79,15,1450,0.00000000000000000000,1450.00000000000000000000,Cash Payment,Pending,2026-06-18 23:55:42.102791+00
8c3d6974-66a5-4681-8cbc-88fd731f0005,f48c9e1e-1483-479e-b045-fc1ed9445c97,14100784-26cd-47dc-9e65-d777d28b2f52,2026-05-05,fdf56cc8-2c66-486d-ae8f-8f48c5a28b0c,1dcaa77f-a4d8-43c0-9bf0-cdfc60081e79,15,1500,0.00000000000000000000,1500.00000000000000000000,Cash Payment,Delivered,2026-06-18 23:55:42.102791+00
6602b991-ab77-4130-b7ba-4dc39b036e17,21dd9813-504d-4c6a-9e7e-983153d8a02d,e78d2647-4ed0-4c39-8e30-446d79b72a51,2026-01-12,71be3019-2872-4e46-9e8f-941663554ca2,,1,675250,0.00000000000000000000,675250.00000000000000000000,,Delivered,2026-06-18 23:55:42.102791+00
8815a38f-4a7a-44b3-bd9a-082581f52983,9635241f-1ef2-485b-b20d-a94e8448461e,0bea3103-67ff-4bc1-b64b-0d63d69c525a,2024-10-20,71be3019-2872-4e46-9e8f-941663554ca2,,1,649993,0.00000000000000000000,649993.00000000000000000000,,Delivered,2026-06-18 23:55:42.102791+00
f7a8c178-9239-4bea-833f-7b1a532463ae,387f38c2-6cb9-4921-a508-b6e712aa598d,908c895c-a389-4ea7-9069-d4340944a382,2024-07-17,71be3019-2872-4e46-9e8f-941663554ca2,,1,619700,0.00000000000000000000,619700.00000000000000000000,,Delivered,2026-06-18 23:55:42.102791+00
fdfeb506-1a6c-428d-9f99-98a13da94162,a6139459-c23c-4a95-8f27-9905a2ba2a63,433bd001-e90b-4236-86c8-e2f4d2d8ae70,2025-02-20,beb13cfd-593a-4390-b602-93a464c0d4d5,,1,607500,0.00000000000000000000,607500.00000000000000000000,,Delivered,2026-06-18 23:55:42.102791+00
60f7c4b5-6eb8-4128-9cfa-bc9352f81292,a9e090b0-c160-4aac-9579-59db1bf0c4ea,a1fb772c-c046-44de-aa99-2fe6b95432c3,2025-05-06,56037025-414a-4a5f-8b0f-a21864528f78,,1,596250,0.00000000000000000000,596250.00000000000000000000,,Delivered,2026-06-18 23:55:42.102791+00
9e72ff70-db5c-469d-835d-b7608cffd5b1,2bd3db2f-a446-4bc9-a0df-5a052f3c36c0,185e4b6e-152d-4d57-aef4-b490986f2ff3,2025-07-03,71be3019-2872-4e46-9e8f-941663554ca2,,1,577000,0.00000000000000000000,577000.00000000000000000000,,Delivered,2026-06-18 23:55:42.102791+00
b6f584e8-fd78-4460-9e17-d2998ce039c5,8181d3e3-8d99-464c-b45a-24b3fb245abd,1b330a3e-1f69-464f-82f6-300d0d9deb86,2024-08-21,71be3019-2872-4e46-9e8f-941663554ca2,,1,570000,0.00000000000000000000,570000.00000000000000000000,,Delivered,2026-06-18 23:55:42.102791+00
64f6e85e-e448-4439-a5b2-800c47dcec68,fd61ebd5-5843-4968-ba1c-a0d1ce48e23c,d388788f-eccc-4259-8d78-9acdbca206cf,2024-10-27,71be3019-2872-4e46-9e8f-941663554ca2,,1,562500,0.00000000000000000000,562500.00000000000000000000,,Delivered,2026-06-18 23:55:42.102791+00
5489fe41-f255-4b14-980e-ee9daa782267,cd3525a5-068b-4554-b949-7aa0eaab1e93,3bd59400-81c6-475a-95a4-e059740132d2,2024-10-14,8da5249a-c2b8-48c3-b61c-12ecf6d898d8,,1,557000,0.00000000000000000000,557000.00000000000000000000,,Delivered,2026-06-18 23:55:42.102791+00
16e3de32-b39f-4108-9473-2eb169ed4994,5f4f8f1a-1fde-40a6-9cef-55c89a5c07c6,a6244e11-178a-4fd1-9f06-4c964feac470,2024-11-25,71be3019-2872-4e46-9e8f-941663554ca2,,1,698200,0.00000000000000000000,698200.00000000000000000000,,Delivered,2026-06-18 23:55:42.102791+00
0b7149c2-e6fb-4030-bfc1-b836d287fda6,fd8a300f-2ebd-4024-94d2-d2b8fe7b72ba,b0ce1cfe-940e-4fda-8e87-a237ec1c28b5,2025-05-02,6e294634-9504-4be4-960e-df2f3ae4b416,,1,675000,0.00000000000000000000,675000.00000000000000000000,,Delivered,2026-06-18 23:55:42.102791+00
c4cf6610-cd73-43de-860d-2521f190519a,b2e3b49b-c64d-43cd-8a0f-ff802c11c162,6712920a-f2eb-4957-8823-edcc49db4c79,2025-01-20,71be3019-2872-4e46-9e8f-941663554ca2,,1,648500,0.00000000000000000000,648500.00000000000000000000,,Delivered,2026-06-18 23:55:42.102791+00
4241a6cd-5ce0-4f72-a546-bc7c54762aeb,767b267e-f3fd-4f09-94a0-0c6677f8f08a,89bcc07c-11ba-4d88-a655-1bf76daf5f91,2025-07-30,71be3019-2872-4e46-9e8f-941663554ca2,,1,617350,0.00000000000000000000,617350.00000000000000000000,,Delivered,2026-06-18 23:55:42.102791+00
96f3ef4e-9b9b-42fd-902a-2bbd55234b0f,0ca2c0f8-8f08-461b-af2e-3919bcdef529,0f86f89b-71ad-4443-9f11-6be587ba0011,2025-01-31,a196000a-c83c-402d-8024-2a2c4dda447c,,1,605100,0.00000000000000000000,605100.00000000000000000000,,Delivered,2026-06-18 23:55:42.102791+00
f6751367-c23b-4741-b264-ba7306c0d027,3a1d6e52-34d8-4102-af2c-38b729fd96d5,c178fb48-23e8-4224-932e-2abb048bd55b,2024-07-29,ee050b45-8c17-4d06-ba05-a7f64ed04dab,,1,586234,0.00000000000000000000,586234.00000000000000000000,,Delivered,2026-06-18 23:55:42.102791+00
8a3258d6-b7de-4af2-a614-0fc6a800e567,012c0b01-d059-47af-b865-9890f0803cc2,f2f752c6-1406-4cb4-8493-980280e93bd4,2024-07-04,71be3019-2872-4e46-9e8f-941663554ca2,,1,575250,0.00000000000000000000,575250.00000000000000000000,,Delivered,2026-06-18 23:55:42.102791+00
10a17a14-e4fb-4a2a-9c0c-eb25ae05488e,4b2190ac-9e02-4296-82a7-119727c9dcfb,40e975c6-996d-4585-83c9-8e2df4b6d396,2025-05-05,6e294634-9504-4be4-960e-df2f3ae4b416,,1,567500,0.00000000000000000000,567500.00000000000000000000,,Delivered,2026-06-18 23:55:42.102791+00
c3d4d1ce-1af6-4493-8c52-f93fcb206a41,b949a3c0-fe88-46fc-a60b-4fa0d867e8e8,34f37d7a-02ff-49d3-8b36-d543792bc75e,2025-11-18,e96db2f5-75f3-4573-9c7d-2862020fc1be,,1,561000,0.00000000000000000000,561000.00000000000000000000,,Delivered,2026-06-18 23:55:42.102791+00
6df935ec-1c4a-49fb-a9c9-2c2ff1b7aa27,4b3e59c3-8af7-455c-aef4-52a457f65c2f,07882cdb-6071-4d62-8f6f-f2cbd844ae10,2025-05-23,f8f33b1f-87de-473a-b1b4-85908a4b3fbb,,1,555000,0.00000000000000000000,555000.00000000000000000000,,Delivered,2026-06-18 23:55:42.102791+00
51ede945-62e0-4a51-b990-a985f5631ef5,7faec2ea-9470-4fc6-902e-00e5df8a81ca,ef2f746d-c1d2-4d20-86d4-f29569c1eb38,2025-08-24,71be3019-2872-4e46-9e8f-941663554ca2,,1,681800,0.00000000000000000000,681800.00000000000000000000,,Delivered,2026-06-18 23:55:42.102791+00
591d1589-0b48-4152-98bc-06208ff4ea16,578761dd-e84e-43bc-8ee6-b68a89ff1ca4,4b8acdfb-60c4-4d62-999b-9229da42439d,2026-02-16,13434759-d4fc-4dc9-ad3b-480ab7211da2,,1,624679,0.00000000000000000000,624679.00000000000000000000,,Delivered,2026-06-18 23:55:42.102791+00
fdd94ca4-5f13-4926-bdd9-893d5f8f97cd,70dcee9f-42fd-4305-8ec8-75adcdc3211c,f26f05a6-80cb-49f4-9a16-588a26a5b415,2024-11-10,a196000a-c83c-402d-8024-2a2c4dda447c,,1,614999,0.00000000000000000000,614999.00000000000000000000,,Delivered,2026-06-18 23:55:42.102791+00
4371992c-9fe2-470b-ba73-a64c77ff0720,0552a355-5451-4f32-b39d-9e308a5878c2,3669f12a-8651-4b0a-b979-f61557f71a4e,2025-08-27,e99e6ca5-a4bb-4343-a635-49f04389ca2a,,1,603299,0.00000000000000000000,603299.00000000000000000000,,Delivered,2026-06-18 23:55:42.102791+00
4dcc332e-641c-4e39-85bc-b103bbdd9175,0754d631-9269-4a58-bf01-18e5e86a65e8,5f2146d9-337c-4717-907d-1c2f06226442,2025-06-26,ef173824-236e-4589-af6a-5bd7edb0e89f,,1,580000,0.00000000000000000000,580000.00000000000000000000,,Delivered,2026-06-18 23:55:42.102791+00
2910a484-acc7-4185-9bad-86e1d790f3d3,3e4a60fb-953e-4f91-aa3a-7fb3e845ebe2,e9e2247c-e1f0-42c3-9a38-7f7d50e5a5bb,2024-12-27,d3bd615d-d50e-4da2-853b-1f8f3eea6550,,1,570000,0.00000000000000000000,570000.00000000000000000000,,Delivered,2026-06-18 23:55:42.102791+00
be753e2d-09da-4999-abc3-492685850cc1,c25a9001-3623-47af-8235-c35f298d2427,30079755-d8c3-405c-830f-0c0679150293,2025-01-27,d3bd615d-d50e-4da2-853b-1f8f3eea6550,,1,562800,0.00000000000000000000,562800.00000000000000000000,,Delivered,2026-06-18 23:55:42.102791+00
256220e2-cfdc-48d0-b168-151797615a1d,f2d20a5a-f803-4306-a691-7141266589e3,bd397f61-fc93-4575-8068-135a8c497f0b,2024-11-11,96f8c31d-8874-4382-947a-a6236f251b81,,1,605000,0.00000000000000000000,605000.00000000000000000000,,Delivered,2026-06-18 23:55:42.102791+00
1c4f7992-3dc9-47e3-98ce-c887bba3568b,6f1d65b7-8172-4aaf-b159-2dcf343ac23f,129e7eef-7962-45e7-8169-c94631361871,2026-03-17,7048623d-7a72-46d8-957d-95ee5ed6799c,10d5d88b-c74f-4e99-8435-ee1690d6c047,20,1790,0.00000000000000000000,1790.00000000000000000000,7 Days,Pending,2026-06-18 23:55:42.102791+00
efdda163-b634-4e40-bf43-3ddaebcde4d4,74d433eb-82a1-40df-a66e-3067b414222a,a9d8f7c4-7003-4ae1-a9a7-8d704e4f0664,2026-03-31,f83e8351-57ae-4284-99c8-3d0905e11e48,1dcaa77f-a4d8-43c0-9bf0-cdfc60081e79,2250,232500,0.00000000000000000000,232500.00000000000000000000,15 Days,Pending,2026-06-18 23:55:42.102791+00
129e5877-5a1f-4f81-ac0f-d26cc5004e1b,74d433eb-82a1-40df-a66e-3067b414222a,9928edfd-4759-4a7d-be1b-8ae6bd368dab,2026-03-31,f83e8351-57ae-4284-99c8-3d0905e11e48,10d5d88b-c74f-4e99-8435-ee1690d6c047,1500,134250,0.00000000000000000000,134250.00000000000000000000,15 Days,Pending,2026-06-18 23:55:42.102791+00
0b15de4e-cbf0-440a-9377-76d8a0430ec8,e737aff7-4e77-4b48-977f-7d68d8500737,66e96eeb-4f96-42dd-b82f-c50d79700af5,2026-04-03,c6e017b2-c27d-4969-95de-8284a705a232,e7c36973-a89b-4a54-bb0c-a5164bcfb8d1,2250,232500,0.00000000000000000000,232500.00000000000000000000,Cash Payment,Pending,2026-06-18 23:55:42.102791+00
01fbb652-1ab3-43a5-8c23-9e82bcc3ac00,c027f01e-1b69-4b67-8e5a-12d5315ccb44,68dd2de7-9a0f-4364-96bf-1e9acd41591d,2026-04-05,71be3019-2872-4e46-9e8f-941663554ca2,e7c36973-a89b-4a54-bb0c-a5164bcfb8d1,2250,232500,0.00000000000000000000,232500.00000000000000000000,15 Days,Pending,2026-06-18 23:55:42.102791+00
fa85ef36-ed61-4a23-b8e7-991216ca5a78,c027f01e-1b69-4b67-8e5a-12d5315ccb44,1054dedc-df37-4839-be60-063641b96546,2026-04-05,71be3019-2872-4e46-9e8f-941663554ca2,791dab05-effd-43cd-842b-2eca9a776288,560,70000,0.00000000000000000000,70000.00000000000000000000,15 Days,Pending,2026-06-18 23:55:42.102791+00
884bf040-d9e4-4ba8-ad6f-e6e765217296,5e53e765-f59a-4a5c-b81d-2ea55a26f891,d43f62f7-08f4-42cb-852a-73ec2e14bcab,2026-04-06,ba202cd1-1a40-4147-b679-0ece50f6be0a,56dcae71-e69c-47ed-a032-d97b1b6a4131,5000,610000,0.00000000000000000000,610000.00000000000000000000,15 Days,Pending,2026-06-18 23:55:42.102791+00
0c1934ea-0aef-4c75-8343-a82f62669895,c18239cf-c062-4ff5-97d7-18110e0c7205,46ca930f-f0fc-4706-95a8-f3491f726f6d,2026-04-10,99654bf2-99d2-4963-a48f-35d1eacc4352,07723aa8-9f8f-41ca-b623-c486bb145c1f,17000,1175000,0.00000000000000000000,1175000.00000000000000000000,Cash Payment,Pending,2026-06-18 23:55:42.102791+00
1b179ce4-1bb1-466f-a87d-c675002a8449,94a7c1f1-f8c2-4b3a-a499-d3085892bb80,88529162-0bce-4163-b5cc-ac6e701dca41,2026-04-13,99654bf2-99d2-4963-a48f-35d1eacc4352,07723aa8-9f8f-41ca-b623-c486bb145c1f,17000,1150000,0.00000000000000000000,1150000.00000000000000000000,Cash Payment,Pending,2026-06-18 23:55:42.102791+00
590d1d7d-dd0b-424f-8db4-61f59ae2c557,3a266c34-9bfb-4f0f-9018-dfc789deb857,0c075b4a-ddae-40c0-b823-d6a9bd148a63,2026-04-20,add3d1ff-35de-4335-a95b-9db45afafaaa,1dcaa77f-a4d8-43c0-9bf0-cdfc60081e79,2250,216000,0.00000000000000000000,216000.00000000000000000000,Cash Payment,Delivered,2026-06-18 23:55:42.102791+00
3c169104-ae2d-4493-a479-68de966da869,3a266c34-9bfb-4f0f-9018-dfc789deb857,dc22b3a4-2d12-49ff-9933-2f2f220c30bd,2026-04-20,add3d1ff-35de-4335-a95b-9db45afafaaa,791dab05-effd-43cd-842b-2eca9a776288,2000,237500,0.00000000000000000000,237500.00000000000000000000,Cash Payment,Delivered,2026-06-18 23:55:42.102791+00
2fe25fbe-1efb-4e36-9138-c8c5e8049949,e4518bd1-cc7a-475d-9b6d-659c6feefc58,2cec1c5d-aa88-4a87-a32b-03232c27bc8f,2026-04-29,71be3019-2872-4e46-9e8f-941663554ca2,1dcaa77f-a4d8-43c0-9bf0-cdfc60081e79,1500,145000,0.00000000000000000000,145000.00000000000000000000,15 Days,Pending,2026-06-18 23:55:42.102791+00
e890a4e7-b198-4d6e-adb5-869b05ae62e3,e4518bd1-cc7a-475d-9b6d-659c6feefc58,dff23123-28ae-472c-ba56-10f2dab2331d,2026-04-29,71be3019-2872-4e46-9e8f-941663554ca2,8dedb270-a04f-4214-b29c-c4bc4f2f78c7,3495,366975,0.00000000000000000000,366975.00000000000000000000,15 Days,Pending,2026-06-18 23:55:42.102791+00
baba6440-d644-4e6b-a54d-c824d1ab091e,e4518bd1-cc7a-475d-9b6d-659c6feefc58,263e3493-9ef8-488e-a724-00a1e35044f8,2026-04-29,71be3019-2872-4e46-9e8f-941663554ca2,56dcae71-e69c-47ed-a032-d97b1b6a4131,500,57500,0.00000000000000000000,57500.00000000000000000000,15 Days,Pending,2026-06-18 23:55:42.102791+00
c43e9df3-ec7c-4b2a-b9ed-d16d91042037,5f701c4b-5e3d-442e-934a-69e5ac8e7ed8,b31ead22-9e66-41ab-b927-cfcd6a533d60,2026-05-04,fdf56cc8-2c66-486d-ae8f-8f48c5a28b0c,1dcaa77f-a4d8-43c0-9bf0-cdfc60081e79,15,1500,0.00000000000000000000,1500.00000000000000000000,Cash Payment,Delivered,2026-06-18 23:55:42.102791+00
1eab1621-a660-4a2e-979a-8ca8134eb343,5f701c4b-5e3d-442e-934a-69e5ac8e7ed8,a10ec3b1-01d8-4e4e-8761-a74b79652cb1,2026-05-04,fdf56cc8-2c66-486d-ae8f-8f48c5a28b0c,1dcaa77f-a4d8-43c0-9bf0-cdfc60081e79,20,2000,0.00000000000000000000,2000.00000000000000000000,Cash Payment,Delivered,2026-06-18 23:55:42.102791+00
aafebd3e-fb27-485f-b168-02799577295b,c33dd0cb-4d23-45bf-ba34-64bbe579dca2,a8a7b096-97bd-45a1-864e-082bdbc38d0e,2025-01-08,58cacb19-26f8-4710-82a0-ef5aaf515fcd,,1,672250,0.00000000000000000000,672250.00000000000000000000,,Delivered,2026-06-18 23:55:42.102791+00
eaada101-69df-4ba7-bb75-fe6c5e6a845d,14f6ab15-5028-4db3-9fae-e9135df01620,f3d646d6-3919-4b59-832f-f61faf1f6b75,2026-02-26,71be3019-2872-4e46-9e8f-941663554ca2,,1,640025,0.00000000000000000000,640025.00000000000000000000,,Delivered,2026-06-18 23:55:42.102791+00
d910b637-43ee-49d7-9522-6cc0baeb533b,6881db8e-736e-4e9c-b8c6-7da9530770b4,84702c14-3789-4469-9057-7b5a5b069c4e,2026-01-21,4b5902bf-67f1-4e06-8882-ca516c1842db,,1,618000,0.00000000000000000000,618000.00000000000000000000,,Delivered,2026-06-18 23:55:42.102791+00
90c434c1-b02c-45ff-9e20-0473ad64c1d5,e9cd3055-cccd-4bb7-b150-78829c9e21eb,f05f95ab-fd9e-4157-9c6e-d172995c400a,2024-06-02,8da5249a-c2b8-48c3-b61c-12ecf6d898d8,,1,606805,0.00000000000000000000,606805.00000000000000000000,,Delivered,2026-06-18 23:55:42.102791+00
ab716125-c4dc-46ce-bf35-0f6dc369d85f,d79413ab-67c7-4a84-bf06-5172348056d5,6fa40106-fcc8-4423-89d1-9e4050f93e51,2025-02-19,71be3019-2872-4e46-9e8f-941663554ca2,,1,590400,0.00000000000000000000,590400.00000000000000000000,,Delivered,2026-06-18 23:55:42.102791+00
89f8e6a7-6ac4-4315-8979-38e1378f17d2,12ce7857-e107-4515-8d12-8f4770aab973,45f92165-b695-4869-9fbf-e57e53307deb,2025-01-20,dd9e4314-694d-4353-8261-817b0794fbe3,,1,574000,0.00000000000000000000,574000.00000000000000000000,,Delivered,2026-06-18 23:55:42.102791+00
a2f7f347-90ca-412f-9c3a-80bc9122fd66,f0255522-a43d-4e86-9b4b-eb72e497c0af,6778b39e-ab11-4b15-bc69-0a6ff51da4c6,2024-06-04,8da5249a-c2b8-48c3-b61c-12ecf6d898d8,,1,567800,0.00000000000000000000,567800.00000000000000000000,,Delivered,2026-06-18 23:55:42.102791+00
2d1284ba-27ac-4b05-8a83-e7e3913c51f0,d01b0fb1-a779-4974-8c1d-22d7acdd4f97,09508396-0295-4556-8a82-dffef91296c3,2025-10-06,9c8577e0-bac5-40ed-ab97-d69d5aadb619,,1,562500,0.00000000000000000000,562500.00000000000000000000,,Delivered,2026-06-18 23:55:42.102791+00
ce7e3654-09a0-4004-9657-f395fcd8a583,b7ad2230-c330-447e-b31d-5e88778b3605,150d37b1-d007-45df-98b1-b0be3df37995,2024-09-19,8da5249a-c2b8-48c3-b61c-12ecf6d898d8,,1,555125,0.00000000000000000000,555125.00000000000000000000,,Delivered,2026-06-18 23:55:42.102791+00
ce57c5f5-3d1b-4c83-be17-56a84d851c7e,1d182698-4ff8-4ed1-9652-c2b41fa23cdc,ede8fe81-c9e2-48f5-bcd8-cefadc39b36d,2025-03-24,61512ab1-0ef3-4a1e-87f7-c1818d094209,,1,692000,0.00000000000000000000,692000.00000000000000000000,,Delivered,2026-06-18 23:55:42.102791+00
356b60d5-5b71-43bf-b8cd-55d72fae9271,f5e83c15-c9de-4e0c-bfa9-1a12c85a6e96,09e6e0b4-2d50-45d9-a590-3a46766568fe,2024-11-21,a196000a-c83c-402d-8024-2a2c4dda447c,,1,668999,0.00000000000000000000,668999.00000000000000000000,,Delivered,2026-06-18 23:55:42.102791+00
724b625e-c15c-4300-9ba3-23effabc4b0f,b462101e-a7ce-46ad-b406-93986802cd38,f43cb5aa-5b1d-4a3b-a967-7d45c78cebb4,2025-03-12,71be3019-2872-4e46-9e8f-941663554ca2,,1,631500,0.00000000000000000000,631500.00000000000000000000,,Delivered,2026-06-18 23:55:42.102791+00
7fffc168-a0bf-4772-b756-2c39c5260656,e55557e7-ffad-4b2d-8d8d-87d1e89840eb,916a8f2f-330c-40e9-8398-4402c22f3f63,2025-12-29,9c8577e0-bac5-40ed-ab97-d69d5aadb619,,1,615538,0.00000000000000000000,615538.00000000000000000000,,Delivered,2026-06-18 23:55:42.102791+00
aa252919-eec5-4793-b2fe-96300c25ca29,bb092bd7-0d37-4e23-a181-145948e0c478,509e50fe-7a9a-4632-bdfc-827545d8c966,2026-02-18,71be3019-2872-4e46-9e8f-941663554ca2,,1,603500,0.00000000000000000000,603500.00000000000000000000,,Delivered,2026-06-18 23:55:42.102791+00
2f2e2cf0-1756-4d23-a002-562f9314ebbe,a5567254-52d9-4a85-b7c3-120800ff720f,a8aff341-cc8a-4cdb-ba15-54ae96610ada,2026-01-15,13434759-d4fc-4dc9-ad3b-480ab7211da2,,1,652750,0.00000000000000000000,652750.00000000000000000000,,Delivered,2026-06-18 23:55:42.102791+00
e9e777b7-d1bb-4f11-ae75-bde73ef7a408,454d5296-9ab7-4bc3-aa24-e87af696a950,4eebe223-2464-4e9a-9781-5fe052a96865,2024-06-24,71be3019-2872-4e46-9e8f-941663554ca2,,1,624700,0.00000000000000000000,624700.00000000000000000000,,Delivered,2026-06-18 23:55:42.102791+00
6e51825a-caab-4ee9-9ee8-faaf1cb287dd,3f50fd66-6a6f-42a8-949e-d96f5f18e66c,7ab29af9-9ef6-4cad-a257-0d5777fd85aa,2024-07-19,8da5249a-c2b8-48c3-b61c-12ecf6d898d8,,1,609700,0.00000000000000000000,609700.00000000000000000000,,Delivered,2026-06-18 23:55:42.102791+00
b090ddf8-0e22-4f36-86ce-5444d8d18ea0,87a74476-5969-486d-85b1-9fdaa143fc1e,ed052c25-c06f-4fdf-9d45-4bdf16595ea8,2026-01-05,71be3019-2872-4e46-9e8f-941663554ca2,,1,600875,0.00000000000000000000,600875.00000000000000000000,,Delivered,2026-06-18 23:55:42.102791+00
824bbdc7-2f25-4b45-8f13-9498c88b3379,7d6a92be-6d39-4594-a460-2c5f734b1cf8,f9354c82-cef7-45d7-857a-887102390fc0,2025-06-27,71be3019-2872-4e46-9e8f-941663554ca2,,1,580450,0.00000000000000000000,580450.00000000000000000000,,Delivered,2026-06-18 23:55:42.102791+00
cdaf1010-d88c-49b6-9d37-204563b1e414,3184da3a-f55f-4e65-a5ba-760d64005fd1,68c9bc7d-5433-4edc-a634-490a5edf0b24,2024-11-07,8da5249a-c2b8-48c3-b61c-12ecf6d898d8,,1,570075,0.00000000000000000000,570075.00000000000000000000,,Delivered,2026-06-18 23:55:42.102791+00
f8930a8a-52af-4510-b1a0-dd183987c9df,3cb5cb03-27a5-4a57-bb26-aa0399809502,c13d4234-5d1b-4e54-a710-42d9a7673137,2025-12-16,e8eebbbf-0288-444d-8431-e3f30876c782,,1,563437,0.00000000000000000000,563437.00000000000000000000,,Delivered,2026-06-18 23:55:42.102791+00
af57eb32-2b19-4058-a02d-340c82a0d714,e15dd48d-3c38-4d01-9f8e-8d34a2803b40,f9679ba2-761d-46f1-a2ce-d3fa59adb5f4,2025-09-18,71be3019-2872-4e46-9e8f-941663554ca2,,1,558930,0.00000000000000000000,558930.00000000000000000000,,Delivered,2026-06-18 23:55:42.102791+00
8080d6cd-7471-406d-ab11-10671bcf0167,214e7d44-7f77-4211-9771-a594d5f5ec22,d87a6d23-af60-4c46-81a5-9ce0230a0ef4,2024-08-28,71be3019-2872-4e46-9e8f-941663554ca2,,1,552300,0.00000000000000000000,552300.00000000000000000000,,Delivered,2026-06-18 23:55:42.102791+00
ec8c0f3b-95b9-45e8-a724-a85994b9ab73,6656e279-9231-4815-98b7-4ef350222a92,e3333783-2193-41d9-be16-1edfc5069c02,2025-10-31,f3df996d-b48b-4239-8bf1-1e46b44fabd6,,1,678750,0.00000000000000000000,678750.00000000000000000000,,Delivered,2026-06-18 23:55:42.102791+00
4b0abfee-3958-471d-a490-1ea1cf2d5211,5b585f55-3c08-446c-8875-60761633e48f,0db709fc-1299-4e0a-b0ac-3b686e89f031,2026-02-22,9c8577e0-bac5-40ed-ab97-d69d5aadb619,,1,650000,0.00000000000000000000,650000.00000000000000000000,,Delivered,2026-06-18 23:55:42.102791+00
1c7d5abc-aba4-4593-b6d9-154c81b06135,7d0cdb30-a9bd-4cf7-8059-ccd09d991521,7dfc54a0-0c46-4406-a09f-631a9b2f6160,2025-01-15,d3bd615d-d50e-4da2-853b-1f8f3eea6550,,1,552000,0.00000000000000000000,552000.00000000000000000000,,Delivered,2026-06-18 23:55:42.102791+00
46c82887-49a9-4c54-8fbf-2bbbaa836e00,016cd36f-8ec0-4f41-84ec-3306c2d7059f,7ea91422-e60d-42a7-9730-11f0830d2db6,2025-10-22,f3df996d-b48b-4239-8bf1-1e46b44fabd6,,1,676487,0.00000000000000000000,676487.00000000000000000000,,Delivered,2026-06-18 23:55:42.102791+00
83470651-097e-46f7-94c1-702f2c89fbf6,b50d4377-3f6e-4277-8c3f-11b517cd5f71,61914233-143b-4073-82fa-d441ba9af6ca,2025-04-21,71be3019-2872-4e46-9e8f-941663554ca2,,1,649800,0.00000000000000000000,649800.00000000000000000000,,Delivered,2026-06-18 23:55:42.102791+00
35a0fab3-c022-49a6-8917-d14e9f978dc3,3449ab52-5285-4d79-b289-686a5036d472,913edf53-e973-43e3-8e50-33539d97a9df,2025-02-24,71be3019-2872-4e46-9e8f-941663554ca2,,1,624232,0.00000000000000000000,624232.00000000000000000000,,Delivered,2026-06-18 23:55:42.102791+00
3ae0fc82-63ad-4165-bc48-c19527630c99,9534a4a3-49fc-4a9f-9bd9-60b8837788bc,921162bc-ef19-4272-ac6d-5da5bea8050e,2026-03-17,3f57352d-df9b-4863-bdf6-4e7a6f5e5f20,56dcae71-e69c-47ed-a032-d97b1b6a4131,5,600,0.00000000000000000000,600.00000000000000000000,Immediate Payment,Delivered,2026-06-18 23:55:42.102791+00
d117fa46-205d-44ea-a120-7b2cd1cd210f,f4445e7e-3ff8-4b63-bbf8-8399be70990e,2b8e50b5-27a3-4f13-a047-23fed4f29a72,2026-04-03,46259c13-632d-449f-a96f-f1deab0e0046,791dab05-effd-43cd-842b-2eca9a776288,3200,400000,0.00000000000000000000,400000.00000000000000000000,Immediate Payment,Pending,2026-06-18 23:55:42.102791+00
d880db3e-2537-4c6a-804e-fbfc2a38fd05,d7d334d8-9a0c-4018-9d9a-28bcb9e124aa,daae4354-7391-4559-accd-16466870eef5,2026-04-08,7278af2d-7018-4d13-bb4d-1b35f4307714,56dcae71-e69c-47ed-a032-d97b1b6a4131,12800,1648000,0.00000000000000000000,1648000.00000000000000000000,2 Month,Pending,2026-06-18 23:55:42.102791+00
4aaa71a0-dae7-4199-9e49-5cde315eee8a,53af974b-9eb5-418a-b88b-84c0d45fd8b9,952458b7-ff92-4ec5-a6e0-93e1f393146e,2026-04-09,71be3019-2872-4e46-9e8f-941663554ca2,791dab05-effd-43cd-842b-2eca9a776288,3680,460000,0.00000000000000000000,460000.00000000000000000000,15 Days,Pending,2026-06-18 23:55:42.102791+00
61a89088-2039-4080-a9cf-50951e00222c,bda72285-8c05-467b-bcaa-0eeb515966df,17a39c9d-cc5b-4b7e-bc25-fe720418ed30,2026-04-10,2df9cb4d-3931-42d6-b71e-03529a9850cb,10d5d88b-c74f-4e99-8435-ee1690d6c047,20,1800,0.00000000000000000000,1800.00000000000000000000,Cash Payment,Pending,2026-06-18 23:55:42.102791+00
e60f52dd-8de9-41dc-ba01-f07b5d2e83a3,3e87485d-e3f7-466e-9327-2d42392400b7,a7742593-0d86-4f8a-ac05-fe79fcab30ca,2026-04-14,bd9ee415-fdb7-415e-8f52-bd65bb786d2c,1dcaa77f-a4d8-43c0-9bf0-cdfc60081e79,2250,220500,0.00000000000000000000,220500.00000000000000000000,15 Days,Pending,2026-06-18 23:55:42.102791+00
1a2c6a95-14b2-4536-ab93-ead1de12b3cc,6a547674-4aa7-43ec-89b4-1489ea3539c9,bb040e77-689b-460c-bde4-2fd050c98f35,2026-04-15,99654bf2-99d2-4963-a48f-35d1eacc4352,07723aa8-9f8f-41ca-b623-c486bb145c1f,17000,1137500,0.00000000000000000000,1137500.00000000000000000000,Cash Payment,Pending,2026-06-18 23:55:42.102791+00
c5e76c59-abb4-4a35-9f61-a616dc23e0bd,ca06c6df-602e-4b95-828b-966603f0c473,e9c6e3f2-ecdd-4054-b891-cc6727f8eb7f,2026-04-17,21d76ea4-8e4c-4ca2-bde0-16f703f119e5,07723aa8-9f8f-41ca-b623-c486bb145c1f,16524,1117800,0.00000000000000000000,1117800.00000000000000000000,Cash Payment,Delivered,2026-06-18 23:55:42.102791+00
fe1bec02-f5d1-45c9-aac0-a6ea37fbed39,cc20abca-8ed2-4184-8bb9-ff171c63abc5,ebce966a-751a-4580-aa2b-9047f88eaa5f,2026-04-26,46259c13-632d-449f-a96f-f1deab0e0046,1dcaa77f-a4d8-43c0-9bf0-cdfc60081e79,1185,114555,0.00000000000000000000,114555.00000000000000000000,Immediate Payment,Pending,2026-06-18 23:55:42.102791+00
56108c27-a0da-472a-9e71-d2ba028bbd96,cc20abca-8ed2-4184-8bb9-ff171c63abc5,b0e07de9-d5de-4106-b6f9-f76abb81d492,2026-04-26,46259c13-632d-449f-a96f-f1deab0e0046,791dab05-effd-43cd-842b-2eca9a776288,1200,142500,0.00000000000000000000,142500.00000000000000000000,Immediate Payment,Pending,2026-06-18 23:55:42.102791+00
41bbd5ce-0090-408f-a7e7-9934fd5d720c,2cf6b801-f3e4-478b-9c46-a9fd5be417d2,771a3f3c-c61c-42bd-8085-6dc03a9caeb0,2026-04-26,724115cd-6dd9-4b21-b653-db01fe0dda84,8dedb270-a04f-4214-b29c-c4bc4f2f78c7,6000,630000,0.00000000000000000000,630000.00000000000000000000,1 Month,Pending,2026-06-18 23:55:42.102791+00
1f1ddee9-a184-4322-b4e4-c0cb72f129ed,a0532bd3-7e80-471c-915b-71256c70d6e1,ba12e9fa-32d0-44fa-8c59-905a55952a21,2026-05-01,2df9cb4d-3931-42d6-b71e-03529a9850cb,1dcaa77f-a4d8-43c0-9bf0-cdfc60081e79,15,1450,0.00000000000000000000,1450.00000000000000000000,Cash Payment,Pending,2026-06-18 23:55:42.102791+00
21d4d1e2-756e-4e75-8e0c-c5422e91943b,c08c946e-5410-4ee2-9413-971f408e414c,e2d502e2-35ea-464c-9c5b-5d24fd140322,2026-05-01,fdf56cc8-2c66-486d-ae8f-8f48c5a28b0c,1dcaa77f-a4d8-43c0-9bf0-cdfc60081e79,15,1450,0.00000000000000000000,1450.00000000000000000000,Cash Payment,Delivered,2026-06-18 23:55:42.102791+00
99bb091e-a425-44c8-8173-0ace0d7e1fab,6f7a292b-13c3-4917-b8f4-ba0d6dfcb890,5fb6b3fe-7154-4c7b-a4f2-8e737a0d63aa,2026-05-05,9c550d4c-077d-4fb4-b74d-3debcfd3b42f,1dcaa77f-a4d8-43c0-9bf0-cdfc60081e79,150,15000,0.00000000000000000000,15000.00000000000000000000,Immediate Payment,Pending,2026-06-18 23:55:42.102791+00
aed8b59a-7067-4932-8f78-bb4547519aef,4bac67be-655d-4d16-9370-14d2048a4f70,49f7232b-7035-487a-8580-cad4bbc71b87,2026-02-13,71be3019-2872-4e46-9e8f-941663554ca2,,1,663500,0.00000000000000000000,663500.00000000000000000000,,Delivered,2026-06-18 23:55:42.102791+00
e3afa1bd-caf0-484a-bb39-e82b376a81da,194d6f0e-cee7-4713-b949-2bdee08e612a,c6112898-3a6b-4130-9a8e-75112b43c00d,2025-01-10,a196000a-c83c-402d-8024-2a2c4dda447c,,1,634506,0.00000000000000000000,634506.00000000000000000000,,Delivered,2026-06-18 23:55:42.102791+00
50ec7965-62a9-4862-96c0-d2dedf6b7523,040d2421-319f-41cc-9d83-977a6284b694,2d4540aa-9e25-4c83-94a7-eaa3e8a8728a,2025-07-31,18743788-16a2-4f11-93bd-cd2374745762,,1,615000,0.00000000000000000000,615000.00000000000000000000,,Delivered,2026-06-18 23:55:42.102791+00
81e99bff-72ee-4a19-869d-ab3490395f42,cc77a99c-344d-492c-9a89-4b21f90a1d56,cdfb7eb6-d4f6-4b84-8ab1-298bcd09bed1,2026-01-20,71be3019-2872-4e46-9e8f-941663554ca2,,1,605100,0.00000000000000000000,605100.00000000000000000000,,Delivered,2026-06-18 23:55:42.102791+00
3f2ebdca-d6a4-4586-ba67-4c72d30a2b93,730f6a55-c342-423e-847a-872ed1e8cbfc,8af9c83f-a60e-4723-b14b-5dffbd4197ad,2024-12-05,94840a95-c5bb-495e-a6b6-b69f8754b8b8,,1,588800,0.00000000000000000000,588800.00000000000000000000,,Delivered,2026-06-18 23:55:42.102791+00
e5a879f3-63d4-4ace-b57c-88cbc51ea677,afbbbfab-e491-499d-80ba-9524879ae03c,6febd4f8-69c1-4a3c-8f5b-643c6c20b9e0,2024-06-12,8da5249a-c2b8-48c3-b61c-12ecf6d898d8,,1,572500,0.00000000000000000000,572500.00000000000000000000,,Delivered,2026-06-18 23:55:42.102791+00
84458c61-49df-4619-9314-902cfb0bf503,a99bfebd-eec1-455a-9490-e470ef28daca,cb78aad1-b661-436c-86b8-8794c065f342,2025-01-28,71be3019-2872-4e46-9e8f-941663554ca2,,1,567000,0.00000000000000000000,567000.00000000000000000000,,Delivered,2026-06-18 23:55:42.102791+00
3caa5f42-5b84-4557-b51d-57a5461060b2,0aed7b54-c230-48b4-8987-327ff4aaaf2c,de21b6ba-72af-43e9-82e2-96d159722856,2024-12-27,ddc6b03a-4a98-439c-bfaf-cb665a6c6c5b,,1,560000,0.00000000000000000000,560000.00000000000000000000,,Delivered,2026-06-18 23:55:42.102791+00
b74451c9-74f3-4048-9858-cb1d0ba2a8ff,1fa31705-1168-442d-b270-45c56e5d4a66,277f89a8-cdfc-4d90-a7b4-22e442d52239,2025-01-08,71be3019-2872-4e46-9e8f-941663554ca2,,1,555000,0.00000000000000000000,555000.00000000000000000000,,Delivered,2026-06-18 23:55:42.102791+00
648b0087-84d6-4937-9bc5-281edaaee662,b19c9d23-c21d-4983-9021-cdd2e24b31c3,d47149f7-c56c-4172-b027-e215f50fc14f,2025-05-29,6eb42534-b7c0-486a-a2c6-379e3ca78b31,,1,685000,0.00000000000000000000,685000.00000000000000000000,,Delivered,2026-06-18 23:55:42.102791+00
4b6b9925-9261-4896-964d-b725e20d3a32,50f951bb-81bd-463a-91a9-cef6e150a5e0,b2549e1f-2a74-4501-9c5e-e380106908b6,2024-07-23,24aef1b9-d897-43a8-b394-84a3eaf5e593,,1,661700,0.00000000000000000000,661700.00000000000000000000,,Delivered,2026-06-18 23:55:42.102791+00
7b821e3f-584f-4239-81a3-e5f41a8b7b06,bc3772ba-2afb-45b5-abef-f289d271da94,5bab8f17-e0f9-48c5-a6ea-e61dcf2cbd2e,2024-11-13,a196000a-c83c-402d-8024-2a2c4dda447c,,1,629999,0.00000000000000000000,629999.00000000000000000000,,Delivered,2026-06-18 23:55:42.102791+00
596f2f27-edba-4050-a861-37515ce00c68,0f5019a8-2c8c-4338-b05b-825b7c873bb2,87ed6640-26d2-4c16-b5f8-c9a5611585d4,2024-12-24,a196000a-c83c-402d-8024-2a2c4dda447c,,1,614999,0.00000000000000000000,614999.00000000000000000000,,Delivered,2026-06-18 23:55:42.102791+00
4c2c813f-13f1-4eb3-8384-807e5cc278c6,a692878e-bb41-4812-ada7-a5661ef839bc,555e8d3a-6022-4c50-baa0-8131788f6faf,2025-06-17,95c5d920-3701-494c-b8ec-568a66ffc4ad,,1,601000,0.00000000000000000000,601000.00000000000000000000,,Delivered,2026-06-18 23:55:42.102791+00
de996b0b-5f83-4ee3-ae16-aa8be0201fa0,4b370ed8-1d13-454d-8094-e94a9c46d63f,939e578b-ac2d-4915-85f4-e09e8a04d5b8,2025-07-08,71be3019-2872-4e46-9e8f-941663554ca2,,1,578250,0.00000000000000000000,578250.00000000000000000000,,Delivered,2026-06-18 23:55:42.102791+00
51a9fcd5-e407-403a-9b34-cc7c10f53973,04a01a2a-446d-4174-b8ab-a33e7930ebc4,baeaed34-27fd-426f-b898-c1c6f95ed58f,2026-03-31,979665cd-4976-4bf0-87cf-b926c5ce93c7,1dcaa77f-a4d8-43c0-9bf0-cdfc60081e79,2250,232500,0.00000000000000000000,232500.00000000000000000000,15 Days,Pending,2026-06-18 23:55:42.102791+00
b00d3217-b0e7-49ee-a1c3-e2f0a0f3d637,04a01a2a-446d-4174-b8ab-a33e7930ebc4,96759fc4-1600-46e2-bc13-8fa22ac8bf7d,2026-03-31,979665cd-4976-4bf0-87cf-b926c5ce93c7,791dab05-effd-43cd-842b-2eca9a776288,400,50500,0.00000000000000000000,50500.00000000000000000000,15 Days,Pending,2026-06-18 23:55:42.102791+00
128c2897-8bc0-4e11-aeea-eb3b6c956d12,04a01a2a-446d-4174-b8ab-a33e7930ebc4,0782613f-9149-4656-84d2-c4eedbb78105,2026-03-31,979665cd-4976-4bf0-87cf-b926c5ce93c7,56dcae71-e69c-47ed-a032-d97b1b6a4131,250,30625,0.00000000000000000000,30625.00000000000000000000,15 Days,Pending,2026-06-18 23:55:42.102791+00
0a5a81b1-5661-423c-aba3-054f5c7fc2bf,03aba149-7354-4f22-95bd-b51d8fcb6670,6772e2a8-901b-42cd-a3cf-363ace6956d8,2026-04-03,6d719fda-d99e-41c7-8b19-198a016e7ade,791dab05-effd-43cd-842b-2eca9a776288,6400,792000,0.00000000000000000000,792000.00000000000000000000,Cash Payment,Pending,2026-06-18 23:55:42.102791+00
0bb2368a-75aa-4b78-b14e-1f087d6c0aaf,14339868-124c-42dc-bdd1-c044e2e1166d,02b402eb-afac-4373-a0f4-03c8b4bac436,2026-04-05,f1e51592-40e6-4c0e-ba12-f1e4bfda0f43,e7c36973-a89b-4a54-bb0c-a5164bcfb8d1,2250,232500,0.00000000000000000000,232500.00000000000000000000,15 Days,Pending,2026-06-18 23:55:42.102791+00
49226994-3e52-47de-ab19-9a7b63252b81,35d79c89-2b9f-40fe-8a01-41fbf04320ee,ee1a0d9a-4493-47d2-bc45-51b406348b99,2026-04-06,f83e8351-57ae-4284-99c8-3d0905e11e48,e7c36973-a89b-4a54-bb0c-a5164bcfb8d1,2250,232500,0.00000000000000000000,232500.00000000000000000000,15 Days,Pending,2026-06-18 23:55:42.102791+00
3f45cb72-f5ef-461b-bc9d-2a7581e77ff3,d3bdd866-4d7a-4066-a08e-c32fe158fe3c,cf9c4e3d-08dc-496a-a757-45f974cae8c9,2026-04-10,71be3019-2872-4e46-9e8f-941663554ca2,10d5d88b-c74f-4e99-8435-ee1690d6c047,1000,89500,0.00000000000000000000,89500.00000000000000000000,15 Days,Pending,2026-06-18 23:55:42.102791+00
5cbc996b-0615-4790-939a-3e84a12eb18b,d3bdd866-4d7a-4066-a08e-c32fe158fe3c,b4647fe9-6ffe-45c9-a2ce-0c341f80ef84,2026-04-10,71be3019-2872-4e46-9e8f-941663554ca2,e7c36973-a89b-4a54-bb0c-a5164bcfb8d1,4305,444850,0.00000000000000000000,444850.00000000000000000000,15 Days,Pending,2026-06-18 23:55:42.102791+00
0dbd82b1-5707-4e9c-a2d1-df928c356de5,d3bdd866-4d7a-4066-a08e-c32fe158fe3c,727a88e7-2f70-4578-9876-f6f252505ee3,2026-04-10,71be3019-2872-4e46-9e8f-941663554ca2,791dab05-effd-43cd-842b-2eca9a776288,3200,400000,0.00000000000000000000,400000.00000000000000000000,15 Days,Pending,2026-06-18 23:55:42.102791+00
0d39f110-893c-4288-a43d-eb1d3fa6800c,a338f65d-2bab-4fb9-8b3a-d6013a470e2f,913c4c2d-f361-4def-b01d-545ebf005b07,2026-04-15,7278af2d-7018-4d13-bb4d-1b35f4307714,56dcae71-e69c-47ed-a032-d97b1b6a4131,12800,1480000,0.00000000000000000000,1480000.00000000000000000000,Cash Payment,Pending,2026-06-18 23:55:42.102791+00
b8a9253b-ea9e-4e19-9e67-eb540ca82361,8f1d96fc-2a13-4607-bc25-c14cb3e5a609,3beb3e6e-6519-472a-b9a1-fab769bbe5ef,2026-04-20,f1e51592-40e6-4c0e-ba12-f1e4bfda0f43,1dcaa77f-a4d8-43c0-9bf0-cdfc60081e79,2790,267840,0.00000000000000000000,267840.00000000000000000000,15 Days,Delivered,2026-06-18 23:55:42.102791+00
c55531d1-3944-45e3-b791-dbeab04648e2,7f80e3c8-7e92-4de4-8079-2165134a3c22,e3829d89-3663-4622-a970-3c83d85c9d04,2026-04-29,fdf56cc8-2c66-486d-ae8f-8f48c5a28b0c,1dcaa77f-a4d8-43c0-9bf0-cdfc60081e79,40,4000,0.00000000000000000000,4000.00000000000000000000,Cash Payment,Delivered,2026-06-18 23:55:42.102791+00
dffe6bed-d33e-472d-a6ce-f3cd6e784627,8a527e2e-f1d5-4017-98dd-4b804fb05eb2,870b1525-1deb-4ba6-ba6d-5db83d3b3109,2026-05-04,fdf56cc8-2c66-486d-ae8f-8f48c5a28b0c,1dcaa77f-a4d8-43c0-9bf0-cdfc60081e79,30,3000,0.00000000000000000000,3000.00000000000000000000,Cash Payment,Delivered,2026-06-18 23:55:42.102791+00
dfd65962-c4c6-42e7-97aa-4174b96a3e0e,761a2dec-5c79-408c-b84e-030351214aa7,8315457d-d0b4-4311-8b42-ba8893eaba18,2026-05-05,3907239e-a3a6-4372-a3f2-e3025acb2412,1dcaa77f-a4d8-43c0-9bf0-cdfc60081e79,600,58800,0.00000000000000000000,58800.00000000000000000000,15 Days,Pending,2026-06-18 23:55:42.102791+00
821467ff-d407-4777-a85b-e8af7f9bf14b,036f6c21-07c0-4f9a-9afb-29b355feb9bd,bdb1ead7-ed07-4e61-98e5-8d9f538cbc6e,2025-01-31,ee050b45-8c17-4d06-ba05-a7f64ed04dab,,1,660000,0.00000000000000000000,660000.00000000000000000000,,Delivered,2026-06-18 23:55:42.102791+00
6dfb4707-e64d-446a-9bd6-61aa8a5918b7,41b56a88-ce99-486b-9218-0ddd3ff7829a,966322bb-9688-49dc-b233-5739c17f503a,2025-10-03,c6e017b2-c27d-4969-95de-8284a705a232,,1,630000,0.00000000000000000000,630000.00000000000000000000,,Delivered,2026-06-18 23:55:42.102791+00
a8fa59c7-5f61-49d3-9136-9ddd25d8a779,1d3c940e-a287-472e-a1f5-d8e4bd8ecc2f,a8b86004-b5b7-4b93-b4ff-feead80af1a4,2024-11-10,a196000a-c83c-402d-8024-2a2c4dda447c,,1,614999,0.00000000000000000000,614999.00000000000000000000,,Delivered,2026-06-18 23:55:42.102791+00
8f858a95-fff7-43da-bc17-5c54beacec31,050da02d-d499-4bdd-a341-aa18485275e6,a548169f-51e3-4cee-b9ca-ea65846c3a50,2025-04-17,71be3019-2872-4e46-9e8f-941663554ca2,,1,601300,0.00000000000000000000,601300.00000000000000000000,,Delivered,2026-06-18 23:55:42.102791+00
42de74f7-475d-4e1b-99c5-f4228b32e87c,1f5278f8-7a46-49cc-9639-c85763411dfe,0c850c0b-0c94-43d5-b77e-4a139039a4d0,2024-06-12,8da5249a-c2b8-48c3-b61c-12ecf6d898d8,,1,584000,0.00000000000000000000,584000.00000000000000000000,,Delivered,2026-06-18 23:55:42.102791+00
72a079c3-b9bd-4965-81f0-544b565d1e69,f379ddc8-93cb-4080-9012-9528f0fe4e1a,ba023ee8-cbf4-4d31-8018-d98a596916bb,2024-10-21,8da5249a-c2b8-48c3-b61c-12ecf6d898d8,,1,571875,0.00000000000000000000,571875.00000000000000000000,,Delivered,2026-06-18 23:55:42.102791+00
7b36be83-b298-46d3-a755-268eed6f76a4,444b91ed-5523-4946-8ef1-6497e2015e41,6b053396-4ef8-4f77-b551-999242cf88a1,2025-04-13,71be3019-2872-4e46-9e8f-941663554ca2,,1,564000,0.00000000000000000000,564000.00000000000000000000,,Delivered,2026-06-18 23:55:42.102791+00
5fe2cc73-d217-4e9c-8d40-cd79b7b1dc5d,3ff5214f-7090-4737-b712-0684e5c97382,8b52840a-b285-47bb-b6cd-1e187133f15d,2024-12-10,8da5249a-c2b8-48c3-b61c-12ecf6d898d8,,1,559000,0.00000000000000000000,559000.00000000000000000000,,Delivered,2026-06-18 23:55:42.102791+00
241cbd4a-4b1d-482f-a97b-5314bcc08471,9275be52-e231-40d2-b649-869b8db2a947,e40c8fef-52aa-4041-a0bf-af1854c3f03c,2024-11-24,8da5249a-c2b8-48c3-b61c-12ecf6d898d8,,1,553600,0.00000000000000000000,553600.00000000000000000000,,Delivered,2026-06-18 23:55:42.102791+00
5bd82865-c8aa-4e61-9ad4-97dc5fc47274,e8e8b926-49b0-4ff8-b2ff-06b2b39a9388,8a0cd78a-f6e5-444b-8d72-f640426ab403,2025-02-23,4981436e-024e-4995-a548-d32aefa7e1e8,,1,682500,0.00000000000000000000,682500.00000000000000000000,,Delivered,2026-06-18 23:55:42.102791+00
c8fbe5e0-610f-4ac9-aba3-121d8d3f179c,35faf23a-986a-456a-9214-d6d65c88c086,c938f0dd-8a31-4dd6-acc7-ee1b4b76c272,2025-01-22,be6aebf8-8a0f-4527-a9d4-d94f09f3c93a,,1,660000,0.00000000000000000000,660000.00000000000000000000,,Delivered,2026-06-18 23:55:42.102791+00
f077d4bc-81d3-4d8a-8ccf-9e90ed3b0a7a,21972bb1-3b40-4cd3-b94c-eed84fba388f,28f2fde7-cd35-497f-8752-c2d44b3650e1,2026-02-15,13434759-d4fc-4dc9-ad3b-480ab7211da2,,1,624679,0.00000000000000000000,624679.00000000000000000000,,Delivered,2026-06-18 23:55:42.102791+00
46a3978f-c778-4cf8-b781-23bf665415ac,64efb190-6606-4474-878f-8732abb4000a,9d5804a7-7535-4dd1-9c63-a03447d83710,2025-07-28,4f0cd4d4-6997-4586-b94d-cfbfc15ccd92,,1,610000,0.00000000000000000000,610000.00000000000000000000,,Delivered,2026-06-18 23:55:42.102791+00
aafff141-5da5-4854-bd44-cf07b9c363bf,baa6130f-49cd-4980-b00c-8fa6e7f86021,d242d553-8427-48ca-810a-7f583f1a5f47,2024-12-12,a196000a-c83c-402d-8024-2a2c4dda447c,,1,600989,0.00000000000000000000,600989.00000000000000000000,,Delivered,2026-06-18 23:55:42.102791+00
b10fd24f-124f-4219-adbd-17cf6b247824,1be55655-acc5-4a72-8201-b9b75733fa68,c925c37f-f163-489f-9aca-09ed8706d48d,2025-09-29,3907239e-a3a6-4372-a3f2-e3025acb2412,,1,594687,0.00000000000000000000,594687.00000000000000000000,,Delivered,2026-06-18 23:55:42.102791+00
05dde1a8-f315-45b9-95f3-2c0b5d7c7bbe,cea2edf0-7391-4414-b39f-ffb32b6ad730,e872f892-062c-44bd-95f0-b4415aa0252f,2025-01-26,e0140edd-1909-49ae-9bdf-d36e683f578d,,1,588800,0.00000000000000000000,588800.00000000000000000000,,Delivered,2026-06-18 23:55:42.102791+00
9d332f44-880e-4e98-941b-c2b41a5a52e7,0dc35a0b-c70e-4c2f-8ed5-b304ebad3ab9,cab79cdf-ef25-4888-aab6-4fe042b476ac,2024-08-09,ba2a426b-f3d4-434e-ae15-02fb4d0d1756,,1,578125,0.00000000000000000000,578125.00000000000000000000,,Delivered,2026-06-18 23:55:42.102791+00
055229b3-3880-4dce-9e60-ec28b9d102fa,ecbb4053-a99a-48f0-8d98-ffee7951383c,02ed2727-45f9-4143-849b-3a1b09d22052,2025-03-07,71be3019-2872-4e46-9e8f-941663554ca2,,1,573400,0.00000000000000000000,573400.00000000000000000000,,Delivered,2026-06-18 23:55:42.102791+00
932e73b2-d6d8-4f09-9f53-a743f8faef18,dd681771-b36c-49f2-ac3d-796833357e84,1c205781-6239-4497-b297-1f833328d8a7,2024-12-25,d3bd615d-d50e-4da2-853b-1f8f3eea6550,,1,570000,0.00000000000000000000,570000.00000000000000000000,,Delivered,2026-06-18 23:55:42.102791+00
97af58f1-d67b-40e2-ae4a-1e42f32cecd1,c5e85bad-5bf8-4a3b-9d2c-f2c18f8bdced,701fe6ea-a482-43bb-b8dd-b085667fffa5,2024-12-09,d3bd615d-d50e-4da2-853b-1f8f3eea6550,,1,570000,0.00000000000000000000,570000.00000000000000000000,,Delivered,2026-06-18 23:55:42.102791+00
ad87daae-1dc3-4524-8709-ca0eecf733f1,f22fd571-1cf9-4758-bc05-85bb66de8d05,cbc69250-6750-4f71-9d9e-aed225b4e8ea,2024-10-23,ccb49d47-ef18-415e-84ff-5119d836592b,,1,564453,0.00000000000000000000,564453.00000000000000000000,,Delivered,2026-06-18 23:55:42.102791+00
732c5e67-723c-42e1-b414-310da35dd9d2,da187e5f-92bb-4328-8525-0288f58e3b14,81400223-609c-4aea-8781-77c176000788,2024-07-29,8da5249a-c2b8-48c3-b61c-12ecf6d898d8,,1,563500,0.00000000000000000000,563500.00000000000000000000,,Delivered,2026-06-18 23:55:42.102791+00
59f3c408-6634-4fac-b07f-5c4e162ce195,9c7217fa-3183-4282-aaef-ca826e12f6f7,364bc278-d2e1-4a26-9054-d41e664f141f,2025-10-24,ee050b45-8c17-4d06-ba05-a7f64ed04dab,,1,562500,0.00000000000000000000,562500.00000000000000000000,,Delivered,2026-06-18 23:55:42.102791+00
3789e5ee-c276-425b-a97b-9496c0b06c0d,9fc9e2e0-ef90-482b-979b-52ce35d532d1,4e515246-bd6e-4dae-a587-d80d54c79eed,2024-12-20,8da5249a-c2b8-48c3-b61c-12ecf6d898d8,,1,559000,0.00000000000000000000,559000.00000000000000000000,,Delivered,2026-06-18 23:55:42.102791+00
655855a1-c88d-4a0b-ac26-0378c7bac771,6f8bd61d-cac6-4a07-9551-ae1e64f572f0,975560ee-2b2e-450b-bef1-aa2346bea948,2024-11-18,8da5249a-c2b8-48c3-b61c-12ecf6d898d8,,1,559000,0.00000000000000000000,559000.00000000000000000000,,Delivered,2026-06-18 23:55:42.102791+00
9e1b0a74-8a42-48da-884d-032454509ee7,3ea95858-a335-4cbb-af33-8ae292035087,0cad01eb-7a2d-4b9d-a93a-9037370cfcc7,2025-08-20,e99e6ca5-a4bb-4343-a635-49f04389ca2a,,1,558300,0.00000000000000000000,558300.00000000000000000000,,Delivered,2026-06-18 23:55:42.102791+00
43fccee5-4ec4-487c-a9b4-20a7bc9c3465,be8aaa92-7614-4420-a2fc-50140b3cce82,5cfd9db8-8641-4324-8f46-00143d146f87,2024-10-29,8da5249a-c2b8-48c3-b61c-12ecf6d898d8,,1,553250,0.00000000000000000000,553250.00000000000000000000,,Delivered,2026-06-18 23:55:42.102791+00
58c1395a-6b84-4a76-870e-c07e503f50a4,a8e7e1f9-cb4c-4fbc-a75b-e8d2a94c2417,9a26790a-0cbc-4f7f-abaa-1c9b7663d81d,2025-06-19,a196000a-c83c-402d-8024-2a2c4dda447c,,1,551999,0.00000000000000000000,551999.00000000000000000000,,Delivered,2026-06-18 23:55:42.102791+00
a15e1065-3cdd-42e6-bad8-de30cae2fab6,cb6707e7-7fbd-41ce-bae1-4ce40564a0b1,4c332b16-5865-4f5a-a09c-b0e477ecda8f,2024-11-17,71be3019-2872-4e46-9e8f-941663554ca2,,1,690300,0.00000000000000000000,690300.00000000000000000000,,Delivered,2026-06-18 23:55:42.102791+00
d86e8248-460d-4949-96f7-b89976b376da,030825a9-d422-4558-ae40-0d957d7cc5ac,342b9644-3799-4a47-97f2-58f3a8f130de,2025-07-31,99654bf2-99d2-4963-a48f-35d1eacc4352,,1,676889,0.00000000000000000000,676889.00000000000000000000,,Delivered,2026-06-18 23:55:42.102791+00
6b5b5782-d471-427b-865d-101cbbe0011f,b89a94d2-b31c-4c70-aca6-69b5838eaa51,7c9b69a6-a322-4d8d-97dc-f5550fc13d15,2025-11-02,71be3019-2872-4e46-9e8f-941663554ca2,,1,674584,0.00000000000000000000,674584.00000000000000000000,,Delivered,2026-06-18 23:55:42.102791+00
d0c53d39-8914-41b5-9fc3-e26a4916a912,d8258a25-c922-43c9-b22b-ea6d086ff54f,6a7f7a31-5f34-4a25-8e1c-9aedd3bcdd97,2025-01-12,71be3019-2872-4e46-9e8f-941663554ca2,,1,668150,0.00000000000000000000,668150.00000000000000000000,,Delivered,2026-06-18 23:55:42.102791+00
498c78bd-4529-41b4-b448-0652edd703ad,ca1e80ff-d065-4ba1-9f47-28c1c00fb8f3,affefb8c-ad0b-4888-b65b-2ad5e4d336dd,2025-09-21,22c3834b-a9d8-4851-8514-d59d3b562b07,,1,660812,0.00000000000000000000,660812.00000000000000000000,,Delivered,2026-06-18 23:55:42.102791+00
3cb94db8-60c5-4190-86eb-a5f869f9e338,aa03455d-105f-4248-b991-44245d5bd11e,78097cdb-cc5a-4ae1-8d70-f592a7e6e2a8,2025-01-08,be6aebf8-8a0f-4527-a9d4-d94f09f3c93a,,1,660000,0.00000000000000000000,660000.00000000000000000000,,Delivered,2026-06-18 23:55:42.102791+00
38a0061b-5d77-44b4-8a8d-1d6c2740caca,d587f00f-1291-45cc-880f-de5537fcd2d9,cb8492d0-d6a2-4dbc-af28-11aba63f2baf,2025-02-18,71be3019-2872-4e46-9e8f-941663554ca2,,1,643125,0.00000000000000000000,643125.00000000000000000000,,Delivered,2026-06-18 23:55:42.102791+00
8a007029-34d1-463f-919f-bc958720b27d,1f7301d4-f014-4c21-b032-7e39084882da,1f4f6c65-cbac-495b-a349-5ee42d3589a5,2026-02-10,242b18b0-2b6e-4ef6-b311-fa29444b997b,,1,636000,0.00000000000000000000,636000.00000000000000000000,,Delivered,2026-06-18 23:55:42.102791+00
f5c42f28-c4f5-4115-a2b9-fcea8088741d,81ceb154-4e36-418b-8fe4-5f9208de94b8,c595e9b9-22ec-4412-b729-c9e886394b6e,2025-01-07,71be3019-2872-4e46-9e8f-941663554ca2,,1,630200,0.00000000000000000000,630200.00000000000000000000,,Delivered,2026-06-18 23:55:42.102791+00
a5cd2efd-a57e-4ab5-a806-b2f3c4acb740,baa68b8e-ee65-476c-ac64-283b8cfd0296,1ac8c80c-9ae1-4e13-85ee-0620d7358fce,2025-02-11,71be3019-2872-4e46-9e8f-941663554ca2,,1,623500,0.00000000000000000000,623500.00000000000000000000,,Delivered,2026-06-18 23:55:42.102791+00
5c5ec020-c42a-4c6c-9684-060dd5baa1f7,b7acae05-1755-4017-9d9a-03661affb854,15fb7d07-7d08-48ba-815d-0d5cf0b751ae,2025-09-15,71be3019-2872-4e46-9e8f-941663554ca2,,1,618000,0.00000000000000000000,618000.00000000000000000000,,Delivered,2026-06-18 23:55:42.102791+00
1e1c691c-42d0-4fd2-9a01-e7de2bdf871b,f7d5fbd4-ab3f-4937-b75e-4a82a1be144d,f6a9392b-7b4f-4efa-957a-7a6187d923fe,2025-09-23,242b18b0-2b6e-4ef6-b311-fa29444b997b,,1,615000,0.00000000000000000000,615000.00000000000000000000,,Delivered,2026-06-18 23:55:42.102791+00
f54a67b9-3cff-496c-9c25-77025e937f39,c0d63c9d-441d-4a83-b1f1-050aea735688,5c182f36-bbcf-4b60-8f1c-7fcfe8ab4a81,2025-01-20,f0fcd114-c83c-4557-ab8e-29869eb50b7b,,1,610500,0.00000000000000000000,610500.00000000000000000000,,Delivered,2026-06-18 23:55:42.102791+00
c6037621-f226-40b3-845f-45f73a0a1152,f72f50e1-f24e-4ed4-b073-81142fdfd7c4,3dba374d-6fb5-4553-bf39-aee77c5e3d7c,2025-08-03,71be3019-2872-4e46-9e8f-941663554ca2,,1,607632,0.00000000000000000000,607632.00000000000000000000,,Delivered,2026-06-18 23:55:42.102791+00
347effa1-1111-4266-a76c-bbc3d1ff6126,17e49a16-07b0-4797-a5e7-cf1efc2b4871,27580399-dff6-4aba-88d2-4c8acf6c019f,2026-01-29,7278af2d-7018-4d13-bb4d-1b35f4307714,,1,606000,0.00000000000000000000,606000.00000000000000000000,,Delivered,2026-06-18 23:55:42.102791+00
1eb89667-980b-4fcc-b8fe-d89c9af3cbeb,e2300546-8c1d-4f85-a6cd-553a2fdca31f,83da3cee-4828-4d07-abe9-48d230754568,2024-08-23,71be3019-2872-4e46-9e8f-941663554ca2,,1,605000,0.00000000000000000000,605000.00000000000000000000,,Delivered,2026-06-18 23:55:42.102791+00
d6d7d044-69f7-451d-8760-c46010b950c3,730e838e-c1ce-457a-962a-04a4f2cef585,9079a787-07b1-4c65-9e21-6ca27cbeac87,2024-07-31,ee050b45-8c17-4d06-ba05-a7f64ed04dab,,1,602223,0.00000000000000000000,602223.00000000000000000000,,Delivered,2026-06-18 23:55:42.102791+00
a6daea54-3372-48fa-af36-9dff63b4f6b4,a61fac4b-3771-4b9d-bfc6-3962e5581ae4,c80d835e-23b5-48cc-a891-6d5aeba627f7,2025-09-15,4b5902bf-67f1-4e06-8882-ca516c1842db,,1,595860,0.00000000000000000000,595860.00000000000000000000,,Delivered,2026-06-18 23:55:42.102791+00
4d483147-ca6c-44a0-8e1a-721807f73b94,92350eb6-917e-4682-9618-10856f9bd5ca,c98909d9-5f52-4e7a-83d9-c2ccf5128f00,2024-07-07,71be3019-2872-4e46-9e8f-941663554ca2,,1,592500,0.00000000000000000000,592500.00000000000000000000,,Delivered,2026-06-18 23:55:42.102791+00
17bd7132-5a26-472d-a113-1d6aaab88abc,4bf5c86b-c5ec-42e2-b0b6-fefd51c9df82,6536af65-1600-4ef5-8be5-12419c8db303,2024-12-11,353bb4af-8760-4bd7-a2d2-354d4f3d52ba,,1,589187,0.00000000000000000000,589187.00000000000000000000,,Delivered,2026-06-18 23:55:42.102791+00
2fd0c886-f6d6-4670-9a4f-98a59ee78755,51da0439-d7a9-47b1-8c62-fd43647afce1,0dcfbb64-8091-4251-9428-e6b82762fa60,2025-12-26,13434759-d4fc-4dc9-ad3b-480ab7211da2,,1,585420,0.00000000000000000000,585420.00000000000000000000,,Delivered,2026-06-18 23:55:42.102791+00
5da28572-4e6c-4abf-b958-bf61679d7830,d5d525e8-fa70-42f7-83fb-bac1ba843eb9,057da73e-35eb-49d9-92d9-e45986fabcbc,2024-12-25,a196000a-c83c-402d-8024-2a2c4dda447c,,1,576798,0.00000000000000000000,576798.00000000000000000000,,Delivered,2026-06-18 23:55:42.102791+00
49084790-4a58-4dcd-a467-f2763d40ff95,e045f8e0-9557-4fe1-9ae3-3738a3175b83,edc665ec-78bf-47d3-8a58-f8718cfd14a2,2025-07-15,e363fd6a-6b4d-4a1e-bc25-3407c67f6af1,,1,574900,0.00000000000000000000,574900.00000000000000000000,,Delivered,2026-06-18 23:55:42.102791+00
4a7a6d31-62b3-489c-a801-30fd0a1ab5ad,4e548e7a-3750-4aef-bebb-2d05bfff7962,d32624ce-a28f-4583-b3e3-88dd65618b86,2024-07-19,8da5249a-c2b8-48c3-b61c-12ecf6d898d8,,1,573000,0.00000000000000000000,573000.00000000000000000000,,Delivered,2026-06-18 23:55:42.102791+00
648f3c3b-a49f-4475-97c7-8851d8684e08,b0431f27-7551-43c6-9e6d-8a7cd1ffed5f,485d849e-5edc-4177-80c8-9f19fef4edba,2024-08-07,8da5249a-c2b8-48c3-b61c-12ecf6d898d8,,1,572400,0.00000000000000000000,572400.00000000000000000000,,Delivered,2026-06-18 23:55:42.102791+00
a403b5ce-320c-4979-8980-3b0e39c8bfca,7c756715-c766-4d3d-82e4-b72c9530759a,86e03eff-1b20-4515-9002-d09eb2147d49,2025-01-07,71be3019-2872-4e46-9e8f-941663554ca2,,1,570000,0.00000000000000000000,570000.00000000000000000000,,Delivered,2026-06-18 23:55:42.102791+00
74583b21-e61c-4d41-9fde-a378ab961c4b,26ea250e-c786-4488-99e2-b88ce47ae986,67151a2b-3240-4e72-b938-ece0f4efb105,2024-11-28,8da5249a-c2b8-48c3-b61c-12ecf6d898d8,,1,569000,0.00000000000000000000,569000.00000000000000000000,,Delivered,2026-06-18 23:55:42.102791+00
6fe117a1-61c3-489d-afcf-cb8b45b3d7a8,70017d50-a992-4dc2-a815-81e9da8cf280,45cab5cf-af1f-43cc-ab1f-a409ebce39e3,2024-07-24,8da5249a-c2b8-48c3-b61c-12ecf6d898d8,,1,567200,0.00000000000000000000,567200.00000000000000000000,,Delivered,2026-06-18 23:55:42.102791+00
8d8767ad-24ae-427c-b2bd-6527fcd848bc,eebd444f-98a4-4ad3-8137-6dc4888b3773,62af4a31-455e-4799-996f-f624522725d6,2025-12-07,18743788-16a2-4f11-93bd-cd2374745762,,1,560700,0.00000000000000000000,560700.00000000000000000000,,Delivered,2026-06-18 23:55:42.102791+00
a4927537-32db-4477-90d9-61f771bfaa59,7b2452a5-10ce-42f4-b80b-6af64567c007,4443c595-c94d-4249-88de-c40580109bda,2025-11-06,6e294634-9504-4be4-960e-df2f3ae4b416,,1,555000,0.00000000000000000000,555000.00000000000000000000,,Delivered,2026-06-18 23:55:42.102791+00
bad0e7eb-eb9e-4180-b0d6-ba8cc9ea7b76,1dcb448d-cdb5-4628-9570-efe87a9870cc,8e349682-509a-404b-b80a-7bdc5283400c,2025-11-06,f3df996d-b48b-4239-8bf1-1e46b44fabd6,,1,682500,0.00000000000000000000,682500.00000000000000000000,,Delivered,2026-06-18 23:55:42.102791+00
a3c94d72-0375-443d-add7-1da10daea689,0bc708c8-1bfc-4e14-b098-f519eaa61f82,05248a93-d184-499d-b00c-d01a061077d6,2025-09-19,2eca054f-561f-491f-8265-94eed66bdf4f,,1,660812,0.00000000000000000000,660812.00000000000000000000,,Delivered,2026-06-18 23:55:42.102791+00
bc2b96d9-c17f-43fa-8c68-b553ae10acec,15ef0930-f73c-4ed1-9f4b-3d988052c87f,b376d645-1832-4240-98a0-60ce25b934f0,2024-11-10,71be3019-2872-4e46-9e8f-941663554ca2,,1,630100,0.00000000000000000000,630100.00000000000000000000,,Delivered,2026-06-18 23:55:42.102791+00
c4abd215-ab09-4d0b-abf6-b64456491f75,aeb6bf56-0ec2-406f-b44b-a8cf3e6a96c0,4ca46d71-bda4-4170-a8cc-ebd0cbfa8b6a,2024-11-07,71be3019-2872-4e46-9e8f-941663554ca2,,1,560625,0.00000000000000000000,560625.00000000000000000000,,Delivered,2026-06-18 23:55:42.102791+00
180482d5-5b0e-4f43-88aa-41ac4f2bee6b,4b1ae897-f054-4f71-9a94-36b1aa37bca8,0a7f2e59-d50b-41d3-9692-95c007073f36,2024-07-17,84a3b001-94f5-4c5f-b5fe-1ba3599567e6,,1,555000,0.00000000000000000000,555000.00000000000000000000,,Delivered,2026-06-18 23:55:42.102791+00
db14e37b-2406-4db6-8792-6dbef790f7bd,7328d533-bd0c-4914-85f9-049d5954ee6c,c635a383-0b5d-4d0b-9a06-230c56860725,2024-12-30,8da5249a-c2b8-48c3-b61c-12ecf6d898d8,,1,684000,0.00000000000000000000,684000.00000000000000000000,,Delivered,2026-06-18 23:55:42.102791+00
70922038-b9c6-496e-ac84-9471977dc2a6,1547feee-fc70-4cad-ae73-6a25c64fbe9a,2c52699e-06bf-4696-a38f-a9a514965047,2025-01-13,a196000a-c83c-402d-8024-2a2c4dda447c,,1,660000,0.00000000000000000000,660000.00000000000000000000,,Delivered,2026-06-18 23:55:42.102791+00
703ce792-93bd-4220-b658-3b7759fd2848,91679047-1ea5-4bb6-af9a-9afe862d2de5,e38713a6-d4c2-43a2-b9c9-db90e6c14720,2025-12-16,13434759-d4fc-4dc9-ad3b-480ab7211da2,,1,630429,0.00000000000000000000,630429.00000000000000000000,,Delivered,2026-06-18 23:55:42.102791+00
7d9d90a6-009c-4a42-8eca-6be4b7a5fd3a,609e8598-275b-4c4c-ad3a-65f6bb01f19c,bf4ff588-0d30-4ae5-bafe-a92653b3f26f,2025-03-16,a196000a-c83c-402d-8024-2a2c4dda447c,,1,612000,0.00000000000000000000,612000.00000000000000000000,,Delivered,2026-06-18 23:55:42.102791+00
11728d1a-4d89-4779-9b65-219bacd87ab3,a3ce0780-1df1-45a9-b5e7-ae2f198acd3a,5e91450d-fcfa-4d52-ae96-c412ab207fb1,2026-03-31,831c411d-fe4b-4063-9964-7eff24d5feb3,1dcaa77f-a4d8-43c0-9bf0-cdfc60081e79,1500,155000,0.00000000000000000000,155000.00000000000000000000,7 Days,Pending,2026-06-18 23:55:42.102791+00
73a06a37-e30f-466f-ad53-442503f21118,a3ce0780-1df1-45a9-b5e7-ae2f198acd3a,8d0a4fe4-2a09-4a7b-81d9-24b5deedf08b,2026-03-31,831c411d-fe4b-4063-9964-7eff24d5feb3,10d5d88b-c74f-4e99-8435-ee1690d6c047,1000,89500,0.00000000000000000000,89500.00000000000000000000,7 Days,Pending,2026-06-18 23:55:42.102791+00
49e6ff1a-6de3-46bc-bb59-4f48e855e348,3af6acb0-da18-45ab-b397-864a5269033d,caaef89d-b58b-49ef-8da6-0dfc43338438,2026-04-01,3f57352d-df9b-4863-bdf6-4e7a6f5e5f20,10d5d88b-c74f-4e99-8435-ee1690d6c047,10,900,0.00000000000000000000,900.00000000000000000000,Immediate Payment,Delivered,2026-06-18 23:55:42.102791+00
2b03e8b8-f0e9-4826-97e7-215fef356605,e9adccf5-32aa-4fb0-99bc-6522972488b4,841dcb65-e77d-4794-b3d6-9fe30c06a644,2026-04-03,add3d1ff-35de-4335-a95b-9db45afafaaa,1dcaa77f-a4d8-43c0-9bf0-cdfc60081e79,2400,248000,0.00000000000000000000,248000.00000000000000000000,Cash Payment,Pending,2026-06-18 23:55:42.102791+00
7a14b167-e5c8-452c-8514-6199c4ea55bb,644228e5-4ff2-4c28-a513-97949e99f2d3,9e9ecb74-20b6-44f4-a7d6-65a1bf27852d,2026-04-08,79dc8daa-366a-49a0-bca1-ae69bb6a719e,e7c36973-a89b-4a54-bb0c-a5164bcfb8d1,750,77500,0.00000000000000000000,77500.00000000000000000000,15 Days,Pending,2026-06-18 23:55:42.102791+00
bbca5372-f316-4032-921c-904b2452d9c0,644228e5-4ff2-4c28-a513-97949e99f2d3,9c46ae79-afe5-4085-8164-4273125eec97,2026-04-08,79dc8daa-366a-49a0-bca1-ae69bb6a719e,791dab05-effd-43cd-842b-2eca9a776288,1680,212100,0.00000000000000000000,212100.00000000000000000000,15 Days,Pending,2026-06-18 23:55:42.102791+00
690da6e7-2922-48fd-a4ec-bda14c527d56,cdc34236-b2ea-4131-8252-b067200d6906,b74ccc9b-33ab-4663-a56f-45d980df5530,2026-04-09,4b5902bf-67f1-4e06-8882-ca516c1842db,791dab05-effd-43cd-842b-2eca9a776288,400,50500,0.00000000000000000000,50500.00000000000000000000,15 Days,Pending,2026-06-18 23:55:42.102791+00
9b992d11-2d9a-482a-a2a6-7c24a6b0ae24,16e23602-f8be-4c4c-bb77-621acfae4458,3f1b9529-bf12-43af-9066-426521a6347c,2026-04-14,0fa694d4-ac92-42fb-8ac6-9711c91f236e,791dab05-effd-43cd-842b-2eca9a776288,800,97000,0.00000000000000000000,97000.00000000000000000000,7 Days,Pending,2026-06-18 23:55:42.102791+00
bbc65854-235d-4e10-b83b-4fbccc3c10c6,16e23602-f8be-4c4c-bb77-621acfae4458,6a49d8ef-c606-4114-8424-92d5713b38fe,2026-04-14,0fa694d4-ac92-42fb-8ac6-9711c91f236e,56dcae71-e69c-47ed-a032-d97b1b6a4131,2500,296875,0.00000000000000000000,296875.00000000000000000000,7 Days,Pending,2026-06-18 23:55:42.102791+00
e6e7981a-79a5-4d5a-b3b5-2fe055446c6b,3513a226-565b-4dcd-9941-aef410955d68,363be788-50e6-4e6f-b37d-d9ddb7a7864b,2026-04-14,cc1c75ac-51c8-428e-9f70-77c001aad47c,1dcaa77f-a4d8-43c0-9bf0-cdfc60081e79,3000,294000,0.00000000000000000000,294000.00000000000000000000,15 Days,Pending,2026-06-18 23:55:42.102791+00
396838ec-3042-4e61-adb7-5cb5bcc907e3,3513a226-565b-4dcd-9941-aef410955d68,b5a0e23b-7872-475f-bcfd-00f4a760cb5c,2026-04-14,cc1c75ac-51c8-428e-9f70-77c001aad47c,56dcae71-e69c-47ed-a032-d97b1b6a4131,250,29687.5,0.00000000000000000000,29687.50000000000000000000,15 Days,Pending,2026-06-18 23:55:42.102791+00
12abedd1-691e-4f71-a9d3-c534c269f2ab,294fec58-045b-444c-80a7-fb73a7b0bced,4869f059-8242-45f3-afc2-6f7b97aedb80,2026-04-17,fdf56cc8-2c66-486d-ae8f-8f48c5a28b0c,1dcaa77f-a4d8-43c0-9bf0-cdfc60081e79,40,4200,0.00000000000000000000,4200.00000000000000000000,Cash Payment,Delivered,2026-06-18 23:55:42.102791+00
3ac2618c-49bf-4cae-b53e-693d9f97867d,8b599a86-6233-4b6c-afbf-566968e9bda8,4d15ad19-1be7-44b6-9fd5-0ae3f0fb519c,2026-04-20,2df9cb4d-3931-42d6-b71e-03529a9850cb,11fadc6b-27d2-4bf0-a616-a82ddf3a9742,2105,126300,0.00000000000000000000,126300.00000000000000000000,Cash Payment,Pending,2026-06-18 23:55:42.102791+00
07343aa6-2694-4000-9b7e-7d3c262be448,3bc06a9f-eb20-48a3-a41a-843b45c4a32c,0d2fb193-926f-4413-b711-28417e3f4660,2026-04-26,4b5902bf-67f1-4e06-8882-ca516c1842db,1dcaa77f-a4d8-43c0-9bf0-cdfc60081e79,3750,362500,0.00000000000000000000,362500.00000000000000000000,15 Days,Pending,2026-06-18 23:55:42.102791+00
060816f9-9511-4e92-a577-ddc177857a2f,3bc06a9f-eb20-48a3-a41a-843b45c4a32c,e5f70ba9-5560-41c9-b93c-349d6c85dc11,2026-04-26,4b5902bf-67f1-4e06-8882-ca516c1842db,791dab05-effd-43cd-842b-2eca9a776288,2800,332500,0.00000000000000000000,332500.00000000000000000000,15 Days,Pending,2026-06-18 23:55:42.102791+00
e4c34845-e0c4-4937-8a1a-3abd82c1cd63,9a286515-6ba1-4213-8c8e-beb0f6e316cf,f1be72c5-170f-4f98-be8f-714e417c6012,2026-04-28,71be3019-2872-4e46-9e8f-941663554ca2,6ddeaf11-7c7d-4907-bdeb-dc87313c98dd,830,97525,0.00000000000000000000,97525.00000000000000000000,15 Days,Pending,2026-06-18 23:55:42.102791+00
29c8d693-8615-45e8-9e63-d611eb801b14,000a806a-0d6e-4254-8afa-f4fa2e5d43fe,e0e38f49-8b20-45cd-a65b-eb391dd7c3c9,2025-11-18,71be3019-2872-4e46-9e8f-941663554ca2,,1,566200,0.00000000000000000000,566200.00000000000000000000,,Delivered,2026-06-18 23:55:42.102791+00
5559a3b6-9c6b-4cab-b111-e1c083b4058c,a273d943-0a1e-48d2-86c1-1a62ca9d8fb7,f06e625b-a67c-4e28-9e46-a488d596f593,2024-07-06,8da5249a-c2b8-48c3-b61c-12ecf6d898d8,,1,559200,0.00000000000000000000,559200.00000000000000000000,,Delivered,2026-06-18 23:55:42.102791+00
9303a012-b8fc-4d0a-b519-b699250e28a9,1a7d1ba9-c019-41ca-85d4-b94098232215,f0efb1df-45af-4c39-8b5f-da731145c69e,2025-01-06,4981436e-024e-4995-a548-d32aefa7e1e8,,1,555000,0.00000000000000000000,555000.00000000000000000000,,Delivered,2026-06-18 23:55:42.102791+00
e7fa4531-b680-430d-be60-5ed6bf502039,2aea9f1c-de37-4b31-9dcc-156c2e7f7885,f2929294-7b31-4cd0-9544-574954a31620,2025-05-05,6e294634-9504-4be4-960e-df2f3ae4b416,,1,681000,0.00000000000000000000,681000.00000000000000000000,,Delivered,2026-06-18 23:55:42.102791+00
d28663a3-3ad4-4f96-93d0-870701c893de,92f0d194-ecd3-4484-942d-471161a5905a,ee238d5d-d19f-4507-b428-6ff65be01713,2025-08-31,71be3019-2872-4e46-9e8f-941663554ca2,,1,659250,0.00000000000000000000,659250.00000000000000000000,,Delivered,2026-06-18 23:55:42.102791+00
8df66c55-181d-455d-8587-c70e54ac474c,b3137367-3787-40b6-b7be-a0aed6eee509,96a854d5-e400-42e7-bbd1-0d6164114412,2024-12-16,8da5249a-c2b8-48c3-b61c-12ecf6d898d8,,1,559000,0.00000000000000000000,559000.00000000000000000000,,Delivered,2026-06-18 23:55:42.102791+00
7f45ded2-6063-422c-8827-b174e66480c9,e9dcbc0e-bb44-44a5-b9f9-33ac901c057b,7fb494a5-f686-4faf-a22a-81a4e824e679,2025-02-19,71be3019-2872-4e46-9e8f-941663554ca2,,1,557317,0.00000000000000000000,557317.00000000000000000000,,Delivered,2026-06-18 23:55:42.102791+00
98ae2a80-e849-44f6-b976-59eb3152ffe0,37f2b197-60ed-4f60-99c1-f7794573f3e2,91fd8f51-c80f-47f7-9466-682120eb26db,2025-07-27,71be3019-2872-4e46-9e8f-941663554ca2,,1,554590,0.00000000000000000000,554590.00000000000000000000,,Delivered,2026-06-18 23:55:42.102791+00
d6d767c8-f74e-4972-9532-a9eb40bba996,ce25a82e-be2c-4ed4-98d5-813043595860,26d3a0bb-fc3a-4289-bf0e-b63adc53d7f8,2025-04-29,95c5d920-3701-494c-b8ec-568a66ffc4ad,,1,680000,0.00000000000000000000,680000.00000000000000000000,,Delivered,2026-06-18 23:55:42.102791+00
9766df59-7891-4dad-bb96-823c71d42c04,bf19045e-1c00-4ec0-998c-d46ea81dc646,30a6ecb0-fa03-4639-86a7-2ddc519fd704,2025-03-21,71be3019-2872-4e46-9e8f-941663554ca2,,1,653203,0.00000000000000000000,653203.00000000000000000000,,Delivered,2026-06-18 23:55:42.102791+00
87cbb120-ec54-4ceb-8d8c-40f982a2b3ea,b5bd5a65-658e-43c7-89b6-1996c180f530,2122c418-9f77-47d0-a4c1-3cd64066c579,2025-03-26,f0fcd114-c83c-4557-ab8e-29869eb50b7b,,1,625000,0.00000000000000000000,625000.00000000000000000000,,Delivered,2026-06-18 23:55:42.102791+00
307df8d8-3f21-41f9-a0b9-7c2fd6b1f819,28e8078f-5a0d-491a-80a2-16d4e6034ba8,e64bf8a1-f96c-4d97-acf2-e540bcf1730c,2025-12-02,242b18b0-2b6e-4ef6-b311-fa29444b997b,,1,609700,0.00000000000000000000,609700.00000000000000000000,,Delivered,2026-06-18 23:55:42.102791+00
401f2e18-31c5-4a25-9b74-6b7d4198a271,f49f7c1e-2724-4b41-8440-c752c71e7c31,6f605dd5-fdbd-4906-bdbd-15f2bd7828fb,2026-03-31,f0fcd114-c83c-4557-ab8e-29869eb50b7b,8dedb270-a04f-4214-b29c-c4bc4f2f78c7,2000,227500,0.00000000000000000000,227500.00000000000000000000,7 Days,Pending,2026-06-18 23:55:42.102791+00
41fca187-9163-40bd-b14c-f988dd7323eb,f49f7c1e-2724-4b41-8440-c752c71e7c31,7a80ac4d-4abe-4e15-b812-c0c96ce6a863,2026-03-31,f0fcd114-c83c-4557-ab8e-29869eb50b7b,791dab05-effd-43cd-842b-2eca9a776288,1600,206000,0.00000000000000000000,206000.00000000000000000000,7 Days,Pending,2026-06-18 23:55:42.102791+00
b1fc5cc6-77e8-42af-a4d6-36ec17a8b570,36e76f75-c02c-4f5e-9461-da8b5a61f4ff,b836e3c0-f9a9-434e-99dc-1eba6f394e12,2026-04-05,46259c13-632d-449f-a96f-f1deab0e0046,791dab05-effd-43cd-842b-2eca9a776288,1200,150000,0.00000000000000000000,150000.00000000000000000000,Immediate Payment,Pending,2026-06-18 23:55:42.102791+00
02fbf9ad-1195-4500-8d30-20aa3d03ba0a,52442a0a-18c8-4b87-97a4-abc86d33600f,242be044-84f2-434e-9f9d-95bf8b8b436e,2026-04-06,0fa694d4-ac92-42fb-8ac6-9711c91f236e,e7c36973-a89b-4a54-bb0c-a5164bcfb8d1,2250,232500,0.00000000000000000000,232500.00000000000000000000,7 Days,Pending,2026-06-18 23:55:42.102791+00
ba5e48f5-c0da-4b88-b1a2-8b6ebe4a5128,74eb6379-66c1-4f78-b777-72017c16805a,5e994f27-d9ad-427b-8f52-0f7876d1120d,2026-04-10,2df9cb4d-3931-42d6-b71e-03529a9850cb,10d5d88b-c74f-4e99-8435-ee1690d6c047,40,3580,0.00000000000000000000,3580.00000000000000000000,Cash Payment,Pending,2026-06-18 23:55:42.102791+00
783329f7-f4ec-4d50-80e4-03dfa386b7b8,b10e62fd-c938-4b18-93f9-5e20ee0f6f66,8ff1a3b5-b324-4818-ab51-9205ac629152,2026-04-13,3907239e-a3a6-4372-a3f2-e3025acb2412,1dcaa77f-a4d8-43c0-9bf0-cdfc60081e79,4500,441000,0.00000000000000000000,441000.00000000000000000000,15 Days,Pending,2026-06-18 23:55:42.102791+00
3baf73bf-53ee-4279-9405-1f5d7cffe169,b10e62fd-c938-4b18-93f9-5e20ee0f6f66,f9dbf8cc-6d2a-474c-a172-f44f520d474f,2026-04-13,3907239e-a3a6-4372-a3f2-e3025acb2412,791dab05-effd-43cd-842b-2eca9a776288,2000,242500,0.00000000000000000000,242500.00000000000000000000,15 Days,Pending,2026-06-18 23:55:42.102791+00
8cb57f1d-8436-4078-8751-d4bfe42da2d1,b10e62fd-c938-4b18-93f9-5e20ee0f6f66,938c2dc3-be87-405f-956b-c668540673b4,2026-04-13,3907239e-a3a6-4372-a3f2-e3025acb2412,56dcae71-e69c-47ed-a032-d97b1b6a4131,500,59380,0.00000000000000000000,59380.00000000000000000000,15 Days,Pending,2026-06-18 23:55:42.102791+00
a6ddffe3-f47f-400d-9e62-8f4ca20d79f6,66381fca-4bb9-4b55-ad9e-1752f9a7e46a,4a996860-8522-4bbb-900f-8274f45fb711,2026-04-20,1212e5df-2191-4eea-862f-248bb96835d6,791dab05-effd-43cd-842b-2eca9a776288,4800,564000,0.00000000000000000000,564000.00000000000000000000,15 Days,Delivered,2026-06-18 23:55:42.102791+00
f244105c-c227-438e-b58e-397cd6e65b05,056be1e5-858f-489d-956b-8621a7d70e71,649f89cb-654a-4e25-a24f-e590a52deaad,2026-04-28,fdf56cc8-2c66-486d-ae8f-8f48c5a28b0c,1dcaa77f-a4d8-43c0-9bf0-cdfc60081e79,15,1470,0.00000000000000000000,1470.00000000000000000000,Cash Payment,Delivered,2026-06-18 23:55:42.102791+00
d0f70475-882a-4c5a-9743-087a56ea4844,ba850929-9214-4e01-bb60-d77580790be6,d0849b32-8411-4822-a8d0-db0b89418e03,2026-04-05,2df9cb4d-3931-42d6-b71e-03529a9850cb,10d5d88b-c74f-4e99-8435-ee1690d6c047,3000,267000,0.00000000000000000000,267000.00000000000000000000,Cash Payment,Pending,2026-06-18 23:55:42.102791+00
cc1115ae-f011-4cc3-94ff-57572ff1db04,7dc9c2cc-cd41-4171-8835-998f31c659a8,38625f97-6231-4457-993f-9de7b59d443d,2026-05-04,99654bf2-99d2-4963-a48f-35d1eacc4352,07723aa8-9f8f-41ca-b623-c486bb145c1f,17000,1225000,0.00000000000000000000,1225000.00000000000000000000,Cash Payment,Pending,2026-06-18 23:55:42.102791+00
a95b4710-7516-44d3-86b2-c46b65c5b55c,092e8cfe-436a-48d4-8249-06cdda1bac4c,e2b5c107-b119-4410-a8db-80183bcebede,2026-05-07,7278af2d-7018-4d13-bb4d-1b35f4307714,56dcae71-e69c-47ed-a032-d97b1b6a4131,12800,1480000,0.00000000000000000000,1480000.00000000000000000000,Cash Payment,Pending,2026-06-18 23:55:42.102791+00
a039c02d-4ac4-4863-98fd-1afaefc16a12,9656c794-557f-4dfa-a1e8-5cf3eaaaf57a,b73bd433-ff02-422d-9a42-bb21f03baa2c,2024-05-31,8da5249a-c2b8-48c3-b61c-12ecf6d898d8,,1,562500,0.00000000000000000000,562500.00000000000000000000,,Delivered,2026-06-18 23:55:42.102791+00
9482bb18-9e2e-4ebe-8a7e-42b1c0612e98,cfbf2332-4278-450b-8d95-113a4fba4ff9,a896ffff-5c00-43ad-b0b2-bb53983b0418,2024-11-09,8da5249a-c2b8-48c3-b61c-12ecf6d898d8,,1,558000,0.00000000000000000000,558000.00000000000000000000,,Delivered,2026-06-18 23:55:42.102791+00
5414f122-6ae1-45ba-95bb-7707a0546f1b,49ed48e4-03a9-44e1-930f-675e761f4dcc,01affa2f-1410-464e-9dbf-2cb38b76ea7f,2025-10-06,71be3019-2872-4e46-9e8f-941663554ca2,,1,551810,0.00000000000000000000,551810.00000000000000000000,,Delivered,2026-06-18 23:55:42.102791+00
3557d572-7623-47b8-ad7a-819e7373b343,3612476d-4565-4977-9d38-60b82148dc1c,1bebca8e-e382-4ef2-94af-09e2478fb702,2025-12-09,71be3019-2872-4e46-9e8f-941663554ca2,,1,673825,0.00000000000000000000,673825.00000000000000000000,,Delivered,2026-06-18 23:55:42.102791+00
7396ac9c-2b8b-4314-a71a-fc935246fd03,7a47cc71-d857-46bc-a55d-d2d4e51ea2cf,0c380f64-ad4e-4519-abc5-24e9e318c66e,2025-07-20,99654bf2-99d2-4963-a48f-35d1eacc4352,,1,641999,0.00000000000000000000,641999.00000000000000000000,,Delivered,2026-06-18 23:55:42.102791+00
6097c642-c75b-49b7-bd75-75586661209a,33f74b94-d8ed-4f4e-ac4c-c4d6d694b3bf,92d2a6b3-9be6-4fc9-9cfd-27360b821eb4,2024-11-05,71be3019-2872-4e46-9e8f-941663554ca2,,1,690070,0.00000000000000000000,690070.00000000000000000000,,Delivered,2026-06-18 23:55:42.102791+00
e6cdcfe3-8794-4215-a757-e3f39b5c5e9c,ef7c1848-2e53-4058-975a-c03de40e7b97,1a7f9538-45e1-4994-843b-f51aef52c582,2025-06-15,71be3019-2872-4e46-9e8f-941663554ca2,,1,665195,0.00000000000000000000,665195.00000000000000000000,,Delivered,2026-06-18 23:55:42.102791+00
8768afb6-9866-493b-9622-2d8da302aeb7,144330e6-2799-44bc-95a6-78ff2764c15e,19f66e5a-97ea-40fb-9a10-f4cbfbea3653,2025-09-19,f3df996d-b48b-4239-8bf1-1e46b44fabd6,,1,637500,0.00000000000000000000,637500.00000000000000000000,,Delivered,2026-06-18 23:55:42.102791+00
ab94d341-d1d3-4f3d-9dee-1f3bafc35633,559f78f2-c3bc-4c92-89f9-31ebb581cdd1,0e5b0686-64ae-46a9-a0ce-95fa1fd9e83e,2025-04-23,a196000a-c83c-402d-8024-2a2c4dda447c,,1,614999,0.00000000000000000000,614999.00000000000000000000,,Delivered,2026-06-18 23:55:42.102791+00
415f1bc3-c096-49a9-909b-813975075aef,3209bb8b-00d8-4610-b198-336379042636,97ef97fb-0cdc-425a-9b3a-c94026b23c1d,2025-02-20,beb13cfd-593a-4390-b602-93a464c0d4d5,,1,607500,0.00000000000000000000,607500.00000000000000000000,,Delivered,2026-06-18 23:55:42.102791+00
b4ae3158-de56-4d05-a181-391563728755,084958cf-cc03-467f-ae43-a8ce2e85ae66,1b1296f7-4119-4b91-b338-7977985e2e40,2025-08-22,e99e6ca5-a4bb-4343-a635-49f04389ca2a,,1,603300,0.00000000000000000000,603300.00000000000000000000,,Delivered,2026-06-18 23:55:42.102791+00
d7c7a6bb-ace6-42ff-867f-cc71a7b56f78,d43cc3a8-604b-40ae-a732-b74aaf370983,0f3de7b6-0c92-41f6-97d9-7a824b6d7b9d,2026-03-31,71be3019-2872-4e46-9e8f-941663554ca2,10d5d88b-c74f-4e99-8435-ee1690d6c047,1200,107400,0.00000000000000000000,107400.00000000000000000000,15 Days,Pending,2026-06-18 23:55:42.102791+00
f2062ecf-9fda-4be7-8612-3a4f39771645,55c7feef-55ce-469a-80e8-1da4137ca1cd,70de1293-b094-499e-88a8-badd72a28bee,2026-04-01,c6e017b2-c27d-4969-95de-8284a705a232,791dab05-effd-43cd-842b-2eca9a776288,2000,250000,0.00000000000000000000,250000.00000000000000000000,Cash Payment,Pending,2026-06-18 23:55:42.102791+00
af062c55-423e-49f5-a4e4-d4e20cad77db,3605e637-5ba1-4573-8e53-5a9a97bb091a,9b50b9c1-48b7-48fb-a6b6-05532ebd199c,2026-04-03,4b5902bf-67f1-4e06-8882-ca516c1842db,1dcaa77f-a4d8-43c0-9bf0-cdfc60081e79,2250,232500,0.00000000000000000000,232500.00000000000000000000,15 Days,Pending,2026-06-18 23:55:42.102791+00
fab677a3-7ac8-4e8b-9fab-df8cf787f6f1,dbf87bc6-713a-42cf-80be-84819daece0d,482a6eea-fdfa-4a39-8a58-01f79fc1b976,2026-04-03,2fc9f32e-878b-46d8-a0a6-0fbb24336bda,1dcaa77f-a4d8-43c0-9bf0-cdfc60081e79,1500,155000,0.00000000000000000000,155000.00000000000000000000,7 Days,Pending,2026-06-18 23:55:42.102791+00
f3a9bde0-2b48-4b31-b679-c5a7bff4b21b,537c8e71-e852-4c9e-a1a9-5cf1bf252d16,bcf95075-a6d7-428e-8c71-641d038e5813,2026-04-08,4b5902bf-67f1-4e06-8882-ca516c1842db,e7c36973-a89b-4a54-bb0c-a5164bcfb8d1,2250,232500,0.00000000000000000000,232500.00000000000000000000,15 Days,Pending,2026-06-18 23:55:42.102791+00
d46b0ad1-5196-4589-b876-cfc595d35853,c5037ab1-bd32-4685-a15e-6f179b3a914c,aebb6871-2d3b-477d-a06b-3174d1303b2e,2026-04-09,71be3019-2872-4e46-9e8f-941663554ca2,791dab05-effd-43cd-842b-2eca9a776288,3200,400000,0.00000000000000000000,400000.00000000000000000000,15 Days,Pending,2026-06-18 23:55:42.102791+00
8376d366-9fff-4f7d-a38e-82602fab9fca,f9d3b200-7bb6-4881-9f49-44483e5ab75e,52731d1d-30cd-4465-8cd7-bfe0c4c15bb1,2026-04-16,ee94c91b-f5ff-4b99-9fd2-0a205f94f1bf,1dcaa77f-a4d8-43c0-9bf0-cdfc60081e79,750,73500,0.00000000000000000000,73500.00000000000000000000,15 Days,Pending,2026-06-18 23:55:42.102791+00
6d60141d-4c47-4bb4-8684-1842e52ffe0f,f9d3b200-7bb6-4881-9f49-44483e5ab75e,c8012238-8db5-4a85-809b-3906748ef83c,2026-04-16,ee94c91b-f5ff-4b99-9fd2-0a205f94f1bf,791dab05-effd-43cd-842b-2eca9a776288,1600,192000,0.00000000000000000000,192000.00000000000000000000,15 Days,Pending,2026-06-18 23:55:42.102791+00
12ead674-ea50-4e14-b2b1-52dcf1dce9af,c3befa23-cf68-45f6-87c9-ec185d941edf,41a8ce5e-27e5-4a9c-a278-bce6c9ddb574,2026-04-27,fdf56cc8-2c66-486d-ae8f-8f48c5a28b0c,1dcaa77f-a4d8-43c0-9bf0-cdfc60081e79,80,8000,0.00000000000000000000,8000.00000000000000000000,Cash Payment,Delivered,2026-06-18 23:55:42.102791+00
679e1af0-8d7c-474c-aadd-fb2ead3030de,42ca48a9-8642-4a94-8632-2dcd02758791,9c1b72dc-7735-47a1-a872-801a2e783303,2026-05-03,7278af2d-7018-4d13-bb4d-1b35f4307714,56dcae71-e69c-47ed-a032-d97b1b6a4131,12800,1480000,0.00000000000000000000,1480000.00000000000000000000,Cash Payment,Pending,2026-06-18 23:55:42.102791+00
088b3106-e888-4989-8f25-37b1ed5a2b68,a3aad85c-7be0-4da0-805a-68dfb41f1535,df9f5329-7cd6-4b0a-8c42-8a861eec99f3,2024-07-17,71be3019-2872-4e46-9e8f-941663554ca2,,1,562400,0.00000000000000000000,562400.00000000000000000000,,Delivered,2026-06-18 23:55:42.102791+00
9e8f9988-a5e3-49b3-8f92-55a7e88f0a6f,2a90f96c-1c19-4a1b-ab4f-4dff1db338da,1bca463c-4ded-4056-8934-8b43645df725,2025-01-19,e50cb861-132f-46f8-adef-85c4c7c29fb5,,1,556250,0.00000000000000000000,556250.00000000000000000000,,Delivered,2026-06-18 23:55:42.102791+00
6bf81635-8ba0-471e-acb3-3f32c3e187c9,fe3f2d59-16e8-420c-89b8-b5aeb791a198,9b7abd16-4259-4602-9a60-b32913b65bd7,2025-07-29,71be3019-2872-4e46-9e8f-941663554ca2,,1,687602,0.00000000000000000000,687602.00000000000000000000,,Delivered,2026-06-18 23:55:42.102791+00
2f62a24c-00ad-4127-a535-41e3518664d3,f834fb9c-02e9-4d45-89db-002ce4428da0,131112a3-f4d7-404d-b8d6-53f6df453cc1,2025-12-18,71be3019-2872-4e46-9e8f-941663554ca2,,1,666837,0.00000000000000000000,666837.00000000000000000000,,Delivered,2026-06-18 23:55:42.102791+00
879bfcb6-c003-45f6-b5f4-2b411b1d1d29,381b0357-9451-491f-8a37-ce8020d7ead7,1d690eac-0f1d-42a4-a1da-fd09a846dd43,2026-01-23,71be3019-2872-4e46-9e8f-941663554ca2,,1,636000,0.00000000000000000000,636000.00000000000000000000,,Delivered,2026-06-18 23:55:42.102791+00
b05f9a67-3d9d-4563-9b39-565537bb1e5f,cef14b8e-4201-4c29-8073-906530aab4fd,939bb691-fb56-4bb7-a260-ec8da0f7a01e,2026-01-22,13434759-d4fc-4dc9-ad3b-480ab7211da2,,1,617039,0.00000000000000000000,617039.00000000000000000000,,Delivered,2026-06-18 23:55:42.102791+00
b3d34d46-9167-46a6-85f9-b757cea465ea,245183fc-385e-48e9-a0b7-f85dc06be066,c1f58f84-1b8b-488a-9e42-96d7c3e1b060,2026-02-13,71be3019-2872-4e46-9e8f-941663554ca2,,1,609500,0.00000000000000000000,609500.00000000000000000000,,Delivered,2026-06-18 23:55:42.102791+00
c8533476-f5d0-4098-85c3-a86c81da76c8,1a1f4f79-bb8b-48f3-964d-40a61ae60845,cd6108b8-8eb9-4b3e-bc8a-ba262308eb68,2025-01-13,e0140edd-1909-49ae-9bdf-d36e683f578d,,1,596000,0.00000000000000000000,596000.00000000000000000000,,Delivered,2026-06-18 23:55:42.102791+00
7b310d99-1333-4048-b6f2-0c954924a3d8,527a585f-2d29-459a-aa8d-4f07be768fc3,9557d8f2-c53b-462c-a2a8-e6b4867f01d1,2025-01-13,94840a95-c5bb-495e-a6b6-b69f8754b8b8,,1,574500,0.00000000000000000000,574500.00000000000000000000,,Delivered,2026-06-18 23:55:42.102791+00
045bbeed-25a3-4d03-8bd2-c94fcbc9382c,60b5deb0-c5be-4d53-b832-195d0d02baff,b6bbda49-0588-4145-9ba8-33588bc39d78,2024-11-19,8da5249a-c2b8-48c3-b61c-12ecf6d898d8,,1,569000,0.00000000000000000000,569000.00000000000000000000,,Delivered,2026-06-18 23:55:42.102791+00
0c29aaa9-77e0-4b6e-9f6f-2d98b6b5e6d9,4760c1fa-a944-4118-b35c-9fa9b709b298,bc25f6fc-c3ae-4af2-b80e-aae7151a76b1,2024-07-08,8da5249a-c2b8-48c3-b61c-12ecf6d898d8,,1,561300,0.00000000000000000000,561300.00000000000000000000,,Delivered,2026-06-18 23:55:42.102791+00
075c41c8-8c72-44fe-b1a1-4af81b8721c3,c6102bae-0a69-4d7e-b668-ad184819002f,e4091758-4963-4cdf-99bb-1a5f51910345,2024-07-19,4f0cd4d4-6997-4586-b94d-cfbfc15ccd92,,1,551825,0.00000000000000000000,551825.00000000000000000000,,Delivered,2026-06-18 23:55:42.102791+00
77216b53-63bd-465b-a649-56fa76fea06a,2f06671e-3bca-441d-984b-6a6e21ba8b6f,c6d2aa31-fd8b-49bb-97f9-6d27ffb534c8,2025-10-16,f3df996d-b48b-4239-8bf1-1e46b44fabd6,,1,671625,0.00000000000000000000,671625.00000000000000000000,,Delivered,2026-06-18 23:55:42.102791+00
b12072ce-00c2-44f4-8b83-51270d70963e,32bf6a4c-f812-4f71-b61e-b91a6e3252ac,3e095550-1681-4230-b70c-0bc8c206b3f1,2025-03-25,e50cb861-132f-46f8-adef-85c4c7c29fb5,,1,647999,0.00000000000000000000,647999.00000000000000000000,,Delivered,2026-06-18 23:55:42.102791+00
67c3588d-faf2-44ab-b9e6-36a162c4c9b6,8c13bf1c-49bf-4701-9ae5-b4ee9361476a,ff03b18d-1a2a-40f7-b961-68b66d2cbafd,2025-06-15,71be3019-2872-4e46-9e8f-941663554ca2,,1,616800,0.00000000000000000000,616800.00000000000000000000,,Delivered,2026-06-18 23:55:42.102791+00
5da18b98-3caa-42c9-b487-8b74f51f1d94,12f52b7c-e71d-48d0-9bb1-6d26544c955a,05f57b6f-561f-4b0f-b8de-14b01f1efab2,2026-03-31,2df9cb4d-3931-42d6-b71e-03529a9850cb,10d5d88b-c74f-4e99-8435-ee1690d6c047,1960,174440,0.00000000000000000000,174440.00000000000000000000,Cash Payment,Pending,2026-06-18 23:55:42.102791+00
60daa888-74c1-44a9-b304-67f02d877ea8,12f52b7c-e71d-48d0-9bb1-6d26544c955a,5f79bc95-02ca-4194-a401-6b696e843b6e,2026-03-31,2df9cb4d-3931-42d6-b71e-03529a9850cb,10d5d88b-c74f-4e99-8435-ee1690d6c047,4000,356000,0.00000000000000000000,356000.00000000000000000000,Cash Payment,Pending,2026-06-18 23:55:42.102791+00
4113a678-b53d-4e4e-b24b-860f4f4717ab,1379935c-d6c6-4de6-945e-77e77f730a86,31994ed2-7723-4f52-9a11-07c1d004681a,2026-04-03,71be3019-2872-4e46-9e8f-941663554ca2,10d5d88b-c74f-4e99-8435-ee1690d6c047,3000,268500,0.00000000000000000000,268500.00000000000000000000,15 Days,Pending,2026-06-18 23:55:42.102791+00
2c4c5e25-7b1e-4f39-8a16-4dad790f2de6,1379935c-d6c6-4de6-945e-77e77f730a86,64abed7d-1693-493e-a363-b26c3ef3dfd4,2026-04-03,71be3019-2872-4e46-9e8f-941663554ca2,6ddeaf11-7c7d-4907-bdeb-dc87313c98dd,2000,260000,0.00000000000000000000,260000.00000000000000000000,15 Days,Pending,2026-06-18 23:55:42.102791+00
de1fd8f8-e6ff-41cb-87a1-b68802ddf26e,e0232cd6-d724-4fc8-b85a-7c3707b61399,5ad3c3fb-8c4f-488a-b319-dc0c2f004477,2026-04-05,46259c13-632d-449f-a96f-f1deab0e0046,791dab05-effd-43cd-842b-2eca9a776288,800,100000,0.00000000000000000000,100000.00000000000000000000,Immediate Payment,Pending,2026-06-18 23:55:42.102791+00
b9c8d5e5-f895-4da2-b516-de281280d94a,ad776584-7dc3-422f-b191-66ce360f9504,6d03ed93-fddf-412c-a549-78a412ccc104,2026-04-06,6bfd0ec9-30f4-495c-b104-f19a6d20505a,e7c36973-a89b-4a54-bb0c-a5164bcfb8d1,1800,186000,0.00000000000000000000,186000.00000000000000000000,7 Days,Pending,2026-06-18 23:55:42.102791+00
6be4a9b6-c104-4676-9132-3742ea9714ad,d0d6b6e9-81a8-454b-944d-32a4dd1e21e5,87d2ea88-b019-44ad-aa22-a86b06b34717,2026-04-12,c6e017b2-c27d-4969-95de-8284a705a232,791dab05-effd-43cd-842b-2eca9a776288,2000,250000,0.00000000000000000000,250000.00000000000000000000,Cash Payment,Pending,2026-06-18 23:55:42.102791+00
05214650-4078-4522-a1c2-27e6394eca8d,6bc24686-6849-4edc-91f4-7041700032ef,ec177261-cbec-47aa-a74e-d9e847132869,2026-04-13,516eb9ad-ee68-4e36-9328-692922b9061c,791dab05-effd-43cd-842b-2eca9a776288,2000,242500,0.00000000000000000000,242500.00000000000000000000,15 Days,Pending,2026-06-18 23:55:42.102791+00
389defa5-ed6f-4b0a-9794-1a1f8f72fa04,87d70d51-ceab-4bb7-8492-1cd7f367d445,e464ed01-dbdd-4f8c-ad6a-5baa8fea2c0a,2026-04-19,ef173824-236e-4589-af6a-5bd7edb0e89f,56dcae71-e69c-47ed-a032-d97b1b6a4131,12800,1648000,0.00000000000000000000,1648000.00000000000000000000,2 Month,Delivered,2026-06-18 23:55:42.102791+00
f565ef40-eecd-4c7d-bdf1-d6794da2408f,41b0aca6-f991-4679-b8ec-21c891d1fb95,0df69633-69d7-45fb-aae0-1b30f54c96a7,2026-04-21,71be3019-2872-4e46-9e8f-941663554ca2,1dcaa77f-a4d8-43c0-9bf0-cdfc60081e79,4470,429120,0.00000000000000000000,429120.00000000000000000000,15 Days,Pending,2026-06-18 23:55:42.102791+00
fb65ba13-985a-40bf-9b09-f6408d8d9325,41b0aca6-f991-4679-b8ec-21c891d1fb95,d36e8816-ae11-4fb0-8a41-5dbb5b619176,2026-04-21,71be3019-2872-4e46-9e8f-941663554ca2,791dab05-effd-43cd-842b-2eca9a776288,4480,526400,0.00000000000000000000,526400.00000000000000000000,15 Days,Pending,2026-06-18 23:55:42.102791+00
369ae649-7e43-46d5-96f9-1f3ce5c3bf08,0e0d773f-aa7d-41d1-b464-10c6f5b0878d,55b04d99-45ec-4e47-98b4-197a1af0b05e,2026-04-23,fdf56cc8-2c66-486d-ae8f-8f48c5a28b0c,1dcaa77f-a4d8-43c0-9bf0-cdfc60081e79,40,4200,0.00000000000000000000,4200.00000000000000000000,Cash Payment,Delivered,2026-06-18 23:55:42.102791+00
63723d58-006c-448b-ae92-921c802dc70d,5e5ec1a5-0dd4-441d-b32c-29e8b70866e7,53b32bde-53d4-4824-8f9a-4cd07eb41348,2026-04-28,0fa694d4-ac92-42fb-8ac6-9711c91f236e,1dcaa77f-a4d8-43c0-9bf0-cdfc60081e79,2250,217500,0.00000000000000000000,217500.00000000000000000000,7 Days,Pending,2026-06-18 23:55:42.102791+00
660acaa1-016e-46f6-9fbd-f8b0a078f386,5e5ec1a5-0dd4-441d-b32c-29e8b70866e7,4e8beb80-9d2d-4b94-a2f7-c8d4d9379ac7,2026-04-28,0fa694d4-ac92-42fb-8ac6-9711c91f236e,791dab05-effd-43cd-842b-2eca9a776288,2400,285000,0.00000000000000000000,285000.00000000000000000000,7 Days,Pending,2026-06-18 23:55:42.102791+00
65f909a4-81b3-4f08-820b-6be0d3f64eed,5d0e3f64-f026-40cf-aaa9-7d07afec0c7f,335b08bf-6db1-4e2b-a47d-db56e6610fd9,2024-10-13,71be3019-2872-4e46-9e8f-941663554ca2,,1,621762,0.00000000000000000000,621762.00000000000000000000,,Delivered,2026-06-18 23:55:42.102791+00
cab37f72-2248-43df-98af-aa0ee93046a0,2439e874-5dc4-4220-b82a-10d0246d525f,39103fca-f064-4c34-9de9-d5109a859311,2025-06-02,6e294634-9504-4be4-960e-df2f3ae4b416,,1,610000,0.00000000000000000000,610000.00000000000000000000,,Delivered,2026-06-18 23:55:42.102791+00
5f98787d-b684-4580-906f-ce1b8bc4f37c,42ed250c-3a98-475c-9ccf-f63e2ecc00c4,8d5c25be-e891-4db0-9d6c-3b3089151f7b,2025-05-16,6e294634-9504-4be4-960e-df2f3ae4b416,,1,600000,0.00000000000000000000,600000.00000000000000000000,,Delivered,2026-06-18 23:55:42.102791+00
70c60d00-0fa7-48ac-82ee-7bc0307de654,bf78ada3-d2b3-4544-b640-f10bc6217188,cb897cfa-854f-4947-a4e8-0053021f9c1d,2024-08-12,8da5249a-c2b8-48c3-b61c-12ecf6d898d8,,1,577500,0.00000000000000000000,577500.00000000000000000000,,Delivered,2026-06-18 23:55:42.102791+00
22f94178-8051-45a5-894f-76d075f88b1c,d5810be8-c7f0-4a66-87a8-e3a29947cd66,61f7a915-4fd7-4016-b6b2-80a2e84b201f,2024-12-19,71be3019-2872-4e46-9e8f-941663554ca2,,1,570000,0.00000000000000000000,570000.00000000000000000000,,Delivered,2026-06-18 23:55:42.102791+00
835aabba-4e74-4710-9945-b4e1cb7004e2,355ff8f6-6727-4994-901b-289ad3edbd9e,d0ed4c25-71a2-4546-998a-b9987dc73817,2025-05-04,6e294634-9504-4be4-960e-df2f3ae4b416,,1,562500,0.00000000000000000000,562500.00000000000000000000,,Delivered,2026-06-18 23:55:42.102791+00
9f7f8666-d5ad-48f0-b51b-ab54972b0ece,93d57acc-3d55-455f-a4b0-0a892b1dc57e,a5e4f808-46c5-4e33-999f-1b8f80c0b085,2025-11-30,71be3019-2872-4e46-9e8f-941663554ca2,,1,558750,0.00000000000000000000,558750.00000000000000000000,,Delivered,2026-06-18 23:55:42.102791+00
23c7503f-3ab2-48b0-9c8b-9dfcd108860d,5b082470-8cb8-42bd-b60a-b296748d389b,a9ca74c7-c6a2-43b0-904f-7c95c19c64e1,2025-03-17,71be3019-2872-4e46-9e8f-941663554ca2,,1,555500,0.00000000000000000000,555500.00000000000000000000,,Delivered,2026-06-18 23:55:42.102791+00
0090a936-436f-4046-8384-3edf267e13a0,37baf339-302d-4747-916f-873052417a38,440aef74-d47d-431a-8dba-0b60235f82fd,2025-04-08,71be3019-2872-4e46-9e8f-941663554ca2,,1,608395,0.00000000000000000000,608395.00000000000000000000,,Delivered,2026-06-18 23:55:42.102791+00
1850e888-9d59-4f2d-9130-ad4b6bf128e5,4e4f7a14-1d85-4405-9cfc-191bc4b82c60,48fa845b-2735-44c6-9c1e-52587460b210,2026-03-13,71be3019-2872-4e46-9e8f-941663554ca2,10d5d88b-c74f-4e99-8435-ee1690d6c047,5000,447500,0.00000000000000000000,447500.00000000000000000000,15 Days,Pending,2026-06-18 23:55:42.102791+00
bf6739bd-892a-4311-be5b-8def0a5e653f,09631f54-9184-4e12-9651-a643e367eab9,7af266ae-99d5-4e2d-a262-88ffb9d68920,2026-03-31,2df9cb4d-3931-42d6-b71e-03529a9850cb,1dcaa77f-a4d8-43c0-9bf0-cdfc60081e79,15,1550,0.00000000000000000000,1550.00000000000000000000,Cash Payment,Pending,2026-06-18 23:55:42.102791+00
1d51374a-50fe-4f61-9a84-0788c42f0330,94717df0-8f3b-403f-b031-0b1fd4c7a0be,c6f5bc77-46d9-4ee7-a6d1-b517bea2d73d,2026-04-01,71be3019-2872-4e46-9e8f-941663554ca2,10d5d88b-c74f-4e99-8435-ee1690d6c047,450,40275,0.00000000000000000000,40275.00000000000000000000,15 Days,Pending,2026-06-18 23:55:42.102791+00
ea23f57c-ffa2-45ab-a522-f17965b3cf35,94717df0-8f3b-403f-b031-0b1fd4c7a0be,83cba206-8de9-4309-be94-94a1da125616,2026-04-01,71be3019-2872-4e46-9e8f-941663554ca2,10d5d88b-c74f-4e99-8435-ee1690d6c047,1200,107400,0.00000000000000000000,107400.00000000000000000000,15 Days,Pending,2026-06-18 23:55:42.102791+00
2e8e8ab0-9ec5-47fd-b087-3cebccba4c3b,94717df0-8f3b-403f-b031-0b1fd4c7a0be,bafaa87c-d2ae-41ab-a8d1-bcb559a56b68,2026-04-01,71be3019-2872-4e46-9e8f-941663554ca2,1dcaa77f-a4d8-43c0-9bf0-cdfc60081e79,750,77500,0.00000000000000000000,77500.00000000000000000000,15 Days,Pending,2026-06-18 23:55:42.102791+00
e9b42334-92fe-4ae9-b552-dbb3b13d3b5a,94717df0-8f3b-403f-b031-0b1fd4c7a0be,030ba2e9-eeed-4323-a8fc-fb92b8270827,2026-04-01,71be3019-2872-4e46-9e8f-941663554ca2,f44d95fe-73b2-4163-b5f1-c63305ee8b44,4320,453600,0.00000000000000000000,453600.00000000000000000000,15 Days,Pending,2026-06-18 23:55:42.102791+00
afea3fb2-3e39-431e-808f-f4e85076eb43,94717df0-8f3b-403f-b031-0b1fd4c7a0be,d1cfa470-28b0-4576-a07a-e9958d9dc872,2026-04-01,71be3019-2872-4e46-9e8f-941663554ca2,791dab05-effd-43cd-842b-2eca9a776288,960,120000,0.00000000000000000000,120000.00000000000000000000,15 Days,Pending,2026-06-18 23:55:42.102791+00
a0024bed-8a57-4a97-bfbf-3f49eeb412d7,94717df0-8f3b-403f-b031-0b1fd4c7a0be,5fcd0c95-4e8a-4810-91b5-9a3ed10e2165,2026-04-01,71be3019-2872-4e46-9e8f-941663554ca2,56dcae71-e69c-47ed-a032-d97b1b6a4131,700,85750,0.00000000000000000000,85750.00000000000000000000,15 Days,Pending,2026-06-18 23:55:42.102791+00
108e9fd2-359d-4f87-8cc1-d79d8a449351,b37eaaad-8b0e-4685-b281-c30b75833205,5a4105e6-1d51-48a2-b4e2-c2c346338bcc,2026-04-08,2fc9f32e-878b-46d8-a0a6-0fbb24336bda,e7c36973-a89b-4a54-bb0c-a5164bcfb8d1,1500,155000,0.00000000000000000000,155000.00000000000000000000,7 Days,Pending,2026-06-18 23:55:42.102791+00
3ef5f72c-98bb-4c58-b8ad-d3e6fa1021be,b8ca1d87-f240-41e2-8381-448c08a88c16,ef91261c-28c5-4469-87b4-812935b01f71,2026-04-09,71be3019-2872-4e46-9e8f-941663554ca2,e7c36973-a89b-4a54-bb0c-a5164bcfb8d1,3600,372000,0.00000000000000000000,372000.00000000000000000000,15 Days,Pending,2026-06-18 23:55:42.102791+00
a9cef44b-d47c-47ca-8d84-4ac71348eac6,79125090-8ce8-47fa-b2fc-633256e21974,edaaedbf-1216-4d87-8766-a223737163f0,2026-04-13,875a62db-28fd-4bff-9a4c-da458a2b8056,56dcae71-e69c-47ed-a032-d97b1b6a4131,3000,356280,0.00000000000000000000,356280.00000000000000000000,15 Days,Pending,2026-06-18 23:55:42.102791+00
a6e6cf7d-0939-4d78-b704-ebaad8eb2ef3,a7c58bc4-de8b-4e69-9a0b-9df87a9ea311,f51ae097-b950-4a8d-806f-8776327ec182,2026-04-13,2df9cb4d-3931-42d6-b71e-03529a9850cb,10d5d88b-c74f-4e99-8435-ee1690d6c047,20,2100,0.00000000000000000000,2100.00000000000000000000,Cash Payment,Pending,2026-06-18 23:55:42.102791+00
e42aabf2-f39d-48ad-a5b3-6b5f266d9ba9,4374bf9d-f09f-4e6b-8aed-20343eb8ee05,abf12305-a796-4bab-86e2-c38af27db6ec,2026-04-16,53308ef6-2f48-4765-99a9-ea0e45efd108,1dcaa77f-a4d8-43c0-9bf0-cdfc60081e79,750,73500,0.00000000000000000000,73500.00000000000000000000,15 Days,Pending,2026-06-18 23:55:42.102791+00
eeafc8a3-7c2c-4bc6-9bb8-33c25eb15df4,4374bf9d-f09f-4e6b-8aed-20343eb8ee05,e4644aac-2824-45a6-8c2c-a5073bc9fe10,2026-04-16,53308ef6-2f48-4765-99a9-ea0e45efd108,791dab05-effd-43cd-842b-2eca9a776288,1600,192000,0.00000000000000000000,192000.00000000000000000000,15 Days,Pending,2026-06-18 23:55:42.102791+00
af395baa-9a1c-479b-b9b7-a567b0f16f0e,ac09d746-c519-41ae-80b6-0508ba9f6c1d,ae7718b3-0544-4a49-9fcf-bd67977431c4,2026-04-21,2df9cb4d-3931-42d6-b71e-03529a9850cb,11fadc6b-27d2-4bf0-a616-a82ddf3a9742,1925,115500,0.00000000000000000000,115500.00000000000000000000,Cash Payment,Pending,2026-06-18 23:55:42.102791+00
5241584c-13da-4009-a81d-6036932ac52f,a318c76b-6c7a-463f-b9ce-ed7051b0a502,b64b01a0-f85f-4a91-8153-94b8d6614c99,2026-04-27,fdf56cc8-2c66-486d-ae8f-8f48c5a28b0c,1dcaa77f-a4d8-43c0-9bf0-cdfc60081e79,15,1450,0.00000000000000000000,1450.00000000000000000000,Cash Payment,Delivered,2026-06-18 23:55:42.102791+00
1045560e-cc69-4777-95ab-1ba93e739cdd,25defe5c-72f5-471e-8482-ad3add9af286,293bd8f4-5f7a-444c-bc9d-db4c1e932ece,2026-04-28,f83e8351-57ae-4284-99c8-3d0905e11e48,1dcaa77f-a4d8-43c0-9bf0-cdfc60081e79,1500,145000,0.00000000000000000000,145000.00000000000000000000,15 Days,Pending,2026-06-18 23:55:42.102791+00
4cba79e7-9bef-4768-a4d2-de3666f3015a,30af86e4-978e-4802-b723-34147b797909,d86e4edb-f4ce-45f8-b307-4bfd2a9f4af7,2026-05-03,fdf56cc8-2c66-486d-ae8f-8f48c5a28b0c,1dcaa77f-a4d8-43c0-9bf0-cdfc60081e79,15,1450,0.00000000000000000000,1450.00000000000000000000,Cash Payment,Delivered,2026-06-18 23:55:42.102791+00
311c9ae6-9e1a-4026-9c29-bc473a9a429c,7605b130-8e7b-4789-97de-01e9dc7e0de1,5d811ba1-7585-4c4d-9746-f8ac7186b1ea,2026-05-05,d4686b2c-519c-4f5f-9839-c125dddade95,1dcaa77f-a4d8-43c0-9bf0-cdfc60081e79,1580,158000,0.00000000000000000000,158000.00000000000000000000,15 Days,Pending,2026-06-18 23:55:42.102791+00
fcd88193-dba6-480a-8a0f-7b635802bd3e,7605b130-8e7b-4789-97de-01e9dc7e0de1,5a16c934-66ae-4a80-a7f4-68ebda0f8934,2026-05-05,d4686b2c-519c-4f5f-9839-c125dddade95,791dab05-effd-43cd-842b-2eca9a776288,6800,790500,0.00000000000000000000,790500.00000000000000000000,15 Days,Pending,2026-06-18 23:55:42.102791+00
32c35650-da99-4953-9d54-b1c156c1a36f,9cbe5b1d-94d9-4be5-bc5d-a69cb809050d,cdb2df63-c23a-4294-8e81-7c6ac14a33e9,2025-05-30,71be3019-2872-4e46-9e8f-941663554ca2,,1,607500,0.00000000000000000000,607500.00000000000000000000,,Delivered,2026-06-18 23:55:42.102791+00
b217e4e9-e4f2-4653-b044-4add78addb29,3a001202-42d1-48a2-8229-dd78747afb49,b5b70e28-c152-465d-b820-0916dce23833,2024-07-28,f0fcd114-c83c-4557-ab8e-29869eb50b7b,,1,589502,0.00000000000000000000,589502.00000000000000000000,,Delivered,2026-06-18 23:55:42.102791+00
7c366dc1-4048-496e-83f4-8512e7ab7aff,5d0982b0-cf66-460c-8cbf-25da5b46516b,d73c267b-dd4a-477f-bf4a-907cebdb4deb,2024-07-25,8da5249a-c2b8-48c3-b61c-12ecf6d898d8,,1,573000,0.00000000000000000000,573000.00000000000000000000,,Delivered,2026-06-18 23:55:42.102791+00
cd12e58a-a24c-4d76-8568-a693dbc1c1a1,07ef1e54-a523-4edf-a85f-b0415960c3c4,85a15c54-63c5-4f08-a20c-1870869c7642,2024-10-07,58cacb19-26f8-4710-82a0-ef5aaf515fcd,,1,567187,0.00000000000000000000,567187.00000000000000000000,,Delivered,2026-06-18 23:55:42.102791+00
4a796ebe-7d0b-412c-8f3b-4a9c4cd3a7bd,d9e686f0-f0b9-417c-b6ad-80f3af9fab64,c5da2814-ebef-49c7-8799-0fb909d8d15a,2026-03-01,242b18b0-2b6e-4ef6-b311-fa29444b997b,791dab05-effd-43cd-842b-2eca9a776288,4000,505000,0.00000000000000000000,505000.00000000000000000000,Cash Payment,Pending,2026-06-18 23:55:42.102791+00
0aa2eacc-5859-4152-ac53-e475b3834750,62ed7362-fa4e-4921-aa29-14207413168a,e4e1f0fa-d242-4127-98f4-060b1c9c2371,2026-03-01,71be3019-2872-4e46-9e8f-941663554ca2,10d5d88b-c74f-4e99-8435-ee1690d6c047,1000,89500,0.00000000000000000000,89500.00000000000000000000,15 Days,Pending,2026-06-18 23:55:42.102791+00
a26bdf04-02f2-45c1-973f-965858c4218d,62ed7362-fa4e-4921-aa29-14207413168a,5d20e29a-19a4-4500-b9f6-63e6ad0dd5f0,2026-03-01,71be3019-2872-4e46-9e8f-941663554ca2,10d5d88b-c74f-4e99-8435-ee1690d6c047,4000,358000,0.00000000000000000000,358000.00000000000000000000,15 Days,Pending,2026-06-18 23:55:42.102791+00
4db72a79-8875-40bb-a92f-78ec1e9d4fab,e9999d5c-c672-4340-84d2-1cd13fb1e1b5,3066fce5-7cac-492b-8be7-823b17fe5801,2026-04-03,7278af2d-7018-4d13-bb4d-1b35f4307714,56dcae71-e69c-47ed-a032-d97b1b6a4131,12800,1648000,0.00000000000000000000,1648000.00000000000000000000,2 Month,Pending,2026-06-18 23:55:42.102791+00
cc8743fe-d423-40eb-8291-9e13d3ce6476,64c0a376-2962-45a6-9b55-6d0217df32ea,8ef6023b-a081-4b6f-9dec-926c37395840,2026-04-05,3f57352d-df9b-4863-bdf6-4e7a6f5e5f20,1dcaa77f-a4d8-43c0-9bf0-cdfc60081e79,30,3100,0.00000000000000000000,3100.00000000000000000000,Immediate Payment,Delivered,2026-06-18 23:55:42.102791+00
87f9c830-b041-4613-8cbd-aa0a567366f5,4c8d156f-14ef-4c21-89c0-b3bcdeb809b3,40377bab-5d32-4ba8-94e5-8e2f76ae1f1f,2026-04-05,81ac38e2-4f65-4e63-9f47-e21d96b7a523,10d5d88b-c74f-4e99-8435-ee1690d6c047,2000,178000,0.00000000000000000000,178000.00000000000000000000,7 Days,Pending,2026-06-18 23:55:42.102791+00
4fd148cc-580f-4a02-9764-cfd5d477b095,4c8d156f-14ef-4c21-89c0-b3bcdeb809b3,a2372174-c6c5-4d1e-9d1e-a2e866966f3e,2026-04-05,81ac38e2-4f65-4e63-9f47-e21d96b7a523,10d5d88b-c74f-4e99-8435-ee1690d6c047,2160,192240,0.00000000000000000000,192240.00000000000000000000,7 Days,Pending,2026-06-18 23:55:42.102791+00
d4225c81-c19b-4b1c-8cef-fd7e11abef48,e11e254a-58ec-4011-9398-9323deb275fc,527f2c8c-a229-496f-b18b-9436231a83fa,2026-03-01,71be3019-2872-4e46-9e8f-941663554ca2,10d5d88b-c74f-4e99-8435-ee1690d6c047,1000,89500,0.00000000000000000000,89500.00000000000000000000,15 Days,Pending,2026-06-18 23:55:42.102791+00
a592f9e2-286a-4f76-b278-9f894d467e85,e11e254a-58ec-4011-9398-9323deb275fc,cb031cbb-81c9-4d4d-97a3-bf450dc2e370,2026-03-01,71be3019-2872-4e46-9e8f-941663554ca2,10d5d88b-c74f-4e99-8435-ee1690d6c047,3000,268500,0.00000000000000000000,268500.00000000000000000000,15 Days,Pending,2026-06-18 23:55:42.102791+00
e2a3e326-174a-4c47-9ee8-e733e9dbbad7,6dbd178f-9249-4089-b9c9-2326e7a26cc4,09c622f5-2dde-45b8-aa20-e70ebc56b5ac,2026-03-01,add3d1ff-35de-4335-a95b-9db45afafaaa,10d5d88b-c74f-4e99-8435-ee1690d6c047,1000,89500,0.00000000000000000000,89500.00000000000000000000,Cash Payment,Pending,2026-06-18 23:55:42.102791+00
6472a4a4-526b-41c9-a346-1ff597d6409d,6dbd178f-9249-4089-b9c9-2326e7a26cc4,c3da2b63-734f-4852-b61a-38ac26906bdd,2026-03-01,add3d1ff-35de-4335-a95b-9db45afafaaa,10d5d88b-c74f-4e99-8435-ee1690d6c047,2500,223750,0.00000000000000000000,223750.00000000000000000000,Cash Payment,Pending,2026-06-18 23:55:42.102791+00
64f9bf7b-8a72-4bed-bc96-98a8d43c86a2,ed05a193-7316-4d05-97c8-40afa4bc1884,146fcb00-91ab-482d-b673-8978f66041b8,2026-03-01,628bcaf4-621f-4082-9aff-5ac50eb5f547,10d5d88b-c74f-4e99-8435-ee1690d6c047,1000,89500,0.00000000000000000000,89500.00000000000000000000,Cash Payment,Pending,2026-06-18 23:55:42.102791+00
0e58c1c9-73e0-4e0b-97a4-80665bdb8a3b,ed05a193-7316-4d05-97c8-40afa4bc1884,e7995368-4ade-4fb3-8914-35723b87b26e,2026-03-01,628bcaf4-621f-4082-9aff-5ac50eb5f547,10d5d88b-c74f-4e99-8435-ee1690d6c047,4000,358000,0.00000000000000000000,358000.00000000000000000000,Cash Payment,Pending,2026-06-18 23:55:42.102791+00
0ee3ad7a-76e9-447c-b3ce-efc9bccb7dfa,ec9d63b8-d309-4d4f-8194-c4fccc5da583,7a4fb547-5f0e-446e-bc4c-bc27369f0167,2026-03-01,d4686b2c-519c-4f5f-9839-c125dddade95,791dab05-effd-43cd-842b-2eca9a776288,3680,478400,0.00000000000000000000,478400.00000000000000000000,15 Days,Pending,2026-06-18 23:55:42.102791+00
fd081baa-79de-4ff3-89a9-67fb3a6983d6,89da5335-98b4-40a9-bbe1-ebd162dd5948,804f8d28-f37b-4330-9d03-9804b503424d,2026-03-01,4ae9fa30-be97-4a44-b82b-c4adbf2ddf2c,791dab05-effd-43cd-842b-2eca9a776288,1200,155250,0.00000000000000000000,155250.00000000000000000000,Cash Payment,Pending,2026-06-18 23:55:42.102791+00
50ca2dd9-ee6f-4cc6-bc54-b33d8902f62e,7e4dbfcf-a0f5-4838-b939-0a85f2538c0b,9cd2008f-50fe-4a2f-9175-4aaa94d9fff5,2026-03-01,13434759-d4fc-4dc9-ad3b-480ab7211da2,07723aa8-9f8f-41ca-b623-c486bb145c1f,6358,417197,0.00000000000000000000,417197.00000000000000000000,Cash Payment,Pending,2026-06-18 23:55:42.102791+00
c8f25d6d-8cc7-4656-8984-442681c4a728,7fe198da-cb21-4ef8-bffa-93340de431b2,4cc3e14b-a54c-44a1-aa82-0d5b4f4b03f1,2026-03-02,2df9cb4d-3931-42d6-b71e-03529a9850cb,10d5d88b-c74f-4e99-8435-ee1690d6c047,20,1800,0.00000000000000000000,1800.00000000000000000000,Cash Payment,Pending,2026-06-18 23:55:42.102791+00
b3bb3bf8-ad62-4461-b052-5a6e81dca467,1812ebd1-f48b-42f7-b91f-bc65bf271368,09b12c87-746d-4040-8836-521952eb6e9a,2026-03-02,46259c13-632d-449f-a96f-f1deab0e0046,791dab05-effd-43cd-842b-2eca9a776288,2480,322400,0.00000000000000000000,322400.00000000000000000000,Immediate Payment,Pending,2026-06-18 23:55:42.102791+00
f855e191-4477-44e8-a089-c43ea3087a79,0eda7ef6-3353-439b-ab20-92c4cd913c3c,7427f342-9b33-445c-9b00-944635eb7f85,2026-03-02,71be3019-2872-4e46-9e8f-941663554ca2,8dedb270-a04f-4214-b29c-c4bc4f2f78c7,5000,447500,0.00000000000000000000,447500.00000000000000000000,15 Days,Pending,2026-06-18 23:55:42.102791+00
306b07fc-55f4-4466-8d28-9f955e087478,94c3fff1-4236-49c5-8697-fef944157ad9,a460dc3a-71ad-4ef3-ac34-d61adef9adce,2026-03-02,fdf56cc8-2c66-486d-ae8f-8f48c5a28b0c,10d5d88b-c74f-4e99-8435-ee1690d6c047,40,3580,0.00000000000000000000,3580.00000000000000000000,Cash Payment,Pending,2026-06-18 23:55:42.102791+00
38238bf4-c27b-4c83-8922-9540f102ad5f,5adb7411-bf57-4ea7-9961-cda87141bd78,f2cdf8af-c3d6-4129-90ac-e9bace287d28,2026-03-02,628bcaf4-621f-4082-9aff-5ac50eb5f547,10d5d88b-c74f-4e99-8435-ee1690d6c047,500,44750,0.00000000000000000000,44750.00000000000000000000,Cash Payment,Pending,2026-06-18 23:55:42.102791+00
99a51002-7964-41e5-95cf-43a982c3635a,5adb7411-bf57-4ea7-9961-cda87141bd78,e8e09225-e6fe-41db-80b7-626d9890a21c,2026-03-02,628bcaf4-621f-4082-9aff-5ac50eb5f547,10d5d88b-c74f-4e99-8435-ee1690d6c047,4000,358000,0.00000000000000000000,358000.00000000000000000000,Cash Payment,Pending,2026-06-18 23:55:42.102791+00
2e273014-73fd-4af6-b242-1361334765c4,0f7e3b0e-ba23-4d55-b33f-e41854146fdb,8889541a-a110-4191-8b01-04f07e4490fc,2026-03-03,1e8b0fdf-a882-4a38-bf4a-36f1d58a0898,10d5d88b-c74f-4e99-8435-ee1690d6c047,1000,89500,0.00000000000000000000,89500.00000000000000000000,15 Days,Pending,2026-06-18 23:55:42.102791+00
fa453690-d024-44df-90b0-5eab0a90b4c2,0f7e3b0e-ba23-4d55-b33f-e41854146fdb,cd9ea7f8-ab4b-447b-a6c3-a99ff101bb8d,2026-03-03,1e8b0fdf-a882-4a38-bf4a-36f1d58a0898,10d5d88b-c74f-4e99-8435-ee1690d6c047,3500,313250,0.00000000000000000000,313250.00000000000000000000,15 Days,Pending,2026-06-18 23:55:42.102791+00
584211a6-4f08-48ac-b14d-708cddbea26d,02387e1a-8a72-47ce-894f-94a6d53dbc8e,83198b1c-eae7-44ad-9e9c-ed9ccbf35d5e,2026-03-03,6bfd0ec9-30f4-495c-b104-f19a6d20505a,10d5d88b-c74f-4e99-8435-ee1690d6c047,500,44750,0.00000000000000000000,44750.00000000000000000000,7 Days,Pending,2026-06-18 23:55:42.102791+00
447e67a4-c6bd-4b9e-bead-e8a751383723,02387e1a-8a72-47ce-894f-94a6d53dbc8e,fcb3616c-ead1-4077-8afe-28859e98b7a9,2026-03-03,6bfd0ec9-30f4-495c-b104-f19a6d20505a,10d5d88b-c74f-4e99-8435-ee1690d6c047,1000,89500,0.00000000000000000000,89500.00000000000000000000,7 Days,Pending,2026-06-18 23:55:42.102791+00
3e7f8c47-3e2d-4bf6-979c-25646e1c120e,7a6475d0-00b7-48e1-9046-ec7aa724115f,3d1d8294-a026-4b76-802e-40b661ccffe2,2026-03-03,cc1c75ac-51c8-428e-9f70-77c001aad47c,10d5d88b-c74f-4e99-8435-ee1690d6c047,1000,89500,0.00000000000000000000,89500.00000000000000000000,15 Days,Pending,2026-06-18 23:55:42.102791+00
b82a91dd-4939-4bdb-9c6e-e7c8fe5625db,7a6475d0-00b7-48e1-9046-ec7aa724115f,a1b5590f-57ea-4a61-9088-f74533a9345d,2026-03-03,cc1c75ac-51c8-428e-9f70-77c001aad47c,10d5d88b-c74f-4e99-8435-ee1690d6c047,1000,89500,0.00000000000000000000,89500.00000000000000000000,15 Days,Pending,2026-06-18 23:55:42.102791+00
3d585af3-feb3-482b-999a-b8ce3ba4e37a,97f04cdd-f726-4643-81a0-a5b6371f0548,133b1dcc-f9f6-488f-b790-4cdae7ba8856,2026-03-03,ba202cd1-1a40-4147-b679-0ece50f6be0a,56dcae71-e69c-47ed-a032-d97b1b6a4131,3500,446250,0.00000000000000000000,446250.00000000000000000000,15 Days,Pending,2026-06-18 23:55:42.102791+00
e820482c-b397-45d4-8579-2592d6b71874,0cda8554-351c-40d6-a0a0-755bb57f5886,6c221d3e-7e68-4b84-9827-72d5ddb62756,2026-03-03,71be3019-2872-4e46-9e8f-941663554ca2,791dab05-effd-43cd-842b-2eca9a776288,640,83200,0.00000000000000000000,83200.00000000000000000000,15 Days,Pending,2026-06-18 23:55:42.102791+00
f034ec25-7b49-444e-a53f-968ab7291e5a,4c3e4a02-6301-4e70-8d13-096990c764d7,3ee94fbf-5828-432c-bc99-7bf5e1d0d9c8,2026-03-03,71be3019-2872-4e46-9e8f-941663554ca2,10d5d88b-c74f-4e99-8435-ee1690d6c047,1000,89500,0.00000000000000000000,89500.00000000000000000000,15 Days,Pending,2026-06-18 23:55:42.102791+00
d6403d41-7ccc-457d-b26d-6f6e801a867e,4c3e4a02-6301-4e70-8d13-096990c764d7,5d9beb75-5d14-49ba-8244-b053c8751d5e,2026-03-03,71be3019-2872-4e46-9e8f-941663554ca2,10d5d88b-c74f-4e99-8435-ee1690d6c047,3000,268500,0.00000000000000000000,268500.00000000000000000000,15 Days,Pending,2026-06-18 23:55:42.102791+00
e55bc45d-289a-4fa0-9fa6-0bc338b6d191,ca7b50dc-eaac-45bb-9802-2b3dab5a3979,faa00148-ae0b-4983-88fa-e51feade0d0c,2026-03-03,71be3019-2872-4e46-9e8f-941663554ca2,10d5d88b-c74f-4e99-8435-ee1690d6c047,3000,268500,0.00000000000000000000,268500.00000000000000000000,15 Days,Pending,2026-06-18 23:55:42.102791+00
6eb739c8-633c-4d4d-809b-91f548708512,ca7b50dc-eaac-45bb-9802-2b3dab5a3979,30a29c24-725e-46d9-b6e0-dbd73ca6f7f7,2026-03-03,71be3019-2872-4e46-9e8f-941663554ca2,10d5d88b-c74f-4e99-8435-ee1690d6c047,2000,179000,0.00000000000000000000,179000.00000000000000000000,15 Days,Pending,2026-06-18 23:55:42.102791+00
eb713217-b8ad-4bc2-8d08-27145a1f899d,3e9fca32-9904-41e8-8af0-cf839a39aa6c,d63f70a8-586e-42ab-b70b-4ce4ab8ed44d,2026-03-02,95c5d920-3701-494c-b8ec-568a66ffc4ad,10d5d88b-c74f-4e99-8435-ee1690d6c047,500,44750,0.00000000000000000000,44750.00000000000000000000,15 Days,Pending,2026-06-18 23:55:42.102791+00
5f8616dc-152b-49fc-8cfc-78339334a974,3e9fca32-9904-41e8-8af0-cf839a39aa6c,c41433c7-5453-473f-a846-3511fe72d414,2026-03-02,95c5d920-3701-494c-b8ec-568a66ffc4ad,10d5d88b-c74f-4e99-8435-ee1690d6c047,3000,268500,0.00000000000000000000,268500.00000000000000000000,15 Days,Pending,2026-06-18 23:55:42.102791+00
a0cd8eeb-9455-46a5-be96-790f5ca54c22,0a5c8a21-3d9c-4161-90c0-990cb5342513,9973cfc5-c1bd-40bc-b70d-1e71f0c41226,2026-03-02,2fc9f32e-878b-46d8-a0a6-0fbb24336bda,10d5d88b-c74f-4e99-8435-ee1690d6c047,3000,268500,0.00000000000000000000,268500.00000000000000000000,7 Days,Pending,2026-06-18 23:55:42.102791+00
2c4e90ae-89d9-4fab-a7d2-f8d80812d87c,0a5c8a21-3d9c-4161-90c0-990cb5342513,738e59ec-a4a1-44b9-a551-913a031f68fd,2026-03-02,2fc9f32e-878b-46d8-a0a6-0fbb24336bda,10d5d88b-c74f-4e99-8435-ee1690d6c047,1000,89500,0.00000000000000000000,89500.00000000000000000000,7 Days,Pending,2026-06-18 23:55:42.102791+00
b174a450-559f-46c6-8b2e-bb5e9b89774a,d86dc2b3-9b42-4106-a21d-56234405a66a,d2e17e32-e58b-45d5-b86a-b7ae1bdf6f02,2026-03-02,8c104193-5a04-40c1-9868-8f62355a4de8,10d5d88b-c74f-4e99-8435-ee1690d6c047,20,1950,0.00000000000000000000,1950.00000000000000000000,Immediate Payment,Pending,2026-06-18 23:55:42.102791+00
08390b0d-9be9-41b7-9dae-ddd636edea04,d86dc2b3-9b42-4106-a21d-56234405a66a,cadf2e94-dc16-4cc9-922b-af44adbc546b,2026-03-02,8c104193-5a04-40c1-9868-8f62355a4de8,56dcae71-e69c-47ed-a032-d97b1b6a4131,100,12812,0.00000000000000000000,12812.00000000000000000000,Immediate Payment,Pending,2026-06-18 23:55:42.102791+00
03dab9ae-6124-49c2-b9a8-9a39ac4796c9,485098e8-272e-4da5-b53c-c5ed8f191d38,db5a2133-7417-44dd-a11e-c9917e8885c9,2026-03-04,ef173824-236e-4589-af6a-5bd7edb0e89f,56dcae71-e69c-47ed-a032-d97b1b6a4131,160,20600,0.00000000000000000000,20600.00000000000000000000,30 Days,Pending,2026-06-18 23:55:42.102791+00
5670fffb-0100-4855-9211-eb5589f3ab6c,bf65ce07-e26e-47e2-84b3-4b63a510d45f,c089381e-824c-461c-9d61-977cc9d65ec4,2026-03-04,71be3019-2872-4e46-9e8f-941663554ca2,10d5d88b-c74f-4e99-8435-ee1690d6c047,2000,179000,0.00000000000000000000,179000.00000000000000000000,15 Days,Pending,2026-06-18 23:55:42.102791+00
fb77cd2e-6dbc-4a0e-b872-d986aaf69812,497a9c92-ca4d-4ae9-83c8-93efbb5c4239,f5d98e3e-6a2d-448f-8221-05bc2fb7a1e2,2026-03-04,71be3019-2872-4e46-9e8f-941663554ca2,10d5d88b-c74f-4e99-8435-ee1690d6c047,1000,89500,0.00000000000000000000,89500.00000000000000000000,15 Days,Pending,2026-06-18 23:55:42.102791+00
4fba7457-9348-4a0c-96a8-9e4443cb6e27,497a9c92-ca4d-4ae9-83c8-93efbb5c4239,b1f4350f-740d-41eb-9b4f-4a55aecbe3c9,2026-03-04,71be3019-2872-4e46-9e8f-941663554ca2,10d5d88b-c74f-4e99-8435-ee1690d6c047,4000,358000,0.00000000000000000000,358000.00000000000000000000,15 Days,Pending,2026-06-18 23:55:42.102791+00
667f7803-f268-436c-a542-bed43c4f454b,e86fc6e4-9bfb-48b8-b273-48345f7dd62d,dc27f541-74e1-4658-86fb-29f1a8b7beb4,2026-03-04,7048623d-7a72-46d8-957d-95ee5ed6799c,10d5d88b-c74f-4e99-8435-ee1690d6c047,20,1800,0.00000000000000000000,1800.00000000000000000000,7 Days,Pending,2026-06-18 23:55:42.102791+00
42904c8c-2f9d-40d6-aaf2-a06fec24edec,32cbccee-5bdd-44b8-94ad-c1b4ce12c303,b33e31a9-8315-4660-952c-727fe07496a2,2026-03-04,628bcaf4-621f-4082-9aff-5ac50eb5f547,10d5d88b-c74f-4e99-8435-ee1690d6c047,1000,89500,0.00000000000000000000,89500.00000000000000000000,Cash Payment,Pending,2026-06-18 23:55:42.102791+00
099b229b-f87e-4ee2-a695-132d0c677b16,32cbccee-5bdd-44b8-94ad-c1b4ce12c303,ab35f38a-046e-4522-8dc6-b925d66cf769,2026-03-04,628bcaf4-621f-4082-9aff-5ac50eb5f547,10d5d88b-c74f-4e99-8435-ee1690d6c047,4000,358000,0.00000000000000000000,358000.00000000000000000000,Cash Payment,Pending,2026-06-18 23:55:42.102791+00
0ede0c26-c65f-46c6-9719-78bcbe7607b4,cb23dbf1-eaf9-4b47-b709-9d52653c095d,e1fb6153-cf48-4248-ae64-7304fa7bfa8a,2026-03-24,b40a002d-568f-4cae-beb7-9546cfedd363,791dab05-effd-43cd-842b-2eca9a776288,4800,570000,0.00000000000000000000,570000.00000000000000000000,7 Days,Pending,2026-06-18 23:55:42.102791+00
7c4d9582-a2a6-4e11-b826-7f0994e8a723,f8dc8287-adc2-47cc-a613-19b1c961231e,8f0326fb-98aa-41e7-a7c0-71273973c65c,2026-03-31,7048623d-7a72-46d8-957d-95ee5ed6799c,f44d95fe-73b2-4163-b5f1-c63305ee8b44,40,4200,0.00000000000000000000,4200.00000000000000000000,7 Days,Pending,2026-06-18 23:55:42.102791+00
3ac0e456-600c-4bc6-a17b-5b1614929b7e,f68c8617-553d-4f7e-9457-2877fe85ed80,236971d6-6d70-4d48-896e-00e8dde3eadf,2026-03-04,add3d1ff-35de-4335-a95b-9db45afafaaa,10d5d88b-c74f-4e99-8435-ee1690d6c047,1000,89500,0.00000000000000000000,89500.00000000000000000000,Cash Payment,Pending,2026-06-18 23:55:42.102791+00
466cc9d1-4dbd-4dea-b708-f9825556a943,f68c8617-553d-4f7e-9457-2877fe85ed80,93814a39-524f-483d-950d-67b47fd4f1d3,2026-03-04,add3d1ff-35de-4335-a95b-9db45afafaaa,10d5d88b-c74f-4e99-8435-ee1690d6c047,2500,223750,0.00000000000000000000,223750.00000000000000000000,Cash Payment,Pending,2026-06-18 23:55:42.102791+00
20ff196f-b2e9-4d80-94d5-34cf47f098b2,52966d59-af5f-4db1-a838-94b04dd2085e,cd45eb4e-f6ae-437c-9a57-c001431d701f,2026-03-04,81ac38e2-4f65-4e63-9f47-e21d96b7a523,10d5d88b-c74f-4e99-8435-ee1690d6c047,1000,89500,0.00000000000000000000,89500.00000000000000000000,7 Days,Pending,2026-06-18 23:55:42.102791+00
fdc233fc-fe07-4279-93d5-460800d9ce5d,52966d59-af5f-4db1-a838-94b04dd2085e,6d9d6747-9394-4174-9982-710541fb132d,2026-03-04,81ac38e2-4f65-4e63-9f47-e21d96b7a523,10d5d88b-c74f-4e99-8435-ee1690d6c047,1000,89500,0.00000000000000000000,89500.00000000000000000000,7 Days,Pending,2026-06-18 23:55:42.102791+00
619fe50f-31a2-4bb7-9620-fc5c861fc282,d0bc4de8-8de2-4d5a-9112-a1d6973d490c,37b38c97-5e59-42cf-a087-a7a2a1ec55bc,2026-03-04,8f06ff88-5db5-47ec-b27f-af2ef21de406,10d5d88b-c74f-4e99-8435-ee1690d6c047,1000,89500,0.00000000000000000000,89500.00000000000000000000,15 Days,Pending,2026-06-18 23:55:42.102791+00
dbbb7fd8-aaed-41bd-bdc4-ccb435faaae7,d0bc4de8-8de2-4d5a-9112-a1d6973d490c,1bd3747a-bbd9-4840-85dd-0e6f173fa800,2026-03-04,8f06ff88-5db5-47ec-b27f-af2ef21de406,10d5d88b-c74f-4e99-8435-ee1690d6c047,2000,179000,0.00000000000000000000,179000.00000000000000000000,15 Days,Pending,2026-06-18 23:55:42.102791+00
f7bccac6-87a8-48ea-b0bb-8947b240d2d4,873aaec4-718d-4f68-aee0-2f8c37bcaaec,3a5664ee-29d0-463d-8d40-8ea8d918a2c4,2026-03-04,13434759-d4fc-4dc9-ad3b-480ab7211da2,07723aa8-9f8f-41ca-b623-c486bb145c1f,10200,633300,0.00000000000000000000,633300.00000000000000000000,Cash Payment,Pending,2026-06-18 23:55:42.102791+00
16150401-c9c3-400c-9fc7-15ad6bbfab12,9eb016de-7668-477d-8650-331a3e96bd14,9eb0d4f9-6779-4832-b77a-309a36550f97,2026-03-05,628bcaf4-621f-4082-9aff-5ac50eb5f547,10d5d88b-c74f-4e99-8435-ee1690d6c047,1000,89500,0.00000000000000000000,89500.00000000000000000000,Cash Payment,Pending,2026-06-18 23:55:42.102791+00
1b2575f6-0bef-4f13-a817-fc12ba393341,9eb016de-7668-477d-8650-331a3e96bd14,12267192-9f8d-4397-ac6d-f61bd196b4ea,2026-03-05,628bcaf4-621f-4082-9aff-5ac50eb5f547,10d5d88b-c74f-4e99-8435-ee1690d6c047,4000,358000,0.00000000000000000000,358000.00000000000000000000,Cash Payment,Pending,2026-06-18 23:55:42.102791+00
9a9765ce-6642-4ff4-a859-4f2dfae90f12,cbed194d-e2c8-4f5f-bf41-6c8b4a2c4907,b6ee7e9a-f621-4f5e-9493-cda7905683e4,2026-03-05,46259c13-632d-449f-a96f-f1deab0e0046,791dab05-effd-43cd-842b-2eca9a776288,3200,400000,0.00000000000000000000,400000.00000000000000000000,Immediate Payment,Pending,2026-06-18 23:55:42.102791+00
4f4b4096-3cba-430e-a7d8-38def56c8357,b28e500e-6412-4ffa-b68d-168c1a1a9df1,055963df-1dea-4f3b-82d6-06a389f66275,2026-03-05,95c5d920-3701-494c-b8ec-568a66ffc4ad,10d5d88b-c74f-4e99-8435-ee1690d6c047,500,44750,0.00000000000000000000,44750.00000000000000000000,15 Days,Pending,2026-06-18 23:55:42.102791+00
204f6093-f7ed-43a9-bc22-302027584cfd,b28e500e-6412-4ffa-b68d-168c1a1a9df1,bb8a64e0-7064-4c9a-ac64-6a42023bbba1,2026-03-05,95c5d920-3701-494c-b8ec-568a66ffc4ad,10d5d88b-c74f-4e99-8435-ee1690d6c047,1500,134250,0.00000000000000000000,134250.00000000000000000000,15 Days,Pending,2026-06-18 23:55:42.102791+00
3245c32c-b7dc-47d3-b845-9e3321cbb450,5aa13181-ee5e-434e-8155-826caa984a9f,8d4b5bcc-9986-4c24-8094-ecd574b4ae52,2026-03-05,71be3019-2872-4e46-9e8f-941663554ca2,10d5d88b-c74f-4e99-8435-ee1690d6c047,3000,268500,0.00000000000000000000,268500.00000000000000000000,15 Days,Pending,2026-06-18 23:55:42.102791+00
d9fbca9a-038f-4d00-8d67-a2c2279cb39b,0e1bb7aa-c26c-4944-ae88-363f32efc8c8,9e718f62-6165-40f8-af67-112f4f50ac55,2026-03-05,71be3019-2872-4e46-9e8f-941663554ca2,10d5d88b-c74f-4e99-8435-ee1690d6c047,310,27745,0.00000000000000000000,27745.00000000000000000000,15 Days,Pending,2026-06-18 23:55:42.102791+00
3973e285-e0da-4294-b325-076eaf198a20,0e1bb7aa-c26c-4944-ae88-363f32efc8c8,7af00ebc-d5d8-464c-87b3-d9004a90267e,2026-03-05,71be3019-2872-4e46-9e8f-941663554ca2,10d5d88b-c74f-4e99-8435-ee1690d6c047,4800,429600,0.00000000000000000000,429600.00000000000000000000,15 Days,Pending,2026-06-18 23:55:42.102791+00
76c92390-2593-43c4-a07c-298f72ce1a1d,9f27c5a8-98a6-431f-bc7d-718b6886c4e8,9e0ca556-594d-46cd-a2e0-c225fb2d5936,2026-03-06,71be3019-2872-4e46-9e8f-941663554ca2,10d5d88b-c74f-4e99-8435-ee1690d6c047,500,44750,0.00000000000000000000,44750.00000000000000000000,15 Days,Pending,2026-06-18 23:55:42.102791+00
3b102bff-7178-4f61-aef1-925a08ab18f6,9f27c5a8-98a6-431f-bc7d-718b6886c4e8,b4dc72df-9512-4169-ae3a-b70529df217b,2026-03-06,71be3019-2872-4e46-9e8f-941663554ca2,10d5d88b-c74f-4e99-8435-ee1690d6c047,2500,223750,0.00000000000000000000,223750.00000000000000000000,15 Days,Pending,2026-06-18 23:55:42.102791+00
a3d66408-808f-4b9c-b9e5-48a835dd3ff8,987d511f-f30f-498c-b879-1029eb0ee271,1343ed3b-f306-4a50-8a59-537b3cfdb4f0,2026-03-06,add3d1ff-35de-4335-a95b-9db45afafaaa,10d5d88b-c74f-4e99-8435-ee1690d6c047,2000,179000,0.00000000000000000000,179000.00000000000000000000,Cash Payment,Pending,2026-06-18 23:55:42.102791+00
546a5d9f-3b64-40cf-9991-a653e74061c1,987d511f-f30f-498c-b879-1029eb0ee271,fd54cfee-91bd-43b9-99c1-07c35c7a347a,2026-03-06,add3d1ff-35de-4335-a95b-9db45afafaaa,10d5d88b-c74f-4e99-8435-ee1690d6c047,3000,268500,0.00000000000000000000,268500.00000000000000000000,Cash Payment,Pending,2026-06-18 23:55:42.102791+00
bd04f950-ab0b-45c6-8915-0b412f78e83f,88a8cda0-132f-42d0-b12e-819c7d825aa9,882f277a-95b6-4a8f-993d-7ae258f8af6d,2026-03-06,cc1c75ac-51c8-428e-9f70-77c001aad47c,10d5d88b-c74f-4e99-8435-ee1690d6c047,2000,179000,0.00000000000000000000,179000.00000000000000000000,15 Days,Pending,2026-06-18 23:55:42.102791+00
cc159671-14bc-4a7e-87c5-34ea0c4737af,88a8cda0-132f-42d0-b12e-819c7d825aa9,58a6a278-f2bf-4247-94ec-33b4422ae4a7,2026-03-06,cc1c75ac-51c8-428e-9f70-77c001aad47c,10d5d88b-c74f-4e99-8435-ee1690d6c047,2000,179000,0.00000000000000000000,179000.00000000000000000000,15 Days,Pending,2026-06-18 23:55:42.102791+00
87d19741-e0f7-4c84-a365-bff86350b882,cc6301d1-5a53-4677-b93a-b7e88468b4ba,c594f58b-6f97-4289-8a1c-7400ea46e40e,2026-03-06,1e8b0fdf-a882-4a38-bf4a-36f1d58a0898,10d5d88b-c74f-4e99-8435-ee1690d6c047,5000,447500,0.00000000000000000000,447500.00000000000000000000,15 Days,Pending,2026-06-18 23:55:42.102791+00
e170da39-9840-4096-bed3-9a3736616d62,391d920c-b427-474f-922f-5b58f48c3dfe,8beedf6f-423c-49b4-be75-07c33f78f463,2026-03-06,ebd4b889-4b94-4c8e-acde-8b3b5f560d31,8dedb270-a04f-4214-b29c-c4bc4f2f78c7,1800,161100,0.00000000000000000000,161100.00000000000000000000,Immediate Payment,Pending,2026-06-18 23:55:42.102791+00
9c645e14-6c19-416c-af7d-9febae9900e5,391d920c-b427-474f-922f-5b58f48c3dfe,353b7d76-1c2b-42c3-b94b-a679bbb720c8,2026-03-06,ebd4b889-4b94-4c8e-acde-8b3b5f560d31,791dab05-effd-43cd-842b-2eca9a776288,800,100000,0.00000000000000000000,100000.00000000000000000000,Immediate Payment,Pending,2026-06-18 23:55:42.102791+00
99e03173-55fc-4d1d-900f-84573222664b,7a240055-f33d-405f-8198-012226470e46,6e20abed-923a-4a38-9249-d60227be2105,2026-03-06,d4686b2c-519c-4f5f-9839-c125dddade95,791dab05-effd-43cd-842b-2eca9a776288,2000,260000,0.00000000000000000000,260000.00000000000000000000,15 Days,Pending,2026-06-18 23:55:42.102791+00
fb2a84d4-ce2d-4e8a-9fc4-3964e734f250,887f5ae7-96fd-4c26-b784-bf3785125c8d,04dcccec-f9eb-4135-a67d-5265e2cccab9,2026-03-08,3907239e-a3a6-4372-a3f2-e3025acb2412,10d5d88b-c74f-4e99-8435-ee1690d6c047,1000,89500,0.00000000000000000000,89500.00000000000000000000,15 Days,Pending,2026-06-18 23:55:42.102791+00
a0a65d22-3b4a-4b8b-856d-11480a9972d9,887f5ae7-96fd-4c26-b784-bf3785125c8d,c830c8d0-79cf-46ce-a455-01c0ac1a091d,2026-03-08,3907239e-a3a6-4372-a3f2-e3025acb2412,10d5d88b-c74f-4e99-8435-ee1690d6c047,4000,358000,0.00000000000000000000,358000.00000000000000000000,15 Days,Pending,2026-06-18 23:55:42.102791+00
0f072073-5776-4aae-a85a-cbf80c020621,6d2a5da9-43c4-4e9d-8f06-556512e12bcf,1b0d52ab-341a-4fd5-ae75-882a4c8c628d,2026-03-08,628bcaf4-621f-4082-9aff-5ac50eb5f547,10d5d88b-c74f-4e99-8435-ee1690d6c047,500,44750,0.00000000000000000000,44750.00000000000000000000,Cash Payment,Pending,2026-06-18 23:55:42.102791+00
a3c08c83-ed71-4904-8c6c-f6b42d172712,6d2a5da9-43c4-4e9d-8f06-556512e12bcf,e2fc832f-4917-4575-9198-715891f4e5ba,2026-03-08,628bcaf4-621f-4082-9aff-5ac50eb5f547,10d5d88b-c74f-4e99-8435-ee1690d6c047,3000,268500,0.00000000000000000000,268500.00000000000000000000,Cash Payment,Pending,2026-06-18 23:55:42.102791+00
de2eeb17-0eae-4851-a475-c65e70c24253,3c429eb2-d200-4737-8e0f-47f09c8511cc,2ed5429e-8ec4-4752-8fb8-b48c795a17f4,2026-03-08,2df9cb4d-3931-42d6-b71e-03529a9850cb,10d5d88b-c74f-4e99-8435-ee1690d6c047,20,1800,0.00000000000000000000,1800.00000000000000000000,Cash Payment,Pending,2026-06-18 23:55:42.102791+00
54928606-fca6-49c4-b630-6344fdccb8ce,d6e2ef42-060e-451e-bb13-053e7155c8c0,3adb706a-66eb-47ee-ada8-0e16f01fba2f,2026-03-08,cb9742f2-b64b-403b-a01c-866e7493f406,791dab05-effd-43cd-842b-2eca9a776288,3200,416000,0.00000000000000000000,416000.00000000000000000000,Cash Payment,Pending,2026-06-18 23:55:42.102791+00
a552e48a-6462-4d30-b5bd-251c6ed3df99,5b3aa7a7-8a53-42d4-912a-8f95659a6efe,d09e6844-46ba-4633-ad0e-9fe6fb3a6f7f,2026-03-08,7278af2d-7018-4d13-bb4d-1b35f4307714,56dcae71-e69c-47ed-a032-d97b1b6a4131,12800,1616000,0.00000000000000000000,1616000.00000000000000000000,Cash Payment,Pending,2026-06-18 23:55:42.102791+00
af6dd16d-0434-4886-ba89-d30aa6d4621f,a4fb79bd-339e-4e12-b4ca-3bc6aa88cfff,8aba5be2-8957-4d4d-999f-e53558dc10d4,2026-03-08,fdf56cc8-2c66-486d-ae8f-8f48c5a28b0c,10d5d88b-c74f-4e99-8435-ee1690d6c047,20,1800,0.00000000000000000000,1800.00000000000000000000,Cash Payment,Delivered,2026-06-18 23:55:42.102791+00
6755c1af-4cc1-438f-b45d-3a39cbe007f8,10111cd2-bb33-4ccb-8978-a045ddb5bb8f,17f85183-47f5-4047-9703-228f62d39375,2026-03-08,2df9cb4d-3931-42d6-b71e-03529a9850cb,15a706d5-599d-4224-9ac4-f91809e18f25,10800,366099.48,0.00000000000000000000,366099.48000000000000000000,Cash Payment,Pending,2026-06-18 23:55:42.102791+00
ed0364be-2225-4aa5-9e36-862da2e43612,3eaf8f49-f43c-43db-a127-7efa16f903bd,f2d6ab85-a078-4bfa-8011-6f4674058f21,2026-03-08,71be3019-2872-4e46-9e8f-941663554ca2,10d5d88b-c74f-4e99-8435-ee1690d6c047,800,71600,0.00000000000000000000,71600.00000000000000000000,15 Days,Pending,2026-06-18 23:55:42.102791+00
5f586736-ef7d-4647-b83a-6dae17df92d0,3eaf8f49-f43c-43db-a127-7efa16f903bd,f9b4b5fa-377d-4808-990c-68382efe6330,2026-03-08,71be3019-2872-4e46-9e8f-941663554ca2,791dab05-effd-43cd-842b-2eca9a776288,4000,520000,0.00000000000000000000,520000.00000000000000000000,15 Days,Pending,2026-06-18 23:55:42.102791+00
4bc42967-99e5-4496-994a-f4ba669eb457,3eaf8f49-f43c-43db-a127-7efa16f903bd,1b4058cb-e657-412b-b5a6-7c2f57d2058d,2026-03-08,71be3019-2872-4e46-9e8f-941663554ca2,56dcae71-e69c-47ed-a032-d97b1b6a4131,1500,191250,0.00000000000000000000,191250.00000000000000000000,15 Days,Pending,2026-06-18 23:55:42.102791+00
c6c20493-b2d5-43c2-b6db-1828e5d65e64,3eaf8f49-f43c-43db-a127-7efa16f903bd,00c68f6f-401f-4976-9b8f-f7d36637cb78,2026-03-08,71be3019-2872-4e46-9e8f-941663554ca2,6ddeaf11-7c7d-4907-bdeb-dc87313c98dd,1060,135150,0.00000000000000000000,135150.00000000000000000000,15 Days,Pending,2026-06-18 23:55:42.102791+00
de9a4149-bcfc-4ff5-a016-e3c38d9693f8,d475153d-fc74-4784-a13d-f291537260b3,4cb23ee7-4dcf-4119-a268-9a8f55c73349,2026-03-08,9c8577e0-bac5-40ed-ab97-d69d5aadb619,0de2f238-ba43-4327-aedd-f37957f55b84,550,73562.5,0.00000000000000000000,73562.50000000000000000000,7 Days,Pending,2026-06-18 23:55:42.102791+00
9a5f1c35-799f-458d-8a6c-033033c927cd,7ddb97d6-8e08-4599-a9f7-245a893a3f29,939cd94e-85cb-4c94-9317-2edc1c629e91,2026-03-08,71be3019-2872-4e46-9e8f-941663554ca2,56dcae71-e69c-47ed-a032-d97b1b6a4131,12000,1470000,0.00000000000000000000,1470000.00000000000000000000,15 Days,Pending,2026-06-18 23:55:42.102791+00
4f606efc-0794-4587-aaeb-ff6161259017,9199fb67-91cb-4f64-8856-81057eb0692b,538765e9-432d-45bb-a80b-b23954e204f5,2026-03-06,7048623d-7a72-46d8-957d-95ee5ed6799c,10d5d88b-c74f-4e99-8435-ee1690d6c047,40,3600,0.00000000000000000000,3600.00000000000000000000,7 Days,Pending,2026-06-18 23:55:42.102791+00
30262603-cb4c-42f2-8033-815cc08ece87,c0e68bd4-8c79-4396-97eb-68c699ec3e0c,0a06cfcd-78bc-4bb9-9fa3-e9ceb6aa6c0d,2026-03-06,2df9cb4d-3931-42d6-b71e-03529a9850cb,10d5d88b-c74f-4e99-8435-ee1690d6c047,20,1800,0.00000000000000000000,1800.00000000000000000000,Cash Payment,Pending,2026-06-18 23:55:42.102791+00
1376df26-58c5-4b47-9818-72ea5bd4a66f,8003e24e-f04e-4a9a-8aa3-5ab2c759d969,18366723-b2a6-4677-8dfa-62ebd5e25975,2026-03-08,2df9cb4d-3931-42d6-b71e-03529a9850cb,10d5d88b-c74f-4e99-8435-ee1690d6c047,20,1800,0.00000000000000000000,1800.00000000000000000000,Cash Payment,Pending,2026-06-18 23:55:42.102791+00
e85c61a0-f3b6-43af-8dab-cdbd407885a9,ba7f7ba2-2df3-4b12-bd88-9cb62390b33a,3750e849-6538-4db5-a74a-a992413dfb97,2026-03-08,fdf56cc8-2c66-486d-ae8f-8f48c5a28b0c,10d5d88b-c74f-4e99-8435-ee1690d6c047,80,7160,0.00000000000000000000,7160.00000000000000000000,Cash Payment,Delivered,2026-06-18 23:55:42.102791+00
ec2409ba-d112-4b0e-8209-2aa8de3761a6,16df4f56-f707-44ff-819b-142225fba0f3,dca8ef17-582a-42f2-860d-18c7db374396,2026-03-09,f3df996d-b48b-4239-8bf1-1e46b44fabd6,56dcae71-e69c-47ed-a032-d97b1b6a4131,8000,1035000,0.00000000000000000000,1035000.00000000000000000000,30 Days,Pending,2026-06-18 23:55:42.102791+00
fa3af728-7a38-4f08-9661-4e1931744b93,f95f9807-665d-4436-860f-9b37b7bff49c,ef59d913-b66a-41ed-b7f1-12e75bab684e,2026-03-09,4b5ac98b-a0ab-444a-a1fd-4a30c7c440a6,10d5d88b-c74f-4e99-8435-ee1690d6c047,1000,89500,0.00000000000000000000,89500.00000000000000000000,15 Days,Pending,2026-06-18 23:55:42.102791+00
eba94f06-5b0c-4f4c-86b6-be87f3d7eed8,f95f9807-665d-4436-860f-9b37b7bff49c,42898a5e-3266-433c-888c-c1442a82c310,2026-03-09,4b5ac98b-a0ab-444a-a1fd-4a30c7c440a6,10d5d88b-c74f-4e99-8435-ee1690d6c047,1000,89500,0.00000000000000000000,89500.00000000000000000000,15 Days,Pending,2026-06-18 23:55:42.102791+00
1ef23620-b3f8-4a8e-9361-1b4f0d41be56,4d38d2ad-03f3-46de-85bd-a90a434968c6,288d3b36-0b5b-48a7-8654-ac3a465852b3,2026-03-09,077d9584-8f05-42cb-90f1-1e17bab1db5e,10d5d88b-c74f-4e99-8435-ee1690d6c047,1000,89500,0.00000000000000000000,89500.00000000000000000000,15 Days,Pending,2026-06-18 23:55:42.102791+00
dac7d42d-c4d4-4bfc-8201-9525794332f4,4d38d2ad-03f3-46de-85bd-a90a434968c6,f165cab9-0e60-41ae-a7d7-48b6a3276e0c,2026-03-09,077d9584-8f05-42cb-90f1-1e17bab1db5e,10d5d88b-c74f-4e99-8435-ee1690d6c047,1000,89500,0.00000000000000000000,89500.00000000000000000000,15 Days,Pending,2026-06-18 23:55:42.102791+00
a1078461-b5fd-4001-93a6-bfc590d18d3d,b74c6ee4-7661-4c9e-abae-3e3a8263458e,2eeddf3f-626b-438f-a6de-53b517ef3fbb,2026-03-09,71be3019-2872-4e46-9e8f-941663554ca2,10d5d88b-c74f-4e99-8435-ee1690d6c047,5000,447500,0.00000000000000000000,447500.00000000000000000000,15 Days,Pending,2026-06-18 23:55:42.102791+00
4e737483-64b8-4a48-889b-f3e615b503fa,effb4f85-12e2-4aff-95c4-3caf65f3e11d,8a259639-cf54-4eef-8638-18d9c85480c8,2026-03-09,71be3019-2872-4e46-9e8f-941663554ca2,10d5d88b-c74f-4e99-8435-ee1690d6c047,1000,89500,0.00000000000000000000,89500.00000000000000000000,15 Days,Pending,2026-06-18 23:55:42.102791+00
dbe92929-6d54-4086-8aca-229ed4c4996e,effb4f85-12e2-4aff-95c4-3caf65f3e11d,543555cc-c2ef-4fe8-95d9-a2d2fb68f88c,2026-03-09,71be3019-2872-4e46-9e8f-941663554ca2,10d5d88b-c74f-4e99-8435-ee1690d6c047,4000,358000,0.00000000000000000000,358000.00000000000000000000,15 Days,Pending,2026-06-18 23:55:42.102791+00
5ae68d5c-adc7-42fc-857f-0fbc4dc0c5d6,2bfd618c-0235-45f4-aa6f-926a4080e607,4655d729-88e1-4b0d-a3ae-a3160e6114dc,2026-03-09,99654bf2-99d2-4963-a48f-35d1eacc4352,07723aa8-9f8f-41ca-b623-c486bb145c1f,15810,988125,0.00000000000000000000,988125.00000000000000000000,Cash Payment,Pending,2026-06-18 23:55:42.102791+00
218aaaac-d8b5-43e8-8d61-e0d7f7235219,d8b554fa-27b3-481d-aefc-8afc5a62816a,70b75a68-9172-406e-883a-89fb2b8cf8da,2026-03-09,95c5d920-3701-494c-b8ec-568a66ffc4ad,10d5d88b-c74f-4e99-8435-ee1690d6c047,500,44750,0.00000000000000000000,44750.00000000000000000000,15 Days,Pending,2026-06-18 23:55:42.102791+00
5f01e76e-bf16-4255-aa34-0dfdb980661f,d8b554fa-27b3-481d-aefc-8afc5a62816a,16c9fe6d-ebf5-418e-8c25-e789d3f19bbe,2026-03-09,95c5d920-3701-494c-b8ec-568a66ffc4ad,10d5d88b-c74f-4e99-8435-ee1690d6c047,3000,268500,0.00000000000000000000,268500.00000000000000000000,15 Days,Pending,2026-06-18 23:55:42.102791+00
c08bf001-cdff-40ed-9a16-82bc74c496c9,fc1e09cd-edaf-4741-90f3-c329d583870b,0f253e26-858c-44c4-9f38-eff37066aa9b,2026-03-10,2df9cb4d-3931-42d6-b71e-03529a9850cb,07723aa8-9f8f-41ca-b623-c486bb145c1f,680,46000,0.00000000000000000000,46000.00000000000000000000,Cash Payment,Pending,2026-06-18 23:55:42.102791+00
7f984cfb-bb04-411d-a6dd-234448547035,2bc77810-0691-41c1-8791-05decc6b90d1,ff10889f-bbd9-41a6-9d40-fcac9db58714,2026-03-10,46259c13-632d-449f-a96f-f1deab0e0046,10d5d88b-c74f-4e99-8435-ee1690d6c047,760,68020,0.00000000000000000000,68020.00000000000000000000,Immediate Payment,Pending,2026-06-18 23:55:42.102791+00
c7b5a0ad-eeaa-440b-a322-d16bc67a2020,2bc77810-0691-41c1-8791-05decc6b90d1,7f1cae18-1261-43ee-a5ac-b9a7fcf43512,2026-03-10,46259c13-632d-449f-a96f-f1deab0e0046,791dab05-effd-43cd-842b-2eca9a776288,1200,148500,0.00000000000000000000,148500.00000000000000000000,Immediate Payment,Pending,2026-06-18 23:55:42.102791+00
4b4148b0-7a0d-4f6f-a17a-769b71f8b687,dbf8f39a-24b9-46f9-822c-23d3924d0105,c945d19b-343b-4350-99f9-9ccf772ab93e,2026-03-10,628bcaf4-621f-4082-9aff-5ac50eb5f547,10d5d88b-c74f-4e99-8435-ee1690d6c047,500,44750,0.00000000000000000000,44750.00000000000000000000,Cash Payment,Pending,2026-06-18 23:55:42.102791+00
b04f8a5c-3269-44be-bb34-66201367f2f7,dbf8f39a-24b9-46f9-822c-23d3924d0105,50f46e5b-b771-44cd-b9fb-b809959c66a8,2026-03-10,628bcaf4-621f-4082-9aff-5ac50eb5f547,10d5d88b-c74f-4e99-8435-ee1690d6c047,4500,402750,0.00000000000000000000,402750.00000000000000000000,Cash Payment,Pending,2026-06-18 23:55:42.102791+00
c9f52031-a6e5-4a1b-a50e-72c4bc91bbbf,618f7439-08e3-463a-9941-bb5f2b4430b7,e5e66149-83b4-4540-9fb6-744f81dae56b,2026-03-10,add3d1ff-35de-4335-a95b-9db45afafaaa,10d5d88b-c74f-4e99-8435-ee1690d6c047,3500,313250,0.00000000000000000000,313250.00000000000000000000,Cash Payment,Pending,2026-06-18 23:55:42.102791+00
c8883af3-cb05-499b-9360-c16031fa0241,81856c50-6ad5-4f14-8588-08280af7b530,3d63f5ea-dabd-4735-ac9c-c7eb7074dc39,2026-03-10,71be3019-2872-4e46-9e8f-941663554ca2,1dcaa77f-a4d8-43c0-9bf0-cdfc60081e79,250,22375,0.00000000000000000000,22375.00000000000000000000,15 Days,Pending,2026-06-18 23:55:42.102791+00
fa669543-c139-4d3a-a601-9414b20ac8ec,81856c50-6ad5-4f14-8588-08280af7b530,6309b9c1-c802-4141-a164-970659a4f008,2026-03-10,71be3019-2872-4e46-9e8f-941663554ca2,8dedb270-a04f-4214-b29c-c4bc4f2f78c7,5000,447500,0.00000000000000000000,447500.00000000000000000000,15 Days,Pending,2026-06-18 23:55:42.102791+00
56171329-41bd-401d-8126-0ba1c125a9a8,bc77144d-dea4-412a-a4a7-5c44b7c760cc,7e6c7fd9-83c3-4973-afe7-d41da77e9805,2026-03-10,71be3019-2872-4e46-9e8f-941663554ca2,10d5d88b-c74f-4e99-8435-ee1690d6c047,1000,89500,0.00000000000000000000,89500.00000000000000000000,15 Days,Pending,2026-06-18 23:55:42.102791+00
e83ad6d3-1e52-4d78-82ec-6795400c64c9,bc77144d-dea4-412a-a4a7-5c44b7c760cc,bb6acf18-e8a1-460a-a743-a57a22f495fe,2026-03-10,71be3019-2872-4e46-9e8f-941663554ca2,10d5d88b-c74f-4e99-8435-ee1690d6c047,3000,268500,0.00000000000000000000,268500.00000000000000000000,15 Days,Pending,2026-06-18 23:55:42.102791+00
acf9ff76-4b39-4b1b-a283-717bfa3ceb83,bc77144d-dea4-412a-a4a7-5c44b7c760cc,9352e513-a64e-4375-ae7c-1355d3daa730,2026-03-10,71be3019-2872-4e46-9e8f-941663554ca2,791dab05-effd-43cd-842b-2eca9a776288,2000,247500,0.00000000000000000000,247500.00000000000000000000,15 Days,Pending,2026-06-18 23:55:42.102791+00
ce79dd9d-4c42-45b5-aad7-0163b39f87b3,d765406d-db97-4bd5-9fa4-b98168c6f0a7,6bb414b4-8d88-4dd9-8400-ebd7d7db9049,2026-03-10,ebd4b889-4b94-4c8e-acde-8b3b5f560d31,791dab05-effd-43cd-842b-2eca9a776288,2000,247500,0.00000000000000000000,247500.00000000000000000000,Immediate Payment,Pending,2026-06-18 23:55:42.102791+00
d5bb5af9-1889-4a23-9435-0dc17ffb5b88,918e6dcd-66c1-4819-b37d-c24771b82f8b,04e60b77-a1ac-4483-9420-59a87e18e3d9,2026-03-10,9c550d4c-077d-4fb4-b74d-3debcfd3b42f,56dcae71-e69c-47ed-a032-d97b1b6a4131,50,6375,0.00000000000000000000,6375.00000000000000000000,Immediate Payment,Pending,2026-06-18 23:55:42.102791+00
3f7f7732-bcfa-4821-8cc0-bb899f7e78fc,918e6dcd-66c1-4819-b37d-c24771b82f8b,8b82b26f-f245-4cb2-ba3c-03a97a2755b4,2026-03-10,9c550d4c-077d-4fb4-b74d-3debcfd3b42f,0de2f238-ba43-4327-aedd-f37957f55b84,50,6625,0.00000000000000000000,6625.00000000000000000000,Immediate Payment,Pending,2026-06-18 23:55:42.102791+00
566d4f43-cf5c-466e-a4f6-a4849446c5b4,918e6dcd-66c1-4819-b37d-c24771b82f8b,a30911db-6654-4ae0-b09f-fbc9f1ffe431,2026-03-10,9c550d4c-077d-4fb4-b74d-3debcfd3b42f,07723aa8-9f8f-41ca-b623-c486bb145c1f,850,53750,0.00000000000000000000,53750.00000000000000000000,Immediate Payment,Pending,2026-06-18 23:55:42.102791+00
bf36b167-7c87-443b-ab94-a760ec14dbea,8050f014-10e4-4bb0-925a-ec52c10b36cd,879c6088-92c0-47dc-af6b-db071a10c2c3,2026-03-10,13434759-d4fc-4dc9-ad3b-480ab7211da2,07723aa8-9f8f-41ca-b623-c486bb145c1f,2720,184880,0.00000000000000000000,184880.00000000000000000000,Cash Payment,Pending,2026-06-18 23:55:42.102791+00
e305bce8-13b1-4f9f-b22f-e7b0dc1a5e5c,0ddd28f0-7cc6-49a4-b12d-61b83e04bced,ea6188e9-b3f6-4f5d-8c27-6e4935296a2d,2026-03-10,8c104193-5a04-40c1-9868-8f62355a4de8,56dcae71-e69c-47ed-a032-d97b1b6a4131,100,12600,0.00000000000000000000,12600.00000000000000000000,Immediate Payment,Pending,2026-06-18 23:55:42.102791+00
9539c98d-2d97-4d09-85ee-7e575621f2f6,a90973c3-7cb5-4cc9-b26c-5b2733c3654e,5309b1c0-d6c1-4dce-897c-a6346ea0beb0,2026-03-11,71be3019-2872-4e46-9e8f-941663554ca2,10d5d88b-c74f-4e99-8435-ee1690d6c047,5000,447500,0.00000000000000000000,447500.00000000000000000000,15 Days,Pending,2026-06-18 23:55:42.102791+00
9d9409b1-6c91-4d68-ad4d-cd5245cd2c60,1102f8d9-d8ea-4a2b-af4d-7021683fbde9,afe3b0ca-8462-4a52-b23b-55d8c45698ab,2026-03-11,71be3019-2872-4e46-9e8f-941663554ca2,10d5d88b-c74f-4e99-8435-ee1690d6c047,1000,89500,0.00000000000000000000,89500.00000000000000000000,15 Days,Pending,2026-06-18 23:55:42.102791+00
8b474822-83a7-4f14-97e3-96b6161855d6,1102f8d9-d8ea-4a2b-af4d-7021683fbde9,7fb12c8e-a48a-4001-a2c6-cfaeb54bbea2,2026-03-11,71be3019-2872-4e46-9e8f-941663554ca2,10d5d88b-c74f-4e99-8435-ee1690d6c047,3000,268500,0.00000000000000000000,268500.00000000000000000000,15 Days,Pending,2026-06-18 23:55:42.102791+00
8b469c46-43bc-4df7-adba-ea1a86b46fd6,f92c668d-9036-4298-8353-3ca654e17439,94bd7167-96d5-417d-b982-8f43c410b40a,2026-03-11,8f06ff88-5db5-47ec-b27f-af2ef21de406,10d5d88b-c74f-4e99-8435-ee1690d6c047,3000,268500,0.00000000000000000000,268500.00000000000000000000,15 Days,Pending,2026-06-18 23:55:42.102791+00
cfa32e5e-b54d-4189-9b21-c2a5b7fa8732,f92c668d-9036-4298-8353-3ca654e17439,4ff80a01-dfaf-4e58-bea8-94c1e40e1a17,2026-03-11,8f06ff88-5db5-47ec-b27f-af2ef21de406,791dab05-effd-43cd-842b-2eca9a776288,4000,500000,0.00000000000000000000,500000.00000000000000000000,15 Days,Pending,2026-06-18 23:55:42.102791+00
b3ff5b0c-7b77-4f38-a03b-7d93d3cc381c,f92c668d-9036-4298-8353-3ca654e17439,324d1dcb-b564-464a-9ce3-1bffb91bb193,2026-03-11,8f06ff88-5db5-47ec-b27f-af2ef21de406,56dcae71-e69c-47ed-a032-d97b1b6a4131,500,61250,0.00000000000000000000,61250.00000000000000000000,15 Days,Pending,2026-06-18 23:55:42.102791+00
86682238-cd0d-4613-b4a6-66b78269c3a1,20a7db35-e12a-4398-b2b7-dcbfaecf171e,84a2b5d3-6cfe-4e60-94a2-38f71603c7b0,2026-03-11,739d627c-2121-41b9-8865-1b72472a5780,10d5d88b-c74f-4e99-8435-ee1690d6c047,3000,268500,0.00000000000000000000,268500.00000000000000000000,Cash Payment,Pending,2026-06-18 23:55:42.102791+00
2781048f-6c77-4ff5-952c-3be036fa984e,502fa430-84d3-4305-9715-2e08b13a7d77,1ca46ce8-af56-431f-a93f-e183ab6cca7a,2026-03-11,1e8b0fdf-a882-4a38-bf4a-36f1d58a0898,10d5d88b-c74f-4e99-8435-ee1690d6c047,2500,223750,0.00000000000000000000,223750.00000000000000000000,15 Days,Pending,2026-06-18 23:55:42.102791+00
aafa51b0-4f00-4283-9dca-1d2f2b91981f,502fa430-84d3-4305-9715-2e08b13a7d77,c6e37c95-8762-45a5-bde2-7b52de26d617,2026-03-11,1e8b0fdf-a882-4a38-bf4a-36f1d58a0898,56dcae71-e69c-47ed-a032-d97b1b6a4131,100,12250,0.00000000000000000000,12250.00000000000000000000,15 Days,Pending,2026-06-18 23:55:42.102791+00
a0c785e2-7aa1-4100-a466-b66aa3410349,d8dee436-e55c-4db1-b3b4-36ab04ad340a,ba00d724-7534-4c2e-824b-8196ccea25e2,2026-03-11,13434759-d4fc-4dc9-ad3b-480ab7211da2,07723aa8-9f8f-41ca-b623-c486bb145c1f,3570,253155,0.00000000000000000000,253155.00000000000000000000,Cash Payment,Pending,2026-06-18 23:55:42.102791+00
bb3e23b3-f22c-40a2-b533-c4165d48e971,3339bf54-eb51-45f8-b4cb-c0809c462291,bb8a9f33-9a34-46c9-8b07-0892042890f0,2026-03-05,6736f09d-4a67-4f8b-9193-4a93f57ac6cc,10d5d88b-c74f-4e99-8435-ee1690d6c047,580,51910,0.00000000000000000000,51910.00000000000000000000,Cash Payment,Pending,2026-06-18 23:55:42.102791+00
74f134da-201c-40ef-bfe7-566046f67958,73aaade3-6c0a-4d26-b77b-5a13ba0a2c45,f7335033-dfba-4ab6-b880-23f54d3c1ebb,2026-03-01,e8eebbbf-0288-444d-8431-e3f30876c782,791dab05-effd-43cd-842b-2eca9a776288,2000,260000,0.00000000000000000000,260000.00000000000000000000,7 Days,Pending,2026-06-18 23:55:42.102791+00
fb82ce2c-a75e-4139-876b-bf4cc22a767f,73aaade3-6c0a-4d26-b77b-5a13ba0a2c45,5570cb4d-23df-4580-8e72-907534f69e16,2026-03-01,e8eebbbf-0288-444d-8431-e3f30876c782,56dcae71-e69c-47ed-a032-d97b1b6a4131,3200,408000,0.00000000000000000000,408000.00000000000000000000,7 Days,Pending,2026-06-18 23:55:42.102791+00
1104b5b9-e0b1-4c98-b007-473adc4877a6,6f457f1c-da96-4a2e-9fd9-01dcea3e9b51,e47b0c5f-0b0f-433c-8a87-3ee2ddd77280,2026-03-12,2df9cb4d-3931-42d6-b71e-03529a9850cb,791dab05-effd-43cd-842b-2eca9a776288,80,10000,0.00000000000000000000,10000.00000000000000000000,Cash Payment,Pending,2026-06-18 23:55:42.102791+00
502a42a0-a986-4c6a-a416-a90c13138bbd,2f256e4d-1814-43b4-b2d7-b01b8541327a,80f137a8-2a88-488a-b64e-7d72ef50a62b,2026-03-12,71be3019-2872-4e46-9e8f-941663554ca2,10d5d88b-c74f-4e99-8435-ee1690d6c047,4500,402750,0.00000000000000000000,402750.00000000000000000000,15 Days,Pending,2026-06-18 23:55:42.102791+00
767727e3-a960-46bd-b263-74fa18a3bf6b,2f256e4d-1814-43b4-b2d7-b01b8541327a,28865ff2-af30-4f66-8242-0351d0d4ac64,2026-03-12,71be3019-2872-4e46-9e8f-941663554ca2,791dab05-effd-43cd-842b-2eca9a776288,4000,490000,0.00000000000000000000,490000.00000000000000000000,15 Days,Pending,2026-06-18 23:55:42.102791+00
3a91108d-619f-423c-9678-15107fc5df31,2e48ba8a-457a-4db1-b59d-677ba8f707e1,79248f95-c632-4afe-bbb2-2e2bf3ade061,2026-03-12,71be3019-2872-4e46-9e8f-941663554ca2,10d5d88b-c74f-4e99-8435-ee1690d6c047,1000,89500,0.00000000000000000000,89500.00000000000000000000,15 Days,Pending,2026-06-18 23:55:42.102791+00
8e5905f5-7a30-43e5-8bbd-4a8f42e85147,2e48ba8a-457a-4db1-b59d-677ba8f707e1,33b3d55e-761f-424a-8a94-bc6cd77671f2,2026-03-12,71be3019-2872-4e46-9e8f-941663554ca2,10d5d88b-c74f-4e99-8435-ee1690d6c047,2000,179000,0.00000000000000000000,179000.00000000000000000000,15 Days,Pending,2026-06-18 23:55:42.102791+00
e23e77bd-02c8-4e0c-b6ff-d7fa6ea57085,bb4caa2d-e80f-400a-8595-5b378d1620b4,dcdb1356-f150-44d3-b64f-3fdec3bdd698,2026-03-12,46259c13-632d-449f-a96f-f1deab0e0046,791dab05-effd-43cd-842b-2eca9a776288,800,99000,0.00000000000000000000,99000.00000000000000000000,Immediate Payment,Pending,2026-06-18 23:55:42.102791+00
90bd9c2b-21b4-4d9a-b78b-3f4376036fbe,eef3cdd8-0103-4dff-83e2-3e8edcee0550,2c0ad30e-47db-4934-a218-244f3005881c,2026-03-12,add3d1ff-35de-4335-a95b-9db45afafaaa,10d5d88b-c74f-4e99-8435-ee1690d6c047,1500,134250,0.00000000000000000000,134250.00000000000000000000,Cash Payment,Pending,2026-06-18 23:55:42.102791+00
5762f1c6-6590-4012-89e9-04e3c1f1096e,eef3cdd8-0103-4dff-83e2-3e8edcee0550,177bf7bd-2fad-4602-b5ee-5b722e0c6196,2026-03-12,add3d1ff-35de-4335-a95b-9db45afafaaa,10d5d88b-c74f-4e99-8435-ee1690d6c047,5500,492250,0.00000000000000000000,492250.00000000000000000000,Cash Payment,Pending,2026-06-18 23:55:42.102791+00
33fe1ed1-74a5-4451-a77e-0a61481d2bb7,7d19afe7-51f7-44c4-94c1-d32de78236b5,39bfe852-5dc4-4309-b5d2-1528e2bdf31e,2026-03-12,fdf56cc8-2c66-486d-ae8f-8f48c5a28b0c,10d5d88b-c74f-4e99-8435-ee1690d6c047,20,1800,0.00000000000000000000,1800.00000000000000000000,Cash Payment,Delivered,2026-06-18 23:55:42.102791+00
54844a87-1589-480e-b353-dd7249ab51f2,a8d7c8a1-2143-45f1-90fb-4e47beddcb3b,b4197590-8b6f-4a75-b182-a3612958e010,2026-03-13,f3df996d-b48b-4239-8bf1-1e46b44fabd6,56dcae71-e69c-47ed-a032-d97b1b6a4131,12000,1552500,0.00000000000000000000,1552500.00000000000000000000,30 Days,Pending,2026-06-18 23:55:42.102791+00
e169fb03-06af-40a4-8a09-8c4e3180af15,84df7e39-8996-4d8a-8f23-2e16735da7c5,54a428bd-ee30-4d9c-ac03-4f6e9d8b8347,2026-03-13,81ac38e2-4f65-4e63-9f47-e21d96b7a523,10d5d88b-c74f-4e99-8435-ee1690d6c047,500,44750,0.00000000000000000000,44750.00000000000000000000,7 Days,Pending,2026-06-18 23:55:42.102791+00
445ae009-1e8e-45a4-ab60-d3f5f920433a,84df7e39-8996-4d8a-8f23-2e16735da7c5,088e5ae2-46a8-45d8-9724-c5f3380cee45,2026-03-13,81ac38e2-4f65-4e63-9f47-e21d96b7a523,10d5d88b-c74f-4e99-8435-ee1690d6c047,1000,89500,0.00000000000000000000,89500.00000000000000000000,7 Days,Pending,2026-06-18 23:55:42.102791+00
c2f14554-e253-4d78-8004-ec7a58fa838c,84df7e39-8996-4d8a-8f23-2e16735da7c5,65bd37bc-752a-4825-971e-6b1526b54f97,2026-03-13,81ac38e2-4f65-4e63-9f47-e21d96b7a523,791dab05-effd-43cd-842b-2eca9a776288,400,49500,0.00000000000000000000,49500.00000000000000000000,7 Days,Pending,2026-06-18 23:55:42.102791+00
d7a07345-55d2-4f00-84c1-0bd626b89b15,4e9a4ed6-5fe8-41e1-ae13-81babd12d729,2440c7b1-1825-45a4-a4c9-7a39843ecd3a,2026-03-13,95c5d920-3701-494c-b8ec-568a66ffc4ad,10d5d88b-c74f-4e99-8435-ee1690d6c047,1000,89500,0.00000000000000000000,89500.00000000000000000000,15 Days,Pending,2026-06-18 23:55:42.102791+00
c1345f92-b252-471a-902d-a420fba54b11,4e9a4ed6-5fe8-41e1-ae13-81babd12d729,3433f7b7-9f08-44f6-adb4-8e620293e681,2026-03-13,95c5d920-3701-494c-b8ec-568a66ffc4ad,10d5d88b-c74f-4e99-8435-ee1690d6c047,2600,232700,0.00000000000000000000,232700.00000000000000000000,15 Days,Pending,2026-06-18 23:55:42.102791+00
fcef4631-e1a0-49ce-a858-87b504e97683,62d90a02-e19d-443b-a4d3-2f0bbfca7044,98b17b36-c808-47b4-ab5a-f97f4c42f931,2026-03-13,71be3019-2872-4e46-9e8f-941663554ca2,10d5d88b-c74f-4e99-8435-ee1690d6c047,1000,89500,0.00000000000000000000,89500.00000000000000000000,15 Days,Pending,2026-06-18 23:55:42.102791+00
079844f3-ee7f-4685-8abb-a0c87692ba63,62d90a02-e19d-443b-a4d3-2f0bbfca7044,ef04c432-2e10-4d91-810e-be60de513e07,2026-03-13,71be3019-2872-4e46-9e8f-941663554ca2,10d5d88b-c74f-4e99-8435-ee1690d6c047,4000,358000,0.00000000000000000000,358000.00000000000000000000,15 Days,Pending,2026-06-18 23:55:42.102791+00
880f3c08-b0a5-430e-a4c7-8b3c1e11aabc,264404f8-8969-4460-95b4-7e505d3ebf88,f3862bf0-1306-4c7f-8706-8bc8404ca1fe,2026-03-15,2df9cb4d-3931-42d6-b71e-03529a9850cb,791dab05-effd-43cd-842b-2eca9a776288,5,620,0.00000000000000000000,620.00000000000000000000,Cash Payment,Pending,2026-06-18 23:55:42.102791+00
88298a33-0531-49ff-a10f-ef61557dbaad,d9dcbf42-6be3-4d28-a665-79757e330c64,d678f485-05d5-4291-907b-fcd7fbe2ca63,2026-03-24,2df9cb4d-3931-42d6-b71e-03529a9850cb,11fadc6b-27d2-4bf0-a616-a82ddf3a9742,20,1400,0.00000000000000000000,1400.00000000000000000000,Cash Payment,Pending,2026-06-18 23:55:42.102791+00
66e83b8f-cb9c-4446-9334-1bc39c906c52,f5845dfe-dfa1-453d-9cc1-725f0d3a6bcb,3042d622-9300-4de7-bda3-bb2a0f66a108,2026-03-15,add3d1ff-35de-4335-a95b-9db45afafaaa,10d5d88b-c74f-4e99-8435-ee1690d6c047,500,44750,0.00000000000000000000,44750.00000000000000000000,Cash Payment,Pending,2026-06-18 23:55:42.102791+00
b3400a57-2d88-45fb-8afa-4c42097e4085,f5845dfe-dfa1-453d-9cc1-725f0d3a6bcb,aaccff6a-388c-4256-9848-0c9d0f887dff,2026-03-15,add3d1ff-35de-4335-a95b-9db45afafaaa,10d5d88b-c74f-4e99-8435-ee1690d6c047,4000,358000,0.00000000000000000000,358000.00000000000000000000,Cash Payment,Pending,2026-06-18 23:55:42.102791+00
7a07bb23-9b1f-424f-941c-7e8ed3daa06f,cb92fefb-ede7-4bad-af26-67bf50b09da6,ba576fd0-cd7d-47f0-8459-086f88868408,2026-03-31,c6e017b2-c27d-4969-95de-8284a705a232,791dab05-effd-43cd-842b-2eca9a776288,1120,140000,0.00000000000000000000,140000.00000000000000000000,Cash Payment,Pending,2026-06-18 23:55:42.102791+00
d12c9ae6-3344-45b2-a373-70eff4c65960,b75fe10f-5b82-4ba4-a8da-9492e18eb314,cdca6a5b-c5c6-415c-9403-a3f57457c315,2026-04-02,0fa694d4-ac92-42fb-8ac6-9711c91f236e,1dcaa77f-a4d8-43c0-9bf0-cdfc60081e79,3000,310000,0.00000000000000000000,310000.00000000000000000000,7 Days,Pending,2026-06-18 23:55:42.102791+00
67179bdb-903f-47f8-8e48-2387e736d0ff,d846ed5b-6ae0-41b2-bc0a-79786d6611fb,246a11a1-a5d5-4d29-9f2f-bc53803ecf9e,2026-03-15,628bcaf4-621f-4082-9aff-5ac50eb5f547,10d5d88b-c74f-4e99-8435-ee1690d6c047,1000,89500,0.00000000000000000000,89500.00000000000000000000,Cash Payment,Pending,2026-06-18 23:55:42.102791+00
bfa618e5-db97-45d5-9e62-cf32a1dae601,d846ed5b-6ae0-41b2-bc0a-79786d6611fb,f505de5e-9d96-4c34-8fd1-d6916c4ff214,2026-03-15,628bcaf4-621f-4082-9aff-5ac50eb5f547,10d5d88b-c74f-4e99-8435-ee1690d6c047,2200,196900,0.00000000000000000000,196900.00000000000000000000,Cash Payment,Pending,2026-06-18 23:55:42.102791+00
9f3f2cda-e800-4ef9-abc8-25008598078f,b75fe10f-5b82-4ba4-a8da-9492e18eb314,8ad60b2d-c767-49dc-a6aa-cf6457190f65,2026-04-02,0fa694d4-ac92-42fb-8ac6-9711c91f236e,56dcae71-e69c-47ed-a032-d97b1b6a4131,1000,125000,0.00000000000000000000,125000.00000000000000000000,7 Days,Pending,2026-06-18 23:55:42.102791+00
c5ea6a34-71c3-4700-960f-2e9ab4745513,f9c52a66-c0a9-4968-891c-1a18622f9577,82f12dc3-c9ba-4896-9238-4e08f091f941,2026-03-15,46259c13-632d-449f-a96f-f1deab0e0046,10d5d88b-c74f-4e99-8435-ee1690d6c047,800,71600,0.00000000000000000000,71600.00000000000000000000,Immediate Payment,Pending,2026-06-18 23:55:42.102791+00
4e84f6f0-e33a-47eb-9c80-1d16e5c239a4,f9c52a66-c0a9-4968-891c-1a18622f9577,381d19ee-de04-48b5-92ab-df591c9b5741,2026-03-15,46259c13-632d-449f-a96f-f1deab0e0046,791dab05-effd-43cd-842b-2eca9a776288,2000,247500,0.00000000000000000000,247500.00000000000000000000,Immediate Payment,Pending,2026-06-18 23:55:42.102791+00
9b628ffa-1203-45e4-8248-f93044dc63dd,faa19719-98c1-44cb-adfe-5de55ddd6328,0761df2a-1a67-4369-bd07-7283ab3a8056,2026-03-15,242b18b0-2b6e-4ef6-b311-fa29444b997b,791dab05-effd-43cd-842b-2eca9a776288,1600,190000,0.00000000000000000000,190000.00000000000000000000,Cash Payment,Pending,2026-06-18 23:55:42.102791+00
86898c74-b6cb-4f79-b240-959e7bb8ab29,fbee0bde-9742-4df1-bf49-51f8c777bcf4,5e82cdea-1476-47bb-a55e-3d4e55285488,2026-03-15,71be3019-2872-4e46-9e8f-941663554ca2,10d5d88b-c74f-4e99-8435-ee1690d6c047,3000,268500,0.00000000000000000000,268500.00000000000000000000,15 Days,Pending,2026-06-18 23:55:42.102791+00
3222518a-6955-4045-8711-65713436b748,d41a6ac4-0844-4d0d-9ede-88a39570c481,77e9843b-323b-4797-94b6-f15a62a8105c,2026-04-06,fdf56cc8-2c66-486d-ae8f-8f48c5a28b0c,e7c36973-a89b-4a54-bb0c-a5164bcfb8d1,15,1550,0.00000000000000000000,1550.00000000000000000000,Cash Payment,Delivered,2026-06-18 23:55:42.102791+00
39969e2f-fa16-4d17-9ed7-cbe65aa9688e,979cde7d-1346-4b12-afe7-e1c7b539ab90,d152e6ed-d99e-4e8d-8c59-c18693c56263,2026-03-15,71be3019-2872-4e46-9e8f-941663554ca2,10d5d88b-c74f-4e99-8435-ee1690d6c047,2000,179000,0.00000000000000000000,179000.00000000000000000000,15 Days,Pending,2026-06-18 23:55:42.102791+00
a6cf13a1-13cf-49bb-8fb3-245b41e569f9,979cde7d-1346-4b12-afe7-e1c7b539ab90,a93b03dd-3f87-40c1-82ff-9564bdbbd225,2026-03-15,71be3019-2872-4e46-9e8f-941663554ca2,10d5d88b-c74f-4e99-8435-ee1690d6c047,2000,179000,0.00000000000000000000,179000.00000000000000000000,15 Days,Pending,2026-06-18 23:55:42.102791+00
a6d2f182-dd8d-4ee0-adaa-c645ec6725da,979cde7d-1346-4b12-afe7-e1c7b539ab90,57a27a40-b302-40f9-9c16-d68c1eeee326,2026-03-15,71be3019-2872-4e46-9e8f-941663554ca2,791dab05-effd-43cd-842b-2eca9a776288,1600,196000,0.00000000000000000000,196000.00000000000000000000,15 Days,Pending,2026-06-18 23:55:42.102791+00
126b44d9-f571-471f-b606-e29cdea8e616,60fb3da2-3b36-46ca-9d8b-30f917682bf4,676e604f-6169-4710-bf25-c5fe8072fb9b,2026-03-15,2df9cb4d-3931-42d6-b71e-03529a9850cb,5e0fb7c3-0585-4fd8-8b17-d7ac30c731af,6240,13728.000000000002,0.00000000000000000000,13728.00000000000200000000,Cash Payment,Pending,2026-06-18 23:55:42.102791+00
21189cff-5fdf-403c-a511-b0e502a62d01,60fb3da2-3b36-46ca-9d8b-30f917682bf4,58b3bd3a-ce8f-467e-9649-147d63c6a93e,2026-03-15,2df9cb4d-3931-42d6-b71e-03529a9850cb,15a706d5-599d-4224-9ac4-f91809e18f25,12,120,0.00000000000000000000,120.00000000000000000000,Cash Payment,Pending,2026-06-18 23:55:42.102791+00
e8e51afd-aa0e-430d-8e2d-396365995608,630fbff1-7c1f-4cfb-9326-31328fd998ca,d91795fe-291d-43bb-8957-4553583ef9d5,2026-04-12,2df9cb4d-3931-42d6-b71e-03529a9850cb,10d5d88b-c74f-4e99-8435-ee1690d6c047,1500,133500,0.00000000000000000000,133500.00000000000000000000,Cash Payment,Pending,2026-06-18 23:55:42.102791+00
66a1f849-9597-43db-a54e-bbc1b6a8b10f,f3678bff-1c16-4e6e-9202-5b7d6de3f46a,3ceb43ae-f0c1-4d91-9d17-04cc485398b6,2026-03-16,fdf56cc8-2c66-486d-ae8f-8f48c5a28b0c,10d5d88b-c74f-4e99-8435-ee1690d6c047,80,7160,0.00000000000000000000,7160.00000000000000000000,Cash Payment,Delivered,2026-06-18 23:55:42.102791+00
14f2ede0-323c-4409-ba2a-cc13aaec4c75,630fbff1-7c1f-4cfb-9326-31328fd998ca,c05ac90c-7b4a-4141-882c-f87fa29483c7,2026-04-12,2df9cb4d-3931-42d6-b71e-03529a9850cb,10d5d88b-c74f-4e99-8435-ee1690d6c047,500,44500,0.00000000000000000000,44500.00000000000000000000,Cash Payment,Pending,2026-06-18 23:55:42.102791+00
ca242ac7-26f8-4f82-aff4-e4a3d4bb2842,6aab6ff8-f7ee-444b-8a2b-156202d4c3d9,6aea0ebd-4b6c-43d6-8b2d-e3e9aa9dbe38,2026-03-16,ebd4b889-4b94-4c8e-acde-8b3b5f560d31,10d5d88b-c74f-4e99-8435-ee1690d6c047,1000,89500,0.00000000000000000000,89500.00000000000000000000,Immediate Payment,Pending,2026-06-18 23:55:42.102791+00
7d110f95-87db-4ffd-b8eb-cb6286dbd206,6aab6ff8-f7ee-444b-8a2b-156202d4c3d9,b7af4cf4-c624-4b32-a242-104ed391c649,2026-03-16,ebd4b889-4b94-4c8e-acde-8b3b5f560d31,791dab05-effd-43cd-842b-2eca9a776288,1200,147000,0.00000000000000000000,147000.00000000000000000000,Immediate Payment,Pending,2026-06-18 23:55:42.102791+00
66839d4e-af3d-4301-9159-06f19a8a7eab,64493c23-549c-4e2e-b959-34fe74e8250c,f0e6cb35-fd44-4274-9302-13a6c0c49674,2026-03-16,ebd4b889-4b94-4c8e-acde-8b3b5f560d31,10d5d88b-c74f-4e99-8435-ee1690d6c047,1000,89500,0.00000000000000000000,89500.00000000000000000000,Immediate Payment,Pending,2026-06-18 23:55:42.102791+00
4e4b9baf-aa35-43ea-b3e4-0dc76b4007ad,64493c23-549c-4e2e-b959-34fe74e8250c,de33db73-3e15-4944-b220-e14753ccfc5e,2026-03-16,ebd4b889-4b94-4c8e-acde-8b3b5f560d31,791dab05-effd-43cd-842b-2eca9a776288,1200,147000,0.00000000000000000000,147000.00000000000000000000,Immediate Payment,Pending,2026-06-18 23:55:42.102791+00
7fdd42a7-fb7c-4e17-ae76-e47c744db0fd,7a00bb89-bed7-4a17-a76d-6b899b98849d,e978a064-78ed-41f6-9585-76a46de6e4d0,2026-03-16,ebd4b889-4b94-4c8e-acde-8b3b5f560d31,791dab05-effd-43cd-842b-2eca9a776288,1200,147000,0.00000000000000000000,147000.00000000000000000000,Immediate Payment,Pending,2026-06-18 23:55:42.102791+00
60c52451-8a24-4212-a59f-8b9fdda70d48,f2e854af-20d9-4a2f-adf1-1f4a9905f4a8,bca26495-d8e8-46e8-94bf-3a1a57769ff7,2026-03-16,71be3019-2872-4e46-9e8f-941663554ca2,8dedb270-a04f-4214-b29c-c4bc4f2f78c7,5000,447500,0.00000000000000000000,447500.00000000000000000000,15 Days,Pending,2026-06-18 23:55:42.102791+00
89ff38ba-cdc8-4ff1-b910-ca0e8976ae9b,f2e854af-20d9-4a2f-adf1-1f4a9905f4a8,f9a15940-3181-46cb-982e-b07c8406a7d5,2026-03-16,71be3019-2872-4e46-9e8f-941663554ca2,6ddeaf11-7c7d-4907-bdeb-dc87313c98dd,700,85400,0.00000000000000000000,85400.00000000000000000000,15 Days,Pending,2026-06-18 23:55:42.102791+00
60eb9116-be77-4153-af2c-fa3e66060ff5,12aad60e-b82b-4ec6-8adb-c032628d33a7,0155766a-f1bb-49e7-8d71-3b4dfd47359b,2026-04-23,6ef4fc76-da3f-4422-8a17-41c7ecd6dd4f,1dcaa77f-a4d8-43c0-9bf0-cdfc60081e79,3000,288000,0.00000000000000000000,288000.00000000000000000000,Cash Payment,Pending,2026-06-18 23:55:42.102791+00
43e161b5-e5ed-4b63-87de-883201f46a6a,005ddcec-bf8b-4118-b370-273654f9a001,9f008789-a900-408f-849f-8b178458c859,2026-03-16,71be3019-2872-4e46-9e8f-941663554ca2,56dcae71-e69c-47ed-a032-d97b1b6a4131,1500,180000,0.00000000000000000000,180000.00000000000000000000,15 Days,Pending,2026-06-18 23:55:42.102791+00
6ad88f4d-fdab-4a3e-995a-aa756d36d947,b7a23919-c1eb-427c-9b10-1f7faf1a891f,dc301003-1d47-428c-9adc-4d4a991321ae,2026-03-16,c6e017b2-c27d-4969-95de-8284a705a232,10d5d88b-c74f-4e99-8435-ee1690d6c047,2000,179000,0.00000000000000000000,179000.00000000000000000000,Cash Payment,Pending,2026-06-18 23:55:42.102791+00
63e7d383-81f2-4875-b7ec-67814038a6a0,b7a23919-c1eb-427c-9b10-1f7faf1a891f,d2d5b51a-31a2-4e02-9be0-e413a2a3e554,2026-03-16,c6e017b2-c27d-4969-95de-8284a705a232,791dab05-effd-43cd-842b-2eca9a776288,3200,388000,0.00000000000000000000,388000.00000000000000000000,Cash Payment,Pending,2026-06-18 23:55:42.102791+00
cb5b3cbf-82fd-4570-90f8-29c3617fa535,a2a7d802-e67a-45d4-bb2e-8bd8f80df4b3,be098e64-6aab-428f-baa9-74165681cc02,2026-03-16,c6e017b2-c27d-4969-95de-8284a705a232,10d5d88b-c74f-4e99-8435-ee1690d6c047,800,71600,0.00000000000000000000,71600.00000000000000000000,Cash Payment,Pending,2026-06-18 23:55:42.102791+00
3d070741-114f-4df6-913b-d1252446403e,a2a7d802-e67a-45d4-bb2e-8bd8f80df4b3,5be047cc-5945-40fc-aab9-9094174ef5bb,2026-03-16,c6e017b2-c27d-4969-95de-8284a705a232,791dab05-effd-43cd-842b-2eca9a776288,1600,194000,0.00000000000000000000,194000.00000000000000000000,Cash Payment,Pending,2026-06-18 23:55:42.102791+00
a5909d7e-04fc-467d-b3cd-0ad41ad9fdc7,6b0f5e6d-670d-499f-a08e-06d0145f1829,2ecccb0c-e5b7-45b3-b6b3-2baea5d234ac,2026-03-16,fdf56cc8-2c66-486d-ae8f-8f48c5a28b0c,10d5d88b-c74f-4e99-8435-ee1690d6c047,20,1790,0.00000000000000000000,1790.00000000000000000000,Cash Payment,Pending,2026-06-18 23:55:42.102791+00
8e0203ed-cbd8-4746-88c2-32776ba506d1,f96aa88f-745d-45f9-b664-0f2987cfc91e,5051ca87-5650-4606-86bf-14e28cca6560,2026-03-16,3f57352d-df9b-4863-bdf6-4e7a6f5e5f20,11fadc6b-27d2-4bf0-a616-a82ddf3a9742,80,5600,0.00000000000000000000,5600.00000000000000000000,Immediate Payment,Pending,2026-06-18 23:55:42.102791+00
4a423107-c176-49f7-85c9-534a453938ca,29121786-f913-48f7-88bc-442e0a61e179,c9577fac-3d13-4b1f-95be-a962b6373bab,2026-05-03,2df9cb4d-3931-42d6-b71e-03529a9850cb,1dcaa77f-a4d8-43c0-9bf0-cdfc60081e79,20,2200,0.00000000000000000000,2200.00000000000000000000,Cash Payment,Pending,2026-06-18 23:55:42.102791+00
e8a441b4-e8da-4cb9-9d29-a1d8401a7848,6d2eb58c-86c4-418d-8d95-3d1cb7179a37,8e92eb52-2fd7-4c0b-a916-7d35d57bfa78,2026-03-16,2df9cb4d-3931-42d6-b71e-03529a9850cb,10d5d88b-c74f-4e99-8435-ee1690d6c047,20,1800,0.00000000000000000000,1800.00000000000000000000,Cash Payment,Pending,2026-06-18 23:55:42.102791+00
db1090dd-d448-450c-b6e7-4ee9897154c4,c8a08167-cdb5-4f38-8e97-d9433f4becc4,4324686b-451f-4acc-a8e1-ea83930a6b18,2026-03-17,99654bf2-99d2-4963-a48f-35d1eacc4352,07723aa8-9f8f-41ca-b623-c486bb145c1f,16048,1132800,0.00000000000000000000,1132800.00000000000000000000,Cash Payment,Pending,2026-06-18 23:55:42.102791+00
4f833951-12ac-4b5b-89f9-9bab8630f8f9,caf3878c-401c-4c00-bbb3-74260d4be1dc,1b19b119-690d-4071-a599-66be90354c41,2026-05-06,46259c13-632d-449f-a96f-f1deab0e0046,1dcaa77f-a4d8-43c0-9bf0-cdfc60081e79,1185,118500,0.00000000000000000000,118500.00000000000000000000,Immediate Payment,Pending,2026-06-18 23:55:42.102791+00
8cfa52e6-b9c8-475e-82d9-e13ea7bf1f4e,f6ada6ed-db04-4dc9-90b8-3dbe6fa026a6,d8bf030e-7b6c-4e54-8f33-5deeb070eb45,2026-03-17,7278af2d-7018-4d13-bb4d-1b35f4307714,56dcae71-e69c-47ed-a032-d97b1b6a4131,12560,1617100,0.00000000000000000000,1617100.00000000000000000000,Cash Payment,Pending,2026-06-18 23:55:42.102791+00
d9181019-b718-46ef-8171-49f8c239a15e,caf3878c-401c-4c00-bbb3-74260d4be1dc,eeb64475-0406-4a7a-9cfb-dfaa059f3733,2026-05-06,46259c13-632d-449f-a96f-f1deab0e0046,791dab05-effd-43cd-842b-2eca9a776288,1200,138000,0.00000000000000000000,138000.00000000000000000000,Immediate Payment,Pending,2026-06-18 23:55:42.102791+00
f6ba2aee-6d87-4f0b-8b4d-a2caf4f2a78c,41174dbe-d916-46fc-a3d1-f72cb557463c,fffadeef-7ad3-4bd0-bbd8-50a643f2f3b0,2026-03-17,71be3019-2872-4e46-9e8f-941663554ca2,10d5d88b-c74f-4e99-8435-ee1690d6c047,1000,89500,0.00000000000000000000,89500.00000000000000000000,15 Days,Pending,2026-06-18 23:55:42.102791+00
fc9550f7-5cbf-48cf-ab71-2ed335f31c62,41174dbe-d916-46fc-a3d1-f72cb557463c,d52b8596-a0e9-4646-8814-cf15d45b65c8,2026-03-17,71be3019-2872-4e46-9e8f-941663554ca2,10d5d88b-c74f-4e99-8435-ee1690d6c047,1000,89500,0.00000000000000000000,89500.00000000000000000000,15 Days,Pending,2026-06-18 23:55:42.102791+00
953c4d8d-08d2-4345-913c-d3a8e6af1f1d,ad982cd3-0d39-48fc-80aa-ac7b25837cdb,3452e616-345b-47e8-94c6-2422e341945c,2026-03-17,71be3019-2872-4e46-9e8f-941663554ca2,10d5d88b-c74f-4e99-8435-ee1690d6c047,1000,89500,0.00000000000000000000,89500.00000000000000000000,15 Days,Pending,2026-06-18 23:55:42.102791+00
acc25da3-b5da-411a-af31-4391b2c1e64f,ad982cd3-0d39-48fc-80aa-ac7b25837cdb,eb86230e-acc7-494e-bf7e-38a254defb71,2026-03-17,71be3019-2872-4e46-9e8f-941663554ca2,10d5d88b-c74f-4e99-8435-ee1690d6c047,1000,89500,0.00000000000000000000,89500.00000000000000000000,15 Days,Pending,2026-06-18 23:55:42.102791+00
eeba34c5-865a-40c0-8dcf-3169c107b869,ad982cd3-0d39-48fc-80aa-ac7b25837cdb,7de120e9-8a3c-4345-b172-82032b58fd04,2026-03-17,71be3019-2872-4e46-9e8f-941663554ca2,791dab05-effd-43cd-842b-2eca9a776288,480,59400,0.00000000000000000000,59400.00000000000000000000,15 Days,Pending,2026-06-18 23:55:42.102791+00
88aa7afb-1cbc-4f4c-b596-580db83f4c7e,ad982cd3-0d39-48fc-80aa-ac7b25837cdb,58d22b16-046c-4ec1-a63c-f72f6bf6cfba,2026-03-17,71be3019-2872-4e46-9e8f-941663554ca2,6ddeaf11-7c7d-4907-bdeb-dc87313c98dd,50,6100,0.00000000000000000000,6100.00000000000000000000,15 Days,Pending,2026-06-18 23:55:42.102791+00
