id,bill_id,line_id,date_key,vendor_id,product_id,quantity,amount,tax_amount,net_amount,created_at
34ee1ae0-299c-482f-a415-8c25300c7b8d,a1588818-ff22-4879-8023-e128173c92d5,bbefd042-0f4b-4b45-b83d-c21ca2f4aac9,2025-11-08,be6aebf8-8a0f-4527-a9d4-d94f09f3c93a,,1,1046690,0,1046690,2026-06-18 23:55:42.102791+00
a8e89071-b0b2-49bf-90cf-1f6737a4224c,ad01bc41-99d5-4963-ae62-5c878a0b2c9d,5a028887-73b7-42a6-ac0a-6373a64c552e,2025-07-16,b2870852-b36e-4a96-8048-b6adeb597deb,,1,2043791,0,2043791,2026-06-18 23:55:42.102791+00
c46b5574-6d96-4caf-a929-3ca1aed9e2cc,13d353cf-a10b-4f3a-8af2-9017b4e112df,d9dea1e9-a670-475e-89e3-7a95eb0f38cb,2024-11-18,b2870852-b36e-4a96-8048-b6adeb597deb,,1,2912682,0,2912682,2026-06-18 23:55:42.102791+00
6af29987-9a8e-4111-ae79-44b301212441,9e39da27-6a2a-49cc-a90b-9857723a01dd,f531ed45-206e-45d8-affe-3c00c2f1bd71,2025-07-04,b21d4cc7-0760-4deb-8ee6-fba3b4884487,,1,3392344,0,3392344,2026-06-18 23:55:42.102791+00
20b6b3f1-7e06-4e95-8c75-6f9f9c0fb30a,04e0d3ff-5646-4b60-ad9a-c8a6755249bc,237fbab9-7a80-4ff4-9d75-0fef502ea6b8,2025-12-17,b21d4cc7-0760-4deb-8ee6-fba3b4884487,,1,3303986,0,3303986,2026-06-18 23:55:42.102791+00
cda5c80c-6407-4769-bb0e-e19c958e4209,12b92ba8-14a7-4e0f-af9b-d73beababbbb,443fd36e-8662-497b-bb8d-a3e08f1e9fd3,2024-11-14,b2870852-b36e-4a96-8048-b6adeb597deb,,1,2895371,0,2895371,2026-06-18 23:55:42.102791+00
ac68e9e3-0c7e-4cfe-a6b4-fbcaea4e1bf6,72bb24b2-82b6-4bc1-b5d1-d88fab687906,e8173fb3-6e8b-4a01-a7a3-4c4ca13ad429,2025-05-27,26140a18-49d5-4266-9f8c-8f7e25c7f70b,,1,2201563,0,2201563,2026-06-18 23:55:42.102791+00
4b48f7e8-c8b9-44e7-bb72-74c50f4b0c7b,fe5a2d4b-efc4-4af8-9061-a9c66f778d51,53c27cbc-c6bb-4580-aed9-646eaefa7bf2,2025-06-20,b21d4cc7-0760-4deb-8ee6-fba3b4884487,,1,3478962,0,3478962,2026-06-18 23:55:42.102791+00
8b3da5bf-296e-4d9f-b23b-3778b03b0b40,7f5f6372-f740-4d9f-96ca-89ae1112a44f,2db3bebf-9ef6-4a2c-93eb-01c50014fd63,2025-08-22,b21d4cc7-0760-4deb-8ee6-fba3b4884487,,1,2697551,0,2697551,2026-06-18 23:55:42.102791+00
5a3dea93-292c-41aa-9179-27866512840a,771f12e1-a03c-4fe2-94b3-c224720dfc2c,fb4ff16d-dea1-4ac5-a80c-86e03ef1b624,2025-03-04,0cadaeab-aab5-418e-ae3f-0d303a1f2c1b,,1,433125,0,433125,2026-06-18 23:55:42.102791+00
96c0125a-b8c6-411b-be16-7fcce77840da,423d2033-575b-43a1-b3df-77fb42ea6bce,54f5869a-460b-4e83-a1eb-be7404f425f4,2025-06-02,b21d4cc7-0760-4deb-8ee6-fba3b4884487,,1,3145280,0,3145280,2026-06-18 23:55:42.102791+00
607c2437-d015-4197-96b4-6f92fe2b95f2,4cef2181-aa1c-461e-bc49-ae600c73dcfb,94cbca53-d960-4146-bfc1-49430b55d302,2025-02-18,0cadaeab-aab5-418e-ae3f-0d303a1f2c1b,,1,972440,0,972440,2026-06-18 23:55:42.102791+00
e21c64da-aee1-4afb-9928-a7cc51300d94,ecefdfa3-b6dd-41b8-99bb-ba43c4373692,e57b694c-8917-4665-9198-f9be71828739,2025-07-23,b21d4cc7-0760-4deb-8ee6-fba3b4884487,,1,2049244,0,2049244,2026-06-18 23:55:42.102791+00
1b4c6187-7345-469f-815a-dc56c83a97bc,8f0759b0-fcec-4174-ae64-5d9501206fae,c877cce2-73d9-4e8c-a42e-f43db549e27d,2025-02-25,0cadaeab-aab5-418e-ae3f-0d303a1f2c1b,,1,434125,0,434125,2026-06-18 23:55:42.102791+00
ade3b66d-cee0-4112-a573-e0ec5d10405b,4f4322e1-cb1b-478a-ae3e-d7f0ff6c95bf,9c71d1a4-bff3-4f05-b3cb-7981ad937eb5,2025-03-04,0cadaeab-aab5-418e-ae3f-0d303a1f2c1b,,1,118125,0,118125,2026-06-18 23:55:42.102791+00
826fc0ac-04d8-411c-9794-f11bfd3214ac,c9988221-2d1a-4d74-80fb-cdd203ea1415,a72bbd8f-fdab-41bd-b3da-66332edbc591,2024-07-16,51332947-ad36-4289-b3a3-d4f7943bffb8,,1,999225,0,999225,2026-06-18 23:55:42.102791+00
d32affd5-a057-4c9a-93b5-4bba750b5a3b,3d10ebf2-8bb8-4ea6-b0e3-b382b02f58f4,f25efbc2-5f0c-4632-87d4-f333fddb573b,2024-08-09,0cadaeab-aab5-418e-ae3f-0d303a1f2c1b,,1,900000,0,900000,2026-06-18 23:55:42.102791+00
2dca1992-f769-4d6a-809c-ab3e2909704c,ea96607c-bd86-4fc5-99db-ebf67d248d29,f55bb972-c8db-44de-b5ce-3a598eb381fc,2026-02-05,dc96db54-a1c0-4be1-81f5-c22f9594bf7d,,1,135431,0,135431,2026-06-18 23:55:42.102791+00
9b315929-e4a2-45aa-9d75-08317b73e6da,36413357-3784-4938-85df-2c527eddeb35,8260f689-1bad-4e06-a363-3a18f6295155,2025-02-20,0cadaeab-aab5-418e-ae3f-0d303a1f2c1b,,1,906000,0,906000,2026-06-18 23:55:42.102791+00
23cfed2b-0e11-4b8c-9f75-1e00ce6e34e6,4fb0589c-2c8e-4c69-8367-39e044aea266,f16504b2-3bd6-4796-988f-3a7bb3798b4c,2026-02-14,dc96db54-a1c0-4be1-81f5-c22f9594bf7d,,1,14705,0,14705,2026-06-18 23:55:42.102791+00
60d86339-707e-4a45-a1f9-854d2d722909,89160888-53a9-48c2-a17a-3f979036e984,51bcfbb6-7db5-47db-b845-b9198b940b8b,2026-01-29,dc96db54-a1c0-4be1-81f5-c22f9594bf7d,,1,65264,0,65264,2026-06-18 23:55:42.102791+00
e6c49ddf-733c-4538-9944-c29b9fc52f6a,6b1d4c9d-042a-42bf-8c40-e78ae652d6f1,4c4509dc-fa5d-4e40-a457-5b9e5076bf40,2026-01-19,dc96db54-a1c0-4be1-81f5-c22f9594bf7d,,1,24680,0,24680,2026-06-18 23:55:42.102791+00
df9e07be-c9b7-4052-ade9-2f9464b9a643,3cafd92f-d979-46eb-b292-a8c7f93251f8,9e3ede4c-c949-454d-b549-d3b28faade14,2026-01-20,dc96db54-a1c0-4be1-81f5-c22f9594bf7d,,1,89432,0,89432,2026-06-18 23:55:42.102791+00
c56cbf21-b380-4361-b8b7-ce499daaf4cf,72c4b418-4b57-48e9-904c-8c0fb0f5646a,da1de71e-4005-4981-83e2-e596dc041c53,2026-01-05,dc96db54-a1c0-4be1-81f5-c22f9594bf7d,,1,207851,0,207851,2026-06-18 23:55:42.102791+00
164e2f9d-068d-4b9a-8e5d-1f4de1d84fcf,5adeaa96-e17c-4c66-b381-6e57b163f965,54ef5c94-8c62-420a-b48c-783cfd87c68b,2025-02-17,0cadaeab-aab5-418e-ae3f-0d303a1f2c1b,,1,83050,0,83050,2026-06-18 23:55:42.102791+00
c56725fe-082e-4e89-81e4-3f96506892a0,95c0568c-9a89-481d-b68a-43e1f4146f7f,ae29f067-779c-47d3-b66a-2eca191d27c0,2025-04-23,51332947-ad36-4289-b3a3-d4f7943bffb8,,1,724701,0,724701,2026-06-18 23:55:42.102791+00
f42777c8-2086-4982-b79f-be90d9d1eae4,723516e6-3b21-4006-a3c3-50f22f335571,738edc72-061c-4b43-bfd1-1e340bd88b71,2025-08-05,b2870852-b36e-4a96-8048-b6adeb597deb,,1,2383608,0,2383608,2026-06-18 23:55:42.102791+00
0353edda-235d-429e-bcfd-a3322461f1dd,dfa35c19-52de-49fa-a4f6-f890c1e45218,1bda51ae-5d1d-4604-8428-79ab57dfd536,2025-10-16,be6aebf8-8a0f-4527-a9d4-d94f09f3c93a,,1,1159313,0,1159313,2026-06-18 23:55:42.102791+00
c9be0434-9ea1-476f-a17e-0f53915bba3e,42d8c0dd-ff11-433e-b12c-c3722e1c8358,b567432b-5520-4b03-9fd1-dd76fbcbc032,2025-11-18,dc96db54-a1c0-4be1-81f5-c22f9594bf7d,,1,52895,0,52895,2026-06-18 23:55:42.102791+00
329c12e1-5713-400e-b2e5-c79d5712a194,7db2ec7f-b638-4c20-9276-09ba5af678bc,e5a71bb9-081a-4811-bc18-dbe93414d1a2,2026-01-05,dc96db54-a1c0-4be1-81f5-c22f9594bf7d,,1,23500,0,23500,2026-06-18 23:55:42.102791+00
f849cb29-964a-45bc-8736-d6c90935a1d7,fa124111-97d8-4bc6-a2ee-529b2982357a,2c2dae5e-7345-460c-9f51-a41e6b5548bd,2025-11-12,dc96db54-a1c0-4be1-81f5-c22f9594bf7d,,1,625148,0,625148,2026-06-18 23:55:42.102791+00
90858bf8-ba5b-4e12-97a4-442c32a8f3ae,4864a8c5-36c6-47ec-861d-85f96c8a5dad,70d523c6-2432-4b7d-a6a2-09a17715a624,2025-10-14,dc96db54-a1c0-4be1-81f5-c22f9594bf7d,,1,23500,0,23500,2026-06-18 23:55:42.102791+00
32e559cd-50b1-4a0f-a4e0-cf2ada3c4f3c,1a5558c0-06a1-4ced-afa8-78669f661934,2467ca1f-acc4-43e9-bb72-8e23e3622026,2025-09-05,dc96db54-a1c0-4be1-81f5-c22f9594bf7d,,1,145588,0,145588,2026-06-18 23:55:42.102791+00
94d6fba3-48ff-4106-ac64-630240dcea0a,39fbca2b-dd05-42e8-a432-55d11daa7bda,fefc40e6-31c3-454d-84c9-1cfce6964764,2025-06-21,dc96db54-a1c0-4be1-81f5-c22f9594bf7d,,1,33523,0,33523,2026-06-18 23:55:42.102791+00
f33958d1-2cf6-4cc0-9d84-977363e9cddc,d5c05a6e-f6e0-4dc2-a60b-647a8b5dc818,3ae9fd22-caa8-4bfd-819c-6bc6326b00e1,2025-10-09,dc96db54-a1c0-4be1-81f5-c22f9594bf7d,,1,397481,0,397481,2026-06-18 23:55:42.102791+00
ce74c3ae-eeed-403f-91ef-a5522b16a377,cc2bbb1a-27dd-4723-9c40-0f4d133d1af2,9a39fc08-48ef-4ea3-9289-0e17d320c1cc,2025-07-30,dc96db54-a1c0-4be1-81f5-c22f9594bf7d,,1,104400,0,104400,2026-06-18 23:55:42.102791+00
889fc666-e71f-4e34-ba27-40ebffa9cb36,82d7d85d-f78f-45d0-809f-e522e06c71f6,bfede67c-0779-4714-9871-f5cd0768c41c,2026-01-15,96bdd17d-e2c7-4081-b5f4-cc9826bb78f4,,1,1353834,0,1353834,2026-06-18 23:55:42.102791+00
87332b79-0e45-4afc-b3ca-e9f4bf93a644,c75b705c-7948-4cdf-9324-6a8c4b604da8,7ccecf63-8d28-42e6-866a-016e7c64e5ee,2025-10-21,dc96db54-a1c0-4be1-81f5-c22f9594bf7d,,1,38076,0,38076,2026-06-18 23:55:42.102791+00
73ec9148-302e-49f1-8d45-68b930781dd6,7b3a7362-708f-4dae-943a-8153637d1bce,896d5a21-80c2-4a03-8e07-13f3ae130408,2025-07-12,dc96db54-a1c0-4be1-81f5-c22f9594bf7d,,1,45471,0,45471,2026-06-18 23:55:42.102791+00
24fe913a-d13b-420e-8f24-bd81a2745f99,a41fa4fd-4b14-4501-a059-fe46c2947b73,c44593d9-b0d9-4f4e-bd16-013d38d1cd27,2025-09-29,dc96db54-a1c0-4be1-81f5-c22f9594bf7d,,1,165067,0,165067,2026-06-18 23:55:42.102791+00
7f96baaf-e4ac-48ff-b013-173670faab8e,8e2f2272-bb15-4395-97a7-a6da561f2432,6d2263b0-6121-4a1e-8e22-5e39a48da569,2025-11-04,dc96db54-a1c0-4be1-81f5-c22f9594bf7d,,1,89718,0,89718,2026-06-18 23:55:42.102791+00
e956cf31-502d-42a8-9976-da3f5d001bc9,cd433648-3034-426e-8928-9ebee4e66ad8,d8447761-1a33-467b-b73f-cc3eb299c92f,2025-12-31,dc96db54-a1c0-4be1-81f5-c22f9594bf7d,,1,131441,0,131441,2026-06-18 23:55:42.102791+00
9492f69a-db55-417d-addc-54169c8d902d,10dce5e7-43e6-40d0-8d0e-00d5909114f4,07418cb5-c3dd-41d5-a697-bf5b98ef62c3,2025-08-22,dc96db54-a1c0-4be1-81f5-c22f9594bf7d,,1,152191,0,152191,2026-06-18 23:55:42.102791+00
05319a18-6994-4438-8197-485129c5324f,99e9bbaa-b7ef-4721-aaa6-c2dec44a4aab,2192943a-70a1-418e-9dcf-86ea46bbf3a6,2025-09-30,dc96db54-a1c0-4be1-81f5-c22f9594bf7d,,1,26448,0,26448,2026-06-18 23:55:42.102791+00
6e83c481-4a57-4f3a-8ae0-5c8368284401,3a4e1e5c-f98c-4a13-a9fc-894e3f2d6e8f,1e2eb659-3631-43b2-949d-0bcd81aeb187,2026-01-23,dc96db54-a1c0-4be1-81f5-c22f9594bf7d,,1,25251,0,25251,2026-06-18 23:55:42.102791+00
fc3d9f8f-08be-4d81-a7f9-a292e4c49fde,5e60068d-5e80-401e-984b-35c5c95ca51b,6d6bcc55-fbb9-4c75-9690-05fba423f5b9,2024-06-05,edec10be-a0bc-4240-a6de-ed91dc2b3a10,,1,1317990,0,1317990,2026-06-18 23:55:42.102791+00
99ca90f8-1d8d-4e7b-a307-d40e8c978238,d84ab49a-4d70-4907-b18d-4dae008c5ae8,4a93c53c-2f1e-4e53-8030-b28279fb834c,2025-10-16,dc96db54-a1c0-4be1-81f5-c22f9594bf7d,,1,159257,0,159257,2026-06-18 23:55:42.102791+00
646cdb35-e937-46c8-ac29-cf92733765c9,e53f2a5f-7063-492a-a81c-0f48905d10b9,097cc8fc-9525-4fe7-ad84-d043415b67c9,2025-10-06,dc96db54-a1c0-4be1-81f5-c22f9594bf7d,,1,248935,0,248935,2026-06-18 23:55:42.102791+00
71d79922-a1f8-4090-bc6b-8ef61a95d740,f9841b90-883d-417c-ad41-965d6429431d,16f9fcf3-0849-4b6b-acc0-695a34d7ed43,2025-12-01,dc96db54-a1c0-4be1-81f5-c22f9594bf7d,,1,420713,0,420713,2026-06-18 23:55:42.102791+00
c8d22870-e6d8-406f-b7c2-a4ec140f58e8,07848509-8103-4a84-8185-36d7ddab8d27,6e35162b-54c8-42b0-a28c-47ee7cad5405,2025-11-11,dc96db54-a1c0-4be1-81f5-c22f9594bf7d,,1,101744,0,101744,2026-06-18 23:55:42.102791+00
2b12e0d1-7abf-4698-bf48-1933680b0aa7,ff474856-0afe-4cd3-8973-20dc549f433b,770e695a-4d19-447c-a7be-7d8a81fa50c9,2025-06-24,dc96db54-a1c0-4be1-81f5-c22f9594bf7d,,1,341908,0,341908,2026-06-18 23:55:42.102791+00
9902135e-f9dd-4ca4-ab37-fc342c87839c,89e34d8c-7d9e-41db-ba44-d1cb1ff61461,cdea874a-2f46-4f83-9ed4-2e5d698410d5,2025-09-17,dc96db54-a1c0-4be1-81f5-c22f9594bf7d,,1,59508,0,59508,2026-06-18 23:55:42.102791+00
66d148e9-f8ed-4d33-9176-c5ca6f3b294c,0e0fb78c-c040-472c-81a3-b0e0362d9969,9dd9265e-83db-49c8-b5d0-4833fbd4973f,2025-08-09,dc96db54-a1c0-4be1-81f5-c22f9594bf7d,,1,37757,0,37757,2026-06-18 23:55:42.102791+00
ba62c1ca-058a-4aa0-aae0-68c6701c3374,677706c6-a60d-47f9-9d97-41fb9f7ab001,f3b5beb0-7e9c-4b18-a795-b4fc97fc713a,2025-06-13,50461b33-9f9a-4228-b886-97556d5c9e27,,1,1242572,0,1242572,2026-06-18 23:55:42.102791+00
42eaf5e2-72ce-4104-9f27-890c2c2a2d97,786b05cf-a84c-47e4-bbcb-f749c3cc3eea,c876d57b-5378-4b39-8c77-ea6416120368,2025-10-28,dc96db54-a1c0-4be1-81f5-c22f9594bf7d,,1,18639,0,18639,2026-06-18 23:55:42.102791+00
f80e1259-94e0-4abf-91f5-1351ce57bc06,fce5f967-64cc-49b8-8ffd-b1cdef95818d,c93676b9-5536-4937-832f-614aa0aaed6b,2025-10-04,dc96db54-a1c0-4be1-81f5-c22f9594bf7d,,1,39149,0,39149,2026-06-18 23:55:42.102791+00
0451b906-56b0-4e27-9ca9-4c2424e1e22e,b0a4e74f-2c8e-4f44-ab88-0ae9f72d2da7,31550a00-2317-45d7-9f7b-6964a4762485,2025-08-27,dc96db54-a1c0-4be1-81f5-c22f9594bf7d,,1,41353,0,41353,2026-06-18 23:55:42.102791+00
87e56632-4721-4c02-8c23-6014b4bb8550,47718354-dbaf-41e2-befb-a85f7de4c37a,e656c670-53e2-44a5-a55d-37aa1617eca4,2025-08-09,dc96db54-a1c0-4be1-81f5-c22f9594bf7d,,1,338544,0,338544,2026-06-18 23:55:42.102791+00
33a7d6b5-bf43-495d-b93e-916a30693e71,a83df8d4-e71a-47f2-aa3f-5cf8b110cf95,de84e931-b129-4c41-b909-bd213c603e8c,2025-06-28,dc96db54-a1c0-4be1-81f5-c22f9594bf7d,,1,18153,0,18153,2026-06-18 23:55:42.102791+00
d356479b-3823-4691-b38e-d73591f94b66,8d46b0c4-fd64-460b-b530-fca0e7b17822,30e9e35c-63c8-4052-8e10-b70fd8a4b137,2025-10-15,dc96db54-a1c0-4be1-81f5-c22f9594bf7d,,1,37506,0,37506,2026-06-18 23:55:42.102791+00
24b46ee4-35c2-41f0-ab6e-6b1d700da087,2d888958-3b6b-4630-b278-1c7cdc4d908c,a95ebba9-7898-47e1-991e-dbaf61681f23,2025-11-27,dc96db54-a1c0-4be1-81f5-c22f9594bf7d,,1,128420,0,128420,2026-06-18 23:55:42.102791+00
91e69567-5a03-49ef-9820-6f057c5e76e7,4b36a031-f3e0-4c7b-9473-41e9b4302dc1,5f81b13d-5e39-4942-9809-584bf26d15af,2025-05-13,50461b33-9f9a-4228-b886-97556d5c9e27,,1,1276084,0,1276084,2026-06-18 23:55:42.102791+00
e5da1e40-bc6f-4290-8f83-5170076efe72,bb29fe96-482c-47d2-9376-c84dfa29f70a,3bf3b364-07b8-4a80-ae67-c748c402c39c,2025-02-22,dc96db54-a1c0-4be1-81f5-c22f9594bf7d,,1,46051,0,46051,2026-06-18 23:55:42.102791+00
537f7e8d-2dbf-49ab-8a2f-919558924332,0cd2c160-5307-4191-8afa-dc2c60507292,2223dac5-9472-486e-87e2-49957de8a8b4,2025-01-28,dc96db54-a1c0-4be1-81f5-c22f9594bf7d,,1,96743,0,96743,2026-06-18 23:55:42.102791+00
14a10cea-b207-4248-a82f-f9fc68a9df00,aa52c3a9-ce7c-481c-a0a2-ff8535fde4c9,4b01ce7e-da04-4fd2-96a2-64d25b81a404,2024-10-29,dc96db54-a1c0-4be1-81f5-c22f9594bf7d,,1,322500,0,322500,2026-06-18 23:55:42.102791+00
e3cca0a5-14f4-4f67-a4dd-3df619e0d85b,09d411bd-3a02-442a-b427-435baa239273,c3cf521d-a89b-417f-8355-3d94ae893109,2024-10-01,dc96db54-a1c0-4be1-81f5-c22f9594bf7d,,1,472119,0,472119,2026-06-18 23:55:42.102791+00
5c7ced07-345e-4a79-a87e-575c597347e3,e4829417-fd89-4abc-af10-4a76c822314c,e513f909-58a2-476b-b854-37ea6d029e70,2025-05-26,dc96db54-a1c0-4be1-81f5-c22f9594bf7d,,1,103008,0,103008,2026-06-18 23:55:42.102791+00
cda46c5c-e0bb-4690-b75a-fba599594e45,886329a5-e2ca-43c1-b65e-e04906db850f,71eada23-70b1-4fdd-ba10-1c8d232960eb,2025-03-19,dc96db54-a1c0-4be1-81f5-c22f9594bf7d,,1,236929,0,236929,2026-06-18 23:55:42.102791+00
c1efbb6b-03e4-4298-8c59-1b37f31b0074,694e497a-e9f9-4923-8826-122e19bafb18,b6bbcd23-4d5e-4d33-be65-f22189addef9,2025-05-07,dc96db54-a1c0-4be1-81f5-c22f9594bf7d,,1,320971,0,320971,2026-06-18 23:55:42.102791+00
d3deece0-5259-4f09-a107-10954478c4f1,7b4eee4a-39c9-4338-9fec-316f1afdc1cb,1e8692ef-9693-4f3e-8916-accf2ae4a5ef,2025-12-29,b22c68cf-1d75-457c-96cb-dcb32da7712e,,1,1042438,0,1042438,2026-06-18 23:55:42.102791+00
a07786cc-7638-4545-8066-3d306986d3c5,fe39074e-567f-48ec-9812-e012596b899e,4f9d9811-af42-4b33-b189-78535368e6f0,2025-05-02,dc96db54-a1c0-4be1-81f5-c22f9594bf7d,,1,476463,0,476463,2026-06-18 23:55:42.102791+00
7e080a44-081b-42d9-80f3-5bd8c4f71b09,ec033c61-9dd8-4ade-9c15-83526ca3af7e,1af45527-9584-4810-af4e-8169c31205b3,2024-11-19,dc96db54-a1c0-4be1-81f5-c22f9594bf7d,,1,36000,0,36000,2026-06-18 23:55:42.102791+00
86b7f101-5925-417d-b6b2-8d6a2537e78b,f00f9b78-fbae-4e3b-9bf6-f4d75423f4f9,90cc5b11-9f58-4569-96e5-d245fc2d8a73,2025-02-13,dc96db54-a1c0-4be1-81f5-c22f9594bf7d,,1,510863,0,510863,2026-06-18 23:55:42.102791+00
308aefb6-42e3-4383-8ec6-737524de2cba,8fa9f5f6-2dff-4aff-bf22-f2aa4636f293,902718d9-d308-4647-bdce-49ec5bea7ab2,2025-03-10,dc96db54-a1c0-4be1-81f5-c22f9594bf7d,,1,516837,0,516837,2026-06-18 23:55:42.102791+00
98962ed8-2d73-4c14-b535-d6fb6a07a793,5009e419-0725-41f6-9c86-3b6e286d83d5,f7fef906-7e9e-4bb0-bb72-8eb4ef20adb8,2025-01-11,dc96db54-a1c0-4be1-81f5-c22f9594bf7d,,1,467363,0,467363,2026-06-18 23:55:42.102791+00
7e09526b-c665-44f1-85a3-8be398adab0f,012da1fc-58ed-4883-bfb3-0e5fd0880859,79d8cbfb-432d-4807-ad45-f7d1b9bcf7a5,2025-01-23,dc96db54-a1c0-4be1-81f5-c22f9594bf7d,,1,21749,0,21749,2026-06-18 23:55:42.102791+00
cc42d5b1-d5dc-4934-9f27-63509a481b83,340fe997-0584-45e3-863b-276df848b94e,f9dc8d6c-9993-469a-ae0a-049f3079b0ab,2025-01-25,dc96db54-a1c0-4be1-81f5-c22f9594bf7d,,1,197084,0,197084,2026-06-18 23:55:42.102791+00
27124d30-ff6c-4786-991f-936c0485549e,9820ef57-5c49-4e4e-882d-74be1795a4a0,ce35872c-274d-4e10-bc84-3d98f2560878,2024-12-23,dc96db54-a1c0-4be1-81f5-c22f9594bf7d,,1,45414,0,45414,2026-06-18 23:55:42.102791+00
5a3eb13f-bd26-40ec-b1f6-c8dc7dacc61c,017cda53-2dbf-4333-9aff-9507ef5b8b95,57c8a8b7-1921-4c74-9ae5-03f983a51197,2025-02-14,dc96db54-a1c0-4be1-81f5-c22f9594bf7d,,1,83925,0,83925,2026-06-18 23:55:42.102791+00
7dd4fff0-5e27-44f8-b3dd-cad6b48fcc84,90a6bcdb-97c0-4338-ac33-7f88e66af497,50f6e398-3d8a-4ae3-b841-8550281aae18,2024-12-24,dc96db54-a1c0-4be1-81f5-c22f9594bf7d,,1,394400,0,394400,2026-06-18 23:55:42.102791+00
2b07c914-ddc6-4c99-aa7a-a42f1fa36f86,546fefa5-f6c2-451b-b56e-728deee19fea,9bd68b70-0370-486c-9483-7c1c1016e155,2025-04-28,dc96db54-a1c0-4be1-81f5-c22f9594bf7d,,1,100919,0,100919,2026-06-18 23:55:42.102791+00
ff230c8c-c8a0-489b-a12e-dc8bc2778a17,f99a9c7a-19b8-45d8-a117-1db12a96655f,101b29a3-172c-4a8c-89c2-1d896f857871,2025-02-11,dc96db54-a1c0-4be1-81f5-c22f9594bf7d,,1,26969,0,26969,2026-06-18 23:55:42.102791+00
eabf473d-c7f8-41b8-856c-a9a9697f093c,d3d512a2-ee7f-4514-84cb-6ba57ce34f04,61ac36d7-d578-44fa-a413-71f5616efb95,2024-12-24,dc96db54-a1c0-4be1-81f5-c22f9594bf7d,,1,11195,0,11195,2026-06-18 23:55:42.102791+00
42d4c58c-292c-42ff-852d-88030824ad77,4f8450c9-421d-4a2b-9250-3495793428f0,a9b86e2e-53af-4b7d-b796-f014426bcbd8,2024-12-12,dc96db54-a1c0-4be1-81f5-c22f9594bf7d,,1,414284,0,414284,2026-06-18 23:55:42.102791+00
d284ddb4-6cfa-4bc6-948c-ae77ccd07727,9d3f5f0d-6c85-4e01-8d06-1971cf16652e,713c95b2-15db-4785-ab0b-71b77cd9e100,2025-05-05,dc96db54-a1c0-4be1-81f5-c22f9594bf7d,,1,57651,0,57651,2026-06-18 23:55:42.102791+00
655628a2-6eed-41fc-9cf8-079aa570e40a,b3a4175f-2ec9-4314-aece-bb46809a92e3,231fc78c-06d6-44a1-bc7b-aeb1fd82cc26,2024-12-20,dc96db54-a1c0-4be1-81f5-c22f9594bf7d,,1,43575,0,43575,2026-06-18 23:55:42.102791+00
a19636ec-7d92-4c34-8d3d-6c540e364ff8,44a56f08-9bde-45d9-8ec3-d9c7d8f98e6c,a562e246-bda3-4454-be16-dc004ae3cafb,2024-11-12,dc96db54-a1c0-4be1-81f5-c22f9594bf7d,,1,201320,0,201320,2026-06-18 23:55:42.102791+00
b1463a33-a85f-4d0b-8616-346a40e28cc5,ceaa4554-2669-44e9-9704-bd0cabe096a0,eb5686a1-5283-4ee8-928a-9fac665f6204,2024-11-14,dc96db54-a1c0-4be1-81f5-c22f9594bf7d,,1,30240,0,30240,2026-06-18 23:55:42.102791+00
fe9a59c6-c793-4ae5-a64d-5aaacad17e8b,fbca8b31-906c-4d66-81d7-1703c70a0e5a,d299fc84-5b8b-4b18-a535-dbc2970fc81b,2024-12-18,dc96db54-a1c0-4be1-81f5-c22f9594bf7d,,1,384408,0,384408,2026-06-18 23:55:42.102791+00
7650f115-e9ec-43bd-8cc0-4acbb2f84b22,24df504a-79b0-40be-b0e9-fb82eb00515f,853bd5d2-ccdf-45e2-8400-88726b76e96e,2025-05-14,dc96db54-a1c0-4be1-81f5-c22f9594bf7d,,1,8932,0,8932,2026-06-18 23:55:42.102791+00
d7682bad-a8f5-4d13-bc6a-6580f63132ea,6df60efa-ec1f-4e30-9007-a9f567e3d8ca,546a21bc-f4bc-48aa-80de-2a96eee0eaf1,2024-11-25,dc96db54-a1c0-4be1-81f5-c22f9594bf7d,,1,190000,0,190000,2026-06-18 23:55:42.102791+00
324dbaea-12fe-4926-a52a-288002348602,9f89d310-6b33-44a1-a2b9-a842bd07ee46,9540e0ee-4c3a-4634-b4af-8f2f09c2d6c2,2025-02-14,00ee8ba3-07e7-4438-8bc1-8247b6a45f99,,1,1387711,0,1387711,2026-06-18 23:55:42.102791+00
d2c2562a-8ecf-44cc-928c-ac87c639956d,38c071f6-2099-4e4c-bfbe-ff9a7a145360,ac3043a6-f394-4d25-9aa3-f174f65b6da0,2024-11-11,dc96db54-a1c0-4be1-81f5-c22f9594bf7d,,1,408270,0,408270,2026-06-18 23:55:42.102791+00
5cdc1c97-96c6-400b-96e7-ddf6c9a2fe03,b0040508-6182-4765-9518-a4ae2708c6e1,f5c7eefc-8db8-4588-a312-b304d3ce3a39,2025-05-17,00ee8ba3-07e7-4438-8bc1-8247b6a45f99,,1,762195,0,762195,2026-06-18 23:55:42.102791+00
b0565874-2fd2-425e-9d80-7f740ff7bf86,52f721e1-4430-4a0b-8f7d-56a22a1ea95d,430356ca-d4dd-490e-bba2-a349fa6473bf,2024-11-06,00ee8ba3-07e7-4438-8bc1-8247b6a45f99,,1,1158000,0,1158000,2026-06-18 23:55:42.102791+00
b5560ab1-0753-4a2d-ba73-a7a343b04fd1,04c43732-3074-4b31-9a37-6a9415a33832,8349d036-821b-4896-b17d-abab4ec37ae9,2025-04-30,00ee8ba3-07e7-4438-8bc1-8247b6a45f99,,1,1252195,0,1252195,2026-06-18 23:55:42.102791+00
18370daf-30d4-4a08-937e-7279bace3c84,b48399d1-9224-4887-a79e-a58ff4a9f35b,f76ec528-16bc-4004-831f-3a4378b7028b,2024-10-28,dc96db54-a1c0-4be1-81f5-c22f9594bf7d,,1,63000,0,63000,2026-06-18 23:55:42.102791+00
359737b0-1716-4eb7-8f7a-ab4b9ab7084d,016b42c0-1bb5-46d2-9b41-760f8a37a4e7,390a9f33-4a52-4452-b353-6bd2d33f4368,2024-07-24,00ee8ba3-07e7-4438-8bc1-8247b6a45f99,,1,2522838,0,2522838,2026-06-18 23:55:42.102791+00
7d024c4c-6768-4ff0-9976-9ea42c0a016f,ea2d09c8-371f-4bd4-9c80-e4baf53b7c0c,9c2d2191-6945-4685-a9f2-02520d930ecc,2024-11-16,dc96db54-a1c0-4be1-81f5-c22f9594bf7d,,1,18000,0,18000,2026-06-18 23:55:42.102791+00
55944bff-cd70-4a3d-8103-ca39a88788f0,3063ca8a-d04c-4a07-b61f-da6076f0712d,59243285-fc88-4f98-8598-bda583276f44,2024-07-25,00ee8ba3-07e7-4438-8bc1-8247b6a45f99,,1,2337525,0,2337525,2026-06-18 23:55:42.102791+00
a6907621-a365-4e33-a8e7-9aae03fe6466,50f3ca1b-eade-4438-9076-5acafffee132,9360225e-0919-48a7-8e80-ef48391a88b3,2025-05-10,dc96db54-a1c0-4be1-81f5-c22f9594bf7d,,1,168489,0,168489,2026-06-18 23:55:42.102791+00
3c3b2d24-c845-420e-8ee3-ad8834daf511,95a61e5f-b2b9-46be-b663-3c6d600a62fa,9defdddb-b365-4336-ac21-91fd8c1dbb19,2024-07-09,00ee8ba3-07e7-4438-8bc1-8247b6a45f99,,1,1711349,0,1711349,2026-06-18 23:55:42.102791+00
ee761a87-f8d8-4604-80f4-d4b4cd199990,573e51b7-3363-4145-b0ec-281d7097d005,e6cbd7ec-c2b4-4bd5-8b18-44c18ca3c53a,2025-04-29,00ee8ba3-07e7-4438-8bc1-8247b6a45f99,,1,1084492,0,1084492,2026-06-18 23:55:42.102791+00
f530dc96-bc0d-46ce-972d-c6897ce98581,61508fda-dcb0-42ff-a7cb-33b4ea23e91e,c0f6229e-11e9-439e-bd12-b342e988eb4a,2025-04-26,dc96db54-a1c0-4be1-81f5-c22f9594bf7d,,1,46483,0,46483,2026-06-18 23:55:42.102791+00
afc13155-8e52-426c-aad9-d44bbcd42447,1e0faeb4-716d-4e7a-8727-d80af0e4100f,4b19c82b-6886-49cb-bc3e-2f8887830952,2025-06-21,dc96db54-a1c0-4be1-81f5-c22f9594bf7d,,1,195053,0,195053,2026-06-18 23:55:42.102791+00
b506efe5-31d6-4161-9eba-fc007c1747d8,9f994513-8699-4c68-91d7-653617754910,ddbd1038-c626-453a-b75e-acefe7afbb3d,2025-10-24,dc96db54-a1c0-4be1-81f5-c22f9594bf7d,,1,27815,0,27815,2026-06-18 23:55:42.102791+00
f4296dee-6031-4f47-9a83-31e08e7599e6,fc8690e3-26a1-4501-a086-f0a61b7fa6b3,0cf49ff2-5a05-4ac9-8aec-e664b474f135,2025-05-03,50461b33-9f9a-4228-b886-97556d5c9e27,,1,1272748,0,1272748,2026-06-18 23:55:42.102791+00
48c0199d-afe2-466a-939d-be6d00efb83e,6c2379a8-c3d7-46d0-a30a-ad25b95b9c76,8afa93e7-c477-43b0-9225-9ff964b37793,2025-09-20,b22c68cf-1d75-457c-96cb-dcb32da7712e,,1,3519085,0,3519085,2026-06-18 23:55:42.102791+00
1b70d751-a703-4e66-b46f-ccc62b11d528,f77a2c6e-db54-4568-aa82-8a2570783088,7a5ad437-da82-4b94-9fed-c7fec2a235d3,2024-10-10,9b59c432-8c51-4711-add6-e758552bafc3,,1,2685807,0,2685807,2026-06-18 23:55:42.102791+00
14befa56-f72f-48a1-9348-1a174fda0043,14e29cbd-e9f6-4efd-bbbc-d07ad4321ca4,17f041fb-9c5a-4125-a269-4026b69e4d3f,2024-08-01,40898e29-8b25-4043-8a89-cee44245437e,,1,2523809,0,2523809,2026-06-18 23:55:42.102791+00
13b97300-9591-47bc-98ca-942f719381ea,809a6e51-c6ed-4cc7-b3f4-339c92f3b266,c42a0962-84ab-437c-9ef1-62376935a32a,2026-01-13,3493427d-c901-4415-b6ee-e7d0316f9480,,1,3386250,0,3386250,2026-06-18 23:55:42.102791+00
869ed7a3-4ee5-49df-a601-7fc8d93b58a1,7ffccb50-b8d5-4b86-b22c-ca2b1c557858,741a6ebf-b027-4a08-af19-61a3737ad4e7,2025-05-24,48e6f85d-37e1-4d61-99a9-d46bdae6e031,,1,1417288,0,1417288,2026-06-18 23:55:42.102791+00
bd2bb373-afdd-4a84-a427-a6f37d61209a,00f26862-e31e-4ee4-ad1f-a0d785f6f72a,b8ea065d-4c6d-497e-aaed-a77740f8ded2,2024-10-22,771fe071-7c7d-4cdc-9195-1f3bb593d2de,,1,30400,0,30400,2026-06-18 23:55:42.102791+00
c3d8e905-e65d-4dfd-a5ff-51b6bce76fbc,efe8344d-996b-452e-9ffc-e675394e9838,51935e41-389e-4261-8059-6191aaffc410,2025-09-22,f44a0530-a9a7-44dc-a935-1788e1ed642f,,1,2745144,0,2745144,2026-06-18 23:55:42.102791+00
332fbedc-8de4-47de-a57a-d31e362dd967,f1f6043f-1a2f-467a-8a89-cd61c909fc18,4cff4b49-ff93-4fbd-94ae-a60596d1b5b1,2025-09-22,f44a0530-a9a7-44dc-a935-1788e1ed642f,,1,2738864,0,2738864,2026-06-18 23:55:42.102791+00
1484b00a-369d-439e-add5-0b38b81aefcb,16a005a5-e532-4dff-8d36-64e2e2e6e5ef,cac3d77e-2a6f-45bd-89d3-1d25c1e3e327,2024-11-04,3c61dcc1-cbd1-4594-9879-2b7ca831edfa,,1,2297625,0,2297625,2026-06-18 23:55:42.102791+00
63531a30-3361-4e8d-a928-8f5f3dec2704,439a0e3b-e546-4c5c-8901-655aec22bc09,7862f288-74de-4531-8095-b30ab7e9be58,2024-05-14,9b59c432-8c51-4711-add6-e758552bafc3,,1,2609995,0,2609995,2026-06-18 23:55:42.102791+00
5bbaa83b-e7ef-4e0e-8b5d-9279cf85b8f2,93115c61-25bf-4201-baa9-a3291f9ad770,78ee6ff6-12ec-4a92-9eac-d60ff3903549,2025-11-25,b22c68cf-1d75-457c-96cb-dcb32da7712e,,1,4757508,0,4757508,2026-06-18 23:55:42.102791+00
7d22e960-5480-40d2-ac39-d666ffbd41ad,83baac01-c4af-4d12-b846-e9a41de37f4a,63f13bf3-601f-47c8-a6cf-44e898bd656b,2025-01-01,8a726be1-957b-4134-a293-2268e49a7d1a,,1,2623688,0,2623688,2026-06-18 23:55:42.102791+00
8d8d1846-b9e5-4b1c-b501-330fb5906ed1,413ace62-571d-4d1e-8815-c43c30f1f3ba,29085e05-b564-47fa-abd5-9f7bc2ba9d27,2025-09-11,f44a0530-a9a7-44dc-a935-1788e1ed642f,,1,2915030,0,2915030,2026-06-18 23:55:42.102791+00
1aea183f-c376-47b3-9b54-d89b98867b39,531c0de2-68a4-4e4a-b7a6-5d7865104f5e,90b6547c-c315-4b4c-b615-5a2784c6a73e,2025-08-19,fa2c1a2b-c483-45f3-92c5-0e24f18c9353,,1,2490546,0,2490546,2026-06-18 23:55:42.102791+00
933030a6-a00a-4799-9ee0-4fb78f8e02fc,695727fb-6fbd-4178-9069-a9f8c74cf64b,fd263a5b-dda1-4563-9f6a-c3bfc2db6044,2025-06-17,24637f48-aff9-4615-8eb2-fa8dddc59fa8,,1,2204667,0,2204667,2026-06-18 23:55:42.102791+00
9585c8e1-27e0-4acc-8184-5ec89bd69c1a,3b30023a-ab60-4f69-94f2-cd9b526e5361,8f08e66e-deb0-4cb6-a174-079f73ae71c5,2025-08-07,3769e41b-9c60-4886-9461-5e969cfbc8d3,,1,2288839,0,2288839,2026-06-18 23:55:42.102791+00
4fcb4aab-8927-46d8-95e0-d611e92565ab,670c2f40-05eb-4e85-8dde-1f1f58a1094f,d2b52955-9b02-454e-92ec-23749296078d,2025-04-17,2e69bee6-0a5e-4633-9868-0caa1e2b1626,,1,2335615,0,2335615,2026-06-18 23:55:42.102791+00
4706e7cb-4509-492f-9de1-2de0fae056ca,7d9695e1-de0c-46bd-9be9-fa0ce3414c43,dae9d2bc-5b33-45b0-96c8-b2f78475de4f,2025-01-28,24637f48-aff9-4615-8eb2-fa8dddc59fa8,,1,2665600,0,2665600,2026-06-18 23:55:42.102791+00
cd1346dd-5481-48d6-8c79-d66c1ff99ab6,990218f2-e248-451b-8b35-32c80cdf4c14,ac40883a-6267-42e1-a475-0459981849e0,2025-01-16,ee72dd0b-2a9c-4acd-9b20-433e6a327c96,,1,1791475,0,1791475,2026-06-18 23:55:42.102791+00
36e474fd-ccee-4394-a33f-dbb90241c86d,cf4e75d1-c193-43bc-9fa5-edafafcfcf74,8de36ad2-2252-4c2d-9aa9-b725fd1beefa,2024-11-13,3769e41b-9c60-4886-9461-5e969cfbc8d3,,1,2628780,0,2628780,2026-06-18 23:55:42.102791+00
3a75d2ce-0873-4692-a5f5-af9de4408a0e,1dedc79f-d910-4a74-a0e8-7d6e97950220,48d70852-762c-4245-81e0-f93026237e54,2025-02-22,24637f48-aff9-4615-8eb2-fa8dddc59fa8,,1,2668930,0,2668930,2026-06-18 23:55:42.102791+00
952609e6-db9f-4779-865a-c31fe59419eb,6f2efadf-0a38-4891-925d-6e2bee9f0c5c,e1183a41-db22-44cf-a6ae-2e0a3b3dec2f,2025-01-27,a84bde39-f20e-4d72-83ff-a7e13653e474,,1,109887,0,109887,2026-06-18 23:55:42.102791+00
e2256160-2287-4299-9aa8-a7c631c8841b,05b981b7-50c9-483d-8f09-af283aa8732e,695bd162-0c40-457b-a69e-709a8e9c8076,2024-07-24,53c5d520-017f-4de2-9f60-f608b74bc9e5,,1,1532654,0,1532654,2026-06-18 23:55:42.102791+00
9e76d44e-284f-47c1-bd68-1d8baa366959,b877d87e-93fd-4aca-9c01-389b5f5a9532,f2b0292b-526d-4675-bf50-67ed49f58ff1,2025-03-03,40898e29-8b25-4043-8a89-cee44245437e,,1,2739600,0,2739600,2026-06-18 23:55:42.102791+00
c3933e11-6e54-40d9-8379-d83d38719959,032f9f94-73d9-40bb-934a-bc103b0fc367,b8985b71-c23d-48d2-b814-cddd5170dd1c,2024-11-19,a84bde39-f20e-4d72-83ff-a7e13653e474,,1,116840,0,116840,2026-06-18 23:55:42.102791+00
5a899bf2-9947-4243-8ea6-b171337f96e7,b8425903-d90b-4188-82ce-a3a2b2604448,ee4c899a-2683-48c4-b3ca-620ef3957e8f,2026-01-29,ee72dd0b-2a9c-4acd-9b20-433e6a327c96,,1,2987625,0,2987625,2026-06-18 23:55:42.102791+00
6f36b461-4bcb-402e-a962-4b28a9367913,eaa53d49-7090-414d-83f6-3a0367aa389c,135f9340-0613-4d35-84a6-dcc290aaa76d,2025-11-14,3a41f74e-14a3-41fc-905d-3ddf1f5905d4,,1,1276490,0,1276490,2026-06-18 23:55:42.102791+00
eb1d7037-5a3b-4ea0-8656-3ac2c623408d,ac12de66-46e5-44a1-a5a4-56231c8bb8fb,e20936f7-5e0d-4abc-b816-db6c5c13e09b,2024-11-15,a84bde39-f20e-4d72-83ff-a7e13653e474,,1,114375,0,114375,2026-06-18 23:55:42.102791+00
cc2371ba-79f2-4655-9cf9-e198ba61cb40,1eb63caf-5666-49ba-bff3-8b30efd44227,5af7c966-3a91-45ee-ab9a-9bea5d43b04e,2024-10-28,2f16462b-aa4d-49ee-a9ec-eab4a0f517ed,,1,1848896,0,1848896,2026-06-18 23:55:42.102791+00
6a49466e-6cd8-462d-a637-9ccec817a8d1,cfe9ba79-837f-469a-b807-8612c766ebc3,85198903-ea14-42ff-838d-4a85239ccd31,2026-01-05,3a41f74e-14a3-41fc-905d-3ddf1f5905d4,,1,1328402,0,1328402,2026-06-18 23:55:42.102791+00
789f280b-7783-4df9-aeed-a7f357157549,d7ed2f2f-08b7-4698-9ea5-3ada7d758a50,a1f32aca-eef4-4efa-9b41-fde2538c4da3,2025-04-12,15f40fee-6b04-4426-804b-1f6054b71136,,1,17423,0,17423,2026-06-18 23:55:42.102791+00
304aaa52-9051-4e80-9380-111d1f60be8f,0e6a99a0-95c7-4bc9-a456-59616d1e7585,8da6aa06-af3e-4f28-8ecb-35cfc8560ae7,2025-09-26,f44a0530-a9a7-44dc-a935-1788e1ed642f,,1,2750213,0,2750213,2026-06-18 23:55:42.102791+00
0ac62aca-db6f-4995-abe3-b2e368421c16,60724614-2698-4cc3-817a-52d1b5314c57,991cad13-eff0-4040-988c-1862a94c3eb0,2025-01-01,e71f9baf-f878-4b03-a43a-a737af2adeee,,1,2439142,0,2439142,2026-06-18 23:55:42.102791+00
b5b09322-a0dc-47fa-b21d-cf876385f52e,1f3b81f1-68f6-4104-9bfd-aa591f1b09b9,02b8b802-c146-4735-afbf-4f1d0db728b0,2026-02-04,ee72dd0b-2a9c-4acd-9b20-433e6a327c96,,1,2807625,0,2807625,2026-06-18 23:55:42.102791+00
e88312f6-0807-4f62-b6a9-0f3835df82f6,74b35dcb-af76-40fd-9b2f-6e21da7aa169,8574472a-5503-42c2-9ddc-6c3317f96697,2025-02-27,ee72dd0b-2a9c-4acd-9b20-433e6a327c96,,1,2193125,0,2193125,2026-06-18 23:55:42.102791+00
575985e3-0567-42f2-9eee-7a46ccc993f6,143abefa-aba3-4daa-9ced-12328a67b386,dfff9fdf-971f-4279-b5e8-e00e66aeb7ba,2024-08-28,2f16462b-aa4d-49ee-a9ec-eab4a0f517ed,,1,2213011,0,2213011,2026-06-18 23:55:42.102791+00
7db3f44a-b1bf-4667-8d54-7dfb87762309,008fd095-b0f6-4f03-9243-c72d3f766be7,ee7eba3d-61b8-47bf-9743-d838a555be90,2024-06-26,16b88b42-9f90-4117-8ff1-1eaa41757a3f,,1,2194958,0,2194958,2026-06-18 23:55:42.102791+00
bbea3a4d-cddc-45f9-a3e7-6af72edded53,75712082-cd61-4834-851d-e8d53e687f52,ac8ef2ab-c0ae-4a62-af51-0d2c32368c82,2025-01-13,ee72dd0b-2a9c-4acd-9b20-433e6a327c96,,1,2116275,0,2116275,2026-06-18 23:55:42.102791+00
fd4d2686-8e4d-49bc-8d4d-9e433d57c463,bb104f2d-7509-4b9b-bed6-a93857645dcc,bb5ab47f-fd09-408c-99c2-41662b252a3a,2025-11-20,b22c68cf-1d75-457c-96cb-dcb32da7712e,,1,2964909,0,2964909,2026-06-18 23:55:42.102791+00
61e07ccd-2a94-4d8e-bfa4-042851f189e8,0136ec23-d3ad-44f4-84f0-c1787df22e84,0e919c69-21a6-4430-a534-34b20b41c826,2025-09-18,b22c68cf-1d75-457c-96cb-dcb32da7712e,,1,1812705,0,1812705,2026-06-18 23:55:42.102791+00
65a57be9-7345-4061-b8a9-a4803f6f85e3,e7eb1bfe-dd51-45c7-b290-5e78cd53bee8,ebf5290b-2bbd-4869-958e-d0f45e3856ff,2026-01-05,3a41f74e-14a3-41fc-905d-3ddf1f5905d4,,1,1325349,0,1325349,2026-06-18 23:55:42.102791+00
a5e42285-61c5-47fa-840c-25d6a47a9779,d1de072b-74c1-437b-8e31-c4cdb622cded,323316e2-255c-41e3-b9ec-870a06204ae4,2025-06-19,3c61dcc1-cbd1-4594-9879-2b7ca831edfa,,1,1953003,0,1953003,2026-06-18 23:55:42.102791+00
926662ad-1314-4be4-aa9b-2c4164ef32ea,e7d4745b-8dc5-46c7-835a-73ab1b62ff01,40c5fd4a-cd13-4d79-afa9-c5a27fdd0062,2025-02-20,3c61dcc1-cbd1-4594-9879-2b7ca831edfa,,1,2406902,0,2406902,2026-06-18 23:55:42.102791+00
6a01652f-ccab-401b-9ad1-c653dc801109,d3ccb502-12af-4523-913a-8d8f0ccebe6e,de2b6673-cd8a-4784-8d37-3f9aa656981a,2024-12-09,3c61dcc1-cbd1-4594-9879-2b7ca831edfa,,1,2942997,0,2942997,2026-06-18 23:55:42.102791+00
f5a0f7f8-c269-40bf-872f-d3eb0a99d9ab,e4cf4a53-efde-42fc-8de4-9ead15e90bc7,1825639f-ef49-4669-be93-ce916b5e4bbe,2024-10-15,3c61dcc1-cbd1-4594-9879-2b7ca831edfa,,1,2463104,0,2463104,2026-06-18 23:55:42.102791+00
89ee1376-65d3-481c-b664-99c778d3f1f4,5484638f-0a4d-4f15-bf51-3118b771a709,052a93fa-8548-4429-b44b-4f7f5406ce25,2025-01-21,94ed13a8-1a93-4101-8a11-c34f663c5845,,1,2634927,0,2634927,2026-06-18 23:55:42.102791+00
291c6e59-1981-4feb-a5a5-12fa874b2959,c707a46a-26dd-4f12-a168-5ca10a79eb7f,0daa795e-352a-4807-a0a5-9e6b9e6e7b42,2025-01-01,e71f9baf-f878-4b03-a43a-a737af2adeee,,1,2531329,0,2531329,2026-06-18 23:55:42.102791+00
cb406fa5-4214-47cc-85ce-933d6de0634b,2bca6f46-e57f-420f-92ce-7347a29a9bbd,0503f83e-588e-4ae9-8dee-0dc1c0566f87,2024-08-27,06e4b9f2-514a-4ff3-8020-1af567d2183b,,1,1431387,0,1431387,2026-06-18 23:55:42.102791+00
e27938c1-305e-4b05-85c7-4ac5531b114f,5ca3d152-a8ab-4483-b5ed-f7f461ec1581,b12a6f07-cb3d-473a-a4e5-8d11c5dd4c30,2025-02-05,2e69bee6-0a5e-4633-9868-0caa1e2b1626,,1,272365,0,272365,2026-06-18 23:55:42.102791+00
8f67413f-75aa-4535-a9f4-88764c977381,356244e0-40c2-4733-a874-5fe0ab36dced,68769af3-9092-4615-b0cd-440b05bc019a,2024-11-30,a84bde39-f20e-4d72-83ff-a7e13653e474,,1,126218,0,126218,2026-06-18 23:55:42.102791+00
408dbc16-e2f8-4ca7-aa8a-6fc8b14a1c8e,e60f4cb8-c3fa-4b1d-bd84-98069028ef63,e24031f8-e95a-471c-9703-f53f9ccf58a4,2024-11-18,a84bde39-f20e-4d72-83ff-a7e13653e474,,1,65255,0,65255,2026-06-18 23:55:42.102791+00
1c569c95-0120-407f-94a8-e0cb0d3eee54,1c8e6d6f-e2a7-4809-8de3-a34cee11a348,2db00e9f-8a44-489c-91ab-fbdd78a454e1,2024-07-20,8a726be1-957b-4134-a293-2268e49a7d1a,,1,2589136,0,2589136,2026-06-18 23:55:42.102791+00
7078716c-c095-46c4-afd5-35fad2f270e8,177fc323-9c8d-4194-bff1-282b303835f6,5176eaff-ac95-4ece-bf7f-2ebd39dd1b34,2024-10-09,c62ed87b-e442-4815-a36e-6b634e3628f1,,1,28710,0,28710,2026-06-18 23:55:42.102791+00
d0b77b18-7cee-442d-832a-5e0cfac39ee2,85f88af1-7045-47f5-a8ce-112f1419668b,328bb2c8-9424-4bb9-9ab5-d29f47033344,2025-05-16,16b88b42-9f90-4117-8ff1-1eaa41757a3f,,1,1994055,0,1994055,2026-06-18 23:55:42.102791+00
8a1405ed-c96f-419b-bbd5-9389423140d4,249a7191-a0f8-4b9a-a532-d304f3e72a60,9581e27d-90cc-4047-b47a-9a96ee52e325,2025-10-23,3e712b36-d74e-4eeb-9dc1-d51ddf89de8f,,1,166732,0,166732,2026-06-18 23:55:42.102791+00
60ab9c70-1163-4a08-a729-7a410abeae0f,55dba665-5738-4fbf-aabd-cd088b7171a1,54bbfaac-6319-4404-945e-2aaa9b21897f,2025-06-16,3e712b36-d74e-4eeb-9dc1-d51ddf89de8f,,1,38220,0,38220,2026-06-18 23:55:42.102791+00
e4c0d4ca-afc8-4d13-90e6-41cee78b9acd,db60effd-ea24-4074-a0c9-3ec3efaf25b9,3b45eb83-b102-4086-ac00-37f9c92e0df3,2025-06-12,3e712b36-d74e-4eeb-9dc1-d51ddf89de8f,,1,103547,0,103547,2026-06-18 23:55:42.102791+00
752eea69-fc24-4533-a20f-b2f2ccabc941,029fcf21-8e82-4790-ab5e-8bbd72f2f058,a3a4ca97-ca57-41b0-9a07-73d4369891c7,2025-07-30,3769e41b-9c60-4886-9461-5e969cfbc8d3,,1,2430180,0,2430180,2026-06-18 23:55:42.102791+00
3d32ad5a-a27f-47cb-8485-1dbabd6bfa7e,695b8c6c-a09b-45b0-a9b5-644cd59ce278,9ba1f9dc-33d7-48fa-b842-3a32cd43ce1f,2025-05-01,3769e41b-9c60-4886-9461-5e969cfbc8d3,,1,2260742,0,2260742,2026-06-18 23:55:42.102791+00
89478b5f-2572-40c6-b91b-bf1eda15b2f4,afb87051-160e-4174-b8ad-6f92a1b330aa,1933734e-5aff-48dc-b9eb-7da84a35ca1b,2024-11-12,3769e41b-9c60-4886-9461-5e969cfbc8d3,,1,2375372,0,2375372,2026-06-18 23:55:42.102791+00
b73a4dc0-a078-4cb3-84fb-ca0d65028b97,400e0a10-0222-43ae-83c5-0b3faeb14651,e9a6c627-0c20-4db0-8967-bab7727e82c6,2024-07-03,3769e41b-9c60-4886-9461-5e969cfbc8d3,,1,2973943,0,2973943,2026-06-18 23:55:42.102791+00
ef45ce7c-272a-44de-b8c3-e85e93ac2c2e,ed814b8e-5a56-41f3-ac00-fe10d0465276,91c62759-7301-41cf-83f7-047b347e17ae,2024-08-31,771fe071-7c7d-4cdc-9195-1f3bb593d2de,,1,1652909,0,1652909,2026-06-18 23:55:42.102791+00
06fc74ef-d8e2-4c65-928d-b3b602066c9f,b9fd7c50-89d6-44c4-806a-0d47fe34eaed,f27561af-5bc8-4812-9662-e1ceaa15e3e9,2025-05-21,831be7e0-3cb9-492d-9bc6-2df6548e5db2,,1,510125,0,510125,2026-06-18 23:55:42.102791+00
176da29d-c730-491c-ba5c-fcbcee7db563,3cbb8b44-2523-4605-b3b9-5dada199a210,2b4a8084-3a29-48bf-bdf5-a8b06686ebdb,2025-11-05,1a55ee25-bc28-404c-9b3e-744d00cd23d6,,1,690098,0,690098,2026-06-18 23:55:42.102791+00
3e364bc5-d57a-4824-aa21-19f975204827,4d9f5e4a-3be6-41ae-9754-dcfc919bd39e,233c03fb-1c90-45b8-98ed-79f7ca56fddd,2026-02-16,ee72dd0b-2a9c-4acd-9b20-433e6a327c96,,1,1275375,0,1275375,2026-06-18 23:55:42.102791+00
3e40c522-6032-4b6d-aa76-d17708727e28,d217eb94-253d-48f6-b0a0-6983f8533295,1cce6206-4d63-4bf0-af4a-d219d222d238,2026-02-07,ee72dd0b-2a9c-4acd-9b20-433e6a327c96,,1,4692000,0,4692000,2026-06-18 23:55:42.102791+00
bab62d09-2cd7-4caa-b969-7236ada6bae3,6e0a366f-1c11-4fe5-a42b-f2c170bb6eed,f97b60f8-3ca2-4d9a-94dd-0b95f72d8934,2026-01-24,ee72dd0b-2a9c-4acd-9b20-433e6a327c96,,1,4096500,0,4096500,2026-06-18 23:55:42.102791+00
2c66ca2b-74b2-4352-8680-1012b89e7366,ea2dfb68-e771-4b7d-9ee2-6c7ad1c19e79,87c0d8ff-706e-49f9-98c0-625b7856bc4b,2026-01-22,ee72dd0b-2a9c-4acd-9b20-433e6a327c96,,1,1798875,0,1798875,2026-06-18 23:55:42.102791+00
15200259-05e5-4ce3-a6d8-feeaeeefcd06,625c2238-5f43-48f5-8036-f10fcdb19b8c,ca2248bb-d790-4cdc-8dbe-92efe2f1deaf,2025-02-25,ee72dd0b-2a9c-4acd-9b20-433e6a327c96,,1,1200600,0,1200600,2026-06-18 23:55:42.102791+00
d358d9b7-1753-4059-84bc-04d5bf155bc0,96b15349-f76f-4e00-bb5c-9e3efcce0f95,af6dffd5-181d-40d9-a7b5-2956858b1054,2025-01-20,ee72dd0b-2a9c-4acd-9b20-433e6a327c96,,1,2551275,0,2551275,2026-06-18 23:55:42.102791+00
3bd4f066-c695-4f4e-97bc-1d8457963bd9,a67ee741-a0db-4502-b329-262cf81f487a,604424bc-4d53-47ec-b4f1-95549ef09234,2024-12-20,c33af545-a022-4ad0-8185-d5e2727ca60d,,1,2509377,0,2509377,2026-06-18 23:55:42.102791+00
17dfcc73-1093-442d-9307-74799033aa74,aa9ad26f-0cd3-4a1e-affc-245e1390a58c,96145656-c49f-4385-bd56-ac2ca9b5ec95,2025-10-27,40898e29-8b25-4043-8a89-cee44245437e,,1,3401372,0,3401372,2026-06-18 23:55:42.102791+00
e45ffbb6-0016-434b-b0fe-d58cca7e11e8,b722a596-b892-418b-b263-00a08f03a522,e0b8d87d-f02a-45db-ba4d-39198f179352,2025-07-19,40898e29-8b25-4043-8a89-cee44245437e,,1,2244266,0,2244266,2026-06-18 23:55:42.102791+00
8141af77-45fe-485e-af23-18bd98cfe7d4,f1d6e876-3d19-407c-847a-e902cc8e86cc,badb3420-2838-4067-a71b-02ffebe4dddc,2024-09-15,40898e29-8b25-4043-8a89-cee44245437e,,1,2715673,0,2715673,2026-06-18 23:55:42.102791+00
fcd23d4e-b72a-4140-9a3b-61a2bf8719e0,0aeddbed-65dd-4b1e-9167-aa0298160f1c,16279962-174c-40ff-b117-63bea1eeb3de,2024-07-25,40898e29-8b25-4043-8a89-cee44245437e,,1,2539694,0,2539694,2026-06-18 23:55:42.102791+00
b63e9cc3-6ac6-4651-ad80-64a66902d269,3a4f4123-406b-437e-89d4-6d2ebda893ca,f5bc1e85-9b0f-4fce-9e71-3ce5f0c7f56f,2024-10-16,a812aae0-4823-4af3-868c-36fe1abf4898,,1,2616164,0,2616164,2026-06-18 23:55:42.102791+00
32437bc4-2420-4cc1-ae94-6c9743a85f7c,badb3ec2-ab41-4aa8-8a5d-d122922cc03c,b2c7b612-2d45-434f-b1fa-dbf7b0a889ee,2024-09-24,9b59c432-8c51-4711-add6-e758552bafc3,,1,2553922,0,2553922,2026-06-18 23:55:42.102791+00
f9bbff91-ddf7-42e5-a1ba-db742f0aadf4,c4b06e95-9e06-4403-aba6-84d14ba074a3,fd4798fd-ffd2-4b62-9b7e-b20ad885b5ae,2024-07-26,ccb49d47-ef18-415e-84ff-5119d836592b,,1,562745,0,562745,2026-06-18 23:55:42.102791+00
a528c2dd-e6c8-44a6-aa75-1d9f7c8d1f98,22b0be01-814d-4667-a8e4-2921fa76dd14,f7186ae6-3a38-4118-9fc1-7173f2a22672,2024-10-24,2f16462b-aa4d-49ee-a9ec-eab4a0f517ed,,1,2455453,0,2455453,2026-06-18 23:55:42.102791+00
51705d65-4d99-414f-94e8-89f58d763db8,ff5579de-3762-4bc2-9418-212a98966fbe,44abeaca-d341-4bb0-b3e7-b061b63027c9,2024-08-30,2f16462b-aa4d-49ee-a9ec-eab4a0f517ed,,1,2161136,0,2161136,2026-06-18 23:55:42.102791+00
cf981391-2018-44f7-881f-abaa96efbcc8,9407c0f5-07eb-4fb0-b786-ca3420c38120,ddc7aa3e-8e0b-4d04-8191-77d72a0a7a98,2024-08-26,2f16462b-aa4d-49ee-a9ec-eab4a0f517ed,,1,2409264,0,2409264,2026-06-18 23:55:42.102791+00
f86bec05-aedc-458b-838a-ff5233aea066,908a992e-cc5c-4581-bb8e-ecdb93183ce1,19a23055-6a3f-43ef-87e4-5f447a8605a0,2025-09-26,f44a0530-a9a7-44dc-a935-1788e1ed642f,,1,2750213,0,2750213,2026-06-18 23:55:42.102791+00
05f04303-c7bf-4f81-af77-9f151705307f,b6729240-594d-4fdd-82fc-ee1391379315,9c6e8478-9881-4478-9268-ea5924d8c73a,2025-09-22,f44a0530-a9a7-44dc-a935-1788e1ed642f,,1,2684700,0,2684700,2026-06-18 23:55:42.102791+00
80e16cac-eda3-4bfb-8570-b25182c39228,2be3fc5f-dc18-419f-86a6-1e8348e5691c,b4214d7b-d7bf-414c-9a1b-45e763b734e9,2025-09-22,f44a0530-a9a7-44dc-a935-1788e1ed642f,,1,2726486,0,2726486,2026-06-18 23:55:42.102791+00
0354b1a9-a80a-4960-8bf6-3e1208e41ac7,eea17671-2951-40fc-9e16-5acf9a120833,c96db4fe-b367-452d-9550-d9c8536a5962,2025-09-11,f44a0530-a9a7-44dc-a935-1788e1ed642f,,1,2900162,0,2900162,2026-06-18 23:55:42.102791+00
17929d33-42a5-4186-a8db-fb8755c3eb3b,a0aab3ec-c6cd-4d4e-b7a6-fbde9354d9aa,286d1660-f305-4306-86ce-5b4f7a856b75,2025-07-31,fa2c1a2b-c483-45f3-92c5-0e24f18c9353,,1,2032079,0,2032079,2026-06-18 23:55:42.102791+00
339d9d24-da0d-4edd-90bd-48294c4a05f2,41697c6b-301a-4744-aac4-1fc124650453,c8642afc-c45a-416f-b38e-6e9d3154e073,2025-06-16,24637f48-aff9-4615-8eb2-fa8dddc59fa8,,1,2328870,0,2328870,2026-06-18 23:55:42.102791+00
e69018c0-5447-4a83-a4c2-cd78fdfbd674,82a87e37-63bf-4f43-89bb-339766f36412,338e1857-8f9d-4ebe-86f5-28662f9eb7ea,2025-02-01,24637f48-aff9-4615-8eb2-fa8dddc59fa8,,1,2683852,0,2683852,2026-06-18 23:55:42.102791+00
3bf2d6df-4c11-4e0c-959c-4c754c181fa4,0b6d46d3-bb0e-48e6-8c67-b4b3918dc727,0608c20a-50aa-40c5-8d2c-68eeccb52975,2025-01-20,24637f48-aff9-4615-8eb2-fa8dddc59fa8,,1,3014642,0,3014642,2026-06-18 23:55:42.102791+00
21e7ca72-bcfc-41f0-a694-3e9880ff6437,a1901929-a988-40b0-ab11-b4754fb29a9d,c24c5883-3a7b-45e0-b41b-7f0b370139df,2025-09-20,b22c68cf-1d75-457c-96cb-dcb32da7712e,,1,3283196,0,3283196,2026-06-18 23:55:42.102791+00
d2f33e36-6301-4885-90bf-5fabb4f79f73,69373caf-ef08-4faf-a2d8-2e252419b809,475388ee-4c19-4324-9086-4dca688a37ad,2025-12-20,b22c68cf-1d75-457c-96cb-dcb32da7712e,,1,4118764,0,4118764,2026-06-18 23:55:42.102791+00
ecf7095a-3fe7-40c9-8ebf-f43a8162d42b,b2b88de0-d380-4571-b7b7-21049fbbcc75,3d887c26-dea4-4302-ac39-dfde79e8c052,2025-10-27,b22c68cf-1d75-457c-96cb-dcb32da7712e,,1,4750576,0,4750576,2026-06-18 23:55:42.102791+00
1f8bf00e-e481-4dea-a170-a4ca9d085669,81672ddf-96d3-4e83-85ae-d3abe9c8f969,ba7abfca-16df-4972-9c51-51025097d1a3,2024-07-23,79ddfb51-827b-48c5-b370-cd83a58b38ce,,1,1482958,0,1482958,2026-06-18 23:55:42.102791+00
0f1f67fc-2e61-411d-8e8a-806bbfb8d193,afb8b2ab-d176-4b32-95d7-048b1e865d3c,82421c5b-86dd-4bae-a32f-4ffa6e374bd8,2024-07-21,79ddfb51-827b-48c5-b370-cd83a58b38ce,,1,1720813,0,1720813,2026-06-18 23:55:42.102791+00
9cf1ce81-b034-4ff7-af07-1968668f5a4a,28b053eb-2fe3-4c6d-a5d1-58eb88a1e820,8a5c0fcf-f707-425c-883a-19281e5422d5,2024-12-12,4b258052-1399-4244-a36b-e087424e0980,,1,2590061,0,2590061,2026-06-18 23:55:42.102791+00
128694f6-bb10-4e41-bbb3-fd8f6ca8ba06,2082679d-4cc3-42e8-a15b-3b44bb0be741,72242a37-abf7-4486-b8f9-0fbac37a4c9d,2025-01-20,3c61dcc1-cbd1-4594-9879-2b7ca831edfa,,1,2590860,0,2590860,2026-06-18 23:55:42.102791+00
400895a5-28e3-44f6-99a9-c79f4bdcf156,12aa54dd-dd08-40c9-8365-d9380b89d9e6,002d29e8-f6d1-45b0-9ef2-d33e0f1039e7,2024-12-16,3c61dcc1-cbd1-4594-9879-2b7ca831edfa,,1,2767101,0,2767101,2026-06-18 23:55:42.102791+00
ce4db6b5-c5f7-483d-8e7a-9743e93826b8,f0a225cd-01fe-47b7-ba1c-8bd4f46d2885,a3e2519d-870f-4d09-a8e1-fb4a11366b39,2024-10-15,3c61dcc1-cbd1-4594-9879-2b7ca831edfa,,1,2268727,0,2268727,2026-06-18 23:55:42.102791+00
efcaa2da-e541-4a9d-a455-a2e109204331,8a68ae25-7f22-4674-8b3f-7197c0d1f2eb,06ec33f8-8784-4479-9c67-d0adc91a0aa0,2024-07-24,53c5d520-017f-4de2-9f60-f608b74bc9e5,,1,1617134,0,1617134,2026-06-18 23:55:42.102791+00
210b622d-4bf2-4ebe-843d-953bbf8873e7,d6b23d51-1d61-4f85-a257-4ca3ea45e4cc,d7c99fe8-047b-4db7-8f74-19bf2460c1b0,2025-01-01,94ed13a8-1a93-4101-8a11-c34f663c5845,,1,2793853,0,2793853,2026-06-18 23:55:42.102791+00
5738ef74-0693-42cb-9790-a83ad93ddc93,c3c3c1bb-b07e-45a9-8500-1f19faf0c495,447323bf-7946-4aef-bfff-5f7b25fcb28c,2025-02-01,2e69bee6-0a5e-4633-9868-0caa1e2b1626,,1,2371517,0,2371517,2026-06-18 23:55:42.102791+00
5491c471-5218-4060-a897-88d799808074,91331921-7028-428f-85fd-c0b7a65bbd4d,381d91a4-93d5-4928-b060-230278978475,2025-01-24,a84bde39-f20e-4d72-83ff-a7e13653e474,,1,246030,0,246030,2026-06-18 23:55:42.102791+00
2aea6a3c-ac70-4020-90e7-e39e412f90b4,88d0f7de-1d3c-4ac2-b2d3-2cc58225e61f,b986e2ef-9f74-4ce1-9d06-f52cbf1ed023,2024-11-26,a84bde39-f20e-4d72-83ff-a7e13653e474,,1,118806,0,118806,2026-06-18 23:55:42.102791+00
41944f55-4803-4610-a7ee-e5d8b8895645,61a88787-102c-4fce-8614-504722f18f80,22d489f5-dbc0-40dd-b7cc-5490dc4fbd6f,2024-11-15,a84bde39-f20e-4d72-83ff-a7e13653e474,,1,119925,0,119925,2026-06-18 23:55:42.102791+00
167187bb-cfe5-4740-852b-c2a6179f040d,8dcbf33c-b16e-4e6c-9e0b-22680d1298a9,836cef5f-e4de-4284-a153-1a9b1b8d3859,2025-05-12,fbe81db5-cfc5-4e8c-a51f-4742fbc59426,,1,221051,0,221051,2026-06-18 23:55:42.102791+00
cdd577fa-f2cd-4223-b157-bb626f2210de,3906e51b-0e6f-4de5-b495-bcc78fab2c0f,9c327e86-d464-40be-9863-0e04a4d81a80,2025-07-21,16b88b42-9f90-4117-8ff1-1eaa41757a3f,,1,1212709,0,1212709,2026-06-18 23:55:42.102791+00
650e6a9b-5ffe-458c-aa3a-cea559c7e2d4,70c7c5c9-fb12-4e1b-8805-dede0d9ebdab,e8c93e58-74ad-4f82-9ca9-1b0801bf94d3,2024-06-26,16b88b42-9f90-4117-8ff1-1eaa41757a3f,,1,2187780,0,2187780,2026-06-18 23:55:42.102791+00
67b7e11c-0b59-48c4-ad80-947799e286db,6ee1c82b-3778-4a1f-836b-e45f37c840b4,1165b2d6-a626-4d0b-be11-df00c09672b3,2024-05-15,16b88b42-9f90-4117-8ff1-1eaa41757a3f,,1,3120400,0,3120400,2026-06-18 23:55:42.102791+00
ba84c29d-7123-45d9-90df-21d5570548b5,6afd0b4b-f906-4a15-821d-f9cd51dbffdb,4d74ca8d-29c9-48ce-80d1-72249c4cc6cb,2025-06-17,3e712b36-d74e-4eeb-9dc1-d51ddf89de8f,,1,101425,0,101425,2026-06-18 23:55:42.102791+00
a321d0c1-42e6-4eec-a985-d151040156a9,d02a3633-4b0a-4956-a333-4dd327858e22,3df39d0f-2c2a-4b6d-ae75-43f1dc9b48be,2026-02-04,3493427d-c901-4415-b6ee-e7d0316f9480,,1,1612500,0,1612500,2026-06-18 23:55:42.102791+00
eca82231-d281-4ee8-9de3-c1c392031ab9,77467839-d82b-43da-b938-3568db938c9a,3bee4fe0-8bdc-4d4d-9b8e-efa677cc3e02,2026-01-08,3493427d-c901-4415-b6ee-e7d0316f9480,,1,3386250,0,3386250,2026-06-18 23:55:42.102791+00
af10d645-9fda-4954-8df3-3a239ce15af4,fbf6b9d0-2174-4fb8-b324-4ef416d15449,0b31221a-fd4b-49f1-9ab8-88fb03ecc78f,2025-05-17,3769e41b-9c60-4886-9461-5e969cfbc8d3,,1,1173740,0,1173740,2026-06-18 23:55:42.102791+00
35896c71-ad0b-404d-a4f4-ffa09ca516b0,a51767c9-3b03-4ae4-b709-441002b3d8d5,73b24610-3891-43f9-9304-f57ce6e053b8,2024-11-04,3769e41b-9c60-4886-9461-5e969cfbc8d3,,1,2802925,0,2802925,2026-06-18 23:55:42.102791+00
859b6917-02c2-4633-820f-c914e66c8e3b,d6ced52e-ac93-4995-8629-51d053b2c903,e8aaf5ee-814b-4692-960a-a44930ba9e40,2024-09-18,3769e41b-9c60-4886-9461-5e969cfbc8d3,,1,1102234,0,1102234,2026-06-18 23:55:42.102791+00
09b32e0e-1440-417b-a2ba-d9d149c79151,2d6d4cae-fc50-40ca-9c86-4fbf4ba6bc32,884010b7-914b-4021-a7e5-fa8f71d9f98a,2024-07-31,771fe071-7c7d-4cdc-9195-1f3bb593d2de,,1,1083910,0,1083910,2026-06-18 23:55:42.102791+00
267bd5af-f596-461c-9eb3-05e5c8d9e9ed,96066d5a-acea-4464-9408-ba191fb2ea1a,01595040-9f29-4884-b8d8-ff5f95fae33a,2024-06-30,771fe071-7c7d-4cdc-9195-1f3bb593d2de,,1,4097550,0,4097550,2026-06-18 23:55:42.102791+00
2f9b36f2-9f88-474d-bf1a-1c2a92963a1a,d7943ecb-8214-4c1f-b1e8-e6ac47a45423,0693e6a2-8c06-4b9b-848b-b92476e131b9,2026-02-21,ee72dd0b-2a9c-4acd-9b20-433e6a327c96,,1,2631750,0,2631750,2026-06-18 23:55:42.102791+00
b8616685-dd0d-4bfb-8e4c-f207e31cd1f2,cb49c59a-ea12-4585-b41f-50a76d86ed0b,b7cbfc6a-ce9b-437a-968f-e8135a522826,2026-02-16,ee72dd0b-2a9c-4acd-9b20-433e6a327c96,,1,2025375,0,2025375,2026-06-18 23:55:42.102791+00
f027b4ec-6dc6-4a1c-a1ac-28c58a5f052b,b1cd8130-0ac5-49ef-8f8d-fcda5a608716,49b14a31-bb99-4bb1-8544-0571b93a7a5b,2026-02-16,ee72dd0b-2a9c-4acd-9b20-433e6a327c96,,1,2250000,0,2250000,2026-06-18 23:55:42.102791+00
0a7b77f5-f413-469c-831a-c52c5ecc79ca,3f02338d-4552-4fb7-a1bb-90a253b81064,da00e133-329b-4a15-b6f4-d09adf6cfa5d,2026-01-26,ee72dd0b-2a9c-4acd-9b20-433e6a327c96,,1,2099250,0,2099250,2026-06-18 23:55:42.102791+00
281244fd-b150-477c-8971-b5c14cd09fc2,4a6b30a6-b529-4110-bdc6-bc7d5a3bc105,3a33476a-64a1-4e4c-94fe-2e49fe6eff2e,2026-01-19,ee72dd0b-2a9c-4acd-9b20-433e6a327c96,,1,2390625,0,2390625,2026-06-18 23:55:42.102791+00
6c5e4203-2c67-4749-9db0-66d1fec1a224,d1bc0257-eb79-4ddb-a8b0-9c5049049dbb,bd900789-ef31-4e58-8734-344afa43a2a6,2026-01-16,ee72dd0b-2a9c-4acd-9b20-433e6a327c96,,1,2350500,0,2350500,2026-06-18 23:55:42.102791+00
2be22732-5a9c-44e3-85b1-eb3b8fb62a3f,e52bb148-5ad4-4de8-adb4-4b84fb241d42,5e1f9000-c2c8-4c50-876e-045586edf708,2025-02-25,ee72dd0b-2a9c-4acd-9b20-433e6a327c96,,1,1904575,0,1904575,2026-06-18 23:55:42.102791+00
0cdbd562-ed93-4c7e-aeba-a2da2d99f537,cdbee5eb-7d0b-4520-8f4a-c4f0432c6fc2,414fb75e-0d8a-40cd-948b-b63a46307559,2025-02-14,c33af545-a022-4ad0-8185-d5e2727ca60d,,1,2716285,0,2716285,2026-06-18 23:55:42.102791+00
3581f1db-340d-4e4f-9760-52b413e065b9,2a6fa377-8679-4672-b5c1-5da0d5246b9c,5a5b0be2-013c-4b14-b7a2-1fbe058e5738,2024-08-21,c33af545-a022-4ad0-8185-d5e2727ca60d,,1,1336105,0,1336105,2026-06-18 23:55:42.102791+00
0574f4ec-30ca-46d0-896d-ab8e8eb6c8b8,ebf10f1c-41d5-4093-a5e5-de3c8aa5f47b,81bc2396-3c60-4db5-957f-864c7e206c1f,2025-10-27,40898e29-8b25-4043-8a89-cee44245437e,,1,3383508,0,3383508,2026-06-18 23:55:42.102791+00
169a6a51-c218-4fcf-a8a1-11a7d2a1e7fe,ef434a52-bdfc-4606-9502-3d7751cb1847,258d0869-3d01-48ad-9475-4359eef2b042,2024-10-18,40898e29-8b25-4043-8a89-cee44245437e,,1,2628529,0,2628529,2026-06-18 23:55:42.102791+00
0d4ae051-f473-4b76-84bb-4a105a25d7d6,20127dfe-5243-4b11-829f-1f12e240d049,a224dd41-f977-4092-afd0-d2132be898b0,2024-09-10,40898e29-8b25-4043-8a89-cee44245437e,,1,2416946,0,2416946,2026-06-18 23:55:42.102791+00
899271cb-2b56-4e1a-8202-cdef9d03bb44,8caabc26-7185-44ef-8eb1-197bcd872ddb,1fbc267d-fbb1-4a47-883d-0629c7a7faa8,2025-05-15,9b59c432-8c51-4711-add6-e758552bafc3,,1,1241923,0,1241923,2026-06-18 23:55:42.102791+00
a34fd719-cd22-4c2a-b912-758cf22b9801,89e5100c-c754-4697-b45e-e195a37d41c2,a6b96837-7be6-4743-ad2c-75ef54aa690b,2024-11-18,9b59c432-8c51-4711-add6-e758552bafc3,,1,2794012,0,2794012,2026-06-18 23:55:42.102791+00
68fcb4a8-b010-4483-8427-6cabb66bf4b2,44801eb5-8956-47b7-b334-419c4cdc7b9f,945190cc-4305-4405-bcc3-bbf1d905db36,2024-09-15,9b59c432-8c51-4711-add6-e758552bafc3,,1,2636318,0,2636318,2026-06-18 23:55:42.102791+00
1e3ae20f-5412-4cf3-bdf2-bf40e493d80c,6cee7f8a-49ef-41fb-b752-1b9e571d3f9f,c57ccef5-5aae-45fa-a471-24a0edb202d3,2025-01-22,2f16462b-aa4d-49ee-a9ec-eab4a0f517ed,,1,1153294,0,1153294,2026-06-18 23:55:42.102791+00
a2c4df27-99f1-4b64-a4f6-56788c7ed957,a935e75d-f84b-4dce-923d-26f2132e447f,2c1aec08-a4b7-4063-beca-6a0b53bb9878,2024-09-23,2f16462b-aa4d-49ee-a9ec-eab4a0f517ed,,1,2338676,0,2338676,2026-06-18 23:55:42.102791+00
8cec994f-5062-4d03-8702-47fd3e993b98,0319c62e-ecc6-44de-82ab-6e666e3363d1,c811e0b5-942a-4631-8cc1-b51bcad8acd5,2024-08-26,2f16462b-aa4d-49ee-a9ec-eab4a0f517ed,,1,2178231,0,2178231,2026-06-18 23:55:42.102791+00
db69646a-4a66-483a-81ee-757839a7bb3b,7f8d3b8d-6ec0-4a99-8498-370377c403cb,467e6dfa-b782-4a5e-a0e8-c88d7988f8b0,2025-09-25,f44a0530-a9a7-44dc-a935-1788e1ed642f,,1,939162,0,939162,2026-06-18 23:55:42.102791+00
a014149a-7a3e-4d1a-89d4-fa1019b81901,fa7e89bf-8269-477c-af8b-8a8bbd2a06a9,dc542a60-1867-4b9b-b51c-3a6ef9b61cae,2025-09-22,f44a0530-a9a7-44dc-a935-1788e1ed642f,,1,2746714,0,2746714,2026-06-18 23:55:42.102791+00
e1af3a9f-8fff-44c2-8a9a-382f7a4cf749,0832fee0-bb08-4041-99a3-9fbcf6e0c2a1,845d9ee2-8420-48f7-9020-afa5b1a32fe2,2025-09-22,f44a0530-a9a7-44dc-a935-1788e1ed642f,,1,2745671,0,2745671,2026-06-18 23:55:42.102791+00
4e820f03-c705-47e8-a156-4a42ce9a9852,dbe95105-c013-4fb4-a03b-24ab0e8126de,7cf268a1-471a-4c3c-8478-311662c02ee6,2025-08-20,99654bf2-99d2-4963-a48f-35d1eacc4352,,1,1672830,0,1672830,2026-06-18 23:55:42.102791+00
5625ecde-2bbf-40e5-b1c6-184c17d18f66,0a7d35be-de71-46eb-a0a0-17fbe39720af,6b76696a-356f-4215-a9d6-eb44d155c3aa,2025-08-25,fa2c1a2b-c483-45f3-92c5-0e24f18c9353,,1,3159550,0,3159550,2026-06-18 23:55:42.102791+00
2b149746-346b-4df9-980d-a24018a18259,c67e17a6-3f9c-4e45-a050-6aff73b2b0da,27e54181-df84-4cb3-8d0f-9e598b115ef4,2025-04-14,24637f48-aff9-4615-8eb2-fa8dddc59fa8,,1,2066780,0,2066780,2026-06-18 23:55:42.102791+00
9f4dbc53-4257-470b-8006-db80c2907a31,d19dc878-1373-4e37-b939-475b5daf3884,1dff5b26-5a35-4672-a1f1-3bb0c6a47f4f,2025-02-21,24637f48-aff9-4615-8eb2-fa8dddc59fa8,,1,2652005,0,2652005,2026-06-18 23:55:42.102791+00
1f660dd0-98e6-4e18-a764-f856c7bdd684,009c3470-8527-4fd4-afc0-04c1a755bfb3,f4c6166d-e53a-433a-b1e3-ef8183d52f5f,2024-11-02,7b237e41-2adb-467e-99f1-32f71332e3e7,,1,835882,0,835882,2026-06-18 23:55:42.102791+00
f3e3b217-720c-46ee-8345-030990a93eb1,4869f769-8404-4218-931d-14dd9a209fd0,645f9d5b-357d-4fac-b6e8-697b7123e9ef,2025-12-22,b22c68cf-1d75-457c-96cb-dcb32da7712e,,1,1033040,0,1033040,2026-06-18 23:55:42.102791+00
400666c6-6708-48c1-a063-b48d7d914b3d,123ba860-1ba5-4f6b-b31a-fe85a2dc3d65,a375a61c-f2bb-484d-92ba-2751e1a6928e,2025-11-17,b22c68cf-1d75-457c-96cb-dcb32da7712e,,1,3098957,0,3098957,2026-06-18 23:55:42.102791+00
8032e7d7-7995-48df-bbff-e1025f51f115,be6411fe-794c-4998-9b7e-1ea9c21fd0c8,39e4091b-06db-48b0-8849-eb0060c1e9f9,2025-09-20,b22c68cf-1d75-457c-96cb-dcb32da7712e,,1,3276813,0,3276813,2026-06-18 23:55:42.102791+00
0b8bd2d3-ba00-4d4d-b0b8-b27ab91cd16c,cc5a33e7-bf89-4456-8f79-0d754793f95f,41f3f945-406b-42f5-be94-5d8c1159d283,2025-09-20,b22c68cf-1d75-457c-96cb-dcb32da7712e,,1,3759068,0,3759068,2026-06-18 23:55:42.102791+00
283c737c-2ff7-46e3-b9b6-be7727b4b4e9,c45ee7f3-3822-4671-9ec2-6d2ee92f79bc,43ebca8f-bb96-4f69-b5a9-d9f4890b64b9,2025-12-02,3a41f74e-14a3-41fc-905d-3ddf1f5905d4,,1,1170367,0,1170367,2026-06-18 23:55:42.102791+00
d53249df-77b9-4b22-9996-221d5735a3ea,5ea730c3-a00b-4c08-91da-046ce434c841,2a677f63-9f68-454d-895e-949cd38dd1a5,2025-11-18,3a41f74e-14a3-41fc-905d-3ddf1f5905d4,,1,1143608,0,1143608,2026-06-18 23:55:42.102791+00
d8f89f70-b592-48ab-a874-79edbc743c1a,e59be297-45ba-44f6-8acc-0991a5ea4371,4798a75e-5a76-491b-a727-c9fac3c5addc,2025-01-16,3c61dcc1-cbd1-4594-9879-2b7ca831edfa,,1,3033142,0,3033142,2026-06-18 23:55:42.102791+00
7894fc85-7c5f-4659-b3ce-30bb3743ec9e,febb06ec-5170-433c-8cee-5aa42c8c6bd2,6176ec32-d9b0-46ca-8c06-00c02223995b,2025-01-08,3c61dcc1-cbd1-4594-9879-2b7ca831edfa,,1,2081951,0,2081951,2026-06-18 23:55:42.102791+00
8be4825e-bf10-4edb-bae0-8acbbebf4454,b53be00f-3c8b-44bc-b07d-00a6487f8667,9a257872-00e1-435d-9e95-c4b21d49336f,2024-12-04,3c61dcc1-cbd1-4594-9879-2b7ca831edfa,,1,2431227,0,2431227,2026-06-18 23:55:42.102791+00
06eb30dd-cceb-4d56-b9ae-268176207c17,c4322a14-1990-40d1-a1e1-639c2661170f,6a2404d8-2a92-492a-ade8-21d6eb737a8e,2025-04-21,53c5d520-017f-4de2-9f60-f608b74bc9e5,,1,1920835,0,1920835,2026-06-18 23:55:42.102791+00
6c46676d-a2c2-4ce6-8456-62346cf237ee,ab21ba3c-a12c-4264-a659-05caf8f56d34,26a4de25-53b2-4c5e-ae60-a821fb1a287d,2025-01-20,94ed13a8-1a93-4101-8a11-c34f663c5845,,1,2757989,0,2757989,2026-06-18 23:55:42.102791+00
6d5b2bc3-056c-4eb0-a5a6-22f0e36cc7df,11e8702b-e53f-44ef-95f8-bead497a8b98,91bf812a-0f23-474c-8c5f-6e97d8f595df,2025-02-05,2e69bee6-0a5e-4633-9868-0caa1e2b1626,,1,2026407,0,2026407,2026-06-18 23:55:42.102791+00
9ae22c3c-e3e1-475e-8d40-aef2b47e1e98,a002dccf-acbc-45af-acd8-dd3898946995,8afbc9d0-ed31-4f30-9c29-aadac47d7e72,2024-12-24,a84bde39-f20e-4d72-83ff-a7e13653e474,,1,122277,0,122277,2026-06-18 23:55:42.102791+00
fa4d541e-0715-49f8-97f8-36da607635e8,a928564d-6c23-4d48-bd5d-ce51eacff738,ddd9a490-6eb9-4310-a396-c7e229901b99,2024-12-23,a84bde39-f20e-4d72-83ff-a7e13653e474,,1,114976,0,114976,2026-06-18 23:55:42.102791+00
7825e60f-aca5-4c34-b0f2-10cdd748e8c1,96c2b9a2-db64-40c8-b79d-c825151b2548,f4d6286c-e459-458e-a905-a580f2aeca25,2024-11-14,a84bde39-f20e-4d72-83ff-a7e13653e474,,1,122475,0,122475,2026-06-18 23:55:42.102791+00
a45bc018-06c6-4d77-beec-f8a6f34d9287,b1edc8b4-3adc-4880-bb32-986ebe15b981,133004c0-9dd7-4cd1-98ac-5329fec8300a,2025-07-02,48e6f85d-37e1-4d61-99a9-d46bdae6e031,,1,967763,0,967763,2026-06-18 23:55:42.102791+00
55ba1df3-f78b-49d0-bc03-3e95c2050626,1c820308-9706-4a34-a34c-312f78dfd872,84a745d3-3092-4bc9-a7c9-d5799f8f8a4a,2025-06-02,48e6f85d-37e1-4d61-99a9-d46bdae6e031,,1,1247836,0,1247836,2026-06-18 23:55:42.102791+00
131e31ea-4b4a-496a-9e73-f4c21acaccd9,5ec7a3d3-4422-417a-9845-235853b444f2,38da57a6-0a2f-46b9-ac16-02800a20d87d,2024-07-19,16b88b42-9f90-4117-8ff1-1eaa41757a3f,,1,1521340,0,1521340,2026-06-18 23:55:42.102791+00
35273909-55dd-4814-b53d-05f41c91058b,27931c50-301f-4108-8760-189ed7feaf92,3ec8e22c-6bad-4698-b953-10c83fb954bc,2024-06-11,16b88b42-9f90-4117-8ff1-1eaa41757a3f,,1,1421702,0,1421702,2026-06-18 23:55:42.102791+00
ee96411c-38d9-4b5b-9d44-4e7363b27681,5b2c3bc7-5f2f-4d73-abd8-2d737f94c5b9,8ea9c483-7a58-4a68-933e-e2a6913ab103,2025-09-24,3e712b36-d74e-4eeb-9dc1-d51ddf89de8f,,1,125318,0,125318,2026-06-18 23:55:42.102791+00
162dddbc-7d01-478f-ad5c-ae0bf2d7b1c1,f4d614e5-6d48-406d-9df3-cf2911fd6691,70f26635-1605-4fe8-babb-83505b28ab7f,2025-06-13,3e712b36-d74e-4eeb-9dc1-d51ddf89de8f,,1,204670,0,204670,2026-06-18 23:55:42.102791+00
2558801f-feaf-43d8-b35c-b330adc0412a,8dcbd13a-e509-451e-a89b-10a642fa981e,e50a7f42-f40e-4bdd-ae78-9fc2f1226d0a,2024-07-06,7768c50a-6f9c-418e-a624-a06de251580c,,1,2978850,0,2978850,2026-06-18 23:55:42.102791+00
eede14ae-206f-4259-b553-5372956d89b1,1bfe2a8b-b53d-4a1c-ab57-968e05ed8ba8,c8f782a5-a002-49a2-b193-802cb4ebfcbe,2025-07-14,3769e41b-9c60-4886-9461-5e969cfbc8d3,,1,2223356,0,2223356,2026-06-18 23:55:42.102791+00
e7bf97a7-f134-4917-8603-296c2fa54d08,df0e68c7-579c-4754-9f4e-415a257ee51d,11a46e71-f808-4efc-8176-15ee6b228e4d,2025-05-01,3769e41b-9c60-4886-9461-5e969cfbc8d3,,1,2224478,0,2224478,2026-06-18 23:55:42.102791+00
fa152765-c4f2-4787-8b17-99259de50930,c057a4da-4b84-41e6-96ea-3e6c759f7cb9,2571d836-011d-47b9-9848-8f57fef811da,2024-11-04,3769e41b-9c60-4886-9461-5e969cfbc8d3,,1,2603914,0,2603914,2026-06-18 23:55:42.102791+00
744ebc8b-4e68-4cf1-9538-877ed68c964f,98f016a9-9244-4e80-9abb-1b1ae3a816e8,3bb08e81-73ef-44e5-aba3-ba20e8744c83,2024-06-14,3769e41b-9c60-4886-9461-5e969cfbc8d3,,1,2373936,0,2373936,2026-06-18 23:55:42.102791+00
95564b12-786b-4293-b072-cf0dd436315f,7e44fc4f-f196-4126-ba46-d539b1eb8047,2a05493c-2273-4eab-a744-feb702c08d6e,2025-11-17,1a55ee25-bc28-404c-9b3e-744d00cd23d6,,1,1410911,0,1410911,2026-06-18 23:55:42.102791+00
a5cb8fa4-b7d5-41ba-9b50-d8241461be3e,cdb7478b-d04e-4fc1-81c6-7392e1ffc32c,2d445533-2c9b-416e-9018-9814ffbb721e,2026-02-21,ee72dd0b-2a9c-4acd-9b20-433e6a327c96,,1,2254500,0,2254500,2026-06-18 23:55:42.102791+00
3b5ec9d9-a05c-4694-ae8f-e4d6f3752f84,2de7a6d4-f81f-4420-bf02-67a0ee2b5c04,14628fe2-4ed3-40d9-bb96-65ad743fd0fc,2026-02-21,ee72dd0b-2a9c-4acd-9b20-433e6a327c96,,1,2553750,0,2553750,2026-06-18 23:55:42.102791+00
298e660e-d5e1-4833-aeac-1fb2d736ced0,3564f8e6-4353-4807-9c30-cb81f4b3737d,0f66f6c4-1230-468e-9474-ae125e8d73d2,2026-02-13,ee72dd0b-2a9c-4acd-9b20-433e6a327c96,,1,4891875,0,4891875,2026-06-18 23:55:42.102791+00
b40b6e88-7d28-4152-a315-8e84ab752c07,1deb90a2-2eaa-4db7-806f-1b1b3b4de30a,34cd0f4f-2e61-4911-a31a-57ef8504e49c,2026-02-02,ee72dd0b-2a9c-4acd-9b20-433e6a327c96,,1,3113625,0,3113625,2026-06-18 23:55:42.102791+00
a77a37ab-f138-450f-9d67-afe20ed0c874,ad9327be-3139-4be2-bf2b-af3d1e031955,b85b8163-4578-4e38-9e3f-8c4745591b2c,2026-01-16,ee72dd0b-2a9c-4acd-9b20-433e6a327c96,,1,1198875,0,1198875,2026-06-18 23:55:42.102791+00
23926d6a-f5bd-4edc-993f-b3b68d5390bc,80b39aa1-0e15-44ec-8cf0-6028a7882130,6863a1c5-94b2-4ba2-8291-3303e1597f3b,2025-02-25,ee72dd0b-2a9c-4acd-9b20-433e6a327c96,,1,1211475,0,1211475,2026-06-18 23:55:42.102791+00
04139910-5730-4453-889f-e593f15749ce,dda5af24-3681-483e-858a-1b971e5d66d1,56dbc393-3580-47ab-91ee-a7c31b01b0ed,2025-02-07,ee72dd0b-2a9c-4acd-9b20-433e6a327c96,,1,2082200,0,2082200,2026-06-18 23:55:42.102791+00
bbbf859b-217e-4a36-8318-314456e810d3,e7f33858-4f49-4aa4-a755-00a3500c6218,2e51fc2f-cd49-4667-a9d7-4d5cafb18abd,2024-12-04,c33af545-a022-4ad0-8185-d5e2727ca60d,,1,2411985,0,2411985,2026-06-18 23:55:42.102791+00
fc3ea982-99a2-4b5b-9a20-3d35998d07c0,daff88ab-ade5-451f-82d5-4b46ea58e31a,68855796-efae-4ba0-84f0-c405b0fd3540,2025-08-09,40898e29-8b25-4043-8a89-cee44245437e,,1,2274024,0,2274024,2026-06-18 23:55:42.102791+00
b2345c9b-3157-4727-8df1-000ea9704555,6d7fc755-e054-4b05-9ecb-d9e730961652,16a8ed7d-7be1-47e0-99c6-c21b1304e916,2025-03-17,40898e29-8b25-4043-8a89-cee44245437e,,1,2580109,0,2580109,2026-06-18 23:55:42.102791+00
3de0a733-fc99-4666-9ea8-2cab941c327c,9b37d82b-ead5-4e8b-b2e1-259c870f63cb,fdcc0840-5088-45a6-a8be-4671f409fd2f,2024-07-26,40898e29-8b25-4043-8a89-cee44245437e,,1,2459086,0,2459086,2026-06-18 23:55:42.102791+00
7b58d7c7-eafe-4b44-94d4-6a10544c2369,86180d2c-cf50-4a9f-857b-a6d6b0e4e103,ea3dbc44-0a48-46fb-b2a7-40814e65dec3,2024-10-24,a812aae0-4823-4af3-868c-36fe1abf4898,,1,2591231,0,2591231,2026-06-18 23:55:42.102791+00
a771f8d5-02ec-4d44-839a-1e78e4a23574,c8b380c7-9727-4bec-acca-bbcd169bfae8,1f9526d7-b482-48e6-b2e0-e5d64d64c977,2025-04-16,9b59c432-8c51-4711-add6-e758552bafc3,,1,2209307,0,2209307,2026-06-18 23:55:42.102791+00
5963f679-6a01-4352-8432-b16c06da5083,478f01ea-e11e-423b-b842-80a0c0167121,77e671ca-5559-48d5-9365-460455a80d7f,2024-07-26,ccb49d47-ef18-415e-84ff-5119d836592b,,1,277095,0,277095,2026-06-18 23:55:42.102791+00
d13bdde1-8913-42af-9df9-79cb559c1e7e,821f0e57-a930-4cc6-8f4f-4077d550e516,face01cc-39c7-4928-b744-8a8fff332063,2024-10-11,2f16462b-aa4d-49ee-a9ec-eab4a0f517ed,,1,1997025,0,1997025,2026-06-18 23:55:42.102791+00
e157a491-8283-4a10-8bd6-35daf09654da,a91c1afc-d8c9-4d46-a56d-14d637eac93f,02510829-8829-4605-8396-05b36b2ead09,2024-10-07,2f16462b-aa4d-49ee-a9ec-eab4a0f517ed,,1,2367375,0,2367375,2026-06-18 23:55:42.102791+00
eff7aa7d-eb29-444d-9071-727c529e460c,f015d13e-a0c4-49a8-a1c8-0b2902cfba19,81f0cf97-cfac-42e0-ad81-590b745a9ce3,2024-08-30,2f16462b-aa4d-49ee-a9ec-eab4a0f517ed,,1,2131638,0,2131638,2026-06-18 23:55:42.102791+00
12e03475-ca50-4e71-bb29-cf6077fda6c2,18fd58a4-1402-4963-bf0c-074ba8ffef64,d80826c2-889c-4bc9-b990-2959c1c27cc7,2024-08-26,2f16462b-aa4d-49ee-a9ec-eab4a0f517ed,,1,2199033,0,2199033,2026-06-18 23:55:42.102791+00
ee3eb2da-fb55-4156-8704-9d1588b1f7f0,16a3f401-a30c-48fd-9be4-9cc767e252ea,27c756ae-dd7e-498a-ba16-92feeb242f18,2025-09-22,f44a0530-a9a7-44dc-a935-1788e1ed642f,,1,2731800,0,2731800,2026-06-18 23:55:42.102791+00
c0fae648-9df9-4792-9b9b-340a45100efa,b7c2c3b0-9046-4a4c-b47a-3d0985241252,5c93f17c-a711-4582-ac87-9544f6643035,2025-09-22,f44a0530-a9a7-44dc-a935-1788e1ed642f,,1,2732301,0,2732301,2026-06-18 23:55:42.102791+00
42eac17c-4c18-45b3-bcbc-fcbccb69b928,6c3e7d29-ff5f-4018-ba33-59662ef4d0ac,18a4012f-a2cb-4fc8-aa09-cc80efd68886,2025-09-22,f44a0530-a9a7-44dc-a935-1788e1ed642f,,1,2750390,0,2750390,2026-06-18 23:55:42.102791+00
209914b0-5ba1-47d9-9401-034c7d40d26d,dcd21cf8-a749-4a75-a9ea-5f6bfb1455e9,b0cd5327-c4e2-4177-af2e-a16a2ec9ab34,2025-07-25,fa2c1a2b-c483-45f3-92c5-0e24f18c9353,,1,2018343,0,2018343,2026-06-18 23:55:42.102791+00
caf9a79c-d5c2-4ece-a31c-85ee12e74f0c,5a71c7f2-983a-472a-aa4d-d133f7da0832,77845bbe-32d7-4cd3-a404-a17b155c89d8,2025-06-18,24637f48-aff9-4615-8eb2-fa8dddc59fa8,,1,2109156,0,2109156,2026-06-18 23:55:42.102791+00
33b8c400-9af9-4cf0-a772-b33bd995fbfc,9560fc96-ad91-4803-b191-4f9ba0c6bbf3,4bf2cd99-c5d1-4435-bf6d-93cfcadf7ea6,2025-02-26,24637f48-aff9-4615-8eb2-fa8dddc59fa8,,1,69295,0,69295,2026-06-18 23:55:42.102791+00
638eb439-3aa7-4dc3-9864-306cdb049858,86decbae-deab-4a3c-afbc-9070ce538375,c6a8a782-fd68-4abc-9a78-f406722308e3,2025-01-29,24637f48-aff9-4615-8eb2-fa8dddc59fa8,,1,2214900,0,2214900,2026-06-18 23:55:42.102791+00
662cd95d-68db-47a5-b232-287ad375864c,2f867501-358f-4c15-9d44-4c938c072bb0,3a620e17-a5d5-413d-8720-62e5e1ee538b,2025-09-20,b22c68cf-1d75-457c-96cb-dcb32da7712e,,1,1139479,0,1139479,2026-06-18 23:55:42.102791+00
81056a7c-5be4-40bd-8d08-18a58eb22d95,fb5f98d4-06be-446d-b0f5-3c1075ceaad4,b30e7d3a-68fa-4411-aa6c-96d1cd7f5e49,2025-09-18,b22c68cf-1d75-457c-96cb-dcb32da7712e,,1,1365278,0,1365278,2026-06-18 23:55:42.102791+00
3b7fdca8-c642-4958-8ef0-57137d838f7a,8f6edb1f-dc68-4e45-a06e-47256b5ba052,958ead13-67ec-486f-94e1-3401217d83d3,2024-07-19,79ddfb51-827b-48c5-b370-cd83a58b38ce,,1,1528648,0,1528648,2026-06-18 23:55:42.102791+00
3f384e79-2ad6-41c6-80d0-8232b7ee5e26,71e8cd37-e5c1-4af4-a6e1-75eee0a04c9a,b12a0336-70d8-4457-b18a-f9945a6b29fa,2025-11-25,3a41f74e-14a3-41fc-905d-3ddf1f5905d4,,1,1213438,0,1213438,2026-06-18 23:55:42.102791+00
5d10d619-7cba-4048-b19c-76f9ccac805d,910063ce-a674-456e-b5b1-f31680ca1c32,868a7810-6b94-424f-a9a6-f682c3eeddbc,2025-04-11,3c61dcc1-cbd1-4594-9879-2b7ca831edfa,,1,2473818,0,2473818,2026-06-18 23:55:42.102791+00
6b883224-0c9a-43fb-9301-1429ad246c26,2c2260ae-d804-4f8b-b7b9-2fa0bc9baa8f,4eb07028-ba07-409f-bd0d-75467a515b74,2024-12-18,3c61dcc1-cbd1-4594-9879-2b7ca831edfa,,1,2784914,0,2784914,2026-06-18 23:55:42.102791+00
dd94fbcb-ac8a-4c5b-a25b-ff09409a9cf8,263f4e86-9e1e-45a0-864d-19575696e580,de312177-480e-4a46-ab37-c2c5b003c01f,2024-11-09,3c61dcc1-cbd1-4594-9879-2b7ca831edfa,,1,2511607,0,2511607,2026-06-18 23:55:42.102791+00
6334ddd8-5318-42ad-9793-c0f40aa10038,811c3293-7153-4ed6-a2ff-8cc826840279,b313fa5a-4702-430e-b2e9-bb6da7aa4474,2025-04-21,53c5d520-017f-4de2-9f60-f608b74bc9e5,,1,1839460,0,1839460,2026-06-18 23:55:42.102791+00
d89f08c5-2d91-4540-916e-1f54362120d4,f792509f-3ed8-4706-8113-e1ed7b6311be,3706dd9e-2216-4c94-8449-b644bf8a9987,2025-01-07,94ed13a8-1a93-4101-8a11-c34f663c5845,,1,3070415,0,3070415,2026-06-18 23:55:42.102791+00
b1156ffd-73c4-4121-996c-ea2b885e74d5,5b7df1ea-a557-4fd1-b6db-bc7352258695,90dc7b29-0a4d-4af3-8346-93f050093c58,2025-04-26,2e69bee6-0a5e-4633-9868-0caa1e2b1626,,1,846125,0,846125,2026-06-18 23:55:42.102791+00
422c61ec-f6c4-41e0-9409-81c734fb2c80,1739e427-cb58-4d7c-8991-e675e14f08e9,c9952615-7135-4564-b0ac-4872448e5802,2025-02-04,a84bde39-f20e-4d72-83ff-a7e13653e474,,1,64235,0,64235,2026-06-18 23:55:42.102791+00
4eb61093-65ed-4b7c-ad66-30d77def87cf,d30767b0-4ef4-4b8f-8a27-24e86af3031e,60732ea6-162e-41c7-8308-0d36a5f19a4c,2024-12-04,a84bde39-f20e-4d72-83ff-a7e13653e474,,1,31384,0,31384,2026-06-18 23:55:42.102791+00
a2f7f572-4676-4edc-b84f-3a2511cb1e6f,832d88de-081b-43fc-b1eb-c9de91ac8874,e2939258-80c4-4b6f-9fab-b23906a72d8c,2024-11-14,a84bde39-f20e-4d72-83ff-a7e13653e474,,1,122850,0,122850,2026-06-18 23:55:42.102791+00
49405f04-500f-47f7-a7fa-bb76053ff676,5159abd9-3640-4c35-ace9-506f8d8af1af,363c7be6-4e8d-45c5-93d6-93db72ffa2cc,2024-11-07,a84bde39-f20e-4d72-83ff-a7e13653e474,,1,115425,0,115425,2026-06-18 23:55:42.102791+00
07d13065-99d7-4949-abfd-e04939d60e94,dba22c56-c29d-4a05-9a4a-ca20c11b27c4,923f2fe5-9f46-4a9a-97b5-8c220606302b,2025-08-01,48e6f85d-37e1-4d61-99a9-d46bdae6e031,,1,21842,0,21842,2026-06-18 23:55:42.102791+00
ea1c3aed-b066-4b20-929d-d71eb41d7b94,d3fad084-c190-4aed-a0d3-8b5eff30c03b,11339ac8-1fcc-41cb-a1e3-303c182643da,2024-07-22,16b88b42-9f90-4117-8ff1-1eaa41757a3f,,1,1920128,0,1920128,2026-06-18 23:55:42.102791+00
a4d0eefa-cc99-462a-bd2d-c5ec548150b2,93900d89-e3ab-4dd7-9041-48530b6803e1,76a6b799-4232-4c69-bc38-3792400f7e41,2024-06-07,16b88b42-9f90-4117-8ff1-1eaa41757a3f,,1,1976200,0,1976200,2026-06-18 23:55:42.102791+00
d3f4a760-d966-49b1-a1eb-8eaef360c60c,644a2ef0-878a-4789-9950-e1af68fcc6b8,fab66c9a-1f62-45ee-a67e-2ffc248a8253,2025-08-29,3e712b36-d74e-4eeb-9dc1-d51ddf89de8f,,1,221922,0,221922,2026-06-18 23:55:42.102791+00
070d0656-6161-4a87-81b4-9de641461e1b,5fa91517-1333-4c56-9cb2-a01658c349e9,f6014404-0518-4628-9212-580a1727a4e6,2025-06-03,3e712b36-d74e-4eeb-9dc1-d51ddf89de8f,,1,11880,0,11880,2026-06-18 23:55:42.102791+00
f17e6582-083b-44cb-a8ef-564d706e361a,f7f4df7d-3b60-4e0c-990f-1f35c99c6dd8,85312ebe-f8f9-41bb-8765-19159066272b,2024-06-11,b47542f5-1b54-4bd1-a387-acdd178eea3b,,1,415000,0,415000,2026-06-18 23:55:42.102791+00
cc00a7ab-a6eb-424b-83d1-3a3b39076ae3,47c241cc-8f5d-43a3-b18d-c80c547ff8ab,f59f002a-f4a6-402d-a6c8-b8f8b6688f0f,2025-05-22,3769e41b-9c60-4886-9461-5e969cfbc8d3,,1,2616553,0,2616553,2026-06-18 23:55:42.102791+00
44a568fe-3d41-4825-ba58-44ae714e61c6,05b3fdbd-7791-411d-9f41-a036d0f2c6f6,3073c4ac-e925-42a2-a2bf-169c75274794,2024-12-11,3769e41b-9c60-4886-9461-5e969cfbc8d3,,1,17500,0,17500,2026-06-18 23:55:42.102791+00
164e0e0c-8444-4686-88e3-33c4131eab9a,1cdca94d-5d38-48a1-ab4c-9bb9f7bf3f7d,6c80ab8b-26d0-4f9f-97a7-63c429af3567,2024-10-13,3769e41b-9c60-4886-9461-5e969cfbc8d3,,1,2401059,0,2401059,2026-06-18 23:55:42.102791+00
c4714e95-af08-4ddf-a04a-24c799fe0a4a,bea5a62a-2ad2-4a78-8701-919069bcee3e,29a1513d-7e61-466f-a88e-32f3b586e501,2024-09-05,771fe071-7c7d-4cdc-9195-1f3bb593d2de,,1,178075,0,178075,2026-06-18 23:55:42.102791+00
dab956c9-85dd-4ff6-ac3d-ed087b2232c6,1dd9e251-3996-4627-817e-9254d73e710d,cf31a765-bc34-4620-b198-661b824be8c8,2025-02-04,831be7e0-3cb9-492d-9bc6-2df6548e5db2,,1,105487,0,105487,2026-06-18 23:55:42.102791+00
6c4dcc76-e3f0-4546-8a11-5aa0ed765c97,c30f545f-cd4c-4d93-adb2-d4a96d281f9c,69ff9902-946e-4124-a577-e1b32d569377,2025-11-08,1a55ee25-bc28-404c-9b3e-744d00cd23d6,,1,680310,0,680310,2026-06-18 23:55:42.102791+00
f7c3b9ea-4cab-4713-8b34-bc3e5e01a773,606452e1-0f9a-4268-91cd-d00f92116d63,85e65633-d28c-45ee-a30b-5f53bec569f9,2026-02-18,ee72dd0b-2a9c-4acd-9b20-433e6a327c96,,1,2607750,0,2607750,2026-06-18 23:55:42.102791+00
bb9c8b40-bf6c-42b4-b39a-b315cf004893,04cd8026-2bc9-4fbe-ae91-92bb602cd222,0b3664a6-89b2-4ebe-a5d0-0baac5cbb625,2026-02-09,ee72dd0b-2a9c-4acd-9b20-433e6a327c96,,1,2608125,0,2608125,2026-06-18 23:55:42.102791+00
a5ea17fd-f011-4f48-8a67-cd8ac9915e2c,8688fc68-ed63-4c48-a4a6-f1d92f84669e,26995014-6e0b-4b25-9af0-f2b342bbb73c,2026-01-30,ee72dd0b-2a9c-4acd-9b20-433e6a327c96,,1,3077250,0,3077250,2026-06-18 23:55:42.102791+00
50ea9241-e8b8-4112-8603-d55a54de698d,22c60ecd-e350-4662-9ec7-f23ec148f431,977b0636-700e-47f0-85bc-10991febb58f,2026-01-20,ee72dd0b-2a9c-4acd-9b20-433e6a327c96,,1,2407500,0,2407500,2026-06-18 23:55:42.102791+00
b7e3e25f-31a3-4ec5-a66c-cb9450d07a9c,4ef4a8f6-3a6a-44b3-bcb3-6619c8fbe6d9,1629da0e-f5ce-468b-ada3-be1fd5b27bb8,2026-01-13,ee72dd0b-2a9c-4acd-9b20-433e6a327c96,,1,2399250,0,2399250,2026-06-18 23:55:42.102791+00
1be9aec3-95b0-42e5-9d9a-a4f10dc62730,6876114d-e099-42b5-8981-70d8f75a2e1a,f6dd3bae-41b1-436b-b9da-f7acd6b4ec0b,2025-02-19,ee72dd0b-2a9c-4acd-9b20-433e6a327c96,,1,2898550,0,2898550,2026-06-18 23:55:42.102791+00
6190c700-0fbd-4f1f-8f88-c77c76cab249,f49c8a2d-83eb-47ee-b952-f84a04d8e96f,2d180aed-bf09-4f7b-9c43-0520206ac6e4,2025-01-14,ee72dd0b-2a9c-4acd-9b20-433e6a327c96,,1,2169925,0,2169925,2026-06-18 23:55:42.102791+00
8ebd1e85-c454-460f-b4a4-87df6ef419ea,f68f1eb7-d86c-45fe-863c-5b0eed71d5c2,df7d9a42-f020-412a-a5da-2b641ebbbf4c,2024-08-22,c33af545-a022-4ad0-8185-d5e2727ca60d,,1,1356904,0,1356904,2026-06-18 23:55:42.102791+00
801234af-51b8-4c8c-9155-b6052062dbaf,4fea9dc2-a028-4760-bb58-9802dc0ac9a4,e3519b44-3a3a-4dfa-91fa-b0fe393e2177,2025-08-12,40898e29-8b25-4043-8a89-cee44245437e,,1,2192015,0,2192015,2026-06-18 23:55:42.102791+00
7af90bb5-45a1-4ab5-aded-50011fedaabc,8a50739a-d090-4fe2-ab65-d1753d145a35,0034ebd7-6a89-49e0-9252-12b4dbdd5898,2025-03-10,40898e29-8b25-4043-8a89-cee44245437e,,1,2643850,0,2643850,2026-06-18 23:55:42.102791+00
0c7c0184-e4ff-49b2-ac3a-e83ce61cacb3,e58f2ca6-e26d-4e1f-991a-c5500ed68dfe,2ab46658-0cae-4e42-9e44-db2fca31035b,2024-08-15,40898e29-8b25-4043-8a89-cee44245437e,,1,2317954,0,2317954,2026-06-18 23:55:42.102791+00
c5d8a5a2-0101-430d-879c-ae6bbc95ab92,15bbd22b-4500-4476-8f3d-84f16ab0bac3,4b883c7c-86c9-4b46-b89d-ed9a4283252e,2024-06-27,40898e29-8b25-4043-8a89-cee44245437e,,1,2638335,0,2638335,2026-06-18 23:55:42.102791+00
cc678433-5690-4687-b062-97d8cfa12892,1fd7e260-b70f-4571-9dfd-f07278392a9e,ea614a71-1a31-4274-9191-822da34e3570,2025-03-01,9b59c432-8c51-4711-add6-e758552bafc3,,1,2828961,0,2828961,2026-06-18 23:55:42.102791+00
c5861d74-06d5-4bae-82f3-e1f132b8b876,fd351e2a-274d-4a3e-b7ca-495db25823ca,9f920552-9d16-4c85-bd43-73d22d322bf7,2024-08-09,9b59c432-8c51-4711-add6-e758552bafc3,,1,2610135,0,2610135,2026-06-18 23:55:42.102791+00
2da6204d-cc83-40e9-9cf5-019aa01b5913,2c456035-78b9-473d-8b7b-33724204b1ae,3d8d3b74-26f1-4ec7-bfde-9084b0900caf,2024-11-18,2f16462b-aa4d-49ee-a9ec-eab4a0f517ed,,1,2773484,0,2773484,2026-06-18 23:55:42.102791+00
3d94bf9e-1a76-4275-b9a1-e79b569a1cb9,cb1657ee-88b9-4304-8c1f-6f5164ab763b,cf215676-223b-46c7-ab06-d3ee1650aa3d,2024-09-23,2f16462b-aa4d-49ee-a9ec-eab4a0f517ed,,1,2152801,0,2152801,2026-06-18 23:55:42.102791+00
752d5bc3-7d3f-45cf-9bc1-f96f5c685ab7,035a2149-334d-4bcc-b946-f30850e0dba1,44009874-503b-4872-abd9-a659079dc66e,2024-08-30,2f16462b-aa4d-49ee-a9ec-eab4a0f517ed,,1,2388770,0,2388770,2026-06-18 23:55:42.102791+00
33d8bf5e-acd7-4593-88fd-5ec77a3b5aeb,e12b2250-7fc8-4cd8-b481-1b83967aa8d2,d364b0d0-9056-4949-8199-cbddc22a0339,2024-08-17,2f16462b-aa4d-49ee-a9ec-eab4a0f517ed,,1,2513043,0,2513043,2026-06-18 23:55:42.102791+00
b442017e-70d9-491e-9bd9-09c1f5d64b9b,73975bcb-4352-4375-b2ca-69ebf1de4a7b,231ba75c-61c6-4cba-9442-4378cb18dac7,2025-09-22,f44a0530-a9a7-44dc-a935-1788e1ed642f,,1,2747500,0,2747500,2026-06-18 23:55:42.102791+00
97c35edf-a17b-40b9-b7e6-3325f9fa8d92,67ebcce0-90e1-41a9-9ec0-6565f3e7a812,220cbcc6-9e24-485c-9339-f87ccf082b86,2025-09-22,f44a0530-a9a7-44dc-a935-1788e1ed642f,,1,2749222,0,2749222,2026-06-18 23:55:42.102791+00
28a2f3a3-d0ea-4e78-90f5-6884a24531f9,86c7b890-0b11-4aee-aed1-590839fda62b,33017678-f4b3-4ad5-b778-a2734c09a09b,2025-09-11,f44a0530-a9a7-44dc-a935-1788e1ed642f,,1,2812522,0,2812522,2026-06-18 23:55:42.102791+00
5dd8271c-0760-462c-9ad0-75c00d00159a,0a6c4fb7-7350-4e4c-96a2-a9e5fdd02c40,d65387b6-071a-481f-b2b1-610ec7662be5,2025-08-23,fa2c1a2b-c483-45f3-92c5-0e24f18c9353,,1,2434541,0,2434541,2026-06-18 23:55:42.102791+00
a49686a3-0c25-4432-becd-e4e984df03d2,63b0d8f4-2d7d-467c-9691-a08368b86da8,93daa993-4ee6-4e84-bd7d-e8aef7fa72e3,2025-09-13,26ffd993-bc48-446b-b10d-40138f5d3c60,,1,2931234,0,2931234,2026-06-18 23:55:42.102791+00
cc3ce04f-91fa-4003-8461-3ba94b2a5111,c1179a77-d62e-451a-ba7b-da1f8e770bdc,209e4b74-121a-451d-a1f3-8e019149b3f2,2025-02-01,24637f48-aff9-4615-8eb2-fa8dddc59fa8,,1,2734567,0,2734567,2026-06-18 23:55:42.102791+00
d29308f9-e113-435e-a598-4bd02ea4c462,624b5621-24b1-40c7-8738-2836edfcf09a,1a0dbd87-ab29-4713-a250-5c194e1b83c1,2025-01-23,24637f48-aff9-4615-8eb2-fa8dddc59fa8,,1,2624875,0,2624875,2026-06-18 23:55:42.102791+00
d0ce772e-6dae-4728-a0ee-56f309a58739,5cf9bcb2-2186-4777-a2d8-eeee8f55f9fb,6ec146d4-483b-42b8-9cb3-952e24b790bd,2024-07-10,7b237e41-2adb-467e-99f1-32f71332e3e7,,1,953541,0,953541,2026-06-18 23:55:42.102791+00
38925dba-3768-4e60-ac2e-6b210f278c68,3293c2b3-7327-48f1-b2ad-41893d17a80f,d0b96bd4-cb6f-4ecc-8683-2e579ee1eeaa,2024-07-19,7b237e41-2adb-467e-99f1-32f71332e3e7,,1,942679,0,942679,2026-06-18 23:55:42.102791+00
c4775659-66f2-415c-9520-05d0648bf8e0,ac2d30ea-f085-44ca-b8eb-d19c16373b26,61eb101e-2a53-4ec0-9af7-8d5bd37db939,2024-06-14,7b237e41-2adb-467e-99f1-32f71332e3e7,,1,866758,0,866758,2026-06-18 23:55:42.102791+00
03ffaff1-6409-4071-82af-5ee1df33a78f,db17e533-9dc0-48d5-a65e-2516d3a1b561,c15bd1fa-22c4-4dce-b77f-26a08e89f948,2024-04-29,7b237e41-2adb-467e-99f1-32f71332e3e7,,1,1748616,0,1748616,2026-06-18 23:55:42.102791+00
f667fa5f-6177-4c2c-8d84-d4ed557bdf34,3f9fe868-7f71-4720-b2ab-a25695cdc6c2,c5d76d2e-bd3e-40c9-8263-c8b5c3ee2d35,2025-12-23,40b86abb-01a3-47cd-9495-e5292ce988a4,,1,725625,0,725625,2026-06-18 23:55:42.102791+00
28479f7c-92d8-4589-b756-bc5c2ed6cb16,d284c938-f5c4-4dac-80fb-6e3517fe28c4,c92b8698-37ad-409f-9d52-3fed5aa724d8,2025-12-16,0d640fb5-a295-4748-abec-05c07c167fc3,,1,2176875,0,2176875,2026-06-18 23:55:42.102791+00
3a2ca256-5df1-4042-ad2d-69a20274ba29,9acd2c2c-f29c-4eca-ab20-b6ddab9dddca,1545ef09-6205-4938-844c-80afe758b850,2025-11-28,0d640fb5-a295-4748-abec-05c07c167fc3,,1,2903306,0,2903306,2026-06-18 23:55:42.102791+00
2963a787-dfa6-4760-846d-0fccc80253b7,1e719248-b1bb-4c82-a100-5a96f833c6b8,5377c406-78a5-4325-b125-89d6696b5d7f,2025-10-30,0d640fb5-a295-4748-abec-05c07c167fc3,,1,1230800,0,1230800,2026-06-18 23:55:42.102791+00
a115e0bb-073b-47c4-89d4-32c3ce97d9a7,9b730906-dc2b-4595-8a29-5ad2dc30cc30,72616cdf-324f-488e-a9a0-105f0df180e6,2025-10-11,0d640fb5-a295-4748-abec-05c07c167fc3,,1,907330,0,907330,2026-06-18 23:55:42.102791+00
826ab84e-5741-4e57-890e-27b4b25e4afe,eb699756-7d5e-4947-aaf0-43173a002da4,62df4e36-28c2-47ed-a48e-135a08c0deb4,2026-02-20,974e932f-9d2c-4b39-bc07-7b774b1e9a8d,,1,347759,0,347759,2026-06-18 23:55:42.102791+00
b0c40213-b449-4721-b704-45085b502d25,6d30da3d-27b2-4f7a-9953-3b8a9de6f74a,dc6a2e99-0cc0-493e-b694-366549b1af98,2025-03-24,1297bda5-9c64-4336-85ee-1a0d5622a8b5,,1,828750,0,828750,2026-06-18 23:55:42.102791+00
73678228-becc-4659-b823-f00c8cc132e8,086bf378-a2e8-467c-aa30-96ba064d482d,0fc51968-76ab-48c9-af3c-5bb2bc8c0ba6,2025-03-17,1297bda5-9c64-4336-85ee-1a0d5622a8b5,,1,2558250,0,2558250,2026-06-18 23:55:42.102791+00
daaf2ddc-9334-491f-8c79-0470b6018a79,a79a50ef-b566-45d0-bd05-06ef5e85c9e9,928725c2-94a5-45b5-9cfc-30a0c8ae54da,2025-08-02,549e240d-ab7f-4b19-8790-ad3d22305f4d,,1,420346,0,420346,2026-06-18 23:55:42.102791+00
aeb52875-bae2-4063-b64a-017c4359616c,c9947099-5ba9-4e82-8b65-df4cecede855,a6cb0bcc-2e92-4509-8172-cd7e1c0e5b51,2025-05-23,549e240d-ab7f-4b19-8790-ad3d22305f4d,,1,2131667,0,2131667,2026-06-18 23:55:42.102791+00
ae20ccdb-49f8-42a1-8ab6-5a60f3fd0c2b,c5a9734a-fdac-4504-848c-c5ecb439140b,607f70e7-a60d-4a30-ba91-00442501e77f,2024-07-09,7b237e41-2adb-467e-99f1-32f71332e3e7,,1,996870,0,996870,2026-06-18 23:55:42.102791+00
5d1b3e9e-bbd5-4d21-9d86-f6c93a4ed8cb,96a90fab-4e87-42b0-8d5b-eddfcd0e69ae,934c6faf-c25c-482a-9b90-fc454c20193e,2024-06-06,7b237e41-2adb-467e-99f1-32f71332e3e7,,1,796103,0,796103,2026-06-18 23:55:42.102791+00
b39e6b8f-6ed9-417a-8d36-709fa59c46d2,a610fdce-86f7-452e-8215-925c9b2644b9,6eeeafe6-e6f2-42b3-838c-0c45cb9055c8,2026-01-02,40b86abb-01a3-47cd-9495-e5292ce988a4,,1,3386250,0,3386250,2026-06-18 23:55:42.102791+00
d4e40d1a-77f5-4e7e-8949-4b59758a6676,970cb9f9-0cd4-4dc1-a86b-4ebfe9d6df9c,c5b23921-0706-45c7-9428-759add03e3a7,2025-12-26,40b86abb-01a3-47cd-9495-e5292ce988a4,,1,725625,0,725625,2026-06-18 23:55:42.102791+00
75679a67-dd46-40e8-834a-312b75c54d97,526196ec-d657-4dce-9481-cbc1388e60d8,80e20387-4b17-4193-a692-2a25ceebc86f,2025-12-15,0d640fb5-a295-4748-abec-05c07c167fc3,,1,2177278,0,2177278,2026-06-18 23:55:42.102791+00
9342349a-6990-42e4-b2ed-177350b2d7ff,7510ab8f-1060-4129-882c-c9794cbb9e78,5b3e877a-ef55-461c-bf46-5615743dc6f3,2025-12-01,0d640fb5-a295-4748-abec-05c07c167fc3,,1,2177278,0,2177278,2026-06-18 23:55:42.102791+00
f179b612-99d1-4c46-9a08-10262efa0464,67cad1f9-095b-457c-958d-b87eee30a292,b96e11e0-0e12-4146-bb2c-6a6d34a3013f,2025-10-22,0d640fb5-a295-4748-abec-05c07c167fc3,,1,2987767,0,2987767,2026-06-18 23:55:42.102791+00
abdb6b15-7b62-42fd-8516-fcdec541a2ec,ef655882-1481-431f-8f9b-63aea15fde63,1f3b52bb-5c64-4bcd-b564-2f2fbb820535,2025-10-10,0d640fb5-a295-4748-abec-05c07c167fc3,,1,1077334,0,1077334,2026-06-18 23:55:42.102791+00
24cdd8b2-9845-4d93-a8eb-c469051e39f4,ae552546-76cc-4b2e-ace4-22340bb6aeba,ab79fcda-4c23-49d6-ab2d-6705acb7faf6,2025-03-27,1297bda5-9c64-4336-85ee-1a0d5622a8b5,,1,2458568,0,2458568,2026-06-18 23:55:42.102791+00
57504f72-eaa0-4c2e-bd46-7dc43f57367c,384d2988-83b7-4f9c-a7b1-2f61fd20ea59,657ba340-9722-483d-836a-7c5fe2657e7b,2025-03-21,1297bda5-9c64-4336-85ee-1a0d5622a8b5,,1,911250,0,911250,2026-06-18 23:55:42.102791+00
0f42d343-24f3-40ef-89e0-9812386c012a,69fde684-81c2-4d68-9575-200731323841,6d1e0185-d3e7-47eb-b835-34b997cc47d9,2025-10-30,549e240d-ab7f-4b19-8790-ad3d22305f4d,,1,3638549,0,3638549,2026-06-18 23:55:42.102791+00
a9c73ed2-a865-4d00-902e-6b9cd1ad0632,c08f2203-c16b-4673-bd53-3cafd6ca792d,a0d17c25-c645-4a3d-b7c0-2cd27f964cf2,2025-07-26,549e240d-ab7f-4b19-8790-ad3d22305f4d,,1,2120397,0,2120397,2026-06-18 23:55:42.102791+00
4c2f292e-8040-4340-8cb4-bf9b84659a08,3cee7039-6994-4064-8af4-262cbb37bbba,f0063877-c927-46c2-9c3c-0ce55716fe99,2025-05-13,549e240d-ab7f-4b19-8790-ad3d22305f4d,,1,2067957,0,2067957,2026-06-18 23:55:42.102791+00
45b27fd5-1565-4757-a644-d4d97420ca6f,a4542058-7b42-44b5-bb8b-8fb8a3ee513c,ecc1eb51-6944-4d5b-93b1-acfc8725205a,2024-07-09,7b237e41-2adb-467e-99f1-32f71332e3e7,,1,1745053,0,1745053,2026-06-18 23:55:42.102791+00
b97e0d1a-3e62-4222-827c-56a69e48be70,7fc63338-6693-4adb-8ff5-1f3c3c96f4b4,7c8e3442-9c8e-49ef-a676-b4a179090cee,2024-06-11,7b237e41-2adb-467e-99f1-32f71332e3e7,,1,1525512,0,1525512,2026-06-18 23:55:42.102791+00
afc4babe-b990-420c-adbc-719ef4448a28,e0b6088d-42eb-4e8f-8f9a-043f5ee780e5,46770c78-0079-47e3-a9b3-78cc529dd545,2026-01-13,40b86abb-01a3-47cd-9495-e5292ce988a4,,1,806250,0,806250,2026-06-18 23:55:42.102791+00
de77250f-7a98-4162-89fb-9ea32e69e288,1c8ec9dc-5efd-4859-a7e8-5edaa284add2,0d34fbc6-ffd4-47ff-b905-41eb6af40a73,2025-12-30,40b86abb-01a3-47cd-9495-e5292ce988a4,,1,2257500,0,2257500,2026-06-18 23:55:42.102791+00
10c196fd-44ad-4137-97be-38b2235a30a9,ec1f9769-742d-4c01-b6f1-b3d34f86fb6b,2184da89-d364-49b3-9a5c-e3c97910f954,2025-12-08,0d640fb5-a295-4748-abec-05c07c167fc3,,1,2176875,0,2176875,2026-06-18 23:55:42.102791+00
04984551-b9d6-4160-aba5-13fe24f21f79,d7d00fe2-8bfd-468d-875b-afdbb8a6997a,27740aef-eaf1-4db6-9ced-d3ad36bae956,2025-11-17,0d640fb5-a295-4748-abec-05c07c167fc3,,1,2176875,0,2176875,2026-06-18 23:55:42.102791+00
24d00847-00c8-4f37-a7a5-eb946ec30615,87f5efd1-d614-4d1a-ab4b-39be4cfc5e08,a9dc58bc-57e8-4b1f-ab53-df9b3ed056c5,2025-10-17,0d640fb5-a295-4748-abec-05c07c167fc3,,1,3000075,0,3000075,2026-06-18 23:55:42.102791+00
c4d9dbf2-abb8-444e-b010-c548228eb284,11c3eb95-952f-4518-887d-ce17bcf53301,aaa5e14d-c38b-44a2-8750-fb477996ea16,2025-10-08,0d640fb5-a295-4748-abec-05c07c167fc3,,1,1076565,0,1076565,2026-06-18 23:55:42.102791+00
62d5301d-3d30-4375-b2ed-04b1cfc8e696,4b2ca03a-f2a3-4079-8f59-2b833e614833,092f9ce0-9f7a-4dd7-b581-7d7cb1fed5c4,2025-03-27,1297bda5-9c64-4336-85ee-1a0d5622a8b5,,1,2524362,0,2524362,2026-06-18 23:55:42.102791+00
29a2fcd9-6f45-4107-896a-438b4432d116,3014451f-fa44-46cc-bc6f-24773236d98c,f787c1c9-39c0-4c6b-b020-1e1ec4d547ad,2025-03-26,1297bda5-9c64-4336-85ee-1a0d5622a8b5,,1,2500162,0,2500162,2026-06-18 23:55:42.102791+00
715b0a42-52d0-4cfa-aef5-472e0a5f10a9,0c985b3b-b813-47eb-928b-0b229dee1626,10c4bd9a-8530-4b4e-b38c-4598f72e61fd,2025-11-15,549e240d-ab7f-4b19-8790-ad3d22305f4d,,1,3720987,0,3720987,2026-06-18 23:55:42.102791+00
cd132cf3-8230-4af1-8e4d-b4643424009f,93982106-ac80-41cc-9f00-3882d3b85b1b,9ba91323-2223-4d7f-8990-d7b88b6b8d38,2025-10-14,549e240d-ab7f-4b19-8790-ad3d22305f4d,,1,3277243,0,3277243,2026-06-18 23:55:42.102791+00
3982362f-3064-45b3-a356-4648fa3b52a3,bf0685a1-9844-470d-8d2d-d93ce2f48084,3083bdbf-55f9-4e62-b79b-d23fdd76c9f1,2025-05-13,549e240d-ab7f-4b19-8790-ad3d22305f4d,,1,2105687,0,2105687,2026-06-18 23:55:42.102791+00
439de3ae-2015-4dad-92bf-fd17cf4dba17,7781ddb6-90ed-4f9a-a4d4-34dcee5de7d4,fc89b6bd-b734-4c7b-b0e7-6531ae933dc0,2024-07-22,7b237e41-2adb-467e-99f1-32f71332e3e7,,1,919422,0,919422,2026-06-18 23:55:42.102791+00
ea3f8ce1-783f-46ed-9657-621f1ffa1cec,b4028006-51b5-4c3e-8509-fab08cb6d15e,bf8d3941-f52b-4cc7-9b30-cf8f41f8eb32,2024-06-25,7b237e41-2adb-467e-99f1-32f71332e3e7,,1,2518168,0,2518168,2026-06-18 23:55:42.102791+00
20dbe09a-aac4-4ee5-92f0-f9925efe970a,c4298233-b9d7-475f-9046-e00d111a574c,f5ac9cd1-05e1-4101-ba03-60a91cb3e5da,2024-06-06,7b237e41-2adb-467e-99f1-32f71332e3e7,,1,812745,0,812745,2026-06-18 23:55:42.102791+00
5d59d8b3-c33a-46a2-81e5-b139255088b7,f12ffee8-a696-462b-bccc-124a3c9ae02e,24b8400b-7d04-4a47-a309-66ebae6331d9,2025-12-23,0d640fb5-a295-4748-abec-05c07c167fc3,,1,2176875,0,2176875,2026-06-18 23:55:42.102791+00
c34e4cb6-3982-4b31-b31e-6dd86080fac3,9d5e9232-4dc7-454a-b7bc-7cb8ab95c545,7de31876-4e00-4c7d-9548-31ff48d2ffc3,2025-12-22,0d640fb5-a295-4748-abec-05c07c167fc3,,1,2176875,0,2176875,2026-06-18 23:55:42.102791+00
02a7641a-1783-43c1-9269-4f625b8bdc97,882f3015-2c36-4676-a9cb-cc6b51c250e8,e51c1c1a-6da5-4c63-b126-05a596501db5,2025-11-20,0d640fb5-a295-4748-abec-05c07c167fc3,,1,2177278,0,2177278,2026-06-18 23:55:42.102791+00
6917d741-8415-43e7-baef-509f1a9d95d0,4c39e847-8d30-4397-8f60-4ccbd672e703,4070e682-61ee-4814-a68c-e7c0c6205d8b,2025-11-03,0d640fb5-a295-4748-abec-05c07c167fc3,,1,1307725,0,1307725,2026-06-18 23:55:42.102791+00
b8e55fc5-4653-42d6-9c02-2ebb058dc8dd,2a88d7ff-8f5b-4aa6-90fb-b7a0500a7ead,932c1bf9-b5e6-445e-80b0-c85845dfa306,2025-10-15,0d640fb5-a295-4748-abec-05c07c167fc3,,1,1079642,0,1079642,2026-06-18 23:55:42.102791+00
f1dbdb2c-a65a-472e-aa5f-66f67e30651c,a5be1dce-c6b4-44fc-b2de-e98261bda108,b51c246b-a920-416b-9397-5ec524e28ea4,2025-10-04,0d640fb5-a295-4748-abec-05c07c167fc3,,1,1077334,0,1077334,2026-06-18 23:55:42.102791+00
357f1206-fe95-4082-b355-03e21d555f09,5b91e5f3-9387-4d92-a378-8f4b341a720a,b31bd0c3-3b75-42ca-abc6-f0c51694d0a7,2025-03-21,1297bda5-9c64-4336-85ee-1a0d5622a8b5,,1,2597250,0,2597250,2026-06-18 23:55:42.102791+00
ef72226d-2a77-42bd-9a01-eaa3caaf1189,e8641b52-e8fc-4a84-bd35-e251a5eae562,5ec686dc-044e-46c1-a149-7c775864a13d,2025-03-18,1297bda5-9c64-4336-85ee-1a0d5622a8b5,,1,2734500,0,2734500,2026-06-18 23:55:42.102791+00
b198f888-925d-443e-bd40-1a557f348742,6e9cf9f9-713c-42ba-b517-d2cbdec49d31,de7558c0-3c95-46c2-a5f8-56958c0f5e32,2025-07-01,549e240d-ab7f-4b19-8790-ad3d22305f4d,,1,2137033,0,2137033,2026-06-18 23:55:42.102791+00
e3056590-2348-4d76-bd5e-05f46cac8b26,0c0503a2-30ca-4c47-aaed-7c7b4d81b271,668b8982-3aa1-43b4-b9c2-e68cec093c79,2025-05-27,549e240d-ab7f-4b19-8790-ad3d22305f4d,,1,1535937,0,1535937,2026-06-18 23:55:42.102791+00
074b3e0e-8e06-4dd2-8947-6b3a5ee8efd9,57029b7b-091f-4489-b57f-310ff370a2a8,a58abaf3-2e17-4c23-93fd-d89a83661936,2026-01-14,40b86abb-01a3-47cd-9495-e5292ce988a4,,1,725625,0,725625,2026-06-18 23:55:42.102791+00
517a32c7-cd0c-46c2-ba30-6b056a525a4d,9f50ec87-36dd-4565-8c79-81edcf4982f7,636693d2-33e7-465f-b807-eea87dced8ed,2025-12-26,40b86abb-01a3-47cd-9495-e5292ce988a4,,1,725625,0,725625,2026-06-18 23:55:42.102791+00
53806eae-c18d-4bc3-85a7-aebbdd704da8,c38693c3-2adb-47f6-812f-2dc5ad1ca582,5d834119-c17e-4b2e-85e8-a7935f513ad1,2025-12-10,0d640fb5-a295-4748-abec-05c07c167fc3,,1,2176875,0,2176875,2026-06-18 23:55:42.102791+00
4285f3a0-b75f-4261-bf90-71b5d08dd238,17e7f4c1-8821-4a4b-8354-807d17dd1709,abe03a01-b4e0-4e2e-8c80-e23b56f83e48,2025-11-24,0d640fb5-a295-4748-abec-05c07c167fc3,,1,2176471,0,2176471,2026-06-18 23:55:42.102791+00
1ef07ffc-e94d-42d5-9a7c-817f55c4b104,d4bc1469-f5a0-4de6-8c23-18a4f10723dd,2585abfd-8dd4-44c9-9e22-065e0cf1eb24,2025-10-11,0d640fb5-a295-4748-abec-05c07c167fc3,,1,1939663,0,1939663,2026-06-18 23:55:42.102791+00
5d23e10c-f4de-4e81-8133-578cb4956068,778c89f7-7779-453a-b96c-80ae695840d3,2b3f616a-a1e1-4df3-87c5-7f3ca33febe9,2026-02-20,974e932f-9d2c-4b39-bc07-7b774b1e9a8d,,1,274399,0,274399,2026-06-18 23:55:42.102791+00
980ee47a-ecf4-41a8-a6a8-73510b3daf42,de96a890-523f-4261-aa11-74d728053af9,0dc77924-56b8-4e6b-9e07-1feeb1b2321f,2025-03-22,1297bda5-9c64-4336-85ee-1a0d5622a8b5,,1,928500,0,928500,2026-06-18 23:55:42.102791+00
16592aa7-c4db-4037-bd6f-49e739aaa53d,6c66ee2f-707f-46b0-bf94-7339303c29a1,c7572cc0-53b9-4f0f-8a4b-a33e740a7659,2025-11-13,549e240d-ab7f-4b19-8790-ad3d22305f4d,,1,3440335,0,3440335,2026-06-18 23:55:42.102791+00
7c0b6a11-d838-4af6-953d-8ff6d0ee5479,8866929c-d861-4898-9533-78dcd6c45267,baf35e95-09ba-44b3-9e8d-0d9665c59e72,2025-07-14,549e240d-ab7f-4b19-8790-ad3d22305f4d,,1,2020208,0,2020208,2026-06-18 23:55:42.102791+00
6eae3eaf-4d32-4a6f-b034-cae733d01e4a,01e1d6a7-1390-4c3a-b46b-194c39a3d44d,550b72a6-0457-422f-bf3a-c36073d43153,2025-01-17,549e240d-ab7f-4b19-8790-ad3d22305f4d,,1,2601591,0,2601591,2026-06-18 23:55:42.102791+00
f688c84b-1db3-4561-bd38-3bb392f6f93b,e8f90271-9482-43ef-8039-c50698dce3a7,3150eb36-542c-4aef-bec6-e305018453ff,2025-01-01,549e240d-ab7f-4b19-8790-ad3d22305f4d,,1,2767532,0,2767532,2026-06-18 23:55:42.102791+00
032f579a-3c03-45f0-8575-c55acc020135,47595bdc-aca2-4d0e-9aa0-bcafacef98be,9c84e7fa-699e-4caa-992d-e20c7bb6ecb5,2024-11-20,549e240d-ab7f-4b19-8790-ad3d22305f4d,,1,2704201,0,2704201,2026-06-18 23:55:42.102791+00
de8858e9-585f-4d97-ae82-2d9380013164,7d04959f-4a7f-4e4b-b168-cfa41e1bb013,b70926ac-76d4-453e-bece-f4ec1e72b930,2024-12-18,549e240d-ab7f-4b19-8790-ad3d22305f4d,,1,2868822,0,2868822,2026-06-18 23:55:42.102791+00
61f2d90b-b8ce-4a49-94b9-78b1e2816c69,5d4f442e-3a1d-4d7b-b079-1abdb28b1a45,43b1311d-a42b-43ce-b3e9-9910b1a03c7e,2025-01-07,549e240d-ab7f-4b19-8790-ad3d22305f4d,,1,2698686,0,2698686,2026-06-18 23:55:42.102791+00
77953278-b763-40b9-9d8f-fb0d2dbf35f6,dbad8e64-1003-4123-874d-b23a273a25fa,2a7bba21-53c1-48f6-bfaf-1eb1651f0fcc,2024-11-27,549e240d-ab7f-4b19-8790-ad3d22305f4d,,1,2636159,0,2636159,2026-06-18 23:55:42.102791+00
c6e0e1e3-a819-4742-84fd-00f868f01508,af0652ab-1be3-4d81-b7d4-6ce564409de8,bf9691c9-c880-43af-96f0-897279b10a18,2024-11-02,549e240d-ab7f-4b19-8790-ad3d22305f4d,,1,2716785,0,2716785,2026-06-18 23:55:42.102791+00
e6f0a455-dbbb-4644-87f1-d56b827c5b12,86eecf2a-546e-435e-82b8-df451975bce1,a8076660-c0d2-4171-a366-5c2997e76ff4,2024-11-09,549e240d-ab7f-4b19-8790-ad3d22305f4d,,1,2871058,0,2871058,2026-06-18 23:55:42.102791+00
65bd7ac7-eda6-48e4-806c-ba6f12051222,faa2df66-2b2a-4832-9f9c-df6e6634070e,cfd306a6-6022-4bb4-83cd-ce6c124b23b0,2024-10-14,549e240d-ab7f-4b19-8790-ad3d22305f4d,,1,2221912,0,2221912,2026-06-18 23:55:42.102791+00
d0ed4834-1d1b-4cc5-9d12-e54c975234dc,13469022-04ca-46fa-99e5-0c234d30d51e,cf0943dc-4090-4a04-b133-617e1dea3c97,2024-11-13,549e240d-ab7f-4b19-8790-ad3d22305f4d,,1,2618040,0,2618040,2026-06-18 23:55:42.102791+00
574536e3-a70d-4419-af0d-1fcffe36d279,4f8bfe28-328e-4ed6-8080-594a167d520d,5d3dcd79-edf6-4643-9e44-73485f41c0a1,2024-10-03,549e240d-ab7f-4b19-8790-ad3d22305f4d,,1,2415520,0,2415520,2026-06-18 23:55:42.102791+00
64de7264-845b-45e4-994d-7695368a4b58,74c5fda3-ef4e-488b-b88f-845e91e22ad4,9e663a57-1650-4ed1-a1d6-f719bc16519b,2024-09-23,549e240d-ab7f-4b19-8790-ad3d22305f4d,,1,2293359,0,2293359,2026-06-18 23:55:42.102791+00
f1aadef6-84e9-4a8e-b503-301d768fc78e,dbaca100-0e06-4f3a-854d-596470d1db20,954619a6-04ab-4c5c-8ed8-9a544a785fab,2024-09-23,549e240d-ab7f-4b19-8790-ad3d22305f4d,,1,2363142,0,2363142,2026-06-18 23:55:42.102791+00
37602523-52a2-465c-bc90-1da3e26f0f4b,f3f41810-e56b-480a-8ecc-e13bc376647f,ac789d2f-b7b1-48f5-bd85-53b45f4ed6aa,2024-08-30,549e240d-ab7f-4b19-8790-ad3d22305f4d,,1,2439290,0,2439290,2026-06-18 23:55:42.102791+00
d1a0e885-03e0-465d-ba6d-074098ec1afd,81e025e5-fbdf-4f1a-b5e2-9197a25b15a6,715248b9-1c09-49ad-9bcd-a1003ce31bc9,2024-10-11,549e240d-ab7f-4b19-8790-ad3d22305f4d,,1,2474874,0,2474874,2026-06-18 23:55:42.102791+00
fe6f0bb8-ff9a-447c-8d5d-5050ed36030d,6cd3494c-1f4c-4129-af13-3abbf4376c47,01da0263-b222-450c-b94d-0278a9fba828,2024-08-07,549e240d-ab7f-4b19-8790-ad3d22305f4d,,1,2473549,0,2473549,2026-06-18 23:55:42.102791+00
bb63f8b2-899a-45ba-8809-1a5837bac23c,41d84637-70c4-4d39-85ec-a33fb29aa55d,4e496d5d-5d25-43c8-86d2-9c4f15eeddf2,2024-08-02,549e240d-ab7f-4b19-8790-ad3d22305f4d,,1,2648490,0,2648490,2026-06-18 23:55:42.102791+00
42ed050a-f4ca-4ca8-af03-46834265c770,cf9fc56b-00ec-47a3-81a9-b1af20106162,d0a3c0e1-e0f4-44bb-893c-0d943c59bab9,2024-08-16,549e240d-ab7f-4b19-8790-ad3d22305f4d,,1,2510974,0,2510974,2026-06-18 23:55:42.102791+00
8ab7e948-8bb7-43f5-b002-d8fee3712c5e,f28f021b-3e07-436b-8af4-872428bb901a,2c5e23db-f230-428b-a29d-3d77ac65d9d9,2024-07-04,549e240d-ab7f-4b19-8790-ad3d22305f4d,,1,2489452,0,2489452,2026-06-18 23:55:42.102791+00
bbbe9623-a1da-40a9-af28-fe1c8b8981a4,df02b873-677a-4842-ba05-c1f70ac396a3,db97ce2e-6204-4bdf-a749-de827a359ffb,2024-06-14,549e240d-ab7f-4b19-8790-ad3d22305f4d,,1,2442768,0,2442768,2026-06-18 23:55:42.102791+00
09cf7b09-8369-47f7-8b00-478fb59d6adc,2cba5f23-b51e-44a5-a462-4a49bebf53db,fbf6a21e-5b6c-445d-86a5-0dd27bf469b1,2024-06-08,549e240d-ab7f-4b19-8790-ad3d22305f4d,,1,2137112,0,2137112,2026-06-18 23:55:42.102791+00
29cbf56f-6314-4469-83bb-b9a79224a069,162a3e03-d707-4d31-8981-37d273e1462d,88f2cc7c-ad67-4ce1-90ef-552b75043338,2024-06-08,549e240d-ab7f-4b19-8790-ad3d22305f4d,,1,18000,0,18000,2026-06-18 23:55:42.102791+00
7a7b64c0-cc39-443e-9083-097e37965764,6e9b68d1-0e7f-45b9-8099-fb5311b177e2,9033b78c-c6bd-45a9-a7ae-69f408c67238,2026-01-27,be6aebf8-8a0f-4527-a9d4-d94f09f3c93a,,1,1337896,0,1337896,2026-06-18 23:55:42.102791+00
5b43533b-c394-41b9-b63a-ca2e52657071,8f5ab43a-3276-4a10-9237-a9eac20e7de9,40ad798f-31f9-4f16-aafc-bd65af3a11ae,2024-06-25,549e240d-ab7f-4b19-8790-ad3d22305f4d,,1,1652301,0,1652301,2026-06-18 23:55:42.102791+00
f8ac7bcf-c362-4e00-b96b-9abd5337bb39,5617b2df-d6cb-49a6-ad14-e9ca5ede1ad0,f4d6ec40-b18d-4725-ae96-313d6d73b6eb,2026-01-26,be6aebf8-8a0f-4527-a9d4-d94f09f3c93a,,1,1498262,0,1498262,2026-06-18 23:55:42.102791+00
454409ab-b765-4c76-b43e-d23589542aca,836d3d75-c31f-45d0-a813-7517d693969e,336c035c-0012-450b-9f0a-d126023773a0,2026-01-26,be6aebf8-8a0f-4527-a9d4-d94f09f3c93a,,1,1328980,0,1328980,2026-06-18 23:55:42.102791+00
1127506d-764e-4ff8-aaaa-c9a7e835f880,bc53d35b-9add-437f-8fb9-586b3cf287e0,02d74129-0b64-4499-913d-a7801b149385,2026-01-27,be6aebf8-8a0f-4527-a9d4-d94f09f3c93a,,1,1534602,0,1534602,2026-06-18 23:55:42.102791+00
8282efa9-2fb5-4d0a-b20a-cea4ece49145,704ff85a-8ac0-4a8e-8d6d-45ea151ac1e2,54a53ecb-2a77-4dc8-b9c2-54557825349e,2026-01-17,be6aebf8-8a0f-4527-a9d4-d94f09f3c93a,,1,1415143,0,1415143,2026-06-18 23:55:42.102791+00
f68adc1d-a656-4eb2-bb73-309bce6d1614,9678749a-dc36-409e-8b2c-6f57885bf654,5d3518e1-59c2-4494-a1f8-9eca2a189589,2026-01-07,be6aebf8-8a0f-4527-a9d4-d94f09f3c93a,,1,1123082,0,1123082,2026-06-18 23:55:42.102791+00
ecd230ec-7b8c-4905-a0ef-5cc27da09f7a,2111c703-3dd3-4489-a2e5-44fb1c17320d,25fa88aa-9fd7-469f-af3b-d17ae466843f,2025-12-30,be6aebf8-8a0f-4527-a9d4-d94f09f3c93a,,1,1184804,0,1184804,2026-06-18 23:55:42.102791+00
432d34d9-c188-46ac-af11-b554c49b1125,4b0fb696-5927-456f-a926-b4a62da2bb30,18b07694-5bce-4a46-92bd-d187551bd8b0,2025-12-26,be6aebf8-8a0f-4527-a9d4-d94f09f3c93a,,1,729774,0,729774,2026-06-18 23:55:42.102791+00
a2e117d6-b555-4ae1-97fb-50e215552ce2,812cc1e3-3514-401f-aa50-45a85f9d1c82,a3501b49-328e-4d2b-923c-d4348e1c5520,2026-01-06,be6aebf8-8a0f-4527-a9d4-d94f09f3c93a,,1,1290822,0,1290822,2026-06-18 23:55:42.102791+00
e7804285-76fe-4b27-9e46-9c03d43a80aa,606113bf-b61e-44c4-b227-be97c9bc6087,af123760-7f5b-4934-8339-3ae68c21faf8,2025-12-17,be6aebf8-8a0f-4527-a9d4-d94f09f3c93a,,1,1298780,0,1298780,2026-06-18 23:55:42.102791+00
571ffc07-3a3c-42ff-bd76-21e502263955,3e12f049-22a9-4510-b199-5569a3d7a983,a1de0476-c4a4-4c9c-b744-61c95b047fa6,2025-12-13,be6aebf8-8a0f-4527-a9d4-d94f09f3c93a,,1,1232172,0,1232172,2026-06-18 23:55:42.102791+00
a489dd9d-0b0a-45d0-9bd6-c02bf9b07e08,86854e39-a170-4177-9bd0-59742c71bcd0,353035ec-48ea-485a-ae64-cac0637653a7,2025-12-09,be6aebf8-8a0f-4527-a9d4-d94f09f3c93a,,1,1106881,0,1106881,2026-06-18 23:55:42.102791+00
a215fdc3-50dc-4cae-bac0-a6201e2e9dcc,046e4df5-32a9-49aa-b079-4e5972be773d,a3ef8943-6f82-45d9-be3d-73f602fd3ba0,2025-12-10,be6aebf8-8a0f-4527-a9d4-d94f09f3c93a,,1,1150872,0,1150872,2026-06-18 23:55:42.102791+00
4f434558-1b42-4b71-8f3d-74ad8a30d654,187cb41b-2623-4c98-adf0-a1a7f0f6ce42,977a9631-f7f7-4360-90da-64c9a6bdbbf4,2025-12-12,be6aebf8-8a0f-4527-a9d4-d94f09f3c93a,,1,1213855,0,1213855,2026-06-18 23:55:42.102791+00
3a9d5ef8-f348-4520-b543-4316ea2facb2,fedf6795-235c-40f1-bac5-90749e0a593c,a47af2ef-ed86-4568-895b-846889da6f13,2025-12-15,be6aebf8-8a0f-4527-a9d4-d94f09f3c93a,,1,1284811,0,1284811,2026-06-18 23:55:42.102791+00
c4f798c1-838f-4d95-b4cc-95219e174025,ffb2d03e-d68a-4a39-a77e-b46c3bbca7e8,2e71d971-00c6-4d9f-877c-e600142225dc,2025-11-25,be6aebf8-8a0f-4527-a9d4-d94f09f3c93a,,1,1175059,0,1175059,2026-06-18 23:55:42.102791+00
425f2e61-22f3-4efe-a60e-4a153fbd1fc2,3ae861e7-82dc-4848-90c8-9ed39c9c700b,1f8b9cb1-f14f-4b33-b45c-ef86dc2a3891,2025-12-01,be6aebf8-8a0f-4527-a9d4-d94f09f3c93a,,1,1410875,0,1410875,2026-06-18 23:55:42.102791+00
204dba70-867b-436c-82e3-5057ae0462ec,de65c597-f8af-4fe8-b124-2b768626b062,a589758e-f562-4a46-a3df-e7a6da8c2172,2025-12-04,be6aebf8-8a0f-4527-a9d4-d94f09f3c93a,,1,1138521,0,1138521,2026-06-18 23:55:42.102791+00
bcdbd09f-1dea-4a42-b5eb-571e5d26cef8,99021a4f-b491-4f56-8229-7ba2feef0ea0,5cbb9c56-8dd9-4339-b98f-237c6941c25c,2025-11-25,be6aebf8-8a0f-4527-a9d4-d94f09f3c93a,,1,1151534,0,1151534,2026-06-18 23:55:42.102791+00
6033d6ed-61f8-4f81-9805-f3ec668e99bc,48ff7835-d1f1-4ad9-923e-c0de7d323ec2,dc6f52a8-cb83-47f3-9db5-4ffb5d385512,2025-11-19,be6aebf8-8a0f-4527-a9d4-d94f09f3c93a,,1,1259359,0,1259359,2026-06-18 23:55:42.102791+00
4a53687f-e8fd-45be-825a-c7d1d620e828,e7270fec-95da-42f3-a333-3a86cadb0415,14a90469-83a6-4368-bae9-d44d21b7760c,2025-11-15,be6aebf8-8a0f-4527-a9d4-d94f09f3c93a,,1,1177953,0,1177953,2026-06-18 23:55:42.102791+00
565be445-b6d9-457c-a492-1a3df1744584,5ac21e58-65f7-4feb-a034-1c3bd8daee88,47736301-82f7-4153-9cce-832b19b7ca28,2025-11-07,be6aebf8-8a0f-4527-a9d4-d94f09f3c93a,,1,1138525,0,1138525,2026-06-18 23:55:42.102791+00
1ce1f4a7-204c-44d4-bffb-d0cf33a64f81,d1625754-e8e5-43fb-a86c-0d8271afd95d,33064a95-b8c5-4a10-996d-7fe80c061cfb,2025-11-03,be6aebf8-8a0f-4527-a9d4-d94f09f3c93a,,1,1393695,0,1393695,2026-06-18 23:55:42.102791+00
aa03dd0b-60f3-43f9-bdcc-74d0095f045b,33cfee3f-c1c7-4563-b7b7-8bf914012b1b,8d8ed6ef-3d10-419f-8be5-5c92cf40849b,2025-10-30,be6aebf8-8a0f-4527-a9d4-d94f09f3c93a,,1,429137,0,429137,2026-06-18 23:55:42.102791+00
e9f8a37e-5d87-4796-8a80-aacaf81d2333,e809b086-5e84-464b-9c6d-101df3b3ab90,cea0aaa7-e620-42ba-804e-c05a5eb041d8,2025-10-24,be6aebf8-8a0f-4527-a9d4-d94f09f3c93a,,1,1202755,0,1202755,2026-06-18 23:55:42.102791+00
81fdb650-a54e-4add-a0f6-2da1577f3a34,b5609140-e531-4614-96e5-a8bf15868aea,828c3762-84d3-451c-ba9b-eca39f7a277b,2025-10-17,be6aebf8-8a0f-4527-a9d4-d94f09f3c93a,,1,1164908,0,1164908,2026-06-18 23:55:42.102791+00
0143b86b-da2b-4098-91f0-c8daf1dbaa06,abaac6f5-b6a3-472e-ba83-ce6fa83de583,aebcc083-024d-471f-90b2-7d6c9823b1de,2025-10-16,be6aebf8-8a0f-4527-a9d4-d94f09f3c93a,,1,1378535,0,1378535,2026-06-18 23:55:42.102791+00
ff86103f-dd20-4f8d-9078-4e5335424f7b,fdd68948-10a3-4b3d-a7a3-5956a1442111,593d9b92-75fa-4354-bd95-b60e8c269d7c,2025-09-15,be6aebf8-8a0f-4527-a9d4-d94f09f3c93a,,1,981418,0,981418,2026-06-18 23:55:42.102791+00
9c0b6729-b644-4d35-8160-420aa0450000,85ced5c2-4021-458e-b4ae-79f20261cac8,0362aa37-b982-4811-9fab-65f5e0eed0b5,2025-09-09,be6aebf8-8a0f-4527-a9d4-d94f09f3c93a,,1,1806294,0,1806294,2026-06-18 23:55:42.102791+00
f003641f-4b54-4cd8-addc-af3af232d898,5ba9532a-cfc3-4fd6-8c18-7fbbfb041339,076490ca-3e0e-4195-8f72-69fb6171868e,2025-04-12,be6aebf8-8a0f-4527-a9d4-d94f09f3c93a,,1,2308589,0,2308589,2026-06-18 23:55:42.102791+00
277f1ded-ed22-428a-8608-45e6774184c1,2772d91c-2bd5-4407-9687-63c6373dadf6,a58405de-cd8b-4fe9-b9bc-b3102a3c72fe,2024-10-16,560f9f43-acf1-4ace-98cb-5d97a1ab863d,,1,2689270,0,2689270,2026-06-18 23:55:42.102791+00
c862c49e-d095-4198-ac12-9ca103cc2f25,79da8ffd-cddb-4fcc-aef9-ab54c1cfd9da,2ddcbe58-8dd3-4322-8f7d-69332543c4b7,2025-05-27,41c93e07-6260-435c-b263-8df47880b5b6,,1,1445757,0,1445757,2026-06-18 23:55:42.102791+00
4d58795e-9d19-431b-bff8-d93416c99f87,7ec0be56-df4b-46fd-9542-ec636423e33d,69942003-dbd6-4c58-9b3d-001a59645daf,2024-10-28,47383bf1-5796-4504-8372-bfb69d388c1d,,1,2510,0,2510,2026-06-18 23:55:42.102791+00
1043f709-3a3f-4a49-b4ba-2ac95b54d562,b5a392ea-cc60-4998-bc1b-1867f869f096,d0ac394f-99ba-4a99-8a13-c77f4d6f5474,2024-10-16,47383bf1-5796-4504-8372-bfb69d388c1d,,1,3670,0,3670,2026-06-18 23:55:42.102791+00
45a244a4-0db6-4d27-b4e0-ccac6efb8094,59811c39-4d01-486f-a66a-a26f93709e5b,9a563fef-2a23-4b55-8984-f9e3dc9d6e7e,2024-10-11,47383bf1-5796-4504-8372-bfb69d388c1d,,1,8328,0,8328,2026-06-18 23:55:42.102791+00
d5fa4833-508e-41de-b85e-69fde415bc33,69a49eae-f4ba-4edd-b050-541e32e7cf52,a12d2d92-110e-4a4e-8047-0a7a958f9064,2024-09-23,47383bf1-5796-4504-8372-bfb69d388c1d,,1,3430,0,3430,2026-06-18 23:55:42.102791+00
72e09ba6-3426-4061-87e6-3eef0dd699ee,22b2ecee-af05-4b94-aec6-6f07518d163c,f120cce6-8c21-49c0-9fd4-d0edbefb5c79,2024-09-15,47383bf1-5796-4504-8372-bfb69d388c1d,,1,3910,0,3910,2026-06-18 23:55:42.102791+00
7d0634df-af4a-40ff-9893-7b2b687fec41,55f52682-c560-4f98-8e43-3c2642bd2f26,ec57b81b-1e61-49f8-847c-898714cbb544,2025-01-01,8dc8a425-1301-4f6d-8a6c-ccca858606d3,,1,2728620,0,2728620,2026-06-18 23:55:42.102791+00
24c5786a-a77d-4d27-abd1-a763354a364d,830706c2-91ba-4a39-b887-6ea8dd618eaf,18a0c491-2b92-4e5e-b2e2-a08137b0535a,2024-06-13,8dc8a425-1301-4f6d-8a6c-ccca858606d3,,1,5042040,0,5042040,2026-06-18 23:55:42.102791+00
380ebab5-2f26-4634-80ff-160017858794,e38f1f96-9a66-4b45-98ec-012aa9df3d16,4a07d67b-6479-4117-a62f-ac72350086c6,2024-12-18,96bdd17d-e2c7-4081-b5f4-cc9826bb78f4,,1,2318037,0,2318037,2026-06-18 23:55:42.102791+00
bb0bc530-b113-44ce-8d98-4e03e667514a,a25264c3-377f-478d-b82f-9f91704fb66d,41f0bb32-9f0f-4c0a-b1a8-88c2b1f09c18,2024-12-04,96bdd17d-e2c7-4081-b5f4-cc9826bb78f4,,1,4140780,0,4140780,2026-06-18 23:55:42.102791+00
d1b12989-5615-41fc-871c-e31153de148b,b1a615c3-68dc-4884-8ecc-a8f2e9400456,321e17c1-e1c0-4c90-8ae6-9bf3849057ed,2024-11-18,96bdd17d-e2c7-4081-b5f4-cc9826bb78f4,,1,3129015,0,3129015,2026-06-18 23:55:42.102791+00
020574c2-d6e3-41f9-839c-9310f3dc6424,318b4f47-7441-4555-8e68-ea31151d8757,40a5c9d7-3da9-4375-b38a-ce7c652ee094,2024-09-02,96bdd17d-e2c7-4081-b5f4-cc9826bb78f4,,1,2372857,0,2372857,2026-06-18 23:55:42.102791+00
9edfd5f9-b220-4528-8dc2-74a4bc728ded,1ddc2db1-c465-4125-9b7b-691dbbebb172,f247044b-daf3-497c-88a6-8503d56ac3f4,2024-05-16,96bdd17d-e2c7-4081-b5f4-cc9826bb78f4,,1,3536033,0,3536033,2026-06-18 23:55:42.102791+00
15fe1371-0cb9-414e-97e1-2c1cff5f1d60,8d0d8ef3-f531-4c2c-be0a-4e74d88b4d58,b090a5e8-42e2-46cc-a1e7-4a8972cfce71,2024-05-10,96bdd17d-e2c7-4081-b5f4-cc9826bb78f4,,1,5228904,0,5228904,2026-06-18 23:55:42.102791+00
c55f10ca-31d3-4ec9-8fc5-e39b0feb2ac3,c1b26099-3953-4a71-92cb-8c6c60ac65c0,573cd55f-268d-43cd-8aa8-2f61243712ce,2024-04-17,96bdd17d-e2c7-4081-b5f4-cc9826bb78f4,,1,3443670,0,3443670,2026-06-18 23:55:42.102791+00
d00201ec-53f5-47ab-8fe4-97d92502b2a6,2b77619b-4f5c-4fe1-9305-a14fbe8d58a6,d349e494-e69f-4e54-9a8d-e06c4b8dbc20,2025-01-01,c669ed01-9c99-4675-af62-676cf54a7861,,1,3208,0,3208,2026-06-18 23:55:42.102791+00
cde12313-54a2-4e7e-bd6b-bbffb39456cd,09c52fd6-982f-4369-833d-5952cb544f3b,3894b67f-fa31-4694-b273-f46f028588f6,2025-03-20,47add3de-de07-4632-97da-dd9f7292451c,,1,2664423,0,2664423,2026-06-18 23:55:42.102791+00
f0b1a4e2-84d1-4329-8615-48120df68368,6807bfeb-fe4a-43c0-8a50-5124c20627ab,c9f3ba9a-0ada-4707-8cda-d1f41e4191be,2025-02-12,47add3de-de07-4632-97da-dd9f7292451c,,1,2635134,0,2635134,2026-06-18 23:55:42.102791+00
d6eaac43-16d8-4022-aac8-2c20ca7a9d87,6cab200a-3308-4c16-8f36-3b9419baef41,4566e678-7951-4c74-9747-178f3d7ad85f,2025-05-21,4d10eaca-bd8d-4528-9267-3ef9f1da5e37,,1,118187,0,118187,2026-06-18 23:55:42.102791+00
802deee8-eae0-4080-a3d9-b36944ec5e75,235df9b8-a59e-4c53-8ac8-703f257e22c8,29c4f624-e941-45ed-ab57-ef1703cee127,2024-07-04,edec10be-a0bc-4240-a6de-ed91dc2b3a10,,1,1795365,0,1795365,2026-06-18 23:55:42.102791+00
fa85f36d-1700-4ad8-a979-0f69d2541f5d,e7ca490f-8323-44bb-ad9d-f364f144ac36,0170f982-9104-421e-bba8-2e489376ef5c,2024-07-16,42e4e0a2-1032-469e-80f7-dfec5d41b575,,1,1543634,0,1543634,2026-06-18 23:55:42.102791+00
2433add2-1c54-493a-9916-bfe6463ebbff,dbb95ed3-4709-4231-b870-ee41be5cd6eb,25ce21b0-59c6-4488-af4f-d86c5bd5716d,2024-06-14,48ce9043-3eb8-4cbf-bd03-c7f9f09eaf16,,1,2282800,0,2282800,2026-06-18 23:55:42.102791+00
fdedd63f-eb1e-43c9-85f9-d7100a24809a,d4c5a93a-b3e0-4779-b7b4-d48d2fa67ff4,a1dded18-1cc5-4518-8f73-bf91383bea05,2025-11-13,be6aebf8-8a0f-4527-a9d4-d94f09f3c93a,,1,1144625,0,1144625,2026-06-18 23:55:42.102791+00
efa5e776-f637-4e35-b264-d3bb36c078ef,7dbf75ef-ada1-487a-a1a4-7986e533c441,a8cea836-fcdd-4e15-8006-a8c910bbd7a7,2025-11-06,be6aebf8-8a0f-4527-a9d4-d94f09f3c93a,,1,1115404,0,1115404,2026-06-18 23:55:42.102791+00
f9857017-d041-4539-9dce-508eac0d1ffe,b3168c42-f93a-4d9c-beeb-5f0bb402a2e3,3f6f1a0a-2e99-4896-942a-1e251e1404a6,2025-10-31,be6aebf8-8a0f-4527-a9d4-d94f09f3c93a,,1,1172181,0,1172181,2026-06-18 23:55:42.102791+00
4a93dbf5-99a5-4a27-b7c6-0f89489a66b1,85eb4b48-dab6-4dc6-94dd-dae05d2bd825,4ff30232-037f-4b20-9eff-f50f2e83389a,2025-10-28,be6aebf8-8a0f-4527-a9d4-d94f09f3c93a,,1,1122490,0,1122490,2026-06-18 23:55:42.102791+00
c5746fd9-20f1-4035-a0da-5e8061d843fc,9d87036d-5a36-4f2d-b945-676b20dd807d,d835e0a0-2c8c-42ee-966f-548977cb4cf7,2025-10-24,be6aebf8-8a0f-4527-a9d4-d94f09f3c93a,,1,1155583,0,1155583,2026-06-18 23:55:42.102791+00
40e29a79-7d3d-48d7-aa69-836a70955a85,10add6bf-d9e4-4ce7-a5b0-2be431b6fa2c,94b56d03-e876-4d07-918c-100cf464f9b0,2025-10-20,be6aebf8-8a0f-4527-a9d4-d94f09f3c93a,,1,1045843,0,1045843,2026-06-18 23:55:42.102791+00
5a80fec5-d497-4edc-b418-1d1bef891f08,2f4e87a0-fbd0-4ebb-aae6-b29d688077ad,75c92f35-04d3-4e4f-9ee2-65b3a770caf0,2025-10-14,be6aebf8-8a0f-4527-a9d4-d94f09f3c93a,,1,1007430,0,1007430,2026-06-18 23:55:42.102791+00
5ffbf0a8-efa8-4d6e-a82b-53ce14a18369,baf35c4e-4de0-471c-b5f5-7bfafac276f8,87c0bfb8-452d-43f6-9575-86845f4ce612,2025-09-13,be6aebf8-8a0f-4527-a9d4-d94f09f3c93a,,1,1035348,0,1035348,2026-06-18 23:55:42.102791+00
ca97b4de-12c3-409e-b215-2be7e21bee46,5b1ba66e-b4fd-4ccd-9616-ec9ecd6cde6e,85992da4-3c42-47df-8f67-17234b982e0a,2025-08-21,be6aebf8-8a0f-4527-a9d4-d94f09f3c93a,,1,576820,0,576820,2026-06-18 23:55:42.102791+00
ba1e2226-3af5-433d-9c24-e6484688daaa,f703ea4b-2a86-4985-9aab-17e190c13d21,738c24e2-667c-41f3-9022-5824c0019403,2025-03-18,be6aebf8-8a0f-4527-a9d4-d94f09f3c93a,,1,929337,0,929337,2026-06-18 23:55:42.102791+00
27935dd4-9e8c-47cf-85fb-eeb2e635ccd7,9cc54bc0-bb5c-404b-a58f-2672c4ea4341,7542e94c-13d9-4ec6-8024-35c2bbb4ee12,2025-07-15,41c93e07-6260-435c-b263-8df47880b5b6,,1,1412805,0,1412805,2026-06-18 23:55:42.102791+00
ff63bc19-9ffc-4382-9ca1-378db65a1909,fb9b8ae1-3488-4c64-b700-87fccf8c3d51,b943fb6e-d356-48ab-a872-06340691c847,2025-08-27,e2bb9749-0ff0-42cb-82a6-5010fa7b6d5e,,1,2596557,0,2596557,2026-06-18 23:55:42.102791+00
cf98a788-4881-48ff-956d-a0d0dbede2ac,5665ad2a-dc12-46f4-8bf1-0a457510bd62,9f9c0ea8-c5fb-462c-baa1-dbeb52553b1d,2024-10-25,47383bf1-5796-4504-8372-bfb69d388c1d,,1,3500,0,3500,2026-06-18 23:55:42.102791+00
44a09ed8-84fa-411c-9a33-db86a3d53982,a2ee4485-7ace-49be-acd7-3cf1fdb1d1d9,82f041fd-a694-4bf4-bf13-57011bf55064,2024-10-17,47383bf1-5796-4504-8372-bfb69d388c1d,,1,3650,0,3650,2026-06-18 23:55:42.102791+00
8a227e6c-84cd-4635-b1ec-dc3eb6ea6983,50dfd395-9d8d-4a4a-b276-4762a8042286,0da9c16f-ed0d-45eb-9ea8-e752f6f1fd71,2024-10-10,47383bf1-5796-4504-8372-bfb69d388c1d,,1,3640,0,3640,2026-06-18 23:55:42.102791+00
62b34132-0489-4e6c-8395-33334e190bb4,3933a5a2-bc6b-4f7f-af06-5ee43b22ff2c,3e74299e-11f1-4a4c-b2aa-31677ed18639,2024-09-24,47383bf1-5796-4504-8372-bfb69d388c1d,,1,3720,0,3720,2026-06-18 23:55:42.102791+00
07a249c8-0831-4708-86a1-8754da1fa0c1,0cdeaaaf-40db-4b54-a88c-8e9e41fd52f5,af48d6d3-22c8-4cfa-9809-67d22a6bb5c7,2024-09-11,47383bf1-5796-4504-8372-bfb69d388c1d,,1,3530,0,3530,2026-06-18 23:55:42.102791+00
194efc35-dbd3-4468-af7e-e9dde856b193,01e69bbc-7959-4ae8-ae7a-3e22c797a22a,330b49af-732d-4d6c-bb14-935a369b2cee,2024-06-02,9e73bcf7-73f5-4be4-9aae-ddf01a991972,,1,559980,0,559980,2026-06-18 23:55:42.102791+00
4d592fb5-1c8d-497a-bc3c-866633428867,47649f3f-8657-4c04-9fa8-c6c2e5c87669,1056b374-ac6b-4fc0-bdb6-e735029403d1,2026-01-15,96bdd17d-e2c7-4081-b5f4-cc9826bb78f4,,1,1375779,0,1375779,2026-06-18 23:55:42.102791+00
69c407c1-6ce4-4db3-a853-4ba1d3f909c3,3172fbdd-4c29-4fb9-a376-10fbffafe876,35fedbe1-d2ed-48ec-a0e6-58b2e07fd43c,2024-12-07,96bdd17d-e2c7-4081-b5f4-cc9826bb78f4,,1,3910962,0,3910962,2026-06-18 23:55:42.102791+00
c2eb4923-f5d5-4222-874c-8b8658af40dd,abecefab-b262-48fa-a5e1-ef1553215ca8,ab2de0e7-7d0e-4022-858b-c3798c865a38,2024-12-06,96bdd17d-e2c7-4081-b5f4-cc9826bb78f4,,1,4342420,0,4342420,2026-06-18 23:55:42.102791+00
4bd21574-09e8-459b-add7-25d8c206105a,d2b850e0-c479-4e10-aad9-1b7a81b3537b,e85610ef-66af-476e-94a9-b53e8d2ba9aa,2024-11-20,96bdd17d-e2c7-4081-b5f4-cc9826bb78f4,,1,2574024,0,2574024,2026-06-18 23:55:42.102791+00
c3dc2751-0ce2-45d6-ad63-4bf338fb0eb9,d4e6ccde-557d-46a5-b135-fc0f74c77dec,3c119ebf-35bc-4e27-999f-856dd6368651,2024-07-10,96bdd17d-e2c7-4081-b5f4-cc9826bb78f4,,1,2715776,0,2715776,2026-06-18 23:55:42.102791+00
b10abaa2-65e9-4db1-9f2d-631ecb20e610,809de2df-d917-4dce-b5bf-a0200291fc74,4a533e53-194a-49e0-86b7-b4b3e6cd5637,2024-05-15,96bdd17d-e2c7-4081-b5f4-cc9826bb78f4,,1,4876605,0,4876605,2026-06-18 23:55:42.102791+00
4bf9e325-828f-4977-902f-cf5c91fc4271,fbb74dcd-29bc-48ed-b41b-793a778524c5,cbe5c1dd-5faf-42d5-99b9-0d84bc8bd630,2024-05-08,96bdd17d-e2c7-4081-b5f4-cc9826bb78f4,,1,2976758,0,2976758,2026-06-18 23:55:42.102791+00
c32f68ca-7b09-4a73-ae45-b8600d1db283,e489bacb-5145-452f-955a-5c884646e550,d74af5d9-69cc-48b1-8343-d5243a5b9a13,2025-08-25,a7c10a2d-24cd-4acc-85bf-9b31bbd3ebb0,,1,1021004,0,1021004,2026-06-18 23:55:42.102791+00
ca111b88-7b35-4d37-a23d-ba5a6e0ca436,167c594d-3fe6-4359-9c3f-dc59eb806ea1,0c4c14c1-5371-4d06-9f69-6c2938a93468,2025-05-12,a7c10a2d-24cd-4acc-85bf-9b31bbd3ebb0,,1,1192415,0,1192415,2026-06-18 23:55:42.102791+00
b07badc4-4ab2-44ff-a1e4-636421e5c4a2,8e01c428-753b-4d54-a79b-240cc93dcb87,aecd960c-e54d-44a5-8408-3bc250e9ac8c,2025-03-12,47add3de-de07-4632-97da-dd9f7292451c,,1,2844125,0,2844125,2026-06-18 23:55:42.102791+00
8981db48-db80-4ea8-bd51-ecd9f430cd71,08b0ab09-15b2-4d5d-90fe-30d78fbc12e8,7600561d-0c55-4d51-a259-f974deb5f44c,2025-01-20,47add3de-de07-4632-97da-dd9f7292451c,,1,2259408,0,2259408,2026-06-18 23:55:42.102791+00
65c50eaf-d0dd-4fdc-9dbe-6364a0b652eb,29e3ea13-f2f6-4ca2-afbf-5ee52f2edb48,5a657cd5-ab41-45ba-a602-a8e755e1a5e7,2024-12-05,47add3de-de07-4632-97da-dd9f7292451c,,1,2872905,0,2872905,2026-06-18 23:55:42.102791+00
fad8a330-5cf2-4d49-acec-9e4b82afc0d8,8b285693-e78c-42fd-8058-f510ec891201,e1b288f8-9927-4306-9262-5c2e7dda1012,2024-06-12,edec10be-a0bc-4240-a6de-ed91dc2b3a10,,1,1421509,0,1421509,2026-06-18 23:55:42.102791+00
1a5dac7c-c183-4f82-b1b6-4cd25a5ffebf,20cd8377-28d6-461e-82cc-ec07119ec375,ab53d1a1-7410-4ddb-973d-17ae29bc2d21,2024-07-06,42e4e0a2-1032-469e-80f7-dfec5d41b575,,1,763114,0,763114,2026-06-18 23:55:42.102791+00
738d4a82-8fa3-4da2-8032-c82032a666f7,008b0ed3-9a77-4f31-956e-792c74878819,78589240-5c43-44e1-aeb1-599bd515ddfe,2026-04-17,be6aebf8-8a0f-4527-a9d4-d94f09f3c93a,,250,0,0,0,2026-06-18 23:55:42.102791+00
8bf72238-deca-46e6-8e16-1549ad35ad64,b8215eb8-12d4-4a1e-bfe3-fd26be2fc0dd,27b38e72-4dc0-4bbe-a894-669fc5bfde6e,2024-05-30,48ce9043-3eb8-4cbf-bd03-c7f9f09eaf16,,1,2102492,0,2102492,2026-06-18 23:55:42.102791+00
c6344a94-0482-4e56-bb3e-5beaca4dca99,1bd3cd9c-fe54-4212-9c34-ec53879e371c,9bdffe78-f8e6-4e22-9154-5bb0ffe3e72e,2025-11-12,be6aebf8-8a0f-4527-a9d4-d94f09f3c93a,,1,1092810,0,1092810,2026-06-18 23:55:42.102791+00
ef23b482-5bb4-4316-8211-802ddf6dc2e6,e27a29b0-979b-45b2-b9dd-d3199ab808de,1c9ef4e5-4cfa-427c-b16e-993714951745,2025-11-06,be6aebf8-8a0f-4527-a9d4-d94f09f3c93a,,1,1192039,0,1192039,2026-06-18 23:55:42.102791+00
07a8f339-915f-4d9f-898f-9a674907f7e3,169618b4-a1da-4b73-bfde-998f8e79a478,151a67a5-ea36-4d89-acfc-e9090783b351,2025-11-05,be6aebf8-8a0f-4527-a9d4-d94f09f3c93a,,1,1115404,0,1115404,2026-06-18 23:55:42.102791+00
b564eea3-bd46-4518-b770-93900741962c,5d190202-5c78-4e64-8ddd-c21860445a80,0deae439-c99d-4235-b403-5d4215fec252,2025-10-28,be6aebf8-8a0f-4527-a9d4-d94f09f3c93a,,1,1182529,0,1182529,2026-06-18 23:55:42.102791+00
c49479b5-e80d-4fd4-8606-64983bb212c5,0ab10970-6c2f-4b9e-a571-341a923a1d53,8c3aa3dd-edb2-44a1-b71a-db9f76c0961b,2025-10-20,be6aebf8-8a0f-4527-a9d4-d94f09f3c93a,,1,1145980,0,1145980,2026-06-18 23:55:42.102791+00
83c03b80-3e17-45b2-89bc-321a80f31907,91f9a29c-e0af-47b0-9956-24c86f507b43,3fcc43c8-c6e4-479a-b6a8-1befacb067e6,2025-10-17,be6aebf8-8a0f-4527-a9d4-d94f09f3c93a,,1,1137589,0,1137589,2026-06-18 23:55:42.102791+00
6254b4f3-078e-4967-90d5-8c77cd3082ba,8651ba90-1ec9-46ba-a728-a42516ce227c,6a5d3a77-61be-4b4f-bfec-e2fdd81b2331,2025-10-14,be6aebf8-8a0f-4527-a9d4-d94f09f3c93a,,1,1067009,0,1067009,2026-06-18 23:55:42.102791+00
d6032384-bc69-474a-8ff2-6f4f2af43ef8,dce8a73c-6109-4ab4-98d8-5bde0578dba4,ee49d729-8ee2-49ad-8dec-b4c5fe219f7e,2025-09-15,be6aebf8-8a0f-4527-a9d4-d94f09f3c93a,,1,982227,0,982227,2026-06-18 23:55:42.102791+00
7f2cf69f-963d-4ec4-8256-593109c3d456,7b9c4461-9fa7-410d-8976-11cb026806c3,e1b3b169-faa6-4cc0-b3c4-455b4659ed3f,2025-09-09,be6aebf8-8a0f-4527-a9d4-d94f09f3c93a,,1,1036857,0,1036857,2026-06-18 23:55:42.102791+00
d62d9fde-2f56-4537-ba0e-27797211ee09,bc408e37-c78c-42f0-b6cf-7a1e969d3120,6a57de47-08c3-4f6f-a986-365e83b66581,2025-04-12,be6aebf8-8a0f-4527-a9d4-d94f09f3c93a,,1,2197179,0,2197179,2026-06-18 23:55:42.102791+00
a306a7f1-3875-4e5d-8dcc-86c0671e86b7,0ba8dcb1-c812-46eb-ae34-4fd5f1dd593f,ad562b38-0a41-4b8a-9d44-7dae9e5b0da1,2025-07-23,41c93e07-6260-435c-b263-8df47880b5b6,,1,1391811,0,1391811,2026-06-18 23:55:42.102791+00
58d710a9-ebe4-47e3-90b8-41e923e23f46,9298c392-cce9-45e3-8c9b-b55f61b3210a,d0fffe53-93c9-47bd-8d81-cbc182dd902a,2025-04-21,41c93e07-6260-435c-b263-8df47880b5b6,,1,1396465,0,1396465,2026-06-18 23:55:42.102791+00
e632fbc5-758e-4c8e-a1c6-481408a5cb9e,1cf70ec5-ad24-4cb6-b450-30d036c17ed2,ac908c6a-1b4a-46f9-9c93-296216b8af0e,2024-11-18,47383bf1-5796-4504-8372-bfb69d388c1d,,1,3500,0,3500,2026-06-18 23:55:42.102791+00
7ad22ab3-053b-469c-826e-8a1f62f1e1bc,79c0b970-2fef-4bf3-a621-7ae7f9484599,2ba42f62-a9f6-42fc-9f70-e1e7ebbcf061,2024-10-16,47383bf1-5796-4504-8372-bfb69d388c1d,,1,3560,0,3560,2026-06-18 23:55:42.102791+00
78a06ea3-4f26-4879-92c3-2787aee1893c,e942ff81-0e3c-4c5b-bbee-60cea3c3ae37,239a3824-a875-4990-b85d-31bbde0adc0e,2024-10-07,47383bf1-5796-4504-8372-bfb69d388c1d,,1,3300,0,3300,2026-06-18 23:55:42.102791+00
811cd0ef-a2ba-4975-a10d-0dedd3b7f2d9,9c06605f-ed37-4b62-a309-2b3c19ffea5c,ae15d7e9-7ee0-4dce-b0e4-9c9ca02cfb56,2024-09-27,47383bf1-5796-4504-8372-bfb69d388c1d,,1,3190,0,3190,2026-06-18 23:55:42.102791+00
783fdc62-74e1-4897-8c68-ffde8c0376a9,5ee5e48a-190a-4295-bee7-198f88072635,ba8c948a-4727-4c86-ab40-8173158c5948,2024-09-10,47383bf1-5796-4504-8372-bfb69d388c1d,,1,3610,0,3610,2026-06-18 23:55:42.102791+00
42292f43-ef08-454e-a381-a58c3dbad248,631212aa-7d44-4e29-b5c8-e4b942d2231f,48ad75d8-4237-432c-a713-74725f728fb2,2025-02-09,8dc8a425-1301-4f6d-8a6c-ccca858606d3,,1,2573730,0,2573730,2026-06-18 23:55:42.102791+00
254377f0-a5eb-4dbd-b525-91d21073b223,c9b75ba3-c674-4d37-a872-641b1660be1d,98e4e648-8a44-4a26-9a7f-fa36813e28b0,2025-08-12,96bdd17d-e2c7-4081-b5f4-cc9826bb78f4,,1,2298281,0,2298281,2026-06-18 23:55:42.102791+00
95a25ac9-870f-423a-a1db-daa999c5ca42,0c086321-0881-43cd-8584-43916a45134e,2727fe48-0082-4859-a3de-8fc10f5357b1,2024-12-06,96bdd17d-e2c7-4081-b5f4-cc9826bb78f4,,1,4045919,0,4045919,2026-06-18 23:55:42.102791+00
4b00e292-8678-4980-9aad-113d079fe2e6,ab1fcee7-15bb-4232-bcb2-7186b8a392df,e3a7cdf8-9954-4049-aa07-3507e656c833,2024-11-27,96bdd17d-e2c7-4081-b5f4-cc9826bb78f4,,1,2537022,0,2537022,2026-06-18 23:55:42.102791+00
dfcc5b71-ccc1-46dc-86ee-657533336e9c,42bc2474-0880-4b18-b4d7-1cbe57f3d583,e236b4a2-faba-4182-930d-8344c90d0d57,2024-11-12,96bdd17d-e2c7-4081-b5f4-cc9826bb78f4,,1,3024633,0,3024633,2026-06-18 23:55:42.102791+00
408a0515-4585-4694-9262-b05a79875d0e,8aa3f062-367b-408c-9978-7fb47d503285,3d4a2fcf-6140-40c9-80d4-9da9b1be74a2,2024-08-20,96bdd17d-e2c7-4081-b5f4-cc9826bb78f4,,1,2643115,0,2643115,2026-06-18 23:55:42.102791+00
0b81b223-fe1a-4934-8208-1314b469174e,85218ff5-0669-481c-9c0d-2df1b03ec9c9,71af7ec2-0b91-43ec-9192-81a812087d9c,2024-05-25,96bdd17d-e2c7-4081-b5f4-cc9826bb78f4,,1,2606332,0,2606332,2026-06-18 23:55:42.102791+00
7ef87e78-107a-47c8-babd-82454c9847b2,ee9e5557-4e4d-4d0f-8d8c-3997b7378714,6fe6ed32-f5e1-4861-bf8f-86cdd404c3c3,2024-05-06,96bdd17d-e2c7-4081-b5f4-cc9826bb78f4,,1,2595774,0,2595774,2026-06-18 23:55:42.102791+00
ee2902a1-4452-4394-9191-b4ec68a7b3b5,8fe8f305-638e-42b9-86a6-52e48814a90d,8d7196b4-1bb8-4428-a8df-0ded3a6e0722,2024-05-06,96bdd17d-e2c7-4081-b5f4-cc9826bb78f4,,1,3251499,0,3251499,2026-06-18 23:55:42.102791+00
c959bf15-0b04-4550-943f-099143f09020,f872b10c-80d8-4c16-b57b-bc9bc4d71761,dfe205f1-b982-492d-8ef2-1c94d1e193cb,2025-01-01,c669ed01-9c99-4675-af62-676cf54a7861,,1,3329,0,3329,2026-06-18 23:55:42.102791+00
87615dc3-fdc4-4b4b-a067-157b9369330d,b8d1d23b-8a64-420f-819b-b1a451fa2ebf,829a801f-a333-4fda-a5a8-2a7b67f19045,2025-03-07,47add3de-de07-4632-97da-dd9f7292451c,,1,2724584,0,2724584,2026-06-18 23:55:42.102791+00
101ba1f3-09c6-4229-8755-670d9b16cbfc,8fbe0e15-2c20-4bc6-b156-faf63ca13e31,9b0e7908-ed81-4f07-92ac-403b19035760,2025-01-11,47add3de-de07-4632-97da-dd9f7292451c,,1,1748302,0,1748302,2026-06-18 23:55:42.102791+00
5478b42d-8e75-4f71-8b08-f19659f67cac,c4244c85-f388-47ad-8ef4-133ad29180de,ad79000d-fb90-49fc-997e-8438c9f13ca9,2024-07-21,edec10be-a0bc-4240-a6de-ed91dc2b3a10,,1,1540560,0,1540560,2026-06-18 23:55:42.102791+00
8d211f4d-9fd3-409b-9f3e-ceb299b50e8a,d9e3893c-4cf1-485e-9b18-bfd042414ecc,c5914730-d6d5-4b65-bf33-3b998b032caa,2024-05-20,edec10be-a0bc-4240-a6de-ed91dc2b3a10,,1,2976110,0,2976110,2026-06-18 23:55:42.102791+00
7f788f88-f5a1-4682-b1fa-a4c689cc5a56,53938724-e18d-4eef-b2db-3171b0e5fc18,38b10a8f-10a3-42cd-868c-684cce717b36,2024-07-23,42e4e0a2-1032-469e-80f7-dfec5d41b575,,1,2727623,0,2727623,2026-06-18 23:55:42.102791+00
13126196-5ab4-4781-a4f7-3664b38ab8b5,99dafd19-0484-4c04-a3dd-7b2f58af53ec,2f110577-525e-4f26-b697-ccbefc2f19a1,2024-09-12,63cee780-c0c6-47a3-bd19-c97ddf586da3,,1,2355484,0,2355484,2026-06-18 23:55:42.102791+00
d5d35e64-d792-4223-a176-89f028828919,de7d400a-627d-4878-af9f-17b798d98604,dce923e1-3bf7-4f00-804a-892867613bde,2025-11-20,be6aebf8-8a0f-4527-a9d4-d94f09f3c93a,,1,1206986,0,1206986,2026-06-18 23:55:42.102791+00
4370cdde-2f61-4050-b68f-05383ce6b1e5,4022ff80-1e4f-4c76-917e-d729610eadd0,568b05eb-67a1-49dd-b16b-d793dfa15578,2025-11-08,be6aebf8-8a0f-4527-a9d4-d94f09f3c93a,,1,1077086,0,1077086,2026-06-18 23:55:42.102791+00
9d7ebfc8-09d1-4edc-9190-515bd187d3bb,eee402b0-8294-42eb-b704-c54c3404dd77,38744dac-6a46-44c8-b06c-621b479807aa,2025-10-31,be6aebf8-8a0f-4527-a9d4-d94f09f3c93a,,1,1079881,0,1079881,2026-06-18 23:55:42.102791+00
48a83ee7-9866-4191-8c2e-afc2fa1f2c07,9f862f56-bb1d-4548-bc43-32323c12685e,4cfd521a-9d4f-465b-8de0-2d381d64ee1e,2025-10-30,be6aebf8-8a0f-4527-a9d4-d94f09f3c93a,,1,1090978,0,1090978,2026-06-18 23:55:42.102791+00
95c45c32-b76a-4dd5-8eb7-3a5e9e113ec5,8bcdccce-243e-4de8-a52d-f2852b5c5a58,ba9a8db7-b67a-423c-ae0f-6fa174f2b443,2025-10-25,be6aebf8-8a0f-4527-a9d4-d94f09f3c93a,,1,1149991,0,1149991,2026-06-18 23:55:42.102791+00
be30c223-aa14-4341-87df-7b312d51d074,331485ff-0672-4555-a9e5-5f6df672d8e2,a5b0ddd7-b421-4ee5-a0e6-28d126affa46,2025-10-20,be6aebf8-8a0f-4527-a9d4-d94f09f3c93a,,1,1356005,0,1356005,2026-06-18 23:55:42.102791+00
95e728eb-e3b4-431e-ab6f-d0581044d822,07ae572b-a633-4be3-8f60-49f79012163b,b78fb474-8c09-4f64-9553-4b983ec0fe6e,2025-10-16,be6aebf8-8a0f-4527-a9d4-d94f09f3c93a,,1,1158380,0,1158380,2026-06-18 23:55:42.102791+00
28f03494-560a-48ea-82dd-83f7ec4f17fb,5077b7bf-4bbc-4d95-a318-8dd3f035139c,16c05804-a3e3-4b66-ba78-1c3dab0cfbaa,2025-10-13,be6aebf8-8a0f-4527-a9d4-d94f09f3c93a,,1,1108689,0,1108689,2026-06-18 23:55:42.102791+00
14322840-61bf-4a48-a0ef-c1abb195cca3,f9c91959-67ae-4e54-894a-741e24cdf3ad,18943abf-6a8d-488e-a16d-4c2b47207d66,2025-08-25,be6aebf8-8a0f-4527-a9d4-d94f09f3c93a,,1,932593,0,932593,2026-06-18 23:55:42.102791+00
b1f87030-f4a5-4ff0-a96d-6b80c27c922f,809461ee-5f10-4015-9aae-f2ce9fc35f4f,82210f33-e2da-4436-9725-812b4774aeb2,2025-01-11,be6aebf8-8a0f-4527-a9d4-d94f09f3c93a,,1,734169,0,734169,2026-06-18 23:55:42.102791+00
87352571-8e5d-4e79-9bbe-9914955ec33d,ca902212-0cbe-4e6f-9d96-26d1f579a2ac,0076c513-25c9-4cb8-893f-d2581ac9800f,2025-01-09,be6aebf8-8a0f-4527-a9d4-d94f09f3c93a,,1,940057,0,940057,2026-06-18 23:55:42.102791+00
83989a42-6b7a-4b58-b90e-cacbd25c2812,2a6f52de-bb76-4b79-a3cc-843e5810ac79,11ca9bc1-bb16-4321-a98c-575480dd3eff,2025-05-28,41c93e07-6260-435c-b263-8df47880b5b6,,1,1412630,0,1412630,2026-06-18 23:55:42.102791+00
a76896fd-3207-415d-a2d4-948fa93065fa,2a9a72eb-656c-443b-8187-199e9c9ebb91,a3937cce-5326-4441-bcb1-d07531ba370f,2024-10-24,47383bf1-5796-4504-8372-bfb69d388c1d,,1,3340,0,3340,2026-06-18 23:55:42.102791+00
3d84f6dc-9b05-4d4d-a616-740458fbcd7b,93575dd1-720b-4b0c-a944-07b2ed03c478,e83c4115-503a-4df9-a0ca-c65d55d052a9,2024-10-24,47383bf1-5796-4504-8372-bfb69d388c1d,,1,3540,0,3540,2026-06-18 23:55:42.102791+00
daf26f4b-13ba-4d78-9b92-be9afad2b5a2,5a5d5d25-ea56-43d7-8ee6-c62b9c8bc3d1,6955000f-a4a7-4fe2-8a45-7ede91f2d551,2024-10-13,47383bf1-5796-4504-8372-bfb69d388c1d,,1,3270,0,3270,2026-06-18 23:55:42.102791+00
a1f0bfa9-cfe6-468d-82eb-3e69d68d6d23,417c1889-3c07-4858-8084-534618a35794,1dc66fa9-881f-4ef9-946c-5351e5ca0869,2024-09-23,47383bf1-5796-4504-8372-bfb69d388c1d,,1,3360,0,3360,2026-06-18 23:55:42.102791+00
7c670077-1c28-4d12-8286-a030019cf314,3a92fb99-f788-4d52-8856-49a5db2ad0d9,16c40fc9-e867-4916-8916-ca9f79062431,2024-09-18,47383bf1-5796-4504-8372-bfb69d388c1d,,1,1630,0,1630,2026-06-18 23:55:42.102791+00
428b27af-6ab0-4d9b-ace8-f1b4aaa49379,9b954099-d260-4cc2-8bc9-029a8f21908e,086268dc-4f46-4427-8f12-8ba3d5681c41,2024-08-23,8dc8a425-1301-4f6d-8a6c-ccca858606d3,,1,2430755,0,2430755,2026-06-18 23:55:42.102791+00
46bcda70-534f-4b4f-9157-2a7b653b8297,a828ed6f-5520-48bd-b276-f12038d787bb,e3b7f828-dba5-48c7-909a-da2f9324708c,2024-07-07,8dc8a425-1301-4f6d-8a6c-ccca858606d3,,1,2938639,0,2938639,2026-06-18 23:55:42.102791+00
581c2aee-234f-490b-adb3-6f27face33cd,1be1a5de-8b5d-446b-8c49-fadc21de5a3d,7ca9675b-3f55-4809-9395-56502ca7981f,2024-12-21,96bdd17d-e2c7-4081-b5f4-cc9826bb78f4,,1,3104505,0,3104505,2026-06-18 23:55:42.102791+00
513371fb-2fa9-43fc-9786-fd692d497db0,1c2cfa8f-0af4-4544-87ab-93a4d0970741,c3e6ee11-077b-4f1b-b3d1-c80b91e875fb,2024-11-21,96bdd17d-e2c7-4081-b5f4-cc9826bb78f4,,1,2645075,0,2645075,2026-06-18 23:55:42.102791+00
cd5d550e-ee40-457d-8437-d165466e72ec,fbb3ad68-82ee-4eb6-8f18-0e0a928a8ca0,3290d943-76d8-470e-b008-a08b1f2b546c,2024-11-19,96bdd17d-e2c7-4081-b5f4-cc9826bb78f4,,1,2739556,0,2739556,2026-06-18 23:55:42.102791+00
f5c05a25-a5a9-4df4-825a-2b8d7a76747d,fad4a6d5-7b8f-4ce3-bf3b-8690f5d6a693,b1b848db-ed81-495d-ae9d-d42f35299ce7,2024-11-04,96bdd17d-e2c7-4081-b5f4-cc9826bb78f4,,1,2657275,0,2657275,2026-06-18 23:55:42.102791+00
ea90ab50-aa1c-4c62-81a8-0fd56ba51790,c4865121-dd9c-4282-b95c-7fff4feeaaae,59c8316a-038a-47ee-8d48-422ed5f14e5d,2024-05-15,96bdd17d-e2c7-4081-b5f4-cc9826bb78f4,,1,4777624,0,4777624,2026-06-18 23:55:42.102791+00
51eefcfe-0f70-455a-bb58-45175b3fef39,008b0ed3-9a77-4f31-956e-792c74878819,ed905904-ec3b-4b0e-85ae-043d478b4f37,2026-04-17,be6aebf8-8a0f-4527-a9d4-d94f09f3c93a,,124.8,0,0,0,2026-06-18 23:55:42.102791+00
82f37183-d1c3-492d-b999-cc4b14e98073,3e03079c-ea50-4688-8884-d3d02f375548,bccb0b9c-ed83-495e-9b67-18bba3e99edf,2024-05-15,96bdd17d-e2c7-4081-b5f4-cc9826bb78f4,,1,4793926,0,4793926,2026-06-18 23:55:42.102791+00
07f11846-5d7e-4fad-8e42-4e3add35e4b2,c24332ed-0bdc-496b-bdcd-ad030c684dc8,7c479f81-0e2e-42c9-b5db-95e812bf1112,2025-08-25,a7c10a2d-24cd-4acc-85bf-9b31bbd3ebb0,,1,1042214,0,1042214,2026-06-18 23:55:42.102791+00
50031ad5-c5d5-4c9f-862d-70fcfafb23e4,87c951ca-c11f-4a22-a789-8595f21363e9,12c6a15e-6ec3-4ea3-ba20-01db34c4b9a1,2025-08-25,a7c10a2d-24cd-4acc-85bf-9b31bbd3ebb0,,1,1662766,0,1662766,2026-06-18 23:55:42.102791+00
5b3004f3-9726-4aac-b7e0-6aedde2ef72f,99d9bab9-f2c0-4466-9391-1a6ac1ed89cb,2a3442cd-ffa7-4a45-a1d9-a4bc859c9401,2025-01-01,c669ed01-9c99-4675-af62-676cf54a7861,,1,3589,0,3589,2026-06-18 23:55:42.102791+00
3c93fe09-5448-43f3-9da8-450bdfda115b,9102e18d-9ae3-434d-9aa6-5174e6e87291,ea96b8a7-4e5c-4d62-8e88-db0ed179b8c7,2025-03-04,47add3de-de07-4632-97da-dd9f7292451c,,1,2772609,0,2772609,2026-06-18 23:55:42.102791+00
f16dd65e-c779-4eca-bb59-a3ac3e4335a4,7b3b44da-1475-44df-b411-380bcfc009e4,4000b74b-c030-4c0a-9f13-7de41ef3d423,2025-01-11,47add3de-de07-4632-97da-dd9f7292451c,,1,2385715,0,2385715,2026-06-18 23:55:42.102791+00
7f4ffd9f-9653-49d2-9cab-0afd4c1113b6,d523a694-7c7c-43b3-9b6a-f2f08cc5581e,9206d1c4-e383-48cb-9b6d-d251a9a5769c,2024-07-21,edec10be-a0bc-4240-a6de-ed91dc2b3a10,,1,1484272,0,1484272,2026-06-18 23:55:42.102791+00
af1883ad-017e-4c8a-a3c9-a496ee6d1cbd,63e47812-c9ce-40c6-aa68-128357aaab37,6b921efc-59b1-490c-b24e-2bc3a3673c1a,2024-07-30,42e4e0a2-1032-469e-80f7-dfec5d41b575,,1,909301,0,909301,2026-06-18 23:55:42.102791+00
032670f6-3d8c-4415-afaa-610d5e3c7f7b,69cd781f-654d-4b0d-8598-c256c61aca17,22add395-c6bb-4c21-8138-c81fb4d2a36e,2024-07-06,42e4e0a2-1032-469e-80f7-dfec5d41b575,,1,777459,0,777459,2026-06-18 23:55:42.102791+00
5aef6d28-f316-4067-a610-138e4a502a40,2e720d05-352e-4a1d-8847-e70907516146,6d03b3d9-2ac8-4652-8343-04adc837dc4f,2025-11-05,be6aebf8-8a0f-4527-a9d4-d94f09f3c93a,,1,1120066,0,1120066,2026-06-18 23:55:42.102791+00
af0e041c-4d09-479a-8121-5631ea50faf7,c1adf965-3c54-4ae9-9914-1e7f59b92d11,917fded4-10cf-4b90-97f0-787f828083cd,2025-10-29,be6aebf8-8a0f-4527-a9d4-d94f09f3c93a,,1,1197539,0,1197539,2026-06-18 23:55:42.102791+00
92b028b0-c591-46a9-8acb-e6e5217d7daa,8b0bf99d-ba5a-45ae-a641-6babcc167a59,15f90e56-4513-41bf-955f-4378cc35ce66,2025-10-23,be6aebf8-8a0f-4527-a9d4-d94f09f3c93a,,1,1143932,0,1143932,2026-06-18 23:55:42.102791+00
c62b78eb-f95b-490d-a2c2-f1a92d9ed425,c8e19907-fa7f-417c-b851-4028b18142b9,7cbb7dc9-f2a8-4822-a97d-97f1c14d83c4,2025-10-17,be6aebf8-8a0f-4527-a9d4-d94f09f3c93a,,1,1419983,0,1419983,2026-06-18 23:55:42.102791+00
a921d0be-1b27-4fb1-ad70-f0da89769b1b,1a904a32-1f46-4b76-86f8-392ce92e2290,65b7fee9-b9eb-4c5f-b88b-b20d84035aa3,2025-09-09,be6aebf8-8a0f-4527-a9d4-d94f09f3c93a,,1,1065179,0,1065179,2026-06-18 23:55:42.102791+00
3bceef43-e35a-4a03-b24c-aeaeb8e36882,d083ce32-9c17-49c8-9f3c-2b000bf9ca52,69f9b1d8-6264-41f5-b772-746adf8c531b,2025-08-28,be6aebf8-8a0f-4527-a9d4-d94f09f3c93a,,1,813138,0,813138,2026-06-18 23:55:42.102791+00
e999eaca-7a26-479a-aba7-1f6b9085b728,7137847f-5360-41be-8536-01a1c65ebd8e,6ae19da3-b159-4668-b1d5-e4ed980aaae4,2025-03-28,be6aebf8-8a0f-4527-a9d4-d94f09f3c93a,,1,598333,0,598333,2026-06-18 23:55:42.102791+00
2c75fdbf-13c4-460a-9193-65f652e55347,bf113f65-5bbd-437a-8f07-4861f9ca600f,b2cc3ddd-8810-4bd4-8d14-ee0c4e03bac0,2025-01-09,be6aebf8-8a0f-4527-a9d4-d94f09f3c93a,,1,982859,0,982859,2026-06-18 23:55:42.102791+00
6520cc21-2e6e-43a5-9dea-7c50e9f38c1b,5fa9bc1a-6e05-4361-85d9-22f331c03f22,96ab8aa5-d087-4f65-ad49-fbfd27e99fcd,2025-04-21,41c93e07-6260-435c-b263-8df47880b5b6,,1,1401399,0,1401399,2026-06-18 23:55:42.102791+00
064be39b-e5d7-41ae-b0ee-3af1b0820c06,f8c81f38-2d06-4f59-924c-e33de90a4c3f,5201c65e-88a7-4a8b-b5cc-f79179ae05f1,2024-11-18,47383bf1-5796-4504-8372-bfb69d388c1d,,1,3570,0,3570,2026-06-18 23:55:42.102791+00
c921a29d-57c6-4394-b14f-8a706918b85f,4f4b6c2d-e698-4261-8493-7c5ac41fe233,f9663d29-f859-4f98-8217-a6addf3d8de7,2024-10-18,47383bf1-5796-4504-8372-bfb69d388c1d,,1,3600,0,3600,2026-06-18 23:55:42.102791+00
9c9a9211-9554-4d06-b6b2-5f60baa2af2e,43a2f46d-aa15-46f7-a2a7-f3699dcc9518,0d86d6aa-3e8b-42c3-8d0c-beb80f1157bc,2024-10-13,47383bf1-5796-4504-8372-bfb69d388c1d,,1,4000,0,4000,2026-06-18 23:55:42.102791+00
c91ac418-a5cb-4b94-9027-ac8d369921ae,f3eddd73-c98d-4013-9f93-f946a7076c01,350fa022-192f-43b3-93bd-ce58beb6b2db,2024-09-23,47383bf1-5796-4504-8372-bfb69d388c1d,,1,3150,0,3150,2026-06-18 23:55:42.102791+00
ae65ded2-a98e-4895-b7ef-25690cfa0693,d46f2d6d-68b9-412e-82cf-c3bf49a43020,09801e2f-b3f5-4055-91b2-98369a5b6efc,2024-09-15,47383bf1-5796-4504-8372-bfb69d388c1d,,1,4030,0,4030,2026-06-18 23:55:42.102791+00
84262d4d-328a-4c9d-875e-332d56f2842a,811e18bb-7dc3-4dfe-961d-b5a17711e595,ec6f4f3d-e8df-4069-b4fb-8a42817429f0,2025-02-10,8dc8a425-1301-4f6d-8a6c-ccca858606d3,,1,176061,0,176061,2026-06-18 23:55:42.102791+00
176cd197-eaf8-4af1-b546-3f735f33ecdf,45ab374e-36dc-474a-a363-5c66762f7295,b42b179d-f25f-4a7f-adc3-b21f3b32dee8,2024-12-19,96bdd17d-e2c7-4081-b5f4-cc9826bb78f4,,1,2992802,0,2992802,2026-06-18 23:55:42.102791+00
585f8f79-f3fd-4834-a3ee-4083aeb0532b,8882e01a-d8b5-4672-b671-103e79539db6,537484d8-4285-4cab-b833-6d580448de9a,2024-12-01,96bdd17d-e2c7-4081-b5f4-cc9826bb78f4,,1,3836178,0,3836178,2026-06-18 23:55:42.102791+00
2d062af9-920d-4a0d-a582-2fa9fe1a2acf,751174ee-2969-475f-a74e-ccd1bf78a160,e281d67d-ca69-4656-be59-0f8f0bc9dbbd,2024-11-20,96bdd17d-e2c7-4081-b5f4-cc9826bb78f4,,1,3854575,0,3854575,2026-06-18 23:55:42.102791+00
91bfef1f-57d0-47b7-9113-6e2c738c5bea,5046d387-5039-4568-92af-ffdd392f6606,67af12d2-8eb0-424a-b73e-6830fd393802,2024-10-21,96bdd17d-e2c7-4081-b5f4-cc9826bb78f4,,1,2770105,0,2770105,2026-06-18 23:55:42.102791+00
2dfa03b1-7749-4180-a45d-cd5579cf1070,469ec4b5-91fa-4910-97e4-adb87151c22c,c9cf4ff9-25a2-4009-b35a-eb05b8d0cf8e,2024-05-16,96bdd17d-e2c7-4081-b5f4-cc9826bb78f4,,1,4052963,0,4052963,2026-06-18 23:55:42.102791+00
abfc8b35-3799-4ae3-ac1e-5a2808f83132,426fddfa-a864-4abb-bc6a-045176804c22,5ad2ffde-8f24-486c-a0f6-8de4620fe968,2024-05-13,96bdd17d-e2c7-4081-b5f4-cc9826bb78f4,,1,5752520,0,5752520,2026-06-18 23:55:42.102791+00
ba1b71ab-7030-4c42-8a01-afd1cd478610,b554a544-6bf2-44c0-88cd-1afa3ac88398,4e490a1f-525e-4df9-9329-980a2f5a6e78,2024-04-27,96bdd17d-e2c7-4081-b5f4-cc9826bb78f4,,1,3265414,0,3265414,2026-06-18 23:55:42.102791+00
551b434e-0199-47e1-8805-1e7601680836,9111b088-f1ff-40d5-be4d-1da6532d510c,9f33d857-502a-4ea3-8d8f-98a2420cfc39,2025-07-15,a7c10a2d-24cd-4acc-85bf-9b31bbd3ebb0,,1,1408427,0,1408427,2026-06-18 23:55:42.102791+00
69e5f673-3e03-4086-9535-76b5fc5c11ee,88d1b78f-50ad-48e0-8fa4-29aa7a40e33e,d6356447-1741-4973-92ec-182370455ac1,2025-04-18,47add3de-de07-4632-97da-dd9f7292451c,,1,2231745,0,2231745,2026-06-18 23:55:42.102791+00
9896736c-2adc-48ac-853b-7472c5f15976,6a481b9f-19bf-478b-a66a-3538bdb2a2de,8d4321a8-4cd3-42a2-88de-fdac33611aed,2025-03-03,47add3de-de07-4632-97da-dd9f7292451c,,1,2771872,0,2771872,2026-06-18 23:55:42.102791+00
0675ad0c-ef82-4b3b-b232-8c6f7be76369,0064d950-6ec4-4287-ac7a-150f6cf36f7e,e7fc4c6d-203d-4094-82e6-0727b73ba095,2024-12-16,47add3de-de07-4632-97da-dd9f7292451c,,1,2576592,0,2576592,2026-06-18 23:55:42.102791+00
144143fb-cef2-4e88-b730-cf0442cb7884,f7079d20-50f0-4d84-ab51-e7ee8cca9aab,b5c5f082-8b68-4f31-afcd-8f4991c7ec17,2024-07-23,42e4e0a2-1032-469e-80f7-dfec5d41b575,,1,2696717,0,2696717,2026-06-18 23:55:42.102791+00
890b035a-d1bc-4feb-8368-4790a630767d,105241d5-ccbf-4eee-b8b8-742d0c31b347,de1a02d3-18e0-46ec-a1bb-15e8a1cdb981,2024-07-06,42e4e0a2-1032-469e-80f7-dfec5d41b575,,1,906028,0,906028,2026-06-18 23:55:42.102791+00
c3c06553-7390-428e-8388-30c06e12e003,07d3d631-1fa3-437d-af6b-54de046a5ecc,1811dc99-2f82-41ef-89ff-3c1b89a6686f,2024-08-23,63cee780-c0c6-47a3-bd19-c97ddf586da3,,1,1357480,0,1357480,2026-06-18 23:55:42.102791+00
0d21ea05-8417-4d8b-8baf-8d0429bcd814,017c1479-792f-4386-a299-a8982d21ede7,cdaaf101-b124-4ff1-835a-4d2285e938b6,2024-08-15,63cee780-c0c6-47a3-bd19-c97ddf586da3,,1,1722131,0,1722131,2026-06-18 23:55:42.102791+00
dfff81bc-c37c-4de5-8120-b2f88fed0c43,eb5441f2-5584-48a4-bf15-0259b7d9675d,749f602f-96d2-42ac-a0f3-5fde148400b4,2024-07-23,1c424988-7573-4cae-8b54-44176a032681,,1,2778482,0,2778482,2026-06-18 23:55:42.102791+00
7c90fe4c-16e4-45ca-854d-5e41d6b012d0,db6e046e-2759-4eeb-aa01-b3425d952d40,f1ce6e4a-104d-4b60-ac6c-320137fdfaf9,2024-07-27,891a6418-3167-4904-acd3-770c1b6b9861,,1,2606608,0,2606608,2026-06-18 23:55:42.102791+00
3be958d3-ddde-4596-a14e-4e4823f048ee,4378391e-c599-4f04-80cb-8c8d8d8754f2,be8c5374-c870-49c4-b1f5-b624ac9d4fe8,2024-08-31,63cee780-c0c6-47a3-bd19-c97ddf586da3,,1,2397171,0,2397171,2026-06-18 23:55:42.102791+00
ce8c2ba8-38fd-4ebe-841f-24c77a7c5352,79e1b0c8-db68-452d-b42a-2d8b4b9f02ef,0107a63f-c2e3-4fb6-9cb3-f08b813248e1,2025-06-24,50461b33-9f9a-4228-b886-97556d5c9e27,,1,1226573,0,1226573,2026-06-18 23:55:42.102791+00
b26dc826-4b40-46aa-8db0-c9e93917fc89,bca1ba31-4c63-43df-b794-80d66d41e865,0beedfe3-22d8-4f25-a877-4a725b372c5a,2025-06-23,50461b33-9f9a-4228-b886-97556d5c9e27,,1,1268743,0,1268743,2026-06-18 23:55:42.102791+00
bb2125e5-9b86-4abd-b407-7c7d3b889842,9223b351-b2ca-4ea9-8eac-4676e48979eb,d66363c9-4d13-4ed0-9a41-13995b41a4e1,2025-06-23,50461b33-9f9a-4228-b886-97556d5c9e27,,1,1381526,0,1381526,2026-06-18 23:55:42.102791+00
ef7fb51b-432b-4810-8666-80a8f34fa76f,96da2562-73fa-4cf4-82d8-c154adb8a8ba,c74ed135-7764-47b0-a00c-6cbad8952823,2025-06-23,50461b33-9f9a-4228-b886-97556d5c9e27,,1,957286,0,957286,2026-06-18 23:55:42.102791+00
fdf1fdb6-e3fd-4776-83a6-d6a8109d7222,1f81cf7b-2b4b-4e0f-8050-b8d54cea52d2,19aaa820-0c2b-4e5a-8aff-99a590c2d22c,2024-08-20,160b1813-a566-4d5b-bb60-e9a30e1372fb,,1,2462420,0,2462420,2026-06-18 23:55:42.102791+00
8f810b8a-32dc-44d2-9a22-e017607654ae,bd2c0c41-4342-486a-b0a3-21eff3ab043f,b7becc61-0b37-4c22-88a0-ec8979979f62,2025-05-27,50461b33-9f9a-4228-b886-97556d5c9e27,,1,900899,0,900899,2026-06-18 23:55:42.102791+00
6293c652-6359-4f8c-8221-0b745565e67f,f7634d67-cace-44ee-bcd4-698f80cb8890,ab84f555-4a36-44c6-beb4-2bfd6d0c93db,2025-05-27,50461b33-9f9a-4228-b886-97556d5c9e27,,1,1289963,0,1289963,2026-06-18 23:55:42.102791+00
c0895aca-1bb0-4251-901e-ab73501cb866,d7660313-fec2-479e-ae72-d81609ddb59a,c63a75c4-b3e2-424b-8993-7cd7e8386804,2025-05-26,50461b33-9f9a-4228-b886-97556d5c9e27,,1,1109957,0,1109957,2026-06-18 23:55:42.102791+00
aaccc9eb-f792-42a1-9fe8-91000b5a08f4,afbccea9-f5df-4901-9d0a-2fd020d0155d,49844ff2-c37c-4fdd-937f-e16e77a74ea0,2025-06-16,50461b33-9f9a-4228-b886-97556d5c9e27,,1,1425783,0,1425783,2026-06-18 23:55:42.102791+00
ea403437-e6fc-493c-865b-2b08b269dc03,1b5e0c7a-34ce-4b51-8e0b-0aae1336d1cc,19e8a4cd-0514-4db2-bdcd-a1068fe1b0c1,2025-05-20,50461b33-9f9a-4228-b886-97556d5c9e27,,1,1424326,0,1424326,2026-06-18 23:55:42.102791+00
6ac8407a-6720-4b0e-82ef-d6182065cad4,baf58b48-dd90-4b51-911a-34eff1f63812,338c71d2-0b5d-483c-aff3-3e6c25a54a6d,2025-05-17,50461b33-9f9a-4228-b886-97556d5c9e27,,1,1526254,0,1526254,2026-06-18 23:55:42.102791+00
280d89cb-f460-457d-9523-14a8eaa025f6,83c33210-7621-4e2e-8c2a-28344c21508d,9f090405-f9a7-465e-98f9-b5f19a06e116,2025-05-17,50461b33-9f9a-4228-b886-97556d5c9e27,,1,1277014,0,1277014,2026-06-18 23:55:42.102791+00
55067470-3f33-4d69-8f33-cb8e1fd55ead,84bb9698-79e6-428e-94d3-a98c14f64b56,76d32342-177f-4945-a7a8-1a9edbef7b02,2025-05-17,50461b33-9f9a-4228-b886-97556d5c9e27,,1,1542188,0,1542188,2026-06-18 23:55:42.102791+00
d87d640f-3a09-4b47-a272-61c8f414c08f,8fb49f21-4e12-46e6-80c7-ab09f77b7ab5,d15693b7-00c7-4c63-ba94-d4e96051b164,2025-05-26,50461b33-9f9a-4228-b886-97556d5c9e27,,1,1268032,0,1268032,2026-06-18 23:55:42.102791+00
7a68a713-f8e6-4a3f-ab61-b915a9299519,7f008b1c-2f1d-4583-84f0-fe6a6051b4f4,23d33a36-6f24-4c93-b769-a1225712b9c9,2025-05-16,50461b33-9f9a-4228-b886-97556d5c9e27,,1,1354353,0,1354353,2026-06-18 23:55:42.102791+00
0d9c7fd2-3b5d-403b-ba5c-aa2c74f8af94,556a4a24-e8d1-4167-bfb8-b971decbfc7a,f07c0840-f1e3-47a1-8fc9-5a93ed4f8682,2025-05-14,50461b33-9f9a-4228-b886-97556d5c9e27,,1,1065795,0,1065795,2026-06-18 23:55:42.102791+00
7947a234-ebe6-44bc-bf69-0ea9b33e08f6,0f2a71a3-e085-45c5-9f31-78ee45860cd2,dcdb1141-87be-499f-878e-028c87306973,2025-05-16,50461b33-9f9a-4228-b886-97556d5c9e27,,1,1236888,0,1236888,2026-06-18 23:55:42.102791+00
91ce7241-a67b-4704-9c8e-033c8f389e06,78743ef5-1d42-45ba-ae09-7a80767b8cf8,e5de7064-b903-4e4b-9e67-00f8b0074f8a,2025-05-13,50461b33-9f9a-4228-b886-97556d5c9e27,,1,1278254,0,1278254,2026-06-18 23:55:42.102791+00
12547395-440b-4c2c-b14d-a803454c36ba,e809d1dc-004d-4bb0-b959-8ad5a94321fc,4091ec7f-f79a-491b-91f4-7499af55f5c4,2025-05-12,50461b33-9f9a-4228-b886-97556d5c9e27,,1,1292638,0,1292638,2026-06-18 23:55:42.102791+00
101dddc8-cada-463f-b62e-245803300735,db4d11d6-a404-40e5-a708-5149cdbc73db,3f3b93ee-8c58-4166-bc93-7633a7b60c91,2025-05-12,50461b33-9f9a-4228-b886-97556d5c9e27,,1,1142536,0,1142536,2026-06-18 23:55:42.102791+00
0d1b03ab-0788-41ac-bc95-42058427b72c,b742f8ff-d934-4dae-a3c7-20c73b51d7d6,025a5340-6f31-4bdc-aabe-decb23689990,2025-05-02,50461b33-9f9a-4228-b886-97556d5c9e27,,1,1135809,0,1135809,2026-06-18 23:55:42.102791+00
6e38f2be-2900-4ba5-b5c5-a2aac94c94cb,c44cd83a-d8f9-4769-935b-f474aa14b101,61bdb464-3d67-4cfe-8755-e46fb34e2a81,2025-04-25,50461b33-9f9a-4228-b886-97556d5c9e27,,1,1610763,0,1610763,2026-06-18 23:55:42.102791+00
766168bb-3137-4c17-9eaa-6d305ff91623,c02fa696-1fb6-40db-9202-c66c7a06d452,0d0ce0f1-83fd-4074-b970-e521ff7afdf7,2025-04-16,50461b33-9f9a-4228-b886-97556d5c9e27,,1,1147691,0,1147691,2026-06-18 23:55:42.102791+00
973c1b16-9002-4b38-9fe5-65ba20ccd60f,75ab5fed-379e-4156-a71c-7f785930f3b1,5abd34f9-1760-461a-bbd0-9d7673c945b8,2024-10-11,50461b33-9f9a-4228-b886-97556d5c9e27,,1,2157925,0,2157925,2026-06-18 23:55:42.102791+00
a52623ec-6a84-4565-9ad4-26907ea0d611,0061ce2b-e18e-47b0-a429-ffe822e75aae,e970d427-7dd5-432b-9c8b-5f2e16df7467,2025-05-07,50461b33-9f9a-4228-b886-97556d5c9e27,,1,1175658,0,1175658,2026-06-18 23:55:42.102791+00
314508bc-0146-4656-88a6-b8e8d632044b,3ad5b5ca-c7fb-4806-81bc-108d8b28b433,86220ba7-baa3-4d0f-9d99-c06fdb912464,2025-05-01,50461b33-9f9a-4228-b886-97556d5c9e27,,1,2002852,0,2002852,2026-06-18 23:55:42.102791+00
aba55906-c3c5-497d-bcfe-85e8f3f0885c,98732a65-051e-4cc6-ae14-b588df8707af,850b90bc-fe81-456d-b83a-1dcff6f10214,2025-04-23,50461b33-9f9a-4228-b886-97556d5c9e27,,1,1367031,0,1367031,2026-06-18 23:55:42.102791+00
22220bbe-ea97-42a8-9561-87df9a8d262a,5b367814-df78-4c0c-bdf7-76572e36b9a5,371fa22b-3710-4242-9cc5-4afacb8691e5,2024-11-07,50461b33-9f9a-4228-b886-97556d5c9e27,,1,2224212,0,2224212,2026-06-18 23:55:42.102791+00
a61828c8-5716-438b-8df0-8626e9baa918,ea8c9c3c-d2cc-4eee-8c17-323765ad2f4d,244b2346-8391-4ab5-9601-79c7b0e382e3,2025-01-29,8c766b25-11f6-4679-9612-449c89097f9b,,1,164978,0,164978,2026-06-18 23:55:42.102791+00
0bca9ab8-be34-4642-a20c-7ba62b5a5fdb,7d42739b-0fef-405b-8b14-89c250aa17d0,4109a0b6-7743-4acf-bf08-8cb35d98e825,2025-05-06,50461b33-9f9a-4228-b886-97556d5c9e27,,1,1215905,0,1215905,2026-06-18 23:55:42.102791+00
296b36bc-4623-4a0f-95a1-2d2cfa10e115,1b9a83de-75a9-4064-b4ba-fd2b0bb7d04a,bd2d4ae6-3568-42c0-95f7-590cfa216651,2025-04-30,50461b33-9f9a-4228-b886-97556d5c9e27,,1,1906762,0,1906762,2026-06-18 23:55:42.102791+00
38649e27-a645-489f-837d-b6a683f91e8d,5ac62583-d076-43d1-b59b-1ec9ef962e8c,859ccec5-6e24-4a30-a931-1bd1282e30d0,2025-04-22,50461b33-9f9a-4228-b886-97556d5c9e27,,1,1620420,0,1620420,2026-06-18 23:55:42.102791+00
4c90883b-c910-441f-92ea-95698cc5c104,0b518be0-65d6-41bf-b4a7-af3b3be8c2a1,8abf0400-709b-45ff-bb05-2dbbbc4d6fb7,2024-11-07,50461b33-9f9a-4228-b886-97556d5c9e27,,1,1554280,0,1554280,2026-06-18 23:55:42.102791+00
69351c38-d1b5-4e37-b468-527fab4d79ad,277e8bb4-bb74-4aa2-9acf-dc250e3e2159,feb66f29-cd55-48e4-9954-c705fd3474ce,2025-05-12,50461b33-9f9a-4228-b886-97556d5c9e27,,1,1441190,0,1441190,2026-06-18 23:55:42.102791+00
5fed1d95-70f8-44b1-bbf7-ca6359690a84,657caebf-7345-4f4c-bc87-433a9dee8da0,74d90456-7b17-4ec7-b3bd-59fe3e794640,2025-05-06,50461b33-9f9a-4228-b886-97556d5c9e27,,1,740834,0,740834,2026-06-18 23:55:42.102791+00
87112522-7756-41e9-bd9e-44e4e61a9168,883c2f3d-a2cb-4779-9a89-fb65128b3597,a3b8d8e6-dcb9-4bf0-88f4-2b834999ff2c,2025-04-29,50461b33-9f9a-4228-b886-97556d5c9e27,,1,1642970,0,1642970,2026-06-18 23:55:42.102791+00
3580b243-9bc0-4667-b9a6-1538db5ce899,e3ad4ccd-8eda-4ddf-b0e6-a8b1dc358056,ac17dfca-cd41-4482-8226-c1b215b474fd,2025-04-19,50461b33-9f9a-4228-b886-97556d5c9e27,,1,1390945,0,1390945,2026-06-18 23:55:42.102791+00
c76c4ad4-23b0-46c0-ab1e-779f27c4ddfa,552d26d4-6d0d-4331-9bcb-c51142391022,3d969bfb-8c2e-4c04-be50-a91f6f2df8db,2025-07-12,b2870852-b36e-4a96-8048-b6adeb597deb,,1,2162147,0,2162147,2026-06-18 23:55:42.102791+00
c5e21b17-452e-4f71-9755-2e0692c5a818,14948a2a-deb2-4af9-8a8e-5df9f7d527f6,3dce0528-4720-46df-b039-912f3eda78c4,2024-12-16,b2870852-b36e-4a96-8048-b6adeb597deb,,1,2894568,0,2894568,2026-06-18 23:55:42.102791+00
80b90e87-0cba-4ae3-9d6c-362d30941d4e,0288a96e-5fc7-4937-9221-740144efc3aa,3a69a4a1-c9c2-4f6d-8657-812d6e1a52e1,2025-07-28,b21d4cc7-0760-4deb-8ee6-fba3b4884487,,1,2026680,0,2026680,2026-06-18 23:55:42.102791+00
be1530ec-05fc-4924-b3ba-d93e5e32f53c,da090316-62f4-4340-9d24-26cb3a95f28b,d12715ef-e42d-4bd9-ade3-bce0cba562d0,2025-03-29,b21d4cc7-0760-4deb-8ee6-fba3b4884487,,1,3240890,0,3240890,2026-06-18 23:55:42.102791+00
9150cbf2-bf61-4593-beb2-ff6187c8c158,0fdf56e6-c8ca-4455-997d-0025078b6c51,1205e114-6c8b-4203-ac6e-7df1514581fc,2024-09-20,0cadaeab-aab5-418e-ae3f-0d303a1f2c1b,,1,476000,0,476000,2026-06-18 23:55:42.102791+00
7b0dd852-c63d-4803-9f29-91d5040ce74d,f32df288-cac5-491c-9e2c-afae030799ee,0c398e9c-3ea1-4050-a210-6c8432599f4a,2026-02-18,dc96db54-a1c0-4be1-81f5-c22f9594bf7d,,1,87779,0,87779,2026-06-18 23:55:42.102791+00
75ea0498-4755-4537-8432-6aa4736b4507,c6ff6a14-3668-4b87-a27a-75eb2be3f16e,7c24e9b2-5a60-421d-b3ad-fc32eeef8cc4,2025-12-06,dc96db54-a1c0-4be1-81f5-c22f9594bf7d,,1,90629,0,90629,2026-06-18 23:55:42.102791+00
fa7528fb-41ec-4b41-af5f-165a24d6b6f4,8f9d54c4-2f9f-487b-ab47-f6bce5f886d4,091484f8-a368-4673-9e07-2957d59eb8ee,2025-07-30,dc96db54-a1c0-4be1-81f5-c22f9594bf7d,,1,469103,0,469103,2026-06-18 23:55:42.102791+00
27628ec1-37ba-40fd-a066-543362eaf191,77f5ebc1-dba5-4be2-b74a-89fde6809e68,c1410ce6-8c06-4c86-9e7c-5ec32e60ba62,2025-04-22,dc96db54-a1c0-4be1-81f5-c22f9594bf7d,,1,316679,0,316679,2026-06-18 23:55:42.102791+00
f05d883f-0ca0-473e-88b5-d1402bb91622,c7e356ed-a6a6-4a59-ab25-49ef8b2615ee,e377e12c-1f27-4c6f-860c-e032c84630c9,2025-01-15,dc96db54-a1c0-4be1-81f5-c22f9594bf7d,,1,260304,0,260304,2026-06-18 23:55:42.102791+00
3205fc76-7b49-4af0-9771-28cb904be03a,fb60447a-e0be-4441-81f2-993ef51e4692,68688297-9ff4-40a6-b210-aa942d72f35d,2024-11-11,dc96db54-a1c0-4be1-81f5-c22f9594bf7d,,1,10800,0,10800,2026-06-18 23:55:42.102791+00
64cfa70c-4a1e-4748-8879-1e08083cd27e,6bd4d75e-1521-4f72-a302-d7754d73ad66,8687aa8c-7c95-4472-a6cd-7e3583c9dc27,2024-07-21,00ee8ba3-07e7-4438-8bc1-8247b6a45f99,,1,1394765,0,1394765,2026-06-18 23:55:42.102791+00
7e810172-8381-4acf-91d5-cf52b15b71ef,133da3ba-e7a3-43a6-819b-5ae7253c42ad,de8185aa-a809-4e3e-b4f5-799819f0679a,2025-04-10,f8f33b1f-87de-473a-b1b4-85908a4b3fbb,,1,1091572,0,1091572,2026-06-18 23:55:42.102791+00
69b71f6a-bd27-49bc-8811-e402eebeac26,b22e17ae-6a75-48bf-82c6-7a4290db0c13,ab120788-050b-4a6b-8ec8-0b10111673ee,2025-11-25,3a41f74e-14a3-41fc-905d-3ddf1f5905d4,,1,1235657,0,1235657,2026-06-18 23:55:42.102791+00
64dba210-d404-4ff2-9572-06c0a94c071a,9125d77d-9a68-47e8-bb37-57a047d11cf4,60fd500b-645e-4347-9281-88f2b5383b3d,2024-07-20,8a726be1-957b-4134-a293-2268e49a7d1a,,1,2564342,0,2564342,2026-06-18 23:55:42.102791+00
c5a558d7-cb52-4c48-84cc-a1d81c17a055,b578b8ba-22c8-4b2a-ae22-41c935431654,5dbe97c7-1708-43d5-be15-9e807a7b7caf,2025-11-07,1a55ee25-bc28-404c-9b3e-744d00cd23d6,,1,688643,0,688643,2026-06-18 23:55:42.102791+00
cfaa125d-527e-4f18-920a-6c4b36307360,f57e64e6-86b5-441b-8e2b-254c9df567db,b205c89b-9fed-48f4-85c4-291649c91f80,2024-05-29,40898e29-8b25-4043-8a89-cee44245437e,,1,2610020,0,2610020,2026-06-18 23:55:42.102791+00
8d7418f4-ae67-4810-ae36-a2d9dd973781,f534d493-85fb-4786-913c-051dd4d2d7a9,b8685ce6-f53a-4533-ae64-e14db6ddc2f4,2025-04-22,26ffd993-bc48-446b-b10d-40138f5d3c60,,1,2044113,0,2044113,2026-06-18 23:55:42.102791+00
498cc334-05a2-4137-8b05-fc58707a3e90,a9a72e77-bb44-4731-8796-0bc7b70b6423,596c6139-ab54-47be-9b41-72963d2f11ff,2025-12-22,b22c68cf-1d75-457c-96cb-dcb32da7712e,,1,1034732,0,1034732,2026-06-18 23:55:42.102791+00
1d804c83-608e-4f6f-82de-d5029cf372d8,b7bfe811-bb98-4514-82e8-32c42fc0806b,f0a9e0a7-1dc4-4d23-8fc7-aef06baaf53c,2025-11-21,3a41f74e-14a3-41fc-905d-3ddf1f5905d4,,1,1266315,0,1266315,2026-06-18 23:55:42.102791+00
d64b8ffc-383b-4f51-bf20-a025d46c16bc,fac0e1a3-2aed-4c5c-b71b-94b9b219d82d,8a52586e-7896-41d5-ac05-e8e2ff9605d9,2024-07-26,8a726be1-957b-4134-a293-2268e49a7d1a,,1,2588828,0,2588828,2026-06-18 23:55:42.102791+00
d9dee87a-47c2-414f-ae21-e5ee6adebb86,2fe5ebb6-5bf1-433b-9b16-eb7a27e784ce,d395c74d-d3c0-4712-945d-753cac2d0ef9,2025-11-06,1a55ee25-bc28-404c-9b3e-744d00cd23d6,,1,690450,0,690450,2026-06-18 23:55:42.102791+00
868de4b9-1209-4523-bb43-2df88292f313,a16bfeef-fa8e-4e7a-99c0-c91a430ea792,71ce61f5-9eec-41f3-9fba-f7cd76fe2922,2024-05-17,40898e29-8b25-4043-8a89-cee44245437e,,1,2775398,0,2775398,2026-06-18 23:55:42.102791+00
9a12b396-f082-47c8-ad60-129a136f9944,6f8af521-5ce5-4a31-8a63-71c5850a8e97,17414582-df2c-42ae-8bc3-2f80dc1941ba,2024-08-19,cc525d4a-5b10-479b-a0e8-6919759f5472,,1,63851,0,63851,2026-06-18 23:55:42.102791+00
df51e8c2-fa4e-459c-86e8-c86d11380196,abba7761-5c08-4edd-a345-2d116b3ca9d1,af37018e-79bf-4b17-b6e9-c891e71851ef,2025-05-21,f8f33b1f-87de-473a-b1b4-85908a4b3fbb,,1,791447,0,791447,2026-06-18 23:55:42.102791+00
31195bf1-0cb1-4742-b4ce-a9d3a71d165a,32c8521d-9011-4530-b4a3-b58be55363d8,a409c219-d0ee-4fb7-b900-02063dfe00a4,2025-11-21,3a41f74e-14a3-41fc-905d-3ddf1f5905d4,,1,1332877,0,1332877,2026-06-18 23:55:42.102791+00
a882d8e3-2c7e-4caf-b879-fbd68fae866b,95e598af-6ad0-4359-9941-56709132f4eb,eee9e6ea-7757-470a-bbbe-e7ce4bb69624,2025-07-02,48e6f85d-37e1-4d61-99a9-d46bdae6e031,,1,337448,0,337448,2026-06-18 23:55:42.102791+00
2d2d7cfe-eec6-4fc6-bb8f-1547a4b0bb12,b9070dd3-0247-4806-9482-acd08ec93353,67c9f695-c34b-4af4-a670-e4ce686f58f2,2025-11-13,1a55ee25-bc28-404c-9b3e-744d00cd23d6,,1,1424992,0,1424992,2026-06-18 23:55:42.102791+00
ee39edd2-507d-4949-80b7-908c6ebbee38,fe8d4c4b-faac-4984-947c-bc80f4b76681,82276051-b2ff-4ff3-a505-2814c06ea87b,2024-10-25,a812aae0-4823-4af3-868c-36fe1abf4898,,1,2559328,0,2559328,2026-06-18 23:55:42.102791+00
ebb1cc2b-a993-4493-b511-8fbb01764d97,4993b2b8-4f2e-446e-b8bb-4460d9b97b18,6c89bdc0-a312-4f9f-9dd4-782bf87db8a7,2025-08-04,24637f48-aff9-4615-8eb2-fa8dddc59fa8,,1,2153727,0,2153727,2026-06-18 23:55:42.102791+00
6aad80fa-8515-46ee-8c25-202bd35a8b1c,977938de-7884-4dd1-88c5-1c2af117ed41,e3b9ff52-4c35-4a54-821f-1dce35b35117,2026-01-01,3a41f74e-14a3-41fc-905d-3ddf1f5905d4,,1,2000068,0,2000068,2026-06-18 23:55:42.102791+00
9ef79d13-1787-4ff9-88ed-461ce9982536,bd3b10fe-c3fa-4c6d-be69-4e585e4a9219,70010662-c3f5-4808-a03e-1148060b7851,2024-11-13,a84bde39-f20e-4d72-83ff-a7e13653e474,,1,126975,0,126975,2026-06-18 23:55:42.102791+00
9c7ff882-e3b3-4e22-ab7a-43864895c6eb,27a11e44-342c-4ba5-8d65-1e5babdfe3be,aec36231-27f5-4285-aa0e-b39c5cec46a9,2024-05-15,00fafcb9-56ec-4475-9dcd-6493f084c8a7,,1,958432,0,958432,2026-06-18 23:55:42.102791+00
70415733-5778-4f3f-9bac-d4f885036ea9,8476e6f6-c629-4232-8afd-fe6bb9d70a2c,ec678b72-ab24-4df5-a8e2-5130e6c36cd2,2024-07-10,40898e29-8b25-4043-8a89-cee44245437e,,1,2684385,0,2684385,2026-06-18 23:55:42.102791+00
cad2e9b3-c06d-4851-8eb9-ae5cf96d0020,f39055ff-26ea-4076-ad80-3fda09afaa53,9434d299-f10c-4841-ba37-c117d6729d92,2025-09-15,26ffd993-bc48-446b-b10d-40138f5d3c60,,1,3196029,0,3196029,2026-06-18 23:55:42.102791+00
072c81ea-99e0-481d-af09-8b9d15e916d7,27e25908-bf7e-428b-a2bc-4989c300152b,1a8c335e-fa98-4002-a99e-0368b7e52020,2025-12-20,b22c68cf-1d75-457c-96cb-dcb32da7712e,,1,1047145,0,1047145,2026-06-18 23:55:42.102791+00
e3b693c0-7548-4cb2-a33f-cc48ffe95332,99cdc64a-a92c-4501-9357-18b7f9451504,c7ca63fe-4573-4cd0-986f-179b0f8f3493,2025-11-17,3a41f74e-14a3-41fc-905d-3ddf1f5905d4,,1,1196820,0,1196820,2026-06-18 23:55:42.102791+00
391fed2d-8094-4efe-9544-9fe925081a82,c57e3815-e569-480a-bfab-06476c4e5d7d,82348fe6-f8c9-4d49-bc48-df4166cd2831,2025-05-24,48e6f85d-37e1-4d61-99a9-d46bdae6e031,,1,1580828,0,1580828,2026-06-18 23:55:42.102791+00
10dab8d5-1cb3-498f-88ef-9dc92af863ac,4084676c-91df-4814-b5ac-0411af431519,d09ab633-e550-4278-9129-5227fb4100ed,2026-02-25,ee72dd0b-2a9c-4acd-9b20-433e6a327c96,,1,2646750,0,2646750,2026-06-18 23:55:42.102791+00
9c86dff4-1f19-4ce6-81d0-d1e2cf82ce98,49171b0f-b735-4884-aabf-1f83ec02dc4b,1852ffb9-ae3c-456b-b89d-8cf11d139e25,2024-10-17,a812aae0-4823-4af3-868c-36fe1abf4898,,1,2673279,0,2673279,2026-06-18 23:55:42.102791+00
00afd6c9-c5b0-42ff-a5ac-cbff7ef271f6,e1c4ce6f-84c8-4f57-bf41-74cbdae35d7f,71f94870-a0ef-4ef8-b1c4-a1acfb35f90d,2025-05-15,24637f48-aff9-4615-8eb2-fa8dddc59fa8,,1,2246608,0,2246608,2026-06-18 23:55:42.102791+00
db50b05d-dc7c-406c-ac0d-64166d3c3371,851982de-3ec7-4fbf-9c23-15df5e643850,dfe0d832-aa01-4661-b99d-a44162640e2a,2024-06-13,7b237e41-2adb-467e-99f1-32f71332e3e7,,1,335496,0,335496,2026-06-18 23:55:42.102791+00
af2e36d4-f16d-485d-9553-045d5c694e55,19f4bc34-dcf8-40bc-81a7-a618ec3e55a5,da78f054-24a4-406f-b3a4-37cc929eae1b,2025-10-25,0d640fb5-a295-4748-abec-05c07c167fc3,,1,769250,0,769250,2026-06-18 23:55:42.102791+00
fe8d9637-ddd7-48b2-98c8-2a84d4286819,af18793a-df83-4c48-80b2-7bb586a9932c,c93738b4-c93d-4d5e-905b-498796da0cd0,2024-11-10,549e240d-ab7f-4b19-8790-ad3d22305f4d,,1,2659804,0,2659804,2026-06-18 23:55:42.102791+00
1c2aaf71-e650-4d23-ba48-ac3468d897d6,962b4caf-7c0a-424c-b0f0-3833e6d746dc,29db9285-9aef-47bf-a345-b4dc12390e75,2024-07-26,549e240d-ab7f-4b19-8790-ad3d22305f4d,,1,2839425,0,2839425,2026-06-18 23:55:42.102791+00
72185a26-78b3-415a-be42-94223cbecb74,2873e81c-5160-43ce-8801-9aec1276924c,50823477-8d54-477c-970b-43230f36314e,2025-12-30,be6aebf8-8a0f-4527-a9d4-d94f09f3c93a,,1,1092920,0,1092920,2026-06-18 23:55:42.102791+00
1be56e5f-77bc-4281-8fb3-844b4b88a745,6aaa4476-392c-49b9-9227-39ed42b82f50,6ba02977-1a0b-4549-a63f-0eaa2ca3e800,2025-11-22,be6aebf8-8a0f-4527-a9d4-d94f09f3c93a,,1,1164510,0,1164510,2026-06-18 23:55:42.102791+00
04e8d15d-223d-45d9-8c9c-6d8cf9c16508,772edd81-71e7-4eb5-ae20-2e310e196885,997757ac-8cb8-4a1a-badc-393be4cd426f,2024-11-06,b2870852-b36e-4a96-8048-b6adeb597deb,,1,2768844,0,2768844,2026-06-18 23:55:42.102791+00
416192fd-24a3-47c0-9b02-a6df423b75a4,bbedbd3b-966a-4674-8f8b-e310e7ee027f,59da9384-97fb-48e1-9b9d-7b48ba2ec1c9,2025-06-21,b2870852-b36e-4a96-8048-b6adeb597deb,,1,2132405,0,2132405,2026-06-18 23:55:42.102791+00
6bc7943c-54cc-40ef-87cc-db9cc9d1d8c8,05ff53f2-f9cf-408b-9f65-ebab47e2def1,b8e99d22-d66b-44e6-bb43-b4e3d5d79113,2024-10-09,1f873359-c7e2-4729-b269-76d009d26ec6,,1,1482522,0,1482522,2026-06-18 23:55:42.102791+00
08e110d5-9b87-4b7a-b811-9159bc0bc4cc,f29babac-fbbf-48cc-80e0-73167ec43a7b,6e26a880-b18a-4562-94f1-98f3aff34d3e,2025-04-23,50461b33-9f9a-4228-b886-97556d5c9e27,,1,1229034,0,1229034,2026-06-18 23:55:42.102791+00
89d7556b-91a3-4d31-b27c-7549969d48b8,1bd2c09c-b3c6-48dc-8be6-c1f26cdecf49,5138c9a0-1cdd-4e7d-8827-5da50cfca02d,2025-04-18,50461b33-9f9a-4228-b886-97556d5c9e27,,1,1193463,0,1193463,2026-06-18 23:55:42.102791+00
793c931a-ba98-4728-9b06-90ad21250ae1,1aa4ae01-f16f-436e-b4e4-f0a1913c53b4,46eb1175-c4ed-479a-a64b-b749f19a0072,2025-09-15,c9237da7-93bb-49cb-a977-56a9e6b917cd,,1,1061407,0,1061407,2026-06-18 23:55:42.102791+00
13da7088-194d-4ef2-ad25-4c6960c51563,c11c9568-6c26-46d3-b219-053dda1f9c3e,571c6169-2bfa-43a8-88e2-935c05c172dd,2025-06-19,b2870852-b36e-4a96-8048-b6adeb597deb,,1,2254263,0,2254263,2026-06-18 23:55:42.102791+00
d52d6ac2-4e8c-4d6e-a4fc-95093bbf1450,95a0697f-4c2f-4ad3-a1ca-4f3a085a63da,f258951b-12fc-467c-816d-cf8ec4e30c8a,2025-10-11,dc96db54-a1c0-4be1-81f5-c22f9594bf7d,,1,18980,0,18980,2026-06-18 23:55:42.102791+00
df247b1e-5ced-4af3-a3a7-b8621389f3b9,cb67e7cd-ce4c-41c1-8637-1a616f226121,6371db91-c6df-442d-8a16-630ace4625ce,2024-08-26,0cadaeab-aab5-418e-ae3f-0d303a1f2c1b,,1,850000,0,850000,2026-06-18 23:55:42.102791+00
ed9428f0-1501-4593-af02-2e8fbbe63820,c1706b48-fca8-46fc-baaa-421c8cfe30a5,60b84e99-2697-488c-9d2c-3a1e4d3e4bd8,2024-09-13,0cadaeab-aab5-418e-ae3f-0d303a1f2c1b,,1,510000,0,510000,2026-06-18 23:55:42.102791+00
0bcda253-d143-41da-b306-8915d7e4884d,cadfecd4-593a-4316-a5cd-ac2d877e4f1e,a30f3a68-ad52-4c1d-b8cf-3a37a8015493,2025-06-18,3e712b36-d74e-4eeb-9dc1-d51ddf89de8f,,1,42526,0,42526,2026-06-18 23:55:42.102791+00
a8acbe0b-f69c-4550-8188-3a546ee21068,ea524a35-d756-41d2-8b08-b0aa509baacd,7e0915e1-23ed-4bd9-98b6-1a7d6f0fd73e,2025-02-20,dc96db54-a1c0-4be1-81f5-c22f9594bf7d,,1,40135,0,40135,2026-06-18 23:55:42.102791+00
296ece7a-8829-4f82-aceb-5255c1f5136c,8e41d610-d829-4ae0-9d9f-c773ffa83a44,48c3fda1-e249-408a-9088-619e2ac9c43c,2025-08-06,b2870852-b36e-4a96-8048-b6adeb597deb,,1,2189710,0,2189710,2026-06-18 23:55:42.102791+00
e77d5c35-408a-48cb-8615-e798ce996ed6,6c7e5ac7-161d-4694-a660-46c707f5cf64,538058d7-de89-4ed7-a7cd-538ef3647727,2025-07-26,b21d4cc7-0760-4deb-8ee6-fba3b4884487,,1,2137243,0,2137243,2026-06-18 23:55:42.102791+00
54d80dcf-d31b-4bab-98e5-aca42a16893f,5a937e1a-d6ec-4f78-98d0-2c142a494d43,5fe4c266-98c8-497c-aee1-b12babc58823,2024-08-10,0cadaeab-aab5-418e-ae3f-0d303a1f2c1b,,1,900000,0,900000,2026-06-18 23:55:42.102791+00
f2f69a5c-8c08-4581-b04d-1801b0b87e96,68428b4e-c574-4a5d-b544-26c27b7ae932,7ed0fdd2-c547-427e-b56b-c182c48e6b36,2026-02-25,dc96db54-a1c0-4be1-81f5-c22f9594bf7d,,1,33084,0,33084,2026-06-18 23:55:42.102791+00
7489156e-125e-4bba-aa0c-6dc433c18b55,29b47c74-39fd-4b1f-9992-6a8712c49eee,239dcaa8-3e05-4e2d-9334-1ecd7fea16e6,2024-11-04,b2870852-b36e-4a96-8048-b6adeb597deb,,1,2482200,0,2482200,2026-06-18 23:55:42.102791+00
ed2aaca2-501c-43d9-a7d5-9f71eb4da06e,d8612841-f2e4-4d9e-a84b-edbdc62ef768,33783dab-654c-4c2b-923a-104694fceb03,2024-11-04,1f873359-c7e2-4729-b269-76d009d26ec6,,1,847628,0,847628,2026-06-18 23:55:42.102791+00
dcf90174-21e9-4d4b-bc74-07c23aa5134e,04b38746-3a27-4826-88d1-dfe7eabed8fe,9d1b4090-54e5-4e7b-89ff-98ca9db39c00,2024-11-10,b2870852-b36e-4a96-8048-b6adeb597deb,,1,2527392,0,2527392,2026-06-18 23:55:42.102791+00
e6ebe49a-4c29-42aa-84de-935d1ee4722f,18ce2f70-5b9f-43f0-81a5-2c459fbb798f,b217be30-7083-46a1-91ad-30e29b64eeb3,2025-10-06,dc96db54-a1c0-4be1-81f5-c22f9594bf7d,,1,12354,0,12354,2026-06-18 23:55:42.102791+00
540884b0-de6e-4732-837c-fb1ded19a2e8,d87d82ac-ff98-43e7-a628-cb941c28e640,3dc501de-137b-4b7b-a08f-aa1f57e78e37,2025-07-01,dc96db54-a1c0-4be1-81f5-c22f9594bf7d,,1,154047,0,154047,2026-06-18 23:55:42.102791+00
25c2b5f1-4ad0-4101-80d7-012f8379bf0a,ffb35f83-9259-41f2-9bd8-d4e69b4d6e68,578b3e18-40c0-48b5-9894-23812319d77c,2025-05-21,dc96db54-a1c0-4be1-81f5-c22f9594bf7d,,1,328975,0,328975,2026-06-18 23:55:42.102791+00
dbf17621-f445-470c-b493-ca959396b75e,4f6474fc-3188-4060-abb2-923a687b7510,ad40e2d7-a3b8-4a88-a175-5a9c3b875591,2025-09-11,dc96db54-a1c0-4be1-81f5-c22f9594bf7d,,1,80735,0,80735,2026-06-18 23:55:42.102791+00
f7c6cabb-efa9-47bc-ba32-e1e6ed6f21e6,ce959c64-1ef4-4c37-b0d3-b9851669b417,8a419854-4b79-489b-9cf5-e227f65af33e,2024-09-23,0cadaeab-aab5-418e-ae3f-0d303a1f2c1b,,1,513750,0,513750,2026-06-18 23:55:42.102791+00
4d3c61b0-4cb2-40bd-84bc-52f24f87ea8d,a4a66381-2ee2-43ed-aa8e-97285fe8f235,4f32e2d3-4fdc-4e97-9473-1f6cd772e76a,2025-02-14,0cadaeab-aab5-418e-ae3f-0d303a1f2c1b,,1,906000,0,906000,2026-06-18 23:55:42.102791+00
24ee7880-dbef-4734-bade-61c46b111abc,9fda2242-d8a1-46bb-a682-ed5512429c84,b7556290-9579-47cd-a861-3cef2280c074,2025-03-04,0cadaeab-aab5-418e-ae3f-0d303a1f2c1b,,1,393750,0,393750,2026-06-18 23:55:42.102791+00
c077521a-b00e-4857-9ebf-67f8459bb97d,572793c5-708a-4d10-86bf-b66758923279,ffed51bd-89f0-4dfe-98bd-dddf45717383,2026-01-12,b21d4cc7-0760-4deb-8ee6-fba3b4884487,,1,3295544,0,3295544,2026-06-18 23:55:42.102791+00
eca1612f-7d26-44ff-b4bd-3a4b4b0a7ba9,0792b5b1-1739-4331-93a2-67cc03476a69,e2f1f4f3-d5b7-48b8-942d-9e92f053dade,2025-02-12,0cadaeab-aab5-418e-ae3f-0d303a1f2c1b,,1,453000,0,453000,2026-06-18 23:55:42.102791+00
9f74de36-9c72-4d5b-9212-407cdaca8359,43c6fad3-e2e4-4398-8949-8df885d2ef48,950d6b7b-eaee-4f14-b7be-82b1fdc151f6,2025-02-17,0cadaeab-aab5-418e-ae3f-0d303a1f2c1b,,1,453000,0,453000,2026-06-18 23:55:42.102791+00
03f71107-e774-4ff2-b367-5e7effd8f703,4845008d-4e9b-4a5d-b9bf-86fa12cb8fa6,6fa491e2-e220-4020-ab2e-f0077ef5bc14,2024-08-26,0cadaeab-aab5-418e-ae3f-0d303a1f2c1b,,1,850000,0,850000,2026-06-18 23:55:42.102791+00
af7bc2e0-7200-46fc-a990-1f1c0f41b4f1,13d21ba7-ff69-435c-b9ac-c0e1e056cfc6,1ad100a5-409d-4180-a937-95fa78572654,2025-05-14,b21d4cc7-0760-4deb-8ee6-fba3b4884487,,1,3088405,0,3088405,2026-06-18 23:55:42.102791+00
5542cc2d-5746-423a-bfe4-a14775a30af1,bbf5595a-8d77-49b0-86f3-15a6af7a5035,3b3dc2d3-c4b3-4514-96cc-b1afe647d22a,2025-02-11,0cadaeab-aab5-418e-ae3f-0d303a1f2c1b,,1,151000,0,151000,2026-06-18 23:55:42.102791+00
a5ccfeb4-2053-4c7d-833f-fa923ef91153,8a9fee9b-10d4-4a5b-bf41-e1315b30def4,1aec5650-279f-42c9-9197-a3effaa3f4c8,2024-09-14,0cadaeab-aab5-418e-ae3f-0d303a1f2c1b,,1,510000,0,510000,2026-06-18 23:55:42.102791+00
55358bb1-faeb-43c6-bba5-328323951f72,0c30fff6-688f-419b-8f4d-9db51f05de52,e2cc7640-3689-4810-8b00-928e9c46069f,2026-01-30,dc96db54-a1c0-4be1-81f5-c22f9594bf7d,,1,398359,0,398359,2026-06-18 23:55:42.102791+00
fab3a98d-a7db-4742-9d78-5e3f7a52448d,4448b0b2-7f42-441f-8575-85bae30f839d,23ef39e7-ba4b-45d9-803b-a8651dc09e98,2025-02-21,0cadaeab-aab5-418e-ae3f-0d303a1f2c1b,,1,566250,0,566250,2026-06-18 23:55:42.102791+00
72c07b54-6aaa-4732-a08b-dc8609770414,4437f462-9fb4-4855-8e5b-65bac2762750,ad3f41cf-69fa-4b7c-81e0-ee470ad44745,2025-02-10,0cadaeab-aab5-418e-ae3f-0d303a1f2c1b,,1,151000,0,151000,2026-06-18 23:55:42.102791+00
7d01db7e-e601-460a-a9b1-bff5ab8e9afc,eaeaa2e3-fefa-42c2-844f-1317a1d94b81,e0eb7a6a-3ed7-49dc-8a72-0132adcf0db8,2025-11-10,40898e29-8b25-4043-8a89-cee44245437e,,1,3564928,0,3564928,2026-06-18 23:55:42.102791+00
97ce7b8d-ccba-4616-a6b5-9dce0e751b8b,92dc0b9a-cc80-4fa6-a37f-b068ac678dbb,5eaa850e-353f-4ad7-abe0-5ac91ffe1f57,2025-05-01,3c61dcc1-cbd1-4594-9879-2b7ca831edfa,,1,1778428,0,1778428,2026-06-18 23:55:42.102791+00
77248520-a610-44be-b44e-c52ce04a46c2,7c60b803-8eb5-4f23-9a63-f5ec9769eea9,82835a79-ac2e-45ec-a8a7-bdd5cbc94277,2025-09-18,b22c68cf-1d75-457c-96cb-dcb32da7712e,,1,3652302,0,3652302,2026-06-18 23:55:42.102791+00
88a5987e-fd10-4b44-a5e6-632f0827f4d9,96ea7657-d5a1-4b46-bac4-6fa16bcd5506,dd455290-c218-4bc6-b654-7e6fea846dcc,2025-08-11,40898e29-8b25-4043-8a89-cee44245437e,,1,2025675,0,2025675,2026-06-18 23:55:42.102791+00
fda82c61-4af8-4da2-8bfa-376513e38b60,5262b47c-5ab2-4645-baf2-a522121cc023,9a7b3391-8991-4a45-a4f6-f7662ab9eca0,2026-02-25,ee72dd0b-2a9c-4acd-9b20-433e6a327c96,,1,2660250,0,2660250,2026-06-18 23:55:42.102791+00
27557810-7aaa-45fc-bc23-3b37d9728d37,1fc59991-af22-4645-9b92-e94c287c2a8e,f39a82bc-1df4-4ccb-aac0-e61a91957c42,2024-10-13,3769e41b-9c60-4886-9461-5e969cfbc8d3,,1,2953153,0,2953153,2026-06-18 23:55:42.102791+00
9c92a31a-8772-454a-9750-1af6ad318c8b,94876209-1a88-4184-817d-c0cf49412eb9,af90de93-6766-442b-80a2-f2593575bf98,2025-05-22,3769e41b-9c60-4886-9461-5e969cfbc8d3,,1,2254808,0,2254808,2026-06-18 23:55:42.102791+00
7e975ed7-adbd-45ee-a6d8-0a64bd3bb072,8c3aaeff-5954-4845-9bbb-c2b52c59ce90,5c186972-41c7-4188-a285-b0fa9a1fdd08,2025-01-20,831be7e0-3cb9-492d-9bc6-2df6548e5db2,,1,188625,0,188625,2026-06-18 23:55:42.102791+00
a8028d28-fc6e-450e-af62-2c9cab86635d,8fccb07f-2b5c-432f-a239-ed9561322c3d,d1dfaba1-cb3b-42f8-8259-441d9267cb0e,2025-07-24,9b59c432-8c51-4711-add6-e758552bafc3,,1,2008729,0,2008729,2026-06-18 23:55:42.102791+00
8f830c15-c97b-4053-b6e3-8fbb0cf5824c,7626ad45-ae40-4049-8762-b463ad93aa47,cabe38fb-c1fb-4d88-8c28-c39edf935d03,2025-02-24,dc96db54-a1c0-4be1-81f5-c22f9594bf7d,,1,172956,0,172956,2026-06-18 23:55:42.102791+00
fc3822a0-9ddb-48ca-9d11-1e58d2152e58,fb1b8181-4840-410c-9b6a-2a464cad2abc,6577fc5d-96c3-4310-9361-b8f7cc1920a5,2025-06-17,dc96db54-a1c0-4be1-81f5-c22f9594bf7d,,1,174000,0,174000,2026-06-18 23:55:42.102791+00
a05f86ed-9ad8-4c2c-b07b-9c00befe0bcc,351746ce-3327-4096-b817-517cd172e8dc,e5718499-7088-4979-8a6f-ef1ce907ee1c,2025-12-19,3e712b36-d74e-4eeb-9dc1-d51ddf89de8f,,1,3950,0,3950,2026-06-18 23:55:42.102791+00
cd1b23c6-c035-4928-b704-8d4e4c8b3ee9,842f4525-19f5-42e8-a8da-6ce81d61c677,e2b4ec41-ba87-4dae-82a5-738c777b78e6,2025-01-04,3c61dcc1-cbd1-4594-9879-2b7ca831edfa,,1,2744927,0,2744927,2026-06-18 23:55:42.102791+00
2a22a45b-d9a5-4d60-81a6-719d56051dc4,4dc58764-e674-4d36-8faa-39475858dc17,4e8cc6b1-f40e-4358-87b7-d3b3d6720d73,2026-01-21,ee72dd0b-2a9c-4acd-9b20-433e6a327c96,,1,1810500,0,1810500,2026-06-18 23:55:42.102791+00
cde295c2-61f7-438c-a2f6-e22a79f9c825,8ad45420-2a6b-4b00-aeb4-259b169f9961,b34e4a9d-80bd-4089-8edc-68ab097650b6,2024-09-27,2f16462b-aa4d-49ee-a9ec-eab4a0f517ed,,1,2166675,0,2166675,2026-06-18 23:55:42.102791+00
a0e3b669-1cc8-41c7-9c9e-459389bef6fb,d06b7ae4-401e-4cb3-b4a9-900c67b8ac3d,0c7083b2-64b8-4f52-8fac-c0fa1883a320,2026-02-18,ee72dd0b-2a9c-4acd-9b20-433e6a327c96,,1,2672250,0,2672250,2026-06-18 23:55:42.102791+00
dce4adf7-bfc0-4768-8fb7-9bbc65d3a51d,327c17da-e5fc-446f-8fd7-86ff2f199c76,4e957e32-ab9a-41df-94e7-63eb57e8f5fd,2026-03-06,ee72dd0b-2a9c-4acd-9b20-433e6a327c96,,25010,1875750,0,1875750,2026-06-18 23:55:42.102791+00
fb989adb-3411-417b-a6bf-3efdfcb126f6,327c17da-e5fc-446f-8fd7-86ff2f199c76,e5edb260-fc79-42b3-a442-99555fde81ef,2026-03-06,ee72dd0b-2a9c-4acd-9b20-433e6a327c96,,500,0,0,0,2026-06-18 23:55:42.102791+00
d30210a4-2a18-44c6-affa-1b7c22c358ce,2305b7f9-f87a-49a1-8c8a-3a6b53b1f93e,16b7d682-c0cf-465d-842a-0d559414a1d7,2026-03-06,ee72dd0b-2a9c-4acd-9b20-433e6a327c96,,49995,3749625,0,3749625,2026-06-18 23:55:42.102791+00
c01c133f-da85-4c79-b912-489b00fec563,2305b7f9-f87a-49a1-8c8a-3a6b53b1f93e,0c56b200-a2f1-4647-8b80-2b0c328adb82,2026-03-06,ee72dd0b-2a9c-4acd-9b20-433e6a327c96,,1000,0,0,0,2026-06-18 23:55:42.102791+00
9e43800e-8943-42b3-b92f-617a71a6c2ae,e3a6de15-a837-466d-ba2a-3abb092c0391,7be839e1-19c1-4558-bf7c-73048a560ee5,2026-03-09,ee72dd0b-2a9c-4acd-9b20-433e6a327c96,,50000,3750000,0,3750000,2026-06-18 23:55:42.102791+00
86afcfed-af91-4ff2-98c8-b38b7d5aedbe,e3a6de15-a837-466d-ba2a-3abb092c0391,8a35b29f-b670-4f13-a6fe-8537a14f8e79,2026-03-09,ee72dd0b-2a9c-4acd-9b20-433e6a327c96,,1000,0,0,0,2026-06-18 23:55:42.102791+00
40457294-006c-470f-8d06-58544dc918c9,887a9c78-1801-43c4-83e7-97dcaced1932,af5c96d2-aa39-46df-8959-dfdcad371260,2026-03-07,dc96db54-a1c0-4be1-81f5-c22f9594bf7d,,2080,51521.6,0,51521.6,2026-06-18 23:55:42.102791+00
afb3d4f1-7783-4aee-9044-9b784d26c84e,887a9c78-1801-43c4-83e7-97dcaced1932,3f843811-0278-466e-b189-fb73eee09dac,2026-03-07,dc96db54-a1c0-4be1-81f5-c22f9594bf7d,,3500,120750,0,120750,2026-06-18 23:55:42.102791+00
ae86087e-506a-413f-9c39-8a391ca2e979,26d0730c-3d56-4a29-bc8b-f48af661ca81,50e0e340-989d-44bb-a515-3b70614cc69a,2026-03-12,ee72dd0b-2a9c-4acd-9b20-433e6a327c96,,25000,1875000,0,1875000,2026-06-18 23:55:42.102791+00
1cacd8fd-8a75-41e3-afa4-0a7216a749fa,26d0730c-3d56-4a29-bc8b-f48af661ca81,36666aa4-fb33-4b5c-b162-ca1f0c333878,2026-03-12,ee72dd0b-2a9c-4acd-9b20-433e6a327c96,,500,0,0,0,2026-06-18 23:55:42.102791+00
569387a5-7107-49ee-922c-eccc89f55fa2,ace9af9d-a2d7-4165-9446-756245fb9c96,1262eb6b-8585-4100-a8a9-3752481028ea,2026-03-02,ee72dd0b-2a9c-4acd-9b20-433e6a327c96,,50005,3750375,0,3750375,2026-06-18 23:55:42.102791+00
b777f1f5-05ee-44db-863a-ae4085329921,ace9af9d-a2d7-4165-9446-756245fb9c96,f4f9855b-ccc1-44c2-8040-340750e97231,2026-03-02,ee72dd0b-2a9c-4acd-9b20-433e6a327c96,,1000,0,0,0,2026-06-18 23:55:42.102791+00
c6bf629b-635c-482c-b95c-d027b129b9a2,b7d237ed-de68-42e2-9fdb-b7c2ef841531,ea502f19-7435-400c-9b33-17cac8b13a11,2026-03-16,ee72dd0b-2a9c-4acd-9b20-433e6a327c96,,54216,4066200,0,4066200,2026-06-18 23:55:42.102791+00
705603fb-28e4-4835-8165-37dcb26ab65a,b7d237ed-de68-42e2-9fdb-b7c2ef841531,155bc642-3bb7-43a8-ae9f-b0fcd10a90e2,2026-03-16,ee72dd0b-2a9c-4acd-9b20-433e6a327c96,,542,0,0,0,2026-06-18 23:55:42.102791+00
2bcf957f-1f71-491d-b833-c3e404375e8b,f2842050-fda0-4f15-afe8-19afde26d53f,382c21ca-b420-457f-858c-d39bbc9bfa99,2026-03-30,ee72dd0b-2a9c-4acd-9b20-433e6a327c96,,18072,1355400,0,1355400,2026-06-18 23:55:42.102791+00
a5b386b8-62e5-4463-8727-ac50922863ec,f2842050-fda0-4f15-afe8-19afde26d53f,35cef7b6-37d3-46fd-b942-5b3c7238ce75,2026-03-30,ee72dd0b-2a9c-4acd-9b20-433e6a327c96,,180,0,0,0,2026-06-18 23:55:42.102791+00
6a09d567-7216-4a15-bc87-78c507e77085,85ab136f-e068-4a1c-bab1-bc1c35cad805,d2afabcb-e5c6-4781-8c2c-bfa640fcf1e9,2026-04-01,b21d4cc7-0760-4deb-8ee6-fba3b4884487,,52019.55,4941857.25,0,4941857.25,2026-06-18 23:55:42.102791+00
552ec87c-9996-4bf8-b806-b89ec41fa40e,85ab136f-e068-4a1c-bab1-bc1c35cad805,dfd41b3f-431b-49f9-bdc2-5538a3bd6184,2026-04-01,b21d4cc7-0760-4deb-8ee6-fba3b4884487,,1000,0,0,0,2026-06-18 23:55:42.102791+00
f07a901e-9791-437a-84ad-d99dbcbe76cc,85ab136f-e068-4a1c-bab1-bc1c35cad805,0e412a1c-5880-487c-96eb-66f9107b8e50,2026-04-01,b21d4cc7-0760-4deb-8ee6-fba3b4884487,,525.45,0,0,0,2026-06-18 23:55:42.102791+00
bb0d6f3c-a568-4b54-a054-8a626bd76dc7,94d85fac-077e-48d2-bb7d-4156461f5067,dbca2188-c69f-4211-a821-be53d2003590,2026-04-01,b21d4cc7-0760-4deb-8ee6-fba3b4884487,,55613.25,5283258.75,0,5283258.75,2026-06-18 23:55:42.102791+00
252cee56-0117-4493-bb01-a8bb826e0774,94d85fac-077e-48d2-bb7d-4156461f5067,1aa4ce0f-0031-4164-b022-7767bbc2effb,2026-04-01,b21d4cc7-0760-4deb-8ee6-fba3b4884487,,1100,0,0,0,2026-06-18 23:55:42.102791+00
7286f30c-7775-4a5f-904f-a50551b0ea40,94d85fac-077e-48d2-bb7d-4156461f5067,8e82867a-f2ca-452a-9668-fdbaa8879739,2026-04-01,b21d4cc7-0760-4deb-8ee6-fba3b4884487,,561.75,0,0,0,2026-06-18 23:55:42.102791+00
4dcb5cd3-b003-4f91-a364-895216256465,b90be7e7-21a0-4051-a989-9245d01eef09,89dd9f15-2d4a-46a0-b150-016a226c634f,2026-02-27,dc96db54-a1c0-4be1-81f5-c22f9594bf7d,,500,17250,0,17250,2026-06-18 23:55:42.102791+00
a474d749-86d8-446a-abe7-3461b9d9ad26,f4c76680-2433-4463-b710-66c73addb409,50dad0df-1d17-48ab-b919-de5a96021f78,2026-03-06,dc96db54-a1c0-4be1-81f5-c22f9594bf7d,,500,17250,0,17250,2026-06-18 23:55:42.102791+00
c2e6865f-fb0d-4ea8-8c39-41350f5fef89,467b0da4-5eac-4f61-b3ad-314a13b26ab8,a336277e-925f-4766-b4ae-4423136703bd,2026-03-10,dc96db54-a1c0-4be1-81f5-c22f9594bf7d,,3000,38418,0,38418,2026-06-18 23:55:42.102791+00
9a047a27-f2de-4aa3-a2d2-f56bb380ee6f,ea849f32-751c-46f1-8a0c-13f708d4f481,74f47de2-e5f2-4c6b-91c0-74ca1c505b2b,2026-04-02,ee72dd0b-2a9c-4acd-9b20-433e6a327c96,,34581,2593575,0,2593575,2026-06-18 23:55:42.102791+00
a35263ff-d208-4d1c-99f6-2938a690d270,ea849f32-751c-46f1-8a0c-13f708d4f481,bcf7757d-a7af-4bf8-b012-13bd53b30564,2026-04-02,ee72dd0b-2a9c-4acd-9b20-433e6a327c96,,345,0,0,0,2026-06-18 23:55:42.102791+00
727702c8-e173-469f-a25c-0ea7e20e1944,5880a0bb-d05c-4b00-bd25-3d5e47ce5fce,15113581-6479-4c11-9edf-bd64baa8d7e2,2026-04-03,b21d4cc7-0760-4deb-8ee6-fba3b4884487,,66334.95,6194025.95625,0,6194025.95625,2026-06-18 23:55:42.102791+00
312f5c37-c205-4f64-a14a-09951970e934,5880a0bb-d05c-4b00-bd25-3d5e47ce5fce,cd0f0455-d01c-421c-8ece-42e1291fc8cc,2026-04-03,b21d4cc7-0760-4deb-8ee6-fba3b4884487,,1300,0,0,0,2026-06-18 23:55:42.102791+00
332a729f-b298-4c93-8708-dce8feebf715,5880a0bb-d05c-4b00-bd25-3d5e47ce5fce,6aac44e5-6a00-43b3-ae58-c4ad6cf53a27,2026-04-03,b21d4cc7-0760-4deb-8ee6-fba3b4884487,,670.05,0,0,0,2026-06-18 23:55:42.102791+00
1b2fd9bf-fa6e-4fac-a88a-5e4865e8ae57,e13dd5c6-63b3-4329-be95-60bd544bc62d,40b8604f-ed3b-4076-af6b-91c093901e81,2026-04-04,5356dd93-6a82-4d63-a0f7-31ef05ccd7f3,,65146.95,6083096.45625,0,6083096.45625,2026-06-18 23:55:42.102791+00
adef9316-9b0f-488a-8992-0393ec294ffe,e13dd5c6-63b3-4329-be95-60bd544bc62d,3d75fd03-d4b5-48cb-843b-fd0ee93dcb79,2026-04-04,5356dd93-6a82-4d63-a0f7-31ef05ccd7f3,,1309,0,0,0,2026-06-18 23:55:42.102791+00
137f153b-b0d7-40a4-9e94-f4a4fa9d22e3,e13dd5c6-63b3-4329-be95-60bd544bc62d,4b55c039-b444-4b66-954b-ae05863fcfaa,2026-04-04,5356dd93-6a82-4d63-a0f7-31ef05ccd7f3,,658.05,0,0,0,2026-06-18 23:55:42.102791+00
008db00f-4fca-4463-9630-0a4383850165,b48cd386-fc94-4eee-a8b9-b13ac49496df,7ae5a643-9004-4685-a50a-21912b64f47b,2026-04-06,ee72dd0b-2a9c-4acd-9b20-433e6a327c96,,11203,840225,0,840225,2026-06-18 23:55:42.102791+00
67f426b8-cfd3-4964-a72a-bde3af6a87d8,b48cd386-fc94-4eee-a8b9-b13ac49496df,47bfbbb0-9c93-45b4-ad54-fbae60214cc3,2026-04-06,ee72dd0b-2a9c-4acd-9b20-433e6a327c96,,112,0,0,0,2026-06-18 23:55:42.102791+00
18ddc512-aee3-4f51-878f-5888a238e19b,feeb7a49-fac4-4f0a-b796-b2313f4c5ee2,13b92efa-6a02-40fb-82f2-c65ff53b49c9,2026-04-07,ee72dd0b-2a9c-4acd-9b20-433e6a327c96,,36192,2714400,0,2714400,2026-06-18 23:55:42.102791+00
dad6ccbc-27ef-43a5-bf33-726787344179,feeb7a49-fac4-4f0a-b796-b2313f4c5ee2,b30e885f-9325-4557-b4f0-c6f076003921,2026-04-07,ee72dd0b-2a9c-4acd-9b20-433e6a327c96,,362,0,0,0,2026-06-18 23:55:42.102791+00
febf6b50-429d-4f46-a6e7-3bf6f63ffc0d,6bd1e940-4fa8-4908-9352-7aafc7764349,c01e6939-9515-42be-88ed-058cab215fce,2026-04-07,ee72dd0b-2a9c-4acd-9b20-433e6a327c96,,38808,2910600,0,2910600,2026-06-18 23:55:42.102791+00
684f30c8-9608-44a8-b0ac-fcee0b5d4662,6bd1e940-4fa8-4908-9352-7aafc7764349,b11b866b-1614-4d0c-a6c6-e0800483da45,2026-04-07,ee72dd0b-2a9c-4acd-9b20-433e6a327c96,,389,0,0,0,2026-06-18 23:55:42.102791+00
113a0e92-46c1-4243-9fd8-e62b0fd94eef,71498e6d-7981-4e9b-bfa2-058c77ecc316,2ec4fef4-e5d8-49ac-8bc6-32e42aa24aad,2026-04-07,96bdd17d-e2c7-4081-b5f4-cc9826bb78f4,,65067.75,6100101.5625,0,6100101.5625,2026-06-18 23:55:42.102791+00
cb6967a4-8741-40c0-84d3-85133fee7eb7,71498e6d-7981-4e9b-bfa2-058c77ecc316,732736ff-0bbd-4032-9c11-a48da5e7735b,2026-04-07,96bdd17d-e2c7-4081-b5f4-cc9826bb78f4,,1300,26000,0,26000,2026-06-18 23:55:42.102791+00
c4198952-dcfd-4896-b680-b1cce0453b36,71498e6d-7981-4e9b-bfa2-058c77ecc316,b8208119-e3a2-41f2-844a-31b7f5cec931,2026-04-07,96bdd17d-e2c7-4081-b5f4-cc9826bb78f4,,657.25,0,0,0,2026-06-18 23:55:42.102791+00
7218b563-a781-43d2-9551-119f1064afb3,aca036ad-a061-4f00-8641-4cd25e3b248a,5eb2d40c-ee70-44f8-ba16-a0af2a891e1f,2026-04-07,dc96db54-a1c0-4be1-81f5-c22f9594bf7d,,1315,88948.441,0,88948.441,2026-06-18 23:55:42.102791+00
70b3adc2-e106-4ffa-8ae1-74df36c500c8,41aeba07-1b02-4a21-b1af-ab20e9e60668,200ed92e-4189-4142-9ab4-319b5ec7d997,2026-04-07,dc96db54-a1c0-4be1-81f5-c22f9594bf7d,,700,48164.97,0,48164.97,2026-06-18 23:55:42.102791+00
30f227c6-42f6-4fbf-9424-45d5c51809cc,ececff2c-37ae-45e6-a8e4-d804c35afe26,5d9b90ed-141c-4d7c-85bf-f19453a24f1a,2026-04-09,dc96db54-a1c0-4be1-81f5-c22f9594bf7d,,1135,77519.9325,0,77519.9325,2026-06-18 23:55:42.102791+00
d7eb83ce-57a7-47db-88fb-fc8c41b1fdca,10cfb41c-59ab-4492-a1df-7bc6b8380c83,d6d4c111-2c6d-4a5e-8fee-2aa805693b87,2026-04-13,b21d4cc7-0760-4deb-8ee6-fba3b4884487,,59474.25,5203996.875,0,5203996.875,2026-06-18 23:55:42.102791+00
379ea781-b099-4720-9bea-8580f9fb2f27,10cfb41c-59ab-4492-a1df-7bc6b8380c83,f5385e81-bddb-4ed3-b3da-adf0f2d1c651,2026-04-13,b21d4cc7-0760-4deb-8ee6-fba3b4884487,,1202,0,0,0,2026-06-18 23:55:42.102791+00
6c1a5b82-b10b-43fa-9838-f14ae51db82c,10cfb41c-59ab-4492-a1df-7bc6b8380c83,ea136103-ce00-4d16-b65d-b92925b2d0d2,2026-04-13,b21d4cc7-0760-4deb-8ee6-fba3b4884487,,600.75,0,0,0,2026-06-18 23:55:42.102791+00
6b95debe-1a32-4659-ab98-d5584b573a6e,9bc304aa-1685-419e-85b7-0189303b80f7,41eeda78-468e-4e14-a730-bb5fac5e0871,2026-04-15,163c153e-cdee-4abb-93b9-c64090b57bd8,,15993.45,1303466.175,0,1303466.175,2026-06-18 23:55:42.102791+00
45248d19-4fea-4e60-a66a-0e5d3f5098e3,9bc304aa-1685-419e-85b7-0189303b80f7,ea352ed7-bff0-4a83-b6fd-e9adeb006360,2026-04-15,163c153e-cdee-4abb-93b9-c64090b57bd8,,324,0,0,0,2026-06-18 23:55:42.102791+00
872174f8-2daf-46a4-927e-8e39606efae4,9bc304aa-1685-419e-85b7-0189303b80f7,94138801-5f26-487c-8245-07969e807538,2026-04-15,163c153e-cdee-4abb-93b9-c64090b57bd8,,161.55,0,0,0,2026-06-18 23:55:42.102791+00
98f9f4a6-979e-4650-a7df-5172d8bdde28,953eaeec-32d7-486e-8af9-c34a29667304,359d2bcb-1051-4cb4-8fe9-0ef9c5ce0064,2026-04-16,be6aebf8-8a0f-4527-a9d4-d94f09f3c93a,,12295.8,1005181.6499999999,0,1005181.6499999999,2026-06-18 23:55:42.102791+00
d353972f-03b5-43da-b419-343f69cf28d2,953eaeec-32d7-486e-8af9-c34a29667304,fdc44c4a-e972-4b98-ac4b-97c94ffa1749,2026-04-16,be6aebf8-8a0f-4527-a9d4-d94f09f3c93a,,249,0,0,0,2026-06-18 23:55:42.102791+00
bc4ac12d-9c60-40ec-9736-7c3b1484d785,953eaeec-32d7-486e-8af9-c34a29667304,fa8c0845-5fe5-424e-92cf-7fd4064ff77f,2026-04-16,be6aebf8-8a0f-4527-a9d4-d94f09f3c93a,,124.2,0,0,0,2026-06-18 23:55:42.102791+00
e33b23ea-93bc-4550-8107-0fe9f44b49cd,008b0ed3-9a77-4f31-956e-792c74878819,d12da8a1-d2fd-4833-9d7a-1e0186fcba30,2026-04-17,be6aebf8-8a0f-4527-a9d4-d94f09f3c93a,,12355.2,1010037.6000000001,0,1010037.6000000001,2026-06-18 23:55:42.102791+00
21034ba0-0fe2-4d65-acee-e590f6f578fd,c09e211f-eece-40f0-8e56-01f1cdddd733,c758b0b7-54bb-4623-a217-0afa5d6db2bf,2026-04-18,163c153e-cdee-4abb-93b9-c64090b57bd8,,17711.1,1470021.2999999998,0,1470021.2999999998,2026-06-18 23:55:42.102791+00
ad771387-1fa9-4e36-be2c-95f7326a6484,c09e211f-eece-40f0-8e56-01f1cdddd733,b1c37085-edac-46b5-8afd-df4b344680f8,2026-04-18,163c153e-cdee-4abb-93b9-c64090b57bd8,,358,0,0,0,2026-06-18 23:55:42.102791+00
776f3a3a-2d74-4f92-ad10-8b5473940a79,c09e211f-eece-40f0-8e56-01f1cdddd733,f7eb299f-3152-40d8-9ab5-07e887a04db1,2026-04-18,163c153e-cdee-4abb-93b9-c64090b57bd8,,178.9,0,0,0,2026-06-18 23:55:42.102791+00
b1d867e4-4fab-4da0-810c-db2845c0722c,edef7b00-d058-4420-bfd8-68b8a3c1056c,86194210-7b5a-41b7-b970-ca07ed64c387,2026-04-18,be6aebf8-8a0f-4527-a9d4-d94f09f3c93a,,11592.9,970905.375,0,970905.375,2026-06-18 23:55:42.102791+00
b7e81516-6ce1-4ac2-bf66-16383f4f69c6,edef7b00-d058-4420-bfd8-68b8a3c1056c,f07ec4c8-df1c-479f-9cef-757d44644690,2026-04-18,be6aebf8-8a0f-4527-a9d4-d94f09f3c93a,,0,0,0,0,2026-06-18 23:55:42.102791+00
07688704-e49f-4ec6-a434-093539ba7561,edef7b00-d058-4420-bfd8-68b8a3c1056c,e5a03869-a327-4dad-a80e-45ddc11973f9,2026-04-18,be6aebf8-8a0f-4527-a9d4-d94f09f3c93a,,117.1,0,0,0,2026-06-18 23:55:42.102791+00
c071d4fd-a1f4-4c0c-8929-044e5790718b,235841a6-7e80-4d9b-8280-56e4cf653cf8,5ebc1383-c301-4f09-97df-a30362f5633d,2026-04-20,b21d4cc7-0760-4deb-8ee6-fba3b4884487,,33531.3,2967520.0500000003,0,2967520.0500000003,2026-06-18 23:55:42.102791+00
0de4f620-8a34-4696-a0b8-dfe8e4422c45,235841a6-7e80-4d9b-8280-56e4cf653cf8,f96cc7ac-bd5e-4baa-b0bd-0c7461373bd9,2026-04-20,b21d4cc7-0760-4deb-8ee6-fba3b4884487,,678,0,0,0,2026-06-18 23:55:42.102791+00
8e1101e9-506a-4fdc-b74a-ba0d5da0f0cf,235841a6-7e80-4d9b-8280-56e4cf653cf8,bbe9ce6b-09eb-45cc-92fb-88920167b55c,2026-04-20,b21d4cc7-0760-4deb-8ee6-fba3b4884487,,338.7,0,0,0,2026-06-18 23:55:42.102791+00
10c58378-4627-4b6e-9ddf-914892af95f2,4c005dd6-e091-4846-9e48-6cfb1a142126,25c2516a-aa8d-4a9e-a696-4cd02246dcaf,2026-04-23,dc96db54-a1c0-4be1-81f5-c22f9594bf7d,,715,49490.7985,0,49490.7985,2026-06-18 23:55:42.102791+00
45e6ec4d-8b9d-4337-8562-a59baa249f17,4c005dd6-e091-4846-9e48-6cfb1a142126,a31730bd-52a7-4881-bbd7-6fd611ec1387,2026-04-23,dc96db54-a1c0-4be1-81f5-c22f9594bf7d,,400,27687.16,0,27687.16,2026-06-18 23:55:42.102791+00
3b4695e6-dc2f-45ca-a895-abdd07ba0b04,4c005dd6-e091-4846-9e48-6cfb1a142126,8e7f2ee0-cb45-4c58-ba3a-328e233e22ba,2026-04-23,dc96db54-a1c0-4be1-81f5-c22f9594bf7d,,1470,50568,0,50568,2026-06-18 23:55:42.102791+00
fd6249d1-3896-49ed-ae05-47661ab246b6,9c3273dd-03e2-4057-aaa2-f7988646be0b,623e532a-7ee6-4bd7-9b74-25c624105ed5,2026-04-23,b22c68cf-1d75-457c-96cb-dcb32da7712e,,59320.8,5264721,0,5264721,2026-06-18 23:55:42.102791+00
046ddcc0-27d0-4086-ac64-778561a561da,9c3273dd-03e2-4057-aaa2-f7988646be0b,b815e0f3-0c49-478b-8f08-67902ac91d02,2026-04-23,b22c68cf-1d75-457c-96cb-dcb32da7712e,,1200,16800,0,16800,2026-06-18 23:55:42.102791+00
52ff1a51-07f4-4744-88ee-50d7321f3362,9c3273dd-03e2-4057-aaa2-f7988646be0b,29e9778a-5e5b-41d0-aa94-edc257476eaf,2026-04-23,b22c68cf-1d75-457c-96cb-dcb32da7712e,,599.2,0,0,0,2026-06-18 23:55:42.102791+00
c98993f2-5fb8-4879-8657-6eff8eccd364,5a1b6025-ac4d-4276-bad1-cf04a5909cd4,2916443b-e69f-4583-a185-a0d93f9f8be9,2026-04-20,b21d4cc7-0760-4deb-8ee6-fba3b4884487,,33650.1,2978033.85,0,2978033.85,2026-06-18 23:55:42.102791+00
b2663e27-7323-4a09-91a4-e0ab379fb188,5a1b6025-ac4d-4276-bad1-cf04a5909cd4,cd94dcbe-d36b-4505-8e12-7c56f74573a3,2026-04-20,b21d4cc7-0760-4deb-8ee6-fba3b4884487,,339.9,0,0,0,2026-06-18 23:55:42.102791+00
45397af9-99cc-4043-809b-f5542e12758e,8d69964f-192a-4789-a496-021f41f87371,bfb54853-e7a3-4c92-b6db-868d81f973ad,2026-04-23,163c153e-cdee-4abb-93b9-c64090b57bd8,,10865.25,937127.8125,0,937127.8125,2026-06-18 23:55:42.102791+00
4663be49-0728-40bd-8261-dd8671c2c5f3,8d69964f-192a-4789-a496-021f41f87371,b183516d-aa1b-4090-8e99-2a8b87731138,2026-04-23,163c153e-cdee-4abb-93b9-c64090b57bd8,,109.75,0,0,0,2026-06-18 23:55:42.102791+00
0aaa6134-8ecc-404f-8b7f-5243e5365615,d24a63cf-9057-4b52-9771-aa9caec0f8f9,37a048d7-5f74-460c-9d6b-1be824ed40e4,2026-04-24,163c153e-cdee-4abb-93b9-c64090b57bd8,,8514,734332.5,0,734332.5,2026-06-18 23:55:42.102791+00
0a00bfce-8c06-4694-8b0a-05fe4ee505cd,d24a63cf-9057-4b52-9771-aa9caec0f8f9,fc51be2a-3925-4b64-b406-616cb2fe1d8a,2026-04-24,163c153e-cdee-4abb-93b9-c64090b57bd8,,0,0,0,0,2026-06-18 23:55:42.102791+00
f2cb7f82-0ac6-4b56-8dc6-2cfc65f05065,d24a63cf-9057-4b52-9771-aa9caec0f8f9,5970d44f-ff97-421c-a507-e65c1cb48a0b,2026-04-24,163c153e-cdee-4abb-93b9-c64090b57bd8,,86,0,0,0,2026-06-18 23:55:42.102791+00
149bddcd-b69d-4a00-9e93-3555351e36b6,eb5bb21b-9643-4610-bab8-0bec47f11b47,3ec6162d-1a0a-4421-9531-ff91bb0b7f0f,2026-04-24,163c153e-cdee-4abb-93b9-c64090b57bd8,,7487.2,645771,0,645771,2026-06-18 23:55:42.102791+00
ab145f08-0154-4fbf-9491-22bd0431c2a9,eb5bb21b-9643-4610-bab8-0bec47f11b47,59d6a6e9-5834-41b6-b4cd-10cdc80421bf,2026-04-24,163c153e-cdee-4abb-93b9-c64090b57bd8,,0,0,0,0,2026-06-18 23:55:42.102791+00
bb41f663-0dc1-41dc-b330-7f4b27ae40af,eb5bb21b-9643-4610-bab8-0bec47f11b47,cd6558af-c72f-4345-a3c6-2495b00842d2,2026-04-24,163c153e-cdee-4abb-93b9-c64090b57bd8,,76.4,0,0,0,2026-06-18 23:55:42.102791+00
6894f58e-cb32-463e-b08e-1954b0e5dd1b,eb5bb21b-9643-4610-bab8-0bec47f11b47,4c40bd55-5f82-4c5c-8bf8-e495aa75e7b5,2026-04-24,163c153e-cdee-4abb-93b9-c64090b57bd8,,76.4,0,0,0,2026-06-18 23:55:42.102791+00
dc30416d-2651-4c93-b68b-bc1fa0691ee3,60ea9684-de82-4781-bd51-90ea2cd18c15,1e1aaf0d-36e7-4efa-8926-b4578d388165,2026-04-25,b22c68cf-1d75-457c-96cb-dcb32da7712e,,62127.45,5902107.75,0,5902107.75,2026-06-18 23:55:42.102791+00
1d0122af-ef6f-4772-acfd-df12ff429400,60ea9684-de82-4781-bd51-90ea2cd18c15,e97d9c1f-c53b-460e-a58b-2846d509d58a,2026-04-25,b22c68cf-1d75-457c-96cb-dcb32da7712e,,1255,21335,0,21335,2026-06-18 23:55:42.102791+00
5e5ce625-ed9b-4cbc-a31d-3c40a4cf7de2,60ea9684-de82-4781-bd51-90ea2cd18c15,3a50705c-9842-4dcc-b7b6-b8714b00a385,2026-04-25,b22c68cf-1d75-457c-96cb-dcb32da7712e,,627.55,0,0,0,2026-06-18 23:55:42.102791+00
ac77eccd-2c05-4431-b0b0-187bd0ba1a98,35651280-92e9-4ac0-b075-7e4e19d25eff,81c74d32-3f0f-4314-af09-bf08204eb57a,2026-04-28,b22c68cf-1d75-457c-96cb-dcb32da7712e,,32011.65,3041106.75,0,3041106.75,2026-06-18 23:55:42.102791+00
ccac2e27-6b24-40da-9e9a-f2ba94c7f149,35651280-92e9-4ac0-b075-7e4e19d25eff,3e0159e9-fe80-4cf9-a337-d8868d4463b1,2026-04-28,b22c68cf-1d75-457c-96cb-dcb32da7712e,,646,10336,0,10336,2026-06-18 23:55:42.102791+00
46f86fda-e03f-410a-a8f7-a9c561c64fff,35651280-92e9-4ac0-b075-7e4e19d25eff,e8ecece6-c008-4877-91db-355c1f017453,2026-04-28,b22c68cf-1d75-457c-96cb-dcb32da7712e,,323.35,0,0,0,2026-06-18 23:55:42.102791+00
924e2052-d5b0-46ad-8a45-3b39994dda37,9b48ee9b-8e1f-481c-843c-ec5166f764fb,5c686889-d2e3-445d-b973-759c23774c6e,2026-04-28,163c153e-cdee-4abb-93b9-c64090b57bd8,,9944.55,901224.8437499999,0,901224.8437499999,2026-06-18 23:55:42.102791+00
19876eb1-5182-4845-a001-074fbc2eaf89,9b48ee9b-8e1f-481c-843c-ec5166f764fb,219d75a1-a8cb-43d8-b8cd-561a9aa6d238,2026-04-28,163c153e-cdee-4abb-93b9-c64090b57bd8,,0,0,0,0,2026-06-18 23:55:42.102791+00
1a4c69d2-c2d4-4022-874c-6a36286a5799,9b48ee9b-8e1f-481c-843c-ec5166f764fb,97464501-8afa-4011-a99a-c68dcb67047f,2026-04-28,163c153e-cdee-4abb-93b9-c64090b57bd8,,100.45,0,0,0,2026-06-18 23:55:42.102791+00
3467de32-b522-4e0f-8b86-86f79deb0eae,fcc43657-6be1-4f9b-826f-11970717047a,a72116fa-d99e-4075-8eae-75f82857af3b,2026-04-28,163c153e-cdee-4abb-93b9-c64090b57bd8,,12216.6,1107129.375,0,1107129.375,2026-06-18 23:55:42.102791+00
cc9a3eac-36dd-4e5b-9ae3-24d1d2780cc4,fcc43657-6be1-4f9b-826f-11970717047a,9025596a-6fc2-4d54-8765-cf4dfd7c8752,2026-04-28,163c153e-cdee-4abb-93b9-c64090b57bd8,,0,0,0,0,2026-06-18 23:55:42.102791+00
4a8af23d-f27b-466e-a0d0-03d5d2396b7e,fcc43657-6be1-4f9b-826f-11970717047a,74881104-e112-40dc-b67e-da7e17dc40f6,2026-04-28,163c153e-cdee-4abb-93b9-c64090b57bd8,,123.4,0,0,0,2026-06-18 23:55:42.102791+00
d7d236e9-2186-4ba8-8421-743c53c5ce92,15aa67d6-a244-436c-a201-41083b97067c,40a07369-1cb8-4288-99c8-d315dd5fa660,2026-04-25,dc96db54-a1c0-4be1-81f5-c22f9594bf7d,,47,23500,0,23500,2026-06-18 23:55:42.102791+00
b78bc721-2665-4e4c-baf3-05c56bf6b0ca,6cac73af-a9f3-4222-8f34-09bad67ed052,3beff021-baac-4db4-b167-a7976ea3c5f6,2026-05-02,b22c68cf-1d75-457c-96cb-dcb32da7712e,,35209.35,3124829.8125,0,3124829.8125,2026-06-18 23:55:42.102791+00
945c8c25-b682-440d-9854-6ec45591a1d7,6cac73af-a9f3-4222-8f34-09bad67ed052,90020d70-3ccb-4540-8132-427c4e613902,2026-05-02,b22c68cf-1d75-457c-96cb-dcb32da7712e,,700,7000,0,7000,2026-06-18 23:55:42.102791+00
21737f49-901b-49ba-918b-77f57fa76fe6,6cac73af-a9f3-4222-8f34-09bad67ed052,9505861f-a3e7-4e63-bc48-85a17d885cb4,2026-05-02,b22c68cf-1d75-457c-96cb-dcb32da7712e,,355.65,0,0,0,2026-06-18 23:55:42.102791+00
89d79022-2547-4f5b-9cfe-57ffbadc7e28,0b5685e0-64b8-4dae-b31d-814d45cac648,6810ed02-8be6-44fb-85dd-c598a4cb83c6,2026-05-02,b22c68cf-1d75-457c-96cb-dcb32da7712e,,70750.35,6279093.562500001,0,6279093.562500001,2026-06-18 23:55:42.102791+00
5513bc60-16ea-4fbc-9a02-ff56e6f13bdb,0b5685e0-64b8-4dae-b31d-814d45cac648,b934d1d2-6b8d-48b5-8f40-4db4be297221,2026-05-02,b22c68cf-1d75-457c-96cb-dcb32da7712e,,1400,14000,0,14000,2026-06-18 23:55:42.102791+00
74d8ae9b-d767-4357-b15e-a59048f442b8,0b5685e0-64b8-4dae-b31d-814d45cac648,b1de651c-ab39-4660-b2b4-dc1c2d3efa13,2026-05-02,b22c68cf-1d75-457c-96cb-dcb32da7712e,,714.65,0,0,0,2026-06-18 23:55:42.102791+00
e01c032a-3622-4ec2-9476-a91c9972cb06,e1745b63-4925-4334-9d61-045a094f999d,a5601026-ebb1-44c2-bc49-bf9fd0cd46d9,2026-05-02,dc96db54-a1c0-4be1-81f5-c22f9594bf7d,,1000,72162,0,72162,2026-06-18 23:55:42.102791+00
3b9c2d57-896e-4dda-9db4-ab4bf05c023c,bf6048bf-e898-4115-a1a1-54a524387cdb,e230084d-8ba2-4241-b93f-1e4f102098dd,2026-05-04,ee72dd0b-2a9c-4acd-9b20-433e6a327c96,,55300,4147500,0,4147500,2026-06-18 23:55:42.102791+00
96c2bf54-8f50-4105-94ff-7f4737fae5e9,bf6048bf-e898-4115-a1a1-54a524387cdb,94608cd5-c647-4bff-90ab-94653a17c164,2026-05-04,ee72dd0b-2a9c-4acd-9b20-433e6a327c96,,553,0,0,0,2026-06-18 23:55:42.102791+00
2a0e12c8-dd4d-46df-9da0-82a81d59a365,50223319-db7e-4f3d-a19a-8ade269d61b8,073c93ed-08e1-40f1-b857-9a1b231af836,2026-05-04,dc96db54-a1c0-4be1-81f5-c22f9594bf7d,,500,17200,0,17200,2026-06-18 23:55:42.102791+00
2feff66b-b2b4-4253-b2ba-da0ab357cd53,a6130969-f24a-4edd-a330-98d5d18b6492,7232ffe1-2bb7-41ab-9838-9010898d35ab,2026-05-08,163c153e-cdee-4abb-93b9-c64090b57bd8,,12894.75,1212106.5,0,1212106.5,2026-06-18 23:55:42.102791+00
d7dbf5f2-1b57-4724-8704-5dbe3aa31d49,a6130969-f24a-4edd-a330-98d5d18b6492,ace1e5ae-fd85-49b1-909d-d67340987ad8,2026-05-08,163c153e-cdee-4abb-93b9-c64090b57bd8,,0,0,0,0,2026-06-18 23:55:42.102791+00
af220060-26b3-4f54-9163-4492f680ec47,a6130969-f24a-4edd-a330-98d5d18b6492,71013591-eec6-4301-9d1b-5644d4d46575,2026-05-08,163c153e-cdee-4abb-93b9-c64090b57bd8,,130.25,0,0,0,2026-06-18 23:55:42.102791+00
9ea85038-4709-44fe-8c2e-edf46290ea6a,0957c4f8-17ea-43c4-b57f-3290eae74f8d,1b9e990c-38d4-4275-8bd3-c5d8ecf8fb80,2026-05-07,dc96db54-a1c0-4be1-81f5-c22f9594bf7d,,500,17250,0,17250,2026-06-18 23:55:42.102791+00
