id,product_variant_id,quantity,unit_cost,total_value,remaining_quantity,remaining_value,type,reference,created_at,metadata
75237cab-4ac0-4313-bd1e-02bb546843e2,25a20076-8468-420b-97f9-75c1f6275242,0,92.49131590180504,0,0,0,Initial,VAL-RESET-20260430-4422,2026-04-30 18:59:59.999+00,"{""reason"": ""Manual Valuation Override""}"
f705ead6-3691-4709-b499-e50c72f06f35,29f97aa5-e538-4261-b69f-6b1a394015c9,500,25.746671738303537,12873.335869151768,0,0,Purchase,Auto-Repair: Purchase Move for Standard,2026-04-11 06:38:41.974049+00,"{""invalidated_by"": ""VAL-RESET-20260430-3716""}"
6e8a1c9f-9af9-4d11-978c-1fdca4899264,e646adf3-e04a-4919-8dd4-d53927f5584b,3300,44.7060434836286,147529.94349597438,0,0,Adjustment,SYSTEM RECOVERY: Valuation Bridge,2026-03-04 06:36:52.125852+00,"{""reason"": ""Repairing discrepancy between stock_quantity and valuation layers""}"
4202acbe-6420-478a-9b91-d910938404cd,8851e237-ca39-487c-a35f-e28fe711d32c,4600,83.31791705650629,383262.41845992894,0,0,Conversion,CONV-1776949953207,2026-04-23 13:12:33.891051+00,"{""invalidated_by"": ""VAL-RESET-20260430-3716""}"
228ec882-c8bc-4c43-ad53-36dfec12ca98,8b945707-4cb1-4e34-8d12-92da06120bd2,612,0,0,0,0,Adjustment,Opening Balance,2026-02-27 19:00:00+00,"{""invalidated_by"": ""VAL-RESET-20260331-5846""}"
0849aaaf-3c5b-49a7-a2a2-865af1abd5f4,a6707819-7f9c-4968-ad8e-badfec24bef2,4360,44.7060434836286,194918.34958862068,0,0,Production,MO-2026-03-00004,2026-03-03 11:01:33.013488+00,{}
8a45eef4-f614-4bfa-86cf-beb471418ce9,a6707819-7f9c-4968-ad8e-badfec24bef2,6720,44.7060434836286,300424.61220998416,0,0,Adjustment,Stock Sync Correction,2026-03-05 04:04:27.205631+00,
5c0e67e0-5d35-4036-98c2-12607855520a,18568477-1a69-413a-b5bd-94333c860750,4046,0,0,0,0,Adjustment,Opening Balance,2026-02-27 19:00:00+00,"{""is_opening"": true}"
7370285f-67f0-419d-90e9-15ceb0ca8cf0,e646adf3-e04a-4919-8dd4-d53927f5584b,2140,44.7060434836286,95670.9330549652,0,0,Production,MO-2026-03-00004,2026-03-03 11:01:31.079041+00,{}
f803db1b-108a-47ab-820d-564ad7ad3ca2,18568477-1a69-413a-b5bd-94333c860750,2992,65.80261483417483,196881.4235838511,0,0,Production,MO-2026-03-00005,2026-03-04 10:37:19.209616+00,{}
ce896c69-3a9e-4c19-8a93-9af0969a9c40,2c981082-c3ab-47b1-99c3-c34fe22ee02c,11840,0,0,0,0,Adjustment,Opening Balance,2026-02-27 19:00:00+00,"{""is_opening"": true}"
d50d0cb3-1812-451e-ac92-2f0aab34a4a4,da5c9701-b165-4fcf-85ac-7d8abfba8e6b,23,0,0,0,0,Adjustment,Adj: Used old torn packaging,2026-03-05 09:28:24.715644+00,{}
5cc72479-469d-4670-8fee-49be0a5fa6cf,d23536f3-0d86-4dcd-934e-9085566d4dc7,50005,77.999700029997,3900375,0,0,Purchase,Bill f4294ca5,2026-03-03 07:00:00+00,{}
cbb3ae0b-6656-46c8-8950-94c2c67c6827,5ffd5921-5ad2-4d30-b598-4337f1a39464,200,0,0,0,0,Adjustment,Opening Balance,2026-02-27 19:00:00+00,"{""is_opening"": true}"
c40a350f-0ed7-446a-a12a-318883616a4b,c8ca813c-e4be-428e-aef8-503eeeb948b7,3992,0,0,0,0,Adjustment,Opening Balance,2026-02-27 19:00:00+00,"{""invalidated_by"": ""VAL-RESET-20260331-5846""}"
818730d7-a86a-4c2d-8c3a-027daafc0161,29f97aa5-e538-4261-b69f-6b1a394015c9,12964,0,0,0,0,Adjustment,Opening Balance,2026-02-27 19:00:00+00,"{""invalidated_by"": ""VAL-RESET-20260331-5846""}"
e2ba6869-1813-4340-9c6e-ee87e27c4036,2940757a-5bfb-4470-88bb-7346e6738f71,5225,0,0,0,0,Adjustment,Opening Balance,2026-02-27 19:00:00+00,"{""invalidated_by"": ""VAL-RESET-20260331-5846""}"
c5961c9d-35f5-48bd-8c13-026d4a62b9dd,a40b07a6-2948-489d-8dec-5e206ba38989,4698,0,0,0,0,Adjustment,Opening Balance,2026-02-27 19:00:00+00,"{""invalidated_by"": ""VAL-RESET-20260331-5846""}"
4a498b29-b168-4ad8-bfc0-6083458f7e58,da5c9701-b165-4fcf-85ac-7d8abfba8e6b,360,0,0,0,0,Adjustment,Opening Balance,2026-02-27 19:00:00+00,"{""is_opening"": true}"
6fcc3d68-585d-43f2-89f3-b3538e01c028,e560c8fd-332b-48cb-b7de-125a590bcb0c,8000,44.7060434836286,357648.3478690288,0,0,Production,MO-2026-03-00004,2026-03-03 11:01:27.139057+00,"{""invalidated_by"": ""VAL-RESET-20260331-5846""}"
84baff0a-125e-409c-9da4-b2b40f1d0134,31960d22-7e96-457a-b977-2f6cca95735b,104,0,0,0,0,Adjustment,Opening Balance,2026-02-27 19:00:00+00,"{""invalidated_by"": ""VAL-RESET-20260331-5846""}"
679081bd-d441-4989-9414-4ea99296d6d2,2c981082-c3ab-47b1-99c3-c34fe22ee02c,2480,65.80261483417483,163190.4847887536,0,0,Production,MO-2026-03-00005,2026-03-04 10:37:26.078467+00,{}
e5a14a9c-ea65-4d33-b2d0-5b3b49fa5613,8851e237-ca39-487c-a35f-e28fe711d32c,3500,53.08722987720474,185805.3045702166,0,0,Production,MO-2026-03-00006,2026-03-05 09:32:38.341684+00,{}
6f627687-465c-44b7-9c4e-bb96226e59e6,8851e237-ca39-487c-a35f-e28fe711d32c,100,65.80261483417483,6580.261483417483,0,0,Production,MO-2026-03-00005,2026-03-04 10:37:24.001794+00,{}
03c9cb0c-0c9c-49fb-aba4-60a7352ec666,29f97aa5-e538-4261-b69f-6b1a394015c9,1000,2.9997000299970003,2999.7000299970005,0,0,Purchase,Bill f4294ca5,2026-03-03 07:00:00+00,{}
0201e75e-7427-4162-a267-e3e11085a3bf,e646adf3-e04a-4919-8dd4-d53927f5584b,1700,65.80261483417483,111864.44521809721,0,0,Production,MO-2026-03-00005,2026-03-04 10:37:30.285035+00,{}
b3617fa2-b07d-489a-abbb-e4358e295734,2c981082-c3ab-47b1-99c3-c34fe22ee02c,1360,53.08722987720474,72198.63263299844,0,0,Production,MO-2026-03-00006,2026-03-05 09:32:40.431949+00,{}
52b7908c-8fa1-423a-a34c-593e6beedce1,2c08642b-74ca-4429-acfa-8cb3911b39b3,3901,0,0,0,0,Adjustment,Opening Balance,2026-02-27 19:00:00+00,"{""invalidated_by"": ""VAL-RESET-20260331-5846""}"
51ed322f-af31-4c2e-8af9-e64c634dcc06,396eef73-791a-465c-ae17-b78505b08d5f,5680,0,0,0,0,Adjustment,Opening Balance,2026-02-27 19:00:00+00,"{""is_opening"": true}"
94bd3456-a2fb-4559-90df-4a2f1e46c451,2c981082-c3ab-47b1-99c3-c34fe22ee02c,2480,44.7060434836286,110870.98783939892,0,0,Production,MO-2026-03-00004,2026-03-03 11:01:29.110448+00,{}
12901056-eb6b-4ea8-959a-33da05a8d8f4,18568477-1a69-413a-b5bd-94333c860750,3638,44.7060434836286,162640.58619344083,0,0,Production,MO-2026-03-00004,2026-03-03 11:01:25.124597+00,{}
1d68a79d-d4e4-48d3-bca6-6ad6e2387f91,65415ac9-fc97-471a-b17f-1340c7b1b55a,2280,25,57000,0,0,Adjustment,Adj: Skipped by the inventory mangement team,2026-03-03 10:42:00.28276+00,"{""invalidated_by"": ""VAL-RESET-20260331-5846""}"
dc6bd18a-45e9-43fc-a026-00aa04541fed,d23536f3-0d86-4dcd-934e-9085566d4dc7,50005,75,3750375,0,0,Purchase,Bill ff5fde63,2026-03-02 07:00:00+00,{}
0e6feadd-5760-4217-874d-c349acbad306,e560c8fd-332b-48cb-b7de-125a590bcb0c,4000,65.80261483417483,263210.45933669934,0,0,Production,MO-2026-03-00005,2026-03-04 10:37:21.871032+00,{}
b7f3ada2-e3b9-408e-b4d1-9e6efb3df109,5ffd5921-5ad2-4d30-b598-4337f1a39464,4880,65.80261483417483,321116.7603907732,0,0,Production,MO-2026-03-00005,2026-03-04 10:37:28.174943+00,{}
19327491-9256-43ef-ae8a-81b682371fda,2c981082-c3ab-47b1-99c3-c34fe22ee02c,8720,35.493313715797754,309501.6956017564,0,0,Adjustment,Stock Sync Correction,2026-03-05 04:04:28.971962+00,
062b4d31-b3c6-44e2-9a28-b88e82b84862,98506d04-47db-4d74-847b-cf3122bc85ad,100,0,0,0,0,Adjustment,Opening Balance,2026-02-27 19:00:00+00,"{""is_opening"": true}"
47aaf17f-4fd2-471b-b955-4c75a47a3f32,98506d04-47db-4d74-847b-cf3122bc85ad,100,53.08722987720474,5308.7229877204745,0,0,Production,MO-2026-03-00006,2026-03-05 09:32:42.626082+00,{}
374d8d33-b736-410d-8d9c-12e9b1e21878,18568477-1a69-413a-b5bd-94333c860750,6392,53.08722987720474,339333.5733750927,0,0,Production,MO-2026-03-00006,2026-03-05 09:32:34.155593+00,{}
76de3b38-568d-46e2-be87-937c90f8b87f,b2f8974f-ab3c-4880-a03d-6d3b29d26c57,5585,0,0,0,0,Adjustment,Opening Balance,2026-02-27 19:00:00+00,"{""invalidated_by"": ""VAL-RESET-20260331-5846""}"
f056ed91-e932-4ddc-87b5-bb840f32d234,102e3e45-c488-4973-91c5-f62f51764ceb,925,0,0,0,0,Adjustment,Opening Balance,2026-02-27 19:00:00+00,"{""invalidated_by"": ""VAL-RESET-20260331-5846""}"
5c094463-b6b2-4007-abea-0ed2921cdb1c,e560c8fd-332b-48cb-b7de-125a590bcb0c,71840,0,0,0,0,Adjustment,Opening Balance,2026-02-27 19:00:00+00,"{""is_opening"": true}"
f1694b05-a7db-47f2-8555-a4f0890e556c,5dc03d6b-a9fc-4d75-976b-db7afb556301,2391,0,0,0,0,Adjustment,Opening Balance,2026-02-27 19:00:00+00,"{""invalidated_by"": ""VAL-RESET-20260331-5846""}"
2086d61c-620f-4e9c-8ab2-d36a0588f72a,d383d741-fa61-4537-9ef9-7fb74115ded0,2053,0,0,0,0,Adjustment,Opening Balance,2026-02-27 19:00:00+00,"{""invalidated_by"": ""VAL-RESET-20260331-5846""}"
d0ccf82e-9351-45e8-8033-613fca451dfd,0825ad1f-baf7-4c6c-b9a8-df86095dac5c,31074,0,0,0,0,Adjustment,Opening Balance,2026-02-27 19:00:00+00,"{""invalidated_by"": ""VAL-RESET-20260331-5846""}"
a175ef3d-aab6-4756-acb1-26d059ccf6d3,36fc17de-cda5-4433-9ab6-525db53d1776,1224,0,0,0,0,Adjustment,Opening Balance,2026-02-27 19:00:00+00,"{""invalidated_by"": ""VAL-RESET-20260331-5846""}"
492b71b8-4bce-4789-9c00-daddd2b49cf6,9e331ef8-d768-4b45-8434-ed8adde48deb,369,0,0,0,0,Adjustment,Opening Balance,2026-02-27 19:00:00+00,"{""invalidated_by"": ""VAL-RESET-20260331-5846""}"
0944c37a-c636-48d4-bb37-0bf3c466c101,29f97aa5-e538-4261-b69f-6b1a394015c9,1000,0,0,0,0,Purchase,Bill ff5fde63,2026-03-02 07:00:00+00,"{""invalidated_by"": ""VAL-RESET-20260331-5846""}"
ee70afb5-10ad-4e08-85e8-2fc6e4bac86b,e560c8fd-332b-48cb-b7de-125a590bcb0c,10000,53.08722987720474,530872.2987720474,0,0,Production,MO-2026-03-00006,2026-03-05 09:32:36.286835+00,"{""invalidated_by"": ""VAL-RESET-20260331-5846""}"
7c21d7bd-1ea1-4b55-8fe6-1ab42242a109,e646adf3-e04a-4919-8dd4-d53927f5584b,1000,61.46500203312794,61465.00203312794,0,0,Adjustment,Stock Sync Correction,2026-03-05 04:04:29.551752+00,
571bd620-9169-4199-8cf1-b59d29b834a5,a6707819-7f9c-4968-ad8e-badfec24bef2,60,52.65174829731443,3159.104897838866,0,0,Sale Return,SCN SCN-2026-03-00021,2026-03-05 12:56:28.417426+00,{}
2ee7fa2a-c2b4-420b-b9aa-a78c56498bfc,a6707819-7f9c-4968-ad8e-badfec24bef2,12140,44.7060434836286,542731.3678912512,0,0,Adjustment,SYSTEM RECOVERY: Valuation Bridge,2026-03-04 06:36:51.618366+00,"{""reason"": ""Repairing discrepancy between stock_quantity and valuation layers""}"
62ee4602-824d-416f-8ed5-78a50c88e593,da5c9701-b165-4fcf-85ac-7d8abfba8e6b,104,0,0,0,0,Adjustment,Adj: Used Bardana,2026-03-06 13:47:57.678655+00,{}
96fb8df9-65cf-46f6-ab63-988fae3c4cb7,e646adf3-e04a-4919-8dd4-d53927f5584b,7850,53.08722987720474,416734.75453605724,0,0,Production,MO-2026-03-00006,2026-03-05 09:32:46.796168+00,{}
4d7c679f-979b-4e5e-94f0-ea31e9c8a6dd,e646adf3-e04a-4919-8dd4-d53927f5584b,1070,53.633329613326524,57387.66268625938,0,0,Sale Return,SCN SCN-2026-03-00016,2026-03-05 12:27:55.687168+00,{}
0a85e9c1-224c-433f-aae8-267bec7f9e0c,e646adf3-e04a-4919-8dd4-d53927f5584b,110,53.633329613326524,5899.666257465918,0,0,Sale Return,SCN SCN-2026-03-00019,2026-03-05 12:34:45.208474+00,{}
916abd57-cd1c-4625-b8b0-34874b53f4dc,e646adf3-e04a-4919-8dd4-d53927f5584b,240,53.633329613326524,12871.999107198366,0,0,Sale Return,SCN SCN-2026-03-00020,2026-03-05 12:39:56.319188+00,{}
35a9c020-6e7f-41c6-ba35-c59bc7fc1b55,e646adf3-e04a-4919-8dd4-d53927f5584b,80,53.633329613326524,4290.666369066122,0,0,Sale Return,SCN SCN-2026-03-00021,2026-03-05 12:56:27.026305+00,{}
a63d6384-8fe7-4b0b-a032-5a4ce26c59e6,a6707819-7f9c-4968-ad8e-badfec24bef2,3220,76.18509234491951,245315.99735064083,0,0,Production,MO-2026-03-00008,2026-03-07 07:09:04.754429+00,{}
016c4793-b194-4a54-ad1f-8e8dc6bc7399,e646adf3-e04a-4919-8dd4-d53927f5584b,-1000,90.85300729482711,-90853.00729482711,0,0,Sale,Auto-Repair: Sale Move for 10,2026-04-11 06:38:44.374222+00,"{""auto_repair"": true, ""stock_move_id"": ""0363d591-4e69-4b11-bd31-639d82969609""}"
bf1900de-b9d6-4109-baf2-95da4754ebac,2c981082-c3ab-47b1-99c3-c34fe22ee02c,-3680,90.10922692546995,-331601.9550857294,0,0,Sale,Auto-Repair: Sale Move for 80,2026-04-11 06:38:47.412592+00,"{""auto_repair"": true, ""stock_move_id"": ""076fc4de-382e-4bed-b1c2-f6cdbc62c1f5""}"
1efbe309-ba29-4874-8a04-add7741bd392,a6707819-7f9c-4968-ad8e-badfec24bef2,80,43.12630368741383,3450.1042949931066,0,0.0000000000000000,Adjustment,Adj Detail: Adjustment,2026-05-01 05:13:16.132989+00,{}
bdb491f7-f820-4b8a-9b91-cfb52b9645e1,a6707819-7f9c-4968-ad8e-badfec24bef2,800,74.69293243962748,59754.34595170199,0,0,Production,MO-2026-03-00007,2026-03-07 07:05:00.894383+00,{}
8c505f06-605f-415e-900a-e5ff7b4ae1f2,a6707819-7f9c-4968-ad8e-badfec24bef2,560,52.65174829731442,29484.979046496075,0,0,Sale Return,SCN SCN-2026-03-00019,2026-03-05 12:34:46.7856+00,{}
34754226-77ed-4733-8816-202f5951f10c,a6707819-7f9c-4968-ad8e-badfec24bef2,20,52.65174829731442,1053.0349659462884,0,0,Sale Return,SCN SCN-2026-03-00020,2026-03-05 12:39:57.527379+00,{}
2eaf00cb-d7cb-4e01-b1cc-5c276ff2b538,a6707819-7f9c-4968-ad8e-badfec24bef2,1500,52.65174829731443,78977.62244597165,0,0,Sale Return,SCN SCN-2026-03-00023,2026-03-05 15:54:19.962972+00,{}
39c085ba-4003-4057-9233-614b7861e66f,a6707819-7f9c-4968-ad8e-badfec24bef2,1800,52.295942648868724,94132.6967679637,0,0,Sale Return,SCN SCN-2026-03-00008,2026-03-06 06:14:57.956876+00,{}
d98ae0a0-f8c0-4b53-8bf1-27bf05c64454,a6707819-7f9c-4968-ad8e-badfec24bef2,7140,89.5,639030,0,0,Adjustment,Opening Balance,2026-02-27 19:00:00+00,"{""is_opening"": true}"
c821b5bb-ace3-420d-8d1b-03fc81fa149c,18568477-1a69-413a-b5bd-94333c860750,1904,74.69293243962748,142215.34336505074,0,0,Production,MO-2026-03-00007,2026-03-07 07:04:53.695761+00,{}
b38832ad-b70e-403d-8a43-aa1734063088,e646adf3-e04a-4919-8dd4-d53927f5584b,920,53.63332961332652,49342.663244260395,0,0,Sale Return,SCN SCN-2026-03-00008,2026-03-06 06:14:53.873159+00,{}
e6bed543-5fb0-4178-8119-ca4f4096c08b,e646adf3-e04a-4919-8dd4-d53927f5584b,1460,89.5,130670,0,0,Adjustment,Opening Balance,2026-02-27 19:00:00+00,"{""is_opening"": true}"
5fdb25b2-8ec9-4074-9d9a-922b6e85d744,a6707819-7f9c-4968-ad8e-badfec24bef2,3920,51.13231295165596,200438.66677049137,0,0,Sale Return,SCN SCN-2026-03-00016,2026-03-05 12:27:57.343827+00,{}
9cbcd227-b24f-4943-8470-c875e94def21,c9697fe6-8ed3-4f78-afea-d12b5f645e53,0,0,0,0,0,Initial,VAL-RESET-20260430-4422,2026-04-30 18:59:59.999+00,"{""reason"": ""Manual Valuation Override""}"
ef69190f-755b-4aad-aac9-ffd2b5549a78,e646adf3-e04a-4919-8dd4-d53927f5584b,1100,75.20419912008789,82724.61903209669,0,0,Adjustment,Valuation Sync Correction (Agentic Fix),2026-03-07 08:50:32.921961+00,"{""reason"": ""Sync physical stock with valuation layers""}"
b5c1b1ce-b36a-4f26-87e1-3c2a22aed254,a6707819-7f9c-4968-ad8e-badfec24bef2,18540,53.08722987720474,984237.2419233759,0,0,Production,MO-2026-03-00006,2026-03-05 09:32:44.762542+00,{}
9b63dafb-1416-456a-bc76-9f80a3bf227c,8851e237-ca39-487c-a35f-e28fe711d32c,3400,53.440435014898355,181697.4790506544,0,0,Sale Return,SCN SCN-2026-03-00022,2026-03-05 15:53:48.087656+00,{}
e51a1460-6c9a-465b-a7c8-30ad9dd30a21,e646adf3-e04a-4919-8dd4-d53927f5584b,2430,74.69293243962748,181503.8258282948,0,0,Production,MO-2026-03-00007,2026-03-07 07:05:03.329516+00,{}
df9759d1-2e30-4b8d-9a82-0590f1f15969,2c981082-c3ab-47b1-99c3-c34fe22ee02c,1120,36.00502859412989,40325.632025425475,0,0,Sale Return,SCN SCN-2026-03-00018,2026-03-05 12:32:01.223391+00,{}
e15b9ea4-3032-4592-9c4f-45961fd0ac7a,da5c9701-b165-4fcf-85ac-7d8abfba8e6b,3500,34.5,120750,0,0,Purchase,PO-2026-03-00019,2026-03-10 09:58:30.044532+00,"{""invalidated_by"": ""VAL-RESET-20260331-5846""}"
2feb6720-40e8-44f1-950f-09c1ce91378b,d23536f3-0d86-4dcd-934e-9085566d4dc7,25010,77.06682027189125,1927441.175,0,0,Purchase,Bill 3b27811d,2026-03-07 07:00:00+00,{}
6e96ffab-d51b-4d04-810d-f26d3d47bcfe,2c981082-c3ab-47b1-99c3-c34fe22ee02c,1360,74.69293243962748,101582.38811789338,0,0,Production,MO-2026-03-00007,2026-03-07 07:04:58.45183+00,{}
533bbf0b-d662-41fe-9285-438f2e0515dd,d23536f3-0d86-4dcd-934e-9085566d4dc7,49995,75,3749625,0,0,Purchase,PO-2026-03-00017,2026-03-07 06:50:40.484829+00,{}
3f7a09cd-69a8-4f25-b212-5396793569f4,98506d04-47db-4d74-847b-cf3122bc85ad,150,74.69293243962748,11203.939865944123,0,0,Production,MO-2026-03-00007,2026-03-07 07:05:05.74361+00,{}
093db459-b88e-4a65-a078-5b59e2939087,aa74113c-9bfa-4286-875a-82d02a6e0f47,1000,89.5,89500,0,0,Sale Return,SCN SCN-2026-03-00025,2026-03-07 08:10:22.474117+00,{}
43ef8485-0d96-4ff9-872d-8c66322ddc9e,c6b76b35-74b4-4b7d-aa4d-e473698b2f81,2000,89.5,179000,0,0,Sale Return,SCN SCN-2026-03-00025,2026-03-07 08:10:24.310463+00,{}
f951fbc0-31b3-45d9-ab3a-f3fa0f8c656b,18568477-1a69-413a-b5bd-94333c860750,1632,76.18509234491951,124334.07070690863,0,0,Production,MO-2026-03-00008,2026-03-07 07:08:57.378011+00,{}
cb8a6576-a13f-4438-89e8-21d17b7e3990,18568477-1a69-413a-b5bd-94333c860750,3536,76.52057409967132,270576.7500164378,0,0,Production,MO-2026-03-00010,2026-03-10 10:18:20.112117+00,{}
31a28048-e6e5-4933-a94e-0bdbe93edb8b,d23536f3-0d86-4dcd-934e-9085566d4dc7,25010,77.06682027189125,1927441.175,0,0,Purchase,Bill 327c17da,2026-03-06 07:00:00+00,{}
6d3ee213-0ccf-4aa0-bc6f-036ecee5d98a,2c981082-c3ab-47b1-99c3-c34fe22ee02c,640,31.70342164523106,20290.18985294788,0,0,Sale Return,SCN SCN-2026-03-00015,2026-03-05 12:25:29.237634+00,{}
490001dd-d51e-4324-911b-ccc073abf2d3,d23536f3-0d86-4dcd-934e-9085566d4dc7,49995,78.83133463346334,3941172.5749999997,0,0,Purchase,Bill 2305b7f9,2026-03-06 07:00:00+00,{}
f70ed2c8-8eea-4b82-9e87-bd2e0919cb51,2c981082-c3ab-47b1-99c3-c34fe22ee02c,1360,76.18509234491951,103611.72558909054,0,0,Production,MO-2026-03-00008,2026-03-07 07:09:02.302423+00,{}
065dcf2a-fe93-48bf-af4b-3111fdbe5f9f,2725799f-a307-4777-8b00-84f03278ab57,2080,24.77,51521.6,0,0,Purchase,PO-2026-03-00019,2026-03-10 09:58:29.697113+00,"{""invalidated_by"": ""VAL-RESET-20260331-5846""}"
e5b31d62-be16-4aaa-8df6-d3cfde96a063,29f97aa5-e538-4261-b69f-6b1a394015c9,500,0,0,0,0,Purchase,PO-2026-03-00016,2026-03-07 04:50:57.087463+00,"{""invalidated_by"": ""VAL-RESET-20260331-5846""}"
cfd365c3-ceaa-48e1-a74f-0aabe2c8ac46,da5c9701-b165-4fcf-85ac-7d8abfba8e6b,3500,34.5,120750,0,0,Purchase,Bill 887a9c78,2026-03-07 07:00:00+00,"{""invalidated_by"": ""VAL-RESET-20260331-5846""}"
e5909474-279c-45fb-a11f-4d764514504f,29f97aa5-e538-4261-b69f-6b1a394015c9,500,2.0668202718912436,1033.4101359456217,0,0,Purchase,Bill 3b27811d,2026-03-07 07:00:00+00,"{""invalidated_by"": ""VAL-RESET-20260331-5846""}"
70e7c26e-e0f8-4c34-bb76-0685f348e453,e560c8fd-332b-48cb-b7de-125a590bcb0c,4000,74.69293243962748,298771.72975850996,0,0,Production,MO-2026-03-00007,2026-03-07 07:04:56.072334+00,"{""invalidated_by"": ""VAL-RESET-20260331-5846""}"
a6eda1f1-5889-4398-93c3-c96ee0abb214,e560c8fd-332b-48cb-b7de-125a590bcb0c,4000,76.18509234491951,304740.36937967804,0,0,Production,MO-2026-03-00008,2026-03-07 07:08:59.841847+00,"{""invalidated_by"": ""VAL-RESET-20260331-5846""}"
b7434b2a-e851-4245-ae97-ea078b54682f,d23536f3-0d86-4dcd-934e-9085566d4dc7,50000,75,3750000,0,0,Purchase,PO-2026-03-00018,2026-03-10 09:35:58.026482+00,"{""invalidated_by"": ""VAL-RESET-20260331-5846""}"
67605f02-301b-4c6c-a425-526bdc72f42f,d23536f3-0d86-4dcd-934e-9085566d4dc7,50000,78.7285,3936425,0,0,Purchase,Bill e3a6de15,2026-03-09 07:00:00+00,"{""invalidated_by"": ""VAL-RESET-20260331-5846""}"
09e9bb36-7ef5-4458-b795-445717fe9ef9,a6707819-7f9c-4968-ad8e-badfec24bef2,60,94.16192859216822,5649.715715530094,0,0.0000000000000000,Conversion,CONV-1777612151196,2026-05-01 05:09:12.034468+00,{}
292b2089-9409-4dbd-af37-8b6d93eb9b9c,a6707819-7f9c-4968-ad8e-badfec24bef2,2460,76.52057409967132,188240.61228519146,0,0,Production,MO-2026-03-00010,2026-03-10 10:18:21.841608+00,{}
1ab1631e-3fdb-4034-82fb-26227b9fc8a7,98506d04-47db-4d74-847b-cf3122bc85ad,100,76.52057409967132,7652.057409967132,0,0,Production,MO-2026-03-00010,2026-03-10 10:18:21.166913+00,{}
b4141792-8dc4-488c-b6a4-6f15a587806f,396eef73-791a-465c-ae17-b78505b08d5f,-5680,78.75570764382422,-447332.41941692156,0,0,Adjustment,Auto-Repair: Adjustment Move for 10,2026-04-11 06:38:51.628186+00,"{""auto_repair"": true, ""stock_move_id"": ""3d1e73d6-82df-4f23-99dc-8f3ee99fadaa""}"
07447da3-9af1-4f53-93d2-1388a9d7bf7a,2c981082-c3ab-47b1-99c3-c34fe22ee02c,2400,76.52057409967132,183649.37783921117,0,0,Production,MO-2026-03-00010,2026-03-10 10:18:20.827809+00,{}
521a8cc8-d21f-4a3b-a185-6dc1393f5851,e560c8fd-332b-48cb-b7de-125a590bcb0c,6080,76.52057409967132,465245.09052600164,0,0,Production,MO-2026-03-00010,2026-03-10 10:18:20.426677+00,"{""invalidated_by"": ""VAL-RESET-20260331-5846""}"
1d5f5f5f-322c-4a93-bd47-4ae53a4d1439,2c981082-c3ab-47b1-99c3-c34fe22ee02c,-2480,90.10922692546995,-223470.8827751655,0,0,Sale,Auto-Repair: Sale Move for 80,2026-04-11 06:38:55.754692+00,"{""auto_repair"": true, ""stock_move_id"": ""ae0efcd1-ac4c-4348-bd89-208448982357""}"
3db6fa41-bd6d-4434-856c-4148b4197183,6e635acf-ca3f-406a-9177-bdaa6406317e,5,79.5280395676993,397.6401978384965,0,0,Production,Auto-Repair: Production Move for 5,2026-04-11 06:39:17.728618+00,"{""invalidated_by"": ""VAL-RESET-20260430-3716""}"
42ccea6b-9a44-4763-8b7b-82e0dc417cfd,18568477-1a69-413a-b5bd-94333c860750,6936,90.7341284885639,629331.9151966792,0,0.0000000000000000,Production,Auto-Repair: Production Move for 34,2026-04-11 06:39:20.31156+00,"{""auto_repair"": true, ""stock_move_id"": ""90c29f8d-67fe-4dc6-8802-36508a660942""}"
a708d670-d844-419d-aa4d-af5305ad52bf,a6707819-7f9c-4968-ad8e-badfec24bef2,-4000,89.572379064604,-358289.516258416,0,0,Sale,Auto-Repair: Sale Move for 20,2026-04-11 06:39:03.763239+00,"{""auto_repair"": true, ""stock_move_id"": ""b6c71b31-937a-4798-aec1-0063fed5db4a""}"
a1450a20-98f8-4ee1-8477-fc61b655984f,a6707819-7f9c-4968-ad8e-badfec24bef2,-1000,89.572379064604,-89572.379064604,0,0,Sale,Auto-Repair: Sale Move for 20,2026-04-11 06:39:06.279064+00,"{""auto_repair"": true, ""stock_move_id"": ""7b25d5ad-758d-4e2d-8b6e-523ea9e76ff3""}"
d45d75e0-0008-461c-91a4-1db2b0f1a94a,e646adf3-e04a-4919-8dd4-d53927f5584b,-1000,90.85300729482711,-90853.00729482711,0,0,Sale,Auto-Repair: Sale Move for 10,2026-04-11 06:39:08.824215+00,"{""auto_repair"": true, ""stock_move_id"": ""04d4d2c2-53d7-4fdc-bf5f-636c785a7df3""}"
e8d542b7-5373-4747-8a57-6a038241fa84,a6707819-7f9c-4968-ad8e-badfec24bef2,-3000,89.572379064604,-268717.137193812,0,0,Sale,Auto-Repair: Sale Move for 20,2026-04-11 06:39:09.484163+00,"{""auto_repair"": true, ""stock_move_id"": ""fc884492-b940-42c0-a173-07e06792c19d""}"
0387269a-a008-4267-a23a-17c3a8e9b268,e646adf3-e04a-4919-8dd4-d53927f5584b,-500,90.85300729482711,-45426.503647413556,0,0,Sale,Auto-Repair: Sale Move for 10,2026-04-11 06:39:11.402948+00,"{""auto_repair"": true, ""stock_move_id"": ""a3bc7e32-35a6-4ff4-b00c-68c23fa42a7a""}"
23c8b234-8e1d-41ea-b58b-4da3d806d7f3,a6707819-7f9c-4968-ad8e-badfec24bef2,-3000,89.572379064604,-268717.137193812,0,0,Sale,Auto-Repair: Sale Move for 20,2026-04-11 06:39:12.053036+00,"{""auto_repair"": true, ""stock_move_id"": ""9b4df300-32db-401d-a59d-afcadf4c55d5""}"
bc876e19-84fe-4a25-a13f-c9255981baf5,e646adf3-e04a-4919-8dd4-d53927f5584b,-3000,90.85300729482711,-272559.0218844813,0,0,Sale,Auto-Repair: Sale Move for 10,2026-04-11 06:39:12.677698+00,"{""auto_repair"": true, ""stock_move_id"": ""7c86883f-a10a-482c-8a7c-dc1c32b42ac2""}"
64d86338-0f22-4e60-86a7-5f6e81e34c96,a6707819-7f9c-4968-ad8e-badfec24bef2,-20,89.572379064604,-1791.4475812920798,0,0,Sale,Auto-Repair: Sale Move for 20,2026-04-11 06:39:13.97601+00,"{""auto_repair"": true, ""stock_move_id"": ""b85c478a-bfba-4a4f-ab26-37aee0170b8d""}"
b8824d2c-8d87-48ee-b3bd-7577bc09ce27,a6707819-7f9c-4968-ad8e-badfec24bef2,-2000,89.572379064604,-179144.758129208,0,0,Sale,Auto-Repair: Sale Move for 20,2026-04-11 06:39:15.207194+00,"{""auto_repair"": true, ""stock_move_id"": ""17e9adfa-0f6c-43fc-b195-55a5354cf999""}"
bd6d4b12-fd2c-401a-9e24-7611ec2fed8e,e646adf3-e04a-4919-8dd4-d53927f5584b,-1000,90.85300729482711,-90853.00729482711,0,0,Sale,Auto-Repair: Sale Move for 10,2026-04-11 06:39:16.45138+00,"{""auto_repair"": true, ""stock_move_id"": ""3a1d89cd-ec95-4dbd-8f62-17eb046db74d""}"
6e418ee3-4e87-4746-81a1-65022e54ad3f,e646adf3-e04a-4919-8dd4-d53927f5584b,-20,90.85300729482711,-1817.060145896542,0,0,Sale,Auto-Repair: Sale Move for 10,2026-04-11 06:39:19.071071+00,"{""auto_repair"": true, ""stock_move_id"": ""d76a7684-d227-45ff-a0fa-f30d120c4362""}"
2174078d-a5d4-44c1-8dce-783edc5d99d7,8851e237-ca39-487c-a35f-e28fe711d32c,800,84.05496475933067,67243.97180746454,0,0,Conversion,CONV-1776949987713,2026-04-23 13:13:08.462863+00,"{""invalidated_by"": ""VAL-RESET-20260430-3716""}"
cfb3d72d-7e66-4f67-8d97-0e80da49a10d,e646adf3-e04a-4919-8dd4-d53927f5584b,-500,90.85300729482711,-45426.503647413556,0,0,Sale,Auto-Repair: Sale Move for 10,2026-04-11 06:39:21.696522+00,"{""auto_repair"": true, ""stock_move_id"": ""f2ec7483-8c3f-4cbb-82a2-d44d086f5442""}"
73f659a4-1cb7-4371-9218-a9913143be7d,a6707819-7f9c-4968-ad8e-badfec24bef2,-4000,89.572379064604,-358289.516258416,0,0,Sale,Auto-Repair: Sale Move for 20,2026-04-11 06:39:22.97946+00,"{""auto_repair"": true, ""stock_move_id"": ""4e51e9b4-3e2f-4289-83ca-c1e4acb62888""}"
911ac12f-ef98-4d2e-94cd-5ab8aafe6e27,e646adf3-e04a-4919-8dd4-d53927f5584b,-1000,90.85300729482711,-90853.00729482711,0,0,Sale,Auto-Repair: Sale Move for 10,2026-04-11 06:39:24.315351+00,"{""auto_repair"": true, ""stock_move_id"": ""9c50331b-b473-4ff2-a179-36a5fb1432fb""}"
b5da5a67-4a65-47ca-a492-5d686225413d,e646adf3-e04a-4919-8dd4-d53927f5584b,-1000,90.85300729482711,-90853.00729482711,0,0,Sale,Auto-Repair: Sale Move for 10,2026-04-11 06:39:25.578011+00,"{""auto_repair"": true, ""stock_move_id"": ""464ecad3-3b6f-4d58-b0d2-25af45d61ad6""}"
cddb0bf5-c090-4672-a5cf-1ac89add6d19,e646adf3-e04a-4919-8dd4-d53927f5584b,-1000,90.85300729482711,-90853.00729482711,0,0,Sale,Auto-Repair: Sale Move for 10,2026-04-11 06:39:26.831441+00,"{""auto_repair"": true, ""stock_move_id"": ""44993104-d92b-4369-b345-c89939102c70""}"
19732581-9f59-4422-a46b-894e5203775f,e646adf3-e04a-4919-8dd4-d53927f5584b,-1000,90.85300729482711,-90853.00729482711,0,0,Sale,Auto-Repair: Sale Move for 10,2026-04-11 06:39:28.077953+00,"{""auto_repair"": true, ""stock_move_id"": ""0bd52ff0-f2bc-471d-bbb0-5b3baad29b3b""}"
18004985-ce7a-4b44-bfc2-3fad7e5e7259,18568477-1a69-413a-b5bd-94333c860750,-10200,90.7341284885639,-925488.1105833517,0,0,Sale,Auto-Repair: Sale Move for 34,2026-04-11 06:39:29.807687+00,"{""auto_repair"": true, ""stock_move_id"": ""869901e1-7d2a-4250-98a0-e235c1b25b1e""}"
33a8c965-4b30-49b5-a4b8-57596fb00d65,a6707819-7f9c-4968-ad8e-badfec24bef2,-4000,89.572379064604,-358289.516258416,0,0,Sale,Auto-Repair: Sale Move for 20,2026-04-11 06:39:31.061011+00,"{""auto_repair"": true, ""stock_move_id"": ""b1900e94-2b41-4d42-a0ef-1091efb208ba""}"
15e76c59-0ecb-4aa2-929b-7d64f10af04a,937ec71e-d35e-4c0a-b48a-7e72d77e86c1,-30,90.25820716819683,-2707.746215045905,0,0,Conversion,Auto-Repair: Conversion Move for 15,2026-04-11 06:39:31.689273+00,"{""auto_repair"": true, ""stock_move_id"": ""f4b0b414-856c-4c24-b208-0ae19fb7f876""}"
18bb63aa-152b-4e01-ba41-f49c7dabd3db,2725799f-a307-4777-8b00-84f03278ab57,-1,24.377363532323745,-24.377363532323745,0,0,Conversion,Auto-Repair: Conversion Move for 20,2026-04-11 06:39:32.295713+00,"{""auto_repair"": true, ""stock_move_id"": ""e909b365-a16e-4ac8-8088-bf832b20a0a7""}"
0e7c5238-006a-46db-a20a-2497ba55decc,b2f8974f-ab3c-4880-a03d-6d3b29d26c57,-1,12.806,-12.806,0,0,Conversion,Auto-Repair: Conversion Move for 10,2026-04-11 06:39:32.902783+00,"{""auto_repair"": true, ""stock_move_id"": ""dfe51ef9-6118-4692-b917-8751d5c0a03b""}"
255f2d4d-714b-4aa6-84c1-cab3fff37106,d23536f3-0d86-4dcd-934e-9085566d4dc7,65146.95,5.7466717383035375,374378.1364016736,0.00,0.00000000000000000000000000000000000000000000,Purchase,Auto-Repair: Purchase Move for Standard,2026-04-11 06:38:58.761137+00,"{""auto_repair"": true, ""stock_move_id"": ""11ad5fdd-ec51-4148-8787-308d421c00cd""}"
ba29a7bb-4759-42b2-83fa-1c03db8ccb47,a6707819-7f9c-4968-ad8e-badfec24bef2,-20,89.572379064604,-1791.4475812920798,0,0,Sale,Auto-Repair: Sale Move for 20,2026-04-11 06:39:34.120006+00,"{""auto_repair"": true, ""stock_move_id"": ""93b18d37-15cc-4eb6-8a17-0e71f3c7c0c9""}"
d3078be5-ffcc-455b-a893-fd7ddec9192f,2c981082-c3ab-47b1-99c3-c34fe22ee02c,-3200,90.10922692546995,-288349.52616150386,0,0,Sale,Auto-Repair: Sale Move for 80,2026-04-11 06:39:34.725714+00,"{""auto_repair"": true, ""stock_move_id"": ""0e289a03-469a-4718-ba13-149a510a2267""}"
8d9d7699-66d5-45f0-a51b-4d684e59b583,a6707819-7f9c-4968-ad8e-badfec24bef2,420,89.572379064604,37620.399207133676,0,0.0000000000000000,Production,Auto-Repair: Production Move for 20,2026-04-11 06:39:33.504438+00,"{""auto_repair"": true, ""stock_move_id"": ""0913b5e2-dfa5-49c6-8c36-5930d5c543b5""}"
4c154da2-322e-4a17-afc7-c199e7ca4c9a,d23536f3-0d86-4dcd-934e-9085566d4dc7,33650.1,92.51294498381877,3113069.8499999996,0.0,0.000000000000000000000000000000000000000000000000000000000000000000,Purchase,Bill eda89d9d,2026-04-20 07:00:00+00,{}
a18f0fd1-4ef5-44c3-83eb-9d75af58745b,d23536f3-0d86-4dcd-934e-9085566d4dc7,25010,75,1875750,0,0,Purchase,PO-2026-03-00016,2026-03-07 04:50:54.922909+00,{}
d612197e-2f77-4cdf-a754-62f4d01ea1be,2c981082-c3ab-47b1-99c3-c34fe22ee02c,4800,77.16447223163101,370389.46671182883,0,0,Production,MO-2026-03-00012,2026-03-11 07:20:30.910349+00,{}
b5a2ae2e-e688-42f2-ba08-f5c8b9ae2106,e646adf3-e04a-4919-8dd4-d53927f5584b,4410,76.52057409967132,337455.73177955055,0,0,Production,MO-2026-03-00010,2026-03-10 10:18:21.513923+00,{}
5f1e01df-f559-4f0d-ae6c-56da61d417a6,e646adf3-e04a-4919-8dd4-d53927f5584b,1000,3.8629038611126547,3862.903861112655,0,0,Sale Return,SCN SCN-2026-03-00026,2026-03-10 11:42:33.769384+00,{}
8f632eac-affb-4cbd-a8a6-87baf7f93065,a6707819-7f9c-4968-ad8e-badfec24bef2,7300,77.25807722225309,563983.9637224476,0,0,Production,MO-2026-03-00011,2026-03-10 11:00:05.614812+00,{}
97c298df-9f3b-4cb0-a240-1c9aa9d38293,e646adf3-e04a-4919-8dd4-d53927f5584b,450,60.22787318851272,27102.542934830723,0,0,Sale Return,SCN SCN-2026-03-00038,2026-03-10 13:05:05.031793+00,{}
0c66f47d-418e-4818-8083-35b90cdf215e,a6707819-7f9c-4968-ad8e-badfec24bef2,1720,75.21065274853545,129362.32272748098,0,0,Sale Return,SCN SCN-2026-03-00039,2026-03-10 13:48:51.312713+00,{}
d87d89b6-14b4-4102-ac41-d45077ac67e2,e646adf3-e04a-4919-8dd4-d53927f5584b,40,60.22787318851272,2409.1149275405087,0,0,Sale Return,SCN SCN-2026-03-00042,2026-03-11 07:17:22.702022+00,{}
5667ba33-8df0-4359-8f1d-c65bd76ba92f,e646adf3-e04a-4919-8dd4-d53927f5584b,310,60.227873188512724,18670.640688438943,0,0,Sale Return,SCN SCN-2026-03-00029,2026-03-10 11:48:52.29696+00,{}
5a18dc5f-d1fe-4193-9b01-6147c9df43ac,a6707819-7f9c-4968-ad8e-badfec24bef2,4000,72.13847573310873,288553.9029324349,0,0,Sale Return,SCN SCN-2026-03-00026,2026-03-10 11:42:34.008247+00,{}
69bc039a-c0e0-4bd2-b512-a0daa3bf70c8,396eef73-791a-465c-ae17-b78505b08d5f,1060,77.25807722225309,81893.56185558828,0,0,Production,MO-2026-03-00011,2026-03-10 11:00:06.314485+00,{}
64dde8b2-3244-4bf8-a0f8-9b5e7f35d106,a6707819-7f9c-4968-ad8e-badfec24bef2,5000,75.27099085931299,376354.9542965649,0,0,Sale Return,SCN SCN-2026-03-00027,2026-03-10 11:44:52.651823+00,{}
b19074c3-79de-4489-9cf9-446a09e2aff4,98506d04-47db-4d74-847b-cf3122bc85ad,100,77.25807722225309,7725.80772222531,0,0,Production,MO-2026-03-00011,2026-03-10 11:00:07.332279+00,{}
2c4cb305-9bd7-4532-bb69-3f7bfc94e63f,71747c3d-230b-4f6c-a3a5-80ca29120b16,730,4,2920,0,0,Adjustment,REF-2026-05-01255,2026-04-30 18:59:59.999+00,"{""invalidated_by"": ""VAL-RESET-20260430-7477""}"
0a49f7b7-dbec-43ca-bc33-b76a0a73e24a,da5c9701-b165-4fcf-85ac-7d8abfba8e6b,-204,34.5,-7038,0,0,Production,Auto-Repair: Production Move for 34,2026-04-11 06:39:01.871275+00,"{""auto_repair"": true, ""stock_move_id"": ""17f51302-0569-4f44-b3a5-6bcdad79f2a2""}"
617f014b-73a0-4f0d-bc62-799e36a95e2c,e646adf3-e04a-4919-8dd4-d53927f5584b,-1000,90.85300729482711,-90853.00729482711,0,0,Sale,Auto-Repair: Sale Move for 10,2026-04-11 06:39:04.381014+00,"{""auto_repair"": true, ""stock_move_id"": ""085c03cf-5e9b-4ef3-bd4b-316631d9da85""}"
861544fa-dcaa-499b-a16e-8efdd273a243,396eef73-791a-465c-ae17-b78505b08d5f,280,77.25807722225309,21632.261622230864,0,0,Sale Return,SCN SCN-2026-03-00042,2026-03-11 07:17:22.427134+00,{}
541c6069-453d-44cf-819c-cc09129e4d0c,e560c8fd-332b-48cb-b7de-125a590bcb0c,6480,77.25807722225309,500632.34040020005,0,0,Production,MO-2026-03-00011,2026-03-10 11:00:06.637403+00,"{""invalidated_by"": ""VAL-RESET-20260331-5846""}"
9c27459a-d30f-4a88-b82c-d3d226b2db0c,937ec71e-d35e-4c0a-b48a-7e72d77e86c1,30,0,0,0,0,Sale Return,SCN SCN-2026-03-00042,2026-03-11 07:17:23.20423+00,{}
b2578f34-7569-4b04-a125-cc9cc8d83e7f,2c981082-c3ab-47b1-99c3-c34fe22ee02c,800,59.04462638988404,47235.70111190723,0,0,Sale Return,SCN SCN-2026-03-00033,2026-03-10 12:58:05.56358+00,{}
85a72187-67b8-41c6-a893-f83e176d118c,937ec71e-d35e-4c0a-b48a-7e72d77e86c1,285,0,0,0,0,Sale Return,SCN SCN-2026-03-00027,2026-03-10 11:44:52.447908+00,{}
9bad877d-fdf5-4a9b-a31b-1741c1f8d444,e646adf3-e04a-4919-8dd4-d53927f5584b,1890,77.16447223163101,145840.8525177826,0,0,Production,MO-2026-03-00012,2026-03-11 07:20:30.22663+00,{}
bda80969-7a9f-40b6-b17d-2a7389d52336,a6707819-7f9c-4968-ad8e-badfec24bef2,5800,75.27099085931299,436571.74698401534,0,0,Sale Return,SCN SCN-2026-03-00029,2026-03-10 11:48:52.517658+00,{}
cb6183f6-d022-4d43-817d-044c69d10d8d,e646adf3-e04a-4919-8dd4-d53927f5584b,500,60.227873188512724,30113.936594256364,0,0,Sale Return,SCN SCN-2026-03-00036,2026-03-10 13:02:10.661121+00,{}
1b0c314f-9fd3-4e40-8876-94fbba39cc25,e646adf3-e04a-4919-8dd4-d53927f5584b,190,60.22787318851272,11443.295905817416,0,0,Sale Return,SCN SCN-2026-03-00041,2026-03-10 13:51:39.654766+00,{}
f79023f1-79b6-474d-b2f4-376d6cb54614,a6707819-7f9c-4968-ad8e-badfec24bef2,2500,75.27099085931299,188177.47714828246,0,0,Sale Return,SCN SCN-2026-03-00036,2026-03-10 13:02:10.956339+00,{}
4e71b818-7892-4040-9ca2-7504f51d32ce,a6707819-7f9c-4968-ad8e-badfec24bef2,580,75.27099085931299,43657.17469840153,0,0,Sale Return,SCN SCN-2026-03-00030,2026-03-10 11:50:13.273044+00,{}
db74c91e-3c24-4931-b178-0a99afe5a60b,18568477-1a69-413a-b5bd-94333c860750,4420,77.25807722225309,341480.7013223587,0,0,Production,MO-2026-03-00011,2026-03-10 11:00:07.653339+00,{}
e140e6bc-ad25-4ccb-b49b-0bd3e5c8621a,a6707819-7f9c-4968-ad8e-badfec24bef2,540,75.21065274853545,40613.752484209144,0,0,Sale Return,SCN SCN-2026-03-00038,2026-03-10 13:05:05.301451+00,{}
6066a1e9-c7aa-4bba-9514-d671af05782a,a6707819-7f9c-4968-ad8e-badfec24bef2,8960,77.16447223163101,691393.6711954138,0,0,Production,MO-2026-03-00012,2026-03-11 07:20:30.574976+00,{}
e56ba9a7-57ae-4ad0-ad66-a3788f138327,a6707819-7f9c-4968-ad8e-badfec24bef2,2000,75.75500046521879,151510.00093043756,0,0,Sale Return,SCN SCN-2026-03-00043,2026-03-12 10:15:37.703589+00,{}
73a1ee5f-b122-4441-b5c0-adc467ea8134,a6707819-7f9c-4968-ad8e-badfec24bef2,5000,75.21065274853545,376053.2637426773,0,0,Sale Return,SCN SCN-2026-03-00037,2026-03-10 13:03:44.838248+00,{}
762b1635-2f90-40d9-b8f9-cbc6810de46b,a6707819-7f9c-4968-ad8e-badfec24bef2,820,75.21065274853545,61672.735253799074,0,0,Sale Return,SCN SCN-2026-03-00040,2026-03-10 13:50:10.966311+00,{}
46b52162-04e1-4060-89e3-8224b0b29f1d,5ffd5921-5ad2-4d30-b598-4337f1a39464,40,63.21196070684511,2528.4784282738046,0,0,Sale Return,SCN SCN-2026-03-00042,2026-03-11 07:17:22.947115+00,{}
56e8ce48-925f-4c85-91f7-00bd6cb2148a,5ffd5921-5ad2-4d30-b598-4337f1a39464,1800,63.21196070684511,113781.5292723212,0,0,Sale Return,SCN SCN-2026-03-00033,2026-03-10 12:58:05.855706+00,{}
940ca0f6-088b-40d5-8191-4e152ec7a3cc,a6707819-7f9c-4968-ad8e-badfec24bef2,120,75.21065274853545,9025.278329824254,0,0,Sale Return,SCN SCN-2026-03-00041,2026-03-10 13:51:39.915775+00,{}
6d97db33-a2cf-41a0-a510-840c6b5ec46a,a6707819-7f9c-4968-ad8e-badfec24bef2,2000,76.05855303692302,152117.10607384602,0,0,Sale Return,SCN SCN-2026-03-00045,2026-03-12 10:23:18.657743+00,{}
83e69a17-9e73-4074-b325-9b20a2db9402,18568477-1a69-413a-b5bd-94333c860750,5134,77.16447223163101,396162.4004371936,0,0,Production,MO-2026-03-00012,2026-03-11 07:20:31.908689+00,{}
b5523fc6-412e-4a69-976d-ba40fb10f033,2c981082-c3ab-47b1-99c3-c34fe22ee02c,2240,50.47463442631166,113063.18111493812,0,0,Sale Return,SCN SCN-2026-03-00031,2026-03-10 11:51:23.143824+00,{}
00b7be05-19d7-4331-804c-c3940474f7fd,2c981082-c3ab-47b1-99c3-c34fe22ee02c,3040,77.25807722225309,234864.5547556494,0,0,Production,MO-2026-03-00011,2026-03-10 11:00:05.966904+00,{}
dc035c02-ec3d-4f5c-9489-6d06fdd26494,2c981082-c3ab-47b1-99c3-c34fe22ee02c,2000,59.04462638988403,118089.25277976807,0,0,Sale Return,SCN SCN-2026-03-00034,2026-03-10 12:59:44.343376+00,{}
cbc5b83a-5c7b-4663-9411-d112e6ee6ec2,8851e237-ca39-487c-a35f-e28fe711d32c,1650,77.25807722225309,127475.8274167176,0,0,Production,MO-2026-03-00011,2026-03-10 11:00:07.02211+00,{}
fd78850e-07d4-4447-9d19-accae41763b9,e560c8fd-332b-48cb-b7de-125a590bcb0c,12640,30.171721985190363,381370.56589280616,0,0,Sale Return,SCN SCN-2026-03-00028,2026-03-10 11:46:50.837986+00,"{""invalidated_by"": ""VAL-RESET-20260331-5846""}"
32e6baa2-18e9-468d-beb0-12c3b6109e4a,2c981082-c3ab-47b1-99c3-c34fe22ee02c,3760,59.04462638988403,222007.79522596396,0,0,Sale Return,SCN SCN-2026-03-00035,2026-03-10 13:00:55.334601+00,{}
a8adec81-5a03-43ec-9401-01adb8146655,e560c8fd-332b-48cb-b7de-125a590bcb0c,6640,77.16447223163101,512372.0956180299,0,0,Production,MO-2026-03-00012,2026-03-11 07:20:31.593601+00,"{""invalidated_by"": ""VAL-RESET-20260331-5846""}"
1093ff7f-b551-420e-ab6b-4981b540a91f,8851e237-ca39-487c-a35f-e28fe711d32c,3300,77.16447223163101,254642.75836438235,0,0,Production,MO-2026-03-00012,2026-03-11 07:20:31.269489+00,{}
431fcfe9-359f-4f75-acd0-440e8354b75f,2c981082-c3ab-47b1-99c3-c34fe22ee02c,1360,64.7202204624068,88019.49982887325,0,0,Sale Return,SCN SCN-2026-03-00044,2026-03-12 10:21:44.426873+00,{}
930fb3dc-f28e-496c-a5dc-23d6059c3be7,c96b657d-0bd6-4386-b94c-339c33714e3b,568,17.9,10167.199999999999,0,0,Adjustment,Adj: Wrong opening,2026-03-10 10:56:21.793126+00,"{""invalidated_by"": ""VAL-RESET-20260331-5846""}"
c492a1d5-ae1f-47e1-8799-8b1c2a25f9d0,c6b76b35-74b4-4b7d-aa4d-e473698b2f81,80,92.94306041555204,7435.444833244163,0,0,Production,MO-2026-04-00044,2026-04-30 10:37:45.274711+00,"{""invalidated_by"": ""VAL-RESET-20260430-3716""}"
4fa61a6a-3d40-4227-8f01-40f732eefdc2,18568477-1a69-413a-b5bd-94333c860750,7140,42.62205765848616,304321.4916815912,0,0,Production,MO-2026-04-00032,2026-04-17 07:41:55.035151+00,"{""invalidated_by"": ""VAL-RESET-20260430-3716""}"
578bb88e-04e3-44ca-a6a0-b22adfb8c01f,e646adf3-e04a-4919-8dd4-d53927f5584b,1000,69.69833833392502,69698.33833392503,0,0,Sale Return,SCN SCN-2026-03-00043,2026-03-12 10:15:37.456313+00,{}
be2b3fe1-2131-4658-a434-0c05ffeadbe3,18568477-1a69-413a-b5bd-94333c860750,2720,79.53828405064074,216344.1326177428,0,0,Production,MO-2026-03-00015,2026-03-16 06:45:18.238711+00,{}
58ff72c1-f16b-4707-b295-eed4ca17daf2,e646adf3-e04a-4919-8dd4-d53927f5584b,500,65.51329276727189,32756.646383635947,0,0,Sale Return,SCN SCN-2026-03-00046,2026-03-12 10:24:55.97297+00,{}
73ff95d0-7871-4224-9762-4410f5702de7,d8a16b7d-84b2-4a78-8333-a02a4389a141,250,77.28152445699166,19320.381114247917,0,0,Production,MO-2026-03-00013,2026-03-12 11:33:42.765289+00,{}
04bda192-1164-413c-9b76-140b46e92dbd,98506d04-47db-4d74-847b-cf3122bc85ad,50,77.28152445699166,3864.0762228495832,0,0,Production,MO-2026-03-00013,2026-03-12 11:33:41.948788+00,{}
b14467e7-b240-4826-b0b6-e2847bfad5c9,d9964e90-72ce-482b-8a17-7651628e223e,0,75,0,0,0,Adjustment,REF-2026-05-01255,2026-04-30 18:59:59.999+00,"{""source"": ""Wheat Refraction""}"
9e1cbaa3-f8e7-47a7-8b3a-4307d50c56ee,8b945707-4cb1-4e34-8d12-92da06120bd2,-68,68.8071,-4678.8828,0,0,Production,Auto-Repair: Production Move for 80,2026-04-11 06:39:00.635309+00,"{""auto_repair"": true, ""stock_move_id"": ""eac9d43f-761e-453e-a511-d489e7f54abf""}"
fd00fdee-029b-4ab3-b4ba-fdbc52df6de5,8851e237-ca39-487c-a35f-e28fe711d32c,-250,89.04897811475156,-22262.24452868789,0,0,Sale,Auto-Repair: Sale Move for 50,2026-04-11 06:39:03.118887+00,"{""auto_repair"": true, ""stock_move_id"": ""c8ab4ddf-ff34-4288-b3b4-815e0f12efbd""}"
e295352b-2a8f-4c78-a410-93160172d54f,e646adf3-e04a-4919-8dd4-d53927f5584b,2210,77.28152445699166,170792.16904995157,0,0,Production,MO-2026-03-00013,2026-03-12 11:33:42.491488+00,{}
1dea639a-2354-43b2-8bfa-5e2049711499,a6707819-7f9c-4968-ad8e-badfec24bef2,5140,76.23017537980223,391823.1014521835,0,0,Sale Return,SCN-2026-03-00048,2026-03-12 12:39:22.027164+00,{}
85a0b3ae-974e-4e2e-89cc-3bea4c6154d7,a6707819-7f9c-4968-ad8e-badfec24bef2,5980,77.28152445699166,462143.51625281014,0,0,Production,MO-2026-03-00013,2026-03-12 11:33:42.212831+00,{}
b8d6623e-2277-41ea-bb02-8bd36f359632,e646adf3-e04a-4919-8dd4-d53927f5584b,1000,77.95621547141265,77956.21547141265,0,0,Sale Return,SCN-2026-03-00053,2026-03-13 09:48:28.747801+00,{}
3cd61e6b-69c7-4c39-935e-040be999db22,a6707819-7f9c-4968-ad8e-badfec24bef2,9000,75.60726478824499,680465.3830942049,0,0,Sale Return,SCN SCN-2026-03-00046,2026-03-12 10:24:56.269002+00,{}
e8cb5c14-4c81-4ad0-875e-12cb10b900c6,a6707819-7f9c-4968-ad8e-badfec24bef2,1000,76.77610488227016,76776.10488227016,0,0,Sale Return,SCN-2026-03-00051,2026-03-13 09:46:00.681834+00,{}
406c54d2-6f66-4437-ac34-de1c55906732,18568477-1a69-413a-b5bd-94333c860750,5440,77.28152445699166,420411.49304603465,0,0,Production,MO-2026-03-00013,2026-03-12 11:33:41.08106+00,{}
ac8d18a6-efa8-409c-b7a7-d3cb6356e5f0,5ffd5921-5ad2-4d30-b598-4337f1a39464,5000,77.28152445699166,386407.6222849583,0,0,Production,MO-2026-03-00013,2026-03-12 11:33:43.051821+00,{}
f5059da5-e3bd-40c3-b3e3-ab663ef59599,a6707819-7f9c-4968-ad8e-badfec24bef2,40,77.25206436601032,3090.0825746404125,0,0,Sale Return,SCN-2026-03-00052,2026-03-13 09:46:54.820251+00,{}
05022c61-0340-40e5-87c5-c48e504b2a13,5ffd5921-5ad2-4d30-b598-4337f1a39464,120,77.58139655937565,9309.767587125078,0,0,Conversion,CONV-1773483801161,2026-03-14 10:23:22.175016+00,{}
4babb373-772d-4eab-a8fb-a3617bb0df9d,e646adf3-e04a-4919-8dd4-d53927f5584b,910,79.51310498050165,72356.9255322565,0,0,Production,MO-2026-03-00014,2026-03-13 09:10:31.593819+00,{}
23ed5705-e71a-4607-8ed8-25cdc5bcc590,8851e237-ca39-487c-a35f-e28fe711d32c,8950,42.62205765848616,381467.4160434512,0,0,Production,MO-2026-04-00032,2026-04-17 07:41:55.62054+00,"{""invalidated_by"": ""VAL-RESET-20260430-3716""}"
30541ddd-22ac-4ec8-8d34-746b06229e49,e646adf3-e04a-4919-8dd4-d53927f5584b,10,0.30985620907713296,3.0985620907713294,0,0,Conversion,CONV-1773484091561,2026-03-14 10:28:12.857298+00,{}
4c3014ab-f34a-40e2-b5aa-cd1d13f237cd,a6707819-7f9c-4968-ad8e-badfec24bef2,7740,77.25206436601032,597930.9781929199,0,0,Sale Return,SCN-2026-03-00053,2026-03-13 09:48:28.9602+00,{}
d2e0c955-c904-4705-9ab0-dbff35b9d64c,a6707819-7f9c-4968-ad8e-badfec24bef2,760,75.82870900487413,57629.818843704335,0,0,Sale Return,SCN-2026-03-00047,2026-03-12 12:38:19.058375+00,{}
d2cd25c0-1d90-4ae6-a43a-11581b4f00cd,a6707819-7f9c-4968-ad8e-badfec24bef2,3000,76.23017537980223,228690.5261394067,0,0,Sale Return,SCN-2026-03-00050,2026-03-12 12:42:55.348112+00,{}
d0f19503-a1f3-42d6-bae2-8b7b5053a4a7,a6707819-7f9c-4968-ad8e-badfec24bef2,200,77.63567151402545,15527.134302805089,0,0,Conversion,CONV-1773483835004,2026-03-14 10:23:55.511472+00,{}
60910b08-5194-45de-a99f-7f453ea206a7,e646adf3-e04a-4919-8dd4-d53927f5584b,2000,79.53828405064074,159076.56810128147,0,0,Production,MO-2026-03-00015,2026-03-16 06:45:19.189307+00,{}
4bf8adde-7468-4c99-af7a-900180b4f7cc,a6707819-7f9c-4968-ad8e-badfec24bef2,3500,76.23017537980223,266805.61382930784,0,0,Sale Return,SCN-2026-03-00049,2026-03-12 12:40:27.481145+00,{}
f7078ae7-6330-429f-8fba-4723d3a5b0f7,a6707819-7f9c-4968-ad8e-badfec24bef2,5940,79.51310498050165,472307.8435841798,0,0,Production,MO-2026-03-00014,2026-03-13 09:10:31.291121+00,{}
f35071d6-5279-4f70-bdfd-f941355e617b,e646adf3-e04a-4919-8dd4-d53927f5584b,1000,79.52616055735548,79526.16055735548,0,0,Sale Return,SCN-2026-03-00054,2026-03-16 06:48:00.190221+00,{}
097fb68e-c232-4652-b1bb-39419495027f,a6707819-7f9c-4968-ad8e-badfec24bef2,40,77.67086489690551,3106.8345958762206,0,0,Conversion,CONV-1773483869281,2026-03-14 10:24:29.81904+00,{}
9726e686-75bb-47e0-ac06-fc80f08947ad,a6707819-7f9c-4968-ad8e-badfec24bef2,280,0.43606765366302264,122.09894302564634,0,0,Conversion,CONV-1773483999878,2026-03-14 10:26:40.537945+00,{}
21751164-db35-4eba-b172-8b920147227d,a6707819-7f9c-4968-ad8e-badfec24bef2,20,0.30985620907713296,6.197124181542659,0,0,Conversion,CONV-1773484091561,2026-03-14 10:28:12.642831+00,{}
4cd18e74-06ab-40b4-abff-4b9dde7dea4d,2c981082-c3ab-47b1-99c3-c34fe22ee02c,4800,77.28152445699166,370951.31739355996,0,0,Production,MO-2026-03-00013,2026-03-12 11:33:41.662453+00,{}
c765bda2-bf04-477c-a9e0-11177f9d4af1,a6707819-7f9c-4968-ad8e-badfec24bef2,3000,79.53828405064074,238614.8521519222,0,0,Production,MO-2026-03-00015,2026-03-16 06:45:19.459965+00,{}
114195c5-b99e-42c3-847d-26a8ef4dd761,2c981082-c3ab-47b1-99c3-c34fe22ee02c,3600,79.51310498050165,286247.17792980594,0,0,Production,MO-2026-03-00014,2026-03-13 09:10:30.992488+00,{}
eb3e4412-b0a0-4271-9924-0a2a0de96240,18568477-1a69-413a-b5bd-94333c860750,3672,79.51310498050165,291972.1214884021,0,0,Production,MO-2026-03-00014,2026-03-13 09:10:29.68588+00,{}
c36f6189-a527-4448-b961-d02caf78d8cc,2c981082-c3ab-47b1-99c3-c34fe22ee02c,1200,67.45433769012571,80945.20522815085,0,0,Sale Return,SCN-2026-03-00047,2026-03-12 12:38:19.275519+00,{}
8782712c-5dc2-4f01-bfa0-b2b042ae77c0,2c981082-c3ab-47b1-99c3-c34fe22ee02c,1280,81.40966953652386,104204.37700675055,0,0,Conversion,CONV-1773474504362,2026-03-14 07:48:24.872443+00,{}
1cfcd237-bf01-44dd-a6a6-7d80d0c9ba6e,29f97aa5-e538-4261-b69f-6b1a394015c9,500,0,0,0,0,Purchase,PO-2026-03-00020,2026-03-12 10:52:19.549948+00,"{""invalidated_by"": ""VAL-RESET-20260331-5846""}"
1dc099d0-49ff-4392-aae9-bfb9a89a80fe,2c981082-c3ab-47b1-99c3-c34fe22ee02c,2000,69.70800142676129,139416.00285352257,0,0,Adjustment,Rev: INV-2026-03-00026||/sales/invoices/3b30a9a3-3032-40f8-95e0-e2d618e25c23,2026-03-14 10:55:09.633095+00,"{""reason"": ""Invoice Reset to Draft""}"
10473015-e600-48d3-8df4-702ea5951a95,2c981082-c3ab-47b1-99c3-c34fe22ee02c,2880,79.53828405064074,229070.25806584532,0,0,Production,MO-2026-03-00015,2026-03-16 06:45:18.897083+00,{}
dfc84457-aff5-4da7-ae73-a123e174fedb,29f97aa5-e538-4261-b69f-6b1a394015c9,500,4.26,2130,0,0,Purchase,Bill 26d0730c,2026-03-12 07:00:00+00,"{""invalidated_by"": ""VAL-RESET-20260331-5846""}"
e54fd891-efc7-4257-8ef7-de874942aed0,e560c8fd-332b-48cb-b7de-125a590bcb0c,8160,77.28152445699166,630617.239569052,0,0,Production,MO-2026-03-00013,2026-03-12 11:33:41.38568+00,"{""invalidated_by"": ""VAL-RESET-20260331-5846""}"
1e20aa9c-ff27-434a-a70a-a3da14e0710f,e560c8fd-332b-48cb-b7de-125a590bcb0c,3200,57.62693139269459,184406.18045662268,0,0,Adjustment,Rev: INV-2026-03-00026||/sales/invoices/3b30a9a3-3032-40f8-95e0-e2d618e25c23,2026-03-14 10:55:09.923433+00,"{""invalidated_by"": ""VAL-RESET-20260331-5846""}"
5344f793-ac66-4b44-ba50-62cc511a222a,d23536f3-0d86-4dcd-934e-9085566d4dc7,25000,75,1875000,0,0,Purchase,PO-2026-03-00020,2026-03-12 10:52:19.261514+00,"{""invalidated_by"": ""VAL-RESET-20260331-5846""}"
c53bbe6c-3fb2-4f87-9f69-20127adaeb12,d23536f3-0d86-4dcd-934e-9085566d4dc7,25000,79.26,1981500.0000000002,0,0,Purchase,Bill 26d0730c,2026-03-12 07:00:00+00,"{""invalidated_by"": ""VAL-RESET-20260331-5846""}"
c9e8c691-eb1d-44b7-9772-39bfb66827c0,d23536f3-0d86-4dcd-934e-9085566d4dc7,72000,87.5,6300000,0,0,Adjustment,Opening Balance,2026-02-27 19:00:00+00,"{""invalidated_by"": ""VAL-RESET-20260331-5846""}"
f7d35a76-9f39-48d1-a219-b889509e2a27,d23536f3-0d86-4dcd-934e-9085566d4dc7,50005,75,3750375,0,0,Purchase,PO-2026-03-00015,2026-03-13 07:56:27.932357+00,"{""invalidated_by"": ""VAL-RESET-20260331-5846""}"
797ee4b1-24b7-4a1a-9ec5-8ba83032e454,d23536f3-0d86-4dcd-934e-9085566d4dc7,50005,78.37120287971203,3918952,0,0,Purchase,Bill ace9af9d,2026-03-02 07:00:00+00,"{""invalidated_by"": ""VAL-RESET-20260331-5846""}"
be0f8ae6-321f-41fd-abd1-75b39020b62b,e646adf3-e04a-4919-8dd4-d53927f5584b,1000,77.4420011716621,77442.0011716621,0,0,Adjustment,Auto-Sync for INV-2026-03-001,2026-03-14 11:10:08.802928+00,"{""auto_sync"": true, ""trigger_ref"": ""INV-2026-03-00117||/sales/invoices/eef3cdd8-0103-4dff-83e2-3e8edcee0550""}"
e712bfde-5425-4172-acaa-0b548df777fa,29f97aa5-e538-4261-b69f-6b1a394015c9,680,8.025345338114608,5457.234829917934,0,0,Purchase,Bill eda89d9d,2026-04-20 07:00:00+00,"{""invalidated_by"": ""VAL-RESET-20260430-3716""}"
1e1cc7d2-548f-4349-855f-d845ea6c8095,18568477-1a69-413a-b5bd-94333c860750,-4998,90.7341284885639,-453489.17418584233,0,0,Sale,Auto-Repair: Sale Move for 34,2026-04-11 06:39:02.50686+00,"{""auto_repair"": true, ""stock_move_id"": ""71b1d1e2-67c7-43c9-b0ca-793024f19676""}"
2717386c-a501-4b24-b0bb-1c31763f50e5,6e635acf-ca3f-406a-9177-bdaa6406317e,5,79.5280395676993,397.6401978384965,0,0,Production,MO-2026-03-00016,2026-03-18 06:33:13.826199+00,{}
1d3ffcae-458b-4dc3-b8a5-8ae133131d71,e646adf3-e04a-4919-8dd4-d53927f5584b,480,79.5261605573555,38172.55706753064,0,0,Sale Return,SCN-2026-03-00055,2026-03-16 06:48:57.311823+00,{}
c0d0f9d7-4570-4405-95fb-0931c640e575,e646adf3-e04a-4919-8dd4-d53927f5584b,260,79.5261605573555,20676.801744912427,0,0,Sale Return,SCN-2026-03-00056,2026-03-16 06:50:17.358683+00,{}
3c2f2840-f6a1-44c5-b418-df30e73ad9a8,e646adf3-e04a-4919-8dd4-d53927f5584b,1000,79.41397730310042,79413.97730310043,0,0,Sale Return,SCN-2026-03-00059,2026-03-18 13:06:15.9276+00,{}
69bfacf4-c3bb-46f3-8e46-9c38907ab60b,e646adf3-e04a-4919-8dd4-d53927f5584b,2000,79.5280395676993,159056.07913539858,0,0,Production,MO-2026-03-00016,2026-03-18 06:33:14.174898+00,{}
8f04c6ae-1526-4a26-88e8-5d0164da2f1c,e646adf3-e04a-4919-8dd4-d53927f5584b,10,42.05562624185954,420.55626241859545,0,0,Initial,VAL-RESET-20260430-7477,2026-04-30 18:59:59.999+00,"{""invalidated_by"": ""VAL-RESET-20260430-4422""}"
34ebdf58-ea9f-4f34-923c-7ddb2ae90927,71747c3d-230b-4f6c-a3a5-80ca29120b16,6240,0,0,0,0,Adjustment,Adj: For Sale Invoice,2026-03-18 12:35:29.722188+00,{}
70a06ea7-18c6-461f-95e1-0b1adf2823eb,5ffd5921-5ad2-4d30-b598-4337f1a39464,5000,78.75570764382422,393778.5382191211,0,0,Production,MO-2026-03-00017,2026-03-18 06:56:36.781452+00,{}
6c6dbdc3-ceee-4cd5-b738-a0de1537eb13,a6707819-7f9c-4968-ad8e-badfec24bef2,9000,77.04069847890892,693366.2863101803,0,0,Sale Return,SCN-2026-03-00061,2026-03-18 13:09:15.633438+00,{}
5795e162-9e9e-422c-9d8e-0d9425143eba,e646adf3-e04a-4919-8dd4-d53927f5584b,730,78.75570764382422,57491.66657999168,0,0,Production,MO-2026-03-00017,2026-03-18 06:56:37.13264+00,{}
023fd1b9-6437-4467-b16f-e84ce985f187,d9964e90-72ce-482b-8a17-7651628e223e,80,0,0,0,0,Adjustment,Adj: For Sale Invoice,2026-03-18 12:59:29.366643+00,{}
84261a2d-8f8a-448b-9fba-9e6347fa627a,18568477-1a69-413a-b5bd-94333c860750,1292,79.5280395676993,102750.22712146748,0,0,Production,MO-2026-03-00016,2026-03-18 06:33:12.669012+00,{}
5fc730ab-0530-4136-9a7f-468298d99dbb,18568477-1a69-413a-b5bd-94333c860750,4080,78.75570764382422,321323.28718680283,0,0,Production,MO-2026-03-00017,2026-03-18 06:56:35.075559+00,{}
47d4bcf6-a371-4087-bf0f-d508d6cd073b,8851e237-ca39-487c-a35f-e28fe711d32c,9600,78.88704005207522,757315.5844999221,0,0,Production,MO-2026-03-00018,2026-03-19 06:44:46.950769+00,"{""invalidated_by"": ""VAL-RESET-20260331-5846""}"
587a454f-cca9-419e-a1a4-a9df7b47e1ff,396eef73-791a-465c-ae17-b78505b08d5f,750,78.75570764382422,59066.78073286817,0,0,Production,MO-2026-03-00017,2026-03-18 06:56:36.083306+00,{}
13544508-3570-471a-af4b-143cc9c32c87,a6707819-7f9c-4968-ad8e-badfec24bef2,6100,76.5712881617439,467084.85778663773,0,0,Sale Return,SCN-2026-03-00054,2026-03-16 06:48:00.429279+00,{}
6a16ed71-e5d4-4f95-9537-eea6dbad254d,a6707819-7f9c-4968-ad8e-badfec24bef2,1580,76.5712881617439,120982.63529555536,0,0,Sale Return,SCN-2026-03-00055,2026-03-16 06:48:57.551484+00,{}
5a7901bf-8f87-463b-be07-4e2c730681f7,8851e237-ca39-487c-a35f-e28fe711d32c,150,78.75570764382422,11813.356146573633,0,0,Production,MO-2026-03-00017,2026-03-18 06:56:35.434871+00,{}
0d2037f6-c95d-42e9-849a-5f2929421444,d23536f3-0d86-4dcd-934e-9085566d4dc7,54216,75,4066200,0,0,Purchase,PO-2026-03-00021,2026-03-18 06:51:21.409367+00,"{""invalidated_by"": ""VAL-RESET-20260331-5846""}"
2b9da55c-1c6f-4e06-b2f7-d3af0f30a3ad,2c981082-c3ab-47b1-99c3-c34fe22ee02c,3680,78.75570764382422,289821.0041292731,0,0,Production,MO-2026-03-00017,2026-03-18 06:56:36.424882+00,{}
9d377162-1688-4ef3-a11c-2299f618e596,a6707819-7f9c-4968-ad8e-badfec24bef2,2200,77.68014246411101,170896.31342104424,0,0,Sale Return,SCN-2026-03-00062,2026-03-25 13:41:25.82411+00,"{""invalidated_by"": ""VAL-RESET-20260331-5846""}"
8cac6a55-3750-45eb-b931-1df75e6ca473,2c981082-c3ab-47b1-99c3-c34fe22ee02c,640,71.1824436731746,45556.763950831744,0,0,Sale Return,SCN-2026-03-00058,2026-03-16 06:51:52.258229+00,{}
bad702a8-0089-4305-9c33-77134e9f5e19,2c981082-c3ab-47b1-99c3-c34fe22ee02c,1280,79.5280395676993,101795.8906466551,0,0,Production,MO-2026-03-00016,2026-03-18 06:33:13.467091+00,{}
d2caf2e2-83e3-4109-8215-1664cbd933ba,e560c8fd-332b-48cb-b7de-125a590bcb0c,2400,79.5280395676993,190867.2949624783,0,0,Production,MO-2026-03-00016,2026-03-18 06:33:13.07314+00,"{""invalidated_by"": ""VAL-RESET-20260331-5846""}"
06cad1fc-dce5-40e0-a73a-4678b0550601,a6707819-7f9c-4968-ad8e-badfec24bef2,3000,76.57128816174391,229713.86448523172,0,0,Sale Return,SCN-2026-03-00057,2026-03-16 06:51:04.978842+00,{}
9f972aef-d451-4103-b0ff-415268739007,7228dd62-c775-4f2b-bc08-dda954f29958,20,78.88704005207522,1577.7408010415045,0,0,Production,MO-2026-03-00018,2026-03-19 06:44:47.538019+00,{}
8877efbc-d8ec-4d39-b835-345f909acb82,2c981082-c3ab-47b1-99c3-c34fe22ee02c,5120,78.88704005207522,403901.64506662515,0,0,Production,MO-2026-03-00018,2026-03-19 06:44:47.229161+00,{}
191aaceb-d546-472a-a6fe-f9fdb3ce4f49,a6707819-7f9c-4968-ad8e-badfec24bef2,3100,76.5712881617439,237370.99330140607,0,0,Sale Return,SCN-2026-03-00056,2026-03-16 06:50:17.580765+00,{}
2d02fd4c-4248-4ed2-a4b6-cfbff45de383,a6707819-7f9c-4968-ad8e-badfec24bef2,420,79.5280395676993,33401.7766184337,0,0,Production,MO-2026-03-00016,2026-03-18 06:33:14.544793+00,{}
cbcb200c-0889-4d89-8329-25289224de28,e646adf3-e04a-4919-8dd4-d53927f5584b,980,79.33996649053873,77753.16716072796,0,0,Sale Return,SCN-2026-03-00060,2026-03-18 13:07:32.86852+00,{}
26193af4-5f45-4056-8558-26c3ce6e4248,a6707819-7f9c-4968-ad8e-badfec24bef2,1800,78.75570764382422,141760.2737588836,0,0,Production,MO-2026-03-00017,2026-03-18 06:56:37.450663+00,{}
1759b6c3-a41d-4d8b-be64-b8371c47dc1f,e646adf3-e04a-4919-8dd4-d53927f5584b,1000,79.15617025464049,79156.17025464048,0,0,Sale Return,SCN-2026-03-00062,2026-03-25 13:41:25.482082+00,"{""invalidated_by"": ""VAL-RESET-20260331-5846""}"
8c829957-eb88-4068-aa3b-377cf3057315,a6707819-7f9c-4968-ad8e-badfec24bef2,2600,76.82996530054271,199757.90978141106,0,0,Sale Return,SCN-2026-03-00059,2026-03-18 13:06:16.205518+00,{}
4ed14b90-c7f9-4c5c-8e4f-df0135bbede5,a6707819-7f9c-4968-ad8e-badfec24bef2,900,77.04069847890894,69336.62863101804,0,0,Sale Return,SCN-2026-03-00060,2026-03-18 13:07:33.151062+00,{}
a459f982-45e2-4d33-91f3-79e5cc7d965c,e646adf3-e04a-4919-8dd4-d53927f5584b,1680,78.88704005207522,132530.22728748637,0,0,Production,MO-2026-03-00018,2026-03-19 06:44:48.135387+00,{}
9cadd6b4-e51b-45ba-94ca-c47c38ff7f8f,29f97aa5-e538-4261-b69f-6b1a394015c9,542,0,0,0,0,Purchase,PO-2026-03-00021,2026-03-18 06:51:21.834489+00,"{""invalidated_by"": ""VAL-RESET-20260331-5846""}"
7b8160b3-9810-4c3f-b067-e79ebc315e03,a6707819-7f9c-4968-ad8e-badfec24bef2,4800,77.85010731204115,373680.5150977975,0,0,Sale Return,SCN-2026-03-00063,2026-03-25 13:42:22.177724+00,"{""invalidated_by"": ""VAL-RESET-20260331-5846""}"
debd6b15-50a5-44e5-bcd5-5f5f3faa10d6,a6707819-7f9c-4968-ad8e-badfec24bef2,12080,78.88704005207522,952955.4438290687,0,0,Production,MO-2026-03-00018,2026-03-19 06:44:48.441036+00,"{""invalidated_by"": ""VAL-RESET-20260331-5846""}"
290a73db-66ab-4b9c-a6b9-65734efa1485,29f97aa5-e538-4261-b69f-6b1a394015c9,542,0,0,0,0,Purchase,Bill 876d464f,2026-03-16 07:00:00+00,"{""invalidated_by"": ""VAL-RESET-20260331-5846""}"
07e968bb-3f91-4ade-9a82-fc9809e34399,18568477-1a69-413a-b5bd-94333c860750,5950,78.88704005207522,469377.88830984756,0,0,Production,MO-2026-03-00018,2026-03-19 06:44:46.63729+00,"{""invalidated_by"": ""VAL-RESET-20260331-5846""}"
5e4fd58b-7f23-4d03-b4c5-797fe853995f,8851e237-ca39-487c-a35f-e28fe711d32c,2550,63.218130570593345,161206.23295501302,0,0,Conversion,CONV-1774448192940,2026-03-25 14:16:34.560386+00,"{""invalidated_by"": ""VAL-RESET-20260331-5846""}"
9487ac16-241e-4a9a-b7ab-75b75d96e2c8,e560c8fd-332b-48cb-b7de-125a590bcb0c,5600,78.75570764382422,441031.9628054157,0,0,Production,MO-2026-03-00017,2026-03-18 06:56:35.760283+00,"{""invalidated_by"": ""VAL-RESET-20260331-5846""}"
f85d0703-3c1f-4a0c-ba3a-7dec0cc173e6,085c173e-052c-4022-8a90-be5c0ba7b627,20,78.88704005207522,1577.7408010415045,0,0,Production,MO-2026-03-00018,2026-03-19 06:44:47.825008+00,"{""invalidated_by"": ""VAL-RESET-20260331-5846""}"
4d775b7e-81e2-4e11-81b5-27b052e099b9,d23536f3-0d86-4dcd-934e-9085566d4dc7,54216,75,4066200,0,0,Purchase,Bill 876d464f,2026-03-16 07:00:00+00,"{""invalidated_by"": ""VAL-RESET-20260331-5846""}"
bdb5daaa-030a-42e1-9cc9-cc88aeb6db62,d23536f3-0d86-4dcd-934e-9085566d4dc7,54216,79.93962730559244,4334006.834,0,0,Purchase,Bill fbbb8f0d,2026-03-16 07:00:00+00,"{""invalidated_by"": ""VAL-RESET-20260331-5846""}"
8ff8220b-1655-456b-9d9e-79b0af5a39b4,2c981082-c3ab-47b1-99c3-c34fe22ee02c,5600,78.10254551609945,437374.25489015697,0,0,Adjustment,DELETED: INV-2026-03-00148 (was reversed),2026-03-25 13:26:24.853694+00,"{""note"": ""Parent document deleted after reversal"", ""deleted_at"": ""2026-03-25T18:26:40.000Z"", ""original_id"": ""d7700516-4d14-40f8-ab49-3525dba4eed2"", ""original_type"": ""invoice""}"
a947b21c-d1ba-4dda-b6f1-fa63162e338c,2c981082-c3ab-47b1-99c3-c34fe22ee02c,4800,78.28357671003783,375761.1682081816,0,0,Adjustment,DELETED: INV-2026-03-00162 (was reversed),2026-03-28 10:37:43.708369+00,"{""note"": ""Parent document deleted after reversal"", ""deleted_at"": ""2026-03-28T15:39:43.000Z"", ""original_id"": ""08b4ae65-df5d-4b15-a24d-dbe1cca777b3"", ""original_type"": ""invoice""}"
50d4fa22-eab4-4a40-962f-3e4d8c8367f0,e560c8fd-332b-48cb-b7de-125a590bcb0c,80,62.97118474805196,5037.694779844157,0,0,Sale Return,SCN-2026-03-00068,2026-03-30 18:31:36.041024+00,"{""invalidated_by"": ""VAL-RESET-20260331-5846""}"
9baff5bf-b73e-4ae9-8408-e5f49b36c6cf,d9964e90-72ce-482b-8a17-7651628e223e,20,0,0,0,0,Adjustment,Adj: For sale invoice,2026-03-28 10:42:09.877782+00,{}
e2cb0b2a-8f68-42b6-ba0a-b2953e70a4fb,aa74113c-9bfa-4286-875a-82d02a6e0f47,0,71.86427591288245,0,0,0,Initial,VAL-RESET-20260430-7477,2026-04-30 18:59:59.999+00,"{""reason"": ""Manual Valuation Override""}"
5efc3626-598d-443f-9bc2-9e3b6aa4fd70,5ffd5921-5ad2-4d30-b598-4337f1a39464,2800,78.97632910710573,221133.72149989603,0,0,Conversion,CONV-1774933845072,2026-03-31 05:10:46.599013+00,"{""invalidated_by"": ""VAL-RESET-20260331-5846""}"
f4d6d11c-4997-43e0-a574-a6c726d068b0,29f97aa5-e538-4261-b69f-6b1a394015c9,181,0,0,0,0,Purchase,PO-2026-03-00022,2026-03-30 15:07:55.41957+00,"{""invalidated_by"": ""VAL-RESET-20260331-5846""}"
eb7780c0-6ded-41fa-ad4e-b0c903e2905f,aa74113c-9bfa-4286-875a-82d02a6e0f47,0,89.5,0,0,0,Initial,VAL-RESET-20260331-5846,2026-03-31 18:59:59.999+00,"{""reason"": ""Manual Valuation Override""}"
c077f17b-35de-4ae6-a644-249a218c7e79,1066c1db-bbd7-4256-a751-f5cbf463f8a3,0,0,0,0,0,Initial,VAL-RESET-20260331-5846,2026-03-31 18:59:59.999+00,"{""reason"": ""Manual Valuation Override""}"
48344af1-52f2-469c-b2af-ce3532025bf3,c6b76b35-74b4-4b7d-aa4d-e473698b2f81,0,89.5,0,0,0,Initial,VAL-RESET-20260331-5846,2026-03-31 18:59:59.999+00,"{""reason"": ""Manual Valuation Override""}"
f26b6163-9fe6-4d83-89d7-3df259cf82cc,d8a16b7d-84b2-4a78-8333-a02a4389a141,0,77.28152445699166,0,0,0,Initial,VAL-RESET-20260331-5846,2026-03-31 18:59:59.999+00,"{""reason"": ""Manual Valuation Override""}"
c93b482d-fa67-4990-b9a2-acaeea303ef1,25a20076-8468-420b-97f9-75c1f6275242,0,0,0,0,0,Initial,VAL-RESET-20260331-5846,2026-03-31 18:59:59.999+00,"{""reason"": ""Manual Valuation Override""}"
59d4d16a-4a03-497e-86f9-c5f78aaa0c48,c9697fe6-8ed3-4f78-afea-d12b5f645e53,0,0,0,0,0,Initial,VAL-RESET-20260331-5846,2026-03-31 18:59:59.999+00,"{""reason"": ""Manual Valuation Override""}"
29266ee9-154b-40f9-ba4a-e9f20e0676a0,a6707819-7f9c-4968-ad8e-badfec24bef2,1200,77.85010731204113,93420.12877444936,0,0,Sale Return,SCN-2026-03-00065,2026-03-30 06:58:52.400825+00,"{""invalidated_by"": ""VAL-RESET-20260331-5846""}"
b8062cc3-8c7a-400d-89f0-4f4fe0a5f617,a6707819-7f9c-4968-ad8e-badfec24bef2,2400,77.8935275268852,186944.46606452446,0,0,Sale Return,SCN-2026-03-00066,2026-03-30 07:01:50.583347+00,"{""invalidated_by"": ""VAL-RESET-20260331-5846""}"
6b3168f9-7dff-4890-9555-00b261d4c818,a6707819-7f9c-4968-ad8e-badfec24bef2,100,79.57898698838369,7957.8986988383695,0,0,Conversion,CONV-1774933978422,2026-03-31 05:13:00.330273+00,"{""invalidated_by"": ""VAL-RESET-20260331-5846""}"
48af4f63-afc0-4078-b8fb-2d48d4fe30be,937ec71e-d35e-4c0a-b48a-7e72d77e86c1,0,0,0,0,0,Initial,VAL-RESET-20260331-5846,2026-03-31 18:59:59.999+00,"{""reason"": ""Manual Valuation Override""}"
dbef4037-d3a1-4459-a8b2-c21059bf80cd,ff990ef7-9a5b-40bc-8f41-13d8ed0936cf,0,89.5,0,0,0,Initial,VAL-RESET-20260331-5846,2026-03-31 18:59:59.999+00,"{""reason"": ""Manual Valuation Override""}"
65c985ba-65d7-49e2-baa6-b36901f1f7ff,412aa341-e0a4-46bd-a236-57ae4776e21c,0,89.5,0,0,0,Initial,VAL-RESET-20260331-5846,2026-03-31 18:59:59.999+00,"{""reason"": ""Manual Valuation Override""}"
dc10bcaa-39e7-4173-b684-c1d64a7ad87c,14e494c5-f77b-44a0-904e-6030187b2a45,0,89.5,0,0,0,Initial,VAL-RESET-20260331-5846,2026-03-31 18:59:59.999+00,"{""reason"": ""Manual Valuation Override""}"
45642983-014d-491a-bf5c-2d7db770674a,b5073451-3d7d-4bce-be2e-417dbe7209a4,0,89.5,0,0,0,Initial,VAL-RESET-20260331-5846,2026-03-31 18:59:59.999+00,"{""reason"": ""Manual Valuation Override""}"
d6eddac6-41fb-4314-a540-1b850abdde62,817c8b6f-3c49-47f5-998a-ff15033f6b86,0,89.5,0,0,0,Initial,VAL-RESET-20260331-5846,2026-03-31 18:59:59.999+00,"{""reason"": ""Manual Valuation Override""}"
59332cb3-d9a0-4e59-b273-e9adcc2fd60b,2388c76f-35a7-4076-b2a3-a75ac541692c,0,89.5,0,0,0,Initial,VAL-RESET-20260331-5846,2026-03-31 18:59:59.999+00,"{""reason"": ""Manual Valuation Override""}"
4b766083-2de8-4056-8494-609c6ef43f0c,ec766a71-38c2-45fb-a64f-7589897d89ae,0,89.5,0,0,0,Initial,VAL-RESET-20260331-5846,2026-03-31 18:59:59.999+00,"{""reason"": ""Manual Valuation Override""}"
bcb73918-fc63-41fe-923e-cca2048eaf71,a2ecdf21-8089-4d7d-9497-4addbc48b90c,0,107.5,0,0,0,Initial,VAL-RESET-20260331-5846,2026-03-31 18:59:59.999+00,"{""reason"": ""Manual Valuation Override""}"
63fe9619-9580-4dc2-91f3-139140b8e7c8,3fbbd2fb-4cd6-40e6-8856-26ef2c823bc5,0,107.5,0,0,0,Initial,VAL-RESET-20260331-5846,2026-03-31 18:59:59.999+00,"{""reason"": ""Manual Valuation Override""}"
254d5dbc-dc0f-457c-b8c0-d793caf8bfee,a48054e2-5d92-4162-8afa-6a9565b697ea,0,107.5,0,0,0,Initial,VAL-RESET-20260331-5846,2026-03-31 18:59:59.999+00,"{""reason"": ""Manual Valuation Override""}"
c7b7d3e1-4c9d-476b-977d-e443103c6027,dcb00b2e-ea89-4e17-b1bb-67e576da4e6d,0,107.5,0,0,0,Initial,VAL-RESET-20260331-5846,2026-03-31 18:59:59.999+00,"{""reason"": ""Manual Valuation Override""}"
1b40e8e9-404e-4fd1-955d-a414fd61711d,23da208c-c810-4bf1-89bd-4eb5a55cce5e,0,107.5,0,0,0,Initial,VAL-RESET-20260331-5846,2026-03-31 18:59:59.999+00,"{""reason"": ""Manual Valuation Override""}"
bb04e2fa-943b-47e3-a7c5-761427a9cbea,342b62a4-b9a5-4f60-a698-e9eacf5900e4,0,107.5,0,0,0,Initial,VAL-RESET-20260331-5846,2026-03-31 18:59:59.999+00,"{""reason"": ""Manual Valuation Override""}"
aa442d76-6cd4-47e8-a431-83a1e77a80de,214c980f-de08-4c22-aa76-c6bab968483b,0,18.13,0,0,0,Initial,VAL-RESET-20260331-5846,2026-03-31 18:59:59.999+00,"{""reason"": ""Manual Valuation Override""}"
9fb68a21-715f-4a14-83a0-f790526e56db,29a0bdd8-7ec8-49aa-94e2-3abc24a5fe6d,0,24.94,0,0,0,Initial,VAL-RESET-20260331-5846,2026-03-31 18:59:59.999+00,"{""reason"": ""Manual Valuation Override""}"
6b051e2a-0f33-4955-aa99-d4d3c95527b5,2c981082-c3ab-47b1-99c3-c34fe22ee02c,4800,78.42283147460583,376429.591078108,0,0,Adjustment,Auto-Sync for INV-2026-03-001,2026-03-28 10:40:32.371593+00,"{""invalidated_by"": ""VAL-RESET-20260331-5846""}"
3b914cdf-289d-4150-a054-1d1e1c9e1d96,e560c8fd-332b-48cb-b7de-125a590bcb0c,1280,71.39325804506855,91383.37029768774,0,0,Conversion,CONV-1774934016712,2026-03-31 05:13:37.875141+00,"{""invalidated_by"": ""VAL-RESET-20260331-5846""}"
1506bce1-7c7d-4842-82d5-afc53173a91b,71747c3d-230b-4f6c-a3a5-80ca29120b16,100,0,0,0,0,Adjustment,REF-2026-03-00695,2026-03-31 18:59:59.999+00,"{""invalidated_by"": ""VAL-RESET-20260331-5846""}"
c254e53f-e319-40aa-a68e-10ae37e9caa7,0532897a-fd36-45a5-9f0f-d042367920ec,350,0,0,0,0,Adjustment,REF-2026-03-00695,2026-03-31 18:59:59.999+00,"{""invalidated_by"": ""VAL-RESET-20260331-5846""}"
84218970-63f3-4a30-b9d9-e479b572089b,d9964e90-72ce-482b-8a17-7651628e223e,1000,0,0,0,0,Adjustment,REF-2026-03-00695,2026-03-31 18:59:59.999+00,"{""invalidated_by"": ""VAL-RESET-20260331-5846""}"
7161b92d-8376-40de-a20c-7c08c9e338ce,d23536f3-0d86-4dcd-934e-9085566d4dc7,18072,75,1355400,0,0,Purchase,PO-2026-03-00022,2026-03-30 15:07:54.960034+00,"{""invalidated_by"": ""VAL-RESET-20260331-5846""}"
1d8578ff-b703-4bea-8b47-eb25517040d8,d23536f3-0d86-4dcd-934e-9085566d4dc7,18072,80.04852977644975,1446637.03012,0,0,Purchase,Bill f2842050,2026-03-30 07:00:00+00,"{""invalidated_by"": ""VAL-RESET-20260331-5846""}"
af389f70-736a-4268-a05d-4dbf36371e98,5ffd5921-5ad2-4d30-b598-4337f1a39464,2000,78.75570764382422,157511.41528764844,0,0,Initial,VAL-RESET-20260331-5846,2026-03-31 18:59:59.999+00,"{""reason"": ""Manual Valuation Override""}"
ee539cd2-9c60-4c2e-b3c3-fc9365496f1b,a6707819-7f9c-4968-ad8e-badfec24bef2,20660,78.88704005207522,1629806.2474758741,0,0.0000000000000000,Initial,VAL-RESET-20260331-5846,2026-03-31 18:59:59.999+00,"{""reason"": ""Manual Valuation Override""}"
9c3e2799-8b6c-439d-aafd-9d7ed98928dd,e646adf3-e04a-4919-8dd4-d53927f5584b,100,78.88704005207522,7888.704005207522,0,0.0000000000000000,Initial,VAL-RESET-20260331-5846,2026-03-31 18:59:59.999+00,"{""reason"": ""Manual Valuation Override""}"
2d272559-1bd7-4690-866e-d1565aaa23bf,a6707819-7f9c-4968-ad8e-badfec24bef2,-3500,89.572379064604,-313503.32672611397,0,0,Sale,Auto-Repair: Sale Move for 20,2026-04-11 06:39:04.983231+00,"{""auto_repair"": true, ""stock_move_id"": ""ec5e3118-a89a-4254-9858-06f3b578366c""}"
480082e6-41d0-4efb-b1e0-d259af6001d1,93765798-ca54-496a-94c6-bb4f273bfe27,9065,42.62205765848616,386368.95267417707,0,0.0000000000000000,Production,MO-2026-04-00032,2026-04-17 07:41:56.170272+00,{}
7bdff228-b9d5-47de-b30d-dde3f86b6451,2725799f-a307-4777-8b00-84f03278ab57,2080,24.77,51521.6,0,0,Purchase,Bill 887a9c78,2026-03-07 07:00:00+00,"{""invalidated_by"": ""VAL-RESET-20260331-5846""}"
f0d9faed-fa1e-4ff2-98ff-15d5534610a5,1066c1db-bbd7-4256-a751-f5cbf463f8a3,0,92.94306041555204,0,0,0,Initial,VAL-RESET-20260430-7477,2026-04-30 18:59:59.999+00,"{""reason"": ""Manual Valuation Override""}"
14362e15-264c-4119-93aa-82a4064b6d0e,e646adf3-e04a-4919-8dd4-d53927f5584b,1040,91.42683742567446,95083.91092270144,0,0,Conversion,CONV-1775902609446,2026-04-11 10:16:50.110448+00,"{""invalidated_by"": ""VAL-RESET-20260430-3716""}"
11a5015b-fa50-4eae-8b2c-1cd87ff23d61,5ada25b4-2b36-4680-8cb5-7b6818230550,0,24.13,0,0,0,Initial,VAL-RESET-20260331-5846,2026-03-31 18:59:59.999+00,"{""reason"": ""Manual Valuation Override""}"
e078b616-05f2-45c7-bf65-c6e27183b27c,a6707819-7f9c-4968-ad8e-badfec24bef2,40,114.78829175083224,4591.53167003329,0,0,Conversion,CONV-1775903410274,2026-04-11 10:30:11.105224+00,"{""invalidated_by"": ""VAL-RESET-20260430-3716""}"
b7678d30-a003-4e75-acc6-c810dd557589,2c981082-c3ab-47b1-99c3-c34fe22ee02c,3520,78.88704005207522,277682.38098330476,0,0.0000000000000000,Initial,VAL-RESET-20260331-5846,2026-03-31 18:59:59.999+00,"{""reason"": ""Manual Valuation Override""}"
f67c6247-a9e3-49af-b17d-2f5a3ca215f6,b2f8974f-ab3c-4880-a03d-6d3b29d26c57,2290,0,0,0,0,Initial,VAL-RESET-20260331-5846,2026-03-31 18:59:59.999+00,"{""invalidated_by"": ""VAL-RESET-20260430-3716""}"
7347bf6b-e530-4ded-9ef8-d727ff6caa23,e6b304c1-06aa-4346-988a-bc1dfd29a613,0,0,0,0,0,Initial,VAL-RESET-20260331-5846,2026-03-31 18:59:59.999+00,"{""reason"": ""Manual Valuation Override""}"
d42f5481-6728-4b67-aa7f-a4623cf343d5,2940757a-5bfb-4470-88bb-7346e6738f71,5225,0,0,0,0,Initial,VAL-RESET-20260331-5846,2026-03-31 18:59:59.999+00,"{""invalidated_by"": ""VAL-RESET-20260430-3716""}"
9f497b28-a455-40d6-8f80-a6d7d91e18b2,c96b657d-0bd6-4386-b94c-339c33714e3b,387,17.9,6927.299999999999,0,0,Initial,VAL-RESET-20260331-5846,2026-03-31 18:59:59.999+00,"{""invalidated_by"": ""VAL-RESET-20260430-3716""}"
1506ebc0-0eea-4fa5-9f3e-78f2a43d48af,29f97aa5-e538-4261-b69f-6b1a394015c9,0,0,0,0,0,Purchase,Bill a6130969,2026-05-08 07:00:00+00,{}
b7087950-f374-48fc-bed1-9aa7261fe6f9,d383d741-fa61-4537-9ef9-7fb74115ded0,2053,0,0,0,0,Initial,VAL-RESET-20260331-5846,2026-03-31 18:59:59.999+00,"{""invalidated_by"": ""VAL-RESET-20260430-3716""}"
f51eaaa1-4df8-48d1-86ea-ae98e4aae340,36fc17de-cda5-4433-9ab6-525db53d1776,1224,0,0,0,0,Initial,VAL-RESET-20260331-5846,2026-03-31 18:59:59.999+00,"{""invalidated_by"": ""VAL-RESET-20260430-3716""}"
af3c21c7-0a64-4a8f-94b7-003406e17992,8b945707-4cb1-4e34-8d12-92da06120bd2,88,0,0,0,0.0000000000000000,Initial,VAL-RESET-20260331-5846,2026-03-31 18:59:59.999+00,"{""reason"": ""Manual Valuation Override""}"
bd0c8672-f2c0-47b7-8c83-df260635d851,65415ac9-fc97-471a-b17f-1340c7b1b55a,1135,68.2995,77519.9325,0,0,Purchase,PO-2026-04-00037,2026-04-11 10:43:11.486929+00,"{""invalidated_by"": ""VAL-RESET-20260430-3716""}"
0a75c102-ec3f-4354-8438-9b9a44bf7afc,29f97aa5-e538-4261-b69f-6b1a394015c9,1309,25.746671738303537,33702.39330543933,0,0,Purchase,Auto-Repair: Purchase Move for Standard,2026-04-11 06:39:19.703827+00,"{""invalidated_by"": ""VAL-RESET-20260430-3716""}"
f0f0f8e4-62d1-4dba-a4f2-3b7d15c7c300,29f97aa5-e538-4261-b69f-6b1a394015c9,362,0,0,0,0,Purchase,PO-2026-04-00032,2026-04-09 09:39:44.663741+00,"{""invalidated_by"": ""VAL-RESET-20260430-3716""}"
db854f86-28b2-43db-9dfe-5d21e72c744e,e646adf3-e04a-4919-8dd4-d53927f5584b,-500,90.85300729482711,-45426.503647413556,0,0,Sale,Auto-Repair: Sale Move for 10,2026-04-11 06:39:05.637234+00,"{""auto_repair"": true, ""stock_move_id"": ""5e37d82d-1213-49e4-b00b-169838523a37""}"
1dd3554f-450f-4dd4-86bc-ca3d8cc19a12,2c981082-c3ab-47b1-99c3-c34fe22ee02c,-640,90.10922692546995,-57669.90523230077,0,0,Sale,Auto-Repair: Sale Move for 80,2026-04-11 06:39:08.207163+00,"{""auto_repair"": true, ""stock_move_id"": ""7dc922dc-ae29-411e-a45d-68daedf1da54""}"
975f57fd-0b36-4472-92aa-2d89f600ac47,e646adf3-e04a-4919-8dd4-d53927f5584b,-3000,90.85300729482711,-272559.0218844813,0,0,Sale,Auto-Repair: Sale Move for 10,2026-04-11 06:39:10.140297+00,"{""auto_repair"": true, ""stock_move_id"": ""ea72c104-a1d4-4c1c-93fa-a067de07fa52""}"
984c8515-f56b-4871-a2c3-c954c50c461d,a6707819-7f9c-4968-ad8e-badfec24bef2,-2000,89.572379064604,-179144.758129208,0,0,Sale,Auto-Repair: Sale Move for 20,2026-04-11 06:39:10.757888+00,"{""auto_repair"": true, ""stock_move_id"": ""05bce3c3-0c31-4b5b-8606-8edfc603efcd""}"
0d8a0ce5-aea2-4585-befa-ec906dd269d0,a6707819-7f9c-4968-ad8e-badfec24bef2,-1000,89.572379064604,-89572.379064604,0,0,Sale,Auto-Repair: Sale Move for 20,2026-04-11 06:39:13.328847+00,"{""auto_repair"": true, ""stock_move_id"": ""472bc3c6-9937-41ef-83d5-f07633a9158d""}"
be2f1dc5-8f22-483a-8648-2899e0c66d77,e560c8fd-332b-48cb-b7de-125a590bcb0c,-160,88.80139897160952,-14208.223835457522,0,0,Sale,Auto-Repair: Sale Move for 80,2026-04-11 06:39:14.591691+00,"{""auto_repair"": true, ""stock_move_id"": ""4a6c5781-2a47-4038-9842-b2eef1d4160a""}"
b3891d45-ee59-464a-be98-416b5c0dae2a,29f97aa5-e538-4261-b69f-6b1a394015c9,-10800,25.746671738303537,-278064.0547736782,0,0,Sale,Auto-Repair: Sale Move for Standard,2026-04-11 06:39:15.828719+00,"{""auto_repair"": true, ""stock_move_id"": ""d6030e6d-5fbc-4867-8846-8595fc853ee4""}"
d8590d20-3f28-482b-ac0c-9727ecc57d63,396eef73-791a-465c-ae17-b78505b08d5f,830,87.29502946344685,72454.8744546609,0,0,Adjustment,Rev: INV-2026-04-00412||/sales/invoices/9a286515-6ba1-4213-8c8e-beb0f6e316cf,2026-04-30 17:08:45.03967+00,"{""invalidated_by"": ""VAL-RESET-20260430-3716""}"
79407d94-bcf2-46c9-a649-2fc32f8fe69f,d9964e90-72ce-482b-8a17-7651628e223e,-80,75,-6000,0,0,Sale,Auto-Repair: Sale Move for Standard,2026-04-11 06:39:18.441287+00,"{""auto_repair"": true, ""stock_move_id"": ""c11b2a29-66c7-46fa-96d7-eebfed9a6a62""}"
b8149735-936e-479b-87f6-8dd680252e99,1066c1db-bbd7-4256-a751-f5cbf463f8a3,-1500,91.05940159814038,-136589.10239721058,0,0,Sale,Auto-Repair: Sale Move for 15,2026-04-11 06:39:22.335143+00,"{""auto_repair"": true, ""stock_move_id"": ""13b65fe2-7997-4ced-9a3a-1c8e878c412e""}"
08b2b2e7-8754-4bfa-b92f-b8a924923a89,a6707819-7f9c-4968-ad8e-badfec24bef2,-20,89.572379064604,-1791.4475812920798,0,0,Sale,Auto-Repair: Sale Move for 20,2026-04-11 06:39:23.642487+00,"{""auto_repair"": true, ""stock_move_id"": ""e34624d5-bc2c-482b-b875-ba2da27bad02""}"
5b9f0a3c-016c-4bc5-8ca5-49fc2c459824,a6707819-7f9c-4968-ad8e-badfec24bef2,-4000,89.572379064604,-358289.516258416,0,0,Sale,Auto-Repair: Sale Move for 20,2026-04-11 06:39:24.96087+00,"{""auto_repair"": true, ""stock_move_id"": ""ab720f88-328f-4e14-8a91-306ed5bf1ecc""}"
2bf22b85-4d46-4efa-8a53-461fa91e80c2,a6707819-7f9c-4968-ad8e-badfec24bef2,-2500,89.572379064604,-223930.94766150997,0,0,Sale,Auto-Repair: Sale Move for 20,2026-04-11 06:39:26.214325+00,"{""auto_repair"": true, ""stock_move_id"": ""593741b6-d664-4cd8-bdff-005599aa51e1""}"
670e2d35-8803-49b9-9258-ed361ea9aa7c,a6707819-7f9c-4968-ad8e-badfec24bef2,-1000,89.572379064604,-89572.379064604,0,0,Sale,Auto-Repair: Sale Move for 20,2026-04-11 06:39:27.453967+00,"{""auto_repair"": true, ""stock_move_id"": ""11d2bf48-110e-44d2-a62d-690eeb3ed21c""}"
8f2d7594-451d-425d-a634-14bd54acebb9,a6707819-7f9c-4968-ad8e-badfec24bef2,-2000,89.572379064604,-179144.758129208,0,0,Sale,Auto-Repair: Sale Move for 20,2026-04-11 06:39:29.188795+00,"{""auto_repair"": true, ""stock_move_id"": ""b489aa12-5c6e-4c5c-9a81-00a1453bdb29""}"
4bfc3fe3-712a-4aa0-b886-fce8777d341f,e646adf3-e04a-4919-8dd4-d53927f5584b,-1000,90.85300729482711,-90853.00729482711,0,0,Sale,Auto-Repair: Sale Move for 10,2026-04-11 06:39:30.421837+00,"{""auto_repair"": true, ""stock_move_id"": ""d597fbdf-0f0a-409c-8492-1a5f329de023""}"
ae06baae-9612-4399-8bad-c21841e6e4f5,0532897a-fd36-45a5-9f0f-d042367920ec,350,2,700,0,0,Initial,VAL-RESET-20260331-5846,2026-03-31 18:59:59.999+00,"{""invalidated_by"": ""VAL-RESET-20260430-3716""}"
d58d9326-d786-4611-a290-a31c4737d029,a6707819-7f9c-4968-ad8e-badfec24bef2,280,89.572379064604,25080.26613808912,0,0.0000000000000000,Conversion,Auto-Repair: Conversion Move for 20,2026-04-11 06:39:17.089846+00,"{""auto_repair"": true, ""stock_move_id"": ""67a06d02-b11b-4d3d-abf2-e82e1cf3623b""}"
ba58e12b-df7c-476d-8f67-2d8b8f79f858,29f97aa5-e538-4261-b69f-6b1a394015c9,6875,5.048529776449756,34708.64221309208,0,0.0000000000000000,Initial,VAL-RESET-20260331-5846,2026-03-31 18:59:59.999+00,"{""reason"": ""Manual Valuation Override""}"
8e9683d8-7d11-4ba1-9852-1291d9acbb7b,3fbbd2fb-4cd6-40e6-8856-26ef2c823bc5,3750,90.36457023210116,338867.13837037934,0,0.0000000000000000,Conversion,CONV-1775902979917,2026-04-11 10:23:01.069792+00,{}
64c63afd-324d-4f8e-ae09-5dbacc83224b,937ec71e-d35e-4c0a-b48a-7e72d77e86c1,13155,90.25820716819683,1187346.7152976294,0,0.0000000000000000,Production,Auto-Repair: Production Move for 15,2026-04-11 06:39:21.068801+00,"{""auto_repair"": true, ""stock_move_id"": ""a5171359-246d-4235-8f19-315a90f40bf0""}"
4a5b6fa3-9eb8-45b3-94d4-0eaf80033e74,085c173e-052c-4022-8a90-be5c0ba7b627,10,78.88704005207522,788.8704005207522,0,0.0000000000000000,Initial,VAL-RESET-20260331-5846,2026-03-31 18:59:59.999+00,"{""reason"": ""Manual Valuation Override""}"
45953785-d91d-4488-b1ef-9b480b8254cf,8851e237-ca39-487c-a35f-e28fe711d32c,-3500,89.04897811475156,-311671.4234016305,0,0,Sale,Auto-Repair: Sale Move for 50,2026-04-11 06:37:31.996141+00,"{""auto_repair"": true, ""stock_move_id"": ""98f36f83-577b-42da-803e-ae9b7d1b8f72""}"
49684209-6a09-4420-bc1e-badf46db28be,8851e237-ca39-487c-a35f-e28fe711d32c,-50,89.04897811475156,-4452.448905737579,0,0,Sale,Auto-Repair: Sale Move for 50,2026-04-11 06:37:34.810119+00,"{""auto_repair"": true, ""stock_move_id"": ""3e02f98c-e077-4536-bed3-b92fc0da829e""}"
70c08465-8b29-4928-868e-dae68aae028f,d23536f3-0d86-4dcd-934e-9085566d4dc7,-7397,5.7466717383035375,-42508.13084823127,0,0,Production,Auto-Repair: Production Move for Standard,2026-04-11 06:37:37.317042+00,"{""auto_repair"": true, ""stock_move_id"": ""b8a30bc5-69f3-4f8d-89bd-92025f9060e6""}"
b72edca3-f935-467c-9999-f51ec6e91953,c6b76b35-74b4-4b7d-aa4d-e473698b2f81,0,94.73,0,0,0,Initial,VAL-RESET-20260430-7477,2026-04-30 18:59:59.999+00,"{""reason"": ""Manual Valuation Override""}"
68918a29-08fd-4047-9b2e-34f3cec2898c,2c981082-c3ab-47b1-99c3-c34fe22ee02c,-1200,90.10922692546995,-108131.07231056395,0,0,Sale,Auto-Repair: Sale Move for 80,2026-04-11 06:37:39.822872+00,"{""auto_repair"": true, ""stock_move_id"": ""12d37a0c-c125-4c2f-a56d-e56e4e843803""}"
80af19a7-6679-49fa-b514-9b7327d2f38f,8b945707-4cb1-4e34-8d12-92da06120bd2,-109,68.8071,-7499.973900000001,0,0,Production,Auto-Repair: Production Move for 80,2026-04-11 06:37:42.34003+00,"{""auto_repair"": true, ""stock_move_id"": ""512aebae-4aff-406a-a4b2-9b49e5596f7e""}"
2b39c60b-bc81-459f-93e2-1ea33e3d5200,6e324c36-0f63-44fc-96d4-171f158706cb,0,107.5,0,0,0,Initial,VAL-RESET-20260331-5846,2026-03-31 18:59:59.999+00,"{""reason"": ""Manual Valuation Override""}"
04baeac8-e52e-456f-92da-49be6cf8ef25,6e635acf-ca3f-406a-9177-bdaa6406317e,0,79.5280395676993,0,0,0,Initial,VAL-RESET-20260331-5846,2026-03-31 18:59:59.999+00,"{""reason"": ""Manual Valuation Override""}"
1ed2a007-e642-49fa-8ad1-5c6460c780d9,7228dd62-c775-4f2b-bc08-dda954f29958,0,78.88704005207522,0,0,0,Initial,VAL-RESET-20260331-5846,2026-03-31 18:59:59.999+00,"{""reason"": ""Manual Valuation Override""}"
f1ce4d0b-0c0f-4d94-a143-63287f4600a5,396eef73-791a-465c-ae17-b78505b08d5f,0,78.75570764382422,0,0,0,Initial,VAL-RESET-20260331-5846,2026-03-31 18:59:59.999+00,"{""reason"": ""Manual Valuation Override""}"
336b8c34-5902-40d2-afc7-4022383fb422,98506d04-47db-4d74-847b-cf3122bc85ad,0,77.28152445699166,0,0,0,Initial,VAL-RESET-20260331-5846,2026-03-31 18:59:59.999+00,"{""reason"": ""Manual Valuation Override""}"
d116d544-73b4-4aa0-82b4-dc6befc13cf8,14e494c5-f77b-44a0-904e-6030187b2a45,40,91.7865737665065,3671.4629506602605,0,0,Production,Auto-Repair: Production Move for 20,2026-04-11 06:37:54.887656+00,"{""invalidated_by"": ""VAL-RESET-20260430-3716""}"
57ab4e62-6640-46cd-8226-d78453345685,5dc03d6b-a9fc-4d75-976b-db7afb556301,2391,0,0,0,0,Initial,VAL-RESET-20260331-5846,2026-03-31 18:59:59.999+00,"{""invalidated_by"": ""VAL-RESET-20260430-3716""}"
a1312377-f015-4ebe-8eea-946e382eeed4,0825ad1f-baf7-4c6c-b9a8-df86095dac5c,31015,0,0,0,0,Initial,VAL-RESET-20260331-5846,2026-03-31 18:59:59.999+00,"{""invalidated_by"": ""VAL-RESET-20260430-3716""}"
0846db35-c4c4-46d0-a7ce-efa1e62c91f2,31960d22-7e96-457a-b977-2f6cca95735b,104,0,0,0,0.00000000000000000000,Initial,VAL-RESET-20260331-5846,2026-03-31 18:59:59.999+00,"{""reason"": ""Manual Valuation Override""}"
e15e05b0-011e-4032-a3a9-1923047e51da,65415ac9-fc97-471a-b17f-1340c7b1b55a,2280,25,57000,0,0,Adjustment,Auto-Repair: Adjustment Move for 80,2026-04-11 06:38:07.634273+00,"{""invalidated_by"": ""VAL-RESET-20260430-3716""}"
11225658-01f9-4996-be11-6d6d9665387f,1066c1db-bbd7-4256-a751-f5cbf463f8a3,-15,91.05940159814038,-1365.8910239721058,0,0,Sale,Auto-Repair: Sale Move for 15,2026-04-11 06:37:57.458328+00,"{""auto_repair"": true, ""stock_move_id"": ""d3f996e2-eb31-4a56-a409-fb9bb464ae32""}"
60d9b6cb-c0b4-445e-b480-cfc1194c380e,29f97aa5-e538-4261-b69f-6b1a394015c9,1000,25.746671738303537,25746.671738303536,0,0,Purchase,Auto-Repair: Purchase Move for Standard,2026-04-11 06:37:47.37688+00,"{""invalidated_by"": ""VAL-RESET-20260430-3716""}"
e91c0737-3717-4a2c-ac66-e3fe92a0897b,2c981082-c3ab-47b1-99c3-c34fe22ee02c,-400,90.10922692546995,-36043.69077018798,0,0,Sale,Auto-Repair: Sale Move for 80,2026-04-11 06:38:02.650882+00,"{""auto_repair"": true, ""stock_move_id"": ""8b822b67-6d54-4f18-a8a0-a771a8029241""}"
32b8f837-00a5-4e18-8aab-218898ace5d6,29f97aa5-e538-4261-b69f-6b1a394015c9,362,8.098237718832891,2931.5620542175066,0,0,Purchase,Bill feeb7a49,2026-04-07 07:00:00+00,"{""invalidated_by"": ""VAL-RESET-20260430-3716""}"
d0cb5116-609a-480a-b4c8-cbc17fd4d591,8b945707-4cb1-4e34-8d12-92da06120bd2,-16,68.8071,-1100.9136,0,0,Production,Auto-Repair: Production Move for 80,2026-04-11 06:38:10.113342+00,"{""auto_repair"": true, ""stock_move_id"": ""123fcf09-b7d9-4dc1-aa95-44e7d08be5ef""}"
31cf984a-06eb-4541-99a8-c2d5475b3a00,2725799f-a307-4777-8b00-84f03278ab57,34546,24.77,855704.42,0,0.0000000000000000,Initial,VAL-RESET-20260331-5846,2026-03-31 18:59:59.999+00,"{""reason"": ""Manual Valuation Override""}"
baf49216-d3a2-4854-b362-11974433fb02,2c981082-c3ab-47b1-99c3-c34fe22ee02c,-2400,90.10922692546995,-216262.1446211279,0,0,Sale,Auto-Repair: Sale Move for 80,2026-04-11 06:38:12.595302+00,"{""auto_repair"": true, ""stock_move_id"": ""962bd9f2-9385-4bf8-b8b2-eb337b528ae3""}"
80db304f-4288-48c7-9b83-41b0fb32c3ac,2725799f-a307-4777-8b00-84f03278ab57,-88,24.377363532323745,-2145.2079908444894,0,0,Production,Auto-Repair: Production Move for 20,2026-04-11 06:38:15.098242+00,"{""auto_repair"": true, ""stock_move_id"": ""41124c46-5e87-4c91-a80b-5620afba34c9""}"
d7aac116-ce53-4f16-9b7e-9a04828591af,e646adf3-e04a-4919-8dd4-d53927f5584b,-500,90.85300729482711,-45426.503647413556,0,0,Sale,Auto-Repair: Sale Move for 10,2026-04-11 06:38:17.541108+00,"{""auto_repair"": true, ""stock_move_id"": ""521bc6bd-3275-400b-9bb6-2cc87e0ef668""}"
c12d4643-4f0d-4737-9e75-24b2349cea4e,18568477-1a69-413a-b5bd-94333c860750,3536,90.7341284885639,320835.87833556195,0,0.0000000000000000,Production,Auto-Repair: Production Move for 34,2026-04-11 06:38:37.723146+00,"{""auto_repair"": true, ""stock_move_id"": ""7f44f314-c1b0-45d8-a7e5-bd5304f9d36d""}"
8653a910-6fd8-4b3c-91d4-88a6adb2a7b6,d23536f3-0d86-4dcd-934e-9085566d4dc7,18072,5.7466717383035375,103853.85165462153,0,0.000000000000000000000000000000000000000000,Purchase,Auto-Repair: Purchase Move for Standard,2026-04-11 06:37:52.420924+00,"{""auto_repair"": true, ""stock_move_id"": ""dd636a4e-95d9-4814-a7be-3c3e84969956""}"
71e410d1-d216-492c-aa3f-1a88508ecbde,8b945707-4cb1-4e34-8d12-92da06120bd2,-16,68.8071,-1100.9136,0,0,Conversion,Auto-Repair: Conversion Move for 80,2026-04-11 06:38:19.967459+00,"{""auto_repair"": true, ""stock_move_id"": ""964b9e0a-0ab1-47a2-9506-de9d0f1405b8""}"
a255fcb5-1f64-4fbb-8422-47be9cace777,18568477-1a69-413a-b5bd-94333c860750,5814,75.8178791723109,440805.14950781554,0,0,Production,MO-2026-04-00036,2026-04-21 07:35:56.114647+00,"{""invalidated_by"": ""VAL-RESET-20260430-3716""}"
ea7c181d-596b-4252-a315-0cad106cf5a6,65415ac9-fc97-471a-b17f-1340c7b1b55a,-82,25,-2050,0,0,Production,Auto-Repair: Production Move for 80,2026-04-11 06:38:24.892056+00,"{""auto_repair"": true, ""stock_move_id"": ""e6649c22-5bd1-479c-a909-aa1917f181a0""}"
ac98e0f0-3a61-4219-a013-513185dee12e,2725799f-a307-4777-8b00-84f03278ab57,-123,24.377363532323745,-2998.4157144758206,0,0,Production,Auto-Repair: Production Move for 20,2026-04-11 06:38:27.390394+00,"{""auto_repair"": true, ""stock_move_id"": ""02ee5adf-a012-4fa9-8c72-e4c9d51f4f53""}"
0e27c1b4-6748-47c5-b433-93aab9e25238,8851e237-ca39-487c-a35f-e28fe711d32c,850,87.03143358025883,73976.71854322,0,0,Conversion,CONV-1776950017662,2026-04-23 13:13:38.246968+00,"{""invalidated_by"": ""VAL-RESET-20260430-3716""}"
d9e29cab-e3e6-4af9-9ae7-703c222a7eb5,e646adf3-e04a-4919-8dd4-d53927f5584b,-1000,90.85300729482711,-90853.00729482711,0,0,Sale,Auto-Repair: Sale Move for 10,2026-04-11 06:39:06.910564+00,"{""auto_repair"": true, ""stock_move_id"": ""8b1989c5-ec93-41ef-8f7d-d1230d22cc42""}"
20acd623-095a-4cc4-8ff9-12262eb13ee8,a6707819-7f9c-4968-ad8e-badfec24bef2,200,89.572379064604,17914.4758129208,0,0.0000000000000000,Conversion,Auto-Repair: Conversion Move for 20,2026-04-11 06:38:00.125067+00,"{""auto_repair"": true, ""stock_move_id"": ""e0038d87-3ba3-461e-9ce5-8262e443787f""}"
0e95fa44-0c7e-4259-a419-fbdea20e9c63,8851e237-ca39-487c-a35f-e28fe711d32c,1250,89.04897811475156,111311.22264343945,0,0.0000000000000000,Production,Auto-Repair: Production Move for 50,2026-04-11 06:38:05.150957+00,"{""auto_repair"": true, ""stock_move_id"": ""7b2a4255-ea6c-4e5a-b4ee-f771d71726c4""}"
49126a93-7520-44fb-922a-8c2d154ee0f1,2c981082-c3ab-47b1-99c3-c34fe22ee02c,1280,90.10922692546995,115339.81046460154,0,0.0000000000000000,Conversion,Auto-Repair: Conversion Move for 80,2026-04-11 06:38:29.80217+00,"{""auto_repair"": true, ""stock_move_id"": ""7896bbee-28f9-474b-b74c-2cdcaf284e5c""}"
77c33c34-2c3f-4047-b046-4102124ef7dc,e560c8fd-332b-48cb-b7de-125a590bcb0c,240,88.80139897160952,21312.335753186282,0,0.0000000000000000,Conversion,Auto-Repair: Conversion Move for 80,2026-04-11 06:37:58.774336+00,"{""auto_repair"": true, ""stock_move_id"": ""f3854ba3-6f4e-46c6-aed6-e161d87d444d""}"
4d579f00-89d4-49b1-a105-92800fe7d59a,769513cc-c70d-41c0-9bb6-99b480841b4f,0,18.64,0,0,0,Initial,VAL-RESET-20260331-5846,2026-03-31 18:59:59.999+00,"{""reason"": ""Manual Valuation Override""}"
f6a0c986-9620-4249-9add-9022fabd8335,d8a16b7d-84b2-4a78-8333-a02a4389a141,0,77.28152445699166,0,0,0,Initial,VAL-RESET-20260430-7477,2026-04-30 18:59:59.999+00,"{""reason"": ""Manual Valuation Override""}"
9949bc35-b844-4ebc-8ab1-282dc84cc485,18568477-1a69-413a-b5bd-94333c860750,612,78.88704005207522,48278.86851187004,0,0.0000000000000000,Initial,VAL-RESET-20260331-5846,2026-03-31 18:59:59.999+00,"{""reason"": ""Manual Valuation Override""}"
96b579b8-484b-4fe1-851f-095f0788be28,b2f8974f-ab3c-4880-a03d-6d3b29d26c57,3000,12.806,38418,0,0,Purchase,PO-2026-04-00027,2026-04-02 16:57:23.066383+00,"{""invalidated_by"": ""VAL-RESET-20260430-3716""}"
0d3f79bc-60e0-4f18-ab3d-8e2d270b0694,8851e237-ca39-487c-a35f-e28fe711d32c,6450,78.88704005207522,508821.40833588515,0,0.0000000000000000,Initial,VAL-RESET-20260331-5846,2026-03-31 18:59:59.999+00,"{""reason"": ""Manual Valuation Override""}"
27fc2feb-ce43-4882-ae13-76af97ac60a0,8851e237-ca39-487c-a35f-e28fe711d32c,-100,89.04897811475156,-8904.897811475157,0,0,Sale,Auto-Repair: Sale Move for 50,2026-04-11 06:37:32.8367+00,"{""auto_repair"": true, ""stock_move_id"": ""ddc3ddd2-285f-49dc-8d02-1a162ddde965""}"
3a6dab8a-8c08-46af-afbd-34f62326807a,29f97aa5-e538-4261-b69f-6b1a394015c9,500,2.0668202718912436,1033.4101359456217,0,0,Purchase,Bill 327c17da,2026-03-06 07:00:00+00,"{""invalidated_by"": ""VAL-RESET-20260331-5846""}"
60ad0696-29c1-48c5-8f4e-7e4ff9f42174,29f97aa5-e538-4261-b69f-6b1a394015c9,1000,0,0,0,0,Purchase,PO-2026-03-00017,2026-03-07 06:50:42.544684+00,"{""invalidated_by"": ""VAL-RESET-20260331-5846""}"
d7f5c6fe-ccbf-41c6-8419-a8d79558bab0,29f97aa5-e538-4261-b69f-6b1a394015c9,1000,3.8313346334633467,3831.3346334633466,0,0,Purchase,Bill 2305b7f9,2026-03-06 07:00:00+00,"{""invalidated_by"": ""VAL-RESET-20260331-5846""}"
40d2a87c-96fe-441d-b791-01b04bc6785f,29f97aa5-e538-4261-b69f-6b1a394015c9,1000,0,0,0,0,Purchase,PO-2026-03-00018,2026-03-10 09:35:58.304278+00,"{""invalidated_by"": ""VAL-RESET-20260331-5846""}"
0b9b1670-29da-48ad-bb20-d212c41e3ef1,29f97aa5-e538-4261-b69f-6b1a394015c9,1000,3.7285,3728.5,0,0,Purchase,Bill e3a6de15,2026-03-09 07:00:00+00,"{""invalidated_by"": ""VAL-RESET-20260331-5846""}"
6a59a9cf-5c69-4695-8db1-eb29712c84b2,29f97aa5-e538-4261-b69f-6b1a394015c9,1000,0,0,0,0,Purchase,PO-2026-03-00015,2026-03-13 07:56:29.840461+00,"{""invalidated_by"": ""VAL-RESET-20260331-5846""}"
906952bf-ea5d-40dd-81ce-ec9d4414475b,29f97aa5-e538-4261-b69f-6b1a394015c9,1000,3.371202879712029,3371.202879712029,0,0,Purchase,Bill ace9af9d,2026-03-02 07:00:00+00,"{""invalidated_by"": ""VAL-RESET-20260331-5846""}"
299143b2-f4d3-41e8-a5e3-7f0101dd57fe,29f97aa5-e538-4261-b69f-6b1a394015c9,542,4.939627305592445,2677.2779996311056,0,0,Purchase,Bill fbbb8f0d,2026-03-16 07:00:00+00,"{""invalidated_by"": ""VAL-RESET-20260331-5846""}"
187c6aaa-d9dd-49c1-9608-6d55305a3391,29f97aa5-e538-4261-b69f-6b1a394015c9,542,4.939627305592445,2677.2779996311056,0,0,Purchase,Bill b7d237ed,2026-03-16 07:00:00+00,"{""invalidated_by"": ""VAL-RESET-20260331-5846""}"
5c5a219a-0e9a-467d-8795-0961bfdb7105,29f97aa5-e538-4261-b69f-6b1a394015c9,180,5.048529776449756,908.7353597609562,0,0,Purchase,Bill f2842050,2026-03-30 07:00:00+00,"{""invalidated_by"": ""VAL-RESET-20260331-5846""}"
657efd6b-8689-4a72-8239-a737251ab517,102e3e45-c488-4973-91c5-f62f51764ceb,925,0,0,0,0,Initial,VAL-RESET-20260331-5846,2026-03-31 18:59:59.999+00,"{""invalidated_by"": ""VAL-RESET-20260430-3716""}"
22b06e1b-fc8a-4f2b-97ba-8c932174a103,4c46ce95-42bf-4f3d-beb8-123623d0fa76,0,0,0,0,0,Initial,VAL-RESET-20260331-5846,2026-03-31 18:59:59.999+00,"{""reason"": ""Manual Valuation Override""}"
7af44a89-64d9-434b-9b1b-fe39e25360cf,2c981082-c3ab-47b1-99c3-c34fe22ee02c,1040,78.42283147460583,81559.74473359007,0,0,Sale Return,SCN-2026-03-00067,2026-03-30 16:28:33.107167+00,"{""invalidated_by"": ""VAL-RESET-20260331-5846""}"
51a44615-990e-484d-9928-145f698dbcb5,8851e237-ca39-487c-a35f-e28fe711d32c,-500,89.04897811475156,-44524.48905737578,0,0,Sale,Auto-Repair: Sale Move for 50,2026-04-11 06:37:35.445676+00,"{""auto_repair"": true, ""stock_move_id"": ""b34155e6-eb9d-4a24-91d3-55b03c0438e1""}"
69c75a29-b6ee-4d23-a1cb-142c45ca8a78,e560c8fd-332b-48cb-b7de-125a590bcb0c,240,90.44692342596194,21707.261622230864,0,0,Conversion,CONV-1773474439099,2026-03-14 07:47:20.034525+00,"{""invalidated_by"": ""VAL-RESET-20260331-5846""}"
97373221-b95d-4cc3-a968-497efa294a86,e560c8fd-332b-48cb-b7de-125a590bcb0c,7280,79.51310498050165,578855.404258052,0,0,Production,MO-2026-03-00014,2026-03-13 09:10:30.644781+00,"{""invalidated_by"": ""VAL-RESET-20260331-5846""}"
09754262-14b4-4529-b77b-489a67b5be38,e560c8fd-332b-48cb-b7de-125a590bcb0c,5200,79.53828405064074,413599.07706333185,0,0,Production,MO-2026-03-00015,2026-03-16 06:45:18.564458+00,"{""invalidated_by"": ""VAL-RESET-20260331-5846""}"
318e8bc6-d40a-4c69-85dc-b06744234cfa,e560c8fd-332b-48cb-b7de-125a590bcb0c,12560,62.59323205770871,786170.9946448214,0,0,Sale Return,SCN-2026-03-00064,2026-03-25 13:44:42.852874+00,"{""invalidated_by"": ""VAL-RESET-20260331-5846""}"
44908119-45f3-4b69-b1d8-c0469f341267,2c52647d-a84b-4dd5-b46b-02e3c9c4666c,0,0,0,0,0,Initial,VAL-RESET-20260331-5846,2026-03-31 18:59:59.999+00,"{""reason"": ""Manual Valuation Override""}"
9dd21491-ebe6-4a5f-a751-fef54fc00523,d23536f3-0d86-4dcd-934e-9085566d4dc7,54216,79.93962730559244,4334006.834,0,0,Purchase,Bill b7d237ed,2026-03-16 07:00:00+00,"{""invalidated_by"": ""VAL-RESET-20260331-5846""}"
589cc6cb-0230-448b-a3dc-ad044f22518b,29f97aa5-e538-4261-b69f-6b1a394015c9,1000,4.120277857074888,4120.277857074888,0,0.0000000000000000,Purchase,Bill 85ab136f,2026-04-01 07:00:00+00,{}
19a43b36-a271-4cd9-adc0-b66db4eb2eae,65415ac9-fc97-471a-b17f-1340c7b1b55a,1288,25,32200,0,0.0000000000000000,Initial,VAL-RESET-20260331-5846,2026-03-31 18:59:59.999+00,"{""reason"": ""Manual Valuation Override""}"
9b9cc170-df8c-4c03-bd25-968fc6bc3f58,2c08642b-74ca-4429-acfa-8cb3911b39b3,3901,0,0,0,0,Initial,VAL-RESET-20260331-5846,2026-03-31 18:59:59.999+00,"{""invalidated_by"": ""VAL-RESET-20260430-3716""}"
3ba44e3a-65ec-4843-a7ba-354da3340e9f,d23536f3-0d86-4dcd-934e-9085566d4dc7,66334.95,93.375,6194025.95625,0.00,0.00000000000000000000000000000000000000000000,Purchase,PO-2026-04-00029,2026-04-09 07:13:47.296933+00,{}
4e9c1afc-5447-47f4-a596-eadaa6f9131d,29f97aa5-e538-4261-b69f-6b1a394015c9,1300,0,0,0,0,Purchase,PO-2026-04-00029,2026-04-09 07:13:47.680338+00,"{""invalidated_by"": ""VAL-RESET-20260430-3716""}"
f2dcb236-b062-4f10-b843-5869a9a3e11f,da5c9701-b165-4fcf-85ac-7d8abfba8e6b,2434,34.5,83973,0,0.0000000000000000,Initial,VAL-RESET-20260331-5846,2026-03-31 18:59:59.999+00,"{""reason"": ""Manual Valuation Override""}"
18a5527e-ff63-4ded-a191-50a1713ac600,d23536f3-0d86-4dcd-934e-9085566d4dc7,66334.95,97.69291657339005,6480454.73625,0.00,0.00000000000000000000000000000000000000,Purchase,Bill 5880a0bb,2026-04-03 07:00:00+00,{}
b614dfbb-be23-43f2-8b3f-a6eb3a5eabe2,8851e237-ca39-487c-a35f-e28fe711d32c,9850,75.8178791723109,746806.1098472623,0,0,Production,MO-2026-04-00036,2026-04-21 07:35:56.490046+00,"{""invalidated_by"": ""VAL-RESET-20260430-3716""}"
8be5f556-3377-473a-9358-c5073fd6d10b,71747c3d-230b-4f6c-a3a5-80ca29120b16,100,4,400,0,0,Initial,VAL-RESET-20260331-5846,2026-03-31 18:59:59.999+00,"{""invalidated_by"": ""VAL-RESET-20260430-3716""}"
54123118-49b4-4519-9716-7af348887a47,d23536f3-0d86-4dcd-934e-9085566d4dc7,62127.45,95,5902107.75,0,0,Purchase,PO-2026-04-00053,2026-04-28 11:46:42.601221+00,"{""invalidated_by"": ""VAL-RESET-20260430-3716""}"
92bbdb88-c614-49b0-8458-cb7eb42e3282,1066c1db-bbd7-4256-a751-f5cbf463f8a3,4875,91.05940159814038,443914.58279093436,0,0.0000000000000000,Production,Auto-Repair: Production Move for 15,2026-04-11 06:41:58.396034+00,"{""auto_repair"": true, ""stock_move_id"": ""e32d7dec-92ae-4474-b6c4-e4ed017f62c8""}"
cc63f993-c71f-4de9-9feb-621a713e721c,da5c9701-b165-4fcf-85ac-7d8abfba8e6b,500,34.5,17250,0,0.0000000000000000,Purchase,Bill b90be7e7,2026-02-27 07:00:00+00,{}
4a8bf727-f83d-4a81-a863-0965570450ec,d23536f3-0d86-4dcd-934e-9085566d4dc7,55613.25,99.00712060525144,5506107.75,0.00,0.0000000000000000000000,Purchase,Bill 94d85fac,2026-04-01 07:00:00+00,{}
04dbfb1e-71a3-4193-88e3-1aa65012a98e,d23536f3-0d86-4dcd-934e-9085566d4dc7,52019.55,99.12027785707488,5156192.25,0.00,0.0000000000000000000000,Purchase,Bill 85ab136f,2026-04-01 07:00:00+00,{}
e970b5c8-eb55-4c2f-927e-f1c55b9852ba,b2f8974f-ab3c-4880-a03d-6d3b29d26c57,3000,12.806,38418,0,0.0000000000000000,Purchase,Bill 467b0da4,2026-03-10 07:00:00+00,{}
cc6e9213-d084-474e-a96a-3ae5d8f299d0,d23536f3-0d86-4dcd-934e-9085566d4dc7,52019.55,95,4941857.25,0.00,0.0000000000000000000000000000,Purchase,PO-2026-04-00023,2026-04-02 08:58:58.664997+00,{}
39f5faf5-c7dd-4121-90b7-4cde4f262c74,d23536f3-0d86-4dcd-934e-9085566d4dc7,55613.25,95,5283258.75,0.00,0.000000000000000000000000000000,Purchase,PO-2026-04-00024,2026-04-02 09:30:52.074125+00,{}
46b6ecd0-fdc0-4cdf-b3b7-4d8cc50b154a,d23536f3-0d86-4dcd-934e-9085566d4dc7,34581,75,2593575,0.00,0.00000000000000000000000000000000,Purchase,PO-2026-04-00028,2026-04-03 04:48:57.567869+00,{}
85a6a8d7-1fc4-4b42-a09b-a4d5f907c058,25a20076-8468-420b-97f9-75c1f6275242,0,92.49131590180504,0,0,0,Initial,VAL-RESET-20260430-7477,2026-04-30 18:59:59.999+00,"{""reason"": ""Manual Valuation Override""}"
63813458-2b06-407e-ad33-dabe6638e193,ff990ef7-9a5b-40bc-8f41-13d8ed0936cf,0,89.5,0,0,0,Initial,VAL-RESET-20260430-7477,2026-04-30 18:59:59.999+00,"{""reason"": ""Manual Valuation Override""}"
5b111d05-cc49-4664-bcff-cc9d66ed28d0,2388c76f-35a7-4076-b2a3-a75ac541692c,0,89.5,0,0,0,Initial,VAL-RESET-20260430-7477,2026-04-30 18:59:59.999+00,"{""reason"": ""Manual Valuation Override""}"
2f80b7f9-a40b-4e46-883c-1ed6912616a2,d23536f3-0d86-4dcd-934e-9085566d4dc7,11203,80.82243118026422,905453.6965125,0.00,0.000000000000000000000000000000000000000000,Purchase,Bill b48cd386,2026-04-06 07:00:00+00,{}
3f292229-c668-47c9-b053-311017eef4f8,93765798-ca54-496a-94c6-bb4f273bfe27,0,88.01913360401284,0,0,0,Initial,VAL-RESET-20260430-7477,2026-04-30 18:59:59.999+00,"{""reason"": ""Manual Valuation Override""}"
e3059601-63ad-4510-acb3-137e9ca37b50,a40b07a6-2948-489d-8dec-5e206ba38989,115,20.100000000000005,2311.5000000000005,0,0,Conversion,CONV-1777545309844,2026-04-30 10:35:10.44268+00,"{""invalidated_by"": ""VAL-RESET-20260430-3716""}"
0137a55d-a47f-4f04-ae91-b1ae4b9da948,214c980f-de08-4c22-aa76-c6bab968483b,0,18.13,0,0,0,Initial,VAL-RESET-20260430-7477,2026-04-30 18:59:59.999+00,"{""reason"": ""Manual Valuation Override""}"
8bd8e137-ecba-47c0-b83b-918bf7079e96,29a0bdd8-7ec8-49aa-94e2-3abc24a5fe6d,37352,20.1,750775.2000000001,0,0,Adjustment,Opening Balance,2026-02-27 19:00:00+00,"{""invalidated_by"": ""VAL-RESET-20260430-3716""}"
05820965-8394-48a7-857f-901902aa27c9,769513cc-c70d-41c0-9bb6-99b480841b4f,0,20.1,0,0,0,Initial,VAL-RESET-20260430-7477,2026-04-30 18:59:59.999+00,"{""reason"": ""Manual Valuation Override""}"
ea97ed98-1775-4f84-a267-529ec8c8dcad,8b945707-4cb1-4e34-8d12-92da06120bd2,1315,67.6414,88948.441,0,0,Purchase,PO-2026-04-00035,2026-04-09 10:12:08.688437+00,"{""invalidated_by"": ""VAL-RESET-20260430-3716""}"
1351b1bb-f10c-4bfd-badd-325bdd68cea9,8b945707-4cb1-4e34-8d12-92da06120bd2,700,68.8071,48164.97,0,0,Purchase,PO-2026-04-00036,2026-04-09 10:15:49.220485+00,"{""invalidated_by"": ""VAL-RESET-20260430-3716""}"
02825ea4-bd8c-416c-a703-58940ec5a1b8,29f97aa5-e538-4261-b69f-6b1a394015c9,1300,4.317916573390045,5613.291545407059,0,0,Purchase,Bill 5880a0bb,2026-04-03 07:00:00+00,"{""invalidated_by"": ""VAL-RESET-20260430-3716""}"
d6a79749-ca08-4a0d-ba0f-1d01444697b4,29f97aa5-e538-4261-b69f-6b1a394015c9,1309,0,0,0,0,Purchase,PO-2026-04-00030,2026-04-09 07:19:48.8401+00,"{""invalidated_by"": ""VAL-RESET-20260430-3716""}"
07d8df16-e5c7-40e3-b8d7-0ca669a124ed,29f97aa5-e538-4261-b69f-6b1a394015c9,1309,3.314337816275359,4338.468201504445,0,0,Purchase,Bill e13dd5c6,2026-04-04 07:00:00+00,"{""invalidated_by"": ""VAL-RESET-20260430-3716""}"
73a2b882-f54f-43d5-ae0f-af76b53235f3,18568477-1a69-413a-b5bd-94333c860750,5916,40.00730757478554,236683.23161243126,0,0,Production,MO-2026-04-00033,2026-04-17 12:24:21.759785+00,"{""invalidated_by"": ""VAL-RESET-20260430-3716""}"
414b7499-238a-49a8-b4f8-3cfd0310dfa6,14e494c5-f77b-44a0-904e-6030187b2a45,40,91.7865737665065,3671.4629506602605,0,0.0000000000000000,Production,MO-2026-04-00019,2026-04-09 13:06:04.449036+00,{}
e4eb8da5-a18a-4069-82da-d4b58f812836,dcb00b2e-ea89-4e17-b1bb-67e576da4e6d,3000,91.7865737665065,275359.72129951953,0,0.0000000000000000,Production,MO-2026-04-00019,2026-04-09 13:06:04.157698+00,{}
74eba579-1dfb-49b3-affc-a857e958a25a,2c981082-c3ab-47b1-99c3-c34fe22ee02c,4480,75.8178791723109,339664.0986919528,0,0,Production,MO-2026-04-00036,2026-04-21 07:35:56.83173+00,"{""invalidated_by"": ""VAL-RESET-20260430-3716""}"
948c93c2-5b24-4bb4-82e9-74b4499b3711,8851e237-ca39-487c-a35f-e28fe711d32c,4400,84.45613666390442,371607.00132117944,0,0,Conversion,CONV-1777571791415,2026-04-30 17:56:32.842197+00,"{""invalidated_by"": ""VAL-RESET-20260430-3716""}"
40cee1a3-b34e-4d1a-8724-fdb4a28b06f2,d23536f3-0d86-4dcd-934e-9085566d4dc7,10865.25,86.25,937127.8125,0,0,Purchase,PO-2026-04-00048,2026-04-24 05:04:57.610664+00,"{""invalidated_by"": ""VAL-RESET-20260430-3716""}"
59cf8401-2042-41c1-8929-75eac7768b07,8b945707-4cb1-4e34-8d12-92da06120bd2,700,68.8071,48164.97,0,0.0000000000000000,Purchase,Bill 41aeba07,2026-04-07 07:00:00+00,{}
16b36cd4-1b88-4580-829d-03b9a97c5c47,a2ecdf21-8089-4d7d-9497-4addbc48b90c,20,91.7865737665065,1835.7314753301303,0,0.0000000000000000,Production,MO-2026-04-00019,2026-04-09 13:06:03.544787+00,{}
bfa8e8d0-6299-4674-80e5-5ba4c3cd7318,d23536f3-0d86-4dcd-934e-9085566d4dc7,62127.45,97.3558282208589,6048469.35,0,0,Purchase,Bill 60ea9684,2026-04-28 07:00:00+00,"{""invalidated_by"": ""VAL-RESET-20260430-3716""}"
6c8d30b0-3700-48bd-a8c3-22c9387f7aa5,2c981082-c3ab-47b1-99c3-c34fe22ee02c,4000,91.19767843955488,364790.7137582195,0,0.0000000000000000,Production,MO-2026-04-00020,2026-04-09 10:36:29.504573+00,{}
12d669e3-c24e-4f9f-87d1-960281ad33aa,18568477-1a69-413a-b5bd-94333c860750,4114,91.19767843955488,375187.2491003288,0,0.0000000000000000,Production,MO-2026-04-00020,2026-04-09 10:36:28.793892+00,{}
1e9952f4-793a-4870-b5c6-193575eb8356,e560c8fd-332b-48cb-b7de-125a590bcb0c,14000,91.7865737665065,1285012.0327310911,0,0.0000000000000000,Production,MO-2026-04-00019,2026-04-09 13:06:05.35699+00,{}
c08f40dc-1bfe-44a1-a370-feca2934a89f,2725799f-a307-4777-8b00-84f03278ab57,3159,20.1,63495.9,0,0.0000000000000000,Adjustment,Opening Balance,2026-02-27 19:00:00+00,"{""is_opening"": true}"
6f667d12-687f-4771-84fa-6e32526e5a2e,d23536f3-0d86-4dcd-934e-9085566d4dc7,30971,75,2322825,0,0.0000000000000000,Initial,VAL-RESET-20260331-5846,2026-03-31 18:59:59.999+00,"{""reason"": ""Manual Valuation Override""}"
2f47db91-0042-4e63-9e5b-090db2f16b1c,e560c8fd-332b-48cb-b7de-125a590bcb0c,6560,91.07736181671062,597467.4935176217,0,0.0000000000000000,Production,MO-2026-04-00021,2026-04-09 13:45:39.198517+00,{}
9b0f21f2-3e83-4551-aaf0-7f3a79046c8b,d23536f3-0d86-4dcd-934e-9085566d4dc7,38808,83.08876238146775,3224508.6905000005,0,0.000000000000000000000000000000000000000000,Purchase,Bill 6bd1e940,2026-04-07 07:00:00+00,{}
bb7ed8a2-5132-4f1f-ba19-5d4802999b59,d23536f3-0d86-4dcd-934e-9085566d4dc7,36192,83.09823771883289,3007491.41952,0,0.000000000000000000000000000000000000000000,Purchase,Bill feeb7a49,2026-04-07 07:00:00+00,{}
db704ce1-4b68-4234-99d9-15de7f33a634,d23536f3-0d86-4dcd-934e-9085566d4dc7,65067.75,99.49667173830353,6474024.5625,0.00,0.00000000000000000000000000000000000000000000,Purchase,Bill 71498e6d,2026-04-07 07:00:00+00,{}
cc4437c5-f216-488f-8c85-8d471733e6d4,412aa341-e0a4-46bd-a236-57ae4776e21c,4320,91.7865737665065,396517.9986713081,0,0.0000000000000000,Production,MO-2026-04-00019,2026-04-09 13:06:04.71884+00,{}
2a2d27c6-22ba-4ad2-8850-9cfaf8135ba5,da5c9701-b165-4fcf-85ac-7d8abfba8e6b,500,34.5,17250,0,0.0000000000000000,Purchase,Bill f4c76680,2026-03-06 07:00:00+00,{}
41e9b9bd-5a4e-4454-bbce-e14369bf1de6,8851e237-ca39-487c-a35f-e28fe711d32c,1250,91.07736181671062,113846.70227088827,0,0.0000000000000000,Production,MO-2026-04-00021,2026-04-09 13:45:38.86729+00,{}
aa2c9b11-655c-4fdf-91e7-89f0b44782a2,1066c1db-bbd7-4256-a751-f5cbf463f8a3,10920,91.07736181671062,994564.79103848,0,0.0000000000000000,Production,MO-2026-04-00021,2026-04-09 13:45:39.863642+00,{}
975c2ae3-2b7e-4493-9ac0-3ae4f1c301cc,2c981082-c3ab-47b1-99c3-c34fe22ee02c,8720,91.7865737665065,800378.9232439367,0,0.0000000000000000,Production,MO-2026-04-00019,2026-04-09 13:06:05.055362+00,{}
8194e044-7399-48c8-a187-7b9abb14e390,1066c1db-bbd7-4256-a751-f5cbf463f8a3,4875,91.19767843955488,444588.68239283003,0,0.0000000000000000,Production,MO-2026-04-00020,2026-04-09 10:36:30.515518+00,{}
edb5b593-3aa9-4a78-933c-ddb5662b6d72,e646adf3-e04a-4919-8dd4-d53927f5584b,850,91.19767843955488,77518.02667362164,0,0.0000000000000000,Production,MO-2026-04-00020,2026-04-09 10:36:29.840369+00,{}
68bf191a-01e8-48e3-abda-b37f0d6dc2dc,a6707819-7f9c-4968-ad8e-badfec24bef2,2640,91.19767843955488,240761.87108042487,0,0.0000000000000000,Production,MO-2026-04-00020,2026-04-09 10:36:30.18646+00,{}
e023f194-84c5-4d8c-8aa7-55f5a77edaea,8851e237-ca39-487c-a35f-e28fe711d32c,250,90.54995341285135,22637.488353212837,0,0.0000000000000000,Production,MO-2026-04-00022,2026-04-09 13:51:16.658726+00,{}
15167578-1948-48f7-a693-7da8ecb94af7,2c981082-c3ab-47b1-99c3-c34fe22ee02c,5440,91.07736181671062,495460.84828290576,0,0.0000000000000000,Production,MO-2026-04-00021,2026-04-09 13:45:39.55926+00,{}
822c9c03-d118-4ebd-b872-abb46c8339cf,396eef73-791a-465c-ae17-b78505b08d5f,-280,78.75570764382422,-22051.598140270784,0,0,Conversion,Auto-Repair: Conversion Move for 10,2026-04-11 06:37:33.463359+00,"{""auto_repair"": true, ""stock_move_id"": ""17a88b62-26cb-4731-ba02-f9024b1df4c5""}"
da624720-dd03-494a-9071-f1e1316c82cc,8851e237-ca39-487c-a35f-e28fe711d32c,-100,89.04897811475156,-8904.897811475157,0,0,Sale,Auto-Repair: Sale Move for 50,2026-04-11 06:37:36.065767+00,"{""auto_repair"": true, ""stock_move_id"": ""dfe61532-867a-4ec9-9e23-151adc2ea962""}"
82251fd7-ed24-49d2-9cda-f3bd3a504814,18568477-1a69-413a-b5bd-94333c860750,11390,91.7865737665065,1045449.0752005092,0,0.0000000000000000,Production,MO-2026-04-00019,2026-04-09 13:06:05.642538+00,{}
4fcc1bc3-3d0c-43a3-8aaf-8ed7537f98b3,e560c8fd-332b-48cb-b7de-125a590bcb0c,5760,91.19767843955488,525298.6278118361,0,0.0000000000000000,Production,MO-2026-04-00020,2026-04-09 10:36:29.15781+00,{}
1581f556-f5e1-45bf-897d-9b60962ea022,d23536f3-0d86-4dcd-934e-9085566d4dc7,65146.95,96.68933781627535,6299015.45625,0.00,0.0000000000000000000000000000000000000000,Purchase,Bill e13dd5c6,2026-04-04 07:00:00+00,{}
be807ffe-1055-4145-be0e-5f2153fa8f40,c9697fe6-8ed3-4f78-afea-d12b5f645e53,0,0,0,0,0,Initial,VAL-RESET-20260430-7477,2026-04-30 18:59:59.999+00,"{""reason"": ""Manual Valuation Override""}"
02440a86-327a-4c7c-8bb2-d3ba48d045e6,412aa341-e0a4-46bd-a236-57ae4776e21c,0,91.7865737665065,0,0,0,Initial,VAL-RESET-20260430-7477,2026-04-30 18:59:59.999+00,"{""reason"": ""Manual Valuation Override""}"
84050b43-a224-4ffa-9f37-fe76d88e2dac,8851e237-ca39-487c-a35f-e28fe711d32c,-1500,89.04897811475156,-133573.46717212733,0,0,Sale,Auto-Repair: Sale Move for 50,2026-04-11 06:37:34.147303+00,"{""auto_repair"": true, ""stock_move_id"": ""fe1c8837-33fc-46f9-8f80-636db4fbd0f9""}"
4db3b5da-aae0-4d39-b6b2-8d0a0f870383,a6707819-7f9c-4968-ad8e-badfec24bef2,-580,89.572379064604,-51951.979857470316,0,0,Sale,Auto-Repair: Sale Move for 20,2026-04-11 06:37:36.68409+00,"{""auto_repair"": true, ""stock_move_id"": ""6d84dc38-999f-4eaf-aa72-092a8c1203a3""}"
15d8d25d-ab1b-41b5-974e-8fccb47f1012,396eef73-791a-465c-ae17-b78505b08d5f,-700,78.75570764382422,-55128.99535067696,0,0,Sale,Auto-Repair: Sale Move for 10,2026-04-11 06:37:39.202454+00,"{""auto_repair"": true, ""stock_move_id"": ""0936fa19-8517-4411-a391-03974c695a62""}"
c20244a3-71f6-4ce2-aea2-4978563ffdf8,dcb00b2e-ea89-4e17-b1bb-67e576da4e6d,3000,91.27637784598132,273829.13353794394,0,0,Production,Auto-Repair: Production Move for 50,2026-04-11 06:38:26.780926+00,"{""invalidated_by"": ""VAL-RESET-20260430-3716""}"
cfba0e83-967f-4197-92dd-8866a115117b,e560c8fd-332b-48cb-b7de-125a590bcb0c,-12800,88.80139897160952,-1136657.906836602,0,0,Sale,Auto-Repair: Sale Move for 80,2026-04-11 06:37:44.21571+00,"{""auto_repair"": true, ""stock_move_id"": ""0e70b8a0-3b17-4b67-bce6-8e16cd8a12e0""}"
f895c3e7-d268-4deb-948a-b64df323cc43,a6707819-7f9c-4968-ad8e-badfec24bef2,-120,89.572379064604,-10748.685487752478,0,0,Conversion,Auto-Repair: Conversion Move for 20,2026-04-11 06:37:46.74565+00,"{""auto_repair"": true, ""stock_move_id"": ""aad89c57-5ce5-4047-a812-42a86962325d""}"
f68504c0-7559-427a-be04-3b10d2c1af8d,da5c9701-b165-4fcf-85ac-7d8abfba8e6b,-38,34.5,-1311,0,0,Production,Auto-Repair: Production Move for 34,2026-04-11 06:37:49.268939+00,"{""auto_repair"": true, ""stock_move_id"": ""1746a42f-406b-4aa0-9889-8ab43f3c0142""}"
5a5e8578-bc8d-48ec-8e47-c86aee536c29,2c981082-c3ab-47b1-99c3-c34fe22ee02c,-1600,90.10922692546995,-144174.76308075193,0,0,Sale,Auto-Repair: Sale Move for 80,2026-04-11 06:37:51.805135+00,"{""auto_repair"": true, ""stock_move_id"": ""ec28f1e6-8e25-4e2a-8527-937b5f4fdc74""}"
d7870641-d4c6-447b-8d91-65f91039af0d,ec766a71-38c2-45fb-a64f-7589897d89ae,0,89.5,0,0,0,Initial,VAL-RESET-20260430-7477,2026-04-30 18:59:59.999+00,"{""reason"": ""Manual Valuation Override""}"
7b992e97-8482-4e43-ac18-5d64020bfe24,3fbbd2fb-4cd6-40e6-8856-26ef2c823bc5,4620,90.76618192545611,419339.7604956072,0,0.0000000000000000,Production,Auto-Repair: Production Move for 15,2026-04-11 06:37:56.765504+00,"{""auto_repair"": true, ""stock_move_id"": ""6c330b1e-a9a9-4116-bff5-822bc87e478a""}"
e7bdcaf3-7d19-4e45-b2c2-461b3999e860,2c981082-c3ab-47b1-99c3-c34fe22ee02c,-3200,90.10922692546995,-288349.52616150386,0,0,Sale,Auto-Repair: Sale Move for 80,2026-04-11 06:38:02.038838+00,"{""auto_repair"": true, ""stock_move_id"": ""d62fc93d-4956-42aa-8a4b-d2983ebe94ad""}"
ca815846-e086-4f8c-9380-1c4de8d0d0e4,d23536f3-0d86-4dcd-934e-9085566d4dc7,-30392,5.7466717383035375,-174652.8474705211,0,0,Production,Auto-Repair: Production Move for Standard,2026-04-11 06:38:04.516131+00,"{""auto_repair"": true, ""stock_move_id"": ""d028bc5d-f763-4c09-b98d-50470f2157e4""}"
28ce9ac1-2dcc-406e-b343-d0fafb59340d,e560c8fd-332b-48cb-b7de-125a590bcb0c,-12800,88.80139897160952,-1136657.906836602,0,0,Sale,Auto-Repair: Sale Move for 80,2026-04-11 06:38:07.012298+00,"{""auto_repair"": true, ""stock_move_id"": ""addc7f45-4bfd-4a40-b345-8df46c1f2e05""}"
c1a7c65a-1a47-4588-b6c0-562b2c395ccc,2725799f-a307-4777-8b00-84f03278ab57,-10,24.377363532323745,-243.77363532323744,0,0,Conversion,Auto-Repair: Conversion Move for 20,2026-04-11 06:38:09.494018+00,"{""auto_repair"": true, ""stock_move_id"": ""f7e1aa0e-f262-4569-b8dc-2b69fa155988""}"
c1918625-abc1-4126-9a65-2301a34b83b1,a6707819-7f9c-4968-ad8e-badfec24bef2,-800,89.572379064604,-71657.9032516832,0,0,Sale,Auto-Repair: Sale Move for 20,2026-04-11 06:38:11.953253+00,"{""auto_repair"": true, ""stock_move_id"": ""dd1516cf-8a1d-4d79-96bc-abc9bad3b4f0""}"
081dfec7-3fe5-4f6d-9067-e8aabee45c7b,da5c9701-b165-4fcf-85ac-7d8abfba8e6b,-183,34.5,-6313.5,0,0,Production,Auto-Repair: Production Move for 34,2026-04-11 06:38:14.473113+00,"{""auto_repair"": true, ""stock_move_id"": ""edf47142-0223-485e-ac12-eadd83251261""}"
a687b6bc-4d43-4930-8c16-1e8bfa27da99,18568477-1a69-413a-b5bd-94333c860750,-34,90.7341284885639,-3084.9603686111723,0,0,Sale,Auto-Repair: Sale Move for 34,2026-04-11 06:38:16.915167+00,"{""auto_repair"": true, ""stock_move_id"": ""64bffd7d-f199-42fe-bbd9-b4d678d8da24""}"
92faa7bc-1c09-4b21-9c87-e94241f9c0ff,2725799f-a307-4777-8b00-84f03278ab57,-2,24.377363532323745,-48.75472706464749,0,0,Conversion,Auto-Repair: Conversion Move for 20,2026-04-11 06:38:19.36+00,"{""auto_repair"": true, ""stock_move_id"": ""8d240892-dd91-4d81-9a40-b23289897c9f""}"
fff2103f-90cd-41c8-9300-8fdad19cec96,a6707819-7f9c-4968-ad8e-badfec24bef2,-600,89.572379064604,-53743.427438762395,0,0,Sale,Auto-Repair: Sale Move for 20,2026-04-11 06:38:21.815606+00,"{""auto_repair"": true, ""stock_move_id"": ""6becbfec-aa4c-48ec-8002-6a890cd55646""}"
028aaee1-b4ab-4615-9e28-8667702d3cee,a6707819-7f9c-4968-ad8e-badfec24bef2,-4800,89.572379064604,-429947.41951009916,0,0,Sale,Auto-Repair: Sale Move for 20,2026-04-11 06:38:29.201695+00,"{""auto_repair"": true, ""stock_move_id"": ""b9b4ae72-164a-4b61-9ee8-ba4829b2b3c1""}"
6fe34947-88b0-4deb-bedb-3283c9b8608b,2725799f-a307-4777-8b00-84f03278ab57,-21,24.377363532323745,-511.92463417879867,0,0,Production,Auto-Repair: Production Move for 20,2026-04-11 06:38:31.639457+00,"{""auto_repair"": true, ""stock_move_id"": ""a4f9f27a-8b36-4a92-9ae2-a0469f1b08b6""}"
12322fa7-03fc-4b73-9d88-696674916b5a,a6707819-7f9c-4968-ad8e-badfec24bef2,-40,89.572379064604,-3582.8951625841596,0,0,Sale,Auto-Repair: Sale Move for 20,2026-04-11 06:38:36.496881+00,"{""auto_repair"": true, ""stock_move_id"": ""35ae4a86-2f89-4a0a-b2a9-78d2649c1a90""}"
9953cd45-0df3-4c68-bd11-790bc1f831aa,2725799f-a307-4777-8b00-84f03278ab57,-14,24.377363532323745,-341.2830894525324,0,0,Conversion,Auto-Repair: Conversion Move for 20,2026-04-11 06:38:38.927806+00,"{""auto_repair"": true, ""stock_move_id"": ""afd2a1cd-180a-4f0e-b2f5-29f14e76df09""}"
8dbe7aee-5701-404c-bb77-c346d55cf5ba,da5c9701-b165-4fcf-85ac-7d8abfba8e6b,3500,34.5,120750,0,0,Purchase,Auto-Repair: Purchase Move for 34,2026-04-11 06:38:24.284152+00,"{""invalidated_by"": ""VAL-RESET-20260430-3716""}"
2d130e9e-e685-4d50-a4f8-ccab7b4f2242,a6707819-7f9c-4968-ad8e-badfec24bef2,-3000,89.572379064604,-268717.137193812,0,0,Sale,Auto-Repair: Sale Move for 20,2026-04-11 06:38:43.781577+00,"{""auto_repair"": true, ""stock_move_id"": ""94996b87-4369-4a8c-b243-b1107d8d741e""}"
cbde0602-4bbd-4853-bbb1-8c269f2d122b,a6707819-7f9c-4968-ad8e-badfec24bef2,-4000,89.572379064604,-358289.516258416,0,0,Sale,Auto-Repair: Sale Move for 20,2026-04-11 06:38:46.26619+00,"{""auto_repair"": true, ""stock_move_id"": ""24b1ee87-01f2-4234-aaf8-dab1da878c0b""}"
f71ae3fb-9fea-4971-b18f-787ac01d5fd5,e646adf3-e04a-4919-8dd4-d53927f5584b,-10,90.85300729482711,-908.530072948271,0,0,Sale,Auto-Repair: Sale Move for 10,2026-04-11 06:38:49.989633+00,"{""auto_repair"": true, ""stock_move_id"": ""fdb39220-0909-489b-a474-0fcccccb66b4""}"
29fd9538-34f1-43ac-9e6d-520849205fa8,a6707819-7f9c-4968-ad8e-badfec24bef2,-20,89.572379064604,-1791.4475812920798,0,0,Sale,Auto-Repair: Sale Move for 20,2026-04-11 06:38:55.136617+00,"{""auto_repair"": true, ""stock_move_id"": ""2ce10b9d-338e-4642-b50d-5a53f937ecf2""}"
13d193a4-484e-4cb9-979a-0fa94d43ff6b,e646adf3-e04a-4919-8dd4-d53927f5584b,-310,90.85300729482711,-28164.432261396403,0,0,Sale,Auto-Repair: Sale Move for 10,2026-04-11 06:38:58.15118+00,"{""auto_repair"": true, ""stock_move_id"": ""0178dcf5-509e-4410-82ce-5daa32e97caf""}"
623475da-d02d-4f74-a896-0ebc4a9824c2,9e331ef8-d768-4b45-8434-ed8adde48deb,359,0,0,0,0,Initial,VAL-RESET-20260331-5846,2026-03-31 18:59:59.999+00,"{""invalidated_by"": ""VAL-RESET-20260430-3716""}"
8f0f7548-205f-45b1-ae21-0de935683ac4,c8ca813c-e4be-428e-aef8-503eeeb948b7,3575,0,0,0,0,Initial,VAL-RESET-20260331-5846,2026-03-31 18:59:59.999+00,"{""invalidated_by"": ""VAL-RESET-20260430-3716""}"
5a69576b-d51a-4638-8497-34871946fc6e,29f97aa5-e538-4261-b69f-6b1a394015c9,220,17.072930574098798,3756.0447263017354,0,0,Purchase,PO-2026-04-00048,2026-04-24 05:04:57.989851+00,"{""invalidated_by"": ""VAL-RESET-20260430-3716""}"
f2725cbf-c011-44dc-858d-a28c16b90aff,e560c8fd-332b-48cb-b7de-125a590bcb0c,9520,40.00730757478554,380869.5681119584,0,0,Production,MO-2026-04-00033,2026-04-17 12:24:22.213532+00,"{""invalidated_by"": ""VAL-RESET-20260430-3716""}"
50f36aa5-df9e-4840-9de8-f11ffb9599c8,1066c1db-bbd7-4256-a751-f5cbf463f8a3,7410,91.05940159814038,674750.1658422202,0,0.0000000000000000,Production,Auto-Repair: Production Move for 15,2026-04-11 06:37:54.272817+00,"{""auto_repair"": true, ""stock_move_id"": ""ad9c202c-3d89-4515-b39a-3528bd876a83""}"
d0359b3d-9628-4a47-a544-7b7fe8d99999,18568477-1a69-413a-b5bd-94333c860750,11390,90.7341284885639,1033461.7234847428,0,0.0000000000000000,Production,Auto-Repair: Production Move for 34,2026-04-11 06:37:55.493615+00,"{""auto_repair"": true, ""stock_move_id"": ""a835eb8b-a5fd-4fb6-a5b2-8f28e3351508""}"
c6c20858-9f2d-4fe9-8728-52a4a5da06e8,18568477-1a69-413a-b5bd-94333c860750,6222,90.7341284885639,564547.7474558445,0,0.0000000000000000,Production,Auto-Repair: Production Move for 34,2026-04-11 06:38:25.507242+00,"{""auto_repair"": true, ""stock_move_id"": ""960d07a5-e7ab-48fa-86b0-e8a804799732""}"
6b27602e-5156-44dc-83f0-3be3bb5cd4eb,e646adf3-e04a-4919-8dd4-d53927f5584b,2960,90.54995341285135,268027.86210204,0,0.0000000000000000,Production,MO-2026-04-00022,2026-04-09 13:51:17.578388+00,{}
056d0171-4072-4526-863f-4ddb38d36bb5,8851e237-ca39-487c-a35f-e28fe711d32c,-3500,89.04897811475156,-311671.4234016305,0,0,Sale,Auto-Repair: Sale Move for 50,2026-04-11 06:37:40.444551+00,"{""auto_repair"": true, ""stock_move_id"": ""a57c389e-58b1-4cd7-b30f-c07dad10f14e""}"
33cfec6d-8a60-45f3-b57e-aab0bffb542d,8b945707-4cb1-4e34-8d12-92da06120bd2,-78,68.8071,-5366.9538,0,0,Production,Auto-Repair: Production Move for 80,2026-04-11 06:37:42.963041+00,"{""auto_repair"": true, ""stock_move_id"": ""6d9831b1-04dc-4907-9bb8-7c9e44bece5d""}"
5fd5fbd2-06b7-415c-b2eb-1bcdb1632392,14e494c5-f77b-44a0-904e-6030187b2a45,0,91.7865737665065,0,0,0,Initial,VAL-RESET-20260430-7477,2026-04-30 18:59:59.999+00,"{""reason"": ""Manual Valuation Override""}"
11f26f2b-5c3a-4cfb-aa29-92523255b3b3,65415ac9-fc97-471a-b17f-1340c7b1b55a,-3,25,-75,0,0,Conversion,Auto-Repair: Conversion Move for 80,2026-04-11 06:37:48.020771+00,"{""auto_repair"": true, ""stock_move_id"": ""9595e7e1-a0c2-43c0-8fb3-532a957a21ac""}"
2fec11ef-5be1-45cd-b8eb-8dc6e0e7e550,8851e237-ca39-487c-a35f-e28fe711d32c,-1500,89.04897811475156,-133573.46717212733,0,0,Sale,Auto-Repair: Sale Move for 50,2026-04-11 06:37:50.496222+00,"{""auto_repair"": true, ""stock_move_id"": ""e8a99ac2-fa7a-45b6-ad90-e85e5390de17""}"
35163f93-baee-4bf5-85cf-ae753ca4ba73,65415ac9-fc97-471a-b17f-1340c7b1b55a,-76,25,-1900,0,0,Production,Auto-Repair: Production Move for 80,2026-04-11 06:37:53.045515+00,"{""auto_repair"": true, ""stock_move_id"": ""011c41a7-2527-4f85-a2a2-f6a176c13695""}"
50431091-ae24-489a-9974-ea1d95831c6f,937ec71e-d35e-4c0a-b48a-7e72d77e86c1,810,90.38733602167977,73213.74217756062,0,0,Conversion,CONV-1775903177834,2026-04-11 10:26:19.048624+00,"{""invalidated_by"": ""VAL-RESET-20260430-3716""}"
35c2531c-c4fe-462c-91a0-c7f775f3d7b4,65415ac9-fc97-471a-b17f-1340c7b1b55a,-30,25,-750,0,0,Production,Auto-Repair: Production Move for 80,2026-04-11 06:38:00.795824+00,"{""auto_repair"": true, ""stock_move_id"": ""926e3fbf-f6b5-461b-99f0-bd0938acddb4""}"
56ed22bf-d46b-4646-9ea8-380faf3a8c88,c96b657d-0bd6-4386-b94c-339c33714e3b,568,17.9,10167.199999999999,0,0,Adjustment,Auto-Repair: Adjustment Move for 10,2026-04-11 06:37:45.463599+00,"{""invalidated_by"": ""VAL-RESET-20260430-3716""}"
750f61cf-f412-41b8-b7ac-9108cc4c152d,d23536f3-0d86-4dcd-934e-9085566d4dc7,50000,5.7466717383035375,287333.5869151769,0,0.000000000000000000000000000000000000000000,Purchase,Auto-Repair: Purchase Move for Standard,2026-04-11 06:38:05.749844+00,"{""auto_repair"": true, ""stock_move_id"": ""09988144-fe9d-488e-be2b-99cb4a217f26""}"
2f748b34-fe8c-476a-9012-a6de01c5050c,d23536f3-0d86-4dcd-934e-9085566d4dc7,670.05,5.7466717383035375,3850.557398250285,0.00,0.00000000000000000000000000000000000000000000,Purchase,Auto-Repair: Purchase Move for Standard,2026-04-11 06:38:23.054844+00,"{""auto_repair"": true, ""stock_move_id"": ""9dedfbd0-98eb-44ba-969b-a7c8612b63e5""}"
35b005c3-326a-4371-ba34-3bf6239eb8ec,da5c9701-b165-4fcf-85ac-7d8abfba8e6b,23,34.5,793.5,0,0,Adjustment,Auto-Repair: Adjustment Move for 34,2026-04-11 06:38:08.25952+00,"{""invalidated_by"": ""VAL-RESET-20260430-3716""}"
db8e5612-a075-4339-baff-fb5c2e0c8d50,29f97aa5-e538-4261-b69f-6b1a394015c9,389,0,0,0,0,Purchase,PO-2026-04-00033,2026-04-09 09:50:47.970992+00,"{""invalidated_by"": ""VAL-RESET-20260430-3716""}"
87342472-ad7a-493d-a9fc-394802ee6e50,29f97aa5-e538-4261-b69f-6b1a394015c9,181,25.746671738303537,4660.14758463294,0,0,Purchase,Auto-Repair: Purchase Move for Standard,2026-04-11 06:38:03.26386+00,"{""invalidated_by"": ""VAL-RESET-20260430-3716""}"
ca9415df-aac3-4310-a3d0-0d7640ea9f95,2c981082-c3ab-47b1-99c3-c34fe22ee02c,4160,40.00730757478554,166430.39951110785,0,0,Production,MO-2026-04-00033,2026-04-17 12:24:22.629463+00,"{""invalidated_by"": ""VAL-RESET-20260430-3716""}"
ce850105-35b4-4e1d-9567-105864b37752,2c981082-c3ab-47b1-99c3-c34fe22ee02c,-2400,90.10922692546995,-216262.1446211279,0,0,Sale,Auto-Repair: Sale Move for 80,2026-04-11 06:38:27.987968+00,"{""auto_repair"": true, ""stock_move_id"": ""6e8148f9-3a6d-4cc4-9b3b-ad22dfd9c164""}"
5eaf6d24-8056-4429-97e2-b129c507c6b5,2c981082-c3ab-47b1-99c3-c34fe22ee02c,5120,90.10922692546995,461359.24185840617,0,0.0000000000000000,Production,Auto-Repair: Production Move for 80,2026-04-11 06:41:42.0387+00,"{""auto_repair"": true, ""stock_move_id"": ""ef0fd7a5-4e1c-4330-af09-71422fba1069""}"
78cf5162-e751-40b5-abc6-34bb6d3bac7f,a6707819-7f9c-4968-ad8e-badfec24bef2,-20,89.572379064604,-1791.4475812920798,0,0,Sale,Auto-Repair: Sale Move for 20,2026-04-11 06:38:32.861553+00,"{""auto_repair"": true, ""stock_move_id"": ""ad11298f-b9c2-4fb4-913d-1b7b14b8ce27""}"
0b63d64c-dade-428d-bfab-1397de4368f9,d9964e90-72ce-482b-8a17-7651628e223e,80,75,6000,0,0.0000000000000000,Adjustment,Auto-Repair: Adjustment Move for Standard,2026-04-11 06:38:48.05897+00,"{""auto_repair"": true, ""stock_move_id"": ""45199543-f618-4874-b9eb-a2dc61ab5072""}"
84ff8fd8-f667-444f-aa81-a553ad3d9440,2c981082-c3ab-47b1-99c3-c34fe22ee02c,4960,92.94306041555204,460997.5796611381,0,0,Production,MO-2026-04-00044,2026-04-30 10:37:45.760628+00,"{""invalidated_by"": ""VAL-RESET-20260430-3716""}"
a5098085-437f-46bc-a043-abbd7bf5e9cb,2c981082-c3ab-47b1-99c3-c34fe22ee02c,-4000,90.10922692546995,-360436.9077018798,0,0,Sale,Auto-Repair: Sale Move for 80,2026-04-11 06:38:40.153679+00,"{""auto_repair"": true, ""stock_move_id"": ""518fb26d-e30f-442e-8d3a-65d33c01c94e""}"
9ce42bd5-ac5d-4b35-b680-bf8479933abc,a6707819-7f9c-4968-ad8e-badfec24bef2,-4000,89.572379064604,-358289.516258416,0,0,Sale,Auto-Repair: Sale Move for 20,2026-04-11 06:38:42.58343+00,"{""auto_repair"": true, ""stock_move_id"": ""c8f143a5-7fa0-4f4c-a904-48763294561b""}"
9847ef43-1dc4-445e-ab04-2359d1fcf05c,a6707819-7f9c-4968-ad8e-badfec24bef2,-2500,89.572379064604,-223930.94766150997,0,0,Sale,Auto-Repair: Sale Move for 20,2026-04-11 06:38:44.969397+00,"{""auto_repair"": true, ""stock_move_id"": ""eb86078a-7827-4098-8bb1-2fc8edb5ad32""}"
7cebb6ac-bfe1-4a20-846a-3c42ad8253c6,8851e237-ca39-487c-a35f-e28fe711d32c,50,90.2735361155913,4513.676805779565,0,0,Conversion,CONV-1777571847118,2026-04-30 17:57:27.682558+00,"{""invalidated_by"": ""VAL-RESET-20260430-3716""}"
9bd952c2-efca-42f4-98e2-79b252d75b50,e560c8fd-332b-48cb-b7de-125a590bcb0c,-3200,88.80139897160952,-284164.4767091505,0,0,Sale,Auto-Repair: Sale Move for 80,2026-04-11 06:38:52.886578+00,"{""auto_repair"": true, ""stock_move_id"": ""522f84c4-0747-4bbb-8919-3696b2861683""}"
d08eebb9-c4a9-485f-938a-ed4282f3433b,5ffd5921-5ad2-4d30-b598-4337f1a39464,-5000,91.7865737665065,-458932.86883253255,0,0,Sale,Auto-Repair: Sale Move for 20,2026-04-11 06:38:56.887389+00,"{""auto_repair"": true, ""stock_move_id"": ""efdff031-b295-445d-973b-c05763497c5b""}"
afd499ee-cd76-4053-95a9-eaa32c8a6813,a6707819-7f9c-4968-ad8e-badfec24bef2,40,89.572379064604,3582.8951625841596,0,0.0000000000000000,Conversion,Auto-Repair: Conversion Move for 20,2026-04-11 06:38:30.429228+00,"{""auto_repair"": true, ""stock_move_id"": ""cb0806f2-c803-4044-b7b3-1e548f5dbdf3""}"
bd4f2a9d-9abc-4b93-8170-cbb180038400,2c981082-c3ab-47b1-99c3-c34fe22ee02c,1040,90.10922692546995,93713.59600248875,0,0.0000000000000000,Sale Return,Auto-Repair: Sale Return Move for 80,2026-04-11 06:38:13.235166+00,"{""auto_repair"": true, ""stock_move_id"": ""bee81cf4-3af1-40ef-b7d5-c4e1c73a86f7""}"
d85d05de-0815-47dd-a3db-76ca1cfb367d,2c981082-c3ab-47b1-99c3-c34fe22ee02c,1280,90.10922692546995,115339.81046460154,0,0.0000000000000000,Production,Auto-Repair: Production Move for 80,2026-04-11 06:38:20.581251+00,"{""auto_repair"": true, ""stock_move_id"": ""491b3129-3b9b-40c2-9dc0-c732c2d2b556""}"
380dc025-19ff-4e28-b1b6-50e89ff7bba7,29f97aa5-e538-4261-b69f-6b1a394015c9,0,17.072930574098798,0,0,0,Purchase,Bill 58d2680f,2026-04-24 07:00:00+00,{}
8eef037d-9f3e-4c16-a0b6-62ddfcf054c7,d23536f3-0d86-4dcd-934e-9085566d4dc7,10865.25,86.25,937127.8125,0,0,Purchase,Bill 58d2680f,2026-04-24 07:00:00+00,"{""invalidated_by"": ""VAL-RESET-20260430-3716""}"
6119d8d3-b0d2-49d5-86a5-3c8e58fae651,8851e237-ca39-487c-a35f-e28fe711d32c,3350,89.04897811475156,298314.0766844177,0,0.0000000000000000,Production,Auto-Repair: Production Move for 50,2026-04-11 06:38:35.278132+00,"{""auto_repair"": true, ""stock_move_id"": ""7f3e6a2e-c5dc-4c8e-95ad-b9d4f1d9b147""}"
7f1b110f-e509-4f68-ad9f-55b3bc03e19b,d23536f3-0d86-4dcd-934e-9085566d4dc7,32011.65,95,3041106.75,0,0,Purchase,PO-2026-04-00054,2026-04-28 11:49:38.699052+00,"{""invalidated_by"": ""VAL-RESET-20260430-3716""}"
c31cae30-c40c-4e6d-ab9d-b537450e3586,18568477-1a69-413a-b5bd-94333c860750,5950,90.7341284885639,539868.0645069552,0,0.0000000000000000,Production,Auto-Repair: Production Move for 34,2026-04-11 06:37:56.123292+00,"{""auto_repair"": true, ""stock_move_id"": ""4d7ada8b-20f4-47ea-854b-3552dd6e315d""}"
8b76d470-43bf-4702-adc1-dfa21c1244b4,b2f8974f-ab3c-4880-a03d-6d3b29d26c57,3000,12.806,38418,0,0,Purchase,Auto-Repair: Purchase Move for 10,2026-04-11 06:37:53.65817+00,"{""invalidated_by"": ""VAL-RESET-20260430-3716""}"
5ec3c0b3-357d-4cf9-b43f-521b08297f25,a6707819-7f9c-4968-ad8e-badfec24bef2,920,90.54995341285135,83305.95713982324,0,0.0000000000000000,Production,MO-2026-04-00022,2026-04-09 13:51:17.877458+00,{}
8b131f13-98bc-4e3f-99e3-36f3ca08cd07,5ffd5921-5ad2-4d30-b598-4337f1a39464,-5000,91.7865737665065,-458932.86883253255,0,0,Sale,Auto-Repair: Sale Move for 20,2026-04-11 06:37:38.584212+00,"{""auto_repair"": true, ""stock_move_id"": ""3d6c5fec-3003-4764-b0ed-81fd87a49252""}"
0009b126-81f8-462b-9cdc-c00d63127bfd,a6707819-7f9c-4968-ad8e-badfec24bef2,0,42.05562624185954,0,0,0,Initial,VAL-RESET-20260430-7477,2026-04-30 18:59:59.999+00,"{""reason"": ""Manual Valuation Override""}"
2d1b60d0-f3bc-41c8-b856-0a901225e884,a2ecdf21-8089-4d7d-9497-4addbc48b90c,-20,91.7865737665065,-1835.7314753301303,0,0,Sale,Auto-Repair: Sale Move for 10,2026-04-11 06:37:43.573766+00,"{""auto_repair"": true, ""stock_move_id"": ""54dfad95-46d9-4a48-9a31-655e14eb992d""}"
ee06f3f0-ae23-42d4-b863-50872c61b376,d23536f3-0d86-4dcd-934e-9085566d4dc7,34581,5.7466717383035375,198725.65538227462,0,0.000000000000000000000000000000000000000000,Purchase,Auto-Repair: Purchase Move for Standard,2026-04-11 06:38:03.890365+00,"{""auto_repair"": true, ""stock_move_id"": ""1405ea8b-8cb3-47ef-9a84-104b23627c41""}"
db32b600-446f-4ede-b1f9-a406a81e4720,2725799f-a307-4777-8b00-84f03278ab57,-6,24.377363532323745,-146.26418119394248,0,0,Conversion,Auto-Repair: Conversion Move for 20,2026-04-11 06:37:48.652688+00,"{""auto_repair"": true, ""stock_move_id"": ""91e2ead9-e67b-477f-8652-d115faf96101""}"
afe13158-9238-4e3f-bb5c-ec9f202c0021,d23536f3-0d86-4dcd-934e-9085566d4dc7,-18986,5.7466717383035375,-109106.30962343096,0,0,Production,Auto-Repair: Production Move for Standard,2026-04-11 06:37:51.141605+00,"{""auto_repair"": true, ""stock_move_id"": ""13406341-3ec9-4df2-b24f-43249be80d10""}"
7c03d78e-1a45-41d4-8db7-08713d56b309,b5073451-3d7d-4bce-be2e-417dbe7209a4,0,89.5,0,0,0,Initial,VAL-RESET-20260430-7477,2026-04-30 18:59:59.999+00,"{""reason"": ""Manual Valuation Override""}"
966ff633-79b7-4fef-89b7-fa36de92e612,2725799f-a307-4777-8b00-84f03278ab57,2080,24.377363532323745,50704.91614723339,0,0,Purchase,Auto-Repair: Purchase Move for 20,2026-04-11 06:38:23.677673+00,"{""invalidated_by"": ""VAL-RESET-20260430-3716""}"
ce84eedd-c673-4fd7-a922-fdb52ad4dd29,da5c9701-b165-4fcf-85ac-7d8abfba8e6b,500,34.5,17250,0,0,Purchase,Auto-Repair: Purchase Move for 34,2026-04-11 06:37:41.071916+00,"{""invalidated_by"": ""VAL-RESET-20260430-3716""}"
96b76cbd-7205-4489-9e11-3f2ad9dc9ab0,a6707819-7f9c-4968-ad8e-badfec24bef2,-2000,89.572379064604,-179144.758129208,0,0,Sale,Auto-Repair: Sale Move for 20,2026-04-11 06:38:01.414546+00,"{""auto_repair"": true, ""stock_move_id"": ""fff27988-8534-4f63-8a8f-6ba7c4507488""}"
7374157b-1c9c-42b5-80f8-23693170b93f,29f97aa5-e538-4261-b69f-6b1a394015c9,345,25.746671738303537,8882.60174971472,0,0,Purchase,Auto-Repair: Purchase Move for Standard,2026-04-11 06:38:13.865203+00,"{""invalidated_by"": ""VAL-RESET-20260430-3716""}"
613c11d6-7326-443a-9d87-e8682722c0d3,1066c1db-bbd7-4256-a751-f5cbf463f8a3,-15,91.05940159814038,-1365.8910239721058,0,0,Sale,Auto-Repair: Sale Move for 15,2026-04-11 06:38:06.362616+00,"{""auto_repair"": true, ""stock_move_id"": ""2b4cdcbc-ae5e-40f4-9b40-7a14cc5297be""}"
41eb8e8f-d083-4103-adeb-3c4b30d2d3f6,5ffd5921-5ad2-4d30-b598-4337f1a39464,-200,91.7865737665065,-18357.3147533013,0,0,Conversion,Auto-Repair: Conversion Move for 20,2026-04-11 06:38:08.881758+00,"{""auto_repair"": true, ""stock_move_id"": ""0640720b-fd53-44d0-b5b2-4bcc8b7371a3""}"
be72c3c6-f29a-41e7-abc4-06e55c847653,8851e237-ca39-487c-a35f-e28fe711d32c,-1350,89.04897811475156,-120216.1204549146,0,0,Conversion,Auto-Repair: Conversion Move for 50,2026-04-11 06:38:11.342778+00,"{""auto_repair"": true, ""stock_move_id"": ""0db86c00-516b-492a-ac3c-341fc2b55114""}"
80b70c5a-6ef1-496a-82be-98be1e873e26,3fbbd2fb-4cd6-40e6-8856-26ef2c823bc5,0,92.94306041555204,0,0,0,Initial,VAL-RESET-20260430-7477,2026-04-30 18:59:59.999+00,"{""reason"": ""Manual Valuation Override""}"
2ed0770d-608a-493a-802f-e9d4c21506d3,5ffd5921-5ad2-4d30-b598-4337f1a39464,-40,91.7865737665065,-3671.4629506602605,0,0,Conversion,Auto-Repair: Conversion Move for 20,2026-04-11 06:38:18.751355+00,"{""auto_repair"": true, ""stock_move_id"": ""690f3ed7-49e3-43a0-8f19-e3b243413b19""}"
77decc83-cef1-49ed-908d-db056c7a23dd,2c981082-c3ab-47b1-99c3-c34fe22ee02c,-1600,90.10922692546995,-144174.76308075193,0,0,Sale,Auto-Repair: Sale Move for 80,2026-04-11 06:38:21.200138+00,"{""auto_repair"": true, ""stock_move_id"": ""be4344a1-3eb6-4245-a664-a8c1e37892b6""}"
12e9d79e-4665-4d8d-9220-f4fe8700e43e,18568477-1a69-413a-b5bd-94333c860750,5780,71.86427591288245,415375.51477646054,0,0,Production,MO-2026-04-00037,2026-04-22 10:10:10.202377+00,"{""invalidated_by"": ""VAL-RESET-20260430-3716""}"
fcb0ac0a-dcee-4e92-8030-97d06f2d181f,a6707819-7f9c-4968-ad8e-badfec24bef2,-1000,89.572379064604,-89572.379064604,0,0,Sale,Auto-Repair: Sale Move for 20,2026-04-11 06:38:28.600453+00,"{""auto_repair"": true, ""stock_move_id"": ""70d0409a-f184-44bc-9109-6802e1122f34""}"
187b5128-8809-4ee2-94e8-7a509d133bd4,2c981082-c3ab-47b1-99c3-c34fe22ee02c,-1200,90.10922692546995,-108131.07231056395,0,0,Sale,Auto-Repair: Sale Move for 80,2026-04-11 06:38:33.458658+00,"{""auto_repair"": true, ""stock_move_id"": ""022c69de-ec83-49d6-8b14-fbf0c97175ad""}"
b3b0b59d-6e1d-4946-8d85-d3b9e83c7925,aa74113c-9bfa-4286-875a-82d02a6e0f47,10,71.86427591288245,718.6427591288245,0,0.0000000000000000,Production,MO-2026-04-00037,2026-04-22 10:10:11.248015+00,{}
da94ebba-d597-44ea-95ca-79b67f2b2def,937ec71e-d35e-4c0a-b48a-7e72d77e86c1,-285,90.25820716819683,-25723.5890429361,0,0,Conversion,Auto-Repair: Conversion Move for 15,2026-04-11 06:38:38.328899+00,"{""auto_repair"": true, ""stock_move_id"": ""b472c2a0-2a0c-4607-9658-b259de8d12a7""}"
fcc776f1-3532-4f18-928f-89da20eaf503,e646adf3-e04a-4919-8dd4-d53927f5584b,-1000,90.85300729482711,-90853.00729482711,0,0,Sale,Auto-Repair: Sale Move for 10,2026-04-11 06:38:40.763134+00,"{""auto_repair"": true, ""stock_move_id"": ""524cd04d-e734-40f1-8c43-953f32af2805""}"
5d2b5430-be49-4250-bb21-db151c239bc2,e646adf3-e04a-4919-8dd4-d53927f5584b,-1000,90.85300729482711,-90853.00729482711,0,0,Sale,Auto-Repair: Sale Move for 10,2026-04-11 06:38:43.181969+00,"{""auto_repair"": true, ""stock_move_id"": ""a901c8da-fcdf-4f0f-80d3-486ae1913e8e""}"
a42e3b8b-8fb5-49c4-a0bd-9202721b4470,e646adf3-e04a-4919-8dd4-d53927f5584b,-1000,90.85300729482711,-90853.00729482711,0,0,Sale,Auto-Repair: Sale Move for 10,2026-04-11 06:38:45.649894+00,"{""auto_repair"": true, ""stock_move_id"": ""8d97b2d8-d521-44cf-bf82-4d9e5311f704""}"
3e727877-261c-4155-8337-dbf3d9471cad,2c981082-c3ab-47b1-99c3-c34fe22ee02c,-2000,90.10922692546995,-180218.4538509399,0,0,Sale,Auto-Repair: Sale Move for 80,2026-04-11 06:38:48.66979+00,"{""auto_repair"": true, ""stock_move_id"": ""5534585a-32e9-43aa-9d5b-fddf2d34d993""}"
5e00e054-d15c-4b3a-a217-ad6fe1fcec88,18568477-1a69-413a-b5bd-94333c860750,-6358,90.7341284885639,-576887.5889302893,0,0,Sale,Auto-Repair: Sale Move for 34,2026-04-11 06:38:54.025757+00,"{""auto_repair"": true, ""stock_move_id"": ""cffa1c20-32a1-4f49-a8d1-b673827d1a6a""}"
4d3a7cd0-eef2-443d-8899-1130c306854b,a6707819-7f9c-4968-ad8e-badfec24bef2,-40,89.572379064604,-3582.8951625841596,0,0,Sale,Auto-Repair: Sale Move for 20,2026-04-11 06:38:57.511344+00,"{""auto_repair"": true, ""stock_move_id"": ""d6c8283a-c037-469f-930c-f829ef65e23d""}"
f83ba899-3881-422e-a81a-8e9c85360237,e646adf3-e04a-4919-8dd4-d53927f5584b,-500,90.85300729482711,-45426.503647413556,0,0,Sale,Auto-Repair: Sale Move for 10,2026-04-11 06:39:00.010275+00,"{""auto_repair"": true, ""stock_move_id"": ""37fcaa5a-e19b-455d-9246-f290ea690260""}"
5a81fec8-252c-4616-8024-b7b7aebebc5b,d23536f3-0d86-4dcd-934e-9085566d4dc7,32011.65,97.18169166537807,3110946.3,0,0,Purchase,Bill 35651280,2026-04-28 07:00:00+00,"{""invalidated_by"": ""VAL-RESET-20260430-3716""}"
75851667-6467-4874-bf1c-c3b276e81997,937ec71e-d35e-4c0a-b48a-7e72d77e86c1,2925,90.25820716819683,264005.25596697576,0,0.0000000000000000,Production,Auto-Repair: Production Move for 15,2026-04-11 06:38:16.303993+00,"{""auto_repair"": true, ""stock_move_id"": ""63f66659-3362-4422-a371-b13eb0dff062""}"
d6da35ef-932b-4a97-9ae9-1740889b6710,8851e237-ca39-487c-a35f-e28fe711d32c,3400,89.04897811475156,302766.52559015533,0,0.0000000000000000,Sale Return,Auto-Repair: Sale Return Move for 50,2026-04-11 06:37:46.074486+00,"{""auto_repair"": true, ""stock_move_id"": ""8a28bc57-6447-4a71-afb2-bc0ef66b5135""}"
50924ba7-877b-48e6-a0af-4e0de4c9023f,2c981082-c3ab-47b1-99c3-c34fe22ee02c,2400,90.10922692546995,216262.1446211279,0,0.0000000000000000,Production,Auto-Repair: Production Move for 80,2026-04-11 06:38:35.894879+00,"{""auto_repair"": true, ""stock_move_id"": ""2eee8593-3cde-4a94-ac23-5ed0784359d4""}"
b540ecc1-91d4-4830-b3bd-0801afdd073d,1066c1db-bbd7-4256-a751-f5cbf463f8a3,5145,40.00730757478554,205837.59747227162,0,0.0000000000000000,Production,MO-2026-04-00033,2026-04-17 12:24:23.016463+00,{}
0083d0d1-e68a-48c6-93a4-5f80c1cbd4e7,18568477-1a69-413a-b5bd-94333c860750,1292,90.7341284885639,117228.49400722455,0,0.0000000000000000,Production,Auto-Repair: Production Move for 34,2026-04-11 06:38:32.236854+00,"{""auto_repair"": true, ""stock_move_id"": ""aeb3ca77-7209-45c6-9c54-799a1bc0995a""}"
ac8ade18-bcb8-4864-ab30-8acf738779cc,d23536f3-0d86-4dcd-934e-9085566d4dc7,34581,80.0993256931552,2769914.7817949997,0.00,0.000000000000000000000000,Purchase,Bill ea849f32,2026-04-02 07:00:00+00,{}
bd6b247d-3af6-4b40-8691-7c3107ea8fac,2725799f-a307-4777-8b00-84f03278ab57,700,24.377363532323745,17064.154472626622,0,0,Adjustment,Adj: Inventory reversal from PFGM,2026-04-10 10:19:12.935748+00,"{""invalidated_by"": ""VAL-RESET-20260430-3716""}"
4d33326e-a1b6-40df-8949-3ac4fcc4cebb,29f97aa5-e538-4261-b69f-6b1a394015c9,646,18.181691665378075,11745.372815834236,0,0,Purchase,Bill 35651280,2026-04-28 07:00:00+00,"{""invalidated_by"": ""VAL-RESET-20260430-3716""}"
fb1ff7a9-39e8-45ee-bdd4-d5d76fa55a16,817c8b6f-3c49-47f5-998a-ff15033f6b86,0,89.5,0,0,0,Initial,VAL-RESET-20260430-7477,2026-04-30 18:59:59.999+00,"{""reason"": ""Manual Valuation Override""}"
66f7dbb5-5b48-4f0d-b388-4ab7cc3f66db,e560c8fd-332b-48cb-b7de-125a590bcb0c,3200,91.28046810667017,292097.49794134457,0,0.0000000000000000,Production,MO-2026-04-00023,2026-04-09 13:58:23.542886+00,{}
1fe323a2-dd5e-4d82-b56d-f1a4e10d1c5b,e560c8fd-332b-48cb-b7de-125a590bcb0c,10400,90.99466746302996,946344.5416155115,0,0.0000000000000000,Production,MO-2026-04-00024,2026-04-10 11:19:46.734067+00,{}
4dce1324-7ab8-42e5-b996-26108db48e7f,e560c8fd-332b-48cb-b7de-125a590bcb0c,7040,90.76618192545611,638993.920755211,0,0.0000000000000000,Production,MO-2026-04-00025,2026-04-10 11:28:00.234118+00,{}
7b4a36fb-d393-472d-8eb5-8f6aaeb7d6e8,1066c1db-bbd7-4256-a751-f5cbf463f8a3,10920,91.05940159814038,994368.665451693,0,0.0000000000000000,Production,Auto-Repair: Production Move for 15,2026-04-11 06:38:26.160911+00,"{""auto_repair"": true, ""stock_move_id"": ""61cac36b-8c30-40eb-8ef4-57a6e7777763""}"
56c7db11-0426-467f-a035-7e31375aea3d,e560c8fd-332b-48cb-b7de-125a590bcb0c,8000,88.29902481027018,706392.1984821615,0,0.0000000000000000,Production,MO-2026-04-00026,2026-04-10 11:30:46.019331+00,{}
ee057f55-41b7-4cd9-ac4e-957180bb9c4f,e560c8fd-332b-48cb-b7de-125a590bcb0c,10400,91.4622830512133,951207.7437326184,0,0.0000000000000000,Production,MO-2026-04-00027,2026-04-10 11:32:54.068221+00,{}
d1d88c85-f6fd-44b7-b8ab-42e1a1a97118,c6b76b35-74b4-4b7d-aa4d-e473698b2f81,40,71.86427591288245,2874.571036515298,0,0.0000000000000000,Production,MO-2026-04-00037,2026-04-22 10:10:11.610339+00,{}
f07e5e35-006a-4d0d-8373-1b435fc2af4c,e646adf3-e04a-4919-8dd4-d53927f5584b,1970,91.28046810667017,179822.52217014023,0,0.0000000000000000,Production,MO-2026-04-00023,2026-04-09 13:58:24.240127+00,{}
0534805e-4617-42f1-9aa0-8334603c6211,1066c1db-bbd7-4256-a751-f5cbf463f8a3,7410,91.7865737665065,680138.5116098132,0,0.0000000000000000,Production,MO-2026-04-00019,2026-04-09 13:06:03.222451+00,{}
ec76ddd5-2d1f-48fb-b1db-7f387d012c95,d23536f3-0d86-4dcd-934e-9085566d4dc7,-37971,5.7466717383035375,-218206.87257512362,0,0,Production,Auto-Repair: Production Move for Standard,2026-04-11 06:38:34.665799+00,"{""auto_repair"": true, ""stock_move_id"": ""2b0dd7cf-100f-4eec-a4c1-86a5579addbf""}"
a1f5b639-746e-4e04-bf13-585a5877607b,1066c1db-bbd7-4256-a751-f5cbf463f8a3,-1500,91.05940159814038,-136589.10239721058,0,0,Sale,Auto-Repair: Sale Move for 15,2026-04-11 06:38:37.115878+00,"{""auto_repair"": true, ""stock_move_id"": ""9754df6f-b9a8-42e4-ba2b-edf170f8b75a""}"
c763a713-196e-406c-a8e2-0b7425f7e978,b2f8974f-ab3c-4880-a03d-6d3b29d26c57,-200,12.806,-2561.2,0,0,Production,Auto-Repair: Production Move for 10,2026-04-11 06:38:39.530693+00,"{""auto_repair"": true, ""stock_move_id"": ""f20865bd-61f0-4616-a332-e0dfd7100a84""}"
569218ab-8890-4634-813d-bf6ccc918e81,a6707819-7f9c-4968-ad8e-badfec24bef2,-1000,89.572379064604,-89572.379064604,0,0,Sale,Auto-Repair: Sale Move for 20,2026-04-11 06:39:07.569774+00,"{""auto_repair"": true, ""stock_move_id"": ""1feb83a7-ecdd-4ab0-81d8-6044d54edc0d""}"
873181a1-9610-47df-b7ea-86599b621e05,a6707819-7f9c-4968-ad8e-badfec24bef2,1680,91.28046810667017,153351.1864192059,0,0.0000000000000000,Production,MO-2026-04-00023,2026-04-09 13:58:24.571624+00,{}
dba51158-e6bb-4ce6-acbd-26fae047408e,a6707819-7f9c-4968-ad8e-badfec24bef2,5360,90.99466746302996,487731.41760184057,0,0.0000000000000000,Production,MO-2026-04-00024,2026-04-10 11:19:47.961831+00,{}
977dc1af-15cb-4306-9951-5b363e0e04bf,a6707819-7f9c-4968-ad8e-badfec24bef2,1760,90.76618192545611,159748.48018880276,0,0.0000000000000000,Production,MO-2026-04-00025,2026-04-10 11:28:01.438467+00,{}
1d28abc4-882c-40f9-b453-b172981994e2,a6707819-7f9c-4968-ad8e-badfec24bef2,40,91.4622830512133,3658.4913220485323,0,0.0000000000000000,Production,MO-2026-04-00027,2026-04-10 11:32:54.644791+00,{}
435a416b-22fe-4edf-be96-3b448529ed2b,937ec71e-d35e-4c0a-b48a-7e72d77e86c1,5595,91.28046810667017,510714.2190568196,0,0.0000000000000000,Production,MO-2026-04-00023,2026-04-09 13:58:24.911048+00,{}
a3ffe93d-79eb-4bc5-9e14-ae6408090f52,e646adf3-e04a-4919-8dd4-d53927f5584b,1900,90.99466746302996,172889.86817975692,0,0.0000000000000000,Production,MO-2026-04-00024,2026-04-10 11:19:47.691212+00,{}
ba5f4149-9a05-44a5-9338-dddd914f85ee,937ec71e-d35e-4c0a-b48a-7e72d77e86c1,4440,90.99466746302996,404016.323535853,0,0.0000000000000000,Production,MO-2026-04-00024,2026-04-10 11:19:48.249701+00,{}
f61e8a00-8bd5-48dd-9c65-b38cc07200dd,937ec71e-d35e-4c0a-b48a-7e72d77e86c1,2925,90.76618192545611,265491.08213195915,0,0.0000000000000000,Production,MO-2026-04-00025,2026-04-10 11:28:01.762939+00,{}
30ff4d54-2a8b-4ad6-b720-6f9efae6b01c,2c981082-c3ab-47b1-99c3-c34fe22ee02c,4960,91.28046810667017,452751.121809084,0,0.0000000000000000,Production,MO-2026-04-00023,2026-04-09 13:58:23.908867+00,{}
d981f0a8-1899-432e-ab6f-80af636a9c3b,2c981082-c3ab-47b1-99c3-c34fe22ee02c,6800,90.99466746302996,618763.7387486037,0,0.0000000000000000,Production,MO-2026-04-00024,2026-04-10 11:19:47.333378+00,{}
6dba06f4-d52a-45ec-a35d-9bfa93795f1a,8851e237-ca39-487c-a35f-e28fe711d32c,5050,91.28046810667017,460966.36393868434,0,0.0000000000000000,Production,MO-2026-04-00023,2026-04-09 13:58:23.204428+00,{}
7df4b3fd-3388-42d3-898e-b10bc77e5e1a,18568477-1a69-413a-b5bd-94333c860750,5270,91.28046810667017,481048.0669221518,0,0.0000000000000000,Production,MO-2026-04-00023,2026-04-09 13:58:22.493489+00,{}
f645673b-087d-4e5c-95f5-806500c71abf,3fbbd2fb-4cd6-40e6-8856-26ef2c823bc5,4620,90.76618192545611,419339.7604956072,0,0.0000000000000000,Production,MO-2026-04-00025,2026-04-10 11:28:00.838571+00,{}
b63047a3-efd1-4198-ac23-54520672f770,2c981082-c3ab-47b1-99c3-c34fe22ee02c,6240,90.76618192545611,566380.9752148461,0,0.0000000000000000,Production,MO-2026-04-00025,2026-04-10 11:28:00.546731+00,{}
44f21107-faa2-430c-b307-6f8aee79f26f,dcb00b2e-ea89-4e17-b1bb-67e576da4e6d,3000,90.76618192545611,272298.54577636835,0,0.0000000000000000,Production,MO-2026-04-00025,2026-04-10 11:28:01.121957+00,{}
d9785b23-8ee8-4c82-ab8e-b9e8ff58d8e5,937ec71e-d35e-4c0a-b48a-7e72d77e86c1,13155,88.29902481027018,1161573.6713791043,0,0.0000000000000000,Production,MO-2026-04-00026,2026-04-10 11:30:46.727056+00,{}
df4c9730-b755-4474-b2bf-cd4fc61fe150,937ec71e-d35e-4c0a-b48a-7e72d77e86c1,12705,91.4622830512133,1162028.3061656652,0,0.0000000000000000,Production,MO-2026-04-00027,2026-04-10 11:32:54.91586+00,{}
fbcd9da3-551a-4a4b-b336-a59f7b80d1f2,2c981082-c3ab-47b1-99c3-c34fe22ee02c,7520,88.29902481027018,664008.6665732318,0,0.0000000000000000,Production,MO-2026-04-00026,2026-04-10 11:30:46.362821+00,{}
a6013065-eed8-4dcd-bb6d-590d9b3da1d7,2c981082-c3ab-47b1-99c3-c34fe22ee02c,6800,91.4622830512133,621943.5247482505,0,0.0000000000000000,Production,MO-2026-04-00027,2026-04-10 11:32:54.352054+00,{}
e177be99-8cd4-4d12-b72d-f2fc24c5b472,4c46ce95-42bf-4f3d-beb8-123623d0fa76,500,91.28046810667017,45640.23405333509,0,0.0000000000000000,Production,MO-2026-04-00023,2026-04-09 13:58:22.847669+00,{}
8c2525ab-fff0-439a-802c-8b130dee6832,8851e237-ca39-487c-a35f-e28fe711d32c,1400,90.99466746302996,127392.53444824193,0,0.0000000000000000,Production,MO-2026-04-00024,2026-04-10 11:19:45.449606+00,{}
ff944cbf-9261-4808-8d7c-412e2a9d0af1,8851e237-ca39-487c-a35f-e28fe711d32c,200,90.76618192545611,18153.236385091222,0,0.0000000000000000,Production,MO-2026-04-00025,2026-04-10 11:27:59.900963+00,{}
427999bd-372a-4b2c-9613-094e47b694f6,8851e237-ca39-487c-a35f-e28fe711d32c,3350,88.29902481027018,295801.7331144051,0,0.0000000000000000,Production,MO-2026-04-00026,2026-04-10 11:30:45.693572+00,{}
689a3cf9-1a54-4362-bae9-c0ae282af0ca,769513cc-c70d-41c0-9bb6-99b480841b4f,4065,20.1,81706.5,0,0.0000000000000000,Adjustment,Opening Balance,2026-02-27 19:00:00+00,"{""is_opening"": true}"
b787d6df-9ff1-49da-9ec4-8d266ff6a2e9,18568477-1a69-413a-b5bd-94333c860750,6834,90.99466746302996,621857.5574423467,0,0.0000000000000000,Production,MO-2026-04-00024,2026-04-10 11:19:45.149735+00,{}
d4ed4f27-1119-49b1-9522-b9c741b63d14,18568477-1a69-413a-b5bd-94333c860750,5950,90.76618192545611,540058.7824564639,0,0.0000000000000000,Production,MO-2026-04-00025,2026-04-10 11:27:59.568547+00,{}
c1ed18fa-0525-4e75-8b31-7d5521b9753a,18568477-1a69-413a-b5bd-94333c860750,6936,88.29902481027018,612442.036084034,0,0.0000000000000000,Production,MO-2026-04-00026,2026-04-10 11:30:45.354067+00,{}
4af1bad6-152c-4ba4-b5ad-2d9ac6c687c0,18568477-1a69-413a-b5bd-94333c860750,6902,91.4622830512133,631272.6776194742,0,0.0000000000000000,Production,MO-2026-04-00027,2026-04-10 11:32:53.783028+00,{}
784baf9f-9bf2-4fbf-b0da-70695765ffea,1066c1db-bbd7-4256-a751-f5cbf463f8a3,12285,90.54995341285135,1112406.1776768789,0,0.0000000000000000,Production,MO-2026-04-00022,2026-04-09 13:51:18.178158+00,{}
1052e97e-88c7-4e1f-8365-bf6827c728ce,e646adf3-e04a-4919-8dd4-d53927f5584b,-500,90.85300729482711,-45426.503647413556,0,0,Sale,Auto-Repair: Sale Move for 10,2026-04-11 06:39:35.340781+00,"{""auto_repair"": true, ""stock_move_id"": ""daa9a240-bfe8-421c-b040-120ed87d3db2""}"
2b3055a8-2550-453b-916f-eb21209f111a,a6707819-7f9c-4968-ad8e-badfec24bef2,-2500,89.572379064604,-223930.94766150997,0,0,Sale,Auto-Repair: Sale Move for 20,2026-04-11 06:39:37.781602+00,"{""auto_repair"": true, ""stock_move_id"": ""e94e4023-0202-4671-8328-2875f884c93d""}"
201c837c-b367-41c7-8b21-10295b5675a9,7228dd62-c775-4f2b-bc08-dda954f29958,-5,78.88704005207522,-394.4352002603761,0,0,Sale,Auto-Repair: Sale Move for 5,2026-04-11 06:39:41.18093+00,"{""auto_repair"": true, ""stock_move_id"": ""7c9100b9-a761-40f5-9792-69d095aba251""}"
33b8be6a-04d2-419a-bf95-bbd0bd31d82f,aa74113c-9bfa-4286-875a-82d02a6e0f47,0,71.86427591288245,0,0,0,Initial,VAL-RESET-20260430-3716,2026-04-30 18:59:59.999+00,"{""reason"": ""Manual Valuation Override""}"
6a50da98-566c-4ba4-ae84-bc8f6655594d,e560c8fd-332b-48cb-b7de-125a590bcb0c,-8000,88.80139897160952,-710411.1917728761,0,0,Sale,Auto-Repair: Sale Move for 80,2026-04-11 06:39:46.148335+00,"{""auto_repair"": true, ""stock_move_id"": ""7e054963-fc12-4025-8d49-17fa7f689ab6""}"
3b3c2753-075f-45af-92a2-56f847405453,a6707819-7f9c-4968-ad8e-badfec24bef2,2200,89.572379064604,197059.23394212878,0,0,Sale Return,Auto-Repair: Sale Return Move for 20,2026-04-11 06:40:27.864177+00,"{""invalidated_by"": ""VAL-RESET-20260430-3716""}"
a2586a8c-4cc6-4141-aec7-c8111a394bb3,2c981082-c3ab-47b1-99c3-c34fe22ee02c,2000,90.10922692546995,180218.4538509399,0,0.0000000000000000,Adjustment,Auto-Repair: Adjustment Move for 80,2026-04-11 06:39:58.480726+00,"{""auto_repair"": true, ""stock_move_id"": ""00e7f8bd-3ce4-4736-b052-0b57351cb2ec""}"
cd6a67e1-4baf-443f-89ac-fb642696dbfd,2c981082-c3ab-47b1-99c3-c34fe22ee02c,4480,71.86427591288245,321951.9560897134,0,0,Production,MO-2026-04-00037,2026-04-22 10:10:10.919398+00,"{""invalidated_by"": ""VAL-RESET-20260430-3716""}"
cf94055a-7ebb-4458-a0f7-7f5ac6d7147b,1066c1db-bbd7-4256-a751-f5cbf463f8a3,-2250,91.05940159814038,-204883.65359581585,0,0,Sale,Auto-Repair: Sale Move for 15,2026-04-11 06:39:56.074605+00,"{""auto_repair"": true, ""stock_move_id"": ""e9df064a-8f8d-4b00-ab0d-d894c54611d8""}"
fb3e407b-6465-4d5e-8117-234085b47008,98506d04-47db-4d74-847b-cf3122bc85ad,200,92.94306041555204,18588.61208311041,0,0,Production,MO-2026-04-00044,2026-04-30 10:37:46.00538+00,"{""invalidated_by"": ""VAL-RESET-20260430-3716""}"
90c0fc05-c919-4b2e-b9c2-cc06392a328b,d23536f3-0d86-4dcd-934e-9085566d4dc7,8514,86.25,734332.5,0,0,Purchase,PO-2026-04-00049,2026-04-24 12:27:09.203671+00,"{""invalidated_by"": ""VAL-RESET-20260430-3716""}"
42608907-418d-4aeb-a506-a981a3b6c884,da5c9701-b165-4fcf-85ac-7d8abfba8e6b,-282,34.5,-9729,0,0,Production,Auto-Repair: Production Move for 34,2026-04-11 06:40:03.366898+00,"{""auto_repair"": true, ""stock_move_id"": ""ebf63e74-37cf-4b8c-b2d0-4d85b6bb91f6""}"
66cc0012-e13f-493b-90c7-b309cc002a2f,937ec71e-d35e-4c0a-b48a-7e72d77e86c1,-1500,90.25820716819683,-135387.31075229525,0,0,Sale,Auto-Repair: Sale Move for 15,2026-04-11 06:40:05.782856+00,"{""auto_repair"": true, ""stock_move_id"": ""64e56348-a90e-4424-a1db-d6364db40c82""}"
699e4e18-917b-4722-8602-0633192dea0a,da5c9701-b165-4fcf-85ac-7d8abfba8e6b,-120,34.5,-4140,0,0,Production,Auto-Repair: Production Move for 34,2026-04-11 06:40:08.191776+00,"{""auto_repair"": true, ""stock_move_id"": ""4e87189b-f241-4aba-b593-8f92e0552ee7""}"
6064eb44-2c6d-407d-b032-cc1da38422a0,a6707819-7f9c-4968-ad8e-badfec24bef2,-2000,89.572379064604,-179144.758129208,0,0,Sale,Auto-Repair: Sale Move for 20,2026-04-11 06:40:10.667319+00,"{""auto_repair"": true, ""stock_move_id"": ""a90d18ba-5968-49fa-9a4a-e4dd8fabd037""}"
1dd4d3e9-4497-4155-83a6-b6c74ee0b117,a2ecdf21-8089-4d7d-9497-4addbc48b90c,0,91.7865737665065,0,0,0,Initial,VAL-RESET-20260430-7477,2026-04-30 18:59:59.999+00,"{""reason"": ""Manual Valuation Override""}"
4de7a46d-297e-4497-9c24-25053da652f9,a6707819-7f9c-4968-ad8e-badfec24bef2,-4000,89.572379064604,-358289.516258416,0,0,Sale,Auto-Repair: Sale Move for 20,2026-04-11 06:40:15.593134+00,"{""auto_repair"": true, ""stock_move_id"": ""b729d70b-c2c3-4a19-8006-5375fdf27718""}"
584151a3-8b0f-4f0b-89c5-7853632c1b3b,dcb00b2e-ea89-4e17-b1bb-67e576da4e6d,0,91.27637784598132,0,0,0,Initial,VAL-RESET-20260430-7477,2026-04-30 18:59:59.999+00,"{""reason"": ""Manual Valuation Override""}"
28a60b65-6d3c-4820-adb2-387f5527827a,65415ac9-fc97-471a-b17f-1340c7b1b55a,-195,25,-4875,0,0,Production,Auto-Repair: Production Move for 80,2026-04-11 06:40:21.147829+00,"{""auto_repair"": true, ""stock_move_id"": ""bcb641b6-713b-4f64-815d-4c0c08ede509""}"
13d526c4-92ec-494c-9608-fb2ad13d2cf3,a6707819-7f9c-4968-ad8e-badfec24bef2,-1500,89.572379064604,-134358.568596906,0,0,Sale,Auto-Repair: Sale Move for 20,2026-04-11 06:40:23.574108+00,"{""auto_repair"": true, ""stock_move_id"": ""866075e9-2b3c-4fc8-87c6-9a91f4603e23""}"
87b59656-469e-417c-baed-ef11a72a1396,2c981082-c3ab-47b1-99c3-c34fe22ee02c,-80,90.10922692546995,-7208.738154037596,0,0,Sale,Auto-Repair: Sale Move for 80,2026-04-11 06:40:26.050457+00,"{""auto_repair"": true, ""stock_move_id"": ""0f03e6c4-c6c1-4e1e-905e-abfc0bb81d98""}"
c83ce2ae-27dd-41c9-8fee-0059b2895093,a6707819-7f9c-4968-ad8e-badfec24bef2,-4160,89.572379064604,-372621.09690875263,0,0,Sale,Auto-Repair: Sale Move for 20,2026-04-11 06:40:28.47184+00,"{""auto_repair"": true, ""stock_move_id"": ""08a3d8d9-1fc0-4b39-9e2b-d325c4fa6742""}"
4a8c9ec2-0a71-4b54-852d-437ee3f15deb,e560c8fd-332b-48cb-b7de-125a590bcb0c,-12800,88.80139897160952,-1136657.906836602,0,0,Sale,Auto-Repair: Sale Move for 80,2026-04-11 06:40:33.394696+00,"{""auto_repair"": true, ""stock_move_id"": ""422ca023-3ffd-4d22-a180-054269ab9b6f""}"
bcfb7f72-1a50-49c9-8955-88af5a1ef94b,98506d04-47db-4d74-847b-cf3122bc85ad,-550,77.28152445699166,-42504.838451345415,0,0,Sale,Auto-Repair: Sale Move for 50,2026-04-11 06:40:35.853651+00,"{""auto_repair"": true, ""stock_move_id"": ""0bb7e32c-2456-441d-87cf-270544795e9d""}"
be1151c9-e1bc-4d5e-a908-457983093341,2c981082-c3ab-47b1-99c3-c34fe22ee02c,-1200,90.10922692546995,-108131.07231056395,0,0,Sale,Auto-Repair: Sale Move for 80,2026-04-11 06:40:38.294304+00,"{""auto_repair"": true, ""stock_move_id"": ""df752a58-4e07-49b2-b50d-dae2876e3cd0""}"
4eaa6577-c869-414f-b6d3-41dd1c18d802,a6707819-7f9c-4968-ad8e-badfec24bef2,-1000,89.572379064604,-89572.379064604,0,0,Sale,Auto-Repair: Sale Move for 20,2026-04-11 06:40:40.786507+00,"{""auto_repair"": true, ""stock_move_id"": ""6ee07f43-afb1-433b-b3af-7501611d300d""}"
90eb2cc1-72d9-4ed5-8a3c-b1f3c9befed6,e646adf3-e04a-4919-8dd4-d53927f5584b,-1000,90.85300729482711,-90853.00729482711,0,0,Sale,Auto-Repair: Sale Move for 10,2026-04-11 06:40:43.248754+00,"{""auto_repair"": true, ""stock_move_id"": ""a4115f76-715e-4f70-87b5-76c8b24786a6""}"
f1586f6f-4088-4393-8d57-a3965aebb67b,18568477-1a69-413a-b5bd-94333c860750,-680,90.7341284885639,-61699.20737222345,0,0,Sale,Auto-Repair: Sale Move for 34,2026-04-11 06:40:45.701613+00,"{""auto_repair"": true, ""stock_move_id"": ""1eb02cf0-d60d-404d-a3cb-c605da8efc61""}"
729bd27f-d329-46c4-a8e5-d1a2efe9e912,c96b657d-0bd6-4386-b94c-339c33714e3b,-75,17.9,-1342.5,0,0,Production,Auto-Repair: Production Move for 10,2026-04-11 06:40:48.159676+00,"{""auto_repair"": true, ""stock_move_id"": ""918f6eae-2017-4aab-9a95-03716068c9a4""}"
0cd32e4d-9567-4f2b-9cf8-12a2955744a6,5ffd5921-5ad2-4d30-b598-4337f1a39464,-5000,91.7865737665065,-458932.86883253255,0,0,Sale,Auto-Repair: Sale Move for 20,2026-04-11 06:40:53.102066+00,"{""auto_repair"": true, ""stock_move_id"": ""b74273bd-beba-4dfb-995d-fbdd5261618a""}"
c12b5798-fb26-4eda-b6f6-ca2a28429ff8,2c981082-c3ab-47b1-99c3-c34fe22ee02c,-2000,90.10922692546995,-180218.4538509399,0,0,Sale,Auto-Repair: Sale Move for 80,2026-04-11 06:40:55.589641+00,"{""auto_repair"": true, ""stock_move_id"": ""86d5e7f6-c098-4f46-8916-8ce8292b892b""}"
eba9cbb9-0fbb-4591-90f5-c323bdfaa2e1,18568477-1a69-413a-b5bd-94333c860750,-850,90.7341284885639,-77124.00921527931,0,0,Sale,Auto-Repair: Sale Move for 34,2026-04-11 06:40:58.075854+00,"{""auto_repair"": true, ""stock_move_id"": ""c9cace2a-e1fe-4d4e-b622-14b97453c853""}"
e9be610c-5458-433e-9b03-a5905c2318d4,a6707819-7f9c-4968-ad8e-badfec24bef2,2600,89.572379064604,232888.1855679704,0,0.0000000000000000,Sale Return,Auto-Repair: Sale Return Move for 20,2026-04-11 06:40:00.920959+00,"{""auto_repair"": true, ""stock_move_id"": ""d04936f2-732c-4cf9-9579-9aa2b228dac5""}"
2b818d78-f7f4-4022-9601-db227fc128b1,a6707819-7f9c-4968-ad8e-badfec24bef2,900,89.572379064604,80615.1411581436,0,0.0000000000000000,Sale Return,Auto-Repair: Sale Return Move for 20,2026-04-11 06:40:18.062363+00,"{""auto_repair"": true, ""stock_move_id"": ""b1a4114c-461d-4625-a798-425efe0d5ca9""}"
b8a2e317-d215-4e11-bdcb-99b87075d0a2,e560c8fd-332b-48cb-b7de-125a590bcb0c,15600,88.80139897160952,1385301.8239571084,0,0.0000000000000000,Production,Auto-Repair: Production Move for 80,2026-04-11 06:39:53.585327+00,"{""auto_repair"": true, ""stock_move_id"": ""b67f2000-5fd8-4a53-94c2-106cf6b1787f""}"
f22d2547-c9f3-489c-81c4-f04c04412708,2c981082-c3ab-47b1-99c3-c34fe22ee02c,5600,90.10922692546995,504611.6707826317,0,0.0000000000000000,Adjustment,Auto-Repair: Adjustment Move for 80,2026-04-11 06:39:51.070975+00,"{""auto_repair"": true, ""stock_move_id"": ""7ac1e6ec-f16e-469b-8771-365baa776e7e""}"
8c251a5b-7cf9-4855-9f41-caaae2a11428,a6707819-7f9c-4968-ad8e-badfec24bef2,-1500,89.572379064604,-134358.568596906,0,0,Sale,Auto-Repair: Sale Move for 20,2026-04-11 06:39:35.947402+00,"{""auto_repair"": true, ""stock_move_id"": ""b4139bb2-5b3d-4ac2-a38e-ea8110492308""}"
b0c7525c-da02-4943-8c4d-588b5aadcca1,e646adf3-e04a-4919-8dd4-d53927f5584b,-2000,90.85300729482711,-181706.01458965422,0,0,Sale,Auto-Repair: Sale Move for 10,2026-04-11 06:39:38.37207+00,"{""auto_repair"": true, ""stock_move_id"": ""13d00a08-5d31-44de-b366-8474b0bbc12c""}"
f875f5ca-04cc-40b2-bfa0-d98cf1c680e0,18568477-1a69-413a-b5bd-94333c860750,-15810,90.7341284885639,-1434506.5714041952,0,0,Sale,Auto-Repair: Sale Move for 34,2026-04-11 06:39:41.806659+00,"{""auto_repair"": true, ""stock_move_id"": ""0c0a2789-4fe7-46a8-9861-88fc6fe61227""}"
b2e4dd54-e86f-47b4-96ab-98341c5affc8,1066c1db-bbd7-4256-a751-f5cbf463f8a3,0,92.94306041555204,0,0,0,Initial,VAL-RESET-20260430-3716,2026-04-30 18:59:59.999+00,"{""reason"": ""Manual Valuation Override""}"
3f8ffa4c-d617-48de-a010-d313587a4ab3,a6707819-7f9c-4968-ad8e-badfec24bef2,-2000,89.572379064604,-179144.758129208,0,0,Sale,Auto-Repair: Sale Move for 20,2026-04-11 06:39:46.776025+00,"{""auto_repair"": true, ""stock_move_id"": ""3400e236-c635-4bfe-9fa6-6e2afa8cdd63""}"
c39ae419-ef05-4497-adb3-b658d1a198ac,e560c8fd-332b-48cb-b7de-125a590bcb0c,6560,92.94306041555204,609706.4763260214,0,0,Production,MO-2026-04-00044,2026-04-30 10:37:46.260798+00,"{""invalidated_by"": ""VAL-RESET-20260430-3716""}"
7a0d1745-d040-49ce-99fa-40533be82ff5,e646adf3-e04a-4919-8dd4-d53927f5584b,-10,90.85300729482711,-908.530072948271,0,0,Sale,Auto-Repair: Sale Move for 10,2026-04-11 06:39:51.725372+00,"{""auto_repair"": true, ""stock_move_id"": ""33618594-afeb-41d2-87b6-7e90d364315e""}"
5f458a5b-149f-4129-99a2-363be87fe8a2,d23536f3-0d86-4dcd-934e-9085566d4dc7,9944.55,90.625,901224.8437499999,0,0,Purchase,Bill 9b48ee9b,2026-04-28 07:00:00+00,"{""invalidated_by"": ""VAL-RESET-20260430-3716""}"
4aaebd9a-76dc-44d5-95b6-76c538253232,1066c1db-bbd7-4256-a751-f5cbf463f8a3,-3000,91.05940159814038,-273178.20479442115,0,0,Sale,Auto-Repair: Sale Move for 15,2026-04-11 06:39:56.664401+00,"{""auto_repair"": true, ""stock_move_id"": ""a131a41e-90b1-4540-9d55-79df5207a76e""}"
2e876106-f41f-4bb2-bab7-e809e9af303e,5ffd5921-5ad2-4d30-b598-4337f1a39464,0,91.7865737665065,0,0,0,Initial,VAL-RESET-20260430-7477,2026-04-30 18:59:59.999+00,"{""reason"": ""Manual Valuation Override""}"
d42e411f-1acf-4247-b9e1-4e4094c1d76c,8851e237-ca39-487c-a35f-e28fe711d32c,-3500,89.04897811475156,-311671.4234016305,0,0,Sale,Auto-Repair: Sale Move for 50,2026-04-11 06:40:01.539694+00,"{""auto_repair"": true, ""stock_move_id"": ""adc6f7d3-93b5-408d-b68d-583b43e13bf8""}"
cca67ea9-cc6d-49bf-99e7-d8622b8352df,769513cc-c70d-41c0-9bb6-99b480841b4f,-877,20.1,-17627.7,0,0,Production,Auto-Repair: Production Move for 15,2026-04-11 06:40:03.985448+00,"{""auto_repair"": true, ""stock_move_id"": ""c0b5ce34-222d-45f7-adf7-168a1477a893""}"
21e7cae7-e1ae-4fa2-9637-db3bfede6a92,2c981082-c3ab-47b1-99c3-c34fe22ee02c,-2000,90.10922692546995,-180218.4538509399,0,0,Sale,Auto-Repair: Sale Move for 80,2026-04-11 06:40:06.384725+00,"{""auto_repair"": true, ""stock_move_id"": ""2df53cd8-74f4-430d-bca1-b60e69d1c618""}"
7cda15ed-6cb0-4a19-b6ca-bad5ee62de22,e560c8fd-332b-48cb-b7de-125a590bcb0c,15600,90.54995341285135,1412579.273240481,0,0.0000000000000000,Production,MO-2026-04-00022,2026-04-09 13:51:16.969777+00,{}
8a49bc53-57df-4b13-b20f-4e70e931d9c2,342b62a4-b9a5-4f60-a698-e9eacf5900e4,0,107.5,0,0,0,Initial,VAL-RESET-20260430-7477,2026-04-30 18:59:59.999+00,"{""reason"": ""Manual Valuation Override""}"
a142e27c-ec39-44bc-beeb-513369f961d7,a6707819-7f9c-4968-ad8e-badfec24bef2,-1200,89.572379064604,-107486.85487752479,0,0,Sale,Auto-Repair: Sale Move for 20,2026-04-11 06:40:13.798048+00,"{""auto_repair"": true, ""stock_move_id"": ""0754127e-e166-449f-bd29-5f9a52720a23""}"
19c4b8e0-cd81-4f0e-b7e4-468f9535806e,e646adf3-e04a-4919-8dd4-d53927f5584b,-500,90.85300729482711,-45426.503647413556,0,0,Sale,Auto-Repair: Sale Move for 10,2026-04-11 06:40:16.224883+00,"{""auto_repair"": true, ""stock_move_id"": ""5534047d-d563-4e17-955d-9a1d859c0c33""}"
6104e27d-ee07-494c-a3ef-e2902d9253fb,d23536f3-0d86-4dcd-934e-9085566d4dc7,54216,5.7466717383035375,311561.55496386456,0,0.000000000000000000000000000000000000000000,Purchase,Auto-Repair: Purchase Move for Standard,2026-04-11 06:39:49.207808+00,"{""auto_repair"": true, ""stock_move_id"": ""17742d65-7a7a-4b43-a156-1a98221d6644""}"
7849f7a0-3571-4abf-99da-e7f6a8267379,d23536f3-0d86-4dcd-934e-9085566d4dc7,-36847,5.7466717383035375,-211747.61354127046,0,0,Production,Auto-Repair: Production Move for Standard,2026-04-11 06:40:21.749899+00,"{""auto_repair"": true, ""stock_move_id"": ""f025815c-48b3-434b-a2e0-17352b9216cc""}"
59eeca58-92b4-4eeb-aa27-051fca8222fd,a6707819-7f9c-4968-ad8e-badfec24bef2,-3000,89.572379064604,-268717.137193812,0,0,Sale,Auto-Repair: Sale Move for 20,2026-04-11 06:40:24.213374+00,"{""auto_repair"": true, ""stock_move_id"": ""0c6f8133-45a1-4dfd-9d18-0c509ef247c9""}"
c26759e8-11fc-4d08-b115-2ceb23c0bd0c,65415ac9-fc97-471a-b17f-1340c7b1b55a,-70,25,-1750,0,0,Production,Auto-Repair: Production Move for 80,2026-04-11 06:40:26.653685+00,"{""auto_repair"": true, ""stock_move_id"": ""6e81d233-bd64-4828-959e-b16f0f7733a9""}"
88bbba54-f2b2-44f3-a81a-f46d91132635,da5c9701-b165-4fcf-85ac-7d8abfba8e6b,-203,34.5,-7003.5,0,0,Production,Auto-Repair: Production Move for 34,2026-04-11 06:40:31.581627+00,"{""auto_repair"": true, ""stock_move_id"": ""02dc6780-c9de-43d2-a4e3-68a5ebaba8d9""}"
55a372dd-e81a-4f0b-b212-a2b0ae8d236b,a6707819-7f9c-4968-ad8e-badfec24bef2,-800,89.572379064604,-71657.9032516832,0,0,Sale,Auto-Repair: Sale Move for 20,2026-04-11 06:40:33.987942+00,"{""auto_repair"": true, ""stock_move_id"": ""396f0669-7e2d-4acf-b965-f5523952ff89""}"
17d6b2dc-9f50-464e-aff7-f52513c326f2,e560c8fd-332b-48cb-b7de-125a590bcb0c,-12000,88.80139897160952,-1065616.7876593142,0,0,Sale,Auto-Repair: Sale Move for 80,2026-04-11 06:40:36.460931+00,"{""auto_repair"": true, ""stock_move_id"": ""2c977cd2-ec9d-4910-8a35-0c7a6ce17a3a""}"
e01a146d-e53c-41fa-a060-6dd1447625e5,a6707819-7f9c-4968-ad8e-badfec24bef2,-20,89.572379064604,-1791.4475812920798,0,0,Sale,Auto-Repair: Sale Move for 20,2026-04-11 06:40:38.89382+00,"{""auto_repair"": true, ""stock_move_id"": ""f63b231e-7c26-4d34-8f7c-8b5de14a0084""}"
e29d4f63-7cfa-4808-8521-7222c1669eb1,e646adf3-e04a-4919-8dd4-d53927f5584b,-1000,90.85300729482711,-90853.00729482711,0,0,Sale,Auto-Repair: Sale Move for 10,2026-04-11 06:40:41.406335+00,"{""auto_repair"": true, ""stock_move_id"": ""8870dd7c-fe35-459c-b1f5-fe33c8f3a339""}"
63b5b29f-c0a0-40eb-814e-b792c804a5d4,a6707819-7f9c-4968-ad8e-badfec24bef2,-4000,89.572379064604,-358289.516258416,0,0,Sale,Auto-Repair: Sale Move for 20,2026-04-11 06:40:43.872062+00,"{""auto_repair"": true, ""stock_move_id"": ""679d45c1-9b46-4f02-af4d-c589ffbaa7a7""}"
980c8975-56ab-4b23-a3e3-55da945618ff,e646adf3-e04a-4919-8dd4-d53927f5584b,-500,90.85300729482711,-45426.503647413556,0,0,Sale,Auto-Repair: Sale Move for 10,2026-04-11 06:40:46.303161+00,"{""auto_repair"": true, ""stock_move_id"": ""1954949a-b4fc-40f7-9dc0-3461ae94aee4""}"
e425b5ae-cc47-4f46-a280-81e40503c55b,e646adf3-e04a-4919-8dd4-d53927f5584b,-1000,90.85300729482711,-90853.00729482711,0,0,Sale,Auto-Repair: Sale Move for 10,2026-04-11 06:40:53.723294+00,"{""auto_repair"": true, ""stock_move_id"": ""e85b280e-044e-4582-8ea5-d868e7c281d8""}"
4ed9b448-8cf3-431a-9f75-d47f56d626a9,e646adf3-e04a-4919-8dd4-d53927f5584b,-1000,90.85300729482711,-90853.00729482711,0,0,Sale,Auto-Repair: Sale Move for 10,2026-04-11 06:40:56.21603+00,"{""auto_repair"": true, ""stock_move_id"": ""418e1fc4-bd8d-4b34-ade1-58ae9e1db59d""}"
f89e08a4-b50d-4e42-a9f8-8ea44563b673,18568477-1a69-413a-b5bd-94333c860750,-2720,90.7341284885639,-246796.8294888938,0,0,Sale,Auto-Repair: Sale Move for 34,2026-04-11 06:40:58.699652+00,"{""auto_repair"": true, ""stock_move_id"": ""934948f7-31ce-4df9-a2e1-c2809af008cf""}"
7b2d3a9f-b814-4a57-8a98-8f97dce63e07,c96b657d-0bd6-4386-b94c-339c33714e3b,187,17.9,3347.2999999999997,0,0,Initial,VAL-RESET-20260430-7477,2026-04-30 18:59:59.999+00,"{""invalidated_by"": ""VAL-RESET-20260430-4422""}"
3c1a722a-fce6-4542-8824-9d1334512215,e646adf3-e04a-4919-8dd4-d53927f5584b,1000,90.85300729482711,90853.00729482711,0,0.0000000000000000,Sale Return,Auto-Repair: Sale Return Move for 10,2026-04-11 06:40:18.658239+00,"{""auto_repair"": true, ""stock_move_id"": ""ab18535d-9120-4aa3-874b-57dc5e4723c0""}"
692d8139-a2da-4232-8a9a-58bbf6d806dd,2c08642b-74ca-4429-acfa-8cb3911b39b3,3560,22,78320,0,0,Initial,VAL-RESET-20260430-7477,2026-04-30 18:59:59.999+00,"{""invalidated_by"": ""VAL-RESET-20260430-4422""}"
3eddb7fe-4516-4477-9c0d-a7f333246178,e560c8fd-332b-48cb-b7de-125a590bcb0c,6560,88.80139897160952,582537.1772537584,0,0.0000000000000000,Production,Auto-Repair: Production Move for 80,2026-04-11 06:39:44.311976+00,"{""auto_repair"": true, ""stock_move_id"": ""9ffd1423-e309-4fe6-91c8-7b73d6d496f2""}"
3818d9fd-8cde-471e-8112-aa3169512bd8,e560c8fd-332b-48cb-b7de-125a590bcb0c,3200,88.80139897160952,284164.4767091505,0,0.0000000000000000,Adjustment,Auto-Repair: Adjustment Move for 80,2026-04-11 06:39:59.100027+00,"{""auto_repair"": true, ""stock_move_id"": ""dcf8d68f-9583-4f79-85c0-568b6758f7b7""}"
39dd8f80-9d7b-4f86-b321-f2a4ec76aaa7,a6707819-7f9c-4968-ad8e-badfec24bef2,-3000,89.572379064604,-268717.137193812,0,0,Sale,Auto-Repair: Sale Move for 20,2026-04-11 06:39:36.544394+00,"{""auto_repair"": true, ""stock_move_id"": ""83c70514-8ea8-4bc2-95bc-fbd0300f92ce""}"
ef50970c-97a8-4282-a988-f65d3e2fbf4a,a6707819-7f9c-4968-ad8e-badfec24bef2,-3000,89.572379064604,-268717.137193812,0,0,Sale,Auto-Repair: Sale Move for 20,2026-04-11 06:39:38.980802+00,"{""auto_repair"": true, ""stock_move_id"": ""825fca32-89d2-45e2-b2fc-8d8416d97b60""}"
692c8c10-8a00-428e-9b4c-136edd1b63ef,65415ac9-fc97-471a-b17f-1340c7b1b55a,-100,25,-2500,0,0,Production,Auto-Repair: Production Move for 80,2026-04-11 06:39:44.930952+00,"{""auto_repair"": true, ""stock_move_id"": ""892e15bf-be92-45fb-9f7a-1d589dc28269""}"
e5d3f05b-4688-4f33-84e9-d011bc84ac86,a6707819-7f9c-4968-ad8e-badfec24bef2,-5000,89.572379064604,-447861.89532301994,0,0,Sale,Auto-Repair: Sale Move for 20,2026-04-11 06:39:47.377303+00,"{""auto_repair"": true, ""stock_move_id"": ""8959a97b-4034-4eae-99fd-7aede9d18e32""}"
7f6c8c37-6c75-4e93-a527-f62d5f08c196,c6b76b35-74b4-4b7d-aa4d-e473698b2f81,60,92.94306041555204,5576.583624933122,0,0.0000000000000000,Initial,VAL-RESET-20260430-3716,2026-04-30 18:59:59.999+00,"{""reason"": ""Manual Valuation Override""}"
7fe36cbe-95c3-4bae-8429-90e412feb095,a48054e2-5d92-4162-8afa-6a9565b697ea,0,107.5,0,0,0,Initial,VAL-RESET-20260430-7477,2026-04-30 18:59:59.999+00,"{""reason"": ""Manual Valuation Override""}"
d58763f4-b0a7-4535-afcb-02bcc464d35a,8b945707-4cb1-4e34-8d12-92da06120bd2,-94,68.8071,-6467.8674,0,0,Production,Auto-Repair: Production Move for 80,2026-04-11 06:39:54.855198+00,"{""auto_repair"": true, ""stock_move_id"": ""1bba9f11-f49a-4d4a-a4e1-ecdb3e3c35f3""}"
958bcecd-5212-4113-85cd-0678bc826017,5ffd5921-5ad2-4d30-b598-4337f1a39464,-1800,91.7865737665065,-165215.83277971172,0,0,Sale,Auto-Repair: Sale Move for 20,2026-04-11 06:39:57.257134+00,"{""auto_repair"": true, ""stock_move_id"": ""3303ef84-2734-4350-8db6-d30a203e76d8""}"
ecf4cfc9-f527-4ef3-9d80-6097f887e6ec,d23536f3-0d86-4dcd-934e-9085566d4dc7,-21790,5.7466717383035375,-125219.97717763408,0,0,Production,Auto-Repair: Production Move for Standard,2026-04-11 06:39:59.715876+00,"{""auto_repair"": true, ""stock_move_id"": ""7b8e5aae-a419-4feb-ab9c-b60644a6af53""}"
fdd9d5b6-0ab3-4dd7-bfe8-4fbd07bf9e65,e646adf3-e04a-4919-8dd4-d53927f5584b,-500,90.85300729482711,-45426.503647413556,0,0,Sale,Auto-Repair: Sale Move for 10,2026-04-11 06:40:02.146827+00,"{""auto_repair"": true, ""stock_move_id"": ""bcf15d51-daeb-49ed-b225-ac4b818a20a6""}"
2c3d7644-c9d7-46c7-bbbc-9e9c13bb34b9,1066c1db-bbd7-4256-a751-f5cbf463f8a3,-3750,91.05940159814038,-341472.7559930264,0,0,Sale,Auto-Repair: Sale Move for 15,2026-04-11 06:40:04.588873+00,"{""auto_repair"": true, ""stock_move_id"": ""03e497c1-cb04-4cca-9742-da0b3c64e3ac""}"
8444af45-f1f8-4336-ae53-098d44fb7afa,e646adf3-e04a-4919-8dd4-d53927f5584b,-1000,90.85300729482711,-90853.00729482711,0,0,Sale,Auto-Repair: Sale Move for 10,2026-04-11 06:40:06.995562+00,"{""auto_repair"": true, ""stock_move_id"": ""07123a8d-5708-4787-9543-97f4c257891c""}"
921e9ee6-ee65-43c2-9081-95126ff8816c,e560c8fd-332b-48cb-b7de-125a590bcb0c,10400,88.80139897160952,923534.549304739,0,0,Production,Auto-Repair: Production Move for 80,2026-04-11 06:40:22.347434+00,"{""invalidated_by"": ""VAL-RESET-20260430-3716""}"
5cfb50ba-07ee-4f36-aef4-2c48bef7ecfc,d23536f3-0d86-4dcd-934e-9085566d4dc7,25000,5.7466717383035375,143666.79345758844,0,0.000000000000000000000000000000000000000000,Purchase,Auto-Repair: Purchase Move for Standard,2026-04-11 06:39:42.468013+00,"{""auto_repair"": true, ""stock_move_id"": ""6370bf5a-5153-474d-94fa-fc18b82304b2""}"
35d7c9fa-ef22-4506-9eaa-9b33ce541c8c,8851e237-ca39-487c-a35f-e28fe711d32c,-500,89.04897811475156,-44524.48905737578,0,0,Sale,Auto-Repair: Sale Move for 50,2026-04-11 06:40:14.391836+00,"{""auto_repair"": true, ""stock_move_id"": ""433e6498-b2b3-41e9-924a-f5288b6056b5""}"
fc61356f-7b27-4797-941a-7708e378df60,e560c8fd-332b-48cb-b7de-125a590bcb0c,-3200,88.80139897160952,-284164.4767091505,0,0,Sale,Auto-Repair: Sale Move for 80,2026-04-11 06:40:16.82128+00,"{""auto_repair"": true, ""stock_move_id"": ""ba64b400-798b-4a6f-b881-e2eac5146f06""}"
f9576f46-9bdd-4e7c-a3db-ec8373748646,e646adf3-e04a-4919-8dd4-d53927f5584b,-500,90.85300729482711,-45426.503647413556,0,0,Sale,Auto-Repair: Sale Move for 10,2026-04-11 06:40:19.263771+00,"{""auto_repair"": true, ""stock_move_id"": ""6784bdde-3e3b-48cf-bd55-7fcb2260fc50""}"
0b135074-e24b-49c0-8a4d-d363fc8f0c2c,a6707819-7f9c-4968-ad8e-badfec24bef2,-20,89.572379064604,-1791.4475812920798,0,0,Sale,Auto-Repair: Sale Move for 20,2026-04-11 06:40:24.838116+00,"{""auto_repair"": true, ""stock_move_id"": ""0c2d9161-8e33-45c8-adaf-5e191f8e3370""}"
14bc39f7-0ad1-48b1-bb35-9d5b7c012fd6,8b945707-4cb1-4e34-8d12-92da06120bd2,-106,68.8071,-7293.552600000001,0,0,Production,Auto-Repair: Production Move for 80,2026-04-11 06:40:29.706903+00,"{""auto_repair"": true, ""stock_move_id"": ""01b77931-1970-4f7e-ac48-6c8b11ee3dd8""}"
bf2bddb7-b899-4c00-aa01-6d07201061e0,e646adf3-e04a-4919-8dd4-d53927f5584b,-10,90.85300729482711,-908.530072948271,0,0,Sale,Auto-Repair: Sale Move for 10,2026-04-11 06:40:32.187279+00,"{""auto_repair"": true, ""stock_move_id"": ""9d6e8f2c-041f-4a20-b1ae-09de5c7b3167""}"
d49a9e6c-a334-4dc4-9c17-1b631d14319e,2c981082-c3ab-47b1-99c3-c34fe22ee02c,-4000,90.10922692546995,-360436.9077018798,0,0,Sale,Auto-Repair: Sale Move for 80,2026-04-11 06:40:34.578832+00,"{""auto_repair"": true, ""stock_move_id"": ""b41225da-39c4-484c-8a46-c7e3aad3c21d""}"
782cb01b-dc87-4d76-8914-0ad7c038ae68,a6707819-7f9c-4968-ad8e-badfec24bef2,-40,89.572379064604,-3582.8951625841596,0,0,Sale,Auto-Repair: Sale Move for 20,2026-04-11 06:40:37.068077+00,"{""auto_repair"": true, ""stock_move_id"": ""3fefed7c-da26-4d52-bc9a-c6c203bee474""}"
673da038-8195-4dc6-91c4-a1221e03d6ac,a6707819-7f9c-4968-ad8e-badfec24bef2,-20,89.572379064604,-1791.4475812920798,0,0,Sale,Auto-Repair: Sale Move for 20,2026-04-11 06:40:39.5375+00,"{""auto_repair"": true, ""stock_move_id"": ""a28f5760-b2c2-4dff-8203-2805068cd5ff""}"
322bcbdf-0bff-422d-be2c-a64a69523328,a6707819-7f9c-4968-ad8e-badfec24bef2,-1000,89.572379064604,-89572.379064604,0,0,Sale,Auto-Repair: Sale Move for 20,2026-04-11 06:40:42.014095+00,"{""auto_repair"": true, ""stock_move_id"": ""38f331ab-4550-4174-b6f3-5ed17c272b5c""}"
eb9593b6-5e66-49f7-9319-1076a953b54d,e646adf3-e04a-4919-8dd4-d53927f5584b,-500,90.85300729482711,-45426.503647413556,0,0,Sale,Auto-Repair: Sale Move for 10,2026-04-11 06:40:44.473802+00,"{""auto_repair"": true, ""stock_move_id"": ""6fb418d8-2297-4ddf-9fa6-32e9b4c8d476""}"
c862cade-a120-4456-b122-18012b15e02f,8851e237-ca39-487c-a35f-e28fe711d32c,-100,89.04897811475156,-8904.897811475157,0,0,Sale,Auto-Repair: Sale Move for 50,2026-04-11 06:40:46.922912+00,"{""auto_repair"": true, ""stock_move_id"": ""85376ea0-07a9-4207-a2c2-35e5c62d7d6d""}"
abe322d2-9473-4a98-b2ec-b89ff1ce794e,d23536f3-0d86-4dcd-934e-9085566d4dc7,-34470,5.7466717383035375,-198087.77481932295,0,0,Production,Auto-Repair: Production Move for Standard,2026-04-11 06:40:49.410083+00,"{""auto_repair"": true, ""stock_move_id"": ""aaf0bd53-986d-422c-8e34-c2e96e2c4aa9""}"
74c1c2e5-31f7-438f-b359-01999a5f2d64,a6707819-7f9c-4968-ad8e-badfec24bef2,-3500,89.572379064604,-313503.32672611397,0,0,Sale,Auto-Repair: Sale Move for 20,2026-04-11 06:40:51.884463+00,"{""auto_repair"": true, ""stock_move_id"": ""6204088c-3896-4539-b5fa-1dbac5ae8bef""}"
afe53ab4-c4ae-40a1-b8ea-61cecbc371a2,a6707819-7f9c-4968-ad8e-badfec24bef2,-3000,89.572379064604,-268717.137193812,0,0,Sale,Auto-Repair: Sale Move for 20,2026-04-11 06:40:54.347444+00,"{""auto_repair"": true, ""stock_move_id"": ""004b14a4-aa7a-4b8a-a16f-0740b604ab94""}"
11c4510a-1154-4e84-ba0a-9ff434aeb05c,a6707819-7f9c-4968-ad8e-badfec24bef2,-3000,89.572379064604,-268717.137193812,0,0,Sale,Auto-Repair: Sale Move for 20,2026-04-11 06:40:56.83084+00,"{""auto_repair"": true, ""stock_move_id"": ""6e2c10ea-9342-43ea-9db9-741bfebab000""}"
f194d17b-246f-4396-ab38-5a5a6c76afcb,a6707819-7f9c-4968-ad8e-badfec24bef2,-3000,89.572379064604,-268717.137193812,0,0,Sale,Auto-Repair: Sale Move for 20,2026-04-11 06:40:59.315797+00,"{""auto_repair"": true, ""stock_move_id"": ""3dcff268-0c80-427d-8180-4a34188aa8b0""}"
d0c3f2fe-3a48-4e26-b257-edd3f275c151,2940757a-5bfb-4470-88bb-7346e6738f71,5135,12.89,66190.15000000001,0,0,Initial,VAL-RESET-20260430-7477,2026-04-30 18:59:59.999+00,"{""invalidated_by"": ""VAL-RESET-20260430-4422""}"
aacc73de-91dd-47bc-9039-87e240de72ac,d383d741-fa61-4537-9ef9-7fb74115ded0,457,17,7769,0,0,Initial,VAL-RESET-20260430-7477,2026-04-30 18:59:59.999+00,"{""invalidated_by"": ""VAL-RESET-20260430-4422""}"
c01d43c7-5a11-4ed1-8b15-586675852d88,a6707819-7f9c-4968-ad8e-badfec24bef2,9000,89.572379064604,806151.4115814359,0,0.0000000000000000,Sale Return,Auto-Repair: Sale Return Move for 20,2026-04-11 06:40:27.255944+00,"{""auto_repair"": true, ""stock_move_id"": ""d2f618bc-7779-4b3d-975f-ec9471477ff8""}"
d4337222-6c76-42f5-a227-79de9cb41b57,8851e237-ca39-487c-a35f-e28fe711d32c,250,89.04897811475156,22262.24452868789,0,0.0000000000000000,Production,Auto-Repair: Production Move for 50,2026-04-11 06:40:11.896541+00,"{""auto_repair"": true, ""stock_move_id"": ""42b23862-2afb-42f8-ba34-693dc54d11e6""}"
47425156-4b3e-4c7a-8237-d3735ae31b00,e646adf3-e04a-4919-8dd4-d53927f5584b,-500,90.85300729482711,-45426.503647413556,0,0,Sale,Auto-Repair: Sale Move for 10,2026-04-11 06:39:37.165837+00,"{""auto_repair"": true, ""stock_move_id"": ""31f396c1-c44c-4858-9e1b-f3d040cccd96""}"
4ac15ed6-2fe6-4e09-ba46-38463bad58a5,e646adf3-e04a-4919-8dd4-d53927f5584b,-2000,90.85300729482711,-181706.01458965422,0,0,Sale,Auto-Repair: Sale Move for 10,2026-04-11 06:39:39.599133+00,"{""auto_repair"": true, ""stock_move_id"": ""98eade04-c9c6-45fa-a074-63e9ab0fe6a6""}"
88303fe0-0097-4c73-bba1-7bcd2f31cd00,23da208c-c810-4bf1-89bd-4eb5a55cce5e,0,107.5,0,0,0,Initial,VAL-RESET-20260430-7477,2026-04-30 18:59:59.999+00,"{""reason"": ""Manual Valuation Override""}"
15a6df9e-b048-43ce-a4bd-e3fc4879ab56,a6707819-7f9c-4968-ad8e-badfec24bef2,-1000,89.572379064604,-89572.379064604,0,0,Sale,Auto-Repair: Sale Move for 20,2026-04-11 06:39:45.538121+00,"{""auto_repair"": true, ""stock_move_id"": ""8bb6870a-6e5a-4ec3-aed7-6a5e92beff30""}"
d5f83b3a-ac86-4823-943c-7348ddb85351,5ffd5921-5ad2-4d30-b598-4337f1a39464,5000,91.7865737665065,458932.86883253255,0,0,Production,Auto-Repair: Production Move for 20,2026-04-11 06:40:00.309535+00,"{""invalidated_by"": ""VAL-RESET-20260430-3716""}"
bb035d4e-8235-45a7-9390-d4ff31874c4f,d23536f3-0d86-4dcd-934e-9085566d4dc7,-50083,5.7466717383035375,-287810.5606694561,0,0,Production,Auto-Repair: Production Move for Standard,2026-04-11 06:39:52.947973+00,"{""auto_repair"": true, ""stock_move_id"": ""c3e29b79-6ea7-41ca-871f-0b17de7cee48""}"
9b264644-b412-44e3-bc8c-a847ffd3b5c4,2c981082-c3ab-47b1-99c3-c34fe22ee02c,7520,90.10922692546995,677621.3864795341,0,0.0000000000000000,Production,Auto-Repair: Production Move for 80,2026-04-11 06:39:55.464436+00,"{""auto_repair"": true, ""stock_move_id"": ""00691c40-92f3-4a4a-a317-6d95238fe541""}"
8f0bace2-668f-454b-9c77-47ba5b0f38b3,2c981082-c3ab-47b1-99c3-c34fe22ee02c,-800,90.10922692546995,-72087.38154037597,0,0,Sale,Auto-Repair: Sale Move for 80,2026-04-11 06:39:57.88296+00,"{""auto_repair"": true, ""stock_move_id"": ""3414406c-7cc1-4af0-99e1-aa1c7befd054""}"
58aded73-a135-4c97-b069-cb7900ae2764,29f97aa5-e538-4261-b69f-6b1a394015c9,500,25.746671738303537,12873.335869151768,0,0,Purchase,Auto-Repair: Purchase Move for Standard,2026-04-11 06:39:43.085442+00,"{""invalidated_by"": ""VAL-RESET-20260430-3716""}"
feb6e7c3-32fc-496f-9e8e-b6b804d6e5d3,2c981082-c3ab-47b1-99c3-c34fe22ee02c,-2000,90.10922692546995,-180218.4538509399,0,0,Sale,Auto-Repair: Sale Move for 80,2026-04-11 06:40:05.188718+00,"{""auto_repair"": true, ""stock_move_id"": ""b9baff28-506b-45c5-a827-0cb08e7471c0""}"
8c3b84dc-3b9a-417e-8fea-93888fa84579,2c981082-c3ab-47b1-99c3-c34fe22ee02c,-2000,90.10922692546995,-180218.4538509399,0,0,Sale,Auto-Repair: Sale Move for 80,2026-04-11 06:40:07.589996+00,"{""auto_repair"": true, ""stock_move_id"": ""b0029f2c-deff-403e-aa9c-c333d43d388b""}"
6bedab61-b0b6-4596-826d-34326b30d6f2,2c981082-c3ab-47b1-99c3-c34fe22ee02c,-4800,90.10922692546995,-432524.2892422558,0,0,Sale,Auto-Repair: Sale Move for 80,2026-04-11 06:40:10.049584+00,"{""auto_repair"": true, ""stock_move_id"": ""5e95edd3-aca0-4f7c-8770-43b501732ae2""}"
120bd0f7-6d27-4783-a711-105930b1f071,d23536f3-0d86-4dcd-934e-9085566d4dc7,8514,86.25,734332.5,0,0,Purchase,Bill d24a63cf,2026-04-24 07:00:00+00,"{""invalidated_by"": ""VAL-RESET-20260430-3716""}"
4a0687f8-9069-4703-8dcd-1ef740e9367f,e646adf3-e04a-4919-8dd4-d53927f5584b,-500,90.85300729482711,-45426.503647413556,0,0,Sale,Auto-Repair: Sale Move for 10,2026-04-11 06:40:14.999002+00,"{""auto_repair"": true, ""stock_move_id"": ""8bce7aa0-329d-4f82-8f70-5200a97a470b""}"
c7ac07b7-96c9-4c47-ba9a-67e07478c381,18568477-1a69-413a-b5bd-94333c860750,9588,90.7341284885639,869958.8239483506,0,0.0000000000000000,Production,Auto-Repair: Production Move for 34,2026-04-11 06:40:30.293177+00,"{""auto_repair"": true, ""stock_move_id"": ""e61cef03-6bd1-45e1-8fb3-88d15e667624""}"
1d58d003-38ee-4713-a344-54a1fe0be5b2,e560c8fd-332b-48cb-b7de-125a590bcb0c,-12800,88.80139897160952,-1136657.906836602,0,0,Sale,Auto-Repair: Sale Move for 80,2026-04-11 06:40:22.963381+00,"{""auto_repair"": true, ""stock_move_id"": ""9767ef72-7d51-4df2-a413-f07048c814d8""}"
2e450c3e-8cd4-498b-b4a1-94411445fa1e,2c981082-c3ab-47b1-99c3-c34fe22ee02c,-3200,90.10922692546995,-288349.52616150386,0,0,Sale,Auto-Repair: Sale Move for 80,2026-04-11 06:40:25.437988+00,"{""auto_repair"": true, ""stock_move_id"": ""6da5cda4-06c6-47fb-9727-48cf3b0bc48b""}"
546c1d80-ee60-4263-83d4-bad662cf464e,d23536f3-0d86-4dcd-934e-9085566d4dc7,36192,5.7466717383035375,207983.54355268163,0,0.000000000000000000000000000000000000000000,Purchase,Auto-Repair: Purchase Move for Standard,2026-04-11 06:40:02.755714+00,"{""auto_repair"": true, ""stock_move_id"": ""39337aff-35f2-4b2b-a890-6fb1c0e10997""}"
2508c75e-ae5f-4771-b263-c66656b61f3c,a6707819-7f9c-4968-ad8e-badfec24bef2,-20,89.572379064604,-1791.4475812920798,0,0,Sale,Auto-Repair: Sale Move for 20,2026-04-11 06:40:32.799926+00,"{""auto_repair"": true, ""stock_move_id"": ""1c98e409-f427-411e-8b6a-0b44a605b8af""}"
eeaf214b-7969-44ab-839b-e49f3ae480bb,396eef73-791a-465c-ae17-b78505b08d5f,-1060,78.75570764382422,-83481.05010245368,0,0,Sale,Auto-Repair: Sale Move for 10,2026-04-11 06:40:35.218401+00,"{""auto_repair"": true, ""stock_move_id"": ""834464d5-9543-49fc-b39a-05d22d2c9747""}"
fd2b4b39-ce52-4bb8-91ea-7248d9187511,a6707819-7f9c-4968-ad8e-badfec24bef2,-760,89.572379064604,-68075.00808909904,0,0,Sale,Auto-Repair: Sale Move for 20,2026-04-11 06:40:37.680677+00,"{""auto_repair"": true, ""stock_move_id"": ""b72b4536-edb9-4d24-a9de-6fcafdb3323a""}"
b5648b96-a406-4e01-b7bf-0cdb5e0b3e87,e646adf3-e04a-4919-8dd4-d53927f5584b,-1000,90.85300729482711,-90853.00729482711,0,0,Sale,Auto-Repair: Sale Move for 10,2026-04-11 06:40:40.14891+00,"{""auto_repair"": true, ""stock_move_id"": ""91cb4f41-cc54-4cf3-aa08-b00496a611b3""}"
ddca12a6-3569-4de2-a9ff-c2992f31cab2,a6707819-7f9c-4968-ad8e-badfec24bef2,-5000,89.572379064604,-447861.89532301994,0,0,Sale,Auto-Repair: Sale Move for 20,2026-04-11 06:40:42.642049+00,"{""auto_repair"": true, ""stock_move_id"": ""4cacd9e1-d0a1-41c8-b1bd-2b867cb58450""}"
c877de61-c1b3-48d4-b207-71c6aeed565e,a6707819-7f9c-4968-ad8e-badfec24bef2,-3000,89.572379064604,-268717.137193812,0,0,Sale,Auto-Repair: Sale Move for 20,2026-04-11 06:40:45.100139+00,"{""auto_repair"": true, ""stock_move_id"": ""e3d3e121-63e3-4a1b-b372-44ca8f36a49a""}"
7e3f9207-20b4-45d6-8b16-8614008a2fee,a6707819-7f9c-4968-ad8e-badfec24bef2,-4500,89.572379064604,-403075.70579071797,0,0,Sale,Auto-Repair: Sale Move for 20,2026-04-11 06:40:47.53436+00,"{""auto_repair"": true, ""stock_move_id"": ""d0b70a66-0d1d-4db6-975d-c75ee4be8c39""}"
d5685d8a-18fa-4f86-9902-c9b6ce890ecd,a6707819-7f9c-4968-ad8e-badfec24bef2,-4500,89.572379064604,-403075.70579071797,0,0,Sale,Auto-Repair: Sale Move for 20,2026-04-11 06:40:50.02307+00,"{""auto_repair"": true, ""stock_move_id"": ""c24fb9d7-5081-41b7-a59a-c5856b63edce""}"
803838a6-84bc-4667-bc87-96c34725e88d,d8a16b7d-84b2-4a78-8333-a02a4389a141,-250,77.28152445699166,-19320.381114247917,0,0,Sale,Auto-Repair: Sale Move for 5,2026-04-11 06:40:52.498256+00,"{""auto_repair"": true, ""stock_move_id"": ""19592488-ca03-4972-9003-107bc1a001a0""}"
0768f4fe-1091-4e1f-8652-b93079761ec9,2c981082-c3ab-47b1-99c3-c34fe22ee02c,-2000,90.10922692546995,-180218.4538509399,0,0,Sale,Auto-Repair: Sale Move for 80,2026-04-11 06:40:54.972174+00,"{""auto_repair"": true, ""stock_move_id"": ""daa0b95b-c45d-4ad2-a2c7-f3bd2d310341""}"
ff834f86-9c19-49e8-92a1-013f3b398221,98506d04-47db-4d74-847b-cf3122bc85ad,-50,77.28152445699166,-3864.0762228495832,0,0,Sale,Auto-Repair: Sale Move for 50,2026-04-11 06:40:57.441399+00,"{""auto_repair"": true, ""stock_move_id"": ""b7b20606-ad34-4b51-9b45-dad8b0d9c28a""}"
795f7211-e26d-4cb6-b2f7-1995d201ce00,a6707819-7f9c-4968-ad8e-badfec24bef2,-5000,89.572379064604,-447861.89532301994,0,0,Sale,Auto-Repair: Sale Move for 20,2026-04-11 06:40:59.927215+00,"{""auto_repair"": true, ""stock_move_id"": ""3f7d8479-3af5-4fb9-a068-b471fe849ff3""}"
e781cd9d-689f-45fb-aa14-a1e21346e08e,a6707819-7f9c-4968-ad8e-badfec24bef2,20,89.572379064604,1791.4475812920798,0,0.0000000000000000,Conversion,Auto-Repair: Conversion Move for 20,2026-04-11 06:39:47.991581+00,"{""auto_repair"": true, ""stock_move_id"": ""d29e0b6a-1439-4936-a8dc-10b9df204fd2""}"
20ed591d-f980-4280-bb9f-e683140bdccb,71747c3d-230b-4f6c-a3a5-80ca29120b16,0,4,0,0,0,Adjustment,REF-2026-04-01060,2026-04-22 18:59:59.999+00,"{""source"": ""Wheat Refraction""}"
d783de80-a6f7-4887-a0a4-b3ac06528e7b,29f97aa5-e538-4261-b69f-6b1a394015c9,0,0,0,0,0,Purchase,Bill d24a63cf,2026-04-24 07:00:00+00,{}
fe1bc690-8cc1-49d0-9441-2f6ec4b05e6d,a6707819-7f9c-4968-ad8e-badfec24bef2,920,89.572379064604,82406.58873943567,0,0.0000000000000000,Production,Auto-Repair: Production Move for 20,2026-04-11 06:40:12.495393+00,"{""auto_repair"": true, ""stock_move_id"": ""0ee94e5b-381c-4937-9364-985e8c8b39a5""}"
a6ea6973-9fcf-4b92-8cc3-e61ff2449e0e,29f97aa5-e538-4261-b69f-6b1a394015c9,0,0,0,0,0,Purchase,Bill 9b48ee9b,2026-04-28 07:00:00+00,{}
f4f8f29b-2c90-42cb-96ea-8f6fb28ca97b,8851e237-ca39-487c-a35f-e28fe711d32c,150,89.04897811475156,13357.346717212735,0,0.0000000000000000,Production,Auto-Repair: Production Move for 50,2026-04-11 06:40:17.455958+00,"{""auto_repair"": true, ""stock_move_id"": ""81b58a3e-21e0-42c8-a8a7-49db39fe01c9""}"
a9460cbb-885c-4745-8fbb-466f02255eec,a6707819-7f9c-4968-ad8e-badfec24bef2,-3000,89.572379064604,-268717.137193812,0,0,Sale,Auto-Repair: Sale Move for 20,2026-04-11 06:41:00.567329+00,"{""auto_repair"": true, ""stock_move_id"": ""48fcfa75-e477-4680-a09a-738115447907""}"
377e2e50-07f0-4bdb-b6b0-f8f3f10122f7,d8a16b7d-84b2-4a78-8333-a02a4389a141,0,77.28152445699166,0,0,0,Initial,VAL-RESET-20260430-3716,2026-04-30 18:59:59.999+00,"{""reason"": ""Manual Valuation Override""}"
4dd3c9cc-e55d-4c81-a328-580611c1a09c,a6707819-7f9c-4968-ad8e-badfec24bef2,-2800,89.572379064604,-250802.6613808912,0,0,Conversion,Auto-Repair: Conversion Move for 20,2026-04-11 06:41:06.662884+00,"{""auto_repair"": true, ""stock_move_id"": ""48025eeb-b318-4c74-bed9-2d454f29a8dc""}"
7015f2a2-6bb3-489a-aa69-d03e56de20bd,b5073451-3d7d-4bce-be2e-417dbe7209a4,0,89.5,0,0,0,Initial,VAL-RESET-20260430-3716,2026-04-30 18:59:59.999+00,"{""reason"": ""Manual Valuation Override""}"
da504e54-9230-4ac1-8784-c31b68d5d694,a6707819-7f9c-4968-ad8e-badfec24bef2,-2500,89.572379064604,-223930.94766150997,0,0,Sale,Auto-Repair: Sale Move for 20,2026-04-11 06:41:12.209109+00,"{""auto_repair"": true, ""stock_move_id"": ""8457b98c-7874-4fbb-8aed-2736415923c9""}"
d0892323-5382-4a04-afff-9f35751ea3e7,dcb00b2e-ea89-4e17-b1bb-67e576da4e6d,0,91.27637784598132,0,0,0,Initial,VAL-RESET-20260430-3716,2026-04-30 18:59:59.999+00,"{""reason"": ""Manual Valuation Override""}"
cf7a9f56-9402-4a2e-bcc6-99c1c274b457,da5c9701-b165-4fcf-85ac-7d8abfba8e6b,5678,92.94306041555204,527730.6970395045,0,0,Production,MO-2026-04-00044,2026-04-30 10:37:46.509243+00,"{""invalidated_by"": ""VAL-RESET-20260430-3716""}"
b02c7dda-d046-41a6-8073-c3466559082e,29f97aa5-e538-4261-b69f-6b1a394015c9,389,8.08876238146774,3146.528566390951,0,0,Purchase,Bill 6bd1e940,2026-04-07 07:00:00+00,"{""invalidated_by"": ""VAL-RESET-20260430-3716""}"
36a86110-5547-43b8-b18e-677de77dd01f,2c981082-c3ab-47b1-99c3-c34fe22ee02c,3680,90.10922692546995,331601.9550857294,0,0.0000000000000000,Production,Auto-Repair: Production Move for 80,2026-04-11 06:41:03.40686+00,"{""auto_repair"": true, ""stock_move_id"": ""84500fcb-29d6-4483-8821-6bd0580eff37""}"
1e6d789d-11e7-44a5-9715-648a6f95c64e,18568477-1a69-413a-b5bd-94333c860750,6902,90.7341284885639,626246.954828068,0,0.0000000000000000,Production,Auto-Repair: Production Move for 34,2026-04-11 06:41:09.681269+00,"{""auto_repair"": true, ""stock_move_id"": ""3cde4b89-0217-411b-a956-8aabe95e7e1c""}"
096621ac-60d4-4c4b-b942-b9d89459b3e6,31960d22-7e96-457a-b977-2f6cca95735b,0,0.01,0,0,0,Initial,VAL-RESET-20260430-7477,2026-04-30 18:59:59.999+00,"{""reason"": ""Manual Valuation Override""}"
4eed2440-23eb-470d-9be9-9fe66fcf42c8,5ada25b4-2b36-4680-8cb5-7b6818230550,0,24.13,0,0,0,Initial,VAL-RESET-20260430-7477,2026-04-30 18:59:59.999+00,"{""reason"": ""Manual Valuation Override""}"
c1ef16e7-3cbd-4bab-af3c-b7e315727099,29f97aa5-e538-4261-b69f-6b1a394015c9,1300,20,26000,0,0,Purchase,PO-2026-04-00034,2026-04-09 09:55:08.700312+00,"{""invalidated_by"": ""VAL-RESET-20260430-3716""}"
701c7c70-526e-42f1-bbf8-718756bbe68d,29f97aa5-e538-4261-b69f-6b1a394015c9,1300,25.746671738303537,33470.673259794596,0,0,Purchase,Bill 71498e6d,2026-04-07 07:00:00+00,"{""invalidated_by"": ""VAL-RESET-20260430-3716""}"
c8166e57-01ac-48eb-b18c-1cc9832e6091,29f97aa5-e538-4261-b69f-6b1a394015c9,1300,25.746671738303537,33470.673259794596,0,0,Purchase,Auto-Repair: Purchase Move for Standard,2026-04-11 06:38:34.055131+00,"{""invalidated_by"": ""VAL-RESET-20260430-3716""}"
be74bdc2-c7eb-4d42-bd35-ac7bb4d80899,a40b07a6-2948-489d-8dec-5e206ba38989,771,20.1,15497.1,0.0,0.000000000000000000000000000000000,Conversion,CONV-1777378388436,2026-04-28 12:13:09.81014+00,{}
f07d428e-1e53-496c-8f65-2264ef548688,29f97aa5-e538-4261-b69f-6b1a394015c9,1255,19.355828220858896,24291.564417177913,0,0,Purchase,Bill 60ea9684,2026-04-28 07:00:00+00,"{""invalidated_by"": ""VAL-RESET-20260430-3716""}"
80cb0581-14c5-4fda-b490-42c97b11763f,29f97aa5-e538-4261-b69f-6b1a394015c9,1000,25.746671738303537,25746.671738303536,0,0,Purchase,Auto-Repair: Purchase Move for Standard,2026-04-11 06:38:18.144538+00,"{""invalidated_by"": ""VAL-RESET-20260430-3716""}"
76cb3356-3187-4533-9047-d563631c2ac4,29f97aa5-e538-4261-b69f-6b1a394015c9,646,16,10336,0,0,Purchase,PO-2026-04-00054,2026-04-28 11:49:39.076708+00,"{""invalidated_by"": ""VAL-RESET-20260430-3716""}"
8cbcfcf8-f8f9-4385-8d9b-e8fb106fb3d4,29f97aa5-e538-4261-b69f-6b1a394015c9,1202,0,0,0,0,Purchase,PO-2026-04-00038,2026-04-14 05:28:18.403782+00,"{""invalidated_by"": ""VAL-RESET-20260430-3716""}"
0a1990c0-6887-488f-a8f2-4d5d80a98b2d,29f97aa5-e538-4261-b69f-6b1a394015c9,1202,4.607573866000832,5538.303786933,0,0,Purchase,Bill 10cfb41c,2026-04-13 07:00:00+00,"{""invalidated_by"": ""VAL-RESET-20260430-3716""}"
9d2a8d62-c97a-4988-9c34-50ddd72252ed,29f97aa5-e538-4261-b69f-6b1a394015c9,362,25.746671738303537,9320.29516926588,0,0,Purchase,Auto-Repair: Purchase Move for Standard,2026-04-11 06:40:11.28827+00,"{""invalidated_by"": ""VAL-RESET-20260430-3716""}"
bcc1d2e3-daeb-4fc1-9f72-d860594976cd,29f97aa5-e538-4261-b69f-6b1a394015c9,389,25.746671738303537,10015.455306200076,0,0,Purchase,Auto-Repair: Purchase Move for Standard,2026-04-11 06:40:29.09166+00,"{""invalidated_by"": ""VAL-RESET-20260430-3716""}"
b65b7541-86b6-4d74-b109-ac55970758da,29f97aa5-e538-4261-b69f-6b1a394015c9,1000,25.746671738303537,25746.671738303536,0,0,Purchase,Auto-Repair: Purchase Move for Standard,2026-04-11 06:40:51.255144+00,"{""invalidated_by"": ""VAL-RESET-20260430-3716""}"
498d0b3a-d848-40b2-b41d-19297ce5e652,29f97aa5-e538-4261-b69f-6b1a394015c9,172,17.072930574098798,2936.5440587449934,0,0,Purchase,PO-2026-04-00049,2026-04-24 12:27:09.529148+00,"{""invalidated_by"": ""VAL-RESET-20260430-3716""}"
22d40c68-586a-4e9e-8ac9-7474fa901ffb,29f97aa5-e538-4261-b69f-6b1a394015c9,542,25.746671738303537,13954.696082160517,0,0,Purchase,Auto-Repair: Purchase Move for Standard,2026-04-11 06:39:49.808267+00,"{""invalidated_by"": ""VAL-RESET-20260430-3716""}"
6ff44085-632b-4013-be6d-01369ba4e7f1,29f97aa5-e538-4261-b69f-6b1a394015c9,113,25.746671738303537,2909.3739064282995,0,0,Purchase,Auto-Repair: Purchase Move for Standard,2026-04-11 06:39:52.345403+00,"{""invalidated_by"": ""VAL-RESET-20260430-3716""}"
93d2727e-fd98-440c-9ce1-c136d89a1a11,29f97aa5-e538-4261-b69f-6b1a394015c9,324,0,0,0,0,Purchase,PO-2026-04-00039,2026-04-16 06:05:19.092947+00,"{""invalidated_by"": ""VAL-RESET-20260430-3716""}"
fae28880-d9cb-4c08-acdb-104703d4cf19,e560c8fd-332b-48cb-b7de-125a590bcb0c,3440,42.62205765848616,146619.8783451924,0,0,Production,MO-2026-04-00032,2026-04-17 07:41:55.354296+00,"{""invalidated_by"": ""VAL-RESET-20260430-3716""}"
0c6d8a87-fb5f-4199-af44-333645d28735,e560c8fd-332b-48cb-b7de-125a590bcb0c,44800,86.23678438033936,3863407.940239203,0,0,Adjustment,DELETED: INV-2026-04-00348 (was reversed),2026-04-17 12:47:46.87792+00,"{""invalidated_by"": ""VAL-RESET-20260430-3716""}"
471fec60-e61f-4d85-860a-f9088aa94122,e560c8fd-332b-48cb-b7de-125a590bcb0c,9520,93.02136891492532,885563.432070089,0,0,Production,MO-2026-04-00042,2026-04-28 12:17:00.518524+00,"{""invalidated_by"": ""VAL-RESET-20260430-3716""}"
36bdbd3f-2d3d-4e89-b1a2-7a9e296182be,d9964e90-72ce-482b-8a17-7651628e223e,1005,75,75375,0,0,Adjustment,REF-2026-04-01060,2026-04-22 18:59:59.999+00,"{""invalidated_by"": ""VAL-RESET-20260430-3716""}"
80134577-905a-4f10-9214-9c95030e8d81,d23536f3-0d86-4dcd-934e-9085566d4dc7,7487.2,86.25,645771,0,0,Purchase,PO-2026-04-00050,2026-04-24 12:35:21.087531+00,"{""invalidated_by"": ""VAL-RESET-20260430-3716""}"
c8bdff1f-eb76-4278-b4d4-b6a6c72ea0af,eed9f545-8ba6-4704-b22a-b49d8e0db874,0,0,0,0,0,Initial,VAL-RESET-20260430-7477,2026-04-30 18:59:59.999+00,"{""reason"": ""Manual Valuation Override""}"
8ccf4c92-da0b-4549-acfb-175a62a12692,6e324c36-0f63-44fc-96d4-171f158706cb,0,92.94306041555204,0,0,0,Initial,VAL-RESET-20260430-7477,2026-04-30 18:59:59.999+00,"{""reason"": ""Manual Valuation Override""}"
52f437da-53a8-454a-8b27-dcb10247b843,18568477-1a69-413a-b5bd-94333c860750,476,93.32976192327457,44424.966675478696,0,0,Initial,VAL-RESET-20260430-3716,2026-04-30 18:59:59.999+00,"{""invalidated_by"": ""VAL-RESET-20260430-7477""}"
ed00ca88-5ec4-497f-b6b7-a47d918e67bb,71747c3d-230b-4f6c-a3a5-80ca29120b16,100,4,400,0,0,Initial,VAL-RESET-20260430-3716,2026-04-30 18:59:59.999+00,"{""invalidated_by"": ""VAL-RESET-20260430-7477""}"
3a762bcd-4d19-403e-8205-51e039775451,71747c3d-230b-4f6c-a3a5-80ca29120b16,830,4,3320,0,0.0000000000000000,Initial,VAL-RESET-20260430-7477,2026-04-30 18:59:59.999+00,"{""reason"": ""Manual Valuation Override""}"
561c63c0-c823-458f-8777-17de2c8ef9b5,9e331ef8-d768-4b45-8434-ed8adde48deb,344,22,7568,0,0,Initial,VAL-RESET-20260430-7477,2026-04-30 18:59:59.999+00,"{""invalidated_by"": ""VAL-RESET-20260430-4422""}"
b78fc015-9a66-41a7-8e4f-19f3a935aa4d,2c981082-c3ab-47b1-99c3-c34fe22ee02c,17920,112,2007040,0,0,Initial,VAL-RESET-20260430-7477,2026-04-30 18:59:59.999+00,"{""invalidated_by"": ""VAL-RESET-20260430-4422""}"
73efb3c0-96bb-45a3-b8bb-9857eae65d0f,2c981082-c3ab-47b1-99c3-c34fe22ee02c,-4000,90.10922692546995,-360436.9077018798,0,0,Sale,Auto-Repair: Sale Move for 80,2026-04-11 06:41:01.2397+00,"{""auto_repair"": true, ""stock_move_id"": ""0642e0d3-eff9-4e35-9d0d-73608bf494ba""}"
cd9d3668-1acc-4cb2-8a36-f48a44c9f72f,da5c9701-b165-4fcf-85ac-7d8abfba8e6b,-175,34.5,-6037.5,0,0,Production,Auto-Repair: Production Move for 34,2026-04-11 06:41:04.076149+00,"{""auto_repair"": true, ""stock_move_id"": ""75aa374b-fbc4-479d-bd42-b3a2336d6769""}"
aeba47f5-2fe0-4487-8733-27da233fad9b,25a20076-8468-420b-97f9-75c1f6275242,0,92.49131590180504,0,0,0,Initial,VAL-RESET-20260430-3716,2026-04-30 18:59:59.999+00,"{""reason"": ""Manual Valuation Override""}"
ca6d7b79-4def-4b11-9625-b32d09acaf0c,8851e237-ca39-487c-a35f-e28fe711d32c,2550,89.04897811475156,227074.89419261648,0,0.0000000000000000,Conversion,Auto-Repair: Conversion Move for 50,2026-04-11 06:41:50.540793+00,"{""auto_repair"": true, ""stock_move_id"": ""53cf56d9-f277-4fe0-af05-1132ecb41902""}"
1109fd8a-8a55-4570-bbc1-80d6f9c38efa,8851e237-ca39-487c-a35f-e28fe711d32c,3300,89.04897811475156,293861.6277786802,0,0.0000000000000000,Production,Auto-Repair: Production Move for 50,2026-04-11 06:44:34.94415+00,"{""auto_repair"": true, ""stock_move_id"": ""dad09be3-3229-4e92-bd47-e20aed38f79e""}"
9b8a9e39-ddfe-490c-8535-4f210c77129f,8851e237-ca39-487c-a35f-e28fe711d32c,100,89.04897811475156,8904.897811475157,0,0.0000000000000000,Production,Auto-Repair: Production Move for 50,2026-04-11 06:44:37.995631+00,"{""auto_repair"": true, ""stock_move_id"": ""d0cc5047-e0b8-439f-8a6e-4560a1c272a7""}"
1926565a-716f-4209-81d7-6d28fe345868,8851e237-ca39-487c-a35f-e28fe711d32c,3500,89.04897811475156,311671.4234016305,0,0.0000000000000000,Production,Auto-Repair: Production Move for 50,2026-04-11 06:44:41.703998+00,"{""auto_repair"": true, ""stock_move_id"": ""aec10f38-d062-469f-a32e-8f6a156cab9a""}"
8b411bf3-ecc5-47f8-9532-18e152830bf8,8851e237-ca39-487c-a35f-e28fe711d32c,1650,89.04897811475156,146930.8138893401,0,0.0000000000000000,Production,Auto-Repair: Production Move for 50,2026-04-11 06:45:00.278083+00,"{""auto_repair"": true, ""stock_move_id"": ""f92c3a15-a903-4c68-be6a-dc0eebf9d5b3""}"
ba51e6bd-36e6-47c8-b97e-21986557e8f1,8851e237-ca39-487c-a35f-e28fe711d32c,200,89.04897811475156,17809.795622950314,0,0.0000000000000000,Production,Auto-Repair: Production Move for 50,2026-04-11 06:45:32.669105+00,"{""auto_repair"": true, ""stock_move_id"": ""eb3d4b6a-ae99-4c9b-86bd-43e2938d2cb4""}"
a5477eac-918b-4c86-93be-6e0acb530991,d23536f3-0d86-4dcd-934e-9085566d4dc7,65067.75,5.7466717383035375,373923,0.00,0.00000000000000000000000000000000000000000000,Purchase,Auto-Repair: Purchase Move for Standard,2026-04-11 06:41:07.784393+00,"{""auto_repair"": true, ""stock_move_id"": ""9c901e73-8691-437a-ac05-58b4753f70dd""}"
b860b5db-a0b4-442d-b1be-53ecdf649d0c,937ec71e-d35e-4c0a-b48a-7e72d77e86c1,12705,90.25820716819683,1146730.5220719408,0,0.0000000000000000,Production,Auto-Repair: Production Move for 15,2026-04-11 06:41:10.291256+00,"{""auto_repair"": true, ""stock_move_id"": ""f370499b-3a33-47b9-b13d-7a10c7cc01e0""}"
309d0e76-82fc-43c5-9b5f-063a6b78e99a,0532897a-fd36-45a5-9f0f-d042367920ec,0,2,0,0,0,Adjustment,REF-2026-04-01060,2026-04-22 18:59:59.999+00,"{""source"": ""Wheat Refraction""}"
dcbe1687-4e56-457d-9d68-821df6fb88c4,da5c9701-b165-4fcf-85ac-7d8abfba8e6b,500,34.5,17250,0,0.0000000000000000,Purchase,PO-2026-04-00025,2026-04-02 10:20:53.891738+00,{}
e29d802a-555a-41ae-b346-42da55f1dc79,817c8b6f-3c49-47f5-998a-ff15033f6b86,0,89.5,0,0,0,Initial,VAL-RESET-20260430-3716,2026-04-30 18:59:59.999+00,"{""reason"": ""Manual Valuation Override""}"
ac67a306-b06e-46b0-b524-df86dc2150dc,da5c9701-b165-4fcf-85ac-7d8abfba8e6b,500,34.5,17250,0,0,Purchase,PO-2026-04-00026,2026-04-02 16:53:42.809705+00,"{""invalidated_by"": ""VAL-RESET-20260430-3716""}"
0880e945-98ab-4bc2-9a62-6fcf2f57c866,bc73ce5a-ee82-4283-99f6-46fdeaaca7d1,0,0,0,0,0,Initial,VAL-RESET-20260430-7477,2026-04-30 18:59:59.999+00,"{""reason"": ""Manual Valuation Override""}"
c4a7a7bd-c008-4a5c-8d65-e337c5de2051,29f97aa5-e538-4261-b69f-6b1a394015c9,153,0,0,0,0,Purchase,PO-2026-04-00050,2026-04-24 12:35:21.570101+00,"{""invalidated_by"": ""VAL-RESET-20260430-3716""}"
fe2a7d45-a613-48b4-86da-87f6f352c2f8,18568477-1a69-413a-b5bd-94333c860750,4930,92.71658575722238,457092.7677831063,0,0,Production,MO-2026-04-00041,2026-04-28 12:15:19.101435+00,"{""invalidated_by"": ""VAL-RESET-20260430-3716""}"
f708a81e-0ccd-40a4-a626-0439fe596923,2c981082-c3ab-47b1-99c3-c34fe22ee02c,4320,92.71658575722238,400535.65047120064,0,0,Production,MO-2026-04-00041,2026-04-28 12:15:18.589687+00,"{""invalidated_by"": ""VAL-RESET-20260430-3716""}"
e624da55-6fe2-47f7-9d4b-ca7db61a957d,6e324c36-0f63-44fc-96d4-171f158706cb,450,92.94306041555204,41824.37718699842,0,0.0000000000000000,Production,MO-2026-04-00044,2026-04-30 10:37:46.73871+00,{}
09e8417a-878a-49ae-bbc8-72240c1db0f1,1066c1db-bbd7-4256-a751-f5cbf463f8a3,5955,92.71658575722238,552127.2681842593,0,0.000000000000000000000000000,Production,MO-2026-04-00041,2026-04-28 12:15:18.318755+00,{}
ef8a1861-87e9-4e62-a583-f540e9d577dc,8851e237-ca39-487c-a35f-e28fe711d32c,850,64.14047427837228,54519.40313661644,0,0,Sale Return,SCN-2026-04-00098||/sales/credit-notes/8debc1b0-312d-40d3-a4ae-72727759ac13||line:8731c1a3-1b67-42b6-8ef7-13d0296bacef,2026-04-30 09:32:58.604818+00,"{""invalidated_by"": ""VAL-RESET-20260430-3716""}"
7d1de5ba-6732-46f6-b443-02cdefda4d8d,8851e237-ca39-487c-a35f-e28fe711d32c,9950,71.86427591288245,715049.5453331803,0,0,Production,MO-2026-04-00037,2026-04-22 10:10:10.565498+00,"{""invalidated_by"": ""VAL-RESET-20260430-3716""}"
374f7671-b383-4b88-8dcd-f715ff997bf1,e560c8fd-332b-48cb-b7de-125a590bcb0c,8800,92.71658575722238,815905.9546635569,0,0,Production,MO-2026-04-00041,2026-04-28 12:15:18.859188+00,"{""invalidated_by"": ""VAL-RESET-20260430-3716""}"
d377cee1-7f6a-40ad-91d3-4b5284ac3ec1,396eef73-791a-465c-ae17-b78505b08d5f,0,92.49131590180504,0,0,0,Initial,VAL-RESET-20260430-3716,2026-04-30 18:59:59.999+00,"{""reason"": ""Manual Valuation Override""}"
70b6e25d-1fe8-4393-ae71-ee7101d73ba7,d23536f3-0d86-4dcd-934e-9085566d4dc7,9944.55,90.625,901224.8437499999,0,0,Purchase,PO-2026-04-00055,2026-04-28 11:52:50.069602+00,"{""invalidated_by"": ""VAL-RESET-20260430-3716""}"
c6f2be86-f342-4824-88ef-54e4cd95f258,0532897a-fd36-45a5-9f0f-d042367920ec,5940,2,11880,0,0.0000000000000000,Initial,VAL-RESET-20260430-7477,2026-04-30 18:59:59.999+00,"{""reason"": ""Manual Valuation Override""}"
0680048c-367b-4b5e-9bc5-b0bbce645154,18568477-1a69-413a-b5bd-94333c860750,476,69.17,32924.92,0,0.0000000000000000,Initial,VAL-RESET-20260430-7477,2026-04-30 18:59:59.999+00,"{""reason"": ""Manual Valuation Override""}"
e3b8994e-d83f-48ff-985c-c4ad1c2c5b81,ec766a71-38c2-45fb-a64f-7589897d89ae,0,89.5,0,0,0,Initial,VAL-RESET-20260430-4422,2026-04-30 18:59:59.999+00,"{""reason"": ""Manual Valuation Override""}"
e7d2307a-3dfc-4466-a018-56a8f0cc424b,214c980f-de08-4c22-aa76-c6bab968483b,0,18.13,0,0,0,Initial,VAL-RESET-20260430-4422,2026-04-30 18:59:59.999+00,"{""reason"": ""Manual Valuation Override""}"
4154bf14-fffb-4a44-b675-29264b442634,102e3e45-c488-4973-91c5-f62f51764ceb,923,20,18460,0,0,Initial,VAL-RESET-20260430-7477,2026-04-30 18:59:59.999+00,"{""invalidated_by"": ""VAL-RESET-20260430-4422""}"
4de25f66-a304-4620-9964-df6d9c05e337,0825ad1f-baf7-4c6c-b9a8-df86095dac5c,31013,12.89,399757.57,0,0,Initial,VAL-RESET-20260430-7477,2026-04-30 18:59:59.999+00,"{""invalidated_by"": ""VAL-RESET-20260430-4422""}"
7c2672e2-502c-42a8-9d70-02b50f7ad043,8b945707-4cb1-4e34-8d12-92da06120bd2,1059,69.2179,73301.7561,0,0,Initial,VAL-RESET-20260430-7477,2026-04-30 18:59:59.999+00,"{""invalidated_by"": ""VAL-RESET-20260430-4422""}"
d5286173-70f9-4dd4-b034-cf44186986c8,6e324c36-0f63-44fc-96d4-171f158706cb,0,92.94306041555204,0,0,0,Initial,VAL-RESET-20260430-4422,2026-04-30 18:59:59.999+00,"{""reason"": ""Manual Valuation Override""}"
66a59855-3ba4-4a39-9ec8-8f1a1eb9b639,7228dd62-c775-4f2b-bc08-dda954f29958,10,105.35,1053.5,0,0,Initial,VAL-RESET-20260430-7477,2026-04-30 18:59:59.999+00,"{""invalidated_by"": ""VAL-RESET-20260430-4422""}"
0432db26-0c1c-4d43-93b0-63daaee38380,396eef73-791a-465c-ae17-b78505b08d5f,0,105.35,0,0,0,Initial,VAL-RESET-20260430-4422,2026-04-30 18:59:59.999+00,"{""reason"": ""Manual Valuation Override""}"
0b45d324-6508-45ff-8fe2-8c30df50ebd9,d23536f3-0d86-4dcd-934e-9085566d4dc7,65989,90.625,5980253.125,0,0,Initial,VAL-RESET-20260430-7477,2026-04-30 18:59:59.999+00,"{""invalidated_by"": ""VAL-RESET-20260430-4422""}"
bd78acf7-9923-4500-bb06-1efb337504e6,c96b657d-0bd6-4386-b94c-339c33714e3b,187,17.9,3347.2999999999997,0,0,Initial,VAL-RESET-20260430-4422,2026-04-30 18:59:59.999+00,"{""invalidated_by"": ""VAL-RESET-20260430-2796""}"
34e774cb-a539-4e35-8d6f-24082f0ff67c,8b945707-4cb1-4e34-8d12-92da06120bd2,980,69.2179,67833.542,0,0,Initial,VAL-RESET-20260430-4422,2026-04-30 18:59:59.999+00,"{""invalidated_by"": ""VAL-RESET-20260430-2796""}"
466b0069-258e-47b1-8de9-8d5f4f10acf3,2c981082-c3ab-47b1-99c3-c34fe22ee02c,3680,86.07506303973638,316756.2319862299,0,0,Production,MO-2026-05-00047,2026-05-05 14:20:38.186362+00,"{""invalidated_by"": ""VAL-RESET-20260430-2796""}"
210c73e2-777a-4d61-9e24-3bd7e5f34e52,2c981082-c3ab-47b1-99c3-c34fe22ee02c,-4000,90.10922692546995,-360436.9077018798,0,0,Sale,Auto-Repair: Sale Move for 80,2026-04-11 06:41:01.876644+00,"{""auto_repair"": true, ""stock_move_id"": ""f21d7b3e-30a1-4038-847d-385729ad2edf""}"
7069263a-428f-457c-a0b2-c8897bfca428,2725799f-a307-4777-8b00-84f03278ab57,-604,24.377363532323745,-14723.927573523542,0,0,Production,Auto-Repair: Production Move for 20,2026-04-11 06:41:05.268139+00,"{""auto_repair"": true, ""stock_move_id"": ""25345d65-b0f5-4e01-8784-113abb6628b1""}"
246615bd-f0e6-4684-8b68-9795be415b8a,b2f8974f-ab3c-4880-a03d-6d3b29d26c57,-296,12.806,-3790.5759999999996,0,0,Production,Auto-Repair: Production Move for 10,2026-04-11 06:41:08.397315+00,"{""auto_repair"": true, ""stock_move_id"": ""f603efa6-9ea0-4af3-8b6b-11f1a85e16fa""}"
1d8065ab-cee3-44af-961b-16d6ac2dff46,2c981082-c3ab-47b1-99c3-c34fe22ee02c,-2000,90.10922692546995,-180218.4538509399,0,0,Sale,Auto-Repair: Sale Move for 80,2026-04-11 06:41:10.972892+00,"{""auto_repair"": true, ""stock_move_id"": ""8b726df2-ce2b-46b3-8a3e-46b99d8d3220""}"
6e50f353-f222-4a8a-bb2e-cfb8a272c8e4,c9697fe6-8ed3-4f78-afea-d12b5f645e53,0,0,0,0,0,Initial,VAL-RESET-20260430-3716,2026-04-30 18:59:59.999+00,"{""reason"": ""Manual Valuation Override""}"
91a2afc1-c337-44e5-8539-bbab91b6debf,d23536f3-0d86-4dcd-934e-9085566d4dc7,12355.2,81.75,1010037.6000000001,0.0,0.0000000000000000000000000000000000000000000,Purchase,PO-2026-04-00041,2026-04-18 05:40:06.287334+00,{}
780586a3-c44c-4988-abcb-b90685fbe6fc,d9964e90-72ce-482b-8a17-7651628e223e,1000,75,75000,0,0.0000000000000000,Initial,VAL-RESET-20260331-5846,2026-03-31 18:59:59.999+00,"{""reason"": ""Manual Valuation Override""}"
0e754d11-51a8-4898-b32b-7abeec7f9073,29f97aa5-e538-4261-b69f-6b1a394015c9,0,0,0,0,0,Purchase,Bill eb5bb21b,2026-04-24 07:00:00+00,{}
42a77332-2e25-44bd-95c3-1f27d1f18391,2388c76f-35a7-4076-b2a3-a75ac541692c,0,89.5,0,0,0,Initial,VAL-RESET-20260430-3716,2026-04-30 18:59:59.999+00,"{""reason"": ""Manual Valuation Override""}"
f89d9b96-6aba-499f-8e74-6554f55f291e,d23536f3-0d86-4dcd-934e-9085566d4dc7,33650.1,88.5,2978033.85,0.000000000000,0.000000000000000000000000000000000000000000000000000000000000000000000000000000000000000000000000000000000000000000000000000000000,Purchase,PO-2026-04-00045,2026-04-21 06:51:45.941762+00,{}
85343e47-70c9-4860-a3e7-85248d4eca11,e646adf3-e04a-4919-8dd4-d53927f5584b,730,90.85300729482711,66322.69532522379,0,0.0000000000000000,Production,Auto-Repair: Production Move for 10,2026-04-11 06:40:48.78743+00,"{""auto_repair"": true, ""stock_move_id"": ""54678a52-6892-4c26-b20d-322f600ae361""}"
32190285-023a-4648-b5a4-64e3e4986dd7,d23536f3-0d86-4dcd-934e-9085566d4dc7,7487.2,86.25,645771,0,0,Purchase,Bill eb5bb21b,2026-04-24 07:00:00+00,"{""invalidated_by"": ""VAL-RESET-20260430-3716""}"
ecd51e23-4d2b-4200-b1c7-ba9c6192da7a,6980162c-6553-41b7-8e80-4110c37c1ecc,0,0,0,0,0,Initial,VAL-RESET-20260430-7477,2026-04-30 18:59:59.999+00,"{""reason"": ""Manual Valuation Override""}"
db7453be-da32-48ff-a8d0-fa97e1056beb,6e635acf-ca3f-406a-9177-bdaa6406317e,0,79.5280395676993,0,0,0,Initial,VAL-RESET-20260430-7477,2026-04-30 18:59:59.999+00,"{""reason"": ""Manual Valuation Override""}"
1fc88d77-86fc-4f03-9f56-840cf0293805,2c52647d-a84b-4dd5-b46b-02e3c9c4666c,0,0,0,0,0,Initial,VAL-RESET-20260430-7477,2026-04-30 18:59:59.999+00,"{""reason"": ""Manual Valuation Override""}"
96bd6238-a8ae-4bf2-89b4-cb67706b193e,a6707819-7f9c-4968-ad8e-badfec24bef2,0,42.05562624185954,0,0,0,Initial,VAL-RESET-20260430-4422,2026-04-30 18:59:59.999+00,"{""reason"": ""Manual Valuation Override""}"
cfee7abf-b290-477d-8a65-f9eb32d1383e,a2ecdf21-8089-4d7d-9497-4addbc48b90c,0,91.7865737665065,0,0,0,Initial,VAL-RESET-20260430-4422,2026-04-30 18:59:59.999+00,"{""reason"": ""Manual Valuation Override""}"
1b3e8b8e-6e88-4215-92c6-b00197e13180,36fc17de-cda5-4433-9ab6-525db53d1776,890,22,19580,0,0,Initial,VAL-RESET-20260430-7477,2026-04-30 18:59:59.999+00,"{""invalidated_by"": ""VAL-RESET-20260430-4422""}"
dca4c970-ce8c-4c64-bedd-0253d57d8a0e,65415ac9-fc97-471a-b17f-1340c7b1b55a,604.425,69.2179,41837.029207499996,0,0,Initial,VAL-RESET-20260430-7477,2026-04-30 18:59:59.999+00,"{""invalidated_by"": ""VAL-RESET-20260430-4422""}"
500b82bd-e85c-4711-a500-ee7797cc4535,e560c8fd-332b-48cb-b7de-125a590bcb0c,122720,105.35,12928552,0,0,Initial,VAL-RESET-20260430-7477,2026-04-30 18:59:59.999+00,"{""invalidated_by"": ""VAL-RESET-20260430-4422""}"
f9aad014-7e20-406d-993a-5c3b4b5ba25a,a40b07a6-2948-489d-8dec-5e206ba38989,12.100000000000023,17,205.7000000000004,0.000000000000000,0.0000000000000000000000000000000,Initial,VAL-RESET-20260430-4422,2026-04-30 18:59:59.999+00,"{""reason"": ""Manual Valuation Override""}"
1eb464e3-43aa-4e2c-8540-891d68f3da67,71747c3d-230b-4f6c-a3a5-80ca29120b16,100,4,400,0,0.0000000000000000,Initial,VAL-RESET-20260430-4422,2026-04-30 18:59:59.999+00,"{""reason"": ""Manual Valuation Override""}"
0cf456a2-f2f8-4103-b4ea-a38dd03aabef,18568477-1a69-413a-b5bd-94333c860750,3230,69.17647058823529,223440,0,0.0000000000000000,Initial,VAL-RESET-20260430-4422,2026-04-30 18:59:59.999+00,"{""reason"": ""Manual Valuation Override""}"
fc29b229-e100-4c20-a6dc-ebb0e67f5b00,5dc03d6b-a9fc-4d75-976b-db7afb556301,2388,12.89,30781.32,0,0,Initial,VAL-RESET-20260430-4422,2026-04-30 18:59:59.999+00,"{""invalidated_by"": ""VAL-RESET-20260430-2796""}"
df303ea5-f78a-4ecd-857d-44bbd2df1699,c8ca813c-e4be-428e-aef8-503eeeb948b7,1293,60,77580,0,0,Initial,VAL-RESET-20260430-4422,2026-04-30 18:59:59.999+00,"{""invalidated_by"": ""VAL-RESET-20260430-2796""}"
9ed3dd67-f62f-4612-ba09-69eb42956d8d,8851e237-ca39-487c-a35f-e28fe711d32c,7750,86.07506303973638,667081.7385579569,0,0,Production,MO-2026-05-00047,2026-05-05 14:20:38.484341+00,"{""invalidated_by"": ""VAL-RESET-20260430-2796""}"
d7d5eb09-e13f-4fc3-ae99-c3f811cade51,10f96fbf-6d9a-4dde-87da-c04faf2ae3f1,0,500,0,0,0,Initial,VAL-RESET-20260331-7558,2026-03-31 18:59:59.999+00,"{""reason"": ""Manual Valuation Override""}"
95e7b600-ea01-41d7-85d2-a85527342db3,085c173e-052c-4022-8a90-be5c0ba7b627,0,78.88704005207522,0,0,0,Initial,VAL-RESET-20260331-7558,2026-03-31 18:59:59.999+00,"{""reason"": ""Manual Valuation Override""}"
743134e3-c6cb-46f3-b046-52186128e563,da5c9701-b165-4fcf-85ac-7d8abfba8e6b,500,34.5,17250,500,17250,Purchase,PO-2026-05-00064,2026-05-08 06:46:58.823511+00,{}
3e15351b-1c13-499e-81d1-2aa79417b615,aa74113c-9bfa-4286-875a-82d02a6e0f47,0,95.38,0,0,0,Initial,VAL-RESET-20260430-6043,2026-04-30 18:59:59.999+00,"{""reason"": ""Manual Valuation Override""}"
0e4b8009-1cf0-49b0-8e12-c0d6a392f4c1,c6b76b35-74b4-4b7d-aa4d-e473698b2f81,0,95.38,0,0,0,Initial,VAL-RESET-20260430-6043,2026-04-30 18:59:59.999+00,"{""reason"": ""Manual Valuation Override""}"
0c8df32b-a522-4e7d-9173-5f7d2d82b375,25a20076-8468-420b-97f9-75c1f6275242,0,95.38,0,0,0,Initial,VAL-RESET-20260430-6043,2026-04-30 18:59:59.999+00,"{""reason"": ""Manual Valuation Override""}"
23a039a4-4ecc-4896-954b-e1ea5d4b5542,14e494c5-f77b-44a0-904e-6030187b2a45,0,91.7865737665065,0,0,0,Initial,VAL-RESET-20260430-6043,2026-04-30 18:59:59.999+00,"{""reason"": ""Manual Valuation Override""}"
e0362142-2c04-4d58-aa97-58e0abdf2889,2388c76f-35a7-4076-b2a3-a75ac541692c,0,89.5,0,0,0,Initial,VAL-RESET-20260430-6043,2026-04-30 18:59:59.999+00,"{""reason"": ""Manual Valuation Override""}"
45be03a9-dfbe-48af-a0cd-1da9abbb1dcb,3fbbd2fb-4cd6-40e6-8856-26ef2c823bc5,0,92.94306041555204,0,0,0,Initial,VAL-RESET-20260430-6043,2026-04-30 18:59:59.999+00,"{""reason"": ""Manual Valuation Override""}"
4d18abcc-d7a4-4926-95c7-d96fafb89f37,a48054e2-5d92-4162-8afa-6a9565b697ea,0,107.5,0,0,0,Initial,VAL-RESET-20260430-6043,2026-04-30 18:59:59.999+00,"{""reason"": ""Manual Valuation Override""}"
8d688fe2-9700-44e7-95f6-3829bb3c5d07,342b62a4-b9a5-4f60-a698-e9eacf5900e4,0,107.5,0,0,0,Initial,VAL-RESET-20260430-6043,2026-04-30 18:59:59.999+00,"{""reason"": ""Manual Valuation Override""}"
e8ad7312-17f8-4c24-bab7-32747cba9abb,b2f8974f-ab3c-4880-a03d-6d3b29d26c57,4369,12.806,55949.414,0,0,Initial,VAL-RESET-20260331-7558,2026-03-31 18:59:59.999+00,"{""reason"": ""Historical Valuation Reset"", ""invalidated_by"": ""VAL-RESET-20260430-6043""}"
d98ed71e-b3f4-4772-947c-f26240aae530,d383d741-fa61-4537-9ef9-7fb74115ded0,457,17,7769,0,0,Initial,VAL-RESET-20260331-7558,2026-03-31 18:59:59.999+00,"{""reason"": ""Historical Valuation Reset"", ""invalidated_by"": ""VAL-RESET-20260430-6043""}"
e0f73141-67e5-4bbb-a135-2e34bcecb806,e646adf3-e04a-4919-8dd4-d53927f5584b,10,95.38,953.8,0,0,Initial,VAL-RESET-20260430-6043,2026-04-30 18:59:59.999+00,"{""reason"": ""Historical Valuation Reset"", ""invalidated_by"": ""VAL-RESET-20260430-5898""}"
1aa4e6b7-8a2b-4485-9301-e0b7c930fd18,937ec71e-d35e-4c0a-b48a-7e72d77e86c1,0.5,95.38,47.69,0,0,Initial,VAL-RESET-20260430-6043,2026-04-30 18:59:59.999+00,"{""reason"": ""Historical Valuation Reset"", ""invalidated_by"": ""VAL-RESET-20260430-5898""}"
2b228b5b-2143-4d8b-8ffe-de86c2b8b0bd,2725799f-a307-4777-8b00-84f03278ab57,22,24.377363532323745,536.3019977111223,0,0,Initial,VAL-RESET-20260430-6043,2026-04-30 18:59:59.999+00,"{""reason"": ""Historical Valuation Reset"", ""invalidated_by"": ""VAL-RESET-20260430-5898""}"
6cc2c787-c4e5-42d8-a957-69079a7c38b0,8b945707-4cb1-4e34-8d12-92da06120bd2,-46,68.8071,-3165.1266,0,0,Production,Auto-Repair: Production Move for 80,2026-04-11 06:41:02.485252+00,"{""auto_repair"": true, ""stock_move_id"": ""76c52ddf-c93a-4334-8c05-0b03a99cd69b""}"
ff84518c-e0fa-4c16-8f92-8266ab57d9d9,65415ac9-fc97-471a-b17f-1340c7b1b55a,-130,25,-3250,0,0,Production,Auto-Repair: Production Move for 80,2026-04-11 06:41:09.018646+00,"{""auto_repair"": true, ""stock_move_id"": ""3c3c0434-3ebb-4766-8ac2-77a3e67ea25c""}"
d5269e11-2c15-47b9-8166-3cc9175a3ac9,2c981082-c3ab-47b1-99c3-c34fe22ee02c,-80,90.10922692546995,-7208.738154037596,0,0,Sale,Auto-Repair: Sale Move for 80,2026-04-11 06:41:11.593189+00,"{""auto_repair"": true, ""stock_move_id"": ""5e8f136c-7816-4a63-860f-2a269ef562a3""}"
3e26da58-6fca-44ac-9ef5-298d2c6769c3,18568477-1a69-413a-b5bd-94333c860750,-3570,90.7341284885639,-323920.8387041731,0,0,Sale,Auto-Repair: Sale Move for 34,2026-04-11 06:41:12.841354+00,"{""auto_repair"": true, ""stock_move_id"": ""e83c943a-a383-48fa-8ea4-6f30f2a946fe""}"
24e1fe68-7e05-4a21-a89b-80cef5bb80e4,e646adf3-e04a-4919-8dd4-d53927f5584b,-1000,90.85300729482711,-90853.00729482711,0,0,Sale,Auto-Repair: Sale Move for 10,2026-04-11 06:41:13.545072+00,"{""auto_repair"": true, ""stock_move_id"": ""2b0c6d63-57ce-4e6d-bb37-20dbfd2c7101""}"
f21da08f-3439-4a39-8621-b7c47779bb35,2725799f-a307-4777-8b00-84f03278ab57,-250,24.377363532323745,-6094.340883080937,0,0,Production,Auto-Repair: Production Move for 20,2026-04-11 06:41:14.203425+00,"{""auto_repair"": true, ""stock_move_id"": ""1150224a-319e-424b-9b45-ecf9e559582a""}"
c3719a68-97f6-41ed-bc27-6eefb7cc52a1,10f96fbf-6d9a-4dde-87da-c04faf2ae3f1,0,500,0,0,0,Initial,VAL-RESET-20260430-7477,2026-04-30 18:59:59.999+00,"{""reason"": ""Manual Valuation Override""}"
10c08647-91a5-4520-b47c-335a68fb488f,b2f8974f-ab3c-4880-a03d-6d3b29d26c57,-168,12.806,-2151.408,0,0,Production,Auto-Repair: Production Move for 10,2026-04-11 06:41:16.121737+00,"{""auto_repair"": true, ""stock_move_id"": ""68a75e73-0408-49b4-bf70-bbfff06bfc68""}"
fd791635-e9a0-419b-a6e5-4d6b657c18fd,18568477-1a69-413a-b5bd-94333c860750,-16048,90.7341284885639,-1456101.2939844735,0,0,Sale,Auto-Repair: Sale Move for 34,2026-04-11 06:41:16.72861+00,"{""auto_repair"": true, ""stock_move_id"": ""13a0b99e-2690-4a5a-ba34-17865f11345d""}"
1cce5630-d7ce-4791-93f6-4777157df098,4c46ce95-42bf-4f3d-beb8-123623d0fa76,0,77.91788781882175,0,0,0,Initial,VAL-RESET-20260430-7477,2026-04-30 18:59:59.999+00,"{""reason"": ""Manual Valuation Override""}"
b7cea2bc-7688-4581-bc32-51e1253a9743,2725799f-a307-4777-8b00-84f03278ab57,-140,24.377363532323745,-3412.8308945253243,0,0,Conversion,Auto-Repair: Conversion Move for 20,2026-04-11 06:41:17.969791+00,"{""auto_repair"": true, ""stock_move_id"": ""8d5047ea-6a88-4bca-8b06-a4e355834af2""}"
71a760bb-ce30-4e57-b971-ab7f3ea348e2,2725799f-a307-4777-8b00-84f03278ab57,-46,24.377363532323745,-1121.3587224868922,0,0,Production,Auto-Repair: Production Move for 20,2026-04-11 06:41:19.21584+00,"{""auto_repair"": true, ""stock_move_id"": ""b5446fdd-f8dc-411e-92ca-d876f1f79de8""}"
f2bcd140-9481-4f83-99e2-87b6150dadd9,e646adf3-e04a-4919-8dd4-d53927f5584b,1980,90.80408582337593,179792.08993028433,0,0,Conversion,CONV-1775902697665,2026-04-11 10:18:19.11911+00,"{""invalidated_by"": ""VAL-RESET-20260430-3716""}"
1556cdb0-fd40-42a5-bf7d-df05bc2f0f02,8b945707-4cb1-4e34-8d12-92da06120bd2,-85,68.8071,-5848.6035,0,0,Production,Auto-Repair: Production Move for 80,2026-04-11 06:41:20.429215+00,"{""auto_repair"": true, ""stock_move_id"": ""cb60ab0d-d3a5-4f10-82c7-56e736ce4544""}"
133365ba-a9d4-46d0-87f9-db005557a7e5,e646adf3-e04a-4919-8dd4-d53927f5584b,-450,90.85300729482711,-40883.8532826722,0,0,Sale,Auto-Repair: Sale Move for 10,2026-04-11 06:41:21.076346+00,"{""auto_repair"": true, ""stock_move_id"": ""cd3e1bef-49e6-4121-b702-b3272c03534e""}"
464cf9f4-2291-4f7e-ae4a-6ca0bd2d0386,1066c1db-bbd7-4256-a751-f5cbf463f8a3,-750,91.05940159814038,-68294.55119860529,0,0,Sale,Auto-Repair: Sale Move for 15,2026-04-11 06:41:21.69875+00,"{""auto_repair"": true, ""stock_move_id"": ""3454ce56-3197-4844-a19e-86d02e7bf971""}"
2e12997b-7728-4172-b72b-7ff81a628ade,2c981082-c3ab-47b1-99c3-c34fe22ee02c,-960,90.10922692546995,-86504.85784845115,0,0,Sale,Auto-Repair: Sale Move for 80,2026-04-11 06:41:22.337458+00,"{""auto_repair"": true, ""stock_move_id"": ""0c7baec9-e8a1-4523-9144-2518455cc765""}"
e81f0bbe-c055-433f-ae12-ef73e6ae6e60,937ec71e-d35e-4c0a-b48a-7e72d77e86c1,-2250,90.25820716819683,-203080.96612844287,0,0,Sale,Auto-Repair: Sale Move for 15,2026-04-11 06:41:22.972882+00,"{""auto_repair"": true, ""stock_move_id"": ""7ffaf919-4628-47c7-9edc-364f91834744""}"
fd776055-0941-437e-91cc-0e4886f2fd31,a6707819-7f9c-4968-ad8e-badfec24bef2,4800,89.572379064604,429947.41951009916,0,0,Sale Return,Auto-Repair: Sale Return Move for 20,2026-04-11 06:41:06.037761+00,"{""invalidated_by"": ""VAL-RESET-20260430-3716""}"
40375b58-0e2e-4d12-9d0e-c9a8f47e2df9,a6707819-7f9c-4968-ad8e-badfec24bef2,-2000,89.572379064604,-179144.758129208,0,0,Sale,Auto-Repair: Sale Move for 20,2026-04-11 06:41:24.244363+00,"{""auto_repair"": true, ""stock_move_id"": ""500b08c9-f433-4669-8313-f4187616a865""}"
1b6f2623-db71-478b-9814-153f67de6905,2725799f-a307-4777-8b00-84f03278ab57,-90,24.377363532323745,-2193.962717909137,0,0,Production,Auto-Repair: Production Move for 20,2026-04-11 06:41:24.908538+00,"{""auto_repair"": true, ""stock_move_id"": ""18aa69c4-d99f-48f3-b3c7-25b3abe576fb""}"
07af9ce9-8481-4312-b7a0-1a594904bd01,5ffd5921-5ad2-4d30-b598-4337f1a39464,2800,91.7865737665065,257002.40654621823,0,0,Conversion,Auto-Repair: Conversion Move for 20,2026-04-11 06:41:27.70679+00,"{""invalidated_by"": ""VAL-RESET-20260430-3716""}"
9feb7ac0-6b3e-4f32-806c-7920adccd695,8b945707-4cb1-4e34-8d12-92da06120bd2,-64,68.8071,-4403.6544,0,0,Production,Auto-Repair: Production Move for 80,2026-04-11 06:41:26.168944+00,"{""auto_repair"": true, ""stock_move_id"": ""b385ddb3-df59-4e9a-b3f7-30bf619ef0d3""}"
8c2da493-b177-415b-bdef-4359c67db737,a6707819-7f9c-4968-ad8e-badfec24bef2,-5000,89.572379064604,-447861.89532301994,0,0,Sale,Auto-Repair: Sale Move for 20,2026-04-11 06:41:27.06879+00,"{""auto_repair"": true, ""stock_move_id"": ""e78d58c8-a909-4400-976c-08ea9793a85e""}"
28adeaef-59b3-49f9-9d9a-8eb55175fe10,da5c9701-b165-4fcf-85ac-7d8abfba8e6b,6259,92.94306041555204,581730.6151409402,0,0,Initial,VAL-RESET-20260430-7477,2026-04-30 18:59:59.999+00,"{""invalidated_by"": ""VAL-RESET-20260430-4422""}"
3e13b74d-4f6d-4d96-a76e-494dad25ee50,29f97aa5-e538-4261-b69f-6b1a394015c9,1300,25.746671738303537,33470.673259794596,0,0,Purchase,Auto-Repair: Purchase Move for Standard,2026-04-11 06:41:18.607702+00,"{""invalidated_by"": ""VAL-RESET-20260430-3716""}"
cdd1f283-aa67-4e5d-a633-8a5203f15b13,2725799f-a307-4777-8b00-84f03278ab57,-2,24.377363532323745,-48.75472706464749,0,0,Production,Auto-Repair: Production Move for 20,2026-04-11 06:41:28.932499+00,"{""auto_repair"": true, ""stock_move_id"": ""073f2e52-27e8-45dd-a501-c920ea44d34a""}"
8327073a-117f-4395-aea3-f32337896049,da5c9701-b165-4fcf-85ac-7d8abfba8e6b,500,34.5,17250,500,17250,Purchase,Bill 0957c4f8,2026-05-07 07:00:00+00,{}
8fcbfb3b-4303-4461-ae9b-1f675e4624a4,a6707819-7f9c-4968-ad8e-badfec24bef2,-1200,89.572379064604,-107486.85487752479,0,0,Sale,Auto-Repair: Sale Move for 20,2026-04-11 06:41:30.169447+00,"{""auto_repair"": true, ""stock_move_id"": ""d37b89b9-68d6-4316-aea3-4b4a73323ed1""}"
4d8181fe-712a-47bb-8df5-f18155d7138e,412aa341-e0a4-46bd-a236-57ae4776e21c,-4320,91.7865737665065,-396517.9986713081,0,0,Sale,Auto-Repair: Sale Move for 15,2026-04-11 06:41:30.781097+00,"{""auto_repair"": true, ""stock_move_id"": ""effb0a3c-ce03-44a9-867a-69c47136cbb9""}"
6481826d-2dcf-4b76-84bc-16dafc129885,8851e237-ca39-487c-a35f-e28fe711d32c,-700,89.04897811475156,-62334.28468032609,0,0,Sale,Auto-Repair: Sale Move for 50,2026-04-11 06:41:31.392459+00,"{""auto_repair"": true, ""stock_move_id"": ""5bdd0e2e-3715-43a1-9e71-3aa281620703""}"
aa4acad8-a05c-472f-93ea-a35d212392c8,18568477-1a69-413a-b5bd-94333c860750,4080,90.7341284885639,370195.2442333407,0,0.0000000000000000,Production,Auto-Repair: Production Move for 34,2026-04-11 06:41:25.554512+00,"{""auto_repair"": true, ""stock_move_id"": ""a15ccff5-b188-4654-923a-df75a7b8f49a""}"
a4fd1ed8-edac-4172-89e7-97ff38d9ea23,d23536f3-0d86-4dcd-934e-9085566d4dc7,657.25,5.7466717383035375,3777,0.00,0.00000000000000000000000000000000000000000000,Purchase,Auto-Repair: Purchase Move for Standard,2026-04-11 06:41:28.325715+00,"{""auto_repair"": true, ""stock_move_id"": ""31f67f84-e268-445f-9f15-058696a5e95e""}"
fbeed75c-3b76-4d46-8d41-f59ae6096069,e560c8fd-332b-48cb-b7de-125a590bcb0c,6080,88.80139897160952,539912.5057473859,0,0,Production,Auto-Repair: Production Move for 80,2026-04-11 06:41:14.862337+00,"{""invalidated_by"": ""VAL-RESET-20260430-3716""}"
5993bed1-ad48-4bba-8ad0-c9811cd4ffe4,e560c8fd-332b-48cb-b7de-125a590bcb0c,5600,88.80139897160952,497287.8342410133,0,0,Production,Auto-Repair: Production Move for 80,2026-04-11 06:41:15.498788+00,"{""invalidated_by"": ""VAL-RESET-20260430-3716""}"
bbd3baa7-b4cd-4201-8736-6e58d2e8fedf,e560c8fd-332b-48cb-b7de-125a590bcb0c,12560,88.80139897160952,1115345.5710834155,0,0,Sale Return,Auto-Repair: Sale Return Move for 80,2026-04-11 06:41:17.338253+00,"{""invalidated_by"": ""VAL-RESET-20260430-3716""}"
817545e5-d561-4169-a2ac-421cd014f171,2c981082-c3ab-47b1-99c3-c34fe22ee02c,-6400,90.10922692546995,-576699.0523230077,0,0,Sale,Auto-Repair: Sale Move for 80,2026-04-11 06:41:31.997133+00,"{""auto_repair"": true, ""stock_move_id"": ""1f6246df-7ca4-44ef-a9f8-556cd1bb500a""}"
2c5c4b2a-0c8d-4376-a420-394e24f4cab6,d23536f3-0d86-4dcd-934e-9085566d4dc7,-28225,5.7466717383035375,-162199.80981361735,0,0,Production,Auto-Repair: Production Move for Standard,2026-04-11 06:41:36.896741+00,"{""auto_repair"": true, ""stock_move_id"": ""29c755c6-d71c-4804-b347-de96e0296d1a""}"
cd5f34af-8617-4220-9596-e07c84c7ad44,8b945707-4cb1-4e34-8d12-92da06120bd2,-30,68.8071,-2064.213,0,0,Production,Auto-Repair: Production Move for 80,2026-04-11 06:41:39.442322+00,"{""auto_repair"": true, ""stock_move_id"": ""bda22db6-6fd7-473a-84f6-a2b29585779e""}"
13592c5a-9508-4195-b8cd-54bb772668d9,c6b76b35-74b4-4b7d-aa4d-e473698b2f81,100,93.02136891492532,9302.136891492532,0,0.0000000000000000,Production,MO-2026-04-00042,2026-04-28 12:17:00.087648+00,{}
20535c7a-a419-4cc0-8d8f-6addbf7e6a7c,abd8f3c5-ce78-4d29-8e62-c55b54aded3a,0,0,0,0,0,Initial,VAL-RESET-20260430-7477,2026-04-30 18:59:59.999+00,"{""reason"": ""Manual Valuation Override""}"
0da5f156-c656-4546-aeaa-8d273d939d2b,e6b304c1-06aa-4346-988a-bc1dfd29a613,0,0,0,0,0,Initial,VAL-RESET-20260430-7477,2026-04-30 18:59:59.999+00,"{""reason"": ""Manual Valuation Override""}"
c584128f-a8d5-4557-9eac-16e9073dcd1f,a6707819-7f9c-4968-ad8e-badfec24bef2,-5500,89.572379064604,-492648.08485532197,0,0,Sale,Auto-Repair: Sale Move for 20,2026-04-11 06:41:49.32612+00,"{""auto_repair"": true, ""stock_move_id"": ""754ae30c-0146-4869-93fe-7ef9c81ae142""}"
2fe4fb23-55d3-4c4c-9b02-0af44120b447,d23536f3-0d86-4dcd-934e-9085566d4dc7,-22239,5.7466717383035375,-127800.23278813237,0,0,Production,Auto-Repair: Production Move for Standard,2026-04-11 06:41:51.745631+00,"{""auto_repair"": true, ""stock_move_id"": ""ebd788db-cddb-4585-8703-1e4025c67ace""}"
3b3f08e6-76a9-4c0a-8bec-5396d4b7bd9f,a6707819-7f9c-4968-ad8e-badfec24bef2,-20,89.572379064604,-1791.4475812920798,0,0,Sale,Auto-Repair: Sale Move for 20,2026-04-11 06:41:54.165806+00,"{""auto_repair"": true, ""stock_move_id"": ""3e77bea1-d4ad-47fd-b7f9-84762c4809ef""}"
6719fb06-9ecf-4312-b591-4fb04d9bd0b3,8851e237-ca39-487c-a35f-e28fe711d32c,-1350,89.04897811475156,-120216.1204549146,0,0,Conversion,Auto-Repair: Conversion Move for 50,2026-04-11 06:41:56.583287+00,"{""auto_repair"": true, ""stock_move_id"": ""c2110719-6705-4353-87c3-200e9aeab28a""}"
4a74bcd3-9442-4b66-a8c6-89cefdba2cfa,e646adf3-e04a-4919-8dd4-d53927f5584b,4410,90.85300729482711,400661.76217018755,0,0,Production,Auto-Repair: Production Move for 10,2026-04-11 06:41:23.63251+00,"{""invalidated_by"": ""VAL-RESET-20260430-3716""}"
ef48d7fe-a3f2-4e0f-91b4-335233fb374b,2c981082-c3ab-47b1-99c3-c34fe22ee02c,-1200,90.10922692546995,-108131.07231056395,0,0,Sale,Auto-Repair: Sale Move for 80,2026-04-11 06:42:03.862849+00,"{""auto_repair"": true, ""stock_move_id"": ""adfcb426-13a2-40cd-b13d-3edd4968fa6e""}"
b7164d5f-5cb1-4fd5-98ec-62be75ed34b4,a6707819-7f9c-4968-ad8e-badfec24bef2,-4000,89.572379064604,-358289.516258416,0,0,Sale,Auto-Repair: Sale Move for 20,2026-04-11 06:42:06.272378+00,"{""auto_repair"": true, ""stock_move_id"": ""2ed6e53a-52bf-4ddc-bf77-2f326edcd915""}"
cd39c9d6-61d9-4d3f-882e-47beb9b339e6,65415ac9-fc97-471a-b17f-1340c7b1b55a,-16,25,-400,0,0,Conversion,Auto-Repair: Conversion Move for 80,2026-04-11 06:42:08.713283+00,"{""auto_repair"": true, ""stock_move_id"": ""e44304e9-2913-477e-8c15-546bc2e8db56""}"
6679003f-064d-4d00-bbff-4eef195505b8,2c981082-c3ab-47b1-99c3-c34fe22ee02c,-400,90.10922692546995,-36043.69077018798,0,0,Sale,Auto-Repair: Sale Move for 80,2026-04-11 06:42:11.296295+00,"{""auto_repair"": true, ""stock_move_id"": ""e4cd7d38-32a9-4c2b-a5df-b1aae4239a93""}"
f6df80d8-c517-4455-9702-0fa292462cef,8b945707-4cb1-4e34-8d12-92da06120bd2,-36,68.8071,-2477.0556,0,0,Production,Auto-Repair: Production Move for 80,2026-04-11 06:42:13.952472+00,"{""auto_repair"": true, ""stock_move_id"": ""c16accc2-b608-431d-8356-2dbbe7e3a789""}"
1be7001c-fcbb-4abb-aed3-0d47e7518cf3,e646adf3-e04a-4919-8dd4-d53927f5584b,-1000,90.85300729482711,-90853.00729482711,0,0,Sale,Auto-Repair: Sale Move for 10,2026-04-11 06:42:16.593379+00,"{""auto_repair"": true, ""stock_move_id"": ""8367747f-7c0c-495b-921d-7d97ba8adbf8""}"
9621bf70-abe0-4c0f-8e3a-65b7707a330a,a6707819-7f9c-4968-ad8e-badfec24bef2,1800,89.572379064604,161230.2823162872,0,0,Production,Auto-Repair: Production Move for 20,2026-04-11 06:41:34.452002+00,"{""invalidated_by"": ""VAL-RESET-20260430-3716""}"
7bf451a8-f6cb-4542-af63-9ac25d0f7f66,c96b657d-0bd6-4386-b94c-339c33714e3b,90,0,0,0,0,Conversion,CONV-1777092924296,2026-04-25 04:55:24.973957+00,"{""invalidated_by"": ""VAL-RESET-20260430-3716""}"
d300de15-ed9d-4e42-955d-c0e8cfeffbbf,d9964e90-72ce-482b-8a17-7651628e223e,0,75,0,0,0,Initial,VAL-RESET-20260430-7477,2026-04-30 18:59:59.999+00,"{""reason"": ""Manual Valuation Override""}"
65954e64-036c-4997-a668-16b44334620e,5ffd5921-5ad2-4d30-b598-4337f1a39464,-700,91.7865737665065,-64250.60163655456,0,0,Sale,Auto-Repair: Sale Move for 20,2026-04-11 06:42:27.089306+00,"{""auto_repair"": true, ""stock_move_id"": ""262313e0-ed6e-4949-8f16-91594fa68879""}"
e4610cfe-b722-4ef1-917b-c31d8de44aa9,8851e237-ca39-487c-a35f-e28fe711d32c,-1000,89.04897811475156,-89048.97811475156,0,0,Sale,Auto-Repair: Sale Move for 50,2026-04-11 06:42:29.61914+00,"{""auto_repair"": true, ""stock_move_id"": ""a9c3ee72-84c5-4b9b-ae13-5f36f6c955f2""}"
3e3daf44-8eea-402b-b705-5986cfa24398,8851e237-ca39-487c-a35f-e28fe711d32c,-750,89.04897811475156,-66786.73358606367,0,0,Sale,Auto-Repair: Sale Move for 50,2026-04-11 06:42:32.175461+00,"{""auto_repair"": true, ""stock_move_id"": ""b1e903c5-892c-44ee-8d0e-6883ec1d206e""}"
4df8d97b-b78b-4bd0-a33c-235cadf6b132,1066c1db-bbd7-4256-a751-f5cbf463f8a3,-2250,91.05940159814038,-204883.65359581585,0,0,Sale,Auto-Repair: Sale Move for 15,2026-04-11 06:42:37.457824+00,"{""auto_repair"": true, ""stock_move_id"": ""16e1e344-5042-49e0-b268-0af220d82774""}"
c7fadcc0-39ea-4997-9dc5-fe8ce38c8f23,a6707819-7f9c-4968-ad8e-badfec24bef2,-20,89.572379064604,-1791.4475812920798,0,0,Sale,Auto-Repair: Sale Move for 20,2026-04-11 06:42:40.017027+00,"{""auto_repair"": true, ""stock_move_id"": ""edfe3f4d-9a33-4aaf-a447-3d758469d0c5""}"
3a28fe12-8d8d-40f8-ac90-2433b736a509,a6707819-7f9c-4968-ad8e-badfec24bef2,-1200,89.572379064604,-107486.85487752479,0,0,Sale,Auto-Repair: Sale Move for 20,2026-04-11 06:42:42.57607+00,"{""auto_repair"": true, ""stock_move_id"": ""3408f685-515c-48c3-ba1d-e08234c416a3""}"
7102e765-1e82-4a46-bca7-36979c4337f6,7228dd62-c775-4f2b-bc08-dda954f29958,-5,78.88704005207522,-394.4352002603761,0,0,Sale,Auto-Repair: Sale Move for 5,2026-04-11 06:42:45.095123+00,"{""auto_repair"": true, ""stock_move_id"": ""3928322e-f039-44c3-93d8-fb41ef666ec2""}"
aef26cf8-57f6-4f51-acb9-e3cd53d6a5b9,29f97aa5-e538-4261-b69f-6b1a394015c9,250,0,0,0,0,Purchase,PO-2026-04-00041,2026-04-18 05:40:06.677905+00,"{""invalidated_by"": ""VAL-RESET-20260430-3716""}"
ce0265c5-b361-4992-9ebd-273e9040ac96,8851e237-ca39-487c-a35f-e28fe711d32c,40800,105.35,4298280,0,0,Initial,VAL-RESET-20260430-7477,2026-04-30 18:59:59.999+00,"{""invalidated_by"": ""VAL-RESET-20260430-4422""}"
c111475a-aa22-4cd9-b050-a97a9605abec,29f97aa5-e538-4261-b69f-6b1a394015c9,250,0,0,0,0,Purchase,Bill 008b0ed3,2026-04-17 07:00:00+00,"{""invalidated_by"": ""VAL-RESET-20260430-3716""}"
6f5713a9-2aa6-4dfc-90c0-d10f9b6ce3cf,937ec71e-d35e-4c0a-b48a-7e72d77e86c1,0.5,43.852041687218986,21.926020843609493,0,0,Initial,VAL-RESET-20260430-4422,2026-04-30 18:59:59.999+00,"{""invalidated_by"": ""VAL-RESET-20260430-2796""}"
26d6af27-9689-48dc-9a74-400862f5bc12,18568477-1a69-413a-b5bd-94333c860750,4114,90.7341284885639,373280.2046019519,0,0.0000000000000000,Production,Auto-Repair: Production Move for 34,2026-04-11 06:42:19.266996+00,"{""auto_repair"": true, ""stock_move_id"": ""c27b59ce-e40f-403f-9978-f14843e8f927""}"
27780156-0808-41ad-afb6-34c4ab477e3f,2c981082-c3ab-47b1-99c3-c34fe22ee02c,2560,79.46468128100133,203429.5840793634,0,0,Sale Return,SCN-2026-04-00089||/sales/credit-notes/46dcfec4-a5c0-45b0-8a2c-a5a4f1c6fa67||line:84a93ef1-dfae-4eeb-a8f0-c5b009fb6157,2026-04-23 07:13:16.508634+00,"{""invalidated_by"": ""VAL-RESET-20260430-3716""}"
dfc98454-4eec-47a6-9798-ae4fda954d06,e560c8fd-332b-48cb-b7de-125a590bcb0c,5200,88.80139897160952,461767.2746523695,0,0,Production,Auto-Repair: Production Move for 80,2026-04-11 06:42:24.450591+00,"{""invalidated_by"": ""VAL-RESET-20260430-3716""}"
e7fa4026-75ac-4c31-9643-83534b3b6990,e560c8fd-332b-48cb-b7de-125a590bcb0c,3200,88.80139897160952,284164.4767091505,0,0,Production,Auto-Repair: Production Move for 80,2026-04-11 06:42:34.840272+00,"{""invalidated_by"": ""VAL-RESET-20260430-3716""}"
80847dce-b08a-4b85-a970-01f41aa4ac8a,1066c1db-bbd7-4256-a751-f5cbf463f8a3,5610,93.02136891492532,521849.87961273105,0,0.000000000000000000000000000,Production,MO-2026-04-00042,2026-04-28 12:16:59.849314+00,{}
189c1a4f-6a0f-4d1a-8317-033b5893f35a,e560c8fd-332b-48cb-b7de-125a590bcb0c,10400,88.80139897160952,923534.549304739,0,0,Production,Auto-Repair: Production Move for 80,2026-04-11 06:42:47.589362+00,"{""invalidated_by"": ""VAL-RESET-20260430-3716""}"
230d6445-8c72-4b48-b62e-adf1fa3cceeb,da5c9701-b165-4fcf-85ac-7d8abfba8e6b,-104,34.5,-3588,0,0,Production,Auto-Repair: Production Move for 34,2026-04-11 06:41:32.604437+00,"{""auto_repair"": true, ""stock_move_id"": ""897a5353-2715-48f7-b18f-0b6e774a6caa""}"
cf781b84-d075-41cb-9340-9771c1fc225a,e560c8fd-332b-48cb-b7de-125a590bcb0c,-2560,88.80139897160952,-227331.58136732035,0,0,Conversion,Auto-Repair: Conversion Move for 80,2026-04-11 06:41:35.091471+00,"{""auto_repair"": true, ""stock_move_id"": ""8b9ec378-da58-445d-a9e5-10ccd558c7d8""}"
fa799676-dec7-4c45-afd3-9e703b9b530c,769513cc-c70d-41c0-9bb6-99b480841b4f,-373,20.1,-7497.3,0,0,Production,Auto-Repair: Production Move for 15,2026-04-11 06:41:37.51859+00,"{""auto_repair"": true, ""stock_move_id"": ""ec6e34f6-bed8-4ac8-9958-5f8e8e090532""}"
d4cae877-3a36-4938-974c-09103d26e391,e646adf3-e04a-4919-8dd4-d53927f5584b,-1500,90.85300729482711,-136279.51094224065,0,0,Sale,Auto-Repair: Sale Move for 10,2026-04-11 06:41:40.088071+00,"{""auto_repair"": true, ""stock_move_id"": ""8b57c395-a129-4306-bfa0-a10579d60d1a""}"
b97f58fa-ce7a-422a-9a07-04d7252d90f2,396eef73-791a-465c-ae17-b78505b08d5f,0,105.35,0,0,0,Initial,VAL-RESET-20260430-7477,2026-04-30 18:59:59.999+00,"{""reason"": ""Manual Valuation Override""}"
e775c9af-2c36-46a9-9c8e-29ec7153b1ce,2725799f-a307-4777-8b00-84f03278ab57,-5,24.377363532323745,-121.88681766161872,0,0,Conversion,Auto-Repair: Conversion Move for 20,2026-04-11 06:41:45.088354+00,"{""auto_repair"": true, ""stock_move_id"": ""89d7461c-146a-411e-9d7a-df5d2c9ad577""}"
10b2262e-f5fa-4c61-9588-fd1d03ecf32a,085c173e-052c-4022-8a90-be5c0ba7b627,0,78.88704005207522,0,0,0,Initial,VAL-RESET-20260430-7477,2026-04-30 18:59:59.999+00,"{""reason"": ""Manual Valuation Override""}"
41928b52-f960-4388-aa36-7ef78f5b19bf,e560c8fd-332b-48cb-b7de-125a590bcb0c,-12560,88.80139897160952,-1115345.5710834155,0,0,Sale,Auto-Repair: Sale Move for 80,2026-04-11 06:41:49.929536+00,"{""auto_repair"": true, ""stock_move_id"": ""28f66778-1e27-4310-9124-f5b24463dc80""}"
be5e05c1-102b-423f-8a42-e1fa9c44de7b,1066c1db-bbd7-4256-a751-f5cbf463f8a3,-2250,91.05940159814038,-204883.65359581585,0,0,Sale,Auto-Repair: Sale Move for 15,2026-04-11 06:41:52.343757+00,"{""auto_repair"": true, ""stock_move_id"": ""0b2f9bfb-0124-4b79-abb8-b073debe18f1""}"
b055ef6f-b087-4d15-8b68-8dea92f4cefd,e646adf3-e04a-4919-8dd4-d53927f5584b,-1000,90.85300729482711,-90853.00729482711,0,0,Sale,Auto-Repair: Sale Move for 10,2026-04-11 06:41:54.771158+00,"{""auto_repair"": true, ""stock_move_id"": ""d7cdb4bc-4b38-45c3-b343-82769fc83c24""}"
e0a973ef-249d-4542-b0a6-839908604bb7,da5c9701-b165-4fcf-85ac-7d8abfba8e6b,-121,34.5,-4174.5,0,0,Production,Auto-Repair: Production Move for 34,2026-04-11 06:41:57.183763+00,"{""auto_repair"": true, ""stock_move_id"": ""ce55ee4d-78bd-43db-b685-20ed2719685d""}"
e06bb319-62d8-48d4-92b4-23abc12a66cf,817c8b6f-3c49-47f5-998a-ff15033f6b86,0,89.5,0,0,0,Initial,VAL-RESET-20260430-4422,2026-04-30 18:59:59.999+00,"{""reason"": ""Manual Valuation Override""}"
7320acc0-6015-4f04-9194-8189e892eac0,d23536f3-0d86-4dcd-934e-9085566d4dc7,-15800,5.7466717383035375,-90797.41346519589,0,0,Production,Auto-Repair: Production Move for Standard,2026-04-11 06:42:02.019111+00,"{""auto_repair"": true, ""stock_move_id"": ""61a65873-e52c-4096-bc83-0890254bd4da""}"
f77d6312-f222-4307-96af-ab16ef5aa624,a6707819-7f9c-4968-ad8e-badfec24bef2,-20,89.572379064604,-1791.4475812920798,0,0,Sale,Auto-Repair: Sale Move for 20,2026-04-11 06:42:04.463604+00,"{""auto_repair"": true, ""stock_move_id"": ""f601bafd-00cc-48f1-9315-49531a703c32""}"
15ea3659-56af-4bad-bf5d-3cf5c56234e1,a6707819-7f9c-4968-ad8e-badfec24bef2,-80,89.572379064604,-7165.790325168319,0,0,Sale,Auto-Repair: Sale Move for 20,2026-04-11 06:42:06.90184+00,"{""auto_repair"": true, ""stock_move_id"": ""05aeb113-ffaa-485b-b041-14b228a60c47""}"
869aedba-1539-4da4-989b-260992fa73ec,65415ac9-fc97-471a-b17f-1340c7b1b55a,-72,25,-1800,0,0,Production,Auto-Repair: Production Move for 80,2026-04-11 06:42:09.309683+00,"{""auto_repair"": true, ""stock_move_id"": ""13629b84-0d84-4551-a515-3d3ecd12d764""}"
523774d5-9b58-4af1-bccb-02ce44bb539b,8851e237-ca39-487c-a35f-e28fe711d32c,-250,89.04897811475156,-22262.24452868789,0,0,Sale,Auto-Repair: Sale Move for 50,2026-04-11 06:42:11.90344+00,"{""auto_repair"": true, ""stock_move_id"": ""853bf4f9-eeec-4507-9737-6a1d2e55ca69""}"
4db164eb-a718-432b-b399-7a15fa344639,2725799f-a307-4777-8b00-84f03278ab57,-150,24.377363532323745,-3656.604529848562,0,0,Production,Auto-Repair: Production Move for 20,2026-04-11 06:42:14.613039+00,"{""auto_repair"": true, ""stock_move_id"": ""52a8a21d-1ee2-4a2b-9a7d-b23d3a52f9c5""}"
8ea34342-25f4-40f0-9e2d-519de5209e81,396eef73-791a-465c-ae17-b78505b08d5f,-50,78.75570764382422,-3937.7853821912113,0,0,Sale,Auto-Repair: Sale Move for 10,2026-04-11 06:42:17.231335+00,"{""auto_repair"": true, ""stock_move_id"": ""cb66c43e-63a6-49d1-a786-7f08e6aa5d44""}"
e64fd5a4-9c8f-470f-bdad-a2d627ca69f8,23da208c-c810-4bf1-89bd-4eb5a55cce5e,0,107.5,0,0,0,Initial,VAL-RESET-20260430-4422,2026-04-30 18:59:59.999+00,"{""reason"": ""Manual Valuation Override""}"
bc885754-4065-4b54-9f39-e9c19e517396,1066c1db-bbd7-4256-a751-f5cbf463f8a3,-1500,91.05940159814038,-136589.10239721058,0,0,Sale,Auto-Repair: Sale Move for 15,2026-04-11 06:42:22.488095+00,"{""auto_repair"": true, ""stock_move_id"": ""74bbc279-3263-4cf5-8149-f5bd3ade86e9""}"
fc6d6bc6-1889-48ce-9d21-2d51f8bf53ff,e646adf3-e04a-4919-8dd4-d53927f5584b,-500,90.85300729482711,-45426.503647413556,0,0,Sale,Auto-Repair: Sale Move for 10,2026-04-11 06:42:25.087692+00,"{""auto_repair"": true, ""stock_move_id"": ""0819091b-6c3e-4ab4-b549-8393db2c612e""}"
434fbf85-bbb3-4e3d-b0bb-50c6fb390099,b2f8974f-ab3c-4880-a03d-6d3b29d26c57,-85,12.806,-1088.51,0,0,Production,Auto-Repair: Production Move for 10,2026-04-11 06:42:27.708941+00,"{""auto_repair"": true, ""stock_move_id"": ""5d720d79-43b8-484c-bed5-926d020d7435""}"
1e235d48-5c2b-4349-a06e-63c65ead331f,31960d22-7e96-457a-b977-2f6cca95735b,0,0.01,0,0,0,Initial,VAL-RESET-20260430-4422,2026-04-30 18:59:59.999+00,"{""reason"": ""Manual Valuation Override""}"
1f1a7b7f-532a-4b74-b7b9-eafc2a97db69,2725799f-a307-4777-8b00-84f03278ab57,-132,24.377363532323745,-3217.8119862667345,0,0,Production,Auto-Repair: Production Move for 20,2026-04-11 06:42:32.840132+00,"{""auto_repair"": true, ""stock_move_id"": ""c92bad0a-79f3-45dd-82b7-428c1467fd7f""}"
88c47ab0-3704-4c3f-a0f0-324be5e025fe,a6707819-7f9c-4968-ad8e-badfec24bef2,1680,89.572379064604,150481.5968285347,0,0,Production,Auto-Repair: Production Move for 20,2026-04-11 06:41:47.529047+00,"{""invalidated_by"": ""VAL-RESET-20260430-3716""}"
c83e5e5c-f56a-423b-8ead-904926e7360e,d9964e90-72ce-482b-8a17-7651628e223e,-20,75,-1500,0,0,Sale,Auto-Repair: Sale Move for Standard,2026-04-11 06:42:40.656332+00,"{""auto_repair"": true, ""stock_move_id"": ""a5408675-aefc-4e35-99bc-47e3b24f6abf""}"
03a1fcb6-e013-4dae-ac18-10a515ec4169,1066c1db-bbd7-4256-a751-f5cbf463f8a3,-1500,91.05940159814038,-136589.10239721058,0,0,Sale,Auto-Repair: Sale Move for 15,2026-04-11 06:42:43.198555+00,"{""auto_repair"": true, ""stock_move_id"": ""0ac9e362-eada-4291-b198-c1679198a05c""}"
c2ef9828-957c-47f2-b4b1-233c1b07fde9,a6707819-7f9c-4968-ad8e-badfec24bef2,2640,89.572379064604,236471.08073055453,0,0,Production,Auto-Repair: Production Move for 20,2026-04-11 06:42:19.903113+00,"{""invalidated_by"": ""VAL-RESET-20260430-3716""}"
81feebd6-5ad8-4c51-aec8-098dd6170448,2c981082-c3ab-47b1-99c3-c34fe22ee02c,-2000,90.10922692546995,-180218.4538509399,0,0,Sale,Auto-Repair: Sale Move for 80,2026-04-11 06:42:50.678675+00,"{""auto_repair"": true, ""stock_move_id"": ""a98d8721-4e24-4385-ad1e-5cfb26e8d2cb""}"
e7c261ed-1813-45b6-93a8-a97d53bb6dab,da5c9701-b165-4fcf-85ac-7d8abfba8e6b,-201,34.5,-6934.5,0,0,Production,Auto-Repair: Production Move for 34,2026-04-11 06:42:53.144064+00,"{""auto_repair"": true, ""stock_move_id"": ""005eb8a9-79b8-43cf-894d-39e681a11700""}"
5f4bc724-e0ec-4ed7-9735-d719769cab23,2c981082-c3ab-47b1-99c3-c34fe22ee02c,-1600,90.10922692546995,-144174.76308075193,0,0,Sale,Auto-Repair: Sale Move for 80,2026-04-11 06:42:56.004149+00,"{""auto_repair"": true, ""stock_move_id"": ""0d426c1b-2d7c-47cd-9c3b-ff2419ea082b""}"
176bed79-2966-4d09-82ae-d80b3e6c6e24,937ec71e-d35e-4c0a-b48a-7e72d77e86c1,4440,90.25820716819683,400746.4398267939,0,0,Production,Auto-Repair: Production Move for 15,2026-04-11 06:42:48.206716+00,"{""invalidated_by"": ""VAL-RESET-20260430-3716""}"
e53ca5ae-d4bb-45e3-bf2a-5307f36f2366,18568477-1a69-413a-b5bd-94333c860750,5848,39.485268668066354,230909.85117085202,0,0,Production,MO-2026-04-00034,2026-04-18 09:46:50.608147+00,"{""invalidated_by"": ""VAL-RESET-20260430-3716""}"
84ca3402-e107-421d-9d93-e8b7f0db9825,7228dd62-c775-4f2b-bc08-dda954f29958,20,78.88704005207522,1577.7408010415045,0,0,Production,Auto-Repair: Production Move for 5,2026-04-11 06:41:42.645365+00,"{""invalidated_by"": ""VAL-RESET-20260430-3716""}"
d9fb4c05-2ed7-4cd5-b1ea-36079aff62b5,e560c8fd-332b-48cb-b7de-125a590bcb0c,10800,39.485268668066354,426440.9016151166,0,0,Production,MO-2026-04-00034,2026-04-18 09:46:50.911936+00,"{""invalidated_by"": ""VAL-RESET-20260430-3716""}"
441994b8-4c2a-4f2c-b8e8-4bfcc5e80ac3,71747c3d-230b-4f6c-a3a5-80ca29120b16,100,4,400,0,0,Adjustment,Auto-Repair: Adjustment Move for Standard,2026-04-11 06:42:45.729468+00,"{""invalidated_by"": ""VAL-RESET-20260430-3716""}"
43039821-b86e-4cd7-8d64-d176788219f3,2c981082-c3ab-47b1-99c3-c34fe22ee02c,-800,90.10922692546995,-72087.38154037597,0,0,Sale,Auto-Repair: Sale Move for 80,2026-04-11 06:41:33.214485+00,"{""auto_repair"": true, ""stock_move_id"": ""1ce97774-ba03-4c29-9b48-c9ccbf3d2daf""}"
8af8292f-9409-49f1-b2fd-dcfc9b4a9c30,5ffd5921-5ad2-4d30-b598-4337f1a39464,-100,91.7865737665065,-9178.65737665065,0,0,Conversion,Auto-Repair: Conversion Move for 20,2026-04-11 06:41:35.688796+00,"{""auto_repair"": true, ""stock_move_id"": ""9cb54fff-331d-4bcc-9bab-8a3d75897caa""}"
a8732c1a-2cea-45a3-8135-4a5ec368da2a,769513cc-c70d-41c0-9bb6-99b480841b4f,-847,20.1,-17024.7,0,0,Production,Auto-Repair: Production Move for 15,2026-04-11 06:41:38.203831+00,"{""auto_repair"": true, ""stock_move_id"": ""106f0e5f-125a-4ce2-9fda-506247328cbe""}"
f0013e8b-b4df-496b-88f6-fcf4272284f1,e646adf3-e04a-4919-8dd4-d53927f5584b,480,90.85300729482711,43609.44350151701,0,0,Sale Return,Auto-Repair: Sale Return Move for 10,2026-04-11 06:42:50.070364+00,"{""invalidated_by"": ""VAL-RESET-20260430-3716""}"
883322bb-7fae-4f58-9bbd-32eedf66e51d,0532897a-fd36-45a5-9f0f-d042367920ec,5590,2,11180,0,0,Adjustment,REF-2026-05-01255,2026-04-30 18:59:59.999+00,"{""invalidated_by"": ""VAL-RESET-20260430-7477""}"
182f9a61-b0f2-4f72-9ba6-24c0304a28ff,2388c76f-35a7-4076-b2a3-a75ac541692c,0,89.5,0,0,0,Initial,VAL-RESET-20260430-4422,2026-04-30 18:59:59.999+00,"{""reason"": ""Manual Valuation Override""}"
ca3e1c7e-f157-46b5-ad10-3ebf644a8466,e646adf3-e04a-4919-8dd4-d53927f5584b,1970,90.85300729482711,178980.4243708094,0,0,Production,Auto-Repair: Production Move for 10,2026-04-11 06:41:59.618168+00,"{""invalidated_by"": ""VAL-RESET-20260430-3716""}"
10e69464-9825-401c-9745-683b0c934fe3,a6707819-7f9c-4968-ad8e-badfec24bef2,1200,89.572379064604,107486.85487752479,0,0,Sale Return,Auto-Repair: Sale Return Move for 20,2026-04-11 06:41:52.967545+00,"{""invalidated_by"": ""VAL-RESET-20260430-3716""}"
23304ccd-7568-4a0d-bc73-21fdc88da94f,342b62a4-b9a5-4f60-a698-e9eacf5900e4,0,107.5,0,0,0,Initial,VAL-RESET-20260430-4422,2026-04-30 18:59:59.999+00,"{""reason"": ""Manual Valuation Override""}"
b1a1d4eb-1490-46db-8d46-1e34c5ce9ca1,e646adf3-e04a-4919-8dd4-d53927f5584b,-1000,90.85300729482711,-90853.00729482711,0,0,Sale,Auto-Repair: Sale Move for 10,2026-04-11 06:41:55.380379+00,"{""auto_repair"": true, ""stock_move_id"": ""865f7c2f-4a9b-414a-95bd-6733d161ad7c""}"
5f52af2e-6372-4306-895d-fce5c3a266cb,a6707819-7f9c-4968-ad8e-badfec24bef2,-1500,89.572379064604,-134358.568596906,0,0,Sale,Auto-Repair: Sale Move for 20,2026-04-11 06:42:00.219292+00,"{""auto_repair"": true, ""stock_move_id"": ""442c6783-f323-4169-9a33-e14a3562cabc""}"
4448ea68-1137-4c35-82f8-1c3c1c646b4a,65415ac9-fc97-471a-b17f-1340c7b1b55a,-65,25,-1625,0,0,Production,Auto-Repair: Production Move for 80,2026-04-11 06:42:02.62346+00,"{""auto_repair"": true, ""stock_move_id"": ""6f6cddfb-bdd1-421c-ada8-5c92bae34e0d""}"
f592ff54-2956-4e41-ace3-8135c7860aec,8b945707-4cb1-4e34-8d12-92da06120bd2,700,68.8071,48164.97,0,0,Purchase,Auto-Repair: Purchase Move for 80,2026-04-11 06:41:45.693428+00,"{""invalidated_by"": ""VAL-RESET-20260430-3716""}"
fb08dd6b-e371-49d1-8ccc-83c7a54d4099,a6707819-7f9c-4968-ad8e-badfec24bef2,-1000,89.572379064604,-89572.379064604,0,0,Sale,Auto-Repair: Sale Move for 20,2026-04-11 06:42:07.510843+00,"{""auto_repair"": true, ""stock_move_id"": ""1a3e615f-b20e-4890-a4be-6c30cb06736e""}"
7d960034-7992-48c1-a5f6-365acee477da,65415ac9-fc97-471a-b17f-1340c7b1b55a,-40,25,-1000,0,0,Production,Auto-Repair: Production Move for 80,2026-04-11 06:42:09.918119+00,"{""auto_repair"": true, ""stock_move_id"": ""c5f657a9-e5a6-478b-b49a-8bc9b0f3eb53""}"
5ab078dc-d999-4dc4-871d-9b2a6b0e0141,e560c8fd-332b-48cb-b7de-125a590bcb0c,5760,88.80139897160952,511496.0580764708,0,0,Production,Auto-Repair: Production Move for 80,2026-04-11 06:41:57.786946+00,"{""invalidated_by"": ""VAL-RESET-20260430-3716""}"
009813fd-2dab-45c8-a986-3dc8fbf870a4,8b945707-4cb1-4e34-8d12-92da06120bd2,-62,68.8071,-4266.0402,0,0,Production,Auto-Repair: Production Move for 80,2026-04-11 06:42:20.543182+00,"{""auto_repair"": true, ""stock_move_id"": ""825cd605-9edd-40a4-811e-a9f105d2ad0b""}"
bbe8fe66-c2a2-47e7-ac1c-b7b8b6136694,a6707819-7f9c-4968-ad8e-badfec24bef2,-1000,89.572379064604,-89572.379064604,0,0,Sale,Auto-Repair: Sale Move for 20,2026-04-11 06:42:23.133458+00,"{""auto_repair"": true, ""stock_move_id"": ""27904dd3-6b1c-4bf7-b882-5bed70147490""}"
7a048322-89a5-47c5-92cf-f6c2e6aa3cd5,a6707819-7f9c-4968-ad8e-badfec24bef2,-1000,89.572379064604,-89572.379064604,0,0,Sale,Auto-Repair: Sale Move for 20,2026-04-11 06:42:25.776324+00,"{""auto_repair"": true, ""stock_move_id"": ""d1fb190b-06b9-482a-83d4-c93bf5b9db18""}"
4b89a8e7-b5fd-46eb-bf32-fb59f17c691a,b2f8974f-ab3c-4880-a03d-6d3b29d26c57,-197,12.806,-2522.7819999999997,0,0,Production,Auto-Repair: Production Move for 10,2026-04-11 06:42:28.350295+00,"{""auto_repair"": true, ""stock_move_id"": ""be504fd8-33c1-451c-9467-7d34bfafef7e""}"
1eca8646-79f6-46bf-b977-e7f608735bf2,a6707819-7f9c-4968-ad8e-badfec24bef2,-4000,89.572379064604,-358289.516258416,0,0,Sale,Auto-Repair: Sale Move for 20,2026-04-11 06:42:30.905197+00,"{""auto_repair"": true, ""stock_move_id"": ""cb417c5a-c726-41d2-99f6-c67cf54cacab""}"
dbddd7f3-f625-450f-bf17-088ad45a560a,2c981082-c3ab-47b1-99c3-c34fe22ee02c,-1600,90.10922692546995,-144174.76308075193,0,0,Sale,Auto-Repair: Sale Move for 80,2026-04-11 06:42:36.085712+00,"{""auto_repair"": true, ""stock_move_id"": ""fa78c4e0-249e-4c4a-81dd-72a92436d261""}"
a19c0a15-15d9-4d0d-97d4-41db3b4dee31,e646adf3-e04a-4919-8dd4-d53927f5584b,-1000,90.85300729482711,-90853.00729482711,0,0,Sale,Auto-Repair: Sale Move for 10,2026-04-11 06:42:38.73877+00,"{""auto_repair"": true, ""stock_move_id"": ""881df8ec-f7d9-4b2f-a71e-1c426415bc62""}"
646a6ab9-2c52-4e86-900b-a75b20ed7a26,d23536f3-0d86-4dcd-934e-9085566d4dc7,-1450,5.7466717383035375,-8332.67402054013,0,0,Adjustment,Auto-Repair: Adjustment Move for Standard,2026-04-11 06:42:41.31399+00,"{""auto_repair"": true, ""stock_move_id"": ""2eb46d2b-fe23-47da-ba96-e032dfd5eaa7""}"
90784e03-93b8-4ffd-ba17-a3a749593263,e560c8fd-332b-48cb-b7de-125a590bcb0c,1280,88.80139897160952,113665.79068366018,0,0,Conversion,Auto-Repair: Conversion Move for 80,2026-04-11 06:42:17.889525+00,"{""invalidated_by"": ""VAL-RESET-20260430-3716""}"
b7aa8c0a-d007-4bf3-b7a1-ac42b355df11,e646adf3-e04a-4919-8dd4-d53927f5584b,-1960,90.85300729482711,-178071.89429786114,0,0,Sale,Auto-Repair: Sale Move for 10,2026-04-11 06:42:48.832336+00,"{""auto_repair"": true, ""stock_move_id"": ""9f5503c9-e9d5-4b3b-8b44-72d72b71daba""}"
0c22c272-7d9e-4d21-a38a-8bdb63b346f2,085c173e-052c-4022-8a90-be5c0ba7b627,-5,78.88704005207522,-394.4352002603761,0,0,Sale,Auto-Repair: Sale Move for 5,2026-04-11 06:42:51.284555+00,"{""auto_repair"": true, ""stock_move_id"": ""6d3aaf7c-6d25-4bc3-9a34-94d16b5b4225""}"
b493add4-99dd-442d-af4d-42ff8f981996,a6707819-7f9c-4968-ad8e-badfec24bef2,-4000,89.572379064604,-358289.516258416,0,0,Sale,Auto-Repair: Sale Move for 20,2026-04-11 06:42:53.770773+00,"{""auto_repair"": true, ""stock_move_id"": ""9dc3e13b-feb0-413e-8671-be7b9c276862""}"
e4841ef3-5eec-4394-9280-629e2dfceb1b,a6707819-7f9c-4968-ad8e-badfec24bef2,-20,89.572379064604,-1791.4475812920798,0,0,Sale,Auto-Repair: Sale Move for 20,2026-04-11 06:42:56.619059+00,"{""auto_repair"": true, ""stock_move_id"": ""b8ef773e-408b-4331-ae12-6f42da807e69""}"
041638e6-7220-44e5-a891-d832d49b52c1,085c173e-052c-4022-8a90-be5c0ba7b627,20,78.88704005207522,1577.7408010415045,0,0,Production,Auto-Repair: Production Move for 5,2026-04-11 06:41:43.255823+00,"{""invalidated_by"": ""VAL-RESET-20260430-3716""}"
b0756fa9-dbff-4481-a16e-51eb6cadd478,102e3e45-c488-4973-91c5-f62f51764ceb,923,20,18460,0,0,Initial,VAL-RESET-20260430-4422,2026-04-30 18:59:59.999+00,"{""invalidated_by"": ""VAL-RESET-20260430-2796""}"
5005291c-2c3c-4bc5-896e-8cf35770608b,2c981082-c3ab-47b1-99c3-c34fe22ee02c,6800,90.10922692546995,612742.7430931957,0,0.0000000000000000,Production,Auto-Repair: Production Move for 80,2026-04-11 06:41:48.134675+00,"{""auto_repair"": true, ""stock_move_id"": ""e68dbda2-5877-4bbe-93bc-70c3253ae4f9""}"
39ba4795-fc4f-4bf5-8961-cea963551561,18568477-1a69-413a-b5bd-94333c860750,5950,90.7341284885639,539868.0645069552,0,0.0000000000000000,Production,Auto-Repair: Production Move for 34,2026-04-11 06:41:40.814175+00,"{""auto_repair"": true, ""stock_move_id"": ""175ed000-a6e4-4dbb-bf13-60b231cc50a6""}"
492ab0be-b0ac-4818-8f03-5389ddbb50eb,29f97aa5-e538-4261-b69f-6b1a394015c9,10964,19,208316,0,0,Initial,VAL-RESET-20260430-4422,2026-04-30 18:59:59.999+00,"{""invalidated_by"": ""VAL-RESET-20260430-2796""}"
33f0afb8-e61c-44b5-88f8-4b75861f378d,2c981082-c3ab-47b1-99c3-c34fe22ee02c,2880,90.10922692546995,259514.57354535346,0,0.0000000000000000,Production,Auto-Repair: Production Move for 80,2026-04-11 06:42:15.288318+00,"{""auto_repair"": true, ""stock_move_id"": ""34f8845f-a386-4af2-b82e-5e16e2d051ea""}"
b996047f-2579-4d1a-9cfe-198e7adf252e,2c981082-c3ab-47b1-99c3-c34fe22ee02c,4000,90.10922692546995,360436.9077018798,0,0.0000000000000000,Production,Auto-Repair: Production Move for 80,2026-04-11 06:42:46.354847+00,"{""auto_repair"": true, ""stock_move_id"": ""9daf0027-5dde-4cd1-8ed2-3aa39f2f7d96""}"
e544353e-89ef-40d1-ba95-f4643ccd7039,b2f8974f-ab3c-4880-a03d-6d3b29d26c57,-73,12.806,-934.838,0,0,Production,Auto-Repair: Production Move for 10,2026-04-11 06:41:33.822529+00,"{""auto_repair"": true, ""stock_move_id"": ""c73d6c50-4872-41ab-86c6-dc708ae79e83""}"
3585fe79-f829-4491-865c-864c269b7612,98506d04-47db-4d74-847b-cf3122bc85ad,0,92.94306041555204,0,0,0,Initial,VAL-RESET-20260430-7477,2026-04-30 18:59:59.999+00,"{""reason"": ""Manual Valuation Override""}"
5707f92c-2ae3-4ba4-ab6d-d9ad8d9b8822,3fbbd2fb-4cd6-40e6-8856-26ef2c823bc5,0,92.94306041555204,0,0,0,Initial,VAL-RESET-20260430-4422,2026-04-30 18:59:59.999+00,"{""reason"": ""Manual Valuation Override""}"
19e7aafa-d689-458c-b005-81f43463ef1c,da5c9701-b165-4fcf-85ac-7d8abfba8e6b,-155,34.5,-5347.5,0,0,Production,Auto-Repair: Production Move for 34,2026-04-11 06:41:46.295238+00,"{""auto_repair"": true, ""stock_move_id"": ""32499f69-58d5-4cc0-8173-143c29b80ad1""}"
cf5a0077-ac42-4d1f-99e6-2e9907b12483,e6b304c1-06aa-4346-988a-bc1dfd29a613,0,0,0,0,0,Initial,VAL-RESET-20260430-4422,2026-04-30 18:59:59.999+00,"{""reason"": ""Manual Valuation Override""}"
f33542e5-ddeb-4661-8a17-a81b0fa28efd,b2f8974f-ab3c-4880-a03d-6d3b29d26c57,-441,12.806,-5647.446,0,0,Production,Auto-Repair: Production Move for 10,2026-04-11 06:41:53.561214+00,"{""auto_repair"": true, ""stock_move_id"": ""010d6ad8-30bf-41bf-8dc3-fc5d5afc703a""}"
81542855-dca5-4ee4-a08f-89813a010490,e646adf3-e04a-4919-8dd4-d53927f5584b,2000,90.85300729482711,181706.01458965422,0,0,Production,Auto-Repair: Production Move for 10,2026-04-11 06:42:30.246539+00,"{""invalidated_by"": ""VAL-RESET-20260430-3716""}"
5dcaf4ef-c82e-4982-b87b-055515f6b22f,a6707819-7f9c-4968-ad8e-badfec24bef2,4160,89.572379064604,372621.09690875263,0,0,Sale Return,Auto-Repair: Sale Return Move for 20,2026-04-11 06:41:48.729903+00,"{""invalidated_by"": ""VAL-RESET-20260430-3716""}"
3635a373-8268-4348-b7e8-96eca647943e,b2f8974f-ab3c-4880-a03d-6d3b29d26c57,-200,12.806,-2561.2,0,0,Production,Auto-Repair: Production Move for 10,2026-04-11 06:42:03.21955+00,"{""auto_repair"": true, ""stock_move_id"": ""a2d49845-1c32-46bb-8b9c-a187898c0e1f""}"
8b57dbeb-bae0-4336-8230-7f8a24406b14,0532897a-fd36-45a5-9f0f-d042367920ec,350,2,700,0,0.0000000000000000,Initial,VAL-RESET-20260430-4422,2026-04-30 18:59:59.999+00,"{""reason"": ""Manual Valuation Override""}"
10182456-c678-44c1-8ac4-997dae7282e0,2c981082-c3ab-47b1-99c3-c34fe22ee02c,-4800,90.10922692546995,-432524.2892422558,0,0,Sale,Auto-Repair: Sale Move for 80,2026-04-11 06:42:08.111243+00,"{""auto_repair"": true, ""stock_move_id"": ""0706a96b-eaab-4ac9-9532-7f1830fb2448""}"
ee5548e5-b2a9-4137-8ab4-bcbe849db1b7,1066c1db-bbd7-4256-a751-f5cbf463f8a3,-2250,91.05940159814038,-204883.65359581585,0,0,Sale,Auto-Repair: Sale Move for 15,2026-04-11 06:42:10.6718+00,"{""auto_repair"": true, ""stock_move_id"": ""22682a84-73a6-4351-9859-0c866d969cf3""}"
75d6e4cf-47e6-4ced-9f29-467f3ee7a76e,da5c9701-b165-4fcf-85ac-7d8abfba8e6b,-80,34.5,-2760,0,0,Production,Auto-Repair: Production Move for 34,2026-04-11 06:42:13.264811+00,"{""auto_repair"": true, ""stock_move_id"": ""af0c8ef3-d45f-42b2-a2a0-84ac1e68257a""}"
7f621a78-d5b5-4255-95b2-cc7b940e8295,6e635acf-ca3f-406a-9177-bdaa6406317e,-5,79.5280395676993,-397.6401978384965,0,0,Sale,Auto-Repair: Sale Move for 5,2026-04-11 06:42:15.955887+00,"{""auto_repair"": true, ""stock_move_id"": ""ad66be12-88e2-4f3c-b4a4-e6e742bf96f6""}"
00daa09c-df35-4529-9397-bef08de5b73e,8b945707-4cb1-4e34-8d12-92da06120bd2,-50,68.8071,-3440.3550000000005,0,0,Production,Auto-Repair: Production Move for 80,2026-04-11 06:42:18.625307+00,"{""auto_repair"": true, ""stock_move_id"": ""05a37e29-6a38-4a17-9305-7687c24f6cb3""}"
6772fb5b-dcf0-44d6-ba13-0b3f5e233cc2,a6707819-7f9c-4968-ad8e-badfec24bef2,100,89.572379064604,8957.2379064604,0,0,Conversion,Auto-Repair: Conversion Move for 20,2026-04-11 06:41:51.138719+00,"{""invalidated_by"": ""VAL-RESET-20260430-3716""}"
cc155fd3-ba16-47b9-a63a-02aa647a3fe6,1066c1db-bbd7-4256-a751-f5cbf463f8a3,-3000,91.05940159814038,-273178.20479442115,0,0,Sale,Auto-Repair: Sale Move for 15,2026-04-11 06:42:23.789861+00,"{""auto_repair"": true, ""stock_move_id"": ""9cab67a2-2bd7-4bcf-877f-db5b34e79ed4""}"
637111e2-d3a4-4fd2-bc33-8005846a2bed,2c981082-c3ab-47b1-99c3-c34fe22ee02c,-4800,90.10922692546995,-432524.2892422558,0,0,Sale,Auto-Repair: Sale Move for 80,2026-04-11 06:42:26.437374+00,"{""auto_repair"": true, ""stock_move_id"": ""3b141cc8-1f96-4309-bd13-74737557f5e0""}"
bb38b787-af53-4601-8bfa-2fda9d278361,5ffd5921-5ad2-4d30-b598-4337f1a39464,-2000,91.7865737665065,-183573.14753301302,0,0,Sale,Auto-Repair: Sale Move for 20,2026-04-11 06:42:28.992232+00,"{""auto_repair"": true, ""stock_move_id"": ""70de6733-8d48-4472-930b-90b8b31f1422""}"
eb584aff-aaa1-489f-82ae-920977fbe281,2c981082-c3ab-47b1-99c3-c34fe22ee02c,-480,90.10922692546995,-43252.428924225576,0,0,Sale,Auto-Repair: Sale Move for 80,2026-04-11 06:42:31.538163+00,"{""auto_repair"": true, ""stock_move_id"": ""6a86b32c-7558-4bc6-beef-906b6b1af594""}"
bb383347-122b-4ae2-9438-70232420df8b,2725799f-a307-4777-8b00-84f03278ab57,-84,24.377363532323745,-2047.6985367151947,0,0,Production,Auto-Repair: Production Move for 20,2026-04-11 06:42:34.092445+00,"{""auto_repair"": true, ""stock_move_id"": ""16f0ca40-97c0-4fac-b124-717cb44bb410""}"
9afa53f5-8d7f-4e96-83d4-f7badfd191aa,1066c1db-bbd7-4256-a751-f5cbf463f8a3,-1500,91.05940159814038,-136589.10239721058,0,0,Sale,Auto-Repair: Sale Move for 15,2026-04-11 06:42:36.718249+00,"{""auto_repair"": true, ""stock_move_id"": ""ead3c628-3c3f-471a-a757-8e43e6f67621""}"
3d36eaea-3199-45c5-906f-457322a6e1c7,a6707819-7f9c-4968-ad8e-badfec24bef2,-2200,89.572379064604,-197059.23394212878,0,0,Sale,Auto-Repair: Sale Move for 20,2026-04-11 06:42:39.383057+00,"{""auto_repair"": true, ""stock_move_id"": ""ffc08dd8-3797-4181-b9bf-3e221c68b638""}"
8cef4144-5d28-406f-855e-14c86b4092d8,a6707819-7f9c-4968-ad8e-badfec24bef2,-800,89.572379064604,-71657.9032516832,0,0,Sale,Auto-Repair: Sale Move for 20,2026-04-11 06:42:44.441651+00,"{""auto_repair"": true, ""stock_move_id"": ""f8fdbec6-114f-43c9-aefb-65c58f863fc8""}"
d5179a67-bab1-47d9-a379-7f398fb86a4e,d23536f3-0d86-4dcd-934e-9085566d4dc7,-37134,5.7466717383035375,-213396.90833016357,0,0,Production,Auto-Repair: Production Move for Standard,2026-04-11 06:42:46.974715+00,"{""auto_repair"": true, ""stock_move_id"": ""d31f33ff-a85a-4164-8532-f3a7b04f0871""}"
67f8d09a-59d3-4f26-9052-b61a6a7f84f8,8851e237-ca39-487c-a35f-e28fe711d32c,-250,89.04897811475156,-22262.24452868789,0,0,Sale,Auto-Repair: Sale Move for 50,2026-04-11 06:42:49.451216+00,"{""auto_repair"": true, ""stock_move_id"": ""21509392-1b93-485a-a30c-cf044105026c""}"
7a02ce6e-d9ed-4b22-b1c9-3afcaba364c9,18568477-1a69-413a-b5bd-94333c860750,5134,86.07506303973638,441909.37364600657,0,0.0000000000000000,Production,MO-2026-05-00047,2026-05-05 14:20:38.768634+00,{}
c9239d7f-4b60-47f6-9fcc-3d5dd922c97f,1066c1db-bbd7-4256-a751-f5cbf463f8a3,-2250,91.05940159814038,-204883.65359581585,0,0,Sale,Auto-Repair: Sale Move for 15,2026-04-11 06:42:54.393549+00,"{""auto_repair"": true, ""stock_move_id"": ""044d3d2f-e44a-42d6-85ff-c738f187526c""}"
291af482-93c9-4355-8ce1-c94ee0d9bd2f,d383d741-fa61-4537-9ef9-7fb74115ded0,457,17,7769,0,0,Initial,VAL-RESET-20260430-4422,2026-04-30 18:59:59.999+00,"{""invalidated_by"": ""VAL-RESET-20260430-2796""}"
f3eb5a9a-bbbb-4b6b-8204-0d2504b507c3,a6707819-7f9c-4968-ad8e-badfec24bef2,3000,89.572379064604,268717.137193812,0,0,Production,Auto-Repair: Production Move for 20,2026-04-11 06:42:05.67643+00,"{""invalidated_by"": ""VAL-RESET-20260430-3716""}"
63a39c8f-f3b3-407f-9d4e-256415c01b4a,18568477-1a69-413a-b5bd-94333c860750,5270,90.7341284885639,478168.8571347317,0,0.0000000000000000,Production,Auto-Repair: Production Move for 34,2026-04-11 06:42:21.221509+00,"{""auto_repair"": true, ""stock_move_id"": ""b39a075b-3335-4ccc-9f53-37695459db45""}"
387b266c-ae10-497c-9b34-fadbdbde5f4e,a6707819-7f9c-4968-ad8e-badfec24bef2,1200,89.572379064604,107486.85487752479,0,0,Sale Return,Auto-Repair: Sale Return Move for 20,2026-04-11 06:42:51.917493+00,"{""invalidated_by"": ""VAL-RESET-20260430-3716""}"
a11013c5-c4f4-4a2a-9fd8-c6c3bba99fdb,2c981082-c3ab-47b1-99c3-c34fe22ee02c,4800,90.10922692546995,432524.2892422558,0,0.0000000000000000,Adjustment,Auto-Repair: Adjustment Move for 80,2026-04-11 06:41:55.981183+00,"{""auto_repair"": true, ""stock_move_id"": ""44b383b2-4f0f-4459-9f8d-f3f6bc354b9e""}"
b646820b-e226-4cab-ab9f-aa8dafc8de81,2725799f-a307-4777-8b00-84f03278ab57,700,24.377363532323745,17064.154472626622,0,0,Adjustment,Auto-Repair: Adjustment Move for 20,2026-04-11 06:42:41.932639+00,"{""invalidated_by"": ""VAL-RESET-20260430-3716""}"
980e0da3-f1d2-457b-85c9-0350f1f05a4f,8b945707-4cb1-4e34-8d12-92da06120bd2,1315,68.8071,90481.3365,0,0,Purchase,Auto-Repair: Purchase Move for 80,2026-04-11 06:41:36.294329+00,"{""invalidated_by"": ""VAL-RESET-20260430-3716""}"
d8c29593-a926-43e5-9193-8fdeb0b5457b,2c981082-c3ab-47b1-99c3-c34fe22ee02c,3520,39.485268668066354,138988.14571159356,0,0,Production,MO-2026-04-00034,2026-04-18 09:46:51.227883+00,"{""invalidated_by"": ""VAL-RESET-20260430-3716""}"
7bef8ec4-fcb1-42f1-8dbd-d3d0f5cdc37c,a6707819-7f9c-4968-ad8e-badfec24bef2,-20,89.572379064604,-1791.4475812920798,0,0,Sale,Auto-Repair: Sale Move for 20,2026-04-11 06:43:00.487178+00,"{""auto_repair"": true, ""stock_move_id"": ""9dcbd401-5ec3-4f17-98a6-46637925b409""}"
6db4beb8-2baa-4f8f-85e9-2d7f12983a3b,a6707819-7f9c-4968-ad8e-badfec24bef2,-20,89.572379064604,-1791.4475812920798,0,0,Sale,Auto-Repair: Sale Move for 20,2026-04-11 06:43:02.996039+00,"{""auto_repair"": true, ""stock_move_id"": ""ba653d4d-d513-4985-9c8b-5f60b6d74855""}"
ee75d38a-3c72-4624-9de4-12576313b711,2c981082-c3ab-47b1-99c3-c34fe22ee02c,-1120,90.10922692546995,-100922.33415652635,0,0,Sale,Auto-Repair: Sale Move for 80,2026-04-11 06:43:05.452085+00,"{""auto_repair"": true, ""stock_move_id"": ""60f07a2b-056f-48e2-baa7-e19dada83c53""}"
589586c9-2a32-4839-948c-c8acdb3eebfe,2c981082-c3ab-47b1-99c3-c34fe22ee02c,-5600,90.10922692546995,-504611.6707826317,0,0,Sale,Auto-Repair: Sale Move for 80,2026-04-11 06:43:08.076654+00,"{""auto_repair"": true, ""stock_move_id"": ""515bc3d0-3010-4657-90b3-34e0750b19e0""}"
be2bb6e3-6955-406a-9212-517fe8af1ff7,8b945707-4cb1-4e34-8d12-92da06120bd2,-85,68.8071,-5848.6035,0,0,Production,Auto-Repair: Production Move for 80,2026-04-11 06:43:11.899125+00,"{""auto_repair"": true, ""stock_move_id"": ""163f2ae4-b533-44da-b387-0a23cd34f3e2""}"
7edb4269-2c51-4186-ba16-da4b63cd14da,e646adf3-e04a-4919-8dd4-d53927f5584b,1000,90.85300729482711,90853.00729482711,0,0,Sale Return,Auto-Repair: Sale Return Move for 10,2026-04-11 06:42:38.081887+00,"{""invalidated_by"": ""VAL-RESET-20260430-3716""}"
f8297222-9547-48a6-9ca1-20bc34db89f2,e646adf3-e04a-4919-8dd4-d53927f5584b,850,90.85300729482711,77225.05620060304,0,0,Production,Auto-Repair: Production Move for 10,2026-04-11 06:42:33.462216+00,"{""invalidated_by"": ""VAL-RESET-20260430-3716""}"
d1473333-78dd-48ff-a163-432d157666e2,a48054e2-5d92-4162-8afa-6a9565b697ea,105,107.5,11287.5,0,0.0000000000000000,Sale Return,SCN-2026-04-00095||/sales/credit-notes/b37ede61-7b57-4414-9ce4-9ccf6f593f82||line:3119cccc-e891-4dcc-a8db-71a5244e3140,2026-04-23 07:19:02.522154+00,{}
f01f4528-e4be-4fb2-a0c0-2a2cfac4e636,e646adf3-e04a-4919-8dd4-d53927f5584b,3000,90.85300729482711,272559.0218844813,0,0,Sale Return,Auto-Repair: Sale Return Move for 10,2026-04-11 06:41:38.811726+00,"{""invalidated_by"": ""VAL-RESET-20260430-3716""}"
e1fcc37a-823a-47af-9be0-190dfe3729ae,e646adf3-e04a-4919-8dd4-d53927f5584b,1680,90.85300729482711,152633.05225530954,0,0,Production,Auto-Repair: Production Move for 10,2026-04-11 06:41:43.869435+00,"{""invalidated_by"": ""VAL-RESET-20260430-3716""}"
17f4ffea-b3b4-4a83-bcf3-e2fa30cdeb4b,a40b07a6-2948-489d-8dec-5e206ba38989,227,20.100000000000005,4562.700000000001,0.0,0.000000000000000000000000000000,Conversion,CONV-1777093190860,2026-04-25 04:59:51.58735+00,{}
ba289949-ff8c-44a4-91f0-e2ed25bc494a,29f97aa5-e538-4261-b69f-6b1a394015c9,9064,16,145024,0,0,Initial,VAL-RESET-20260430-7477,2026-04-30 18:59:59.999+00,"{""invalidated_by"": ""VAL-RESET-20260430-4422""}"
99e47215-9163-4327-aea7-e653e82552bd,e646adf3-e04a-4919-8dd4-d53927f5584b,80,90.85300729482711,7268.240583586168,0,0,Sale Return,Auto-Repair: Sale Return Move for 10,2026-04-11 06:42:00.808762+00,"{""invalidated_by"": ""VAL-RESET-20260430-3716""}"
bb5e9ce9-d3a9-4bad-ad0d-cb254f153c5d,e646adf3-e04a-4919-8dd4-d53927f5584b,1000,90.85300729482711,90853.00729482711,0,0,Sale Return,Auto-Repair: Sale Return Move for 10,2026-04-11 06:44:02.051277+00,"{""invalidated_by"": ""VAL-RESET-20260430-3716""}"
a7098531-8a08-44ad-9961-003d4b24468b,e646adf3-e04a-4919-8dd4-d53927f5584b,1070,90.85300729482711,97212.717805465,0,0,Sale Return,Auto-Repair: Sale Return Move for 10,2026-04-11 06:44:04.544068+00,"{""invalidated_by"": ""VAL-RESET-20260430-3716""}"
6695cb60-b768-4f03-a52d-fefaf11a08c3,1066c1db-bbd7-4256-a751-f5cbf463f8a3,4965,39.485268668066354,196044.35893694946,0.0,0.00000000000000000000,Production,MO-2026-04-00034,2026-04-18 09:46:51.529689+00,{}
6092a502-6e2d-444b-8e5f-5a32a89c3932,e646adf3-e04a-4919-8dd4-d53927f5584b,1000,90.85300729482711,90853.00729482711,0,0,Sale Return,Auto-Repair: Sale Return Move for 10,2026-04-11 06:44:11.844833+00,"{""invalidated_by"": ""VAL-RESET-20260430-3716""}"
a50946fa-4243-4275-93d1-ac8632fd9248,e646adf3-e04a-4919-8dd4-d53927f5584b,1000,90.85300729482711,90853.00729482711,0,0,Sale Return,Auto-Repair: Sale Return Move for 10,2026-04-11 06:44:24.006156+00,"{""invalidated_by"": ""VAL-RESET-20260430-3716""}"
a187b969-fe88-416e-ac92-da685d818e6c,e646adf3-e04a-4919-8dd4-d53927f5584b,500,90.85300729482711,45426.503647413556,0,0,Sale Return,Auto-Repair: Sale Return Move for 10,2026-04-11 06:44:26.422361+00,"{""invalidated_by"": ""VAL-RESET-20260430-3716""}"
178a4e0a-5e2b-434b-8470-90a614ba4e2f,e646adf3-e04a-4919-8dd4-d53927f5584b,310,90.85300729482711,28164.432261396403,0,0,Sale Return,Auto-Repair: Sale Return Move for 10,2026-04-11 06:44:14.91202+00,"{""invalidated_by"": ""VAL-RESET-20260430-3716""}"
63ada92d-12ad-4e9d-8b3d-53ea74a93df7,e646adf3-e04a-4919-8dd4-d53927f5584b,40,90.85300729482711,3634.120291793084,0,0,Sale Return,Auto-Repair: Sale Return Move for 10,2026-04-11 06:44:22.202384+00,"{""invalidated_by"": ""VAL-RESET-20260430-3716""}"
d42df74c-37a8-4e51-a2c9-8548ef81a8b7,e646adf3-e04a-4919-8dd4-d53927f5584b,1000,90.85300729482711,90853.00729482711,0,0,Sale Return,Auto-Repair: Sale Return Move for 10,2026-04-11 06:44:31.872304+00,"{""invalidated_by"": ""VAL-RESET-20260430-3716""}"
c4557588-4a8b-40f5-95f1-f814d8e3397e,e646adf3-e04a-4919-8dd4-d53927f5584b,7850,90.85300729482711,713196.1072643928,0,0,Production,Auto-Repair: Production Move for 10,2026-04-11 06:44:44.120037+00,"{""invalidated_by"": ""VAL-RESET-20260430-3716""}"
95a49bb0-dc0d-4644-8e29-9f2da57653d1,e646adf3-e04a-4919-8dd4-d53927f5584b,920,90.85300729482711,83584.76671124094,0,0,Sale Return,Auto-Repair: Sale Return Move for 10,2026-04-11 06:44:10.63212+00,"{""invalidated_by"": ""VAL-RESET-20260430-3716""}"
ca844afe-fbdc-49e3-8b57-9a95e7394119,e646adf3-e04a-4919-8dd4-d53927f5584b,190,90.85300729482711,17262.07138601715,0,0,Sale Return,Auto-Repair: Sale Return Move for 10,2026-04-11 06:44:20.37456+00,"{""invalidated_by"": ""VAL-RESET-20260430-3716""}"
0c8cf1ca-6f29-4a6d-9874-9e115285480e,e646adf3-e04a-4919-8dd4-d53927f5584b,1700,90.85300729482711,154450.11240120608,0,0,Production,Auto-Repair: Production Move for 10,2026-04-11 06:44:39.84417+00,"{""invalidated_by"": ""VAL-RESET-20260430-3716""}"
3c13bd4d-39f9-4409-bf61-ba7420bc823f,e646adf3-e04a-4919-8dd4-d53927f5584b,110,90.85300729482711,9993.830802430983,0,0,Sale Return,Auto-Repair: Sale Return Move for 10,2026-04-11 06:44:06.393525+00,"{""invalidated_by"": ""VAL-RESET-20260430-3716""}"
4449772b-9894-4556-9159-cbc35fbcb01d,e646adf3-e04a-4919-8dd4-d53927f5584b,80,90.85300729482711,7268.240583586168,0,0,Sale Return,Auto-Repair: Sale Return Move for 10,2026-04-11 06:44:08.817261+00,"{""invalidated_by"": ""VAL-RESET-20260430-3716""}"
c0194bfe-15dd-4451-9410-040706a1093c,e646adf3-e04a-4919-8dd4-d53927f5584b,1890,90.85300729482711,171712.18378722324,0,0,Production,Auto-Repair: Production Move for 10,2026-04-11 06:44:33.091684+00,"{""invalidated_by"": ""VAL-RESET-20260430-3716""}"
20f691cf-3b2c-42a2-b2d6-5c5ee2622c96,e646adf3-e04a-4919-8dd4-d53927f5584b,2430,90.85300729482711,220772.80772642986,0,0,Production,Auto-Repair: Production Move for 10,2026-04-11 06:44:50.582725+00,"{""invalidated_by"": ""VAL-RESET-20260430-3716""}"
65e44479-3d3d-4d07-96fd-28fbeaa02bb9,e646adf3-e04a-4919-8dd4-d53927f5584b,920,90.85300729482711,83584.76671124094,0,0,Sale Return,Final Cleanup: Sale Return for 10,2026-04-11 07:02:26.116194+00,"{""invalidated_by"": ""VAL-RESET-20260430-3716""}"
7e6eb721-1e64-4c3a-b09e-849a0a10d3ce,e646adf3-e04a-4919-8dd4-d53927f5584b,1000,90.85300729482711,90853.00729482711,0,0,Sale Return,Final Cleanup: Sale Return for 10,2026-04-11 07:02:48.90129+00,"{""invalidated_by"": ""VAL-RESET-20260430-3716""}"
c4a16cb5-9641-4547-bc3f-c9610b9864b1,e646adf3-e04a-4919-8dd4-d53927f5584b,7850,90.85300729482711,713196.1072643928,0,0,Production,Final Cleanup: Production for 10,2026-04-11 07:03:02.09234+00,"{""invalidated_by"": ""VAL-RESET-20260430-3716""}"
fcd692aa-65fc-4b3d-85f7-0bdbb53b00b2,e646adf3-e04a-4919-8dd4-d53927f5584b,500,90.85300729482711,45426.503647413556,0,0,Sale Return,Final Cleanup: Sale Return for 10,2026-04-11 07:02:42.999544+00,"{""invalidated_by"": ""VAL-RESET-20260430-3716""}"
ae92a182-f408-4527-9d05-56d5912bc473,e646adf3-e04a-4919-8dd4-d53927f5584b,400,90.85300729482711,36341.202917930845,0,0,Sale Return,Final Cleanup: Sale Return for 10,2026-04-11 07:02:10.972594+00,"{""invalidated_by"": ""VAL-RESET-20260430-3716""}"
cf0de5c5-f802-44eb-9a5a-c731022dfe2c,18568477-1a69-413a-b5bd-94333c860750,4964,93.02136891492532,461758.07529368927,0,0,Production,MO-2026-04-00042,2026-04-28 12:17:00.730703+00,"{""invalidated_by"": ""VAL-RESET-20260430-3716""}"
e00164f5-b83c-4217-84df-cd831237f954,2c981082-c3ab-47b1-99c3-c34fe22ee02c,4800,93.02136891492532,446502.57079164154,0,0,Production,MO-2026-04-00042,2026-04-28 12:17:00.309559+00,"{""invalidated_by"": ""VAL-RESET-20260430-3716""}"
5c02900f-dfb4-4cb7-9761-834f6662337f,0532897a-fd36-45a5-9f0f-d042367920ec,350,2,700,0,0,Adjustment,Auto-Repair: Adjustment Move for Standard,2026-04-11 06:42:57.886746+00,"{""invalidated_by"": ""VAL-RESET-20260430-3716""}"
57e28eed-f3d6-4490-9caf-ce1f55930911,1066c1db-bbd7-4256-a751-f5cbf463f8a3,6000,84.91540616239416,509492.436974365,0.0,0.00000000000000000000000000000,Adjustment,DELETED: INV-2026-04-00390 (was reversed),2026-04-30 15:03:53.824566+00,"{""note"": ""Parent document deleted after reversal"", ""deleted_at"": ""2026-04-30T20:04:10.000Z"", ""original_id"": ""ced7c53c-ce34-4a82-afdc-7c30542d69fa"", ""original_type"": ""invoice""}"
bcc14c79-9de4-4eeb-814b-14c8f05fdef1,937ec71e-d35e-4c0a-b48a-7e72d77e86c1,0.5,43.852041687218986,21.926020843609493,0,0,Initial,VAL-RESET-20260430-3716,2026-04-30 18:59:59.999+00,"{""invalidated_by"": ""VAL-RESET-20260430-7477""}"
b070c443-0b2d-4b56-ab30-d38ad2a972af,5ffd5921-5ad2-4d30-b598-4337f1a39464,-2000,91.7865737665065,-183573.14753301302,0,0,Sale,Auto-Repair: Sale Move for 20,2026-04-11 06:43:03.601556+00,"{""auto_repair"": true, ""stock_move_id"": ""115ffa43-0e79-46fb-b25b-f14815b4d9d5""}"
a76af70a-4d49-4892-9dfe-a479197e4685,3fbbd2fb-4cd6-40e6-8856-26ef2c823bc5,-3750,90.76618192545611,-340373.18222046044,0,0,Sale,Auto-Repair: Sale Move for 15,2026-04-11 06:43:06.078679+00,"{""auto_repair"": true, ""stock_move_id"": ""f5672223-b329-49e8-b157-2f9687c96add""}"
c1b1c94e-6416-4cc2-aa84-0872cd59e783,a6707819-7f9c-4968-ad8e-badfec24bef2,-40,89.572379064604,-3582.8951625841596,0,0,Sale,Auto-Repair: Sale Move for 20,2026-04-11 06:43:09.691748+00,"{""auto_repair"": true, ""stock_move_id"": ""82eed5e1-7ebb-4de4-ba65-ffc01f759bd5""}"
14f22d27-f509-4dc9-915e-fc9aef52551d,e646adf3-e04a-4919-8dd4-d53927f5584b,260,90.85300729482711,23621.781896655048,0,0,Sale Return,Auto-Repair: Sale Return Move for 10,2026-04-11 06:43:01.114983+00,"{""invalidated_by"": ""VAL-RESET-20260430-3716""}"
51cbd591-6cb0-4042-b24f-02babe7fbc5d,8851e237-ca39-487c-a35f-e28fe711d32c,1400,89.04897811475156,124668.56936065218,0,0.0000000000000000,Production,Auto-Repair: Production Move for 50,2026-04-11 06:42:58.516803+00,"{""auto_repair"": true, ""stock_move_id"": ""3b9abadd-8a8f-4ce7-bec9-86166a04f91c""}"
7d492f95-10f7-4b83-8744-80c6e58298ba,e646adf3-e04a-4919-8dd4-d53927f5584b,1000,90.85300729482711,90853.00729482711,0,0,Sale Return,Final Cleanup: Sale Return for 10,2026-04-11 07:02:14.502217+00,"{""invalidated_by"": ""VAL-RESET-20260430-3716""}"
f6b0b031-9f36-4cd7-b013-97db9e79629d,e646adf3-e04a-4919-8dd4-d53927f5584b,80,90.85300729482711,7268.240583586168,0,0,Sale Return,Final Cleanup: Sale Return for 10,2026-04-11 07:02:24.215328+00,"{""invalidated_by"": ""VAL-RESET-20260430-3716""}"
afeeb620-2c6f-4657-b191-9c91faca44ad,e646adf3-e04a-4919-8dd4-d53927f5584b,1000,90.85300729482711,90853.00729482711,0,0,Sale Return,Final Cleanup: Sale Return for 10,2026-04-11 07:02:27.424043+00,"{""invalidated_by"": ""VAL-RESET-20260430-3716""}"
ae74278d-1f46-472b-a91d-a52c951d8a15,e646adf3-e04a-4919-8dd4-d53927f5584b,310,90.85300729482711,28164.432261396403,0,0,Sale Return,Final Cleanup: Sale Return for 10,2026-04-11 07:02:30.693395+00,"{""invalidated_by"": ""VAL-RESET-20260430-3716""}"
3d505d90-86b4-4b6f-bd53-5bd2371dec78,e646adf3-e04a-4919-8dd4-d53927f5584b,1000,90.85300729482711,90853.00729482711,0,0,Sale Return,Final Cleanup: Sale Return for 10,2026-04-11 07:02:40.36706+00,"{""invalidated_by"": ""VAL-RESET-20260430-3716""}"
b4a5e959-025a-451a-8504-e7d83e51719f,1066c1db-bbd7-4256-a751-f5cbf463f8a3,12285,91.05940159814038,1118664.7486331547,0,0.0000000000000000,Production,Auto-Repair: Production Move for 15,2026-04-11 06:39:54.205893+00,"{""auto_repair"": true, ""stock_move_id"": ""25c46b6b-e423-4194-896b-b87acc8c9f8b""}"
bafe6ae6-726f-4137-aaf0-510e96d24df0,b2f8974f-ab3c-4880-a03d-6d3b29d26c57,4369,12.806,55949.414,0,0,Initial,VAL-RESET-20260430-4422,2026-04-30 18:59:59.999+00,"{""invalidated_by"": ""VAL-RESET-20260430-2796""}"
5a436bd6-fcdd-4f3d-bc6d-4b56a7830183,e646adf3-e04a-4919-8dd4-d53927f5584b,1890,90.85300729482711,171712.18378722324,0,0,Production,Final Cleanup: Production for 10,2026-04-11 07:02:50.247849+00,"{""invalidated_by"": ""VAL-RESET-20260430-3716""}"
76c9f228-9ac9-4659-b829-9f72813c3e7b,e646adf3-e04a-4919-8dd4-d53927f5584b,2430,90.85300729482711,220772.80772642986,0,0,Production,Final Cleanup: Production for 10,2026-04-11 07:03:09.934206+00,"{""invalidated_by"": ""VAL-RESET-20260430-3716""}"
a3ec313b-64e3-4d1e-936b-03d846c7951b,e646adf3-e04a-4919-8dd4-d53927f5584b,2140,90.85300729482711,194425.43561093,0,0,Production,Final Cleanup: Production for 10,2026-04-11 07:03:13.144325+00,"{""invalidated_by"": ""VAL-RESET-20260430-3716""}"
e0dac5d9-4f78-4a94-a803-fee5e32895f9,d23536f3-0d86-4dcd-934e-9085566d4dc7,33650.1,92.51294498381877,3113069.8499999996,0.0,0.0000000000000000000000000000000000000000000000000000000000000000000000000000000000,Purchase,Bill 5a1b6025,2026-04-20 07:00:00+00,{}
09cc78bf-5f1b-4266-941f-45c517952883,18568477-1a69-413a-b5bd-94333c860750,6834,90.7341284885639,620077.0340908457,0,0.0000000000000000,Production,Auto-Repair: Production Move for 34,2026-04-11 06:43:12.506276+00,"{""auto_repair"": true, ""stock_move_id"": ""1cc1704a-3b6f-4a03-9692-1159251c4bc2""}"
d5cf4183-e99e-4ea2-8d94-05ce0591f258,e646adf3-e04a-4919-8dd4-d53927f5584b,1700,90.85300729482711,154450.11240120608,0,0,Production,Final Cleanup: Production for 10,2026-04-11 07:02:57.4949+00,"{""invalidated_by"": ""VAL-RESET-20260430-3716""}"
39d83eb4-8ee4-4904-92f4-b994a2a47b68,e646adf3-e04a-4919-8dd4-d53927f5584b,1000,90.85300729482711,90853.00729482711,0,0,Sale Return,Final Cleanup: Sale Return for 10,2026-04-11 07:02:12.297364+00,"{""invalidated_by"": ""VAL-RESET-20260430-3716""}"
76fad78d-18e8-40bc-b3c3-3aba9fec5e6a,a40b07a6-2948-489d-8dec-5e206ba38989,338,20.100000000000005,6793.800000000002,0.0,0.0000000000000000000000000000000000,Conversion,CONV-1777449382044,2026-04-29 07:56:22.845788+00,{}
5a339873-8d1f-48cd-9085-a589e3b93732,e646adf3-e04a-4919-8dd4-d53927f5584b,40,90.85300729482711,3634.120291793084,0,0,Sale Return,Final Cleanup: Sale Return for 10,2026-04-11 07:02:38.435774+00,"{""invalidated_by"": ""VAL-RESET-20260430-3716""}"
e04a7016-2e01-4e3a-9945-adb9b6197395,0532897a-fd36-45a5-9f0f-d042367920ec,350,2,700,0,0,Initial,VAL-RESET-20260430-6043,2026-04-30 18:59:59.999+00,"{""reason"": ""Historical Valuation Reset"", ""invalidated_by"": ""VAL-RESET-20260430-5898""}"
95aff2f1-55bd-4c31-9cae-e0ecd8b1a798,e646adf3-e04a-4919-8dd4-d53927f5584b,30,90.85496742817419,2725.6490228452258,0,0,Sale Return,SCN-2026-04-00075||/sales/credit-notes/8adc8469-5a5c-4ad1-be23-24215cd3c1ac||line:3f88fafb-ddcc-41f1-a488-503841b31221,2026-04-11 11:18:51.224915+00,"{""invalidated_by"": ""VAL-RESET-20260430-3716""}"
f9a5abd0-6b67-4f20-b25a-fb843e228cd2,5dc03d6b-a9fc-4d75-976b-db7afb556301,2388,12.89,30781.32,0,0,Initial,VAL-RESET-20260430-7477,2026-04-30 18:59:59.999+00,"{""invalidated_by"": ""VAL-RESET-20260430-4422""}"
06fd8202-ad67-462a-a278-551185270cc7,e646adf3-e04a-4919-8dd4-d53927f5584b,10,90.85873716581848,908.5873716581848,0,0,Sale Return,SCN-2026-04-00076||/sales/credit-notes/efd51b32-248a-4236-b6f5-bc142eeb815b||line:564130d6-5e0f-439a-b4d0-ce35a2c89e7e,2026-04-11 11:19:41.627462+00,"{""invalidated_by"": ""VAL-RESET-20260430-3716""}"
737d9745-8a19-41ec-bc68-df3978ae1bed,e646adf3-e04a-4919-8dd4-d53927f5584b,2060,90.85873716581848,187168.99856158608,0,0,Sale Return,SCN-2026-04-00078||/sales/credit-notes/a8fb0d58-4d4f-4835-bdc0-6c9840e189e2||line:cdfe81d4-a6e7-4323-a05b-2b1fe2681c36,2026-04-11 11:39:45.22117+00,"{""invalidated_by"": ""VAL-RESET-20260430-3716""}"
6229c978-2608-4398-814d-50f1018c0c48,e646adf3-e04a-4919-8dd4-d53927f5584b,2000,90.85880357902055,181717.6071580411,0,0,Sale Return,SCN-2026-04-00080||/sales/credit-notes/959d90e0-33df-4e69-b816-00f06de76cab||line:5c910246-eb13-41e4-b4e0-6a69febe9e7a,2026-04-11 12:14:42.693558+00,"{""invalidated_by"": ""VAL-RESET-20260430-3716""}"
0c375ae0-a943-4df9-9e0c-25b755d62b8e,3fbbd2fb-4cd6-40e6-8856-26ef2c823bc5,0,92.94306041555204,0,0,0,Initial,VAL-RESET-20260430-3716,2026-04-30 18:59:59.999+00,"{""reason"": ""Manual Valuation Override""}"
c4a33906-9e40-4fab-bb01-89442fd5d254,da5c9701-b165-4fcf-85ac-7d8abfba8e6b,1470,34.4,50568,0,0,Purchase,PO-2026-04-00046,2026-04-23 10:46:03.006956+00,"{""invalidated_by"": ""VAL-RESET-20260430-3716""}"
6418fd2a-c4f8-4170-844d-d290652f3648,8b945707-4cb1-4e34-8d12-92da06120bd2,715,69.2179,49490.7985,0,0,Purchase,PO-2026-04-00046,2026-04-23 10:46:02.224513+00,"{""invalidated_by"": ""VAL-RESET-20260430-3716""}"
71d00b9e-4880-4541-b64e-1bf7e40b6da4,65415ac9-fc97-471a-b17f-1340c7b1b55a,400,69.2179,27687.16,0,0,Purchase,PO-2026-04-00046,2026-04-23 10:46:02.604712+00,"{""invalidated_by"": ""VAL-RESET-20260430-3716""}"
b9320019-3f12-4f63-a758-fca10e2e308e,5ada25b4-2b36-4680-8cb5-7b6818230550,0,24.13,0,0,0,Initial,VAL-RESET-20260430-4422,2026-04-30 18:59:59.999+00,"{""reason"": ""Manual Valuation Override""}"
b2e876ca-eb4d-49fb-a229-b3671f2099c5,c8ca813c-e4be-428e-aef8-503eeeb948b7,1333,60,79980,0,0,Initial,VAL-RESET-20260430-7477,2026-04-30 18:59:59.999+00,"{""invalidated_by"": ""VAL-RESET-20260430-4422""}"
fc813fc1-78a3-4d0b-875f-6a8e48f07358,10f96fbf-6d9a-4dde-87da-c04faf2ae3f1,0,500,0,0,0,Initial,VAL-RESET-20260430-4422,2026-04-30 18:59:59.999+00,"{""reason"": ""Manual Valuation Override""}"
9570a0a0-91e2-4fb3-bef3-0e1f6dfd56cd,29f97aa5-e538-4261-b69f-6b1a394015c9,200,16,3200,0,0,Adjustment,DELETED: INV-2026-05-00420 (was reversed),2026-05-01 05:59:11.430621+00,"{""invalidated_by"": ""VAL-RESET-20260430-4422""}"
5232d246-c181-4ef8-a8b5-832356a4dc9d,e646adf3-e04a-4919-8dd4-d53927f5584b,10,42.05562624185954,420.55626241859545,0,0,Initial,VAL-RESET-20260430-3716,2026-04-30 18:59:59.999+00,"{""invalidated_by"": ""VAL-RESET-20260430-7477""}"
4b45a924-8f39-4c78-b8ce-39404ca49f0d,a6707819-7f9c-4968-ad8e-badfec24bef2,-3000,89.572379064604,-268717.137193812,0,0,Sale,Auto-Repair: Sale Move for 20,2026-04-11 06:43:01.748569+00,"{""auto_repair"": true, ""stock_move_id"": ""cfb0df07-8529-4731-b338-37e8ba0924c0""}"
b93ffa37-32c6-430f-a843-349c041f5412,65415ac9-fc97-471a-b17f-1340c7b1b55a,-130,25,-3250,0,0,Production,Auto-Repair: Production Move for 80,2026-04-11 06:43:04.213896+00,"{""auto_repair"": true, ""stock_move_id"": ""db91c1d3-1b06-4445-bc4f-024a8e56590d""}"
3d537719-5f51-4bbb-908e-d21ca0423178,8851e237-ca39-487c-a35f-e28fe711d32c,-5000,89.04897811475156,-445244.8905737578,0,0,Sale,Auto-Repair: Sale Move for 50,2026-04-11 06:43:10.292974+00,"{""auto_repair"": true, ""stock_move_id"": ""3378e18a-5cec-4142-b3fa-0b55d77d0dbe""}"
a747469e-decf-4f28-ae47-d3629cc234fd,a6707819-7f9c-4968-ad8e-badfec24bef2,5360,89.572379064604,480107.9517862774,0,0,Production,Auto-Repair: Production Move for 20,2026-04-11 06:42:59.208007+00,"{""invalidated_by"": ""VAL-RESET-20260430-3716""}"
1d1075f4-9788-4557-9f7d-dbf26d6bb1e7,a6707819-7f9c-4968-ad8e-badfec24bef2,3100,89.572379064604,277674.37510027236,0,0,Sale Return,Auto-Repair: Sale Return Move for 20,2026-04-11 06:43:06.694527+00,"{""invalidated_by"": ""VAL-RESET-20260430-3716""}"
bf084087-fef0-4547-8899-219aaaf8990f,ec766a71-38c2-45fb-a64f-7589897d89ae,0,89.5,0,0,0,Initial,VAL-RESET-20260430-3716,2026-04-30 18:59:59.999+00,"{""reason"": ""Manual Valuation Override""}"
f017fd77-4e42-4bbb-9e98-3712c6b407c1,d383d741-fa61-4537-9ef9-7fb74115ded0,400,0,0,0,0,Adjustment,DELETED: INV-2026-04-00403 (was reversed),2026-04-30 15:37:20.3519+00,"{""invalidated_by"": ""VAL-RESET-20260430-3716""}"
63943688-5819-4f4b-a1a9-3a0183783ba7,2c981082-c3ab-47b1-99c3-c34fe22ee02c,8480,90.10922692546995,764126.2443279852,0,0.0000000000000000,Production,Auto-Repair: Production Move for 80,2026-04-11 06:41:19.825458+00,"{""auto_repair"": true, ""stock_move_id"": ""c4c8e721-09a0-4e94-8cd9-8bfc91a31275""}"
53258c44-6172-4137-8765-5470e76e3cf7,2c981082-c3ab-47b1-99c3-c34fe22ee02c,480,86.07506303973638,41316.030259073465,480,41316.030259073465,Sale Return,SCN-2026-05-00101||/sales/credit-notes/e39d603f-b7c4-4d60-a393-f3aa190952e0||line:91315519-2a41-4ee1-82e3-9b6ae6ffed0c,2026-05-08 06:50:21.133013+00,{}
48f83229-7384-4a75-b2f0-9853c8b99c95,71747c3d-230b-4f6c-a3a5-80ca29120b16,730,4,2920,0,0.0000000000000000,Adjustment,DELETED: INV-2026-05-00420 (was reversed),2026-05-01 05:59:11.651287+00,"{""note"": ""Parent document deleted after reversal"", ""deleted_at"": ""2026-05-01T10:59:15.000Z"", ""original_id"": ""6d49a7cd-ff02-4455-936c-e57c354df0c3"", ""original_type"": ""invoice""}"
feb8be62-a526-4193-b2a8-945e26ae8a66,bc73ce5a-ee82-4283-99f6-46fdeaaca7d1,0,0,0,0,0,Initial,VAL-RESET-20260430-4422,2026-04-30 18:59:59.999+00,"{""reason"": ""Manual Valuation Override""}"
791a6fc8-d84a-4fea-b834-fd103fae70b5,085c173e-052c-4022-8a90-be5c0ba7b627,0,78.88704005207522,0,0,0,Initial,VAL-RESET-20260430-4422,2026-04-30 18:59:59.999+00,"{""reason"": ""Manual Valuation Override""}"
2ec202dc-8233-46c6-965e-fcb11d7459c2,8b945707-4cb1-4e34-8d12-92da06120bd2,715,69.2179,49490.7985,0,0,Purchase,Bill 4c005dd6,2026-04-23 07:00:00+00,"{""invalidated_by"": ""VAL-RESET-20260430-3716""}"
697e9757-0005-421c-91a4-a58b3ff6bcf7,18568477-1a69-413a-b5bd-94333c860750,5508,92.49131590180504,509442.16798714217,0,0,Production,MO-2026-04-00039,2026-04-25 05:09:51.66425+00,"{""invalidated_by"": ""VAL-RESET-20260430-3716""}"
c3725e71-5daf-4ac9-95cc-d3af738aa1cb,2c981082-c3ab-47b1-99c3-c34fe22ee02c,4800,92.49131590180504,443958.3163286642,0,0,Production,MO-2026-04-00039,2026-04-25 05:09:53.901046+00,"{""invalidated_by"": ""VAL-RESET-20260430-3716""}"
3278b714-c062-4cbe-af34-1d18fdd5f358,7228dd62-c775-4f2b-bc08-dda954f29958,10,92.49131590180504,924.9131590180504,0,0,Production,MO-2026-04-00039,2026-04-25 05:09:52.547107+00,"{""invalidated_by"": ""VAL-RESET-20260430-3716""}"
bf9386e4-24ad-4142-8ce7-aa302cc3373b,c6b76b35-74b4-4b7d-aa4d-e473698b2f81,40,92.49131590180504,3699.6526360722014,0,0.0000000000000000,Production,MO-2026-04-00039,2026-04-25 05:09:54.361967+00,{}
7beb8b93-db30-4ac9-a9fe-ef74850fb2ee,8851e237-ca39-487c-a35f-e28fe711d32c,4550,92.49131590180504,420835.4873532129,0,0,Production,MO-2026-04-00039,2026-04-25 05:09:52.334096+00,"{""invalidated_by"": ""VAL-RESET-20260430-3716""}"
2e6d515d-a404-436f-a9fe-109725045d42,25a20076-8468-420b-97f9-75c1f6275242,1580,92.49131590180504,146136.27912485195,0,0.0000000000000000,Production,MO-2026-04-00039,2026-04-25 05:09:54.150518+00,{}
98f690f7-b21f-4154-839f-28505dea582c,1066c1db-bbd7-4256-a751-f5cbf463f8a3,3405,92.49131590180504,314932.9306456462,0,0.000000000000000000000000000,Production,MO-2026-04-00039,2026-04-25 05:09:54.593966+00,{}
87a76571-ba5e-4b34-a2f4-7d4e58179938,e560c8fd-332b-48cb-b7de-125a590bcb0c,2640,92.49131590180504,244177.0739807653,0,0,Production,MO-2026-04-00039,2026-04-25 05:09:52.105232+00,"{""invalidated_by"": ""VAL-RESET-20260430-3716""}"
00899418-5dcf-4a6d-b5dc-070879b432b0,396eef73-791a-465c-ae17-b78505b08d5f,900,92.49131590180504,83242.18431162453,0,0,Production,MO-2026-04-00039,2026-04-25 05:09:51.887319+00,"{""invalidated_by"": ""VAL-RESET-20260430-3716""}"
c9625d1f-26af-4761-99d4-0ac057deeb04,d23536f3-0d86-4dcd-934e-9085566d4dc7,10865.25,86.25,937127.8125,0,0,Purchase,Bill 8d69964f,2026-04-23 07:00:00+00,"{""invalidated_by"": ""VAL-RESET-20260430-3716""}"
59343483-abb6-4b24-b467-cf9a0dd44b31,1066c1db-bbd7-4256-a751-f5cbf463f8a3,2595,86.07506303973638,223364.7885881159,0,0,Production,MO-2026-05-00047,2026-05-05 14:20:37.277092+00,"{""invalidated_by"": ""VAL-RESET-20260430-2796""}"
72e11e8d-a1a6-443b-8ced-cfd086668294,2c08642b-74ca-4429-acfa-8cb3911b39b3,3560,22,78320,0,0,Initial,VAL-RESET-20260430-4422,2026-04-30 18:59:59.999+00,"{""invalidated_by"": ""VAL-RESET-20260430-2796""}"
b0d3832f-a590-4537-ae16-312aca421271,2c981082-c3ab-47b1-99c3-c34fe22ee02c,21840,111.475,2434614,0,0,Initial,VAL-RESET-20260430-4422,2026-04-30 18:59:59.999+00,"{""invalidated_by"": ""VAL-RESET-20260430-2796""}"
0736b327-b91f-430e-b61e-10308e77f148,a6707819-7f9c-4968-ad8e-badfec24bef2,0,95.38,0,0,0,Initial,VAL-RESET-20260430-6043,2026-04-30 18:59:59.999+00,"{""reason"": ""Manual Valuation Override""}"
920f847c-ccd9-4a52-aa7a-9d2f5a60aac3,937ec71e-d35e-4c0a-b48a-7e72d77e86c1,0.5,86.75,43.375,0,0,Initial,VAL-RESET-20260331-7558,2026-03-31 18:59:59.999+00,"{""reason"": ""Historical Valuation Reset"", ""invalidated_by"": ""VAL-RESET-20260430-6043""}"
8c8b80be-6d50-4035-a56b-70b82cb35ddc,ff990ef7-9a5b-40bc-8f41-13d8ed0936cf,0,89.5,0,0,0,Initial,VAL-RESET-20260430-6043,2026-04-30 18:59:59.999+00,"{""reason"": ""Manual Valuation Override""}"
d8b76b34-f6e8-416f-807d-02195591174d,b5073451-3d7d-4bce-be2e-417dbe7209a4,0,89.5,0,0,0,Initial,VAL-RESET-20260430-6043,2026-04-30 18:59:59.999+00,"{""reason"": ""Manual Valuation Override""}"
e972b9d9-65ae-4dec-9e11-38f254edeea1,ec766a71-38c2-45fb-a64f-7589897d89ae,0,89.5,0,0,0,Initial,VAL-RESET-20260430-6043,2026-04-30 18:59:59.999+00,"{""reason"": ""Manual Valuation Override""}"
3e09809f-6c52-46ec-bb30-13bcca62761e,5ffd5921-5ad2-4d30-b598-4337f1a39464,0,91.7865737665065,0,0,0,Initial,VAL-RESET-20260430-6043,2026-04-30 18:59:59.999+00,"{""reason"": ""Manual Valuation Override""}"
c8e73e64-fa04-4b0f-b659-fd0fc0b6774e,dcb00b2e-ea89-4e17-b1bb-67e576da4e6d,0,91.27637784598132,0,0,0,Initial,VAL-RESET-20260430-6043,2026-04-30 18:59:59.999+00,"{""reason"": ""Manual Valuation Override""}"
63f2116c-5518-400f-9f33-72631fa85ea5,214c980f-de08-4c22-aa76-c6bab968483b,0,18.13,0,0,0,Initial,VAL-RESET-20260430-6043,2026-04-30 18:59:59.999+00,"{""reason"": ""Manual Valuation Override""}"
baa900ed-5113-40cd-ad08-506dede0ac62,9e331ef8-d768-4b45-8434-ed8adde48deb,325,22,7150,0,0,Initial,VAL-RESET-20260331-7558,2026-03-31 18:59:59.999+00,"{""reason"": ""Historical Valuation Reset"", ""invalidated_by"": ""VAL-RESET-20260430-6043""}"
b0afa8b6-f0e2-4862-bba1-34655c8b29f2,98506d04-47db-4d74-847b-cf3122bc85ad,450,91.54299412240378,41194.3473550817,0,0,Initial,VAL-RESET-20260331-7558,2026-03-31 18:59:59.999+00,"{""reason"": ""Historical Valuation Reset"", ""invalidated_by"": ""VAL-RESET-20260430-6043""}"
12540797-462c-41ee-9935-f02b6c76e7f9,1066c1db-bbd7-4256-a751-f5cbf463f8a3,90,95.38,8584.199999999999,0,0,Initial,VAL-RESET-20260430-6043,2026-04-30 18:59:59.999+00,"{""reason"": ""Historical Valuation Reset"", ""invalidated_by"": ""VAL-RESET-20260430-5898""}"
2a706821-c599-4a62-b124-b90fc36c1289,29a0bdd8-7ec8-49aa-94e2-3abc24a5fe6d,33741,20.1,678194.1000000001,0,0,Initial,VAL-RESET-20260430-6043,2026-04-30 18:59:59.999+00,"{""reason"": ""Historical Valuation Reset"", ""invalidated_by"": ""VAL-RESET-20260430-5898""}"
f10edb11-efaa-41bd-8def-2f680a880c26,1066c1db-bbd7-4256-a751-f5cbf463f8a3,-15,91.05940159814038,-1365.8910239721058,0,0,Sale,Auto-Repair: Sale Move for 15,2026-04-11 06:42:59.831925+00,"{""auto_repair"": true, ""stock_move_id"": ""11525288-a1f6-41f4-bb30-1c1c7d4d6d95""}"
7e1f6360-8e64-45f3-8835-a207eb9cfe30,7228dd62-c775-4f2b-bc08-dda954f29958,-5,78.88704005207522,-394.4352002603761,0,0,Sale,Auto-Repair: Sale Move for 5,2026-04-11 06:43:02.377391+00,"{""auto_repair"": true, ""stock_move_id"": ""b4b932cc-6a81-4d8b-9f42-f694ad1ba8d6""}"
1438d248-821f-4bda-913a-62daf2f1664c,14e494c5-f77b-44a0-904e-6030187b2a45,-40,91.7865737665065,-3671.4629506602605,0,0,Sale,Auto-Repair: Sale Move for 20,2026-04-11 06:43:04.831286+00,"{""auto_repair"": true, ""stock_move_id"": ""2854205a-5788-4987-8496-042b9c73c9e8""}"
dbbd63a1-24ab-4f10-ae12-7aee86e83436,e646adf3-e04a-4919-8dd4-d53927f5584b,-2000,90.85300729482711,-181706.01458965422,0,0,Sale,Auto-Repair: Sale Move for 10,2026-04-11 06:43:07.306935+00,"{""auto_repair"": true, ""stock_move_id"": ""7e9b295a-4bee-48a4-a142-529285d82147""}"
c53c72e0-8434-42aa-a6c7-eff044d42d50,e646adf3-e04a-4919-8dd4-d53927f5584b,-1000,90.85300729482711,-90853.00729482711,0,0,Sale,Auto-Repair: Sale Move for 10,2026-04-11 06:43:14.453753+00,"{""auto_repair"": true, ""stock_move_id"": ""12b0cdfd-2b81-451f-888a-67b678617a9f""}"
04e91a83-998b-4b13-a20c-fbaff3e97329,a6707819-7f9c-4968-ad8e-badfec24bef2,-5300,89.572379064604,-474733.60904240113,0,0,Sale,Auto-Repair: Sale Move for 20,2026-04-11 06:43:15.103971+00,"{""auto_repair"": true, ""stock_move_id"": ""514a07c8-601b-465d-a99f-cdad13bcde89""}"
97efe34e-f800-4b4d-9b24-ca529dfe54c6,6980162c-6553-41b7-8e80-4110c37c1ecc,0,0,0,0,0,Initial,VAL-RESET-20260430-4422,2026-04-30 18:59:59.999+00,"{""reason"": ""Manual Valuation Override""}"
4f1dc460-cc41-4460-9487-21b21bd32a32,a6707819-7f9c-4968-ad8e-badfec24bef2,-2000,89.572379064604,-179144.758129208,0,0,Sale,Auto-Repair: Sale Move for 20,2026-04-11 06:43:16.437165+00,"{""auto_repair"": true, ""stock_move_id"": ""bde15096-602d-46aa-8c5e-c5900a864b2b""}"
f3d1a21d-c2a1-406f-97bd-66648b279f2d,2c981082-c3ab-47b1-99c3-c34fe22ee02c,-1600,90.10922692546995,-144174.76308075193,0,0,Sale,Auto-Repair: Sale Move for 80,2026-04-11 06:43:17.032848+00,"{""auto_repair"": true, ""stock_move_id"": ""af1a9df4-0c95-443a-92cc-fcbf1a06be64""}"
1aac7d40-51c0-4be3-a56d-086945d053e2,2c981082-c3ab-47b1-99c3-c34fe22ee02c,-4000,90.10922692546995,-360436.9077018798,0,0,Sale,Auto-Repair: Sale Move for 80,2026-04-11 06:43:18.051177+00,"{""auto_repair"": true, ""stock_move_id"": ""014061a4-65f2-456e-8c3a-3d8782f749d3""}"
d588f90c-522f-4dab-9915-207220f0f12b,a6707819-7f9c-4968-ad8e-badfec24bef2,-80,89.572379064604,-7165.790325168319,0,0,Sale,Auto-Repair: Sale Move for 20,2026-04-11 06:43:18.662114+00,"{""auto_repair"": true, ""stock_move_id"": ""073261dc-b831-4a11-81bd-6594b3fe09ff""}"
06d74ea4-c5d0-4d43-9873-7f22ba710450,e646adf3-e04a-4919-8dd4-d53927f5584b,1900,90.85300729482711,172620.7138601715,0,0,Production,Auto-Repair: Production Move for 10,2026-04-11 06:43:13.628095+00,"{""invalidated_by"": ""VAL-RESET-20260430-3716""}"
5cab466f-461c-4d52-9231-4ef91245c63b,b2f8974f-ab3c-4880-a03d-6d3b29d26c57,-190,12.806,-2433.14,0,0,Production,Auto-Repair: Production Move for 10,2026-04-11 06:43:20.991985+00,"{""auto_repair"": true, ""stock_move_id"": ""80ceb127-15aa-492e-8c96-0c3155414049""}"
639c1d71-96d8-4ebf-ac72-1e1861b32fa3,a6707819-7f9c-4968-ad8e-badfec24bef2,-960,89.572379064604,-85989.48390201983,0,0,Sale,Auto-Repair: Sale Move for 20,2026-04-11 06:43:21.629658+00,"{""auto_repair"": true, ""stock_move_id"": ""5c0e2df0-ee13-4588-8887-14ebb8e54f46""}"
27365f50-adf1-4ed4-afef-1e851740c04e,a6707819-7f9c-4968-ad8e-badfec24bef2,-1960,89.572379064604,-175561.86296662383,0,0,Sale,Auto-Repair: Sale Move for 20,2026-04-11 06:43:22.298489+00,"{""auto_repair"": true, ""stock_move_id"": ""1b814672-faa7-4daa-9604-3f144b99673a""}"
8d300a3a-69ad-487f-8e43-ddfdb7334e78,18568477-1a69-413a-b5bd-94333c860750,-714,90.7341284885639,-64784.16774083462,0,0,Sale,Auto-Repair: Sale Move for 34,2026-04-11 06:43:22.956207+00,"{""auto_repair"": true, ""stock_move_id"": ""0b423176-55c2-4cea-9362-b0d7a439f62c""}"
520ff3d1-7ea2-41c2-aa3f-06fab5d2c8b7,a6707819-7f9c-4968-ad8e-badfec24bef2,40,89.572379064604,3582.8951625841596,0,0,Production,Auto-Repair: Production Move for 20,2026-04-11 06:41:29.546319+00,"{""invalidated_by"": ""VAL-RESET-20260430-3716""}"
207063d4-7473-4e8e-8af0-ad73bb8fe87a,a6707819-7f9c-4968-ad8e-badfec24bef2,-800,89.572379064604,-71657.9032516832,0,0,Sale,Auto-Repair: Sale Move for 20,2026-04-11 06:43:24.83058+00,"{""auto_repair"": true, ""stock_move_id"": ""98dec1b4-13e1-4ebc-b2d2-f0db605435d1""}"
9ca2a3c5-8499-4ed4-aa35-d57cc3909dff,e560c8fd-332b-48cb-b7de-125a590bcb0c,-12800,88.80139897160952,-1136657.906836602,0,0,Sale,Auto-Repair: Sale Move for 80,2026-04-11 06:43:25.460004+00,"{""auto_repair"": true, ""stock_move_id"": ""9680b75d-95fa-4667-8dd8-dc977b7e868c""}"
096ff67e-eeb0-4982-9ac7-42a1ba4ce956,d23536f3-0d86-4dcd-934e-9085566d4dc7,-55020,5.7466717383035375,-316181.87904146063,0,0,Production,Auto-Repair: Production Move for Standard,2026-04-11 06:43:26.727197+00,"{""auto_repair"": true, ""stock_move_id"": ""a08b858c-d0fc-40bb-b7af-cbc65cf41435""}"
f75762e8-e7c6-454f-a307-8f587aba9e2e,65415ac9-fc97-471a-b17f-1340c7b1b55a,-175,25,-4375,0,0,Production,Auto-Repair: Production Move for 80,2026-04-11 06:43:27.328629+00,"{""auto_repair"": true, ""stock_move_id"": ""b002fa79-7532-4d75-9cb9-bb4d08e27ad5""}"
7f532e0b-d226-481c-a000-f060473a46f9,2725799f-a307-4777-8b00-84f03278ab57,-268,24.377363532323745,-6533.133426662764,0,0,Production,Auto-Repair: Production Move for 20,2026-04-11 06:43:27.928633+00,"{""auto_repair"": true, ""stock_move_id"": ""b808c1f6-43cb-4fc9-9230-c82433dfe9dd""}"
66095890-2806-4fe9-b4e0-8f9acb79298f,a6707819-7f9c-4968-ad8e-badfec24bef2,12080,89.572379064604,1082034.3391004163,0,0,Production,Auto-Repair: Production Move for 20,2026-04-11 06:41:44.497907+00,"{""invalidated_by"": ""VAL-RESET-20260430-3716""}"
82cf0434-eb79-4e54-884e-1b7044a2c0a2,e646adf3-e04a-4919-8dd4-d53927f5584b,-2000,90.85300729482711,-181706.01458965422,0,0,Sale,Auto-Repair: Sale Move for 10,2026-04-11 06:43:29.155749+00,"{""auto_repair"": true, ""stock_move_id"": ""f7ca0419-4767-4dd4-8ab5-485b91eeec96""}"
842a96fa-e9b5-49da-91fc-0b2326a78bcd,2c981082-c3ab-47b1-99c3-c34fe22ee02c,-2000,90.10922692546995,-180218.4538509399,0,0,Sale,Auto-Repair: Sale Move for 80,2026-04-11 06:43:29.781333+00,"{""auto_repair"": true, ""stock_move_id"": ""eb5e6378-3745-4fd4-8053-5a345968dc60""}"
35e6e6db-eb8b-4929-a284-384b13c65dad,e560c8fd-332b-48cb-b7de-125a590bcb0c,-12000,88.80139897160952,-1065616.7876593142,0,0,Sale,Auto-Repair: Sale Move for 80,2026-04-11 06:43:30.39443+00,"{""auto_repair"": true, ""stock_move_id"": ""092057d0-70d9-46f7-bc5b-c5da0b1fae90""}"
37142f10-22ff-48b4-96d9-86697a8e4326,71747c3d-230b-4f6c-a3a5-80ca29120b16,-6240,4,-24960,0,0,Sale,Auto-Repair: Sale Move for Standard,2026-04-11 06:43:31.023566+00,"{""auto_repair"": true, ""stock_move_id"": ""a2553652-a732-46fd-beb4-7ceb9a2b5e49""}"
d6ab68e3-9eb6-478d-8f35-97e80f1498e1,29f97aa5-e538-4261-b69f-6b1a394015c9,-12,25.746671738303537,-308.96006085964245,0,0,Sale,Auto-Repair: Sale Move for Standard,2026-04-11 06:43:31.622802+00,"{""auto_repair"": true, ""stock_move_id"": ""61604df1-b7fc-4dfb-ad8b-c6ce57c404ff""}"
8f6901bf-f31c-4060-8950-77366a890485,2c981082-c3ab-47b1-99c3-c34fe22ee02c,-1600,90.10922692546995,-144174.76308075193,0,0,Sale,Auto-Repair: Sale Move for 80,2026-04-11 06:43:32.222679+00,"{""auto_repair"": true, ""stock_move_id"": ""e5476eb3-c332-42b1-b5c9-e49977ed3687""}"
256b1240-f117-4d69-bd0b-af9a2907e45e,2c981082-c3ab-47b1-99c3-c34fe22ee02c,640,90.10922692546995,57669.90523230077,0,0.0000000000000000,Sale Return,Auto-Repair: Sale Return Move for 80,2026-04-11 06:43:23.573554+00,"{""auto_repair"": true, ""stock_move_id"": ""bf6c1f97-bdfe-4cf6-a67d-564cad4d9568""}"
e3086544-db4f-4bfe-b099-047079b81db6,a6707819-7f9c-4968-ad8e-badfec24bef2,3000,89.572379064604,268717.137193812,0,0,Sale Return,Auto-Repair: Sale Return Move for 20,2026-04-11 06:43:15.790955+00,"{""invalidated_by"": ""VAL-RESET-20260430-3716""}"
177a3123-337d-4253-828d-362bccc55c71,b2f8974f-ab3c-4880-a03d-6d3b29d26c57,299,12.806,3828.9939999999997,0,0,Adjustment,Auto-Repair: Adjustment Move for 10,2026-04-11 06:43:20.39308+00,"{""invalidated_by"": ""VAL-RESET-20260430-3716""}"
f35000a4-dfa8-4b2a-9801-2ba5de9954bc,2725799f-a307-4777-8b00-84f03278ab57,221,24.377363532323745,5387.397340643548,0,0,Adjustment,Auto-Repair: Adjustment Move for 20,2026-04-11 06:43:11.303716+00,"{""invalidated_by"": ""VAL-RESET-20260430-3716""}"
49ef9f0f-ce61-497b-a643-a88fdd0869ff,29f97aa5-e538-4261-b69f-6b1a394015c9,1000,25.746671738303537,25746.671738303536,0,0,Purchase,Auto-Repair: Purchase Move for Standard,2026-04-11 06:43:26.088256+00,"{""invalidated_by"": ""VAL-RESET-20260430-3716""}"
2fd03157-30ee-4f7d-a3da-27444b7f357b,71747c3d-230b-4f6c-a3a5-80ca29120b16,6240,4,24960,0,0,Adjustment,Auto-Repair: Adjustment Move for Standard,2026-04-11 06:43:24.192314+00,"{""invalidated_by"": ""VAL-RESET-20260430-3716""}"
e034c677-4eb0-4eef-984c-489daf5d9164,e646adf3-e04a-4919-8dd4-d53927f5584b,-1000,90.85300729482711,-90853.00729482711,0,0,Sale,Auto-Repair: Sale Move for 10,2026-04-11 06:43:32.83233+00,"{""auto_repair"": true, ""stock_move_id"": ""553032bc-4dc6-4edf-8184-e519f31f9308""}"
a033d1d6-9635-4ef8-a33e-b7ccf2bf9c8b,1066c1db-bbd7-4256-a751-f5cbf463f8a3,-2400,91.05940159814038,-218542.56383553692,0,0,Sale,Auto-Repair: Sale Move for 15,2026-04-11 06:43:37.7051+00,"{""auto_repair"": true, ""stock_move_id"": ""b62bf1ea-8ba6-4678-b9f6-5ca07ff7ca84""}"
c26dbed8-fe55-446f-9eda-d8cf28d92c02,a6707819-7f9c-4968-ad8e-badfec24bef2,-3000,89.572379064604,-268717.137193812,0,0,Sale,Auto-Repair: Sale Move for 20,2026-04-11 06:43:40.139222+00,"{""auto_repair"": true, ""stock_move_id"": ""393ca1ef-d907-4447-b925-d7205c8c3792""}"
4a3e3a2a-0239-462f-853e-e2c3f6eb3ea6,769513cc-c70d-41c0-9bb6-99b480841b4f,-195,20.1,-3919.5000000000005,0,0,Production,Auto-Repair: Production Move for 15,2026-04-11 06:43:42.561336+00,"{""auto_repair"": true, ""stock_move_id"": ""b1b3275e-2554-4b00-a634-fb706fb0b6dc""}"
3c19a46c-0f19-413f-88d6-7eccc0abec06,a6707819-7f9c-4968-ad8e-badfec24bef2,-1000,89.572379064604,-89572.379064604,0,0,Sale,Auto-Repair: Sale Move for 20,2026-04-11 06:43:45.049387+00,"{""auto_repair"": true, ""stock_move_id"": ""65ab0156-85db-4b1e-94d4-980f38d7410a""}"
02f406da-328d-464d-b228-70ad31e1a191,da5c9701-b165-4fcf-85ac-7d8abfba8e6b,-175,34.5,-6037.5,0,0,Production,Auto-Repair: Production Move for 34,2026-04-11 06:43:49.904694+00,"{""auto_repair"": true, ""stock_move_id"": ""9f5c7f5e-351a-4f9a-ad07-3f0b29daf0dc""}"
f646832c-5a07-4dc1-b0a0-d892eb787256,1066c1db-bbd7-4256-a751-f5cbf463f8a3,-1500,91.05940159814038,-136589.10239721058,0,0,Sale,Auto-Repair: Sale Move for 15,2026-04-11 06:43:52.311394+00,"{""auto_repair"": true, ""stock_move_id"": ""490bca34-7311-4710-adf6-df715a4a7b7c""}"
5c5c6744-21e0-448d-81bb-800531ded5b9,0532897a-fd36-45a5-9f0f-d042367920ec,5590,2,11180,0,0.0000000000000000,Adjustment,DELETED: INV-2026-05-00420 (was reversed),2026-05-01 05:59:11.861784+00,"{""note"": ""Parent document deleted after reversal"", ""deleted_at"": ""2026-05-01T10:59:15.000Z"", ""original_id"": ""6d49a7cd-ff02-4455-936c-e57c354df0c3"", ""original_type"": ""invoice""}"
bceedc7b-2507-418b-96f6-1f184cb8fee2,eed9f545-8ba6-4704-b22a-b49d8e0db874,0,0,0,0,0,Initial,VAL-RESET-20260430-4422,2026-04-30 18:59:59.999+00,"{""reason"": ""Manual Valuation Override""}"
9e486c10-99f4-44e6-8c8e-83a08892e725,4c46ce95-42bf-4f3d-beb8-123623d0fa76,0,77.91788781882175,0,0,0,Initial,VAL-RESET-20260430-4422,2026-04-30 18:59:59.999+00,"{""reason"": ""Manual Valuation Override""}"
f4aada52-292d-4993-9422-45328890bfb2,2c52647d-a84b-4dd5-b46b-02e3c9c4666c,0,0,0,0,0,Initial,VAL-RESET-20260430-4422,2026-04-30 18:59:59.999+00,"{""reason"": ""Manual Valuation Override""}"
5bac7214-896b-4e73-9b55-3f23c61812a8,c6b76b35-74b4-4b7d-aa4d-e473698b2f81,20,86.07506303973638,1721.5012607947276,0,0.0000000000000000,Production,MO-2026-05-00047,2026-05-05 14:20:37.58769+00,{}
e094136e-4eb3-4a17-b507-22864c222978,e646adf3-e04a-4919-8dd4-d53927f5584b,1000,90.85300729482711,90853.00729482711,0,0,Sale Return,Auto-Repair: Sale Return Move for 10,2026-04-11 06:43:59.616356+00,"{""invalidated_by"": ""VAL-RESET-20260430-3716""}"
99bcaf23-0ad1-41e9-bdba-4c618cd15831,2c981082-c3ab-47b1-99c3-c34fe22ee02c,400,86.07506303973638,34430.02521589455,400,34430.02521589455,Sale Return,SCN-2026-05-00102||/sales/credit-notes/8d1d91ef-43c3-4b86-8666-e3dd523ba8af||line:ebb7b18e-757c-47c0-abbe-045d5ffcd113,2026-05-08 06:52:28.33356+00,{}
ce1dbafa-5bed-4179-9c04-8b9035842509,a6707819-7f9c-4968-ad8e-badfec24bef2,2500,89.572379064604,223930.94766150997,0,0,Sale Return,Auto-Repair: Sale Return Move for 20,2026-04-11 06:43:54.728452+00,"{""invalidated_by"": ""VAL-RESET-20260430-3716""}"
81fa8cd4-0553-47b5-afe6-79cd6da4f8ec,d8a16b7d-84b2-4a78-8333-a02a4389a141,0,95.38,0,0,0,Initial,VAL-RESET-20260430-6043,2026-04-30 18:59:59.999+00,"{""reason"": ""Manual Valuation Override""}"
30700035-8ecc-4d6a-9ffd-80b3bdf5831e,c9697fe6-8ed3-4f78-afea-d12b5f645e53,0,95.38,0,0,0,Initial,VAL-RESET-20260430-6043,2026-04-30 18:59:59.999+00,"{""reason"": ""Manual Valuation Override""}"
67c5717e-82cc-483e-88eb-cec79cfc3a82,412aa341-e0a4-46bd-a236-57ae4776e21c,0,91.7865737665065,0,0,0,Initial,VAL-RESET-20260430-6043,2026-04-30 18:59:59.999+00,"{""reason"": ""Manual Valuation Override""}"
17a4cfd0-a0ce-4e20-87ae-ab6338bcf1aa,2c981082-c3ab-47b1-99c3-c34fe22ee02c,-800,90.10922692546995,-72087.38154037597,0,0,Sale,Auto-Repair: Sale Move for 80,2026-04-11 06:44:46.327456+00,"{""auto_repair"": true, ""stock_move_id"": ""7e803fcb-6ff5-4edd-876a-019f5feebaf7""}"
cae1d5e3-3b6a-4cc9-9a44-e8b9dbafb0b3,817c8b6f-3c49-47f5-998a-ff15033f6b86,0,89.5,0,0,0,Initial,VAL-RESET-20260430-6043,2026-04-30 18:59:59.999+00,"{""reason"": ""Manual Valuation Override""}"
47195c5b-56d9-4481-8847-3a8a11c96f38,5ffd5921-5ad2-4d30-b598-4337f1a39464,6120,91.7865737665065,561733.8314510199,0,0.0000000000000000,Production,MO-2026-04-00019,2026-04-09 13:06:03.827882+00,{}
03ce6c5a-fa89-49a4-90da-64a4b3a7bfb7,18568477-1a69-413a-b5bd-94333c860750,5134,90.7341284885639,465829.01566028706,0,0.0000000000000000,Production,Auto-Repair: Production Move for 34,2026-04-11 06:44:36.15158+00,"{""auto_repair"": true, ""stock_move_id"": ""53348ff1-daa8-4dd7-8f85-a743a382ec19""}"
a822ad5d-773d-4348-9ad6-8a620e7929e0,a6707819-7f9c-4968-ad8e-badfec24bef2,1800,89.572379064604,161230.2823162872,0,0,Sale Return,Auto-Repair: Sale Return Move for 20,2026-04-11 06:43:57.152751+00,"{""invalidated_by"": ""VAL-RESET-20260430-3716""}"
1e8085a5-aba2-4a73-954d-99ee896b7200,a6707819-7f9c-4968-ad8e-badfec24bef2,560,89.572379064604,50160.53227617824,0,0,Sale Return,Auto-Repair: Sale Return Move for 20,2026-04-11 06:44:07.007689+00,"{""invalidated_by"": ""VAL-RESET-20260430-3716""}"
20931076-582f-43bc-b73a-a289466f74df,a6707819-7f9c-4968-ad8e-badfec24bef2,60,89.572379064604,5374.342743876239,0,0,Sale Return,Auto-Repair: Sale Return Move for 20,2026-04-11 06:44:09.421852+00,"{""invalidated_by"": ""VAL-RESET-20260430-3716""}"
4838bb1c-512a-459c-a204-d2e5edf005fd,a6707819-7f9c-4968-ad8e-badfec24bef2,1720,89.572379064604,154064.49199111888,0,0,Sale Return,Auto-Repair: Sale Return Move for 20,2026-04-11 06:44:19.155307+00,"{""invalidated_by"": ""VAL-RESET-20260430-3716""}"
44a31bc1-c608-47c2-aefc-8324862ebd9b,a6707819-7f9c-4968-ad8e-badfec24bef2,5140,89.572379064604,460402.0283920645,0,0,Sale Return,Auto-Repair: Sale Return Move for 20,2026-04-11 06:44:28.827018+00,"{""invalidated_by"": ""VAL-RESET-20260430-3716""}"
123105a5-b039-447f-a456-1c0f0069236e,a6707819-7f9c-4968-ad8e-badfec24bef2,40,89.572379064604,3582.8951625841596,0,0,Sale Return,Auto-Repair: Sale Return Move for 20,2026-04-11 06:44:31.263808+00,"{""invalidated_by"": ""VAL-RESET-20260430-3716""}"
35f125e1-f2c0-409f-b985-b5707bfdd2a9,29f97aa5-e538-4261-b69f-6b1a394015c9,1100,25.746671738303537,28321.33891213389,0,0,Purchase,Auto-Repair: Purchase Move for Standard,2026-04-11 06:43:47.456479+00,"{""invalidated_by"": ""VAL-RESET-20260430-3716""}"
8c7848fc-14e9-4948-964e-f3cd1a76d175,2c981082-c3ab-47b1-99c3-c34fe22ee02c,2240,90.10922692546995,201844.6683130527,0,0,Sale Return,Auto-Repair: Sale Return Move for 80,2026-04-11 06:44:16.749668+00,"{""invalidated_by"": ""VAL-RESET-20260430-3716""}"
6ed3fe71-6d1e-4a0a-bec6-6e3e39434ab1,2c981082-c3ab-47b1-99c3-c34fe22ee02c,2480,90.10922692546995,223470.8827751655,0,0,Production,Auto-Repair: Production Move for 80,2026-04-11 06:44:38.611238+00,"{""invalidated_by"": ""VAL-RESET-20260430-3716""}"
47b7c271-9a1f-49ea-a1b7-6ba7c0aedce8,e560c8fd-332b-48cb-b7de-125a590bcb0c,14000,88.80139897160952,1243219.5856025333,0,0,Production,Auto-Repair: Production Move for 80,2026-04-11 06:43:35.277708+00,"{""invalidated_by"": ""VAL-RESET-20260430-3716""}"
3444778e-0060-4dcb-97a5-f58a9ece6715,e560c8fd-332b-48cb-b7de-125a590bcb0c,12640,88.80139897160952,1122449.6830011443,0,0,Sale Return,Auto-Repair: Sale Return Move for 80,2026-04-11 06:44:14.300181+00,"{""invalidated_by"": ""VAL-RESET-20260430-3716""}"
6a31a47f-eb9e-485e-8632-bc7a944119a7,e560c8fd-332b-48cb-b7de-125a590bcb0c,10000,88.80139897160952,888013.9897160952,0,0,Production,Auto-Repair: Production Move for 80,2026-04-11 06:44:41.067076+00,"{""invalidated_by"": ""VAL-RESET-20260430-3716""}"
e7733c78-5fe4-4936-a1c2-f6929fec53fe,e560c8fd-332b-48cb-b7de-125a590bcb0c,4000,88.80139897160952,355205.59588643804,0,0,Production,Auto-Repair: Production Move for 80,2026-04-11 06:44:48.753584+00,"{""invalidated_by"": ""VAL-RESET-20260430-3716""}"
e130550e-9591-4d37-b4c3-448fefd52f94,a2ecdf21-8089-4d7d-9497-4addbc48b90c,0,91.7865737665065,0,0,0,Initial,VAL-RESET-20260430-6043,2026-04-30 18:59:59.999+00,"{""reason"": ""Manual Valuation Override""}"
0eb2c0f6-1e3e-4821-9bd3-8840433475d7,93765798-ca54-496a-94c6-bb4f273bfe27,0,88.01913360401284,0,0,0,Initial,VAL-RESET-20260430-6043,2026-04-30 18:59:59.999+00,"{""reason"": ""Manual Valuation Override""}"
fc9b690f-acf6-4641-977d-9949282dfba0,e646adf3-e04a-4919-8dd4-d53927f5584b,1000,90.85300729482711,90853.00729482711,0,0,Sale Return,Auto-Repair: Sale Return Move for 10,2026-04-11 06:43:57.748047+00,"{""invalidated_by"": ""VAL-RESET-20260430-3716""}"
e5799179-150c-47d0-9849-4c4041547b49,769513cc-c70d-41c0-9bb6-99b480841b4f,-296,20.1,-5949.6,0,0,Production,Auto-Repair: Production Move for 15,2026-04-11 06:43:35.879606+00,"{""auto_repair"": true, ""stock_move_id"": ""0f98eab9-3617-4d98-afc8-734ca9641a79""}"
8ae2ba0e-0d70-4b20-9161-c7b807d28980,e646adf3-e04a-4919-8dd4-d53927f5584b,-500,90.85300729482711,-45426.503647413556,0,0,Sale,Auto-Repair: Sale Move for 10,2026-04-11 06:43:38.311214+00,"{""auto_repair"": true, ""stock_move_id"": ""0c8c4998-c89a-4610-9fa3-b28fa91e430d""}"
0061ce63-6955-49e8-aee7-ae3c7479c91b,e646adf3-e04a-4919-8dd4-d53927f5584b,240,90.85300729482711,21804.721750758505,0,0,Sale Return,Auto-Repair: Sale Return Move for 10,2026-04-11 06:44:07.608237+00,"{""invalidated_by"": ""VAL-RESET-20260430-3716""}"
5080e449-522a-4660-a1dc-23e52789742c,dcb00b2e-ea89-4e17-b1bb-67e576da4e6d,-3000,91.27637784598132,-273829.13353794394,0,0,Sale,Auto-Repair: Sale Move for 50,2026-04-11 06:43:43.231249+00,"{""auto_repair"": true, ""stock_move_id"": ""93b00116-d590-47df-a730-49641a073f78""}"
9a354b1e-43e1-47b7-bffb-6ee6c8f1291a,2c981082-c3ab-47b1-99c3-c34fe22ee02c,-1200,90.10922692546995,-108131.07231056395,0,0,Sale,Auto-Repair: Sale Move for 80,2026-04-11 06:43:45.653527+00,"{""auto_repair"": true, ""stock_move_id"": ""f80c3e15-989a-4a12-82d1-ae92456b3958""}"
81898500-7ab9-4258-90ff-b408a9a9013a,2725799f-a307-4777-8b00-84f03278ab57,-306,24.377363532323745,-7459.473240891066,0,0,Production,Auto-Repair: Production Move for 20,2026-04-11 06:43:48.06352+00,"{""auto_repair"": true, ""stock_move_id"": ""5e04ea41-10f1-4f03-863b-04e5cad629cd""}"
de83ec81-4261-42e4-987f-bc05f4556798,6e635acf-ca3f-406a-9177-bdaa6406317e,0,79.5280395676993,0,0,0,Initial,VAL-RESET-20260430-4422,2026-04-30 18:59:59.999+00,"{""reason"": ""Manual Valuation Override""}"
eae5d6f2-27ad-4dee-849b-691b505e136b,d9964e90-72ce-482b-8a17-7651628e223e,0,75,0,0,0,Initial,VAL-RESET-20260430-4422,2026-04-30 18:59:59.999+00,"{""reason"": ""Manual Valuation Override""}"
7bc18d17-2f1b-4e54-b54e-7d7ca9a34683,d23536f3-0d86-4dcd-934e-9085566d4dc7,35209.35,88.75,3124829.8125,0,0,Purchase,PO-2026-05-00058,2026-05-02 08:21:45.275065+00,"{""invalidated_by"": ""VAL-RESET-20260430-4422""}"
7972a4a0-9d5a-40b5-a053-e557469575e4,18568477-1a69-413a-b5bd-94333c860750,1632,85.01538941172062,138745.11551992805,0,0.0000000000000000,Adjustment,Adj Detail: Adjustment ,2026-05-05 15:27:08.237858+00,{}
e0d0101a-f551-4149-8de7-08e63de51e1e,25a20076-8468-420b-97f9-75c1f6275242,1580,86.07506303973638,135998.59960278348,0,0.0000000000000000,Adjustment,Rev: INV-2026-05-00445||/sales/invoices/7605b130-8e7b-4789-97de-01e9dc7e0de1,2026-05-07 08:36:27.5053+00,"{""reason"": ""Invoice Reset to Draft""}"
964eea48-ab8b-44d9-80a6-25cc1b539a99,e560c8fd-332b-48cb-b7de-125a590bcb0c,2400,100,240000,2400,240000,Sale Return,SCN-2026-05-00102||/sales/credit-notes/8d1d91ef-43c3-4b86-8666-e3dd523ba8af||line:0f84f8d3-79eb-4790-b56d-0495b98130e5,2026-05-08 06:52:28.55268+00,{}
32007326-82fb-459e-9fac-efb41bf31530,23da208c-c810-4bf1-89bd-4eb5a55cce5e,0,107.5,0,0,0,Initial,VAL-RESET-20260430-6043,2026-04-30 18:59:59.999+00,"{""reason"": ""Manual Valuation Override""}"
ac81b882-7489-4fe8-9a99-09f3bbdcd684,5ada25b4-2b36-4680-8cb5-7b6818230550,0,24.13,0,0,0,Initial,VAL-RESET-20260430-6043,2026-04-30 18:59:59.999+00,"{""reason"": ""Manual Valuation Override""}"
735a61fb-42cb-46bd-a72b-4876abb0083c,0825ad1f-baf7-4c6c-b9a8-df86095dac5c,31013,12.89,399757.57,0,0,Initial,VAL-RESET-20260331-7558,2026-03-31 18:59:59.999+00,"{""reason"": ""Historical Valuation Reset"", ""invalidated_by"": ""VAL-RESET-20260430-6043""}"
de8a99df-9623-431e-b2b8-1a039b15083c,a6707819-7f9c-4968-ad8e-badfec24bef2,5000,89.572379064604,447861.89532301994,0,0,Sale Return,Auto-Repair: Sale Return Move for 20,2026-04-11 06:43:55.338738+00,"{""invalidated_by"": ""VAL-RESET-20260430-3716""}"
0e11794f-3cb4-4e6b-90e6-58d1443729b4,a6707819-7f9c-4968-ad8e-badfec24bef2,4000,89.572379064604,358289.516258416,0,0,Sale Return,Auto-Repair: Sale Return Move for 20,2026-04-11 06:44:00.224479+00,"{""invalidated_by"": ""VAL-RESET-20260430-3716""}"
ec9d5d91-6fa3-4628-8ef1-100eb4d63f6a,b2f8974f-ab3c-4880-a03d-6d3b29d26c57,4369,12.806,55949.414,0,0,Initial,VAL-RESET-20260430-6043,2026-04-30 18:59:59.999+00,"{""reason"": ""Historical Valuation Reset"", ""invalidated_by"": ""VAL-RESET-20260430-5898""}"
8a403ea8-5e9c-4b70-acc9-52a122bc2cc3,a6707819-7f9c-4968-ad8e-badfec24bef2,-960,89.572379064604,-85989.48390201983,0,0,Sale,Auto-Repair: Sale Move for 20,2026-04-11 06:44:46.939662+00,"{""auto_repair"": true, ""stock_move_id"": ""6220865a-6a99-4d27-a347-40f1e949cb54""}"
600cbfd6-0fa7-4052-9e9b-b20869c71196,2940757a-5bfb-4470-88bb-7346e6738f71,5135,12.89,66190.15000000001,0,0,Initial,VAL-RESET-20260430-6043,2026-04-30 18:59:59.999+00,"{""reason"": ""Historical Valuation Reset"", ""invalidated_by"": ""VAL-RESET-20260430-5898""}"
e6b81fea-e23e-40ef-9ae6-b674bb58aa97,c96b657d-0bd6-4386-b94c-339c33714e3b,187,17.9,3347.2999999999997,0,0,Initial,VAL-RESET-20260430-6043,2026-04-30 18:59:59.999+00,"{""reason"": ""Historical Valuation Reset"", ""invalidated_by"": ""VAL-RESET-20260430-5898""}"
a9f60be7-2b58-414e-bb9f-f6e8536b6457,d23536f3-0d86-4dcd-934e-9085566d4dc7,525.45,5.7466717383035375,3019.588664891594,0.00,0.00000000000000000000000000000000000000000000,Purchase,Auto-Repair: Purchase Move for Standard,2026-04-11 06:43:33.44281+00,"{""auto_repair"": true, ""stock_move_id"": ""fc3b9173-64a5-4c20-8db8-856544a9f114""}"
cfe3d9bf-831d-4585-9e0a-20813672baa2,18568477-1a69-413a-b5bd-94333c860750,2992,90.7341284885639,271476.5124377832,0,0.0000000000000000,Production,Auto-Repair: Production Move for 34,2026-04-11 06:44:36.762352+00,"{""auto_repair"": true, ""stock_move_id"": ""5d825013-ac98-4b3b-acf0-db183ebefd7c""}"
69436659-77d4-4542-92d4-bc773ce2cffd,a6707819-7f9c-4968-ad8e-badfec24bef2,5220,89.572379064604,467567.81871723285,0,0,Sale Return,Auto-Repair: Sale Return Move for 20,2026-04-11 06:44:02.708857+00,"{""invalidated_by"": ""VAL-RESET-20260430-3716""}"
dd37b069-360b-49a4-b34a-2db2569f6f85,a6707819-7f9c-4968-ad8e-badfec24bef2,3920,89.572379064604,351123.72593324765,0,0,Sale Return,Auto-Repair: Sale Return Move for 20,2026-04-11 06:44:05.154685+00,"{""invalidated_by"": ""VAL-RESET-20260430-3716""}"
f823e04b-5e5f-4b24-862a-73f5c67c7147,a6707819-7f9c-4968-ad8e-badfec24bef2,1500,89.572379064604,134358.568596906,0,0,Sale Return,Auto-Repair: Sale Return Move for 20,2026-04-11 06:44:10.031376+00,"{""invalidated_by"": ""VAL-RESET-20260430-3716""}"
a35d324a-80e9-4793-b520-e0adae705e2a,a6707819-7f9c-4968-ad8e-badfec24bef2,4000,89.572379064604,358289.516258416,0,0,Sale Return,Auto-Repair: Sale Return Move for 20,2026-04-11 06:44:12.447621+00,"{""invalidated_by"": ""VAL-RESET-20260430-3716""}"
657586c5-45c2-40d9-94de-8bd22241d22e,a6707819-7f9c-4968-ad8e-badfec24bef2,820,89.572379064604,73449.35083297528,0,0,Sale Return,Auto-Repair: Sale Return Move for 20,2026-04-11 06:44:19.767114+00,"{""invalidated_by"": ""VAL-RESET-20260430-3716""}"
9b8e2ac5-fa01-4da9-83cd-f7449e7746ec,5ffd5921-5ad2-4d30-b598-4337f1a39464,4880,91.7865737665065,447918.47998055175,0,0,Production,Auto-Repair: Production Move for 20,2026-04-11 06:44:39.228453+00,"{""invalidated_by"": ""VAL-RESET-20260430-3716""}"
e972db92-bf61-45a2-bf35-4faaffd4e164,29f97aa5-e538-4261-b69f-6b1a394015c9,324,0,0,0,0,Purchase,Bill 9bc304aa,2026-04-15 07:00:00+00,"{""invalidated_by"": ""VAL-RESET-20260430-3716""}"
237a3d87-fc3d-44f3-83bc-5c01e5145e85,2c981082-c3ab-47b1-99c3-c34fe22ee02c,2000,90.10922692546995,180218.4538509399,0,0,Sale Return,Auto-Repair: Sale Return Move for 80,2026-04-11 06:43:52.913298+00,"{""invalidated_by"": ""VAL-RESET-20260430-3716""}"
ea1e85b1-4629-4b19-b86b-740bc016c77b,2c981082-c3ab-47b1-99c3-c34fe22ee02c,800,90.10922692546995,72087.38154037597,0,0,Sale Return,Auto-Repair: Sale Return Move for 80,2026-04-11 06:44:17.360308+00,"{""invalidated_by"": ""VAL-RESET-20260430-3716""}"
ab09cf49-550b-4665-a89c-e695c16e5a2b,2c981082-c3ab-47b1-99c3-c34fe22ee02c,4800,90.10922692546995,432524.2892422558,0,0,Production,Auto-Repair: Production Move for 80,2026-04-11 06:44:34.332823+00,"{""invalidated_by"": ""VAL-RESET-20260430-3716""}"
27377858-e912-4b25-b732-a3f53a2ee36a,2c981082-c3ab-47b1-99c3-c34fe22ee02c,1360,90.10922692546995,122548.54861863914,0,0,Production,Auto-Repair: Production Move for 80,2026-04-11 06:44:49.359064+00,"{""invalidated_by"": ""VAL-RESET-20260430-3716""}"
5bd439d7-414d-4851-bfd2-d41b4acf2cba,e560c8fd-332b-48cb-b7de-125a590bcb0c,7040,88.80139897160952,625161.8487601309,0,0,Production,Auto-Repair: Production Move for 80,2026-04-11 06:43:50.502451+00,"{""invalidated_by"": ""VAL-RESET-20260430-3716""}"
be32fe43-86a2-4953-b061-0a8df49a7b57,0825ad1f-baf7-4c6c-b9a8-df86095dac5c,31013,12.89,399757.57,0,0,Initial,VAL-RESET-20260430-6043,2026-04-30 18:59:59.999+00,"{""reason"": ""Historical Valuation Reset"", ""invalidated_by"": ""VAL-RESET-20260430-5898""}"
cb5147f5-fdad-4f2d-b487-94a65ec9083f,da5c9701-b165-4fcf-85ac-7d8abfba8e6b,-335,34.5,-11557.5,0,0,Production,Auto-Repair: Production Move for 34,2026-04-11 06:43:34.050535+00,"{""auto_repair"": true, ""stock_move_id"": ""bf6a1879-bb02-47b2-bedc-5f807bb7cdd2""}"
4601db17-106d-4b8c-bc1a-56bff7b97f8a,a6707819-7f9c-4968-ad8e-badfec24bef2,-3200,89.572379064604,-286631.6130067328,0,0,Sale,Auto-Repair: Sale Move for 20,2026-04-11 06:43:36.480062+00,"{""auto_repair"": true, ""stock_move_id"": ""112a1583-00d4-4f31-8d81-98eabd13de26""}"
5a3a8467-0639-41de-80d3-29790912a267,a6707819-7f9c-4968-ad8e-badfec24bef2,-80,89.572379064604,-7165.790325168319,0,0,Sale,Auto-Repair: Sale Move for 20,2026-04-11 06:43:38.914113+00,"{""auto_repair"": true, ""stock_move_id"": ""75a99654-76a8-4526-a301-5c8d954d2d68""}"
a9ae8bff-f886-414f-927f-c7f857684dea,769513cc-c70d-41c0-9bb6-99b480841b4f,-184,20.1,-3698.4,0,0,Production,Auto-Repair: Production Move for 15,2026-04-11 06:43:41.336865+00,"{""auto_repair"": true, ""stock_move_id"": ""d3d43fb5-4fb2-4c3d-a33e-27a315b54082""}"
b506c2a0-4564-429e-a405-63654b1f99a8,1066c1db-bbd7-4256-a751-f5cbf463f8a3,-2250,91.05940159814038,-204883.65359581585,0,0,Sale,Auto-Repair: Sale Move for 15,2026-04-11 06:43:43.821553+00,"{""auto_repair"": true, ""stock_move_id"": ""c79c19fb-f0ca-4091-bd00-bee7eff95a06""}"
9dc6e348-b986-441a-8b45-e9c9e7f0b426,085c173e-052c-4022-8a90-be5c0ba7b627,-5,78.88704005207522,-394.4352002603761,0,0,Sale,Auto-Repair: Sale Move for 5,2026-04-11 06:43:46.263154+00,"{""auto_repair"": true, ""stock_move_id"": ""fde05d71-c3b9-44a0-adbf-cea75131d425""}"
58dbdede-ef72-4a2d-b2c6-7605fe21cd0f,29f97aa5-e538-4261-b69f-6b1a394015c9,700,10,7000,0,0,Purchase,PO-2026-05-00058,2026-05-02 08:21:45.756759+00,"{""invalidated_by"": ""VAL-RESET-20260430-4422""}"
d3390c0c-e604-43f0-8d16-19f8c9d6aab7,2c981082-c3ab-47b1-99c3-c34fe22ee02c,6320,91.99434410737256,581404.2547585946,0,0,Production,MO-2026-05-00045,2026-05-02 13:43:52.47452+00,"{""invalidated_by"": ""VAL-RESET-20260430-4422""}"
273f910f-c8d3-4ef5-8900-1c892cf1cfe5,aa74113c-9bfa-4286-875a-82d02a6e0f47,0,71.86427591288245,0,0,0,Initial,VAL-RESET-20260430-2796,2026-04-30 18:59:59.999+00,"{""reason"": ""Manual Valuation Override""}"
5683c6be-f5d8-4fa2-b3e5-6d75a16c2efa,c6b76b35-74b4-4b7d-aa4d-e473698b2f81,0,71.55,0,0,0,Initial,VAL-RESET-20260430-2796,2026-04-30 18:59:59.999+00,"{""reason"": ""Manual Valuation Override""}"
8f54ff99-ef00-450e-b9ab-17465c414b7d,d8a16b7d-84b2-4a78-8333-a02a4389a141,0,71.55,0,0,0,Initial,VAL-RESET-20260430-2796,2026-04-30 18:59:59.999+00,"{""reason"": ""Manual Valuation Override""}"
faaeabb5-00d1-4669-8c91-220c4968610f,25a20076-8468-420b-97f9-75c1f6275242,948,86.07506303973638,81599.15976167009,0,0,Production,MO-2026-05-00047,2026-05-05 14:20:37.886798+00,"{""invalidated_by"": ""VAL-RESET-20260430-2796""}"
1166a822-7e1b-4081-abb5-0de2317d9692,c9697fe6-8ed3-4f78-afea-d12b5f645e53,0,71.55,0,0,0,Initial,VAL-RESET-20260430-2796,2026-04-30 18:59:59.999+00,"{""reason"": ""Manual Valuation Override""}"
a36afdcb-4e58-40bb-845a-aa138d0d9cbb,8851e237-ca39-487c-a35f-e28fe711d32c,9800,105.35,1032430,0,0,Initial,VAL-RESET-20260430-4422,2026-04-30 18:59:59.999+00,"{""invalidated_by"": ""VAL-RESET-20260430-2796""}"
ffb35743-1b31-40fa-811f-6a8978c1b3e3,d23536f3-0d86-4dcd-934e-9085566d4dc7,137352,90,12361680,0,0,Initial,VAL-RESET-20260430-4422,2026-04-30 18:59:59.999+00,"{""invalidated_by"": ""VAL-RESET-20260430-2796""}"
c235922a-ac98-42a1-8881-21b97afd9455,1066c1db-bbd7-4256-a751-f5cbf463f8a3,2520,71.55,180306,0,0,Initial,VAL-RESET-20260430-2796,2026-04-30 18:59:59.999+00,"{""invalidated_by"": ""VAL-RESET-20260331-7558""}"
eb3bae9f-eb9c-4c8c-a852-11123bb81b96,25a20076-8468-420b-97f9-75c1f6275242,948,86.07506303973638,81599.15976167009,0,0,Initial,VAL-RESET-20260430-2796,2026-04-30 18:59:59.999+00,"{""invalidated_by"": ""VAL-RESET-20260331-7558""}"
caaa1be2-47f7-44f4-b5fa-76eb7851bc08,e646adf3-e04a-4919-8dd4-d53927f5584b,450,90.85300729482711,40883.8532826722,0,0,Sale Return,Auto-Repair: Sale Return Move for 10,2026-04-11 06:43:55.942896+00,"{""invalidated_by"": ""VAL-RESET-20260430-3716""}"
5e9cdfe8-b09d-4fd9-8fef-a72d99c366cf,eed9f545-8ba6-4704-b22a-b49d8e0db874,0,0,0,0,0,Initial,VAL-RESET-20260331-7558,2026-03-31 18:59:59.999+00,"{""reason"": ""Manual Valuation Override""}"
ae853640-5477-42f9-b395-89f7d1ca658a,6e324c36-0f63-44fc-96d4-171f158706cb,0,92.94306041555204,0,0,0,Initial,VAL-RESET-20260331-7558,2026-03-31 18:59:59.999+00,"{""reason"": ""Manual Valuation Override""}"
9c4802ed-6aa7-4bfc-8575-a13e69564794,2c981082-c3ab-47b1-99c3-c34fe22ee02c,-400,90.10922692546995,-36043.69077018798,0,0,Sale,Auto-Repair: Sale Move for 80,2026-04-11 06:44:44.735208+00,"{""auto_repair"": true, ""stock_move_id"": ""00900b65-0b4b-4526-9f9b-b23a51a4f64c""}"
3fc617e7-4b81-4665-9db1-9a197b913aa5,a6707819-7f9c-4968-ad8e-badfec24bef2,1760,89.572379064604,157647.38715370302,0,0,Production,Auto-Repair: Production Move for 20,2026-04-11 06:43:51.099123+00,"{""invalidated_by"": ""VAL-RESET-20260430-3716""}"
0b563200-f510-4dee-8e2c-130b66424f3c,71747c3d-230b-4f6c-a3a5-80ca29120b16,100,4,400,0,0,Initial,VAL-RESET-20260331-7558,2026-03-31 18:59:59.999+00,"{""reason"": ""Historical Valuation Reset"", ""invalidated_by"": ""VAL-RESET-20260430-6043""}"
1b6d47c1-0b7b-4c7b-887c-09a694940c5e,d23536f3-0d86-4dcd-934e-9085566d4dc7,561.75,5.7466717383035375,3228.1928489920124,0.00,0.00000000000000000000000000000000000000000000,Purchase,Auto-Repair: Purchase Move for Standard,2026-04-11 06:44:47.543242+00,"{""auto_repair"": true, ""stock_move_id"": ""bcb48968-9607-40b4-8d35-3ed1a80b9114""}"
7f618ca9-debc-4d14-b2d0-edd205fd69b1,a6707819-7f9c-4968-ad8e-badfec24bef2,4000,89.572379064604,358289.516258416,0,0,Sale Return,Auto-Repair: Sale Return Move for 20,2026-04-11 06:43:58.387967+00,"{""invalidated_by"": ""VAL-RESET-20260430-3716""}"
4327afcb-dae4-4ce6-ac47-bc9dab134573,a6707819-7f9c-4968-ad8e-badfec24bef2,20,89.572379064604,1791.4475812920798,0,0,Sale Return,Auto-Repair: Sale Return Move for 20,2026-04-11 06:44:08.21327+00,"{""invalidated_by"": ""VAL-RESET-20260430-3716""}"
08a23892-5d12-4eb6-aca8-5e1014c1a791,a6707819-7f9c-4968-ad8e-badfec24bef2,5800,89.572379064604,519519.79857470316,0,0,Sale Return,Auto-Repair: Sale Return Move for 20,2026-04-11 06:44:15.516591+00,"{""invalidated_by"": ""VAL-RESET-20260430-3716""}"
8e89adc2-1470-4378-b790-17afae5fac58,a6707819-7f9c-4968-ad8e-badfec24bef2,760,89.572379064604,68075.00808909904,0,0,Sale Return,Auto-Repair: Sale Return Move for 20,2026-04-11 06:44:27.622559+00,"{""invalidated_by"": ""VAL-RESET-20260430-3716""}"
622ba9d7-0253-4c49-9cb3-5cdd5e0a4f4e,937ec71e-d35e-4c0a-b48a-7e72d77e86c1,285,90.25820716819683,25723.5890429361,0,0,Sale Return,Auto-Repair: Sale Return Move for 15,2026-04-11 06:44:13.081363+00,"{""invalidated_by"": ""VAL-RESET-20260430-3716""}"
cccbf035-ad05-43e8-9edd-7ee7d614eab1,937ec71e-d35e-4c0a-b48a-7e72d77e86c1,4125,93.01531731345621,383688.18391800683,0,0,Conversion,CONV-1775902834398,2026-04-11 10:20:35.346254+00,"{""invalidated_by"": ""VAL-RESET-20260430-3716""}"
d9610dc0-1d68-4c3e-8738-76faf5b02152,5ffd5921-5ad2-4d30-b598-4337f1a39464,6120,91.7865737665065,561733.8314510199,0,0,Production,Auto-Repair: Production Move for 20,2026-04-11 06:43:48.674145+00,"{""invalidated_by"": ""VAL-RESET-20260430-3716""}"
95c4047d-971b-4855-8da9-7c93b0605cf9,5ffd5921-5ad2-4d30-b598-4337f1a39464,1800,91.7865737665065,165215.83277971172,0,0,Sale Return,Auto-Repair: Sale Return Move for 20,2026-04-11 06:44:17.95878+00,"{""invalidated_by"": ""VAL-RESET-20260430-3716""}"
922a43f7-9562-4297-91ec-eda77f17346e,5ffd5921-5ad2-4d30-b598-4337f1a39464,40,91.7865737665065,3671.4629506602605,0,0,Sale Return,Auto-Repair: Sale Return Move for 20,2026-04-11 06:44:22.811877+00,"{""invalidated_by"": ""VAL-RESET-20260430-3716""}"
cc330e34-c8fa-49ef-a5b2-2736d6ffa51d,2c981082-c3ab-47b1-99c3-c34fe22ee02c,3760,90.10922692546995,338810.69323976705,0,0,Sale Return,Auto-Repair: Sale Return Move for 80,2026-04-11 06:43:53.523804+00,"{""invalidated_by"": ""VAL-RESET-20260430-3716""}"
935156b5-1116-4364-b766-6dbbee071872,2c981082-c3ab-47b1-99c3-c34fe22ee02c,5200,90.10922692546995,468567.9800124438,0,0,Sale Return,Auto-Repair: Sale Return Move for 80,2026-04-11 06:44:00.838745+00,"{""invalidated_by"": ""VAL-RESET-20260430-3716""}"
ef99cea4-5f1f-4dc0-b4ee-0ed45078b921,2c981082-c3ab-47b1-99c3-c34fe22ee02c,3520,90.10922692546995,317184.47877765424,0,0,Sale Return,Auto-Repair: Sale Return Move for 80,2026-04-11 06:44:03.318517+00,"{""invalidated_by"": ""VAL-RESET-20260430-3716""}"
1abf924f-3ff5-4c12-8992-dfe8a79c3a1c,2c981082-c3ab-47b1-99c3-c34fe22ee02c,1120,90.10922692546995,100922.33415652635,0,0,Sale Return,Auto-Repair: Sale Return Move for 80,2026-04-11 06:44:05.779641+00,"{""invalidated_by"": ""VAL-RESET-20260430-3716""}"
194ef926-dae4-4e16-9369-9c3705d9a4b1,e560c8fd-332b-48cb-b7de-125a590bcb0c,4000,88.80139897160952,355205.59588643804,0,0,Production,Auto-Repair: Production Move for 80,2026-04-11 06:44:37.372708+00,"{""invalidated_by"": ""VAL-RESET-20260430-3716""}"
b705fbf6-45f4-4044-b3b8-9d9402dae733,2c981082-c3ab-47b1-99c3-c34fe22ee02c,-3200,90.10922692546995,-288349.52616150386,0,0,Sale,Auto-Repair: Sale Move for 80,2026-04-11 06:43:37.097211+00,"{""auto_repair"": true, ""stock_move_id"": ""1118bef9-7842-43b0-b86a-fa39ec3d4d09""}"
870b56d6-e4ef-495e-87b9-7205851a47ee,7228dd62-c775-4f2b-bc08-dda954f29958,-5,78.88704005207522,-394.4352002603761,0,0,Sale,Auto-Repair: Sale Move for 5,2026-04-11 06:43:39.533205+00,"{""auto_repair"": true, ""stock_move_id"": ""2f038fcb-7843-4348-a2df-69c573d8a07e""}"
97807585-f6f4-4b4f-853d-3946a725f2e1,d23536f3-0d86-4dcd-934e-9085566d4dc7,-31735,5.7466717383035375,-182370.62761506275,0,0,Production,Auto-Repair: Production Move for Standard,2026-04-11 06:43:41.950313+00,"{""auto_repair"": true, ""stock_move_id"": ""7478e1cd-a8bf-420b-9eae-452260995602""}"
34cf028b-d635-4511-9015-608043d87630,a6707819-7f9c-4968-ad8e-badfec24bef2,-1000,89.572379064604,-89572.379064604,0,0,Sale,Auto-Repair: Sale Move for 20,2026-04-11 06:43:44.41704+00,"{""auto_repair"": true, ""stock_move_id"": ""65f59f94-e05e-4d6d-862d-21187d4ebeca""}"
6ce714ed-9d9e-46ca-b6bb-33b292863749,e646adf3-e04a-4919-8dd4-d53927f5584b,-1000,90.85300729482711,-90853.00729482711,0,0,Sale,Auto-Repair: Sale Move for 10,2026-04-11 06:43:46.851323+00,"{""auto_repair"": true, ""stock_move_id"": ""6dec62bd-239e-4a70-b930-706350995057""}"
e7c87985-f816-4684-9d5c-b8fafc7dac32,2c981082-c3ab-47b1-99c3-c34fe22ee02c,-3120,90.10922692546995,-281140.78800746624,0,0,Sale,Auto-Repair: Sale Move for 80,2026-04-11 06:43:51.698555+00,"{""auto_repair"": true, ""stock_move_id"": ""bea35a68-bcda-4903-9d57-afa076ef5128""}"
63d1edb1-8458-4c82-8d31-c6369c885198,d23536f3-0d86-4dcd-934e-9085566d4dc7,35209.35,92.67981864192323,3263196.1725,0,0,Purchase,Bill 6cac73af,2026-05-02 07:00:00+00,"{""invalidated_by"": ""VAL-RESET-20260430-4422""}"
357400bb-1097-4d06-b163-67e4835d9f08,e646adf3-e04a-4919-8dd4-d53927f5584b,10,42.05562624185954,420.55626241859545,0,0,Initial,VAL-RESET-20260430-4422,2026-04-30 18:59:59.999+00,"{""invalidated_by"": ""VAL-RESET-20260430-2796""}"
f585a722-344b-4d79-80b7-f33c754711b2,a6707819-7f9c-4968-ad8e-badfec24bef2,0,71.55,0,0,0,Initial,VAL-RESET-20260430-2796,2026-04-30 18:59:59.999+00,"{""reason"": ""Manual Valuation Override""}"
2dea9821-fe1f-4766-a5df-70a73653493e,ff990ef7-9a5b-40bc-8f41-13d8ed0936cf,0,89.5,0,0,0,Initial,VAL-RESET-20260430-2796,2026-04-30 18:59:59.999+00,"{""reason"": ""Manual Valuation Override""}"
430b2350-d85c-4cdf-8a9b-46821975ed96,412aa341-e0a4-46bd-a236-57ae4776e21c,0,91.7865737665065,0,0,0,Initial,VAL-RESET-20260430-2796,2026-04-30 18:59:59.999+00,"{""reason"": ""Manual Valuation Override""}"
25ccf603-5c92-4637-9b9f-6ca63be6ec7d,14e494c5-f77b-44a0-904e-6030187b2a45,0,91.7865737665065,0,0,0,Initial,VAL-RESET-20260430-2796,2026-04-30 18:59:59.999+00,"{""reason"": ""Manual Valuation Override""}"
e391cbb4-c3ee-42e2-8257-4c8a2fb44085,b5073451-3d7d-4bce-be2e-417dbe7209a4,0,89.5,0,0,0,Initial,VAL-RESET-20260430-2796,2026-04-30 18:59:59.999+00,"{""reason"": ""Manual Valuation Override""}"
4832735e-19ae-4244-b1cb-d7c9ceb39ba2,817c8b6f-3c49-47f5-998a-ff15033f6b86,0,89.5,0,0,0,Initial,VAL-RESET-20260430-2796,2026-04-30 18:59:59.999+00,"{""reason"": ""Manual Valuation Override""}"
1dfce6d8-9e56-491f-876c-284175370ad4,2388c76f-35a7-4076-b2a3-a75ac541692c,0,89.5,0,0,0,Initial,VAL-RESET-20260430-2796,2026-04-30 18:59:59.999+00,"{""reason"": ""Manual Valuation Override""}"
bd4878c4-6fbf-4063-a16c-a08344346518,ec766a71-38c2-45fb-a64f-7589897d89ae,0,89.5,0,0,0,Initial,VAL-RESET-20260430-2796,2026-04-30 18:59:59.999+00,"{""reason"": ""Manual Valuation Override""}"
058c2370-e703-4e36-95a3-30a3e93e5717,a2ecdf21-8089-4d7d-9497-4addbc48b90c,0,91.7865737665065,0,0,0,Initial,VAL-RESET-20260430-2796,2026-04-30 18:59:59.999+00,"{""reason"": ""Manual Valuation Override""}"
fee2ec6d-6306-46ca-b834-39606bd4dea8,e560c8fd-332b-48cb-b7de-125a590bcb0c,133120,105.35,14024192,0,0,Initial,VAL-RESET-20260430-4422,2026-04-30 18:59:59.999+00,"{""invalidated_by"": ""VAL-RESET-20260430-2796""}"
faac82dc-adbe-4562-8dac-a831367da6b9,e646adf3-e04a-4919-8dd4-d53927f5584b,10,71.55,715.5,0,0,Initial,VAL-RESET-20260430-2796,2026-04-30 18:59:59.999+00,"{""invalidated_by"": ""VAL-RESET-20260331-7558""}"
9276502e-bec1-4010-bf6b-8562eac2ffb2,937ec71e-d35e-4c0a-b48a-7e72d77e86c1,0.5,71.55,35.775,0,0,Initial,VAL-RESET-20260430-2796,2026-04-30 18:59:59.999+00,"{""invalidated_by"": ""VAL-RESET-20260331-7558""}"
92a05a7b-68de-45a5-ab1d-403487b90f02,e646adf3-e04a-4919-8dd4-d53927f5584b,500,90.85300729482711,45426.503647413556,0,0,Sale Return,Auto-Repair: Sale Return Move for 10,2026-04-11 06:43:54.120285+00,"{""invalidated_by"": ""VAL-RESET-20260430-3716""}"
d87dc175-828e-49a3-a472-de739cf4c038,e646adf3-e04a-4919-8dd4-d53927f5584b,400,90.85300729482711,36341.202917930845,0,0,Sale Return,Auto-Repair: Sale Return Move for 10,2026-04-11 06:43:56.556345+00,"{""invalidated_by"": ""VAL-RESET-20260430-3716""}"
ec06906d-5c3e-464f-8036-7f985ef236b5,a6707819-7f9c-4968-ad8e-badfec24bef2,500,89.572379064604,44786.189532302,0,0,Sale Return,Auto-Repair: Sale Return Move for 20,2026-04-11 06:43:59.011761+00,"{""invalidated_by"": ""VAL-RESET-20260430-3716""}"
0b7c2dfe-0aac-43db-bfdc-0316b2602f4c,a6707819-7f9c-4968-ad8e-badfec24bef2,-1000,89.572379064604,-89572.379064604,0,0,Sale,Auto-Repair: Sale Move for 20,2026-04-11 06:44:45.340369+00,"{""auto_repair"": true, ""stock_move_id"": ""0207ce1a-4a41-4681-8d18-5711132017e3""}"
712469c6-7671-416f-acc5-51a2b5e03538,a6707819-7f9c-4968-ad8e-badfec24bef2,1500,89.572379064604,134358.568596906,0,0,Sale Return,Auto-Repair: Sale Return Move for 20,2026-04-11 06:44:01.44636+00,"{""invalidated_by"": ""VAL-RESET-20260430-3716""}"
8c483c53-3024-4d73-a9b9-ce8ba7db5a25,a6707819-7f9c-4968-ad8e-badfec24bef2,1800,89.572379064604,161230.2823162872,0,0,Sale Return,Auto-Repair: Sale Return Move for 20,2026-04-11 06:44:11.23783+00,"{""invalidated_by"": ""VAL-RESET-20260430-3716""}"
6e40cae5-bc2e-42d8-be81-23165644ee67,18568477-1a69-413a-b5bd-94333c860750,6392,90.7341284885639,579972.5492989004,0,0.0000000000000000,Production,Auto-Repair: Production Move for 34,2026-04-11 06:44:40.461513+00,"{""auto_repair"": true, ""stock_move_id"": ""a33df587-ed27-49cc-9698-deaa5ee5fa88""}"
f7796ffa-a042-4a34-b736-faa34de7657a,98506d04-47db-4d74-847b-cf3122bc85ad,100,77.28152445699166,7728.1524456991665,0,0.0000000000000000,Production,Auto-Repair: Production Move for 50,2026-04-11 06:44:42.909377+00,"{""auto_repair"": true, ""stock_move_id"": ""e3912e18-f004-491b-9bc7-854e5eab9a5a""}"
6f4f2d8b-89a8-4a29-b05c-9514825e973e,a6707819-7f9c-4968-ad8e-badfec24bef2,5000,89.572379064604,447861.89532301994,0,0,Sale Return,Auto-Repair: Sale Return Move for 20,2026-04-11 06:44:13.687171+00,"{""invalidated_by"": ""VAL-RESET-20260430-3716""}"
ebf1305d-0fb2-4a87-9eb1-d5798a85b658,a6707819-7f9c-4968-ad8e-badfec24bef2,580,89.572379064604,51951.979857470316,0,0,Sale Return,Auto-Repair: Sale Return Move for 20,2026-04-11 06:44:16.129809+00,"{""invalidated_by"": ""VAL-RESET-20260430-3716""}"
8ec960ab-68e4-49b4-b1db-11ab7098776e,a6707819-7f9c-4968-ad8e-badfec24bef2,540,89.572379064604,48369.08469488616,0,0,Sale Return,Auto-Repair: Sale Return Move for 20,2026-04-11 06:44:18.560621+00,"{""invalidated_by"": ""VAL-RESET-20260430-3716""}"
8a0ba4b0-e9cc-418f-b1c6-350b2f5f9d33,a6707819-7f9c-4968-ad8e-badfec24bef2,120,89.572379064604,10748.685487752478,0,0,Sale Return,Auto-Repair: Sale Return Move for 20,2026-04-11 06:44:20.985437+00,"{""invalidated_by"": ""VAL-RESET-20260430-3716""}"
635c7498-38fd-40a6-be8b-21305c476e85,937ec71e-d35e-4c0a-b48a-7e72d77e86c1,30,90.25820716819683,2707.746215045905,0,0,Sale Return,Auto-Repair: Sale Return Move for 15,2026-04-11 06:44:23.417569+00,"{""invalidated_by"": ""VAL-RESET-20260430-3716""}"
fdab5ca8-d12f-442f-8378-91274394c00e,dcb00b2e-ea89-4e17-b1bb-67e576da4e6d,3000,91.27637784598132,273829.13353794394,0,0,Production,Auto-Repair: Production Move for 50,2026-04-11 06:43:34.649516+00,"{""invalidated_by"": ""VAL-RESET-20260430-3716""}"
0ffb66f5-3dad-4a89-867d-5c2240b9bf6c,2c981082-c3ab-47b1-99c3-c34fe22ee02c,8720,90.10922692546995,785752.458790098,0,0,Production,Auto-Repair: Production Move for 80,2026-04-11 06:43:49.299892+00,"{""invalidated_by"": ""VAL-RESET-20260430-3716""}"
8a8d9502-9c19-4c85-a581-4dd1d78aa851,2c981082-c3ab-47b1-99c3-c34fe22ee02c,640,90.10922692546995,57669.90523230077,0,0,Sale Return,Auto-Repair: Sale Return Move for 80,2026-04-11 06:44:03.922221+00,"{""invalidated_by"": ""VAL-RESET-20260430-3716""}"
e523f996-10d4-49f1-a0df-1b6d9f14086c,2c981082-c3ab-47b1-99c3-c34fe22ee02c,1200,90.10922692546995,108131.07231056395,0,0,Sale Return,Auto-Repair: Sale Return Move for 80,2026-04-11 06:44:28.223978+00,"{""invalidated_by"": ""VAL-RESET-20260430-3716""}"
0950429f-d410-4689-8441-8d3e73369319,e560c8fd-332b-48cb-b7de-125a590bcb0c,6640,88.80139897160952,589641.2891714872,0,0,Production,Auto-Repair: Production Move for 80,2026-04-11 06:44:35.55993+00,"{""invalidated_by"": ""VAL-RESET-20260430-3716""}"
ba685fcb-af7f-4e54-8c71-f672746d3226,29f97aa5-e538-4261-b69f-6b1a394015c9,700,13.929818641923239,9750.873049346268,0,0,Purchase,Bill 6cac73af,2026-05-02 07:00:00+00,"{""invalidated_by"": ""VAL-RESET-20260430-4422""}"
77e91ab8-a1f2-437f-a5c2-0fb0ff913563,a6707819-7f9c-4968-ad8e-badfec24bef2,-20,89.572379064604,-1791.4475812920798,0,0,Sale,Auto-Repair: Sale Move for 20,2026-04-11 06:44:58.468621+00,"{""auto_repair"": true, ""stock_move_id"": ""8c777ed8-beea-47fd-b731-d1403323bffe""}"
1647402d-da94-41d9-af1b-e276c54e1346,3fbbd2fb-4cd6-40e6-8856-26ef2c823bc5,0,92.94306041555204,0,0,0,Initial,VAL-RESET-20260430-2796,2026-04-30 18:59:59.999+00,"{""reason"": ""Manual Valuation Override""}"
f4f4e051-1fce-469a-bb6f-557b45282d15,da5c9701-b165-4fcf-85ac-7d8abfba8e6b,-107,34.5,-3691.5,0,0,Production,Auto-Repair: Production Move for 34,2026-04-11 06:45:10.558672+00,"{""auto_repair"": true, ""stock_move_id"": ""dfc9484b-6201-411a-957c-5eb193ed0a84""}"
aa02dde6-1932-424a-beb7-f74e66699fd1,5ffd5921-5ad2-4d30-b598-4337f1a39464,0,91.7865737665065,0,0,0,Initial,VAL-RESET-20260430-2796,2026-04-30 18:59:59.999+00,"{""reason"": ""Manual Valuation Override""}"
c360ad8f-9383-4737-a2ea-3a183187b558,93765798-ca54-496a-94c6-bb4f273bfe27,0,88.01913360401284,0,0,0,Initial,VAL-RESET-20260430-2796,2026-04-30 18:59:59.999+00,"{""reason"": ""Manual Valuation Override""}"
44eef0b9-9501-4a4f-930e-cf996251d1f5,71747c3d-230b-4f6c-a3a5-80ca29120b16,0,4,0,0,0,Adjustment,REF-2026-04-01088,2026-04-21 18:59:59.999+00,"{""source"": ""Wheat Refraction""}"
85572579-06f7-4494-842b-7b12abdbefdc,d8a16b7d-84b2-4a78-8333-a02a4389a141,250,77.28152445699166,19320.381114247917,0,0,Production,Auto-Repair: Production Move for 5,2026-04-11 06:45:05.70359+00,"{""invalidated_by"": ""VAL-RESET-20260430-3716""}"
25f2fc06-2195-4224-a81a-4f084c454f3b,e646adf3-e04a-4919-8dd4-d53927f5584b,2140,90.85300729482711,194425.43561093,0,0,Production,Auto-Repair: Production Move for 10,2026-04-11 06:44:53.550237+00,"{""invalidated_by"": ""VAL-RESET-20260430-3716""}"
b53054f8-1822-4d9e-8d9c-5594a2c40cb9,a6707819-7f9c-4968-ad8e-badfec24bef2,1200,89.572379064604,107486.85487752479,0,0,Sale Return,Auto-Repair: Sale Return Move for 20,2026-04-11 06:42:01.423595+00,"{""invalidated_by"": ""VAL-RESET-20260430-3716""}"
9486f8ac-cd13-4c9c-a1e8-fd9f2fa0292c,a6707819-7f9c-4968-ad8e-badfec24bef2,1580,89.572379064604,141524.35892207432,0,0,Sale Return,Auto-Repair: Sale Return Move for 20,2026-04-11 06:42:55.02093+00,"{""invalidated_by"": ""VAL-RESET-20260430-3716""}"
c0c4cb65-26af-4866-aec7-e8c8c925c0b8,1066c1db-bbd7-4256-a751-f5cbf463f8a3,5040,75.8178791723109,382122.11102844693,0.0,0.0000000000000000000000000,Production,MO-2026-04-00036,2026-04-21 07:35:57.206181+00,{}
71eac2b6-dd98-4e9e-913e-1b46e09e1027,1066c1db-bbd7-4256-a751-f5cbf463f8a3,5070,93.32976192327457,473181.8929510021,0,0.000000000000000000000000000,Production,MO-2026-04-00043,2026-04-29 07:58:44.173389+00,{}
c8f610a6-3503-4060-9ded-682408a93bcf,a6707819-7f9c-4968-ad8e-badfec24bef2,380,89.572379064604,34037.50404454952,0,0,Sale Return,Auto-Repair: Sale Return Move for 20,2026-04-11 06:42:12.612451+00,"{""invalidated_by"": ""VAL-RESET-20260430-3716""}"
c30c9440-7f48-44ce-8c5b-b4ccb88923ac,a6707819-7f9c-4968-ad8e-badfec24bef2,6100,89.572379064604,546391.5122940843,0,0,Sale Return,Auto-Repair: Sale Return Move for 20,2026-04-11 06:42:43.814825+00,"{""invalidated_by"": ""VAL-RESET-20260430-3716""}"
349db443-eecc-473f-a644-add3dfaf1988,a6707819-7f9c-4968-ad8e-badfec24bef2,2400,89.572379064604,214973.70975504958,0,0,Sale Return,Auto-Repair: Sale Return Move for 20,2026-04-11 06:42:57.258247+00,"{""invalidated_by"": ""VAL-RESET-20260430-3716""}"
801a1215-2ad9-4cd7-bc2e-bbcfff873f99,a6707819-7f9c-4968-ad8e-badfec24bef2,8960,89.572379064604,802568.5164188518,0,0,Production,Auto-Repair: Production Move for 20,2026-04-11 06:44:33.713445+00,"{""invalidated_by"": ""VAL-RESET-20260430-3716""}"
b932b445-e88f-49a1-ac8e-6ff03ec3f78c,a6707819-7f9c-4968-ad8e-badfec24bef2,18540,89.572379064604,1660671.907857758,0,0,Production,Auto-Repair: Production Move for 20,2026-04-11 06:44:43.521162+00,"{""invalidated_by"": ""VAL-RESET-20260430-3716""}"
aad4c8c1-a8a8-465c-aac0-cd111102ee27,a6707819-7f9c-4968-ad8e-badfec24bef2,2000,89.572379064604,179144.758129208,0,0,Sale Return,Auto-Repair: Sale Return Move for 20,2026-04-11 06:44:24.609056+00,"{""invalidated_by"": ""VAL-RESET-20260430-3716""}"
0733809f-9f47-403b-bae6-2c7a688aa350,a6707819-7f9c-4968-ad8e-badfec24bef2,9000,89.572379064604,806151.4115814359,0,0,Sale Return,Auto-Repair: Sale Return Move for 20,2026-04-11 06:44:27.025372+00,"{""invalidated_by"": ""VAL-RESET-20260430-3716""}"
1d458228-f3ef-40ce-bdd2-725be396cd00,a6707819-7f9c-4968-ad8e-badfec24bef2,3500,89.572379064604,313503.32672611397,0,0,Sale Return,Auto-Repair: Sale Return Move for 20,2026-04-11 06:44:29.434926+00,"{""invalidated_by"": ""VAL-RESET-20260430-3716""}"
71f080d8-a2fc-45b9-aeda-e0a368483cde,a6707819-7f9c-4968-ad8e-badfec24bef2,3000,89.572379064604,268717.137193812,0,0,Sale Return,Auto-Repair: Sale Return Move for 20,2026-04-11 06:44:30.05483+00,"{""invalidated_by"": ""VAL-RESET-20260430-3716""}"
4999147e-c318-41a1-b4df-8037cf8f797e,a6707819-7f9c-4968-ad8e-badfec24bef2,7740,89.572379064604,693290.2139600349,0,0,Sale Return,Auto-Repair: Sale Return Move for 20,2026-04-11 06:44:32.475344+00,"{""invalidated_by"": ""VAL-RESET-20260430-3716""}"
ba4c9ed4-7e88-4d8f-851c-3886f91510c2,a6707819-7f9c-4968-ad8e-badfec24bef2,800,89.572379064604,71657.9032516832,0,0,Production,Auto-Repair: Production Move for 20,2026-04-11 06:44:49.960437+00,"{""invalidated_by"": ""VAL-RESET-20260430-3716""}"
59521923-a9b5-46e6-b8dc-ed93e5422e64,a6707819-7f9c-4968-ad8e-badfec24bef2,2000,89.572379064604,179144.758129208,0,0,Sale Return,Auto-Repair: Sale Return Move for 20,2026-04-11 06:44:25.812776+00,"{""invalidated_by"": ""VAL-RESET-20260430-3716""}"
79e919ae-6c5c-4bfa-8130-20e45ff14784,a6707819-7f9c-4968-ad8e-badfec24bef2,1000,89.572379064604,89572.379064604,0,0,Sale Return,Auto-Repair: Sale Return Move for 20,2026-04-11 06:44:30.663747+00,"{""invalidated_by"": ""VAL-RESET-20260430-3716""}"
9afd5a0f-8e27-4c24-aea5-4c38994382ad,a6707819-7f9c-4968-ad8e-badfec24bef2,1040,91.37940958195993,95034.58596523834,0,0,Conversion,CONV-1775902864812,2026-04-11 10:21:05.589725+00,"{""invalidated_by"": ""VAL-RESET-20260430-3716""}"
730b0089-211f-4c1f-b11e-e942e3eceb94,a6707819-7f9c-4968-ad8e-badfec24bef2,5140,89.572379064604,460402.0283920645,0,0,Sale Return,Final Cleanup: Sale Return for 20,2026-04-11 07:02:45.690361+00,"{""invalidated_by"": ""VAL-RESET-20260430-3716""}"
a16fcad6-0fb2-4eb2-ba34-23d09acc6b06,a6707819-7f9c-4968-ad8e-badfec24bef2,7740,89.572379064604,693290.2139600349,0,0,Sale Return,Final Cleanup: Sale Return for 20,2026-04-11 07:02:49.551674+00,"{""invalidated_by"": ""VAL-RESET-20260430-3716""}"
6a9d10ef-2ac9-42a0-a1f1-44e2239d0e91,a6707819-7f9c-4968-ad8e-badfec24bef2,800,89.572379064604,71657.9032516832,0,0,Production,Final Cleanup: Production for 20,2026-04-11 07:03:09.300118+00,"{""invalidated_by"": ""VAL-RESET-20260430-3716""}"
78b9ed55-7342-482c-b443-d76c13a1fd9d,a6707819-7f9c-4968-ad8e-badfec24bef2,60,89.572379064604,5374.342743876239,0,0,Sale Return,Final Cleanup: Sale Return for 20,2026-04-11 07:02:24.8517+00,"{""invalidated_by"": ""VAL-RESET-20260430-3716""}"
1768b789-a635-44d2-a124-7bccd8da71a5,a6707819-7f9c-4968-ad8e-badfec24bef2,4000,89.572379064604,358289.516258416,0,0,Sale Return,Final Cleanup: Sale Return for 20,2026-04-11 07:02:28.068543+00,"{""invalidated_by"": ""VAL-RESET-20260430-3716""}"
8ac98b1c-eb9a-4a99-877b-34e64f53e75b,65415ac9-fc97-471a-b17f-1340c7b1b55a,400,69.2179,27687.16,0,0,Purchase,Bill 4c005dd6,2026-04-23 07:00:00+00,"{""invalidated_by"": ""VAL-RESET-20260430-3716""}"
bd6e6078-dc93-4042-aa78-7f9ef30972fb,18568477-1a69-413a-b5bd-94333c860750,16490,77.7957972875133,1282852.6972710942,0,0,Adjustment,DELETED: INV-2026-04-00353 (was reversed),2026-04-18 10:53:23.98571+00,"{""invalidated_by"": ""VAL-RESET-20260430-3716""}"
33f6e69c-d741-46da-abc3-7b9bbcde5815,2c981082-c3ab-47b1-99c3-c34fe22ee02c,1360,90.10922692546995,122548.54861863914,0,0,Production,Auto-Repair: Production Move for 80,2026-04-11 06:44:56.062633+00,"{""invalidated_by"": ""VAL-RESET-20260430-3716""}"
7c2b0ca7-4e28-45e9-be96-9ae503abe8ea,2c981082-c3ab-47b1-99c3-c34fe22ee02c,4800,90.10922692546995,432524.2892422558,0,0,Production,Auto-Repair: Production Move for 80,2026-04-11 06:45:03.317074+00,"{""invalidated_by"": ""VAL-RESET-20260430-3716""}"
e3f6dd6e-5632-44f1-b2eb-28e4ca66c61e,2c981082-c3ab-47b1-99c3-c34fe22ee02c,3600,90.10922692546995,324393.21693169186,0,0,Production,Auto-Repair: Production Move for 80,2026-04-11 06:45:08.135334+00,"{""invalidated_by"": ""VAL-RESET-20260430-3716""}"
838cf9a7-5547-402e-9d23-29e851e82076,98506d04-47db-4d74-847b-cf3122bc85ad,150,77.28152445699166,11592.228668548749,0,0,Production,Auto-Repair: Production Move for 50,2026-04-11 06:44:51.184501+00,"{""invalidated_by"": ""VAL-RESET-20260430-3716""}"
deca5caa-f267-4af6-95f5-6ded172bda95,98506d04-47db-4d74-847b-cf3122bc85ad,100,77.28152445699166,7728.1524456991665,0,0,Production,Auto-Repair: Production Move for 50,2026-04-11 06:45:00.885176+00,"{""invalidated_by"": ""VAL-RESET-20260430-3716""}"
a87d416c-5dd5-4b79-85f5-7a8dbfc4d872,a6707819-7f9c-4968-ad8e-badfec24bef2,4360,89.572379064604,390535.5727216734,0,0,Production,Auto-Repair: Production Move for 20,2026-04-11 06:44:54.286529+00,"{""invalidated_by"": ""VAL-RESET-20260430-3716""}"
d8fa674b-da1a-452a-b114-bc3915092b0c,d23536f3-0d86-4dcd-934e-9085566d4dc7,70750.35,88.75,6279093.562500001,0,0,Purchase,PO-2026-05-00059,2026-05-02 08:25:00.95656+00,"{""invalidated_by"": ""VAL-RESET-20260430-4422""}"
e0f8ef89-eb52-4068-9b28-9e3caeaf6fcb,a6707819-7f9c-4968-ad8e-badfec24bef2,3220,89.572379064604,288423.06058802485,0,0,Production,Auto-Repair: Production Move for 20,2026-04-11 06:44:56.656775+00,"{""invalidated_by"": ""VAL-RESET-20260430-3716""}"
b6f226ce-68be-471d-9338-12edb288e8fc,a6707819-7f9c-4968-ad8e-badfec24bef2,5940,89.572379064604,532059.9316437477,0,0,Production,Auto-Repair: Production Move for 20,2026-04-11 06:45:08.73747+00,"{""invalidated_by"": ""VAL-RESET-20260430-3716""}"
64a23afb-f700-4e42-9e62-c8da132d3fd8,a40b07a6-2948-489d-8dec-5e206ba38989,313,20.100000000000005,6291.300000000002,0.000000000000000,0.0000000000000000000000000000000000000000000000,Conversion,CONV-1777901358036,2026-05-04 13:29:18.736488+00,{}
172b8814-5c17-451e-bf96-794ef968bd87,8b945707-4cb1-4e34-8d12-92da06120bd2,-31,68.8071,-2133.0201,0,0,Production,Auto-Repair: Production Move for 80,2026-04-11 06:45:11.15759+00,"{""auto_repair"": true, ""stock_move_id"": ""f79922c4-ecf8-4558-a6b2-a83acac73ca2""}"
80dc7608-0225-4199-93d7-63dd54521b12,a6707819-7f9c-4968-ad8e-badfec24bef2,5800,89.572379064604,519519.79857470316,0,0,Sale Return,Final Cleanup: Sale Return for 20,2026-04-11 07:02:31.365269+00,"{""invalidated_by"": ""VAL-RESET-20260430-3716""}"
8f83f383-6629-4593-b47d-fd7455831b67,a6707819-7f9c-4968-ad8e-badfec24bef2,540,89.572379064604,48369.08469488616,0,0,Sale Return,Final Cleanup: Sale Return for 20,2026-04-11 07:02:34.541836+00,"{""invalidated_by"": ""VAL-RESET-20260430-3716""}"
b7ed1a73-7bbc-4f42-be7b-26e4de99e410,d23536f3-0d86-4dcd-934e-9085566d4dc7,17711.1,83,1470021.2999999998,0.0000000000,0.00000000000000000000000000000000000000000000000000000000000000,Purchase,PO-2026-04-00042,2026-04-18 12:26:06.320072+00,{}
5b495e32-08e1-42b3-8bd3-d623b515590d,a48054e2-5d92-4162-8afa-6a9565b697ea,0,107.5,0,0,0,Initial,VAL-RESET-20260430-2796,2026-04-30 18:59:59.999+00,"{""reason"": ""Manual Valuation Override""}"
392632c7-968d-4347-bcec-106501f5e955,a6707819-7f9c-4968-ad8e-badfec24bef2,2000,89.572379064604,179144.758129208,0,0,Sale Return,Final Cleanup: Sale Return for 20,2026-04-11 07:02:41.017448+00,"{""invalidated_by"": ""VAL-RESET-20260430-3716""}"
05f64a96-221e-473a-9736-36746d447303,dcb00b2e-ea89-4e17-b1bb-67e576da4e6d,0,91.27637784598132,0,0,0,Initial,VAL-RESET-20260430-2796,2026-04-30 18:59:59.999+00,"{""reason"": ""Manual Valuation Override""}"
2bb43e78-f4d9-48de-9d6e-fac40bb01f7f,23da208c-c810-4bf1-89bd-4eb5a55cce5e,0,107.5,0,0,0,Initial,VAL-RESET-20260430-2796,2026-04-30 18:59:59.999+00,"{""reason"": ""Manual Valuation Override""}"
29e7a9eb-9260-4125-8a33-314a4a158758,a6707819-7f9c-4968-ad8e-badfec24bef2,760,89.572379064604,68075.00808909904,0,0,Sale Return,Final Cleanup: Sale Return for 20,2026-04-11 07:02:44.328338+00,"{""invalidated_by"": ""VAL-RESET-20260430-3716""}"
a5af9cad-f144-4694-afeb-00e91f745d84,18568477-1a69-413a-b5bd-94333c860750,3638,90.7341284885639,330090.75944139546,0,0.0000000000000000,Production,Auto-Repair: Production Move for 34,2026-04-11 06:44:51.778545+00,"{""auto_repair"": true, ""stock_move_id"": ""85f352d2-45ab-47a9-8dfc-b8f4832b933c""}"
c5b930bc-2a03-4791-97e3-0d46ee496c64,18568477-1a69-413a-b5bd-94333c860750,4420,90.7341284885639,401044.8479194524,0,0.0000000000000000,Production,Auto-Repair: Production Move for 34,2026-04-11 06:45:01.503254+00,"{""auto_repair"": true, ""stock_move_id"": ""90e7b5f0-35f6-4d15-b21a-60f81f0300ab""}"
eaee9358-8c85-4ad1-bf3c-9430d9d4cdd4,a6707819-7f9c-4968-ad8e-badfec24bef2,1000,89.572379064604,89572.379064604,0,0,Sale Return,Final Cleanup: Sale Return for 20,2026-04-11 07:02:47.627705+00,"{""invalidated_by"": ""VAL-RESET-20260430-3716""}"
33c3a8d5-2489-4f7a-b7f0-c8206d329c26,342b62a4-b9a5-4f60-a698-e9eacf5900e4,0,107.5,0,0,0,Initial,VAL-RESET-20260430-2796,2026-04-30 18:59:59.999+00,"{""reason"": ""Manual Valuation Override""}"
5f585a12-a5af-4b59-89d7-828a4a5dd17d,396eef73-791a-465c-ae17-b78505b08d5f,1060,78.75570764382422,83481.05010245368,0,0.0000000000000000,Production,Auto-Repair: Production Move for 10,2026-04-11 06:44:59.064725+00,"{""auto_repair"": true, ""stock_move_id"": ""7e2282a7-5d0c-434b-8dcd-9311517ae02b""}"
de970a58-57c3-42e9-a796-c9a35ca2677b,a6707819-7f9c-4968-ad8e-badfec24bef2,8960,89.572379064604,802568.5164188518,0,0,Production,Final Cleanup: Production for 20,2026-04-11 07:02:50.912769+00,"{""invalidated_by"": ""VAL-RESET-20260430-3716""}"
02b7f86b-51e6-4f68-af01-4a56f7a2c58f,a6707819-7f9c-4968-ad8e-badfec24bef2,4360,89.572379064604,390535.5727216734,0,0,Production,Final Cleanup: Production for 20,2026-04-11 07:03:13.819458+00,"{""invalidated_by"": ""VAL-RESET-20260430-3716""}"
8c65217f-b3ed-4e54-817f-3da421573e64,a6707819-7f9c-4968-ad8e-badfec24bef2,1500,89.572379064604,134358.568596906,0,0,Sale Return,Final Cleanup: Sale Return for 20,2026-04-11 07:02:25.48598+00,"{""invalidated_by"": ""VAL-RESET-20260430-3716""}"
447fbc48-8cfd-44e7-b23e-b82004233cd8,a6707819-7f9c-4968-ad8e-badfec24bef2,580,89.572379064604,51951.979857470316,0,0,Sale Return,Final Cleanup: Sale Return for 20,2026-04-11 07:02:32.012005+00,"{""invalidated_by"": ""VAL-RESET-20260430-3716""}"
bb94191d-60bb-4552-91c7-12f2fc1615e5,a6707819-7f9c-4968-ad8e-badfec24bef2,1720,89.572379064604,154064.49199111888,0,0,Sale Return,Final Cleanup: Sale Return for 20,2026-04-11 07:02:35.178105+00,"{""invalidated_by"": ""VAL-RESET-20260430-3716""}"
74be398f-4ef0-48e5-9684-8c83d44bd38a,a6707819-7f9c-4968-ad8e-badfec24bef2,40,89.572379064604,3582.8951625841596,0,0,Sale Return,Final Cleanup: Sale Return for 20,2026-04-11 07:02:48.271729+00,"{""invalidated_by"": ""VAL-RESET-20260430-3716""}"
2ef1559d-764f-4b86-90d8-63160dd8f3f3,a6707819-7f9c-4968-ad8e-badfec24bef2,18540,89.572379064604,1660671.907857758,0,0,Production,Final Cleanup: Production for 20,2026-04-11 07:03:01.411742+00,"{""invalidated_by"": ""VAL-RESET-20260430-3716""}"
6c07e8ec-666a-47df-8d71-baf766e95f8d,a6707819-7f9c-4968-ad8e-badfec24bef2,3220,89.572379064604,288423.06058802485,0,0,Production,Final Cleanup: Production for 20,2026-04-11 07:03:16.497554+00,"{""invalidated_by"": ""VAL-RESET-20260430-3716""}"
412625b4-71c4-4a58-a354-8e818a8def2b,a6707819-7f9c-4968-ad8e-badfec24bef2,7300,89.572379064604,653878.3671716092,0,0,Production,Final Cleanup: Production for 20,2026-04-11 07:03:17.158246+00,"{""invalidated_by"": ""VAL-RESET-20260430-3716""}"
2a4f807f-1265-4e3a-bbeb-b28fcde1e894,a6707819-7f9c-4968-ad8e-badfec24bef2,5160,89.580366323482,462234.6902291671,0,0,Sale Return,SCN-2026-04-00080||/sales/credit-notes/959d90e0-33df-4e69-b816-00f06de76cab||line:c082f7cb-6170-4bcd-84ad-69420903109d,2026-04-11 12:14:42.949776+00,"{""invalidated_by"": ""VAL-RESET-20260430-3716""}"
cd2a2a72-7949-4492-a52a-d50f5f4289c5,ff990ef7-9a5b-40bc-8f41-13d8ed0936cf,0,89.5,0,0,0,Initial,VAL-RESET-20260430-3716,2026-04-30 18:59:59.999+00,"{""reason"": ""Manual Valuation Override""}"
0897743e-7119-4962-b373-56b98cec5d8c,5ffd5921-5ad2-4d30-b598-4337f1a39464,5000,91.7865737665065,458932.86883253255,0,0,Production,Auto-Repair: Production Move for 20,2026-04-11 06:45:06.304909+00,"{""invalidated_by"": ""VAL-RESET-20260430-3716""}"
27f5a487-dd8e-46e3-b183-15cc4c21bec2,5ffd5921-5ad2-4d30-b598-4337f1a39464,0,91.7865737665065,0,0,0,Initial,VAL-RESET-20260430-3716,2026-04-30 18:59:59.999+00,"{""reason"": ""Manual Valuation Override""}"
70c551eb-f662-4347-aa66-e9e97e726521,da5c9701-b165-4fcf-85ac-7d8abfba8e6b,1470,34.4,50568,0,0,Purchase,Bill 4c005dd6,2026-04-23 07:00:00+00,"{""invalidated_by"": ""VAL-RESET-20260430-3716""}"
b9a53d9f-0079-4d18-a12a-f2c0453f5f7f,2c981082-c3ab-47b1-99c3-c34fe22ee02c,4480,93.32976192327457,418117.3334162701,0,0,Production,MO-2026-04-00043,2026-04-29 07:58:44.438503+00,"{""invalidated_by"": ""VAL-RESET-20260430-3716""}"
ae809c95-4aa0-406b-85c7-4a1b1e0de870,2c981082-c3ab-47b1-99c3-c34fe22ee02c,6800,90.10922692546995,612742.7430931957,0,0,Production,Auto-Repair: Production Move for 80,2026-04-11 06:43:28.538924+00,"{""invalidated_by"": ""VAL-RESET-20260430-3716""}"
5d5a3d71-06e6-4d6d-a60b-12c81bc3c427,d9964e90-72ce-482b-8a17-7651628e223e,2105,75,157875,0,0,Adjustment,REF-2026-04-01088,2026-04-21 18:59:59.999+00,"{""invalidated_by"": ""VAL-RESET-20260430-3716""}"
150b078a-a8b4-4081-9749-6ae7a13b693e,98506d04-47db-4d74-847b-cf3122bc85ad,50,77.28152445699166,3864.0762228495832,0,0,Production,Auto-Repair: Production Move for 50,2026-04-11 06:45:03.925783+00,"{""invalidated_by"": ""VAL-RESET-20260430-3716""}"
c150401f-f01f-4257-842b-b4b8a377aff0,a6707819-7f9c-4968-ad8e-badfec24bef2,2860,42.05562624185954,120279.0910517183,0,0.0000000000000000,Initial,VAL-RESET-20260430-3716,2026-04-30 18:59:59.999+00,"{""reason"": ""Manual Valuation Override""}"
548decb7-8d0e-441f-8aa9-384a0e7379f3,e646adf3-e04a-4919-8dd4-d53927f5584b,910,90.85300729482711,82676.23663829267,0,0,Production,Auto-Repair: Production Move for 10,2026-04-11 06:45:09.344257+00,"{""invalidated_by"": ""VAL-RESET-20260430-3716""}"
bbbfad27-f844-4cff-a15d-fb16c8f01238,29f97aa5-e538-4261-b69f-6b1a394015c9,1400,10,14000,0,0,Purchase,PO-2026-05-00059,2026-05-02 08:25:01.307013+00,"{""invalidated_by"": ""VAL-RESET-20260430-4422""}"
893cf791-68df-4215-919a-aa6ab5c63b66,a6707819-7f9c-4968-ad8e-badfec24bef2,7300,89.572379064604,653878.3671716092,0,0,Production,Auto-Repair: Production Move for 20,2026-04-11 06:44:57.263891+00,"{""invalidated_by"": ""VAL-RESET-20260430-3716""}"
cb20cc2b-7681-46c3-932a-9e6c169518bb,18568477-1a69-413a-b5bd-94333c860750,7004,91.54299412240378,641167.1308333161,0,0.0000000000000000,Production,MO-2026-05-00046,2026-05-04 13:31:44.641937+00,{}
365d0f08-2a99-4d98-be7a-bf5f208c0759,b2f8974f-ab3c-4880-a03d-6d3b29d26c57,-214,12.806,-2740.484,0,0,Production,Auto-Repair: Production Move for 10,2026-04-11 06:45:11.769464+00,"{""auto_repair"": true, ""stock_move_id"": ""f3e1ad8f-d326-4cea-a172-942798caa42a""}"
61306e56-6e32-47d2-83b3-9021c01324d9,214c980f-de08-4c22-aa76-c6bab968483b,0,18.13,0,0,0,Initial,VAL-RESET-20260430-2796,2026-04-30 18:59:59.999+00,"{""reason"": ""Manual Valuation Override""}"
7deeee5c-981a-4020-baae-04c1c2254948,29a0bdd8-7ec8-49aa-94e2-3abc24a5fe6d,34802,20.1,699520.2000000001,0,0,Initial,VAL-RESET-20260430-4422,2026-04-30 18:59:59.999+00,"{""invalidated_by"": ""VAL-RESET-20260430-2796""}"
510a5863-cc19-4d40-bcb0-37f54edb38db,0532897a-fd36-45a5-9f0f-d042367920ec,0,2,0,0,0,Adjustment,REF-2026-04-01088,2026-04-21 18:59:59.999+00,"{""source"": ""Wheat Refraction""}"
f180d73d-3a1c-4f4b-b76b-ac344b07942a,18568477-1a69-413a-b5bd-94333c860750,1632,90.7341284885639,148078.09769333628,0,0.0000000000000000,Production,Auto-Repair: Production Move for 34,2026-04-11 06:44:54.880243+00,"{""auto_repair"": true, ""stock_move_id"": ""7f6d1690-f3fe-486e-af40-f56ef38cfc01""}"
b898a4e8-d038-4e65-9911-1fe468967c41,a6707819-7f9c-4968-ad8e-badfec24bef2,5980,89.572379064604,535642.8268063319,0,0,Production,Auto-Repair: Production Move for 20,2026-04-11 06:45:04.519907+00,"{""invalidated_by"": ""VAL-RESET-20260430-3716""}"
9370f29a-3c1d-4f1d-9f9d-b8b20d238e72,a2ecdf21-8089-4d7d-9497-4addbc48b90c,0,91.7865737665065,0,0,0,Initial,VAL-RESET-20260430-3716,2026-04-30 18:59:59.999+00,"{""reason"": ""Manual Valuation Override""}"
4d630097-0025-4b06-9473-904431d42471,1066c1db-bbd7-4256-a751-f5cbf463f8a3,4470,71.86427591288245,321233.31333058455,0.0,0.0000000000000000000000000000,Production,MO-2026-04-00037,2026-04-22 10:10:11.929652+00,{}
2c2f75ba-ce32-4fa0-a4f5-bee990268e3a,29f97aa5-e538-4261-b69f-6b1a394015c9,358,0,0,0,0,Purchase,PO-2026-04-00042,2026-04-18 12:26:06.949305+00,"{""invalidated_by"": ""VAL-RESET-20260430-3716""}"
7546ec2a-4cc3-4634-8336-2903b813f2dd,29f97aa5-e538-4261-b69f-6b1a394015c9,358,0,0,0,0,Purchase,Bill c09e211f,2026-04-18 07:00:00+00,"{""invalidated_by"": ""VAL-RESET-20260430-3716""}"
1a9e532b-8a4c-4d0f-941d-f4f3bd35b351,29f97aa5-e538-4261-b69f-6b1a394015c9,1199,14,16786,0,0,Purchase,PO-2026-04-00047,2026-04-23 11:01:23.30081+00,"{""invalidated_by"": ""VAL-RESET-20260430-3716""}"
d7b21dd4-f1b0-40ed-b9d7-8045ea227bcc,18568477-1a69-413a-b5bd-94333c860750,3672,90.7341284885639,333175.7198100066,0,0,Production,Auto-Repair: Production Move for 34,2026-04-11 06:45:06.904299+00,"{""invalidated_by"": ""VAL-RESET-20260430-3716""}"
c272bac4-6475-45c4-8297-b2251269d204,18568477-1a69-413a-b5bd-94333c860750,5440,90.7341284885639,493593.6589777876,0,0,Production,Auto-Repair: Production Move for 34,2026-04-11 06:45:02.117546+00,"{""invalidated_by"": ""VAL-RESET-20260430-3716""}"
caed4fa9-f008-4454-a41e-cff4e4134a74,e560c8fd-332b-48cb-b7de-125a590bcb0c,8000,88.80139897160952,710411.1917728761,0,0,Production,Auto-Repair: Production Move for 80,2026-04-11 06:44:52.373311+00,"{""invalidated_by"": ""VAL-RESET-20260430-3716""}"
c2e1e31c-e9d2-40e1-86ab-cfba34c2a91b,e560c8fd-332b-48cb-b7de-125a590bcb0c,6480,88.80139897160952,575433.0653360296,0,0,Production,Auto-Repair: Production Move for 80,2026-04-11 06:44:59.660772+00,"{""invalidated_by"": ""VAL-RESET-20260430-3716""}"
56c6e2ae-f57e-4369-be26-facbb5b03535,e560c8fd-332b-48cb-b7de-125a590bcb0c,8720,93.32976192327457,813835.5239709542,0,0,Production,MO-2026-04-00043,2026-04-29 07:58:44.686013+00,"{""invalidated_by"": ""VAL-RESET-20260430-3716""}"
dcf87d8e-2140-44bc-8e70-5cc5759c4070,d23536f3-0d86-4dcd-934e-9085566d4dc7,59320.8,88.75,5264721,0,0,Purchase,PO-2026-04-00047,2026-04-23 11:01:22.990003+00,"{""invalidated_by"": ""VAL-RESET-20260430-3716""}"
a0d5cc95-375f-4ce1-9f7d-0c9cb94dea91,769513cc-c70d-41c0-9bb6-99b480841b4f,0,20.1,0,0,0,Initial,VAL-RESET-20260430-2796,2026-04-30 18:59:59.999+00,"{""reason"": ""Manual Valuation Override""}"
b86fc8a0-723a-45f9-8cf7-0c5f3e3d3035,31960d22-7e96-457a-b977-2f6cca95735b,0,0.01,0,0,0,Initial,VAL-RESET-20260430-2796,2026-04-30 18:59:59.999+00,"{""reason"": ""Manual Valuation Override""}"
3b5c0222-fe66-459e-8a0d-e1be7505f1f8,5ada25b4-2b36-4680-8cb5-7b6818230550,0,24.13,0,0,0,Initial,VAL-RESET-20260430-2796,2026-04-30 18:59:59.999+00,"{""reason"": ""Manual Valuation Override""}"
96b661db-fd04-4f99-9bfb-e9164f7a9571,9e331ef8-d768-4b45-8434-ed8adde48deb,339,22,7458,0,0,Initial,VAL-RESET-20260430-4422,2026-04-30 18:59:59.999+00,"{""invalidated_by"": ""VAL-RESET-20260430-2796""}"
fafc7f76-30f2-48fc-899a-5de6c31d7fa2,a40b07a6-2948-489d-8dec-5e206ba38989,12.100000000000023,17,205.7000000000004,0.000000000000000,0.0000000000000000000000000000000,Initial,VAL-RESET-20260430-2796,2026-04-30 18:59:59.999+00,"{""reason"": ""Manual Valuation Override""}"
c054c4b3-a5a5-442d-ba46-98fba49d8b91,29a0bdd8-7ec8-49aa-94e2-3abc24a5fe6d,34312,24,823488,0,0,Initial,VAL-RESET-20260430-2796,2026-04-30 18:59:59.999+00,"{""invalidated_by"": ""VAL-RESET-20260331-7558""}"
487b4ef0-95c6-4419-8ebd-cd52fd405c74,b2f8974f-ab3c-4880-a03d-6d3b29d26c57,4369,17,74273,0,0,Initial,VAL-RESET-20260430-2796,2026-04-30 18:59:59.999+00,"{""invalidated_by"": ""VAL-RESET-20260331-7558""}"
6445f4d1-bce6-4966-af92-3514c469cca0,2725799f-a307-4777-8b00-84f03278ab57,22,24.377363532323745,536.3019977111223,0,0,Initial,VAL-RESET-20260430-2796,2026-04-30 18:59:59.999+00,"{""invalidated_by"": ""VAL-RESET-20260331-7558""}"
0effd5cd-d348-4e0d-9da3-b0732050fe39,2940757a-5bfb-4470-88bb-7346e6738f71,5135,17,87295,0,0,Initial,VAL-RESET-20260430-2796,2026-04-30 18:59:59.999+00,"{""invalidated_by"": ""VAL-RESET-20260331-7558""}"
7cf832a3-f699-4be4-a65c-3ff480e25b82,102e3e45-c488-4973-91c5-f62f51764ceb,923,20,18460,0,0,Initial,VAL-RESET-20260430-2796,2026-04-30 18:59:59.999+00,"{""invalidated_by"": ""VAL-RESET-20260331-7558""}"
15be5534-ef8f-46cb-8fa4-fc9428550c67,c96b657d-0bd6-4386-b94c-339c33714e3b,187,17.9,3347.2999999999997,0,0,Initial,VAL-RESET-20260430-2796,2026-04-30 18:59:59.999+00,"{""invalidated_by"": ""VAL-RESET-20260331-7558""}"
cbe9fc92-8b02-4a60-b852-9f01c28d3560,5dc03d6b-a9fc-4d75-976b-db7afb556301,2388,17,40596,0,0,Initial,VAL-RESET-20260430-2796,2026-04-30 18:59:59.999+00,"{""invalidated_by"": ""VAL-RESET-20260331-7558""}"
0cc9b32b-83d0-4777-9caa-0b04b0e9cb79,d383d741-fa61-4537-9ef9-7fb74115ded0,457,20,9140,0,0,Initial,VAL-RESET-20260430-2796,2026-04-30 18:59:59.999+00,"{""invalidated_by"": ""VAL-RESET-20260331-7558""}"
c8993c8a-64b8-416e-a243-28accfa59cb5,0825ad1f-baf7-4c6c-b9a8-df86095dac5c,31013,12.89,399757.57,0,0,Initial,VAL-RESET-20260430-2796,2026-04-30 18:59:59.999+00,"{""invalidated_by"": ""VAL-RESET-20260331-7558""}"
a4cb3f68-2fc6-4009-9ab3-3575f1965e89,2c08642b-74ca-4429-acfa-8cb3911b39b3,3560,32,113920,0,0,Initial,VAL-RESET-20260430-2796,2026-04-30 18:59:59.999+00,"{""invalidated_by"": ""VAL-RESET-20260331-7558""}"
0e0da993-56cc-450c-8399-2c89efe9b792,36fc17de-cda5-4433-9ab6-525db53d1776,878,22,19316,0,0,Initial,VAL-RESET-20260430-2796,2026-04-30 18:59:59.999+00,"{""invalidated_by"": ""VAL-RESET-20260331-7558""}"
f5c97339-fbe2-4426-bd0f-7818a53c62c4,da5c9701-b165-4fcf-85ac-7d8abfba8e6b,6174,34.4,212385.59999999998,0,0,Initial,VAL-RESET-20260430-2796,2026-04-30 18:59:59.999+00,"{""invalidated_by"": ""VAL-RESET-20260331-7558""}"
a1ae0dad-822d-4f1c-a3a9-5322b0f27cf2,9e331ef8-d768-4b45-8434-ed8adde48deb,335,34,11390,0,0,Initial,VAL-RESET-20260430-2796,2026-04-30 18:59:59.999+00,"{""invalidated_by"": ""VAL-RESET-20260331-7558""}"
d954f1ad-9670-4967-95cd-63c8640232a1,8b945707-4cb1-4e34-8d12-92da06120bd2,867,69.2179,60011.9193,0,0,Initial,VAL-RESET-20260430-2796,2026-04-30 18:59:59.999+00,"{""invalidated_by"": ""VAL-RESET-20260331-7558""}"
bf56ac8d-326e-459b-82e8-1a7df7544e1d,c8ca813c-e4be-428e-aef8-503eeeb948b7,936,60,56160,0,0,Initial,VAL-RESET-20260430-2796,2026-04-30 18:59:59.999+00,"{""invalidated_by"": ""VAL-RESET-20260331-7558""}"
35068138-a08b-43f7-93db-05db7307ded0,d23536f3-0d86-4dcd-934e-9085566d4dc7,70750.35,92.22442804169873,6524910.5625,0,0,Purchase,Bill 0b5685e0,2026-05-02 07:00:00+00,"{""invalidated_by"": ""VAL-RESET-20260430-4422""}"
cd3de010-e05a-4b21-b046-7b13e44f5807,e646adf3-e04a-4919-8dd4-d53927f5584b,2210,90.85300729482711,200785.1461215679,0,0,Production,Auto-Repair: Production Move for 10,2026-04-11 06:45:05.112566+00,"{""invalidated_by"": ""VAL-RESET-20260430-3716""}"
da6bce04-e50d-44ef-b476-d4daf3fb78a2,da5c9701-b165-4fcf-85ac-7d8abfba8e6b,6031,92.94306041555204,560539.5973661944,0,0,Initial,VAL-RESET-20260430-4422,2026-04-30 18:59:59.999+00,"{""invalidated_by"": ""VAL-RESET-20260430-2796""}"
7f2f5314-166c-4225-a50e-1e192f2d3f71,65415ac9-fc97-471a-b17f-1340c7b1b55a,1474.425,72.162,106397.45685,0,0,Initial,VAL-RESET-20260430-4422,2026-04-30 18:59:59.999+00,"{""invalidated_by"": ""VAL-RESET-20260430-2796""}"
d43c3d6a-23e3-432f-9734-4d6e3caa6834,d23536f3-0d86-4dcd-934e-9085566d4dc7,-20618,5.7466717383035375,-118484.87790034234,0,0,Production,Auto-Repair: Production Move for Standard,2026-04-11 06:45:09.945555+00,"{""auto_repair"": true, ""stock_move_id"": ""5d2f0b55-b7f5-426e-8c5e-1684ae283cbd""}"
c712e6cd-fb32-43e1-9aeb-58e39ddc5818,2725799f-a307-4777-8b00-84f03278ab57,-218,24.377363532323745,-5314.2652500465765,0,0,Production,Auto-Repair: Production Move for 20,2026-04-11 06:45:12.368995+00,"{""auto_repair"": true, ""stock_move_id"": ""6cc6b722-3d5d-4c16-8e15-9b4a5400cdad""}"
963fbfe4-e901-41ae-b062-6b2d619138c9,65415ac9-fc97-471a-b17f-1340c7b1b55a,-100,25,-2500,0,0,Production,Auto-Repair: Production Move for 80,2026-04-11 06:45:12.961373+00,"{""auto_repair"": true, ""stock_move_id"": ""4206f90b-0751-48af-88ba-7822f64819e7""}"
ccd41670-ca9d-41df-97b3-453421942eab,d23536f3-0d86-4dcd-934e-9085566d4dc7,-24050,5.7466717383035375,-138207.45530620008,0,0,Production,Auto-Repair: Production Move for Standard,2026-04-11 06:45:13.583136+00,"{""auto_repair"": true, ""stock_move_id"": ""8418840c-0764-4cec-b487-a61cd96a962c""}"
8f6a5a65-dbab-4bad-b05b-97f0e9f4654c,2725799f-a307-4777-8b00-84f03278ab57,-365,24.377363532323745,-8897.737689298167,0,0,Production,Auto-Repair: Production Move for 20,2026-04-11 06:45:14.216439+00,"{""auto_repair"": true, ""stock_move_id"": ""5bc3d151-a5bf-4f4d-b404-c05b303798d7""}"
e3cf393b-70bc-4174-a808-bb64edb947dc,8b945707-4cb1-4e34-8d12-92da06120bd2,-38,68.8071,-2614.6698,0,0,Production,Auto-Repair: Production Move for 80,2026-04-11 06:45:14.85011+00,"{""auto_repair"": true, ""stock_move_id"": ""7f1a9b41-eb34-40c8-a850-e5e02f7f67d6""}"
c6d095f8-9c5c-4c9b-99f9-aa36fd2420ea,65415ac9-fc97-471a-b17f-1340c7b1b55a,-81,25,-2025,0,0,Production,Auto-Repair: Production Move for 80,2026-04-11 06:45:15.469822+00,"{""auto_repair"": true, ""stock_move_id"": ""9a2ece52-751e-4cc5-8018-5bac2a263c10""}"
82b8de06-cb12-4f4b-bfce-55d5d155caf6,d23536f3-0d86-4dcd-934e-9085566d4dc7,-16152,5.7466717383035375,-92820.24191707873,0,0,Production,Auto-Repair: Production Move for Standard,2026-04-11 06:45:16.08564+00,"{""auto_repair"": true, ""stock_move_id"": ""ba4c344a-d1e5-4f0b-b164-bf866b7691e2""}"
4cd5c6d6-4867-43f7-9194-d52801f83eec,da5c9701-b165-4fcf-85ac-7d8abfba8e6b,-88,34.5,-3036,0,0,Production,Auto-Repair: Production Move for 34,2026-04-11 06:45:16.729031+00,"{""auto_repair"": true, ""stock_move_id"": ""b12bd5c7-5545-4293-9e1d-9e2f85b27934""}"
2582f37c-7ed9-49aa-8cdd-6f626981312c,65415ac9-fc97-471a-b17f-1340c7b1b55a,-50,25,-1250,0,0,Production,Auto-Repair: Production Move for 80,2026-04-11 06:45:17.329002+00,"{""auto_repair"": true, ""stock_move_id"": ""853a1fa1-79ba-4a85-ae4c-30ffca10db95""}"
d8016ad4-64b1-4f92-99ad-69d0e1026d7a,8b945707-4cb1-4e34-8d12-92da06120bd2,-31,68.8071,-2133.0201,0,0,Production,Auto-Repair: Production Move for 80,2026-04-11 06:45:17.939093+00,"{""auto_repair"": true, ""stock_move_id"": ""f9b34c59-75b8-46b4-b411-6c6dec4d43f2""}"
68d982b6-e5a2-4d77-9dcc-feeb467df339,b2f8974f-ab3c-4880-a03d-6d3b29d26c57,-170,12.806,-2177.02,0,0,Production,Auto-Repair: Production Move for 10,2026-04-11 06:45:18.530005+00,"{""auto_repair"": true, ""stock_move_id"": ""833dc1cd-8c45-43d6-ae0e-6a2b805c6104""}"
a122860e-c397-47fb-a335-4fd478a96076,2725799f-a307-4777-8b00-84f03278ab57,-244,24.377363532323745,-5948.076701886994,0,0,Production,Auto-Repair: Production Move for 20,2026-04-11 06:45:19.133015+00,"{""auto_repair"": true, ""stock_move_id"": ""da61fc07-0b41-4f09-be26-f0960ecdeebc""}"
8c31feb7-3341-445a-a5e9-bb0fda63fca6,da5c9701-b165-4fcf-85ac-7d8abfba8e6b,-130,34.5,-4485,0,0,Production,Auto-Repair: Production Move for 34,2026-04-11 06:45:19.715705+00,"{""auto_repair"": true, ""stock_move_id"": ""78d46018-c10d-45bd-aae3-be4171697ae4""}"
908afe9e-0eeb-4f1e-a3fc-9ec571c1dbfb,c96b657d-0bd6-4386-b94c-339c33714e3b,-106,17.9,-1897.3999999999999,0,0,Production,Auto-Repair: Production Move for 10,2026-04-11 06:45:20.321591+00,"{""auto_repair"": true, ""stock_move_id"": ""7157e7fd-fed4-4430-b18b-51eb7339998d""}"
e3875c70-650c-47c8-b0a7-5e2d933a14fd,d23536f3-0d86-4dcd-934e-9085566d4dc7,-30724,5.7466717383035375,-176560.74248763788,0,0,Production,Auto-Repair: Production Move for Standard,2026-04-11 06:45:20.933672+00,"{""auto_repair"": true, ""stock_move_id"": ""b431c53d-d6ec-4976-b754-9a99a4ba1297""}"
f0b58674-4d00-4ce9-bcb5-41db0d07e299,b2f8974f-ab3c-4880-a03d-6d3b29d26c57,-189,12.806,-2420.334,0,0,Production,Auto-Repair: Production Move for 10,2026-04-11 06:45:21.589788+00,"{""auto_repair"": true, ""stock_move_id"": ""ab3d6181-2260-4079-bb4f-e1cffd0394e6""}"
658e3ca4-8c14-4966-a530-8cb92d92fc23,2725799f-a307-4777-8b00-84f03278ab57,-448,24.377363532323745,-10921.058862481037,0,0,Production,Auto-Repair: Production Move for 20,2026-04-11 06:45:22.237145+00,"{""auto_repair"": true, ""stock_move_id"": ""dd906baa-2063-4d43-8de4-c4539f612bf4""}"
15dfc7eb-bd9a-4aee-80ef-0bf82f54f176,8b945707-4cb1-4e34-8d12-92da06120bd2,-60,68.8071,-4128.426,0,0,Production,Auto-Repair: Production Move for 80,2026-04-11 06:45:22.850653+00,"{""auto_repair"": true, ""stock_move_id"": ""043103a9-17f5-4693-957a-bf2144100b3b""}"
69dad8af-7710-427e-a837-e6fc786f4d29,65415ac9-fc97-471a-b17f-1340c7b1b55a,-83,25,-2075,0,0,Production,Auto-Repair: Production Move for 80,2026-04-11 06:45:23.474795+00,"{""auto_repair"": true, ""stock_move_id"": ""4a84d31a-14a4-4c09-a0f2-a511d6f14196""}"
7cdb2017-206b-4a52-9f54-5b10bcafa70e,da5c9701-b165-4fcf-85ac-7d8abfba8e6b,-151,34.5,-5209.5,0,0,Production,Auto-Repair: Production Move for 34,2026-04-11 06:45:24.080535+00,"{""auto_repair"": true, ""stock_move_id"": ""583cae43-c656-47f6-a14b-dbcda64a820c""}"
bf587535-5d2f-4b81-aa72-4145438c877e,b2f8974f-ab3c-4880-a03d-6d3b29d26c57,-299,12.806,-3828.9939999999997,0,0,Production,Auto-Repair: Production Move for 10,2026-04-11 06:45:24.700379+00,"{""auto_repair"": true, ""stock_move_id"": ""04b4db05-d00b-4337-9028-25849a43eba6""}"
6e01f050-3cc8-4279-b04f-4acebfa151f8,e646adf3-e04a-4919-8dd4-d53927f5584b,-1000,90.85300729482711,-90853.00729482711,0,0,Sale,Auto-Repair: Sale Move for 10,2026-04-11 06:45:25.307297+00,"{""auto_repair"": true, ""stock_move_id"": ""f9894f0b-2135-412e-b4ac-bf2a49333718""}"
127249be-e06a-474c-9d74-6fe6b73f8756,2c981082-c3ab-47b1-99c3-c34fe22ee02c,-1200,90.10922692546995,-108131.07231056395,0,0,Sale,Auto-Repair: Sale Move for 80,2026-04-11 06:45:25.940654+00,"{""auto_repair"": true, ""stock_move_id"": ""7ed20369-2e3d-4f1a-a063-3e22a352123a""}"
98e3b975-b181-44c2-a975-5622a6c2c2c1,a6707819-7f9c-4968-ad8e-badfec24bef2,-400,89.572379064604,-35828.9516258416,0,0,Sale,Auto-Repair: Sale Move for 20,2026-04-11 06:45:26.554613+00,"{""auto_repair"": true, ""stock_move_id"": ""8bd693c0-40fb-4c2c-9360-83d08fa0c0a2""}"
18c719c5-721a-468a-8f2f-7543511908c9,a6707819-7f9c-4968-ad8e-badfec24bef2,-1200,89.572379064604,-107486.85487752479,0,0,Sale,Auto-Repair: Sale Move for 20,2026-04-11 06:45:27.203393+00,"{""auto_repair"": true, ""stock_move_id"": ""7e346bdf-25ef-4ed7-9bc8-cb911ec48ee2""}"
248510b0-148d-4be3-90b8-6695ccb67a70,da5c9701-b165-4fcf-85ac-7d8abfba8e6b,500,34.5,17250,0,0,Purchase,Auto-Repair: Purchase Move for 34,2026-04-11 06:45:27.814244+00,"{""invalidated_by"": ""VAL-RESET-20260430-3716""}"
2e6db67b-e26a-442b-b312-ffa27a582c75,2c981082-c3ab-47b1-99c3-c34fe22ee02c,2480,90.10922692546995,223470.8827751655,0,0,Production,Auto-Repair: Production Move for 80,2026-04-11 06:44:52.958163+00,"{""invalidated_by"": ""VAL-RESET-20260430-3716""}"
6a48aa5a-9e29-4088-ad44-464f4342378b,e560c8fd-332b-48cb-b7de-125a590bcb0c,4000,88.80139897160952,355205.59588643804,0,0,Production,Auto-Repair: Production Move for 80,2026-04-11 06:44:55.464833+00,"{""invalidated_by"": ""VAL-RESET-20260430-3716""}"
747c62ce-28ba-40c0-a8f1-3db41e29bdd1,e560c8fd-332b-48cb-b7de-125a590bcb0c,8160,88.80139897160952,724619.4156083337,0,0,Production,Auto-Repair: Production Move for 80,2026-04-11 06:45:02.721763+00,"{""invalidated_by"": ""VAL-RESET-20260430-3716""}"
595e0224-236d-4555-bc63-e7b3d68da116,e560c8fd-332b-48cb-b7de-125a590bcb0c,7280,88.80139897160952,646474.1845133173,0,0,Production,Auto-Repair: Production Move for 80,2026-04-11 06:45:07.510638+00,"{""invalidated_by"": ""VAL-RESET-20260430-3716""}"
e97ee223-dcac-482f-bb24-6a7fbf340506,d23536f3-0d86-4dcd-934e-9085566d4dc7,-47742,5.7466717383035375,-274357.6021300875,0,0,Production,Auto-Repair: Production Move for Standard,2026-04-11 06:45:30.865433+00,"{""auto_repair"": true, ""stock_move_id"": ""12799400-e772-4ced-8bc7-4948d74d298c""}"
e4223bb1-6f65-4d7e-b294-81106dfadb14,2725799f-a307-4777-8b00-84f03278ab57,-927,24.377363532323745,-22597.815994464112,0,0,Production,Auto-Repair: Production Move for 20,2026-04-11 06:45:33.276086+00,"{""auto_repair"": true, ""stock_move_id"": ""86d0258f-0503-4354-a569-b5f49d2be180""}"
e502eff0-061c-4ee4-8d8f-558813078346,da5c9701-b165-4fcf-85ac-7d8abfba8e6b,-56,34.5,-1932,0,0,Production,Auto-Repair: Production Move for 34,2026-04-11 06:45:35.685226+00,"{""auto_repair"": true, ""stock_move_id"": ""747ac3f2-9b0c-43c4-a112-4dd2edbe9250""}"
1d9a48f2-a38c-4fe7-bbd0-d7c5b8ed3755,b2f8974f-ab3c-4880-a03d-6d3b29d26c57,-243,12.806,-3111.8579999999997,0,0,Production,Auto-Repair: Production Move for 10,2026-04-11 06:45:38.100694+00,"{""auto_repair"": true, ""stock_move_id"": ""abad79ad-0464-4806-b645-5b5faeae285a""}"
067cf5f7-33ed-4935-b482-c7ed819a9794,8b945707-4cb1-4e34-8d12-92da06120bd2,-17,68.8071,-1169.7207,0,0,Production,Auto-Repair: Production Move for 80,2026-04-11 06:45:40.483665+00,"{""auto_repair"": true, ""stock_move_id"": ""da9c2b3f-5435-49dd-baa5-17dc3895a6ee""}"
9343aa20-2f56-451a-ac60-5ab0fec9bfde,8b945707-4cb1-4e34-8d12-92da06120bd2,-60,68.8071,-4128.426,0,0,Production,Auto-Repair: Production Move for 80,2026-04-11 06:45:42.964423+00,"{""auto_repair"": true, ""stock_move_id"": ""295a2604-b354-468e-9267-3eb0a772d69e""}"
27a4a33c-6b49-497a-95d7-3ef31fc95fde,2725799f-a307-4777-8b00-84f03278ab57,-299,24.377363532323745,-7288.8316961648,0,0,Production,Auto-Repair: Production Move for 20,2026-04-11 06:45:45.414948+00,"{""auto_repair"": true, ""stock_move_id"": ""bdbe8efb-50ed-4bc2-afe9-5e6dff4c5664""}"
f0045164-1f3f-4780-a2f0-be2aef462267,65415ac9-fc97-471a-b17f-1340c7b1b55a,-91,25,-2275,0,0,Production,Auto-Repair: Production Move for 80,2026-04-11 06:45:47.903934+00,"{""auto_repair"": true, ""stock_move_id"": ""7b18f793-7780-4bc7-b48e-3faa67c847b1""}"
971acb3a-4f86-4f04-9ddd-0de79989bc72,2c981082-c3ab-47b1-99c3-c34fe22ee02c,-1200,90.10922692546995,-108131.07231056395,0,0,Sale,Auto-Repair: Sale Move for 80,2026-04-11 06:45:50.335877+00,"{""auto_repair"": true, ""stock_move_id"": ""71c366e8-3f62-4277-9f34-084381b8b102""}"
559c101b-188b-4955-a80f-3d60621191f6,937ec71e-d35e-4c0a-b48a-7e72d77e86c1,90,92.1949674281742,8297.547068535678,0,0,Conversion,CONV-1775903296367,2026-04-11 10:28:17.768403+00,"{""invalidated_by"": ""VAL-RESET-20260430-3716""}"
b720636a-47a2-463c-9409-84395c52ec60,d23536f3-0d86-4dcd-934e-9085566d4dc7,17711.1,83,1470021.2999999998,0.0,0.0000000000000000000000000000000000000000000,Purchase,Bill c09e211f,2026-04-18 07:00:00+00,{}
7c13330b-0d16-40be-bf3a-2fff41ef9fa0,937ec71e-d35e-4c0a-b48a-7e72d77e86c1,510,92.67323297088983,47263.34881515381,0,0,Conversion,CONV-1775903357337,2026-04-11 10:29:18.192876+00,"{""invalidated_by"": ""VAL-RESET-20260430-3716""}"
98211e1c-8e53-4dc6-93e3-8b5cc75fec1c,d9964e90-72ce-482b-8a17-7651628e223e,1000,75,75000,0,0.0000000000000000,Adjustment,Auto-Repair: Adjustment Move for Standard,2026-04-11 06:42:52.538101+00,"{""auto_repair"": true, ""stock_move_id"": ""408fde89-8d99-44a2-bbac-5f22b3f81934""}"
a3768863-1669-4cc8-a61b-8f625834a88b,29f97aa5-e538-4261-b69f-6b1a394015c9,1400,13.474428041698733,18864.199258378227,0,0,Purchase,Bill 0b5685e0,2026-05-02 07:00:00+00,"{""invalidated_by"": ""VAL-RESET-20260430-4422""}"
bc32afc4-ae58-47a4-85c6-ba05e2b83d68,937ec71e-d35e-4c0a-b48a-7e72d77e86c1,1005,88.03508526367985,88475.26068999825,0,0,Adjustment,DELETED: INV-2026-04-00299 (was reversed),2026-04-13 18:22:53.700464+00,"{""invalidated_by"": ""VAL-RESET-20260430-3716""}"
706c84aa-2824-4c7c-b1ef-8e22c04b2293,937ec71e-d35e-4c0a-b48a-7e72d77e86c1,1005,86.69216242283916,87125.62323495335,0,0,Adjustment,DELETED: INV-2026-04-00300 (was reversed),2026-04-13 18:49:26.95003+00,"{""invalidated_by"": ""VAL-RESET-20260430-3716""}"
9ebd9dad-95ec-462f-90d5-221ee44a42c7,8851e237-ca39-487c-a35f-e28fe711d32c,5000,73.9560754432776,369780.377216388,0,0.0000000000000000,Adjustment,Rev: INV-2026-04-00302||/sales/invoices/a821322b-d265-4a9f-98e1-7584e265b2a5,2026-04-15 05:25:09.894014+00,"{""reason"": ""Invoice Reset to Draft""}"
545e1bde-afe1-4cb4-a20d-cc3dabdaf444,937ec71e-d35e-4c0a-b48a-7e72d77e86c1,4875,44.17678092369958,215361.80700303547,0,0,Production,MO-2026-04-00029,2026-04-14 06:00:41.449767+00,"{""invalidated_by"": ""VAL-RESET-20260430-3716""}"
6d4b6779-52a0-4d45-8b26-5decefc07fc9,937ec71e-d35e-4c0a-b48a-7e72d77e86c1,8520,43.852041687218986,373619.3951751058,0,0,Production,MO-2026-04-00030,2026-04-15 05:05:07.761643+00,"{""invalidated_by"": ""VAL-RESET-20260430-3716""}"
c77f98f9-ad0e-4f26-89eb-ca2dfd5737f0,412aa341-e0a4-46bd-a236-57ae4776e21c,0,91.7865737665065,0,0,0,Initial,VAL-RESET-20260430-3716,2026-04-30 18:59:59.999+00,"{""reason"": ""Manual Valuation Override""}"
ffb4f3ae-8c71-491c-900b-2a1a3c5a6852,a2ecdf21-8089-4d7d-9497-4addbc48b90c,20,91.7865737665065,1835.7314753301303,0,0,Production,Auto-Repair: Production Move for 10,2026-04-11 06:45:28.411323+00,"{""invalidated_by"": ""VAL-RESET-20260430-3716""}"
f4859a2b-b24e-41ea-8fd8-9c19f719d710,3fbbd2fb-4cd6-40e6-8856-26ef2c823bc5,5490,92.94306041555204,510257.4016813807,0,0,Production,MO-2026-04-00044,2026-04-30 10:37:45.522379+00,"{""invalidated_by"": ""VAL-RESET-20260430-3716""}"
ea1983ff-e9e3-4df7-9fdb-8fc09bcf4998,93765798-ca54-496a-94c6-bb4f273bfe27,0,88.01913360401284,0,0,0,Initial,VAL-RESET-20260430-3716,2026-04-30 18:59:59.999+00,"{""reason"": ""Manual Valuation Override""}"
8ec75c7f-8261-4f10-a364-18540f68ad1f,18568477-1a69-413a-b5bd-94333c860750,5270,93.32976192327457,491847.845335657,0,0,Production,MO-2026-04-00043,2026-04-29 07:58:44.912523+00,"{""invalidated_by"": ""VAL-RESET-20260430-3716""}"
98a21f53-032d-48e0-a2ac-20ebf212851d,d23536f3-0d86-4dcd-934e-9085566d4dc7,59320.8,91.82293057409879,5447009.7,0,0,Purchase,Bill 9c3273dd,2026-04-23 07:00:00+00,"{""invalidated_by"": ""VAL-RESET-20260430-3716""}"
5918ee7b-9b10-4161-ba5e-09230d7b863e,1066c1db-bbd7-4256-a751-f5cbf463f8a3,4695,91.54299412240378,429794.35740468575,0,0.0000000000000000,Production,MO-2026-05-00046,2026-05-04 13:31:43.376122+00,{}
43707c58-e478-4fd0-b173-2922602cee37,10f96fbf-6d9a-4dde-87da-c04faf2ae3f1,0,500,0,0,0,Initial,VAL-RESET-20260430-2796,2026-04-30 18:59:59.999+00,"{""reason"": ""Manual Valuation Override""}"
5287fd07-daf0-4111-851b-17e5d632253c,eed9f545-8ba6-4704-b22a-b49d8e0db874,0,0,0,0,0,Initial,VAL-RESET-20260430-2796,2026-04-30 18:59:59.999+00,"{""reason"": ""Manual Valuation Override""}"
a1195033-8adb-4ebc-83b6-ffb25b8d2eac,bc73ce5a-ee82-4283-99f6-46fdeaaca7d1,0,0,0,0,0,Initial,VAL-RESET-20260430-2796,2026-04-30 18:59:59.999+00,"{""reason"": ""Manual Valuation Override""}"
dc545d8c-eb8f-4379-bb47-af1b301f1631,abd8f3c5-ce78-4d29-8e62-c55b54aded3a,0,0,0,0,0,Initial,VAL-RESET-20260430-2796,2026-04-30 18:59:59.999+00,"{""reason"": ""Manual Valuation Override""}"
e01a19f3-db6c-4563-887f-c837ca005068,6980162c-6553-41b7-8e80-4110c37c1ecc,0,0,0,0,0,Initial,VAL-RESET-20260430-2796,2026-04-30 18:59:59.999+00,"{""reason"": ""Manual Valuation Override""}"
c79e1606-28f9-41a3-8f6f-b9adf99332c7,6e324c36-0f63-44fc-96d4-171f158706cb,0,69.1765,0,0,0,Initial,VAL-RESET-20260430-2796,2026-04-30 18:59:59.999+00,"{""reason"": ""Manual Valuation Override""}"
edc208e1-53aa-4eda-9a03-9dcdb3fc97cf,18568477-1a69-413a-b5bd-94333c860750,0,70.58823529411765,0,0,0,Initial,VAL-RESET-20260430-2796,2026-04-30 18:59:59.999+00,"{""reason"": ""Manual Valuation Override""}"
77af8c55-0ce5-4208-8b2b-24e616234ea4,e6b304c1-06aa-4346-988a-bc1dfd29a613,0,112.7,0,0,0,Initial,VAL-RESET-20260430-2796,2026-04-30 18:59:59.999+00,"{""reason"": ""Manual Valuation Override""}"
52b6b096-41ab-42bd-90d1-32db66498871,6e635acf-ca3f-406a-9177-bdaa6406317e,0,112.7,0,0,0,Initial,VAL-RESET-20260430-2796,2026-04-30 18:59:59.999+00,"{""reason"": ""Manual Valuation Override""}"
1c6a8040-a271-4021-b055-dd370d15ad58,4c46ce95-42bf-4f3d-beb8-123623d0fa76,0,112.7,0,0,0,Initial,VAL-RESET-20260430-2796,2026-04-30 18:59:59.999+00,"{""reason"": ""Manual Valuation Override""}"
62a7e525-bcbc-46b5-803e-cadf94ca9cdc,65415ac9-fc97-471a-b17f-1340c7b1b55a,1474.425,72.162,106397.45685,0,0,Initial,VAL-RESET-20260430-2796,2026-04-30 18:59:59.999+00,"{""invalidated_by"": ""VAL-RESET-20260331-7558""}"
23312fcd-7318-4d37-addf-4c159a640c44,29f97aa5-e538-4261-b69f-6b1a394015c9,11497,25,287425,0,0,Initial,VAL-RESET-20260430-2796,2026-04-30 18:59:59.999+00,"{""invalidated_by"": ""VAL-RESET-20260331-7558""}"
32b0a452-3853-4e81-b649-2ec062a5f0c7,65415ac9-fc97-471a-b17f-1340c7b1b55a,-125,25,-3125,0,0,Production,Auto-Repair: Production Move for 80,2026-04-11 06:45:31.462878+00,"{""auto_repair"": true, ""stock_move_id"": ""4356c03f-912c-4120-8871-bc66b5a22be3""}"
2190b2e4-ef12-40f2-b901-2757df76732c,b2f8974f-ab3c-4880-a03d-6d3b29d26c57,-785,12.806,-10052.71,0,0,Production,Auto-Repair: Production Move for 10,2026-04-11 06:45:33.876134+00,"{""auto_repair"": true, ""stock_move_id"": ""78b98cf5-f860-4ee5-b0e0-174b31723cfc""}"
32cb7123-5403-4673-83f1-15f61820365e,65415ac9-fc97-471a-b17f-1340c7b1b55a,-50,25,-1250,0,0,Production,Auto-Repair: Production Move for 80,2026-04-11 06:45:36.291523+00,"{""auto_repair"": true, ""stock_move_id"": ""fdbbcba6-e1e8-45c8-bffe-c7bb9c03c41b""}"
5aa88c2d-db26-40db-b33e-2444e05f3c8a,d23536f3-0d86-4dcd-934e-9085566d4dc7,-10212,5.7466717383035375,-58685.01179155573,0,0,Production,Auto-Repair: Production Move for Standard,2026-04-11 06:45:38.693402+00,"{""auto_repair"": true, ""stock_move_id"": ""5aa0723f-c8e9-40bc-bd4c-95afd1b79bbc""}"
c0b64133-6494-4705-9d1d-104196dbc192,2725799f-a307-4777-8b00-84f03278ab57,-161,24.377363532323745,-3924.7555287041228,0,0,Production,Auto-Repair: Production Move for 20,2026-04-11 06:45:41.078165+00,"{""auto_repair"": true, ""stock_move_id"": ""67c4fa70-bf37-4931-9d85-cf51dd7837e1""}"
f1add295-57c6-4b3d-8539-e719d12e2299,2725799f-a307-4777-8b00-84f03278ab57,-221,24.377363532323745,-5387.397340643548,0,0,Production,Auto-Repair: Production Move for 20,2026-04-11 06:45:43.575122+00,"{""auto_repair"": true, ""stock_move_id"": ""e3a6bd26-1658-4d2f-8aa2-35eab2e01c2e""}"
40776f78-e78a-46ee-94e4-43dc8fac071b,d23536f3-0d86-4dcd-934e-9085566d4dc7,-21402,5.7466717383035375,-122990.26854317231,0,0,Production,Auto-Repair: Production Move for Standard,2026-04-11 06:45:46.057051+00,"{""auto_repair"": true, ""stock_move_id"": ""6c8a3f18-d175-43bc-b3c0-7fcf058b85e3""}"
d0864661-2f66-4277-b2cc-fd7c04307af4,8b945707-4cb1-4e34-8d12-92da06120bd2,-45,68.8071,-3096.3195,0,0,Production,Auto-Repair: Production Move for 80,2026-04-11 06:45:48.500158+00,"{""auto_repair"": true, ""stock_move_id"": ""bf201099-6248-442a-a5f4-71f4ae3ff1a7""}"
0907b85b-81ca-4653-b4b3-8df54c85ed2b,412aa341-e0a4-46bd-a236-57ae4776e21c,4320,91.7865737665065,396517.9986713081,0,0,Production,Auto-Repair: Production Move for 15,2026-04-11 06:45:29.040148+00,"{""invalidated_by"": ""VAL-RESET-20260430-3716""}"
12ec7988-3ca6-4b3e-bd00-9a758416f396,d23536f3-0d86-4dcd-934e-9085566d4dc7,11592.9,83.75,970905.375,0.0,0.00000000000000000000000000000000000000000000000000000,Purchase,PO-2026-04-00043,2026-04-18 12:28:03.147752+00,{}
4e4c3c31-e1eb-4668-b7fa-3f3cff6d8c49,65415ac9-fc97-471a-b17f-1340c7b1b55a,1000,72.162,72162,0,0,Purchase,PO-2026-05-00060,2026-05-02 08:35:30.176481+00,"{""invalidated_by"": ""VAL-RESET-20260430-4422""}"
8228eebb-84e5-4d40-8c0c-eeb00be8a7d3,14e494c5-f77b-44a0-904e-6030187b2a45,0,91.7865737665065,0,0,0,Initial,VAL-RESET-20260430-3716,2026-04-30 18:59:59.999+00,"{""reason"": ""Manual Valuation Override""}"
5a3f65c0-0b2e-4fe0-84dd-5d161815d210,5ffd5921-5ad2-4d30-b598-4337f1a39464,120,91.7865737665065,11014.38885198078,0,0,Conversion,Auto-Repair: Conversion Move for 20,2026-04-11 06:37:59.466835+00,"{""invalidated_by"": ""VAL-RESET-20260430-3716""}"
1500ac23-d3d0-40a5-90ac-11ebe561e462,a40b07a6-2948-489d-8dec-5e206ba38989,21,20.100000000000005,422.1000000000001,0.0,0.0000000000000000000000000000000,Conversion,CONV-1777113766554,2026-04-25 10:42:47.936597+00,{}
b6c2a024-5655-43f3-8c14-0be257a585fd,396eef73-791a-465c-ae17-b78505b08d5f,280,78.75570764382422,22051.598140270784,0,0.0000000000000000,Sale Return,Final Cleanup: Sale Return for 10,2026-04-11 07:02:37.798292+00,"{""final_cleanup"": true, ""stock_move_id"": ""0b343f09-d77c-44a6-ba09-e6e70d965ae4""}"
0f5e2a73-244f-4045-bd35-3319ff45d966,a48054e2-5d92-4162-8afa-6a9565b697ea,0,107.5,0,0,0,Initial,VAL-RESET-20260430-3716,2026-04-30 18:59:59.999+00,"{""reason"": ""Manual Valuation Override""}"
8f3ea6a1-b581-42c8-9cfa-cad5fccc5b07,29f97aa5-e538-4261-b69f-6b1a394015c9,1200,17.072930574098798,20487.516688918557,0,0,Purchase,Bill 9c3273dd,2026-04-23 07:00:00+00,"{""invalidated_by"": ""VAL-RESET-20260430-3716""}"
6df22a56-50b7-4010-a0c9-ed59aebe1471,d23536f3-0d86-4dcd-934e-9085566d4dc7,12216.6,90.625,1107129.375,0,0,Purchase,PO-2026-04-00056,2026-04-29 08:23:28.363519+00,"{""invalidated_by"": ""VAL-RESET-20260430-3716""}"
0f34cb00-8544-4cf3-ac1a-23d8eab574e3,c6b76b35-74b4-4b7d-aa4d-e473698b2f81,60,91.54299412240378,5492.579647344227,0,0.0000000000000000,Production,MO-2026-05-00046,2026-05-04 13:31:43.687987+00,{}
cef47e34-d48c-48dc-943b-805d8fee7ca3,2c981082-c3ab-47b1-99c3-c34fe22ee02c,5360,91.54299412240378,490670.44849608425,0,0,Production,MO-2026-05-00046,2026-05-04 13:31:44.183773+00,"{""invalidated_by"": ""VAL-RESET-20260430-2796""}"
744eebe6-6187-4d23-b409-ce8725bb1ec1,396eef73-791a-465c-ae17-b78505b08d5f,0,105.35,0,0,0,Initial,VAL-RESET-20260430-2796,2026-04-30 18:59:59.999+00,"{""reason"": ""Manual Valuation Override""}"
5e8608a7-9509-4cab-bd4f-95fa9b7fff6a,d9964e90-72ce-482b-8a17-7651628e223e,0,75,0,0,0,Initial,VAL-RESET-20260430-2796,2026-04-30 18:59:59.999+00,"{""reason"": ""Manual Valuation Override""}"
29741edb-1540-47b5-b44b-21d58432fe46,2c52647d-a84b-4dd5-b46b-02e3c9c4666c,0,0,0,0,0,Initial,VAL-RESET-20260430-2796,2026-04-30 18:59:59.999+00,"{""reason"": ""Manual Valuation Override""}"
c52157fc-13aa-417a-9eee-1f46d28c9758,085c173e-052c-4022-8a90-be5c0ba7b627,0,78.88704005207522,0,0,0,Initial,VAL-RESET-20260430-2796,2026-04-30 18:59:59.999+00,"{""reason"": ""Manual Valuation Override""}"
2b43dddd-05ed-4f97-8882-728095233b14,d23536f3-0d86-4dcd-934e-9085566d4dc7,55300,83.60488154611211,4623349.9495,0,0,Purchase,Bill bf6048bf,2026-05-04 07:00:00+00,"{""invalidated_by"": ""VAL-RESET-20260430-2796""}"
942f3642-73c5-4b05-a49a-351e47e985eb,bc73ce5a-ee82-4283-99f6-46fdeaaca7d1,0,0,0,0,0,Initial,VAL-RESET-20260331-7558,2026-03-31 18:59:59.999+00,"{""reason"": ""Manual Valuation Override""}"
df6d8a84-b79b-437e-8caf-9a06e1595bbb,2c981082-c3ab-47b1-99c3-c34fe22ee02c,28080,115,3229200,0,0,Initial,VAL-RESET-20260430-2796,2026-04-30 18:59:59.999+00,"{""invalidated_by"": ""VAL-RESET-20260331-7558""}"
83d7defd-1607-46d8-bdc4-00a507bc18e5,7228dd62-c775-4f2b-bc08-dda954f29958,10,105.35,1053.5,0,0,Initial,VAL-RESET-20260430-2796,2026-04-30 18:59:59.999+00,"{""invalidated_by"": ""VAL-RESET-20260331-7558""}"
376c16a0-6088-48db-abcc-2ba2eb595c5e,8851e237-ca39-487c-a35f-e28fe711d32c,26400,105.625,2788500,0,0,Initial,VAL-RESET-20260430-2796,2026-04-30 18:59:59.999+00,"{""invalidated_by"": ""VAL-RESET-20260331-7558""}"
5b107029-0f70-45cf-9967-0b74daebe4d9,e560c8fd-332b-48cb-b7de-125a590bcb0c,120320,105.625,12708800,0,0,Initial,VAL-RESET-20260430-2796,2026-04-30 18:59:59.999+00,"{""invalidated_by"": ""VAL-RESET-20260331-7558""}"
35d1b06a-e0a8-4be3-8098-90716f3011b9,71747c3d-230b-4f6c-a3a5-80ca29120b16,100,4,400,0,0,Initial,VAL-RESET-20260430-2796,2026-04-30 18:59:59.999+00,"{""invalidated_by"": ""VAL-RESET-20260331-7558""}"
ea524ddd-eb0c-42ac-ac10-a9a8c70ee17b,0532897a-fd36-45a5-9f0f-d042367920ec,350,2,700,0,0,Initial,VAL-RESET-20260430-2796,2026-04-30 18:59:59.999+00,"{""invalidated_by"": ""VAL-RESET-20260331-7558""}"
971246e1-dd8d-4e74-bff3-e2f35866acc8,98506d04-47db-4d74-847b-cf3122bc85ad,450,91.54299412240378,41194.3473550817,0,0,Initial,VAL-RESET-20260430-2796,2026-04-30 18:59:59.999+00,"{""invalidated_by"": ""VAL-RESET-20260331-7558""}"
190ec6c8-f6d8-4c81-9457-c7e2f9b1a14c,d23536f3-0d86-4dcd-934e-9085566d4dc7,145106,90.625,13150231.25,0,0,Initial,VAL-RESET-20260430-2796,2026-04-30 18:59:59.999+00,"{""invalidated_by"": ""VAL-RESET-20260331-7558""}"
8cfdfb82-a051-40ac-9871-9ddedfd707c7,2c981082-c3ab-47b1-99c3-c34fe22ee02c,6800,86.07506303973638,585310.4286702074,6800,585310.4286702074,Adjustment,Rev: INV-2026-05-00445||/sales/invoices/7605b130-8e7b-4789-97de-01e9dc7e0de1,2026-05-07 08:36:27.715745+00,"{""reason"": ""Invoice Reset to Draft""}"
1a67e527-144d-4829-b95a-1e870fe2a867,a40b07a6-2948-489d-8dec-5e206ba38989,204,20.099999999999998,4100.4,12.100000000000023,241.1097177232767159877279037482584,Conversion,CONV-1778225053057,2026-05-08 07:24:13.953565+00,{}
b253861e-ea90-4fab-92f9-e5207c73d0ed,2725799f-a307-4777-8b00-84f03278ab57,22,24.377363532323745,536.3019977111223,0,0,Initial,VAL-RESET-20260331-7558,2026-03-31 18:59:59.999+00,"{""reason"": ""Historical Valuation Reset"", ""invalidated_by"": ""VAL-RESET-20260430-6043""}"
b6a5f59a-89e4-4f6e-a4a4-a6c30f42aae1,7228dd62-c775-4f2b-bc08-dda954f29958,10,105.35,1053.5,0,0,Initial,VAL-RESET-20260331-7558,2026-03-31 18:59:59.999+00,"{""reason"": ""Historical Valuation Reset"", ""invalidated_by"": ""VAL-RESET-20260430-6043""}"
ae949686-9935-48b1-b8bc-4b1ea43460a5,d23536f3-0d86-4dcd-934e-9085566d4dc7,109607,75,8220525,0,0,Initial,VAL-RESET-20260331-7558,2026-03-31 18:59:59.999+00,"{""reason"": ""Historical Valuation Reset"", ""invalidated_by"": ""VAL-RESET-20260430-6043""}"
b5324999-6521-4b2d-a6fd-7918b8eea19e,65415ac9-fc97-471a-b17f-1340c7b1b55a,-88,25,-2200,0,0,Production,Auto-Repair: Production Move for 80,2026-04-11 06:45:29.639494+00,"{""auto_repair"": true, ""stock_move_id"": ""9892b883-7670-4000-b745-8aba5f6a3199""}"
0ef46b94-8447-4221-bf68-8bf4a74970eb,8b945707-4cb1-4e34-8d12-92da06120bd2,-17,68.8071,-1169.7207,0,0,Production,Auto-Repair: Production Move for 80,2026-04-11 06:45:32.057346+00,"{""auto_repair"": true, ""stock_move_id"": ""0742ea49-47c4-4b78-b99d-5ad2642642c1""}"
921d2d90-f035-49c2-a194-b19102b6abb8,da5c9701-b165-4fcf-85ac-7d8abfba8e6b,-188,34.5,-6486,0,0,Production,Auto-Repair: Production Move for 34,2026-04-11 06:45:34.491587+00,"{""auto_repair"": true, ""stock_move_id"": ""43dee0c9-622a-4d2b-bab4-1f3bd473bed7""}"
a6f280b7-2219-42f9-8d40-624022ed90a3,8b945707-4cb1-4e34-8d12-92da06120bd2,-17,68.8071,-1169.7207,0,0,Production,Auto-Repair: Production Move for 80,2026-04-11 06:45:36.911211+00,"{""auto_repair"": true, ""stock_move_id"": ""3a382687-8a53-4370-a490-95476b08fac1""}"
77751224-6a30-4e53-a821-9e17a249c003,da5c9701-b165-4fcf-85ac-7d8abfba8e6b,-48,34.5,-1656,0,0,Production,Auto-Repair: Production Move for 34,2026-04-11 06:45:39.290221+00,"{""auto_repair"": true, ""stock_move_id"": ""e1d99894-4b99-4dec-af48-33482385fc2b""}"
8f787c75-fffd-432e-8780-b9e85ef35292,da5c9701-b165-4fcf-85ac-7d8abfba8e6b,-160,34.5,-5520,0,0,Production,Auto-Repair: Production Move for 34,2026-04-11 06:45:41.699311+00,"{""auto_repair"": true, ""stock_move_id"": ""4342e602-6f15-46e0-b0b1-070dcb340170""}"
14c04d3c-e7dc-48de-a4ec-22a4f3bb15bf,2725799f-a307-4777-8b00-84f03278ab57,-250,24.377363532323745,-6094.340883080937,0,0,Production,Auto-Repair: Production Move for 20,2026-04-11 06:45:44.177578+00,"{""auto_repair"": true, ""stock_move_id"": ""2e911a36-f128-4cdd-af6f-cd5ec643264b""}"
cae7cb77-8ef8-4aa9-a14b-760f3214b0b8,a6707819-7f9c-4968-ad8e-badfec24bef2,-2600,89.572379064604,-232888.1855679704,0,0,Sale,Auto-Repair: Sale Move for 20,2026-04-11 06:45:46.67727+00,"{""auto_repair"": true, ""stock_move_id"": ""d66e9572-146b-4902-ac73-ad3b0277be5d""}"
cb289bf6-f19f-41f7-ae03-79050a928faa,2725799f-a307-4777-8b00-84f03278ab57,-297,24.377363532323745,-7240.076969100152,0,0,Production,Auto-Repair: Production Move for 20,2026-04-11 06:45:49.131514+00,"{""auto_repair"": true, ""stock_move_id"": ""e254b41a-b616-42d4-b036-e04c187e5905""}"
7d1596c5-297b-4ff4-8d01-a184bee2c505,da5c9701-b165-4fcf-85ac-7d8abfba8e6b,6259,92.94306041555204,581730.6151409402,0,0,Initial,VAL-RESET-20260430-3716,2026-04-30 18:59:59.999+00,"{""invalidated_by"": ""VAL-RESET-20260430-7477""}"
89b33477-1aa4-4711-a116-b969edbf0cb4,8851e237-ca39-487c-a35f-e28fe711d32c,40800,92.49131590180504,3773645.6887936457,0,0,Initial,VAL-RESET-20260430-3716,2026-04-30 18:59:59.999+00,"{""invalidated_by"": ""VAL-RESET-20260430-7477""}"
881f95a1-1b3d-496c-94aa-2a360ffb936f,d23536f3-0d86-4dcd-934e-9085566d4dc7,72309,90.625,6553003.125,0,0,Initial,VAL-RESET-20260430-3716,2026-04-30 18:59:59.999+00,"{""invalidated_by"": ""VAL-RESET-20260430-7477""}"
4e94eca3-deb0-407f-bf5b-2a0b8ba47334,65415ac9-fc97-471a-b17f-1340c7b1b55a,1000,72.162,72162,0,0,Purchase,Bill e1745b63,2026-05-02 07:00:00+00,"{""invalidated_by"": ""VAL-RESET-20260430-4422""}"
6912c3e9-99cf-472b-ad42-e782f8116bec,23da208c-c810-4bf1-89bd-4eb5a55cce5e,0,107.5,0,0,0,Initial,VAL-RESET-20260430-3716,2026-04-30 18:59:59.999+00,"{""reason"": ""Manual Valuation Override""}"
20ed24e4-2e30-4655-a9e8-2fc0533e1122,c6b76b35-74b4-4b7d-aa4d-e473698b2f81,20,77.91788781882175,1558.3577563764352,0,0.0000000000000000,Production,MO-2026-04-00038,2026-04-23 12:40:20.445867+00,{}
205dbc6b-f5df-4777-a395-4c418cad05e9,98506d04-47db-4d74-847b-cf3122bc85ad,200,91.54299412240378,18308.598824480756,0,0,Production,MO-2026-05-00046,2026-05-04 13:31:43.941456+00,"{""invalidated_by"": ""VAL-RESET-20260430-2796""}"
77f357b6-0360-4476-9d77-e1bf2fd89656,1066c1db-bbd7-4256-a751-f5cbf463f8a3,4440,77.91788781882175,345955.4219155686,0,0.000000000000000000000000000,Production,MO-2026-04-00038,2026-04-23 12:40:20.712642+00,{}
3cac433a-2a73-47ec-896f-62de3f5d853b,31960d22-7e96-457a-b977-2f6cca95735b,0,0.01,0,0,0,Initial,VAL-RESET-20260430-3716,2026-04-30 18:59:59.999+00,"{""reason"": ""Manual Valuation Override""}"
85e313b8-968a-4186-b72c-4b38689951dd,6980162c-6553-41b7-8e80-4110c37c1ecc,0,0,0,0,0,Initial,VAL-RESET-20260430-3716,2026-04-30 18:59:59.999+00,"{""reason"": ""Manual Valuation Override""}"
074311ae-b117-49a0-8846-dcccd5a55008,29f97aa5-e538-4261-b69f-6b1a394015c9,235,0,0,0,0,Purchase,PO-2026-04-00043,2026-04-18 12:28:03.56165+00,"{""invalidated_by"": ""VAL-RESET-20260430-3716""}"
98049eea-3a0b-4158-aa33-39a3eb05380f,18568477-1a69-413a-b5bd-94333c860750,4896,77.91788781882175,381485.9787609513,0,0,Production,MO-2026-04-00038,2026-04-23 12:40:19.323239+00,"{""invalidated_by"": ""VAL-RESET-20260430-3716""}"
f64ffa02-099b-4d61-a13f-12c5e50d4b53,18568477-1a69-413a-b5bd-94333c860750,9044,88.01913360401284,796045.0443146921,0,0,Production,MO-2026-04-00040,2026-04-25 10:46:48.816955+00,"{""invalidated_by"": ""VAL-RESET-20260430-3716""}"
94b3df2c-7944-4354-bfa9-0a12dc3ab401,4c46ce95-42bf-4f3d-beb8-123623d0fa76,50,77.91788781882175,3895.8943909410877,0,0,Production,MO-2026-04-00038,2026-04-23 12:40:20.180329+00,"{""invalidated_by"": ""VAL-RESET-20260430-3716""}"
7d2ec2c1-a7be-4bcb-b65b-6151a83bc7a0,2c981082-c3ab-47b1-99c3-c34fe22ee02c,5520,42.62205765848616,235273.75827484363,0,0,Production,MO-2026-04-00032,2026-04-17 07:41:55.893344+00,"{""invalidated_by"": ""VAL-RESET-20260430-3716""}"
ba465ed8-e285-4102-b053-d1405e0bac85,2c981082-c3ab-47b1-99c3-c34fe22ee02c,1360,90.10922692546995,122548.54861863914,0,0,Sale Return,Auto-Repair: Sale Return Move for 80,2026-04-11 06:44:25.205989+00,"{""invalidated_by"": ""VAL-RESET-20260430-3716""}"
21142c92-a40b-4060-9904-844ec013ca52,2c981082-c3ab-47b1-99c3-c34fe22ee02c,1360,90.10922692546995,122548.54861863914,0,0,Production,Auto-Repair: Production Move for 80,2026-04-11 06:44:42.304534+00,"{""invalidated_by"": ""VAL-RESET-20260430-3716""}"
26edfe9e-e668-44d2-a012-f181ad8f0adc,2c981082-c3ab-47b1-99c3-c34fe22ee02c,3040,90.10922692546995,273932.0498534287,0,0,Production,Auto-Repair: Production Move for 80,2026-04-11 06:44:57.870583+00,"{""invalidated_by"": ""VAL-RESET-20260430-3716""}"
d205e129-f13e-4348-9cd8-0d9223d44de8,2c981082-c3ab-47b1-99c3-c34fe22ee02c,3920,77.91788781882175,305438.1202497813,0,0,Production,MO-2026-04-00038,2026-04-23 12:40:19.901283+00,"{""invalidated_by"": ""VAL-RESET-20260430-3716""}"
7b370c79-fb38-49c7-89d3-3a895e9aefc4,2c981082-c3ab-47b1-99c3-c34fe22ee02c,7680,88.01913360401284,675986.9460788185,0,0,Production,MO-2026-04-00040,2026-04-25 10:46:49.308761+00,"{""invalidated_by"": ""VAL-RESET-20260430-3716""}"
0e58d4f7-e8a2-440c-b1ab-d638e917e673,2c981082-c3ab-47b1-99c3-c34fe22ee02c,1360,90.10922692546995,122548.54861863914,0,0,Production,Final Cleanup: Production for 80,2026-04-11 07:03:15.826291+00,"{""invalidated_by"": ""VAL-RESET-20260430-3716""}"
f7fbb45e-4601-40cd-8b09-03fb4d869968,2c981082-c3ab-47b1-99c3-c34fe22ee02c,3040,90.10922692546995,273932.0498534287,0,0,Production,Final Cleanup: Production for 80,2026-04-11 07:03:17.796887+00,"{""invalidated_by"": ""VAL-RESET-20260430-3716""}"
0f61d73c-8b10-4e64-8317-951a438e7079,2c981082-c3ab-47b1-99c3-c34fe22ee02c,2400,90.10955580143278,216262.93392343866,0,0,Sale Return,SCN-2026-04-00082||/sales/credit-notes/2ea202d2-754e-4a4e-997d-6aa9614fa58c||line:eb2e6ae2-ed37-4c70-88a1-fc2d78debd48,2026-04-11 13:06:19.170751+00,"{""invalidated_by"": ""VAL-RESET-20260430-3716""}"
cbe2b1a6-27f8-4088-a7f9-e4573a10e5da,e560c8fd-332b-48cb-b7de-125a590bcb0c,8560,77.91788781882175,666977.1197291142,0,0,Production,MO-2026-04-00038,2026-04-23 12:40:19.622547+00,"{""invalidated_by"": ""VAL-RESET-20260430-3716""}"
05388167-bc79-4e8a-a823-6a97559bfb0b,e560c8fd-332b-48cb-b7de-125a590bcb0c,8000,88.80139897160952,710411.1917728761,0,0,Production,Auto-Repair: Production Move for 80,2026-04-11 06:40:13.184927+00,"{""invalidated_by"": ""VAL-RESET-20260430-3716""}"
d1d7e533-a439-4fc5-bac9-8bc99e86510c,d23536f3-0d86-4dcd-934e-9085566d4dc7,12216.6,90.625,1107129.375,0,0,Purchase,Bill fcc43657,2026-04-28 07:00:00+00,"{""invalidated_by"": ""VAL-RESET-20260430-3716""}"
9d8c80dd-8087-4d69-8429-ac8e49d63416,a40b07a6-2948-489d-8dec-5e206ba38989,367,24,8808,0,0,Conversion,CONV-1778141731296,2026-05-07 08:15:31.976806+00,"{""invalidated_by"": ""VAL-RESET-20260331-7558""}"
53dafe5b-c15e-4269-a5ae-255d6170256d,abd8f3c5-ce78-4d29-8e62-c55b54aded3a,0,0,0,0,0,Initial,VAL-RESET-20260331-7558,2026-03-31 18:59:59.999+00,"{""reason"": ""Manual Valuation Override""}"
a5ef1f8a-255c-4105-b146-9c8e33479fc6,e6b304c1-06aa-4346-988a-bc1dfd29a613,0,112.7,0,0,0,Initial,VAL-RESET-20260331-7558,2026-03-31 18:59:59.999+00,"{""reason"": ""Manual Valuation Override""}"
0b53270e-f69e-4e05-b47b-844eee957885,8851e237-ca39-487c-a35f-e28fe711d32c,35800,86.07506303973638,3081487.2568225623,0,0,Initial,VAL-RESET-20260331-7558,2026-03-31 18:59:59.999+00,"{""reason"": ""Historical Valuation Reset"", ""invalidated_by"": ""VAL-RESET-20260430-6043""}"
60d27b0e-9864-4d43-b18d-1bf03e7338a0,d23536f3-0d86-4dcd-934e-9085566d4dc7,-31890,5.7466717383035375,-183261.3617344998,0,0,Production,Auto-Repair: Production Move for Standard,2026-04-11 06:45:30.251128+00,"{""auto_repair"": true, ""stock_move_id"": ""8a65921f-807b-4807-98db-46b74e4a4ec2""}"
0cc59dfd-4328-475f-a406-fe3be63a4251,342b62a4-b9a5-4f60-a698-e9eacf5900e4,0,107.5,0,0,0,Initial,VAL-RESET-20260430-3716,2026-04-30 18:59:59.999+00,"{""reason"": ""Manual Valuation Override""}"
676ae23e-ad08-4f9f-9d47-9b81ea6e0ca2,d23536f3-0d86-4dcd-934e-9085566d4dc7,-10644,5.7466717383035375,-61167.57398250285,0,0,Production,Auto-Repair: Production Move for Standard,2026-04-11 06:45:35.087245+00,"{""auto_repair"": true, ""stock_move_id"": ""8bf97a35-5d45-4613-b836-e0d0519099ad""}"
18d194ec-35d2-4ab8-bd35-933d4ab9d9da,2725799f-a307-4777-8b00-84f03278ab57,-40,24.377363532323745,-975.0945412929498,0,0,Production,Auto-Repair: Production Move for 20,2026-04-11 06:45:37.505536+00,"{""auto_repair"": true, ""stock_move_id"": ""ab323c93-4352-47fa-9feb-e79f116762d6""}"
a7db7387-12d3-48ff-8a7f-e1a66d02140e,65415ac9-fc97-471a-b17f-1340c7b1b55a,-50,25,-1250,0,0,Production,Auto-Repair: Production Move for 80,2026-04-11 06:45:39.88663+00,"{""auto_repair"": true, ""stock_move_id"": ""825a8a91-b6ff-49fc-8920-988dc169cecb""}"
bad52606-3705-43e6-94b1-06337b095c5b,65415ac9-fc97-471a-b17f-1340c7b1b55a,-102,25,-2550,0,0,Production,Auto-Repair: Production Move for 80,2026-04-11 06:45:42.342927+00,"{""auto_repair"": true, ""stock_move_id"": ""322f9490-805e-4f99-b1fb-90e3b43a4f19""}"
6c577c4d-6d45-415b-bf0b-ec620a358410,b2f8974f-ab3c-4880-a03d-6d3b29d26c57,-221,12.806,-2830.1259999999997,0,0,Production,Auto-Repair: Production Move for 10,2026-04-11 06:45:44.785811+00,"{""auto_repair"": true, ""stock_move_id"": ""4663dacf-9568-4441-ac3b-7c30d4fc8b3d""}"
d4485b13-5a73-4c95-8a93-b47383711907,da5c9701-b165-4fcf-85ac-7d8abfba8e6b,-108,34.5,-3726,0,0,Production,Auto-Repair: Production Move for 34,2026-04-11 06:45:47.300955+00,"{""auto_repair"": true, ""stock_move_id"": ""0f24c9ab-c617-440f-9184-152b75756c65""}"
7a536491-cffb-4f1f-9836-1d736d7d8889,b2f8974f-ab3c-4880-a03d-6d3b29d26c57,-91,12.806,-1165.346,0,0,Production,Auto-Repair: Production Move for 10,2026-04-11 06:45:49.737444+00,"{""auto_repair"": true, ""stock_move_id"": ""7f14ac9e-2a03-4181-962f-174a7b780b1a""}"
d9ff8611-379f-4942-a810-e9e6ed6c4244,31960d22-7e96-457a-b977-2f6cca95735b,-104,0.01,-1.04,0,0,Production,Final Cleanup: Production for 15,2026-04-11 07:01:27.238555+00,"{""final_cleanup"": true, ""stock_move_id"": ""46954332-20e6-4cb1-bc41-f19a5aadc031""}"
10a4af91-1c9a-4de3-bb08-c125c7dab480,d383d741-fa61-4537-9ef9-7fb74115ded0,-308,0.01,-3.08,0,0,Production,Final Cleanup: Production for 15,2026-04-11 07:01:28.063601+00,"{""final_cleanup"": true, ""stock_move_id"": ""2e48fe26-0bd2-432c-97f4-0cece1538a85""}"
583c7853-3c65-46b4-b205-c708d0f773a3,2c08642b-74ca-4429-acfa-8cb3911b39b3,-60,0.01,-0.6,0,0,Production,Final Cleanup: Production for 50,2026-04-11 07:01:28.812695+00,"{""final_cleanup"": true, ""stock_move_id"": ""f9e2661a-0d8f-4fac-a0c2-1c440e6445b6""}"
a9f1fe36-9b73-4eb9-aa71-eb615fe8c132,0825ad1f-baf7-4c6c-b9a8-df86095dac5c,-1,0.01,-0.01,0,0,Production,Final Cleanup: Production for 5,2026-04-11 07:01:29.579195+00,"{""final_cleanup"": true, ""stock_move_id"": ""6b0cee59-3ed2-42aa-8013-29defc814516""}"
df1aff00-0728-43f0-b7e7-df67346014e0,e646adf3-e04a-4919-8dd4-d53927f5584b,0,90.85300729482711,0,0,0,Adjustment,Final Cleanup: Adjustment for 10,2026-04-11 07:01:30.32259+00,"{""final_cleanup"": true, ""stock_move_id"": ""e9c717e2-2bb0-4dd5-813d-8dec16e96abd""}"
ad62f25c-ee4b-4c10-9a4a-ab0c4f1aeb26,c8ca813c-e4be-428e-aef8-503eeeb948b7,-25,0.01,-0.25,0,0,Production,Final Cleanup: Production for 50,2026-04-11 07:01:31.067704+00,"{""final_cleanup"": true, ""stock_move_id"": ""3dd525c7-aadf-432e-9a28-3989497f866d""}"
5a3a6ec4-a8d9-4f97-adde-a58534962879,a40b07a6-2948-489d-8dec-5e206ba38989,-728,0.01,-7.28,0,0,Production,Final Cleanup: Production for 15,2026-04-11 07:01:31.761767+00,"{""final_cleanup"": true, ""stock_move_id"": ""3652eac0-bd32-43c6-8d33-2c3bf5a460aa""}"
dbd18d46-8736-462e-9e52-4d8c52f37900,c8ca813c-e4be-428e-aef8-503eeeb948b7,-67,0.01,-0.67,0,0,Production,Final Cleanup: Production for 50,2026-04-11 07:01:32.492859+00,"{""final_cleanup"": true, ""stock_move_id"": ""1c93c14c-9053-42d5-a810-d11adbb14992""}"
39921534-99ee-4275-ad63-bf23ea91f708,c8ca813c-e4be-428e-aef8-503eeeb948b7,-5,0.01,-0.05,0,0,Production,Final Cleanup: Production for 50,2026-04-11 07:01:33.656638+00,"{""final_cleanup"": true, ""stock_move_id"": ""10445ecc-7d09-4636-9b3d-65b9afe9f89d""}"
c37b678f-8d87-48bc-a103-eefa80419bd0,c8ca813c-e4be-428e-aef8-503eeeb948b7,-3,0.01,-0.03,0,0,Production,Final Cleanup: Production for 50,2026-04-11 07:01:34.318349+00,"{""final_cleanup"": true, ""stock_move_id"": ""a62d1360-e105-406f-a9e2-26af438bc82e""}"
6764188d-54a9-4ca7-895d-486b80b87801,c8ca813c-e4be-428e-aef8-503eeeb948b7,-192,0.01,-1.92,0,0,Production,Final Cleanup: Production for 50,2026-04-11 07:01:34.958062+00,"{""final_cleanup"": true, ""stock_move_id"": ""9e01c1c4-9aee-4ba6-a661-a793d770b4cd""}"
05373e90-36df-403c-80db-b3f037b61ec6,a40b07a6-2948-489d-8dec-5e206ba38989,-819,0.01,-8.19,0,0,Production,Final Cleanup: Production for 15,2026-04-11 07:01:35.630151+00,"{""final_cleanup"": true, ""stock_move_id"": ""6f29d358-fbdb-41c0-81f8-eb972091f375""}"
03a8fd19-8a2d-4a66-b76d-e83654e2ef5a,0825ad1f-baf7-4c6c-b9a8-df86095dac5c,-4,0.01,-0.04,0,0,Production,Final Cleanup: Production for 5,2026-04-11 07:01:36.324339+00,"{""final_cleanup"": true, ""stock_move_id"": ""a6599745-beda-4752-a861-542270091884""}"
a3c56336-dc01-4281-b5f2-e7726252edaf,0825ad1f-baf7-4c6c-b9a8-df86095dac5c,-4,0.01,-0.04,0,0,Production,Final Cleanup: Production for 5,2026-04-11 07:01:37.048458+00,"{""final_cleanup"": true, ""stock_move_id"": ""86e0f5f6-a019-4eb9-b77a-6d35c6a37b6d""}"
04e59ecd-3548-434f-aa06-aa3342da43ab,c8ca813c-e4be-428e-aef8-503eeeb948b7,-51,0.01,-0.51,0,0,Conversion,Final Cleanup: Conversion for 50,2026-04-11 07:01:37.690141+00,"{""final_cleanup"": true, ""stock_move_id"": ""41c98925-f4e8-4f82-9e3f-b07da6cd269f""}"
86218a60-e20c-4761-9c8e-e832bc849eba,9e331ef8-d768-4b45-8434-ed8adde48deb,-2,0.01,-0.02,0,0,Production,Final Cleanup: Production for 50,2026-04-11 07:01:38.352145+00,"{""final_cleanup"": true, ""stock_move_id"": ""6ce2ffd5-8e9f-4fc5-836e-f0c627683a65""}"
0ea68785-cab2-42eb-ac59-43bac911495d,9e331ef8-d768-4b45-8434-ed8adde48deb,-10,0.01,-0.1,0,0,Production,Final Cleanup: Production for 50,2026-04-11 07:01:39.475521+00,"{""final_cleanup"": true, ""stock_move_id"": ""e8552d26-4069-4d69-abe3-76088433aba6""}"
011f85ee-e8f0-4812-b2fb-aa79ce9971cf,c8ca813c-e4be-428e-aef8-503eeeb948b7,-101,0.01,-1.01,0,0,Production,Final Cleanup: Production for 50,2026-04-11 07:01:40.146291+00,"{""final_cleanup"": true, ""stock_move_id"": ""7b13261b-e5cf-41f6-b83a-611636f70304""}"
1a14b79d-bb9f-4590-8442-77b4c0affe6e,a40b07a6-2948-489d-8dec-5e206ba38989,-325,0.01,-3.25,0,0,Production,Final Cleanup: Production for 15,2026-04-11 07:01:40.78872+00,"{""final_cleanup"": true, ""stock_move_id"": ""6e306b9e-0ba4-4334-8462-e17420dbf6a7""}"
383c7ce0-ab1f-41c5-a887-092bda4b920c,c8ca813c-e4be-428e-aef8-503eeeb948b7,-28,0.01,-0.28,0,0,Production,Final Cleanup: Production for 50,2026-04-11 07:01:41.472203+00,"{""final_cleanup"": true, ""stock_move_id"": ""7da89721-8d8b-4835-a1de-193dae345a55""}"
b5e143b4-7b5f-4136-b931-7f8b4dd5df1a,29f97aa5-e538-4261-b69f-6b1a394015c9,-12,25.746671738303537,-308.96006085964245,0,0,Sale,Final Cleanup: Sale for Standard,2026-04-11 07:01:42.162402+00,"{""final_cleanup"": true, ""stock_move_id"": ""61604df1-b7fc-4dfb-ad8b-c6ce57c404ff""}"
2f4db54a-1d90-4770-b99c-6d4359af2e31,2c981082-c3ab-47b1-99c3-c34fe22ee02c,-1600,90.10922692546995,-144174.76308075193,0,0,Sale,Final Cleanup: Sale for 80,2026-04-11 07:01:42.819886+00,"{""final_cleanup"": true, ""stock_move_id"": ""e5476eb3-c332-42b1-b5c9-e49977ed3687""}"
7ea74da4-b292-4a16-b58f-56b5b45ef9ab,e646adf3-e04a-4919-8dd4-d53927f5584b,-1000,90.85300729482711,-90853.00729482711,0,0,Sale,Final Cleanup: Sale for 10,2026-04-11 07:01:43.467348+00,"{""final_cleanup"": true, ""stock_move_id"": ""553032bc-4dc6-4edf-8184-e519f31f9308""}"
0fee1845-4dc1-42fe-8a3f-17b770acff86,a40b07a6-2948-489d-8dec-5e206ba38989,-494,0.01,-4.94,0,0,Production,Final Cleanup: Production for 15,2026-04-11 07:01:44.778824+00,"{""final_cleanup"": true, ""stock_move_id"": ""1b943a40-6388-4f31-9572-d08e9706e0a2""}"
c2502923-1c5e-40f4-851a-5ad5b9107dfd,da5c9701-b165-4fcf-85ac-7d8abfba8e6b,-335,34.5,-11557.5,0,0,Production,Final Cleanup: Production for 34,2026-04-11 07:01:45.775784+00,"{""final_cleanup"": true, ""stock_move_id"": ""bf6a1879-bb02-47b2-bedc-5f807bb7cdd2""}"
ef4eea66-f657-40ed-9987-d042076ad3a0,d23536f3-0d86-4dcd-934e-9085566d4dc7,525.45,5.7466717383035375,3019.588664891594,0.00,0.00000000000000000000000000000000000000000000,Purchase,Final Cleanup: Purchase for Standard,2026-04-11 07:01:44.130585+00,"{""final_cleanup"": true, ""stock_move_id"": ""fc3b9173-64a5-4c20-8db8-856544a9f114""}"
bd4c8844-164c-4c0b-92d2-446bd62135dc,c96b657d-0bd6-4386-b94c-339c33714e3b,187,17.9,3347.2999999999997,0,0,Initial,VAL-RESET-20260430-3716,2026-04-30 18:59:59.999+00,"{""invalidated_by"": ""VAL-RESET-20260430-7477""}"
c1f21c86-5721-4523-8a12-ac472765090c,1066c1db-bbd7-4256-a751-f5cbf463f8a3,-2400,91.05940159814038,-218542.56383553692,0,0,Sale,Final Cleanup: Sale for 15,2026-04-11 07:01:49.598623+00,"{""final_cleanup"": true, ""stock_move_id"": ""b62bf1ea-8ba6-4678-b9f6-5ca07ff7ca84""}"
163a108f-2dc5-4d72-bf9f-7f9e7be46848,e646adf3-e04a-4919-8dd4-d53927f5584b,1070,90.85300729482711,97212.717805465,0,0,Sale Return,Final Cleanup: Sale Return for 10,2026-04-11 07:02:19.780903+00,"{""invalidated_by"": ""VAL-RESET-20260430-3716""}"
e3bd91f1-6221-4670-84ff-a03d2c06bf5f,dcb00b2e-ea89-4e17-b1bb-67e576da4e6d,-3000,91.27637784598132,-273829.13353794394,0,0,Sale,Final Cleanup: Sale for 50,2026-04-11 07:01:56.171257+00,"{""final_cleanup"": true, ""stock_move_id"": ""93b00116-d590-47df-a730-49641a073f78""}"
7230697c-79f1-483f-89e0-0e3583dc1c4f,085c173e-052c-4022-8a90-be5c0ba7b627,-5,78.88704005207522,-394.4352002603761,0,0,Sale,Final Cleanup: Sale for 5,2026-04-11 07:01:59.399896+00,"{""final_cleanup"": true, ""stock_move_id"": ""fde05d71-c3b9-44a0-adbf-cea75131d425""}"
fa3fbaff-964c-40ab-b4ea-496e5d7e4aac,8b945707-4cb1-4e34-8d12-92da06120bd2,1059,69.2179,73301.7561,0,0,Initial,VAL-RESET-20260430-3716,2026-04-30 18:59:59.999+00,"{""invalidated_by"": ""VAL-RESET-20260430-7477""}"
767c7d62-7e66-43ea-9f5c-d7773ce8defc,1066c1db-bbd7-4256-a751-f5cbf463f8a3,-1500,91.05940159814038,-136589.10239721058,0,0,Sale,Final Cleanup: Sale for 15,2026-04-11 07:02:06.042485+00,"{""final_cleanup"": true, ""stock_move_id"": ""490bca34-7311-4710-adf6-df715a4a7b7c""}"
8311c519-38c2-4010-9368-c352dba5e3cd,a40b07a6-2948-489d-8dec-5e206ba38989,12.100000000000023,17,205.7000000000004,0.000000000000000,0.0000000000000000000000000000000,Initial,VAL-RESET-20260430-7477,2026-04-30 18:59:59.999+00,"{""reason"": ""Manual Valuation Override""}"
55cd0dd5-1de6-4ea5-9897-b97611e312ff,a40b07a6-2948-489d-8dec-5e206ba38989,493,20.099999999999998,9909.3,0,0,Conversion,CONV-1777729186777,2026-05-02 13:39:47.471337+00,"{""invalidated_by"": ""VAL-RESET-20260430-4422""}"
53dff63d-9a05-4435-8407-0c33a8e2d8bf,8851e237-ca39-487c-a35f-e28fe711d32c,10100,91.54299412240378,924584.2406362782,0,0,Production,MO-2026-05-00046,2026-05-04 13:31:44.43202+00,"{""invalidated_by"": ""VAL-RESET-20260430-2796""}"
04c735d0-737e-41ef-bf6a-72c025538cde,4c46ce95-42bf-4f3d-beb8-123623d0fa76,500,94.9540489205097,47477.024460254856,0,0,Production,MO-2026-05-00048,2026-05-07 08:20:06.91943+00,"{""invalidated_by"": ""VAL-RESET-20260331-7558""}"
b48f10b4-f595-4156-b5be-1388f67d24fa,e646adf3-e04a-4919-8dd4-d53927f5584b,240,90.85300729482711,21804.721750758505,0,0,Sale Return,Final Cleanup: Sale Return for 10,2026-04-11 07:02:22.952859+00,"{""invalidated_by"": ""VAL-RESET-20260430-3716""}"
d0314683-34d6-46e7-9762-fe66886a46c7,a6707819-7f9c-4968-ad8e-badfec24bef2,5000,89.572379064604,447861.89532301994,0,0,Sale Return,Final Cleanup: Sale Return for 20,2026-04-11 07:02:09.608522+00,"{""invalidated_by"": ""VAL-RESET-20260430-3716""}"
ff6d8d76-da2c-4e8f-b3e7-b46d325fa583,a6707819-7f9c-4968-ad8e-badfec24bef2,4000,89.572379064604,358289.516258416,0,0,Sale Return,Final Cleanup: Sale Return for 20,2026-04-11 07:02:13.015641+00,"{""invalidated_by"": ""VAL-RESET-20260430-3716""}"
b5c6c1b7-6ca6-40f6-82e9-6f75d8fa96c5,8851e237-ca39-487c-a35f-e28fe711d32c,3300,89.04897811475156,293861.6277786802,0,0.0000000000000000,Production,Final Cleanup: Production for 50,2026-04-11 07:02:52.226653+00,"{""final_cleanup"": true, ""stock_move_id"": ""dad09be3-3229-4e92-bd47-e20aed38f79e""}"
336da629-a747-445a-9bbb-261f5179fc1a,8851e237-ca39-487c-a35f-e28fe711d32c,100,89.04897811475156,8904.897811475157,0,0.0000000000000000,Production,Final Cleanup: Production for 50,2026-04-11 07:02:55.549193+00,"{""final_cleanup"": true, ""stock_move_id"": ""d0cc5047-e0b8-439f-8a6e-4560a1c272a7""}"
24bb140d-e5eb-45b2-bda5-9592c91d3106,a6707819-7f9c-4968-ad8e-badfec24bef2,1500,89.572379064604,134358.568596906,0,0,Sale Return,Final Cleanup: Sale Return for 20,2026-04-11 07:02:16.609186+00,"{""invalidated_by"": ""VAL-RESET-20260430-3716""}"
08ed7fde-9a15-46a7-8b29-c1f2a8cc307b,d23536f3-0d86-4dcd-934e-9085566d4dc7,55613.25,5.7466717383035375,319591.09205020923,0.00,0.00000000000000000000000000000000000000000000,Purchase,Final Cleanup: Purchase for Standard,2026-04-11 07:01:52.991504+00,"{""final_cleanup"": true, ""stock_move_id"": ""71c27b68-7bcd-4287-8bf9-fa120e463fd3""}"
3cd1e059-9668-445b-a3a4-04c0b3a4880f,d23536f3-0d86-4dcd-934e-9085566d4dc7,561.75,5.7466717383035375,3228.1928489920124,0.00,0.00000000000000000000000000000000000000000000,Purchase,Final Cleanup: Purchase for Standard,2026-04-11 07:03:05.446462+00,"{""final_cleanup"": true, ""stock_move_id"": ""bcb48968-9607-40b4-8d35-3ed1a80b9114""}"
3ca32d36-a17a-48e4-bfda-e9cfbbcf3d96,d23536f3-0d86-4dcd-934e-9085566d4dc7,11592.9,83.75,970905.375,0.0,0.0000000000000000000000000000000000000000000,Purchase,Bill edef7b00,2026-04-18 07:00:00+00,{}
e469d555-ca90-4210-81f7-5f08aaf43545,18568477-1a69-413a-b5bd-94333c860750,2720,90.7341284885639,246796.8294888938,0,0.0000000000000000,Production,Auto-Repair: Production Move for 34,2026-04-11 06:42:05.063903+00,"{""auto_repair"": true, ""stock_move_id"": ""66193486-2a5f-40d5-b8d2-94ab5cc272a9""}"
42de190c-6198-417f-b004-7b2193adeaa1,29f97aa5-e538-4261-b69f-6b1a394015c9,0,0,0,0,0,Purchase,Bill fcc43657,2026-04-28 07:00:00+00,{}
7a69e209-cba6-4065-b95b-babcffc42ab1,98506d04-47db-4d74-847b-cf3122bc85ad,100,77.28152445699166,7728.1524456991665,0,0.0000000000000000,Production,Auto-Repair: Production Move for 50,2026-04-11 06:37:49.891017+00,"{""auto_repair"": true, ""stock_move_id"": ""6d1cd6c0-098c-4768-9d6e-ce55f824159d""}"
512b4d4c-cb8d-4879-831c-8dc6ffcda95b,a6707819-7f9c-4968-ad8e-badfec24bef2,5000,89.572379064604,447861.89532301994,0,0,Sale Return,Final Cleanup: Sale Return for 20,2026-04-11 07:02:29.42123+00,"{""invalidated_by"": ""VAL-RESET-20260430-3716""}"
3935ee9f-c3ff-4199-ba77-b171ebfe56f1,a6707819-7f9c-4968-ad8e-badfec24bef2,820,89.572379064604,73449.35083297528,0,0,Sale Return,Final Cleanup: Sale Return for 20,2026-04-11 07:02:35.815339+00,"{""invalidated_by"": ""VAL-RESET-20260430-3716""}"
157f5643-9b4c-4d17-b5ac-2988a321f452,a6707819-7f9c-4968-ad8e-badfec24bef2,2000,89.572379064604,179144.758129208,0,0,Sale Return,Final Cleanup: Sale Return for 20,2026-04-11 07:02:42.356318+00,"{""invalidated_by"": ""VAL-RESET-20260430-3716""}"
701422ae-ea3c-4de9-93de-198825d77d37,5ffd5921-5ad2-4d30-b598-4337f1a39464,40,91.7865737665065,3671.4629506602605,0,0,Sale Return,Final Cleanup: Sale Return for 20,2026-04-11 07:02:39.074419+00,"{""invalidated_by"": ""VAL-RESET-20260430-3716""}"
435de18d-08a3-49b7-bb6b-762684d28fff,dcb00b2e-ea89-4e17-b1bb-67e576da4e6d,3000,91.27637784598132,273829.13353794394,0,0,Production,Final Cleanup: Production for 50,2026-04-11 07:01:46.413536+00,"{""invalidated_by"": ""VAL-RESET-20260430-3716""}"
bee83157-18f4-4ece-8671-3035a265bd34,214c980f-de08-4c22-aa76-c6bab968483b,0,18.13,0,0,0,Initial,VAL-RESET-20260430-3716,2026-04-30 18:59:59.999+00,"{""reason"": ""Manual Valuation Override""}"
e336a1f7-191f-46c2-b4ed-d2746a876c11,da5c9701-b165-4fcf-85ac-7d8abfba8e6b,104,34.5,3588,0,0,Adjustment,Auto-Repair: Adjustment Move for 34,2026-04-11 06:38:31.038858+00,"{""invalidated_by"": ""VAL-RESET-20260430-3716""}"
22eeb975-a24a-481a-b16d-f9b7d6ba5b4a,6e324c36-0f63-44fc-96d4-171f158706cb,0,92.94306041555204,0,0,0,Initial,VAL-RESET-20260430-3716,2026-04-30 18:59:59.999+00,"{""reason"": ""Manual Valuation Override""}"
6f54667d-bebd-4a3c-9a13-845541370fe4,2c981082-c3ab-47b1-99c3-c34fe22ee02c,8720,90.10922692546995,785752.458790098,0,0,Production,Final Cleanup: Production for 80,2026-04-11 07:02:02.650629+00,"{""invalidated_by"": ""VAL-RESET-20260430-3716""}"
afa5b646-7b08-412e-8261-fe5ac37a9e5e,2c981082-c3ab-47b1-99c3-c34fe22ee02c,2240,90.10922692546995,201844.6683130527,0,0,Sale Return,Final Cleanup: Sale Return for 80,2026-04-11 07:02:32.642071+00,"{""invalidated_by"": ""VAL-RESET-20260430-3716""}"
4e480243-e282-4830-ba06-45ef1ed81808,2c981082-c3ab-47b1-99c3-c34fe22ee02c,1360,90.10922692546995,122548.54861863914,0,0,Production,Final Cleanup: Production for 80,2026-04-11 07:03:08.664032+00,"{""invalidated_by"": ""VAL-RESET-20260430-3716""}"
2f57a4f5-0f57-48a0-bbc7-2f6c6631eae1,8851e237-ca39-487c-a35f-e28fe711d32c,1650,87.46477417330682,144316.87738595626,0,0,Conversion,CONV-1776412018860,2026-04-17 07:46:59.71623+00,"{""invalidated_by"": ""VAL-RESET-20260430-3716""}"
58ab3833-22a9-4fa4-887b-78fe9b2fc6a3,e560c8fd-332b-48cb-b7de-125a590bcb0c,10000,88.80139897160952,888013.9897160952,0,0,Production,Final Cleanup: Production for 80,2026-04-11 07:02:58.806532+00,"{""invalidated_by"": ""VAL-RESET-20260430-3716""}"
61230781-fa18-492c-a5a7-0f3d755f81f7,e560c8fd-332b-48cb-b7de-125a590bcb0c,8000,88.80139897160952,710411.1917728761,0,0,Production,Final Cleanup: Production for 80,2026-04-11 07:03:11.872892+00,"{""invalidated_by"": ""VAL-RESET-20260430-3716""}"
28c728b4-9343-49d0-a18e-566a96cc86ba,e560c8fd-332b-48cb-b7de-125a590bcb0c,12000,88.01913360401284,1056229.603248154,0,0,Production,MO-2026-04-00040,2026-04-25 10:46:49.066262+00,"{""invalidated_by"": ""VAL-RESET-20260430-3716""}"
ce162f8a-1e29-4bba-9658-8d8d5d759698,b2f8974f-ab3c-4880-a03d-6d3b29d26c57,4369,12.806,55949.414,0,0,Initial,VAL-RESET-20260430-3716,2026-04-30 18:59:59.999+00,"{""invalidated_by"": ""VAL-RESET-20260430-7477""}"
ab5eae95-e10f-4261-a64d-4fa39dc086e9,e646adf3-e04a-4919-8dd4-d53927f5584b,-500,90.85300729482711,-45426.503647413556,0,0,Sale,Final Cleanup: Sale for 10,2026-04-11 07:01:50.250654+00,"{""final_cleanup"": true, ""stock_move_id"": ""0c8c4998-c89a-4610-9fa3-b28fa91e430d""}"
0f7458bf-b597-49e3-a8dc-eba40aafa936,5dc03d6b-a9fc-4d75-976b-db7afb556301,-2,0.01,-0.02,0,0,Production,Final Cleanup: Production for 10,2026-04-11 07:01:53.619443+00,"{""final_cleanup"": true, ""stock_move_id"": ""0a863fe8-60ff-4928-ab2b-e8bef14fd557""}"
b2c64e12-2934-4142-9872-e45134046f5b,1066c1db-bbd7-4256-a751-f5cbf463f8a3,-2250,91.05940159814038,-204883.65359581585,0,0,Sale,Final Cleanup: Sale for 15,2026-04-11 07:01:56.798953+00,"{""final_cleanup"": true, ""stock_move_id"": ""c79c19fb-f0ca-4091-bd00-bee7eff95a06""}"
245db407-346f-4221-a9a3-0f13cea4b440,e646adf3-e04a-4919-8dd4-d53927f5584b,-1000,90.85300729482711,-90853.00729482711,0,0,Sale,Final Cleanup: Sale for 10,2026-04-11 07:02:00.04046+00,"{""final_cleanup"": true, ""stock_move_id"": ""6dec62bd-239e-4a70-b930-706350995057""}"
c8299f48-e3e4-4775-b86b-062dfe292e9d,da5c9701-b165-4fcf-85ac-7d8abfba8e6b,-175,34.5,-6037.5,0,0,Production,Final Cleanup: Production for 34,2026-04-11 07:02:03.296344+00,"{""final_cleanup"": true, ""stock_move_id"": ""9f5c7f5e-351a-4f9a-ad07-3f0b29daf0dc""}"
94e44cff-6d1d-4971-b622-9a6ce5cbfcfc,1066c1db-bbd7-4256-a751-f5cbf463f8a3,7395,91.99434410737256,680298.17467402,0,0,Production,MO-2026-05-00045,2026-05-02 13:43:51.913475+00,"{""invalidated_by"": ""VAL-RESET-20260430-4422""}"
2cf86852-4cfd-4ebd-a1df-d34c473b13ac,18568477-1a69-413a-b5bd-94333c860750,7752,91.99434410737256,713140.1555203521,0,0,Production,MO-2026-05-00045,2026-05-02 13:43:53.125026+00,"{""invalidated_by"": ""VAL-RESET-20260430-4422""}"
c85e74be-b435-455c-88bf-a1067ec9c9a3,8851e237-ca39-487c-a35f-e28fe711d32c,2000,91.99434410737256,183988.6882147451,0,0,Production,MO-2026-05-00045,2026-05-02 13:43:52.695892+00,"{""invalidated_by"": ""VAL-RESET-20260430-4422""}"
1247a106-1045-4df3-97e2-6dd8d86ca5cf,e646adf3-e04a-4919-8dd4-d53927f5584b,450,90.85300729482711,40883.8532826722,0,0,Sale Return,Final Cleanup: Sale Return for 10,2026-04-11 07:02:10.324616+00,"{""invalidated_by"": ""VAL-RESET-20260430-3716""}"
62a62411-505b-4069-9e33-45804f67f85e,2c981082-c3ab-47b1-99c3-c34fe22ee02c,-400,90.10922692546995,-36043.69077018798,0,0,Sale,Final Cleanup: Sale for 80,2026-04-11 07:03:02.790442+00,"{""final_cleanup"": true, ""stock_move_id"": ""00900b65-0b4b-4526-9f9b-b23a51a4f64c""}"
2e13cd84-c262-4e58-9b96-2d832ea94717,2c08642b-74ca-4429-acfa-8cb3911b39b3,-60,0.01,-0.6,0,0,Production,Final Cleanup: Production for 50,2026-04-11 07:03:06.100651+00,"{""final_cleanup"": true, ""stock_move_id"": ""3cb5327d-b2a1-4d2d-8348-686fe1c892f4""}"
272730d3-990e-48ba-984c-692277b9997b,e560c8fd-332b-48cb-b7de-125a590bcb0c,10400,91.99434410737256,956741.1787166746,0,0,Production,MO-2026-05-00045,2026-05-02 13:43:52.903254+00,"{""invalidated_by"": ""VAL-RESET-20260430-4422""}"
0b7fe7f3-fdc8-437c-90b8-dccde5d56ee5,98506d04-47db-4d74-847b-cf3122bc85ad,250,91.99434410737256,22998.58602684314,0,0,Production,MO-2026-05-00045,2026-05-02 13:43:52.158274+00,"{""invalidated_by"": ""VAL-RESET-20260430-4422""}"
d85d9637-a48d-4aa0-952c-2a23e04368c2,8851e237-ca39-487c-a35f-e28fe711d32c,3500,89.04897811475156,311671.4234016305,0,0.0000000000000000,Production,Final Cleanup: Production for 50,2026-04-11 07:02:59.447291+00,"{""final_cleanup"": true, ""stock_move_id"": ""aec10f38-d062-469f-a32e-8f6a156cab9a""}"
25ea68d8-32bc-4fb8-a060-a19281dea5a7,29f97aa5-e538-4261-b69f-6b1a394015c9,0,0,0,0,0,Purchase,Bill edef7b00,2026-04-18 07:00:00+00,{}
4bca0949-2352-422c-b88a-252e8c918491,1066c1db-bbd7-4256-a751-f5cbf463f8a3,420,42.62205765848616,17901.26421656419,0,0.0000000000000000,Production,MO-2026-04-00032,2026-04-17 07:41:56.440331+00,{}
9f75fa14-768b-4a91-ad59-d85be9d8ad5f,1066c1db-bbd7-4256-a751-f5cbf463f8a3,1725,92.94306041555204,160326.77921682727,0,0.000000000000000000000000000,Production,MO-2026-04-00044,2026-04-30 10:37:44.970045+00,{}
2fbb14a4-daa3-4f88-b342-cfe33cbf878a,e646adf3-e04a-4919-8dd4-d53927f5584b,1000,90.85300729482711,90853.00729482711,0,0,Sale Return,Final Cleanup: Sale Return for 10,2026-04-11 07:02:17.237035+00,"{""invalidated_by"": ""VAL-RESET-20260430-3716""}"
15cc90e9-1804-4acc-885c-46cb7f7da80c,e646adf3-e04a-4919-8dd4-d53927f5584b,190,90.85300729482711,17262.07138601715,0,0,Sale Return,Final Cleanup: Sale Return for 10,2026-04-11 07:02:36.46684+00,"{""invalidated_by"": ""VAL-RESET-20260430-3716""}"
13c415ca-a055-4ef2-8474-592b6df74944,a6707819-7f9c-4968-ad8e-badfec24bef2,500,89.572379064604,44786.189532302,0,0,Sale Return,Final Cleanup: Sale Return for 20,2026-04-11 07:02:13.736748+00,"{""invalidated_by"": ""VAL-RESET-20260430-3716""}"
eaf9a704-e8e7-4959-b2b2-213746302209,a6707819-7f9c-4968-ad8e-badfec24bef2,3920,89.572379064604,351123.72593324765,0,0,Sale Return,Final Cleanup: Sale Return for 20,2026-04-11 07:02:20.403132+00,"{""invalidated_by"": ""VAL-RESET-20260430-3716""}"
25270f78-7c3a-4848-9a69-b365f3584619,a6707819-7f9c-4968-ad8e-badfec24bef2,20,89.572379064604,1791.4475812920798,0,0,Sale Return,Final Cleanup: Sale Return for 20,2026-04-11 07:02:23.584209+00,"{""invalidated_by"": ""VAL-RESET-20260430-3716""}"
4bdf4844-0acf-4df0-b8dd-3c19cbf2ffb5,a6707819-7f9c-4968-ad8e-badfec24bef2,1800,89.572379064604,161230.2823162872,0,0,Sale Return,Final Cleanup: Sale Return for 20,2026-04-11 07:02:26.759314+00,"{""invalidated_by"": ""VAL-RESET-20260430-3716""}"
5b9a65e4-ab46-48bc-967a-3e223fca8126,a6707819-7f9c-4968-ad8e-badfec24bef2,3500,89.572379064604,313503.32672611397,0,0,Sale Return,Final Cleanup: Sale Return for 20,2026-04-11 07:02:46.338809+00,"{""invalidated_by"": ""VAL-RESET-20260430-3716""}"
caee2630-e02f-4523-8090-f33abd9ed4c5,937ec71e-d35e-4c0a-b48a-7e72d77e86c1,30,90.25820716819683,2707.746215045905,0,0,Sale Return,Final Cleanup: Sale Return for 15,2026-04-11 07:02:39.71764+00,"{""invalidated_by"": ""VAL-RESET-20260430-3716""}"
126f10fe-2c7b-44a1-9585-dd929b546589,a40b07a6-2948-489d-8dec-5e206ba38989,12,20.100000000000005,241.20000000000005,0,0,Conversion,CONV-1777560560797,2026-04-30 14:49:21.504091+00,"{""invalidated_by"": ""VAL-RESET-20260430-3716""}"
17f01409-403b-415d-bdf9-53bf6970ba53,5ada25b4-2b36-4680-8cb5-7b6818230550,0,24.13,0,0,0,Initial,VAL-RESET-20260430-3716,2026-04-30 18:59:59.999+00,"{""reason"": ""Manual Valuation Override""}"
47aee742-61fd-4ed9-95be-e1911bd629af,10f96fbf-6d9a-4dde-87da-c04faf2ae3f1,0,500,0,0,0,Initial,VAL-RESET-20260430-3716,2026-04-30 18:59:59.999+00,"{""reason"": ""Manual Valuation Override""}"
f05e9845-c458-448e-ba65-21c061a91f6b,6e635acf-ca3f-406a-9177-bdaa6406317e,0,79.5280395676993,0,0,0,Initial,VAL-RESET-20260430-3716,2026-04-30 18:59:59.999+00,"{""reason"": ""Manual Valuation Override""}"
772626bd-f967-4c7e-af85-8f0e3bf2e7dc,2c981082-c3ab-47b1-99c3-c34fe22ee02c,2000,90.10922692546995,180218.4538509399,0,0,Sale Return,Final Cleanup: Sale Return for 80,2026-04-11 07:02:06.861188+00,"{""invalidated_by"": ""VAL-RESET-20260430-3716""}"
3fb10a16-529f-47b1-83e9-b72c45eec2e4,2c981082-c3ab-47b1-99c3-c34fe22ee02c,800,90.10922692546995,72087.38154037597,0,0,Sale Return,Final Cleanup: Sale Return for 80,2026-04-11 07:02:33.279581+00,"{""invalidated_by"": ""VAL-RESET-20260430-3716""}"
3bb2cee3-868e-4b33-a202-aeba9603dfc2,2c981082-c3ab-47b1-99c3-c34fe22ee02c,2480,90.10922692546995,223470.8827751655,0,0,Production,Final Cleanup: Production for 80,2026-04-11 07:02:56.188965+00,"{""invalidated_by"": ""VAL-RESET-20260430-3716""}"
70aaa829-740a-4ec1-887f-be301d0b2081,2c981082-c3ab-47b1-99c3-c34fe22ee02c,2480,90.10922692546995,223470.8827751655,0,0,Production,Final Cleanup: Production for 80,2026-04-11 07:03:12.510968+00,"{""invalidated_by"": ""VAL-RESET-20260430-3716""}"
34946fbf-9b49-4d18-a70b-3dff99e7172e,e560c8fd-332b-48cb-b7de-125a590bcb0c,14000,88.80139897160952,1243219.5856025333,0,0,Production,Final Cleanup: Production for 80,2026-04-11 07:01:47.058442+00,"{""invalidated_by"": ""VAL-RESET-20260430-3716""}"
a84743b3-64a7-431f-8332-3b51b48ca0a0,e560c8fd-332b-48cb-b7de-125a590bcb0c,12640,88.80139897160952,1122449.6830011443,0,0,Sale Return,Final Cleanup: Sale Return for 80,2026-04-11 07:02:30.048622+00,"{""invalidated_by"": ""VAL-RESET-20260430-3716""}"
eb2cd9ca-fb5a-49d9-838c-654a8fa51d73,e560c8fd-332b-48cb-b7de-125a590bcb0c,6640,88.80139897160952,589641.2891714872,0,0,Production,Final Cleanup: Production for 80,2026-04-11 07:02:52.904758+00,"{""invalidated_by"": ""VAL-RESET-20260430-3716""}"
d71cbcec-fbe9-492a-b7eb-bc15ba22dfe4,e560c8fd-332b-48cb-b7de-125a590bcb0c,1650,59.68236512051892,98475.90244885621,0,0,Conversion,CONV-1776949357796,2026-04-23 13:02:40.927032+00,"{""invalidated_by"": ""VAL-RESET-20260430-3716""}"
faba3fa8-dca5-443f-9aff-eccf6eaf2b80,d9964e90-72ce-482b-8a17-7651628e223e,0,75,0,0,0,Initial,VAL-RESET-20260430-3716,2026-04-30 18:59:59.999+00,"{""reason"": ""Manual Valuation Override""}"
dfaa9ea7-ba4d-4884-951d-91118e43d892,769513cc-c70d-41c0-9bb6-99b480841b4f,-296,20.1,-5949.6,0,0,Production,Final Cleanup: Production for 15,2026-04-11 07:01:47.688045+00,"{""final_cleanup"": true, ""stock_move_id"": ""0f98eab9-3617-4d98-afc8-734ca9641a79""}"
44ab11dd-9ddf-4dc6-bbe1-a45c7dd6369f,a6707819-7f9c-4968-ad8e-badfec24bef2,-80,89.572379064604,-7165.790325168319,0,0,Sale,Final Cleanup: Sale for 20,2026-04-11 07:01:50.881825+00,"{""final_cleanup"": true, ""stock_move_id"": ""75a99654-76a8-4526-a301-5c8d954d2d68""}"
d4cd2288-9953-494b-8665-bd0183ed5604,769513cc-c70d-41c0-9bb6-99b480841b4f,-184,20.1,-3698.4,0,0,Production,Final Cleanup: Production for 15,2026-04-11 07:01:54.255138+00,"{""final_cleanup"": true, ""stock_move_id"": ""d3d43fb5-4fb2-4c3d-a33e-27a315b54082""}"
96cebc84-60b5-4938-bf53-92f5ca288c82,a6707819-7f9c-4968-ad8e-badfec24bef2,-1000,89.572379064604,-89572.379064604,0,0,Sale,Final Cleanup: Sale for 20,2026-04-11 07:01:57.463107+00,"{""final_cleanup"": true, ""stock_move_id"": ""65f59f94-e05e-4d6d-862d-21187d4ebeca""}"
6efcbada-07ce-4ba5-b630-8c3ecc6ee7d5,71747c3d-230b-4f6c-a3a5-80ca29120b16,0,4,0,0,0,Adjustment,REF-2026-05-01285,2026-05-02 18:59:59.999+00,"{""source"": ""Wheat Refraction""}"
acb43c17-458d-47a2-80d2-e0d2d10f3426,1066c1db-bbd7-4256-a751-f5cbf463f8a3,600,91.99434410737256,55196.60646442353,0,0.0000000000000000,Initial,VAL-RESET-20260430-4422,2026-04-30 18:59:59.999+00,"{""reason"": ""Manual Valuation Override""}"
aa671f71-1a46-481f-8362-7e98c53d3953,6980162c-6553-41b7-8e80-4110c37c1ecc,0,0,0,0,0,Initial,VAL-RESET-20260331-7558,2026-03-31 18:59:59.999+00,"{""reason"": ""Manual Valuation Override""}"
67d0d465-436c-4198-b21d-5291f3fce83e,18568477-1a69-413a-b5bd-94333c860750,9554,94.9540489205097,907190.9833865497,0,0,Production,MO-2026-05-00048,2026-05-07 08:20:07.8124+00,"{""invalidated_by"": ""VAL-RESET-20260331-7558""}"
69841db4-ac64-4bea-bf52-acafbbc56a66,6e635acf-ca3f-406a-9177-bdaa6406317e,0,79.5280395676993,0,0,0,Initial,VAL-RESET-20260331-7558,2026-03-31 18:59:59.999+00,"{""reason"": ""Manual Valuation Override""}"
4052e1e5-4bcc-4861-a18f-480c5006eaa4,8851e237-ca39-487c-a35f-e28fe711d32c,9400,94.9540489205097,892568.0598527913,0,0,Production,MO-2026-05-00048,2026-05-07 08:20:07.345847+00,"{""invalidated_by"": ""VAL-RESET-20260331-7558""}"
0cd3d6ee-65eb-468d-b512-3eb06d5c7ab1,e560c8fd-332b-48cb-b7de-125a590bcb0c,2720,94.9540489205097,258275.0130637864,0,0,Production,MO-2026-05-00048,2026-05-07 08:20:07.551296+00,"{""invalidated_by"": ""VAL-RESET-20260331-7558""}"
6c4b97de-ac2e-499c-b3cb-dc8e3827faee,2c52647d-a84b-4dd5-b46b-02e3c9c4666c,0,0,0,0,0,Initial,VAL-RESET-20260331-7558,2026-03-31 18:59:59.999+00,"{""reason"": ""Manual Valuation Override""}"
afb997bb-8bbf-4c8b-be04-14c8ffdb5f80,a6707819-7f9c-4968-ad8e-badfec24bef2,-1000,89.572379064604,-89572.379064604,0,0,Sale,Final Cleanup: Sale for 20,2026-04-11 07:03:03.437077+00,"{""final_cleanup"": true, ""stock_move_id"": ""0207ce1a-4a41-4681-8d18-5711132017e3""}"
6b967bc2-68c5-4fc6-9b3a-d9d07865c57d,c8ca813c-e4be-428e-aef8-503eeeb948b7,-4,0.01,-0.04,0,0,Production,Final Cleanup: Production for 50,2026-04-11 07:03:06.757516+00,"{""final_cleanup"": true, ""stock_move_id"": ""9ea7d453-3e42-47a4-a18c-435fa45b6e93""}"
78a9d419-b296-45a2-8fa2-223e978f4580,d23536f3-0d86-4dcd-934e-9085566d4dc7,65146.95,93.375,6083096.45625,0.00,0.00000000000000000000000000000000000000000000,Purchase,PO-2026-04-00030,2026-04-09 07:19:48.432607+00,{}
89c15999-2838-4f0f-be27-c4e1507a5a30,d23536f3-0d86-4dcd-934e-9085566d4dc7,11203,75,840225,0,0.000000000000000000000000000000000000000000,Purchase,PO-2026-04-00031,2026-04-09 08:04:28.088751+00,{}
a389c2a0-f050-4a63-afe1-51e4c95f36dc,d23536f3-0d86-4dcd-934e-9085566d4dc7,36192,75,2714400,0,0.000000000000000000000000000000000000000000,Purchase,PO-2026-04-00032,2026-04-09 09:39:44.281965+00,{}
c1332ecd-5536-410a-8055-347d96c83d8d,d23536f3-0d86-4dcd-934e-9085566d4dc7,38808,75,2910600,0,0.000000000000000000000000000000000000000000,Purchase,PO-2026-04-00033,2026-04-09 09:50:47.524034+00,{}
5dd3bce1-c3f7-42ca-bd79-e7d8c4b0624a,d23536f3-0d86-4dcd-934e-9085566d4dc7,65067.75,93.75,6100101.5625,0.00,0.00000000000000000000000000000000000000000000,Purchase,PO-2026-04-00034,2026-04-09 09:55:08.242816+00,{}
497ea464-c580-4e4f-a60c-bc7fe1b8dc26,d23536f3-0d86-4dcd-934e-9085566d4dc7,49995,5.7466717383035375,287304.8535564854,0,0.000000000000000000000000000000000000000000,Purchase,Auto-Repair: Purchase Move for Standard,2026-04-11 06:37:41.710289+00,"{""auto_repair"": true, ""stock_move_id"": ""1d4901b5-bf9d-4e36-90c7-0a340666438d""}"
133bddac-0384-4eb6-ac54-1cad0466b86e,d23536f3-0d86-4dcd-934e-9085566d4dc7,66334.95,5.7466717383035375,381205.18242677825,0.00,0.00000000000000000000000000000000000000000000,Purchase,Auto-Repair: Purchase Move for Standard,2026-04-11 06:38:22.42901+00,"{""auto_repair"": true, ""stock_move_id"": ""ec75b614-79f7-4eef-a643-0de1d1e84be8""}"
b3f21761-212f-49a9-a59e-b40d484cb45d,d23536f3-0d86-4dcd-934e-9085566d4dc7,25010,5.7466717383035375,143724.26017497148,0,0.000000000000000000000000000000000000000000,Purchase,Auto-Repair: Purchase Move for Standard,2026-04-11 06:38:41.369887+00,"{""auto_repair"": true, ""stock_move_id"": ""387c3a2f-26cb-4906-8293-a5099900611b""}"
4cb67e4e-2bda-4c22-90c6-90014e4c1e6d,a6707819-7f9c-4968-ad8e-badfec24bef2,5220,89.572379064604,467567.81871723285,0,0,Sale Return,Final Cleanup: Sale Return for 20,2026-04-11 07:02:17.870062+00,"{""invalidated_by"": ""VAL-RESET-20260430-3716""}"
20c2a722-4697-42e5-ba75-9e7e35b9aca7,a6707819-7f9c-4968-ad8e-badfec24bef2,120,89.572379064604,10748.685487752478,0,0,Sale Return,Final Cleanup: Sale Return for 20,2026-04-11 07:02:37.132285+00,"{""invalidated_by"": ""VAL-RESET-20260430-3716""}"
93d38896-a0d1-42e0-9382-02f71fb48493,a6707819-7f9c-4968-ad8e-badfec24bef2,9000,89.572379064604,806151.4115814359,0,0,Sale Return,Final Cleanup: Sale Return for 20,2026-04-11 07:02:43.664773+00,"{""invalidated_by"": ""VAL-RESET-20260430-3716""}"
363bb083-4968-4aba-8cde-beb38e06328f,a6707819-7f9c-4968-ad8e-badfec24bef2,3000,89.572379064604,268717.137193812,0,0,Sale Return,Final Cleanup: Sale Return for 20,2026-04-11 07:02:46.980145+00,"{""invalidated_by"": ""VAL-RESET-20260430-3716""}"
166f6349-2ded-49ac-a8ba-e9f4b93bf88c,5ffd5921-5ad2-4d30-b598-4337f1a39464,1800,91.7865737665065,165215.83277971172,0,0,Sale Return,Final Cleanup: Sale Return for 20,2026-04-11 07:02:33.924258+00,"{""invalidated_by"": ""VAL-RESET-20260430-3716""}"
405fce40-febb-4ddb-8777-313fbcf406a0,5ffd5921-5ad2-4d30-b598-4337f1a39464,4880,91.7865737665065,447918.47998055175,0,0,Production,Final Cleanup: Production for 20,2026-04-11 07:02:56.853848+00,"{""invalidated_by"": ""VAL-RESET-20260430-3716""}"
7d975c06-6dd0-4f9a-a58b-e489804ecd87,29f97aa5-e538-4261-b69f-6b1a394015c9,1100,25.746671738303537,28321.33891213389,0,0,Purchase,Final Cleanup: Purchase for Standard,2026-04-11 07:02:00.669594+00,"{""invalidated_by"": ""VAL-RESET-20260430-3716""}"
ea232959-3edf-4c9b-b493-a30acbf90c87,18568477-1a69-413a-b5bd-94333c860750,5134,90.7341284885639,465829.01566028706,0,0,Production,Final Cleanup: Production for 34,2026-04-11 07:02:53.540834+00,"{""invalidated_by"": ""VAL-RESET-20260430-3716""}"
9392c27b-9cdd-49e8-ad7a-9a645896a677,2c981082-c3ab-47b1-99c3-c34fe22ee02c,3760,90.10922692546995,338810.69323976705,0,0,Sale Return,Final Cleanup: Sale Return for 80,2026-04-11 07:02:07.554883+00,"{""invalidated_by"": ""VAL-RESET-20260430-3716""}"
d928a9d2-8620-42c2-9d30-233b0c80dd4f,2c981082-c3ab-47b1-99c3-c34fe22ee02c,1120,90.10922692546995,100922.33415652635,0,0,Sale Return,Final Cleanup: Sale Return for 80,2026-04-11 07:02:21.02706+00,"{""invalidated_by"": ""VAL-RESET-20260430-3716""}"
1d8a8e91-7806-4dc4-a9f9-9c10466dce5e,2c981082-c3ab-47b1-99c3-c34fe22ee02c,1360,90.10922692546995,122548.54861863914,0,0,Production,Final Cleanup: Production for 80,2026-04-11 07:03:00.094843+00,"{""invalidated_by"": ""VAL-RESET-20260430-3716""}"
15d22a2c-9a6e-4516-82f2-082860f8f8ce,e560c8fd-332b-48cb-b7de-125a590bcb0c,7040,88.80139897160952,625161.8487601309,0,0,Production,Final Cleanup: Production for 80,2026-04-11 07:02:03.980137+00,"{""invalidated_by"": ""VAL-RESET-20260430-3716""}"
69dec59b-6ea3-41c9-be67-e3b2db6cb469,1066c1db-bbd7-4256-a751-f5cbf463f8a3,8025,86.07506303973638,690752.3808938845,0,0.0000000000000000,Initial,VAL-RESET-20260331-7558,2026-03-31 18:59:59.999+00,"{""reason"": ""Manual Valuation Override""}"
32c08e0c-a1fc-4a42-b3f4-84e3caf085e1,769513cc-c70d-41c0-9bb6-99b480841b4f,0,20.1,0,0,0,Initial,VAL-RESET-20260430-6043,2026-04-30 18:59:59.999+00,"{""reason"": ""Manual Valuation Override""}"
b02b2d09-61b5-4c89-97a5-2dfebe92c4a3,5dc03d6b-a9fc-4d75-976b-db7afb556301,2388,12.89,30781.32,0,0,Initial,VAL-RESET-20260331-7558,2026-03-31 18:59:59.999+00,"{""reason"": ""Historical Valuation Reset"", ""invalidated_by"": ""VAL-RESET-20260430-6043""}"
26a0f083-79e0-44d8-b53f-694b74c8a007,102e3e45-c488-4973-91c5-f62f51764ceb,923,20,18460,0,0,Initial,VAL-RESET-20260430-6043,2026-04-30 18:59:59.999+00,"{""reason"": ""Historical Valuation Reset"", ""invalidated_by"": ""VAL-RESET-20260430-5898""}"
27ed6c53-c0af-4c3a-8bfb-88d79e4882f8,d383d741-fa61-4537-9ef9-7fb74115ded0,457,17,7769,0,0,Initial,VAL-RESET-20260430-6043,2026-04-30 18:59:59.999+00,"{""reason"": ""Historical Valuation Reset"", ""invalidated_by"": ""VAL-RESET-20260430-5898""}"
6759849c-2acf-46f6-ad33-df47c98b99fb,a6707819-7f9c-4968-ad8e-badfec24bef2,-3200,89.572379064604,-286631.6130067328,0,0,Sale,Final Cleanup: Sale for 20,2026-04-11 07:01:48.317848+00,"{""final_cleanup"": true, ""stock_move_id"": ""112a1583-00d4-4f31-8d81-98eabd13de26""}"
30bbb188-7a4e-4dd0-a57f-825457b59405,7228dd62-c775-4f2b-bc08-dda954f29958,-5,78.88704005207522,-394.4352002603761,0,0,Sale,Final Cleanup: Sale for 5,2026-04-11 07:01:51.724847+00,"{""final_cleanup"": true, ""stock_move_id"": ""2f038fcb-7843-4348-a2df-69c573d8a07e""}"
2ffcd06c-0081-4cda-ad0a-025f6e873d3b,d23536f3-0d86-4dcd-934e-9085566d4dc7,-31735,5.7466717383035375,-182370.62761506275,0,0,Production,Final Cleanup: Production for Standard,2026-04-11 07:01:54.884564+00,"{""final_cleanup"": true, ""stock_move_id"": ""7478e1cd-a8bf-420b-9eae-452260995602""}"
88aa5802-e311-43d3-9c83-acbbee6deff1,a6707819-7f9c-4968-ad8e-badfec24bef2,-1000,89.572379064604,-89572.379064604,0,0,Sale,Final Cleanup: Sale for 20,2026-04-11 07:01:58.097123+00,"{""final_cleanup"": true, ""stock_move_id"": ""65ab0156-85db-4b1e-94d4-980f38d7410a""}"
05f4a2e1-2b65-45ef-9d06-e82534d9489a,2725799f-a307-4777-8b00-84f03278ab57,-306,24.377363532323745,-7459.473240891066,0,0,Production,Final Cleanup: Production for 20,2026-04-11 07:02:01.327447+00,"{""final_cleanup"": true, ""stock_move_id"": ""5e04ea41-10f1-4f03-863b-04e5cad629cd""}"
0a65bbdf-6d5e-4413-880b-909ec9afb117,d9964e90-72ce-482b-8a17-7651628e223e,1550,75,116250,0,0.0000000000000000,Adjustment,REF-2026-05-01285,2026-05-02 18:59:59.999+00,"{""source"": ""Wheat Refraction""}"
c9ee72d3-389e-476b-8b1e-80512b53fad2,71747c3d-230b-4f6c-a3a5-80ca29120b16,730,4,2920,0,0,Adjustment,Auto-Sync for INV-2026-05-004,2026-05-05 09:16:32.682795+00,"{""invalidated_by"": ""VAL-RESET-20260430-2796""}"
ed133020-04e2-4815-894d-915b4a05a561,aa74113c-9bfa-4286-875a-82d02a6e0f47,0,71.86427591288245,0,0,0,Initial,VAL-RESET-20260331-7558,2026-03-31 18:59:59.999+00,"{""reason"": ""Manual Valuation Override""}"
bfeed68b-82a4-42c1-9d1c-c17fc7163846,25a20076-8468-420b-97f9-75c1f6275242,1580,94.9540489205097,150027.39729440532,0,0,Production,MO-2026-05-00048,2026-05-07 08:20:06.669223+00,"{""invalidated_by"": ""VAL-RESET-20260331-7558""}"
c6231499-d621-458c-8d53-15e0d27057cf,c9697fe6-8ed3-4f78-afea-d12b5f645e53,0,71.55,0,0,0,Initial,VAL-RESET-20260331-7558,2026-03-31 18:59:59.999+00,"{""reason"": ""Manual Valuation Override""}"
b213c410-c4c3-4169-899a-dd20f7a7ad98,412aa341-e0a4-46bd-a236-57ae4776e21c,0,91.7865737665065,0,0,0,Initial,VAL-RESET-20260331-7558,2026-03-31 18:59:59.999+00,"{""reason"": ""Manual Valuation Override""}"
b902ef65-77b4-44ec-b1cf-6194fb415587,ec766a71-38c2-45fb-a64f-7589897d89ae,0,89.5,0,0,0,Initial,VAL-RESET-20260331-7558,2026-03-31 18:59:59.999+00,"{""reason"": ""Manual Valuation Override""}"
481b4dac-1673-4cff-9a91-e5b421875584,e646adf3-e04a-4919-8dd4-d53927f5584b,500,90.85300729482711,45426.503647413556,0,0,Sale Return,Final Cleanup: Sale Return for 10,2026-04-11 07:02:08.25192+00,"{""invalidated_by"": ""VAL-RESET-20260430-3716""}"
283e61ff-e8ac-4eeb-9c2b-095b3e3f84d6,a48054e2-5d92-4162-8afa-6a9565b697ea,0,107.5,0,0,0,Initial,VAL-RESET-20260331-7558,2026-03-31 18:59:59.999+00,"{""reason"": ""Manual Valuation Override""}"
dd51443e-9fbe-4cb3-84d3-09d4e43b5fa3,31960d22-7e96-457a-b977-2f6cca95735b,0,0.01,0,0,0,Initial,VAL-RESET-20260331-7558,2026-03-31 18:59:59.999+00,"{""reason"": ""Manual Valuation Override""}"
74a61aad-be7c-4acd-a698-4e01b5e3a88c,5ada25b4-2b36-4680-8cb5-7b6818230550,0,24.13,0,0,0,Initial,VAL-RESET-20260331-7558,2026-03-31 18:59:59.999+00,"{""reason"": ""Manual Valuation Override""}"
99e1c809-43ad-424a-ab94-12baf793fa3d,2c981082-c3ab-47b1-99c3-c34fe22ee02c,-800,90.10922692546995,-72087.38154037597,0,0,Sale,Final Cleanup: Sale for 80,2026-04-11 07:03:04.089495+00,"{""final_cleanup"": true, ""stock_move_id"": ""7e803fcb-6ff5-4edd-876a-019f5feebaf7""}"
c1bf4974-d792-457d-8517-147325a24aa2,4c46ce95-42bf-4f3d-beb8-123623d0fa76,500,77.91788781882175,38958.943909410875,0,0.0000000000000000,Initial,VAL-RESET-20260331-7558,2026-03-31 18:59:59.999+00,"{""reason"": ""Manual Valuation Override""}"
0cd34e76-ca00-4982-8b1a-4d26e7902f50,a40b07a6-2948-489d-8dec-5e206ba38989,12.100000000000023,17,205.7000000000004,0.000000000000000,0.0000000000000000000000000000000,Initial,VAL-RESET-20260331-7558,2026-03-31 18:59:59.999+00,"{""reason"": ""Manual Valuation Override""}"
ac9dfd33-e8d2-4c85-b05b-0f997699d648,d23536f3-0d86-4dcd-934e-9085566d4dc7,658.05,5.7466717383035375,3781.5973373906427,0.00,0.00000000000000000000000000000000000000000000,Purchase,Auto-Repair: Purchase Move for Standard,2026-04-11 06:38:59.390551+00,"{""auto_repair"": true, ""stock_move_id"": ""7627998b-1d3d-4f98-a77d-53335e98c12b""}"
61f47e0b-454c-4d7d-a0bd-c70fdcb647ac,d23536f3-0d86-4dcd-934e-9085566d4dc7,11203,5.7466717383035375,64379.96348421453,0,0.000000000000000000000000000000000000000000,Purchase,Auto-Repair: Purchase Move for Standard,2026-04-11 06:39:43.709665+00,"{""auto_repair"": true, ""stock_move_id"": ""b1ce1a4f-5f2d-4f5f-a0bd-d139d4ed8eeb""}"
1e90cedf-52bc-461c-a4cf-84218c488e9f,d23536f3-0d86-4dcd-934e-9085566d4dc7,38808,5.7466717383035375,223016.83682008367,0,0.000000000000000000000000000000000000000000,Purchase,Auto-Repair: Purchase Move for Standard,2026-04-11 06:40:20.498307+00,"{""auto_repair"": true, ""stock_move_id"": ""33c01962-4f5b-4158-9ba3-6c83dc42cd29""}"
aa9c5122-4249-4bb4-8ca5-936507609ccd,d23536f3-0d86-4dcd-934e-9085566d4dc7,50005,5.7466717383035375,287362.3202738684,0,0.000000000000000000000000000000000000000000,Purchase,Auto-Repair: Purchase Move for Standard,2026-04-11 06:40:50.625444+00,"{""auto_repair"": true, ""stock_move_id"": ""94be6d1f-ee3c-455d-926a-1ef196aa8390""}"
da5519af-cb2c-454f-9e99-b43f74fb0bf5,d23536f3-0d86-4dcd-934e-9085566d4dc7,52019.55,5.7466717383035375,298939.2778242678,0.00,0.00000000000000000000000000000000000000000000,Purchase,Auto-Repair: Purchase Move for Standard,2026-04-11 06:43:19.798905+00,"{""auto_repair"": true, ""stock_move_id"": ""09924224-aec9-41b6-a993-fd92195fbc44""}"
d3306030-add0-49fd-8345-e72eb334e9cc,e646adf3-e04a-4919-8dd4-d53927f5584b,110,90.85300729482711,9993.830802430983,0,0,Sale Return,Final Cleanup: Sale Return for 10,2026-04-11 07:02:21.657453+00,"{""invalidated_by"": ""VAL-RESET-20260430-3716""}"
5ba5975a-f773-4c71-8163-28e0d7f5e5c6,a6707819-7f9c-4968-ad8e-badfec24bef2,1760,89.572379064604,157647.38715370302,0,0,Production,Final Cleanup: Production for 20,2026-04-11 07:02:04.704078+00,"{""invalidated_by"": ""VAL-RESET-20260430-3716""}"
f7d50caf-d373-4aee-be0c-aad09e3ed16a,a6707819-7f9c-4968-ad8e-badfec24bef2,1800,89.572379064604,161230.2823162872,0,0,Sale Return,Final Cleanup: Sale Return for 20,2026-04-11 07:02:11.639822+00,"{""invalidated_by"": ""VAL-RESET-20260430-3716""}"
e1771f28-846e-4dca-be7d-e27fe0cebf08,a6707819-7f9c-4968-ad8e-badfec24bef2,4000,89.572379064604,358289.516258416,0,0,Sale Return,Final Cleanup: Sale Return for 20,2026-04-11 07:02:15.192394+00,"{""invalidated_by"": ""VAL-RESET-20260430-3716""}"
fc31f837-a35b-4270-b408-56f6889ceac8,18568477-1a69-413a-b5bd-94333c860750,2992,90.7341284885639,271476.5124377832,0,0,Production,Final Cleanup: Production for 34,2026-04-11 07:02:54.189934+00,"{""invalidated_by"": ""VAL-RESET-20260430-3716""}"
b9d2ca7b-6e10-40b5-99f4-7073b1051bd1,18568477-1a69-413a-b5bd-94333c860750,1904,90.7341284885639,172757.78064222567,0,0,Production,Final Cleanup: Production for 34,2026-04-11 07:03:07.393374+00,"{""invalidated_by"": ""VAL-RESET-20260430-3716""}"
33a12497-379b-405c-a4fd-d7dc0dfa838b,2c981082-c3ab-47b1-99c3-c34fe22ee02c,3520,90.10922692546995,317184.47877765424,0,0,Sale Return,Final Cleanup: Sale Return for 80,2026-04-11 07:02:18.504211+00,"{""invalidated_by"": ""VAL-RESET-20260430-3716""}"
3a7ad187-0c4f-4b32-b96d-94b55789f9a0,98506d04-47db-4d74-847b-cf3122bc85ad,100,77.28152445699166,7728.1524456991665,0,0,Production,Final Cleanup: Production for 50,2026-04-11 07:03:00.754817+00,"{""invalidated_by"": ""VAL-RESET-20260430-3716""}"
8360d381-5f4a-4cf9-b109-c33ff7ac135e,98506d04-47db-4d74-847b-cf3122bc85ad,150,77.28152445699166,11592.228668548749,0,0,Production,Final Cleanup: Production for 50,2026-04-11 07:03:10.584205+00,"{""invalidated_by"": ""VAL-RESET-20260430-3716""}"
f486422e-5bb9-4c81-8e8c-24e0130ff55d,8b945707-4cb1-4e34-8d12-92da06120bd2,789,69.2179,54612.9231,0,0,Initial,VAL-RESET-20260331-7558,2026-03-31 18:59:59.999+00,"{""reason"": ""Historical Valuation Reset"", ""invalidated_by"": ""VAL-RESET-20260430-6043""}"
ab499469-62fe-404e-96ba-a8bce7194296,29f97aa5-e538-4261-b69f-6b1a394015c9,11497,25,287425,0,0,Initial,VAL-RESET-20260331-7558,2026-03-31 18:59:59.999+00,"{""reason"": ""Historical Valuation Reset"", ""invalidated_by"": ""VAL-RESET-20260430-6043""}"
357c187a-2dd8-4f09-8e48-dab8013cba29,2c981082-c3ab-47b1-99c3-c34fe22ee02c,-3200,90.10922692546995,-288349.52616150386,0,0,Sale,Final Cleanup: Sale for 80,2026-04-11 07:01:48.961076+00,"{""final_cleanup"": true, ""stock_move_id"": ""1118bef9-7842-43b0-b86a-fa39ec3d4d09""}"
0586c257-7859-47a9-b980-c2918dc636a1,a6707819-7f9c-4968-ad8e-badfec24bef2,-3000,89.572379064604,-268717.137193812,0,0,Sale,Final Cleanup: Sale for 20,2026-04-11 07:01:52.35433+00,"{""final_cleanup"": true, ""stock_move_id"": ""393ca1ef-d907-4447-b925-d7205c8c3792""}"
0f85f8e9-f3fc-44fe-85f3-c68fe2dbc80f,769513cc-c70d-41c0-9bb6-99b480841b4f,-195,20.1,-3919.5000000000005,0,0,Production,Final Cleanup: Production for 15,2026-04-11 07:01:55.524855+00,"{""final_cleanup"": true, ""stock_move_id"": ""b1b3275e-2554-4b00-a634-fb706fb0b6dc""}"
02efc6dd-c9af-40e3-b5ed-4a14f73590fb,2c981082-c3ab-47b1-99c3-c34fe22ee02c,-1200,90.10922692546995,-108131.07231056395,0,0,Sale,Final Cleanup: Sale for 80,2026-04-11 07:01:58.766437+00,"{""final_cleanup"": true, ""stock_move_id"": ""f80c3e15-989a-4a12-82d1-ae92456b3958""}"
81a89fbb-2bd3-4774-8488-3ca88ec7b840,0532897a-fd36-45a5-9f0f-d042367920ec,0,2,0,0,0,Adjustment,REF-2026-05-01285,2026-05-02 18:59:59.999+00,"{""source"": ""Wheat Refraction""}"
0bb0a400-e50d-4eae-abec-ddb88c936086,2c981082-c3ab-47b1-99c3-c34fe22ee02c,-3120,90.10922692546995,-281140.78800746624,0,0,Sale,Final Cleanup: Sale for 80,2026-04-11 07:02:05.351778+00,"{""final_cleanup"": true, ""stock_move_id"": ""bea35a68-bcda-4903-9d57-afa076ef5128""}"
3a378100-519e-475a-8706-9fdea16a7eda,0532897a-fd36-45a5-9f0f-d042367920ec,5590,2,11180,0,0,Adjustment,Auto-Sync for INV-2026-05-004,2026-05-05 09:16:35.359056+00,"{""invalidated_by"": ""VAL-RESET-20260430-2796""}"
fac59d35-4b21-4621-8216-cc44050ef7a0,1066c1db-bbd7-4256-a751-f5cbf463f8a3,5505,94.9540489205097,522722.03930740594,0,0,Production,MO-2026-05-00048,2026-05-07 08:20:06.448184+00,"{""invalidated_by"": ""VAL-RESET-20260331-7558""}"
93f06c6d-e272-4155-aefc-dacefe66352a,c6b76b35-74b4-4b7d-aa4d-e473698b2f81,0,86.07506303973638,0,0,0,Initial,VAL-RESET-20260331-7558,2026-03-31 18:59:59.999+00,"{""reason"": ""Manual Valuation Override""}"
1e1971d4-491f-449a-b32b-b2866c919481,a6707819-7f9c-4968-ad8e-badfec24bef2,0,86.75,0,0,0,Initial,VAL-RESET-20260331-7558,2026-03-31 18:59:59.999+00,"{""reason"": ""Manual Valuation Override""}"
f3d9288a-4a83-4425-b543-ffb0d34155f8,b5073451-3d7d-4bce-be2e-417dbe7209a4,0,89.5,0,0,0,Initial,VAL-RESET-20260331-7558,2026-03-31 18:59:59.999+00,"{""reason"": ""Manual Valuation Override""}"
14b05657-ae11-4216-a3b1-6b5cdafb6671,3fbbd2fb-4cd6-40e6-8856-26ef2c823bc5,0,92.94306041555204,0,0,0,Initial,VAL-RESET-20260331-7558,2026-03-31 18:59:59.999+00,"{""reason"": ""Manual Valuation Override""}"
4c58c5ea-f70f-4a61-9620-b02bf4f677b6,23da208c-c810-4bf1-89bd-4eb5a55cce5e,0,107.5,0,0,0,Initial,VAL-RESET-20260331-7558,2026-03-31 18:59:59.999+00,"{""reason"": ""Manual Valuation Override""}"
ae3357ef-c9c2-4bb0-ac77-3d1a64f5f563,769513cc-c70d-41c0-9bb6-99b480841b4f,0,20.1,0,0,0,Initial,VAL-RESET-20260331-7558,2026-03-31 18:59:59.999+00,"{""reason"": ""Manual Valuation Override""}"
529eda57-e371-41b0-8c19-395990867011,2c981082-c3ab-47b1-99c3-c34fe22ee02c,6240,94.9540489205097,592513.2652639806,0,0,Production,MO-2026-05-00048,2026-05-07 08:20:07.138473+00,"{""invalidated_by"": ""VAL-RESET-20260331-7558""}"
f0bcda1e-f7f5-445b-a103-758978fbfb4b,2c981082-c3ab-47b1-99c3-c34fe22ee02c,4080,82.78927124483018,337780.2266789071,4080,337780.2266789071,Production,MO-2026-05-00049,2026-05-08 07:27:32.753797+00,{}
0a40dfb7-6a21-492f-8e2b-f267914e4396,a6707819-7f9c-4968-ad8e-badfec24bef2,-960,89.572379064604,-85989.48390201983,0,0,Sale,Final Cleanup: Sale for 20,2026-04-11 07:03:04.728653+00,"{""final_cleanup"": true, ""stock_move_id"": ""6220865a-6a99-4d27-a347-40f1e949cb54""}"
93e09cd2-9cce-4a7f-aa5f-73a6815fcd24,e560c8fd-332b-48cb-b7de-125a590bcb0c,8960,82.78927124483018,741791.8703536784,8960,741791.8703536784,Production,MO-2026-05-00049,2026-05-08 07:27:32.968214+00,{}
47d72484-edfb-47ff-b67b-a162e0453934,18568477-1a69-413a-b5bd-94333c860750,7038,82.78927124483018,582670.8910211148,7038,582670.8910211148,Production,MO-2026-05-00049,2026-05-08 07:27:33.175382+00,{}
94493c5f-3391-48f4-adc2-13f398f1f384,4c46ce95-42bf-4f3d-beb8-123623d0fa76,500,82.78927124483018,41394.63562241509,0,0.0000000000000000,Production,MO-2026-05-00049,2026-05-08 07:27:32.521554+00,{}
caa2fa17-a06e-4883-992b-f9b759ed7a5e,25a20076-8468-420b-97f9-75c1f6275242,1975,82.78927124483018,163508.8107085396,0,0.0000000000000000,Production,MO-2026-05-00049,2026-05-08 07:27:32.305147+00,{}
62db7d2b-83d7-4873-9012-21ffea04efbe,1066c1db-bbd7-4256-a751-f5cbf463f8a3,3060,82.78927124483018,253335.17000918032,90,7459.3204299650732580,Production,MO-2026-05-00049,2026-05-08 07:27:32.001722+00,{}
3c21c83c-6c0b-42fd-9e6b-299ce644b531,31960d22-7e96-457a-b977-2f6cca95735b,0,0.01,0,0,0,Initial,VAL-RESET-20260430-6043,2026-04-30 18:59:59.999+00,"{""reason"": ""Manual Valuation Override""}"
c7819600-984f-47fc-a0ad-e37f8f3c429e,c96b657d-0bd6-4386-b94c-339c33714e3b,187,17.9,3347.2999999999997,0,0,Initial,VAL-RESET-20260331-7558,2026-03-31 18:59:59.999+00,"{""reason"": ""Historical Valuation Reset"", ""invalidated_by"": ""VAL-RESET-20260430-6043""}"
72e0d074-2d83-424e-ac44-a74c7c1667a7,a6707819-7f9c-4968-ad8e-badfec24bef2,-20,89.572379064604,-1791.4475812920798,0,0,Sale,Final Cleanup: Sale for 20,2026-04-11 07:03:18.432464+00,"{""final_cleanup"": true, ""stock_move_id"": ""8c777ed8-beea-47fd-b731-d1403323bffe""}"
97cc8724-5678-4d1f-89d9-555057bceecc,a6707819-7f9c-4968-ad8e-badfec24bef2,2500,89.572379064604,223930.94766150997,0,0,Sale Return,Final Cleanup: Sale Return for 20,2026-04-11 07:02:08.923683+00,"{""invalidated_by"": ""VAL-RESET-20260430-3716""}"
927ba96a-8a3c-423c-b304-51195ab1ab1f,a6707819-7f9c-4968-ad8e-badfec24bef2,560,89.572379064604,50160.53227617824,0,0,Sale Return,Final Cleanup: Sale Return for 20,2026-04-11 07:02:22.304686+00,"{""invalidated_by"": ""VAL-RESET-20260430-3716""}"
4593f581-6a55-4998-a51a-55b653efa5bd,937ec71e-d35e-4c0a-b48a-7e72d77e86c1,285,90.25820716819683,25723.5890429361,0,0,Sale Return,Final Cleanup: Sale Return for 15,2026-04-11 07:02:28.786614+00,"{""invalidated_by"": ""VAL-RESET-20260430-3716""}"
ee1d9ab5-d0fb-42e1-bc46-ff303fcc619e,5ffd5921-5ad2-4d30-b598-4337f1a39464,6120,91.7865737665065,561733.8314510199,0,0,Production,Final Cleanup: Production for 20,2026-04-11 07:02:02.008245+00,"{""invalidated_by"": ""VAL-RESET-20260430-3716""}"
a0de3738-9ca1-4868-91ea-ae2237f35fea,18568477-1a69-413a-b5bd-94333c860750,6392,90.7341284885639,579972.5492989004,0,0,Production,Final Cleanup: Production for 34,2026-04-11 07:02:58.150955+00,"{""invalidated_by"": ""VAL-RESET-20260430-3716""}"
de52fd67-ad17-4eff-b9d2-ff3165f9f057,18568477-1a69-413a-b5bd-94333c860750,3638,90.7341284885639,330090.75944139546,0,0,Production,Final Cleanup: Production for 34,2026-04-11 07:03:11.229366+00,"{""invalidated_by"": ""VAL-RESET-20260430-3716""}"
b363900b-bd81-47f7-93a7-0fa70cb1fe88,18568477-1a69-413a-b5bd-94333c860750,1632,90.7341284885639,148078.09769333628,0,0,Production,Final Cleanup: Production for 34,2026-04-11 07:03:14.500808+00,"{""invalidated_by"": ""VAL-RESET-20260430-3716""}"
9437480f-5762-4f64-865e-b095ea48f6b9,2c981082-c3ab-47b1-99c3-c34fe22ee02c,5200,90.10922692546995,468567.9800124438,0,0,Sale Return,Final Cleanup: Sale Return for 80,2026-04-11 07:02:15.956213+00,"{""invalidated_by"": ""VAL-RESET-20260430-3716""}"
13edc788-58cf-43e8-8d60-cae8998b9ac6,2c981082-c3ab-47b1-99c3-c34fe22ee02c,640,90.10922692546995,57669.90523230077,0,0,Sale Return,Final Cleanup: Sale Return for 80,2026-04-11 07:02:19.140812+00,"{""invalidated_by"": ""VAL-RESET-20260430-3716""}"
7a9fc9a1-689b-44e9-bf19-cd435d3c4455,2c981082-c3ab-47b1-99c3-c34fe22ee02c,1360,90.10922692546995,122548.54861863914,0,0,Sale Return,Final Cleanup: Sale Return for 80,2026-04-11 07:02:41.671451+00,"{""invalidated_by"": ""VAL-RESET-20260430-3716""}"
14d3ba1d-c53b-4244-9f52-571fdd4f7e9c,2c981082-c3ab-47b1-99c3-c34fe22ee02c,1200,90.10922692546995,108131.07231056395,0,0,Sale Return,Final Cleanup: Sale Return for 80,2026-04-11 07:02:45.002422+00,"{""invalidated_by"": ""VAL-RESET-20260430-3716""}"
c7f6c9d7-c722-4631-89c7-3fedebbff331,2c981082-c3ab-47b1-99c3-c34fe22ee02c,4800,90.10922692546995,432524.2892422558,0,0,Production,Final Cleanup: Production for 80,2026-04-11 07:02:51.581136+00,"{""invalidated_by"": ""VAL-RESET-20260430-3716""}"
cb20d7fe-101d-4fbd-b3bc-957140373c32,e560c8fd-332b-48cb-b7de-125a590bcb0c,4000,88.80139897160952,355205.59588643804,0,0,Production,Final Cleanup: Production for 80,2026-04-11 07:02:54.842295+00,"{""invalidated_by"": ""VAL-RESET-20260430-3716""}"
65a75393-cc0f-460b-aa44-e418a45dc331,e560c8fd-332b-48cb-b7de-125a590bcb0c,4000,88.80139897160952,355205.59588643804,0,0,Production,Final Cleanup: Production for 80,2026-04-11 07:03:08.028627+00,"{""invalidated_by"": ""VAL-RESET-20260430-3716""}"
922e89e3-4800-4ccf-b47f-97e969755c3f,e560c8fd-332b-48cb-b7de-125a590bcb0c,4000,88.80139897160952,355205.59588643804,0,0,Production,Final Cleanup: Production for 80,2026-04-11 07:03:15.184773+00,"{""invalidated_by"": ""VAL-RESET-20260430-3716""}"
4b08614f-dad3-42a3-846a-c6f12c11f0ae,396eef73-791a-465c-ae17-b78505b08d5f,1060,78.75570764382422,83481.05010245368,0,0.0000000000000000,Production,Final Cleanup: Production for 10,2026-04-11 07:03:19.068834+00,"{""final_cleanup"": true, ""stock_move_id"": ""7e2282a7-5d0c-434b-8dcd-9311517ae02b""}"
b0bbd260-3a44-4dae-9ccc-08f8028c7dc9,a40b07a6-2948-489d-8dec-5e206ba38989,12.100000000000023,17,205.7000000000004,0,0,Initial,VAL-RESET-20260430-3716,2026-04-30 18:59:59.999+00,"{""invalidated_by"": ""VAL-RESET-20260430-7477""}"
edbe361c-50d4-46c7-be65-48586722051b,5dc03d6b-a9fc-4d75-976b-db7afb556301,2388,12.89,30781.32,0,0,Initial,VAL-RESET-20260430-3716,2026-04-30 18:59:59.999+00,"{""invalidated_by"": ""VAL-RESET-20260430-7477""}"
d0c8be08-9ed0-4de4-8ecc-b4455ae10d60,c8ca813c-e4be-428e-aef8-503eeeb948b7,1333,60,79980,0,0,Initial,VAL-RESET-20260430-3716,2026-04-30 18:59:59.999+00,"{""invalidated_by"": ""VAL-RESET-20260430-7477""}"
5e1b2928-d586-4c60-8545-ba06f52248ec,8b945707-4cb1-4e34-8d12-92da06120bd2,-31,68.8071,-2133.0201,0,0,Production,Final Cleanup: Production for 80,2026-04-11 07:03:32.888424+00,"{""final_cleanup"": true, ""stock_move_id"": ""f79922c4-ecf8-4558-a6b2-a83acac73ca2""}"
d33410c8-b404-4e42-a1d6-a6b723c43540,2725799f-a307-4777-8b00-84f03278ab57,-365,24.377363532323745,-8897.737689298167,0,0,Production,Final Cleanup: Production for 20,2026-04-11 07:03:36.146527+00,"{""final_cleanup"": true, ""stock_move_id"": ""5bc3d151-a5bf-4f4d-b404-c05b303798d7""}"
2bb5b5c2-fd08-451f-966d-077d86d01dcd,d23536f3-0d86-4dcd-934e-9085566d4dc7,-16152,5.7466717383035375,-92820.24191707873,0,0,Production,Final Cleanup: Production for Standard,2026-04-11 07:03:39.380654+00,"{""final_cleanup"": true, ""stock_move_id"": ""ba4c344a-d1e5-4f0b-b164-bf866b7691e2""}"
f358b002-edcf-4dfa-a90b-8e57d38242ee,b2f8974f-ab3c-4880-a03d-6d3b29d26c57,-170,12.806,-2177.02,0,0,Production,Final Cleanup: Production for 10,2026-04-11 07:03:42.581777+00,"{""final_cleanup"": true, ""stock_move_id"": ""833dc1cd-8c45-43d6-ae0e-6a2b805c6104""}"
6d0d2b16-08dd-4470-afbd-4d76945dd73f,b2f8974f-ab3c-4880-a03d-6d3b29d26c57,-189,12.806,-2420.334,0,0,Production,Final Cleanup: Production for 10,2026-04-11 07:03:45.8154+00,"{""final_cleanup"": true, ""stock_move_id"": ""ab3d6181-2260-4079-bb4f-e1cffd0394e6""}"
f066b5c4-7b79-4d94-991a-dcf5a9baa8ba,da5c9701-b165-4fcf-85ac-7d8abfba8e6b,-151,34.5,-5209.5,0,0,Production,Final Cleanup: Production for 34,2026-04-11 07:03:49.037071+00,"{""final_cleanup"": true, ""stock_move_id"": ""583cae43-c656-47f6-a14b-dbcda64a820c""}"
1501775c-a634-41ac-805f-bec6d779769a,a6707819-7f9c-4968-ad8e-badfec24bef2,-1200,89.572379064604,-107486.85487752479,0,0,Sale,Final Cleanup: Sale for 20,2026-04-11 07:03:52.277869+00,"{""final_cleanup"": true, ""stock_move_id"": ""7e346bdf-25ef-4ed7-9bc8-cb911ec48ee2""}"
7aba55b4-210a-4c62-b96b-176c2930feb0,65415ac9-fc97-471a-b17f-1340c7b1b55a,-88,25,-2200,0,0,Production,Final Cleanup: Production for 80,2026-04-11 07:03:55.52285+00,"{""final_cleanup"": true, ""stock_move_id"": ""9892b883-7670-4000-b745-8aba5f6a3199""}"
cb5a476c-9bd9-43f8-a94e-bd3513cf4d14,c8ca813c-e4be-428e-aef8-503eeeb948b7,-70,0.01,-0.7000000000000001,0,0,Production,Final Cleanup: Production for 50,2026-04-11 07:03:58.795665+00,"{""final_cleanup"": true, ""stock_move_id"": ""17c0302e-1fca-44c7-a269-35c58d6b5685""}"
f41803f9-df0b-451f-a1e9-e62d82ab0f1c,b2f8974f-ab3c-4880-a03d-6d3b29d26c57,-785,12.806,-10052.71,0,0,Production,Final Cleanup: Production for 10,2026-04-11 07:04:02.123133+00,"{""final_cleanup"": true, ""stock_move_id"": ""78b98cf5-f860-4ee5-b0e0-174b31723cfc""}"
fd198b59-fdd2-48bc-bde5-b85e7b4a8439,8b945707-4cb1-4e34-8d12-92da06120bd2,-17,68.8071,-1169.7207,0,0,Production,Final Cleanup: Production for 80,2026-04-11 07:04:05.316984+00,"{""final_cleanup"": true, ""stock_move_id"": ""3a382687-8a53-4370-a490-95476b08fac1""}"
55430e2c-d618-4b13-aacb-dae1c5633339,da5c9701-b165-4fcf-85ac-7d8abfba8e6b,-48,34.5,-1656,0,0,Production,Final Cleanup: Production for 34,2026-04-11 07:04:08.502077+00,"{""final_cleanup"": true, ""stock_move_id"": ""e1d99894-4b99-4dec-af48-33482385fc2b""}"
944849a7-2f56-49e7-8955-da81114c1a37,65415ac9-fc97-471a-b17f-1340c7b1b55a,-102,25,-2550,0,0,Production,Final Cleanup: Production for 80,2026-04-11 07:04:11.773618+00,"{""final_cleanup"": true, ""stock_move_id"": ""322f9490-805e-4f99-b1fb-90e3b43a4f19""}"
19455e1e-f417-473e-bca0-0fd6c3886d74,b2f8974f-ab3c-4880-a03d-6d3b29d26c57,-221,12.806,-2830.1259999999997,0,0,Production,Final Cleanup: Production for 10,2026-04-11 07:04:15.037603+00,"{""final_cleanup"": true, ""stock_move_id"": ""4663dacf-9568-4441-ac3b-7c30d4fc8b3d""}"
e8422f8e-5574-44bb-95f0-f0bbfbfb24f2,65415ac9-fc97-471a-b17f-1340c7b1b55a,-91,25,-2275,0,0,Production,Final Cleanup: Production for 80,2026-04-11 07:04:18.550237+00,"{""final_cleanup"": true, ""stock_move_id"": ""7b18f793-7780-4bc7-b48e-3faa67c847b1""}"
f9b82fea-e1b7-4df4-b72c-348d976d5bac,d23536f3-0d86-4dcd-934e-9085566d4dc7,55613.25,5.7466717383035375,319591.09205020923,0.00,0.00000000000000000000000000000000000000000000,Purchase,Auto-Repair: Purchase Move for Standard,2026-04-11 06:43:40.736248+00,"{""auto_repair"": true, ""stock_move_id"": ""71c27b68-7bcd-4287-8bf9-fa120e463fd3""}"
60a472d0-557e-435e-95ff-011875841a5f,d23536f3-0d86-4dcd-934e-9085566d4dc7,15993.45,81.5,1303466.175,0.00,0.00000000000000000000000000000000000000000000,Purchase,Bill 9bc304aa,2026-04-15 07:00:00+00,{}
bb82a2b0-492a-4389-8b1f-5328bdd40b6b,d23536f3-0d86-4dcd-934e-9085566d4dc7,15993.45,81.5,1303466.175,0.00,0.00000000000000000000000000000000000000000000,Purchase,PO-2026-04-00039,2026-04-16 06:05:18.569281+00,{}
a2adff20-3761-48fc-8b11-14bf2bf7b886,d23536f3-0d86-4dcd-934e-9085566d4dc7,12295.8,81.75,1005181.6499999999,0.0,0.0000000000000000000000000000000000000000000,Purchase,Bill 953eaeec,2026-04-16 07:00:00+00,{}
157575cb-fbb6-46c3-a833-91aa4d49637c,d23536f3-0d86-4dcd-934e-9085566d4dc7,12295.8,81.75,1005181.6499999999,0.0,0.0000000000000000000000000000000000000000000,Purchase,PO-2026-04-00040,2026-04-16 15:55:16.27962+00,{}
dda46a8f-9af6-4485-a73a-353e48da9e15,d23536f3-0d86-4dcd-934e-9085566d4dc7,12355.2,81.75,1010037.6000000001,0.0,0.0000000000000000000000000000000000000000000,Purchase,Bill 008b0ed3,2026-04-17 07:00:00+00,{}
c6942ec0-b34c-4eee-8385-698b74d36b18,e646adf3-e04a-4919-8dd4-d53927f5584b,2210,90.85300729482711,200785.1461215679,0,0,Production,Final Cleanup: Production for 10,2026-04-11 07:03:26.303509+00,"{""invalidated_by"": ""VAL-RESET-20260430-3716""}"
b490e0ca-aece-4932-a5a9-994c98cd9372,a40b07a6-2948-489d-8dec-5e206ba38989,4,20.1,80.4,0.0,0.0000000000000000000000000000,Conversion,CONV-1776949624903,2026-04-23 13:07:05.987568+00,{}
350c6dbf-b100-4da7-98f1-3cbbaf96f8c1,c6b76b35-74b4-4b7d-aa4d-e473698b2f81,40,94.73,3789.2000000000003,0,0.0000000000000000,Adjustment,Adj Detail: Adjustment,2026-05-02 13:49:23.005981+00,{}
4376e253-1142-4a0a-bab8-e61a6d4fd23d,1066c1db-bbd7-4256-a751-f5cbf463f8a3,315,88.01913360401284,27726.027085264042,0,0.000000000000000000000000000,Production,MO-2026-04-00040,2026-04-25 10:46:49.783924+00,{}
d1f01cfa-bc8e-4225-bcae-b5cf7594fc22,29f97aa5-e538-4261-b69f-6b1a394015c9,249,0,0,0,0,Purchase,PO-2026-04-00040,2026-04-16 15:55:16.760167+00,"{""invalidated_by"": ""VAL-RESET-20260430-3716""}"
c17cc430-dd32-4f28-ad02-f4eba7347745,29f97aa5-e538-4261-b69f-6b1a394015c9,680,4.012400354295837,2728.432240921169,0,0,Purchase,PO-2026-04-00045,2026-04-21 06:51:46.322347+00,"{""invalidated_by"": ""VAL-RESET-20260430-3716""}"
a998950d-4b94-4b63-85f4-d151b9c71652,29f97aa5-e538-4261-b69f-6b1a394015c9,249,0,0,0,0,Purchase,Bill 953eaeec,2026-04-16 07:00:00+00,"{""invalidated_by"": ""VAL-RESET-20260430-3716""}"
1f6146aa-46b3-4f43-bff0-1501ede2565d,29f97aa5-e538-4261-b69f-6b1a394015c9,1255,17,21335,0,0,Purchase,PO-2026-04-00053,2026-04-28 11:46:42.891047+00,"{""invalidated_by"": ""VAL-RESET-20260430-3716""}"
7739b9ff-dd3a-423e-9c06-02d6f7e22d80,29f97aa5-e538-4261-b69f-6b1a394015c9,113,0,0,0,0,Purchase,PO-2026-04-00031,2026-04-09 08:04:28.448073+00,"{""invalidated_by"": ""VAL-RESET-20260430-3716""}"
71bcd744-43c3-41dc-9d00-1010cd74eb76,29f97aa5-e538-4261-b69f-6b1a394015c9,112,5.822431180264215,652.112292189592,0,0,Purchase,Bill b48cd386,2026-04-06 07:00:00+00,"{""invalidated_by"": ""VAL-RESET-20260430-3716""}"
cc006a81-305f-469c-94f6-3fb2f376a1a7,18568477-1a69-413a-b5bd-94333c860750,5440,90.7341284885639,493593.6589777876,0,0,Production,Final Cleanup: Production for 34,2026-04-11 07:03:22.886484+00,"{""invalidated_by"": ""VAL-RESET-20260430-3716""}"
03e27d43-e592-479a-a262-21e5db153fb9,4c46ce95-42bf-4f3d-beb8-123623d0fa76,500,91.28046810667017,45640.23405333509,0,0,Adjustment,Rev: INV-2026-04-00295||/sales/invoices/ff5b68ba-2363-4e3b-92fe-b8d10374cbe8,2026-04-15 05:18:13.908978+00,"{""invalidated_by"": ""VAL-RESET-20260430-3716""}"
63edf74b-5438-4c17-8345-855a3dfffc73,2c981082-c3ab-47b1-99c3-c34fe22ee02c,3600,90.10922692546995,324393.21693169186,0,0,Production,Final Cleanup: Production for 80,2026-04-11 07:03:29.597507+00,"{""invalidated_by"": ""VAL-RESET-20260430-3716""}"
0d1c3493-811f-45c1-be35-0937bd0d84ea,d23536f3-0d86-4dcd-934e-9085566d4dc7,55300,75,4147500,0,0,Purchase,PO-2026-05-00061,2026-05-05 09:43:40.987198+00,"{""invalidated_by"": ""VAL-RESET-20260430-2796""}"
5045bfa2-8ac8-47ff-95ee-5118b860844f,d23536f3-0d86-4dcd-934e-9085566d4dc7,12894.75,94,1212106.5,12894.75,1212106.5,Purchase,PO-2026-05-00063,2026-05-08 06:43:37.78177+00,{}
6f2e80a1-c6ed-4c9a-b811-668ed63ac958,29a0bdd8-7ec8-49aa-94e2-3abc24a5fe6d,35295,20.1,709429.5,0,0,Initial,VAL-RESET-20260430-3716,2026-04-30 18:59:59.999+00,"{""invalidated_by"": ""VAL-RESET-20260430-7477""}"
5ecb4234-653c-463e-8a3b-cb582b6e25c5,d383d741-fa61-4537-9ef9-7fb74115ded0,457,17,7769,0,0,Initial,VAL-RESET-20260430-3716,2026-04-30 18:59:59.999+00,"{""invalidated_by"": ""VAL-RESET-20260430-7477""}"
6e51e859-4b2d-461f-905f-cd4fd611d821,65415ac9-fc97-471a-b17f-1340c7b1b55a,604.425,69.2179,41837.029207499996,0,0,Initial,VAL-RESET-20260430-3716,2026-04-30 18:59:59.999+00,"{""invalidated_by"": ""VAL-RESET-20260430-7477""}"
476362c6-bb18-45be-91b7-ddf3f7dfe292,0532897a-fd36-45a5-9f0f-d042367920ec,350,2,700,0,0,Initial,VAL-RESET-20260430-3716,2026-04-30 18:59:59.999+00,"{""invalidated_by"": ""VAL-RESET-20260430-7477""}"
291f8b32-a12a-45ed-9fa8-52cbb45c078e,b2f8974f-ab3c-4880-a03d-6d3b29d26c57,-214,12.806,-2740.484,0,0,Production,Final Cleanup: Production for 10,2026-04-11 07:03:33.531448+00,"{""final_cleanup"": true, ""stock_move_id"": ""f3e1ad8f-d326-4cea-a172-942798caa42a""}"
f27038e7-5e3a-4ce3-97d9-926bba8bb331,8b945707-4cb1-4e34-8d12-92da06120bd2,-38,68.8071,-2614.6698,0,0,Production,Final Cleanup: Production for 80,2026-04-11 07:03:36.79553+00,"{""final_cleanup"": true, ""stock_move_id"": ""7f1a9b41-eb34-40c8-a850-e5e02f7f67d6""}"
ac31dbc9-15e7-46a8-8047-4c609c52b357,da5c9701-b165-4fcf-85ac-7d8abfba8e6b,-88,34.5,-3036,0,0,Production,Final Cleanup: Production for 34,2026-04-11 07:03:40.016112+00,"{""final_cleanup"": true, ""stock_move_id"": ""b12bd5c7-5545-4293-9e1d-9e2f85b27934""}"
63e3c2c0-eda7-418e-ac39-1b46795a4ad4,2725799f-a307-4777-8b00-84f03278ab57,-244,24.377363532323745,-5948.076701886994,0,0,Production,Final Cleanup: Production for 20,2026-04-11 07:03:43.213722+00,"{""final_cleanup"": true, ""stock_move_id"": ""da61fc07-0b41-4f09-be26-f0960ecdeebc""}"
73aca44e-5462-4d5b-a3d8-70cbafa2e706,2725799f-a307-4777-8b00-84f03278ab57,-448,24.377363532323745,-10921.058862481037,0,0,Production,Final Cleanup: Production for 20,2026-04-11 07:03:46.471803+00,"{""final_cleanup"": true, ""stock_move_id"": ""dd906baa-2063-4d43-8de4-c4539f612bf4""}"
0b01fca6-5bdb-4c4b-bd10-e4c3ef8185c8,b2f8974f-ab3c-4880-a03d-6d3b29d26c57,-299,12.806,-3828.9939999999997,0,0,Production,Final Cleanup: Production for 10,2026-04-11 07:03:49.687616+00,"{""final_cleanup"": true, ""stock_move_id"": ""04b4db05-d00b-4337-9028-25849a43eba6""}"
10f491a3-59c8-4304-af48-7d8b09b2ac08,0825ad1f-baf7-4c6c-b9a8-df86095dac5c,-50,0.01,-0.5,0,0,Production,Final Cleanup: Production for 5,2026-04-11 07:03:56.195217+00,"{""final_cleanup"": true, ""stock_move_id"": ""06c72023-67f6-4cc4-99cf-75c8924969f1""}"
0c75e3a6-7ff4-4400-a193-d61ced8a4ebd,8b945707-4cb1-4e34-8d12-92da06120bd2,-17,68.8071,-1169.7207,0,0,Production,Final Cleanup: Production for 80,2026-04-11 07:03:59.42978+00,"{""final_cleanup"": true, ""stock_move_id"": ""0742ea49-47c4-4b78-b99d-5ad2642642c1""}"
91946cf7-c985-49d9-96a7-5d6b620b35bf,da5c9701-b165-4fcf-85ac-7d8abfba8e6b,-188,34.5,-6486,0,0,Production,Final Cleanup: Production for 34,2026-04-11 07:04:02.751559+00,"{""final_cleanup"": true, ""stock_move_id"": ""43dee0c9-622a-4d2b-bab4-1f3bd473bed7""}"
a2c27271-2a34-4ac6-94ec-5ed0786cb3bb,2725799f-a307-4777-8b00-84f03278ab57,-40,24.377363532323745,-975.0945412929498,0,0,Production,Final Cleanup: Production for 20,2026-04-11 07:04:05.941913+00,"{""final_cleanup"": true, ""stock_move_id"": ""ab323c93-4352-47fa-9feb-e79f116762d6""}"
bad7ba38-a6a3-4b3c-a46e-4692cb9f291e,65415ac9-fc97-471a-b17f-1340c7b1b55a,-50,25,-1250,0,0,Production,Final Cleanup: Production for 80,2026-04-11 07:04:09.133423+00,"{""final_cleanup"": true, ""stock_move_id"": ""825a8a91-b6ff-49fc-8920-988dc169cecb""}"
08be143a-7ae4-4380-8371-571b6ac70c8b,8b945707-4cb1-4e34-8d12-92da06120bd2,-60,68.8071,-4128.426,0,0,Production,Final Cleanup: Production for 80,2026-04-11 07:04:12.429809+00,"{""final_cleanup"": true, ""stock_move_id"": ""295a2604-b354-468e-9267-3eb0a772d69e""}"
e322b813-26de-4f34-8b98-d1286dc3295d,2725799f-a307-4777-8b00-84f03278ab57,-299,24.377363532323745,-7288.8316961648,0,0,Production,Final Cleanup: Production for 20,2026-04-11 07:04:15.811795+00,"{""final_cleanup"": true, ""stock_move_id"": ""bdbe8efb-50ed-4bc2-afe9-5e6dff4c5664""}"
2e9c32e6-ccff-4216-9149-09274c43c10d,8b945707-4cb1-4e34-8d12-92da06120bd2,-45,68.8071,-3096.3195,0,0,Production,Final Cleanup: Production for 80,2026-04-11 07:04:19.232973+00,"{""final_cleanup"": true, ""stock_move_id"": ""bf201099-6248-442a-a5f4-71f4ae3ff1a7""}"
d3afd966-1eee-4f48-a7ff-e78b6c77f2ae,d8a16b7d-84b2-4a78-8333-a02a4389a141,250,77.28152445699166,19320.381114247917,0,0,Production,Final Cleanup: Production for 5,2026-04-11 07:03:26.963781+00,"{""invalidated_by"": ""VAL-RESET-20260430-3716""}"
2bc35cf5-52e4-46b4-8d55-29d2712c3899,a6707819-7f9c-4968-ad8e-badfec24bef2,5940,89.572379064604,532059.9316437477,0,0,Production,Final Cleanup: Production for 20,2026-04-11 07:03:30.227682+00,"{""invalidated_by"": ""VAL-RESET-20260430-3716""}"
992d45e8-b35b-406e-86b8-ae94738c0e6b,29f97aa5-e538-4261-b69f-6b1a394015c9,200,13.474428041698733,2694.885608339747,0,0,Adjustment,Rev: INV-2026-05-00421||/sales/invoices/e9930b1c-8f67-40ce-a1c8-248bb5e385ec,2026-05-02 14:24:53.609076+00,"{""invalidated_by"": ""VAL-RESET-20260430-4422""}"
5b65c987-f695-449e-bec8-1db4ae7ea574,d23536f3-0d86-4dcd-934e-9085566d4dc7,38830.999999999796,0,0,0.000000000000,0.000000000000000000000000000000000000000000000000000000000000000000000000000000000000000000000,Adjustment,Auto-Sync for MO-2026-04-0003,2026-04-20 10:37:09.584038+00,"{""auto_sync"": true, ""trigger_ref"": ""MO-2026-04-00035""}"
97e4f757-0308-40ea-9e55-e74b2db8bf1e,da5c9701-b165-4fcf-85ac-7d8abfba8e6b,500,34.5,17250,0,0,Purchase,Final Cleanup: Purchase for 34,2026-04-11 07:03:52.916334+00,"{""invalidated_by"": ""VAL-RESET-20260430-3716""}"
4265b947-b6e2-4cd0-9d4d-2df2404196ac,93765798-ca54-496a-94c6-bb4f273bfe27,1764,88.01913360401284,155265.75167747863,0,0.0000000000000000,Production,MO-2026-04-00040,2026-04-25 10:46:50.005211+00,{}
3664bf58-20c7-4dbf-945a-a56aee04861b,1066c1db-bbd7-4256-a751-f5cbf463f8a3,43.5,68.86888102738342,2995.796324691179,0.0,0.00000000000000000,Conversion,CONV-1776429644756,2026-04-17 12:40:45.732258+00,{}
c2a65b35-86a8-4a42-bc31-e9a1f763d934,1066c1db-bbd7-4256-a751-f5cbf463f8a3,15,93.94308330598349,1409.1462495897524,0,0.000000000000000000000000000,Conversion,CONV-1776949668821,2026-04-23 13:07:49.511122+00,{}
307512b5-6dad-493d-9e2f-911f8aa0b0da,8b945707-4cb1-4e34-8d12-92da06120bd2,1315,67.6414,88948.441,0,0,Purchase,Bill aca036ad,2026-04-07 07:00:00+00,"{""invalidated_by"": ""VAL-RESET-20260430-3716""}"
10cd635b-3044-4448-84d6-1e8aca5aa7c6,e6b304c1-06aa-4346-988a-bc1dfd29a613,0,0,0,0,0,Initial,VAL-RESET-20260430-3716,2026-04-30 18:59:59.999+00,"{""reason"": ""Manual Valuation Override""}"
125ee725-ae4d-4534-a9a6-6a026ae9de89,2c981082-c3ab-47b1-99c3-c34fe22ee02c,3760,22.000978541210827,82723.67931495271,0,0,Production,MO-2026-04-00035,2026-04-20 10:37:11.673913+00,"{""invalidated_by"": ""VAL-RESET-20260430-3716""}"
92f1e635-7067-449b-8d4e-92ab2367d176,8851e237-ca39-487c-a35f-e28fe711d32c,7600,22.000978541210827,167207.43691320228,0,0,Production,MO-2026-04-00035,2026-04-20 10:37:12.298819+00,"{""invalidated_by"": ""VAL-RESET-20260430-3716""}"
716b2dba-a7c9-4f72-809e-e50ae552827b,e560c8fd-332b-48cb-b7de-125a590bcb0c,6480,88.80139897160952,575433.0653360296,0,0,Production,Final Cleanup: Production for 80,2026-04-11 07:03:19.72385+00,"{""invalidated_by"": ""VAL-RESET-20260430-3716""}"
acc8a957-7b12-4432-b244-43cd6531494b,e560c8fd-332b-48cb-b7de-125a590bcb0c,8160,88.80139897160952,724619.4156083337,0,0,Production,Final Cleanup: Production for 80,2026-04-11 07:03:23.61304+00,"{""invalidated_by"": ""VAL-RESET-20260430-3716""}"
f2b96e92-f388-44e6-8233-7abb70742ae6,396eef73-791a-465c-ae17-b78505b08d5f,2000,90.86166444944314,181723.32889888628,0,0,Conversion,CONV-1775902556717,2026-04-11 10:15:57.836246+00,"{""invalidated_by"": ""VAL-RESET-20260430-3716""}"
32133d14-1689-4837-b17d-b86aca2dcdb1,29f97aa5-e538-4261-b69f-6b1a394015c9,553,0,0,0,0,Purchase,PO-2026-05-00061,2026-05-05 09:43:41.863743+00,"{""invalidated_by"": ""VAL-RESET-20260430-2796""}"
a5cd30de-5c55-4498-a4b9-a60ef50de32a,29f97aa5-e538-4261-b69f-6b1a394015c9,553,8.604881546112116,4758.499495,0,0,Purchase,Bill bf6048bf,2026-05-04 07:00:00+00,"{""invalidated_by"": ""VAL-RESET-20260430-2796""}"
10279663-5244-43c0-97d8-1032681bb2c3,d8a16b7d-84b2-4a78-8333-a02a4389a141,0,77.28152445699166,0,0,0,Initial,VAL-RESET-20260331-7558,2026-03-31 18:59:59.999+00,"{""reason"": ""Manual Valuation Override""}"
826b93b8-0032-42e5-b016-a140395b963b,817c8b6f-3c49-47f5-998a-ff15033f6b86,0,89.5,0,0,0,Initial,VAL-RESET-20260331-7558,2026-03-31 18:59:59.999+00,"{""reason"": ""Manual Valuation Override""}"
d904c627-2bd6-4cf8-adb4-6f55f59cc0d4,5ffd5921-5ad2-4d30-b598-4337f1a39464,0,91.7865737665065,0,0,0,Initial,VAL-RESET-20260331-7558,2026-03-31 18:59:59.999+00,"{""reason"": ""Manual Valuation Override""}"
f7097296-80b2-4622-8396-d3a5c3893073,342b62a4-b9a5-4f60-a698-e9eacf5900e4,0,107.5,0,0,0,Initial,VAL-RESET-20260331-7558,2026-03-31 18:59:59.999+00,"{""reason"": ""Manual Valuation Override""}"
eac51446-f912-4d75-a03c-4c3bdbb23be0,3fbbd2fb-4cd6-40e6-8856-26ef2c823bc5,10080,88.01913360401284,887232.8667284494,0,0.0000000000000000,Production,MO-2026-04-00040,2026-04-25 10:46:50.223993+00,{}
5796dca6-d5c6-4fbb-b088-1fe07f14be9f,2725799f-a307-4777-8b00-84f03278ab57,25,24.377363532323745,609.4340883080936,0,0,Initial,VAL-RESET-20260430-3716,2026-04-30 18:59:59.999+00,"{""invalidated_by"": ""VAL-RESET-20260430-7477""}"
3cfcc9c5-4664-472c-acfd-72f02a2d00ea,0825ad1f-baf7-4c6c-b9a8-df86095dac5c,31013,12.89,399757.57,0,0,Initial,VAL-RESET-20260430-3716,2026-04-30 18:59:59.999+00,"{""invalidated_by"": ""VAL-RESET-20260430-7477""}"
8fbf55c1-cfed-4c17-b7e1-b923b4231f52,2725799f-a307-4777-8b00-84f03278ab57,-218,24.377363532323745,-5314.2652500465765,0,0,Production,Final Cleanup: Production for 20,2026-04-11 07:03:34.179845+00,"{""final_cleanup"": true, ""stock_move_id"": ""6cc6b722-3d5d-4c16-8e15-9b4a5400cdad""}"
3637d01f-8862-492d-9106-3778658146ef,65415ac9-fc97-471a-b17f-1340c7b1b55a,-81,25,-2025,0,0,Production,Final Cleanup: Production for 80,2026-04-11 07:03:37.433888+00,"{""final_cleanup"": true, ""stock_move_id"": ""9a2ece52-751e-4cc5-8018-5bac2a263c10""}"
c625c782-edae-4f6d-b225-17ade2ca6dd2,65415ac9-fc97-471a-b17f-1340c7b1b55a,-50,25,-1250,0,0,Production,Final Cleanup: Production for 80,2026-04-11 07:03:40.652003+00,"{""final_cleanup"": true, ""stock_move_id"": ""853a1fa1-79ba-4a85-ae4c-30ffca10db95""}"
3e82d02f-8ca3-4b05-a3d4-52a45f0ab8b1,da5c9701-b165-4fcf-85ac-7d8abfba8e6b,-130,34.5,-4485,0,0,Production,Final Cleanup: Production for 34,2026-04-11 07:03:43.856663+00,"{""final_cleanup"": true, ""stock_move_id"": ""78d46018-c10d-45bd-aae3-be4171697ae4""}"
5dbfb4d4-6c22-4e3c-bc15-fe3447425f95,8b945707-4cb1-4e34-8d12-92da06120bd2,-60,68.8071,-4128.426,0,0,Production,Final Cleanup: Production for 80,2026-04-11 07:03:47.118887+00,"{""final_cleanup"": true, ""stock_move_id"": ""043103a9-17f5-4693-957a-bf2144100b3b""}"
8701c7f1-594f-48bb-9d5e-0a715be82380,e646adf3-e04a-4919-8dd4-d53927f5584b,-1000,90.85300729482711,-90853.00729482711,0,0,Sale,Final Cleanup: Sale for 10,2026-04-11 07:03:50.333811+00,"{""final_cleanup"": true, ""stock_move_id"": ""f9894f0b-2135-412e-b4ac-bf2a49333718""}"
92312ff6-59c8-4eb1-b128-219bbc102122,102e3e45-c488-4973-91c5-f62f51764ceb,-2,0.01,-0.02,0,0,Production,Final Cleanup: Production for 20,2026-04-11 07:03:53.560984+00,"{""final_cleanup"": true, ""stock_move_id"": ""d4b0443d-f7f6-43b3-8f77-377b47723a4b""}"
81aae1cf-465b-4730-919a-ba3dd3b69635,d23536f3-0d86-4dcd-934e-9085566d4dc7,-31890,5.7466717383035375,-183261.3617344998,0,0,Production,Final Cleanup: Production for Standard,2026-04-11 07:03:56.844678+00,"{""final_cleanup"": true, ""stock_move_id"": ""8a65921f-807b-4807-98db-46b74e4a4ec2""}"
6da228af-0676-4c5b-90cc-f5e5994d2265,9e331ef8-d768-4b45-8434-ed8adde48deb,-2,0.01,-0.02,0,0,Production,Final Cleanup: Production for 50,2026-04-11 07:04:00.064325+00,"{""final_cleanup"": true, ""stock_move_id"": ""cf8ba6b4-3a9c-4eee-8f66-9957bb17e1cf""}"
b3668b4d-24b3-4616-914c-aa471d7b96af,d23536f3-0d86-4dcd-934e-9085566d4dc7,-10644,5.7466717383035375,-61167.57398250285,0,0,Production,Final Cleanup: Production for Standard,2026-04-11 07:04:03.385958+00,"{""final_cleanup"": true, ""stock_move_id"": ""8bf97a35-5d45-4613-b836-e0d0519099ad""}"
58aecb22-a77b-4f72-9b9a-9cd40ba4e1c1,b2f8974f-ab3c-4880-a03d-6d3b29d26c57,-243,12.806,-3111.8579999999997,0,0,Production,Final Cleanup: Production for 10,2026-04-11 07:04:06.595368+00,"{""final_cleanup"": true, ""stock_move_id"": ""abad79ad-0464-4806-b645-5b5faeae285a""}"
142a375c-0abd-4f34-9427-c5249d0cc91d,8b945707-4cb1-4e34-8d12-92da06120bd2,-17,68.8071,-1169.7207,0,0,Production,Final Cleanup: Production for 80,2026-04-11 07:04:09.771679+00,"{""final_cleanup"": true, ""stock_move_id"": ""da9c2b3f-5435-49dd-baa5-17dc3895a6ee""}"
548e0014-c878-4156-871d-47504990bdbf,9e331ef8-d768-4b45-8434-ed8adde48deb,-1,0.01,-0.01,0,0,Production,Final Cleanup: Production for 50,2026-04-11 07:04:13.082125+00,"{""final_cleanup"": true, ""stock_move_id"": ""38db5eb8-c0f3-4c01-b0e2-9ec257e5991b""}"
e4d6badc-08e6-402f-b1fe-401a39f0da1e,d23536f3-0d86-4dcd-934e-9085566d4dc7,-21402,5.7466717383035375,-122990.26854317231,0,0,Production,Final Cleanup: Production for Standard,2026-04-11 07:04:16.485208+00,"{""final_cleanup"": true, ""stock_move_id"": ""6c8a3f18-d175-43bc-b3c0-7fcf058b85e3""}"
e6c19b9c-3385-405b-83a1-0dda7d686daa,2725799f-a307-4777-8b00-84f03278ab57,-297,24.377363532323745,-7240.076969100152,0,0,Production,Final Cleanup: Production for 20,2026-04-11 07:04:19.89106+00,"{""final_cleanup"": true, ""stock_move_id"": ""e254b41a-b616-42d4-b036-e04c187e5905""}"
7adccad0-12fd-4df9-a1ec-473126da5fcc,8851e237-ca39-487c-a35f-e28fe711d32c,1650,89.04897811475156,146930.8138893401,0,0.0000000000000000,Production,Final Cleanup: Production for 50,2026-04-11 07:03:20.359307+00,"{""final_cleanup"": true, ""stock_move_id"": ""f92c3a15-a903-4c68-be6a-dc0eebf9d5b3""}"
2f95876c-b52a-465a-99b5-da4e186e5014,e646adf3-e04a-4919-8dd4-d53927f5584b,910,90.85300729482711,82676.23663829267,0,0,Production,Final Cleanup: Production for 10,2026-04-11 07:03:30.879857+00,"{""invalidated_by"": ""VAL-RESET-20260430-3716""}"
6f6e424a-3128-4961-a562-8482fa1ade0c,5ffd5921-5ad2-4d30-b598-4337f1a39464,5000,91.7865737665065,458932.86883253255,0,0,Production,Final Cleanup: Production for 20,2026-04-11 07:03:27.618535+00,"{""invalidated_by"": ""VAL-RESET-20260430-3716""}"
ecc484b0-acf1-46d4-afe2-f2f4f1a3a2f7,65415ac9-fc97-471a-b17f-1340c7b1b55a,1135,68.2995,77519.9325,0,0,Purchase,Bill ececff2c,2026-04-09 07:00:00+00,"{""invalidated_by"": ""VAL-RESET-20260430-3716""}"
1ab44f72-358e-42d1-be1f-781424611650,eed9f545-8ba6-4704-b22a-b49d8e0db874,0,0,0,0,0,Initial,VAL-RESET-20260430-3716,2026-04-30 18:59:59.999+00,"{""reason"": ""Manual Valuation Override""}"
b8444c19-c80b-4240-8d15-7464fe7a2a84,2c981082-c3ab-47b1-99c3-c34fe22ee02c,4960,90.10922692546995,446941.765550331,0,0.0000000000000000,Production,Auto-Repair: Production Move for 80,2026-04-11 06:42:21.847308+00,"{""auto_repair"": true, ""stock_move_id"": ""d4b30ab9-d4dc-4ef0-aa57-af5c431324fd""}"
1da105d5-30dd-4044-a867-146efea0f3a0,18568477-1a69-413a-b5bd-94333c860750,4046,22.000978541210827,89015.959177739,0,0,Production,MO-2026-04-00035,2026-04-20 10:37:11.311397+00,"{""invalidated_by"": ""VAL-RESET-20260430-3716""}"
632f3f17-f4a4-4c04-9f2f-ff75ba6fb628,1066c1db-bbd7-4256-a751-f5cbf463f8a3,3720,22.000978541210827,81843.64017330427,0.0,0.0000000000000000000000,Production,MO-2026-04-00035,2026-04-20 10:37:11.993596+00,{}
1ab27e1c-ab19-4279-9532-47df3d3586a5,71747c3d-230b-4f6c-a3a5-80ca29120b16,730,4,2920,0,0,Adjustment,Rev: INV-2026-05-00421||/sales/invoices/e9930b1c-8f67-40ce-a1c8-248bb5e385ec,2026-05-02 14:24:53.950954+00,"{""invalidated_by"": ""VAL-RESET-20260430-4422""}"
7701cb57-267a-43e5-a05f-251b997bd9dd,4c46ce95-42bf-4f3d-beb8-123623d0fa76,0,77.91788781882175,0,0,0,Initial,VAL-RESET-20260430-3716,2026-04-30 18:59:59.999+00,"{""reason"": ""Manual Valuation Override""}"
31877fcd-07c9-46af-8f1a-9e3462b12554,2c981082-c3ab-47b1-99c3-c34fe22ee02c,4800,90.10922692546995,432524.2892422558,0,0,Production,Final Cleanup: Production for 80,2026-04-11 07:03:24.312102+00,"{""invalidated_by"": ""VAL-RESET-20260430-3716""}"
074ecb0d-cf78-4585-816c-8ed0e504acc9,8851e237-ca39-487c-a35f-e28fe711d32c,4000,84.17289253459175,336691.570138367,0,0,Conversion,CONV-1776949711266,2026-04-23 13:08:32.384918+00,"{""invalidated_by"": ""VAL-RESET-20260430-3716""}"
2d2b2c24-6a0d-4e03-a54e-f5144cb5fd4d,2c52647d-a84b-4dd5-b46b-02e3c9c4666c,0,0,0,0,0,Initial,VAL-RESET-20260430-3716,2026-04-30 18:59:59.999+00,"{""reason"": ""Manual Valuation Override""}"
bfa6bb77-779d-402a-88ab-01875ff3d00b,da5c9701-b165-4fcf-85ac-7d8abfba8e6b,500,34.4,17200,0,0,Purchase,PO-2026-05-00062,2026-05-05 09:49:30.30001+00,"{""invalidated_by"": ""VAL-RESET-20260430-2796""}"
12ed33bf-8018-47cc-a1b9-1b4e423d4111,ff990ef7-9a5b-40bc-8f41-13d8ed0936cf,0,89.5,0,0,0,Initial,VAL-RESET-20260331-7558,2026-03-31 18:59:59.999+00,"{""reason"": ""Manual Valuation Override""}"
1b9ae7a0-3ba9-46c3-bff5-2279d67deba7,2388c76f-35a7-4076-b2a3-a75ac541692c,0,89.5,0,0,0,Initial,VAL-RESET-20260331-7558,2026-03-31 18:59:59.999+00,"{""reason"": ""Manual Valuation Override""}"
8153861b-c188-49d2-a0d5-23a54e4526e7,93765798-ca54-496a-94c6-bb4f273bfe27,0,88.01913360401284,0,0,0,Initial,VAL-RESET-20260331-7558,2026-03-31 18:59:59.999+00,"{""reason"": ""Manual Valuation Override""}"
118b2c34-a13e-40ef-81a4-ca11163ef1e1,214c980f-de08-4c22-aa76-c6bab968483b,0,18.13,0,0,0,Initial,VAL-RESET-20260331-7558,2026-03-31 18:59:59.999+00,"{""reason"": ""Manual Valuation Override""}"
d3843cd8-e73e-45bf-9856-d1f25a3277cc,25a20076-8468-420b-97f9-75c1f6275242,2528,86.07506303973638,217597.75936445355,0,0.0000000000000000,Initial,VAL-RESET-20260331-7558,2026-03-31 18:59:59.999+00,"{""reason"": ""Manual Valuation Override""}"
71adf7bd-d93f-41d2-96b2-4fd9d53c38d6,2c08642b-74ca-4429-acfa-8cb3911b39b3,3560,22,78320,0,0,Initial,VAL-RESET-20260430-3716,2026-04-30 18:59:59.999+00,"{""invalidated_by"": ""VAL-RESET-20260430-7477""}"
e483d12e-ac6c-4974-ad2d-c9e41cc0af36,2c981082-c3ab-47b1-99c3-c34fe22ee02c,17920,92.94306041555204,1665539.6426466925,0,0,Initial,VAL-RESET-20260430-3716,2026-04-30 18:59:59.999+00,"{""invalidated_by"": ""VAL-RESET-20260430-7477""}"
293ad3fc-ed0a-458d-acaf-ddae5bf90131,d23536f3-0d86-4dcd-934e-9085566d4dc7,-20618,5.7466717383035375,-118484.87790034234,0,0,Production,Final Cleanup: Production for Standard,2026-04-11 07:03:31.576089+00,"{""final_cleanup"": true, ""stock_move_id"": ""5d2f0b55-b7f5-426e-8c5e-1684ae283cbd""}"
8119c328-e555-4564-a5d5-ff5c1565189f,65415ac9-fc97-471a-b17f-1340c7b1b55a,-100,25,-2500,0,0,Production,Final Cleanup: Production for 80,2026-04-11 07:03:34.863956+00,"{""final_cleanup"": true, ""stock_move_id"": ""4206f90b-0751-48af-88ba-7822f64819e7""}"
0b138340-b885-4f2a-ada6-b24991a6ac08,c8ca813c-e4be-428e-aef8-503eeeb948b7,-33,0.01,-0.33,0,0,Production,Final Cleanup: Production for 50,2026-04-11 07:03:38.070586+00,"{""final_cleanup"": true, ""stock_move_id"": ""b11003dc-e316-406d-86f2-47b6f8b79562""}"
76eaa776-b9db-4095-bd65-81fc195dc62d,c8ca813c-e4be-428e-aef8-503eeeb948b7,-2,0.01,-0.02,0,0,Production,Final Cleanup: Production for 50,2026-04-11 07:03:41.304683+00,"{""final_cleanup"": true, ""stock_move_id"": ""bdf2eb4a-639b-487b-a5f1-c984f96a22dd""}"
29afe356-f165-44ae-a6dd-3a4733dc379d,c96b657d-0bd6-4386-b94c-339c33714e3b,-106,17.9,-1897.3999999999999,0,0,Production,Final Cleanup: Production for 10,2026-04-11 07:03:44.501079+00,"{""final_cleanup"": true, ""stock_move_id"": ""7157e7fd-fed4-4430-b18b-51eb7339998d""}"
2a578e30-3563-44b3-a4c4-6363ff12dc9e,c8ca813c-e4be-428e-aef8-503eeeb948b7,-66,0.01,-0.66,0,0,Production,Final Cleanup: Production for 50,2026-04-11 07:03:47.753143+00,"{""final_cleanup"": true, ""stock_move_id"": ""9eb82718-2543-4b9c-9481-ac877deb87af""}"
a1873dd1-1d55-4c4f-871b-54fe20b96215,2c981082-c3ab-47b1-99c3-c34fe22ee02c,-1200,90.10922692546995,-108131.07231056395,0,0,Sale,Final Cleanup: Sale for 80,2026-04-11 07:03:50.9662+00,"{""final_cleanup"": true, ""stock_move_id"": ""7ed20369-2e3d-4f1a-a063-3e22a352123a""}"
a05e2374-2563-44d5-8268-c7afe9545cec,d23536f3-0d86-4dcd-934e-9085566d4dc7,-47742,5.7466717383035375,-274357.6021300875,0,0,Production,Final Cleanup: Production for Standard,2026-04-11 07:03:57.477455+00,"{""final_cleanup"": true, ""stock_move_id"": ""12799400-e772-4ced-8bc7-4948d74d298c""}"
a0f6a51a-aa69-4c4c-8525-8533fbdb0703,a2ecdf21-8089-4d7d-9497-4addbc48b90c,20,91.7865737665065,1835.7314753301303,0,0,Production,Final Cleanup: Production for 10,2026-04-11 07:03:54.201145+00,"{""invalidated_by"": ""VAL-RESET-20260430-3716""}"
c43d3d9a-d284-4419-b785-2c5fef8ed505,da5c9701-b165-4fcf-85ac-7d8abfba8e6b,-56,34.5,-1932,0,0,Production,Final Cleanup: Production for 34,2026-04-11 07:04:04.022613+00,"{""final_cleanup"": true, ""stock_move_id"": ""747ac3f2-9b0c-43c4-a112-4dd2edbe9250""}"
0b683637-eeba-4671-bd03-528d9f5b5b3e,9e331ef8-d768-4b45-8434-ed8adde48deb,-3,0.01,-0.03,0,0,Production,Final Cleanup: Production for 50,2026-04-11 07:04:07.231283+00,"{""final_cleanup"": true, ""stock_move_id"": ""06bc8965-0d06-4351-9469-b13060489b08""}"
b0c4ad3c-3b91-4e7a-9590-a73b1af6887d,2725799f-a307-4777-8b00-84f03278ab57,-161,24.377363532323745,-3924.7555287041228,0,0,Production,Final Cleanup: Production for 20,2026-04-11 07:04:10.406842+00,"{""final_cleanup"": true, ""stock_move_id"": ""67c4fa70-bf37-4931-9d85-cf51dd7837e1""}"
cd38c401-9c95-4399-b65c-12365343923e,2725799f-a307-4777-8b00-84f03278ab57,-221,24.377363532323745,-5387.397340643548,0,0,Production,Final Cleanup: Production for 20,2026-04-11 07:04:13.711134+00,"{""final_cleanup"": true, ""stock_move_id"": ""e3a6bd26-1658-4d2f-8aa2-35eab2e01c2e""}"
24a3f64c-d8c7-4b30-b62f-6a4c7093b4e0,a6707819-7f9c-4968-ad8e-badfec24bef2,-2600,89.572379064604,-232888.1855679704,0,0,Sale,Final Cleanup: Sale for 20,2026-04-11 07:04:17.224681+00,"{""final_cleanup"": true, ""stock_move_id"": ""d66e9572-146b-4902-ac73-ad3b0277be5d""}"
c912b623-f60a-4d1a-af32-7281f929cbe6,b2f8974f-ab3c-4880-a03d-6d3b29d26c57,-91,12.806,-1165.346,0,0,Production,Final Cleanup: Production for 10,2026-04-11 07:04:20.592213+00,"{""final_cleanup"": true, ""stock_move_id"": ""7f14ac9e-2a03-4181-962f-174a7b780b1a""}"
f04dbc48-d141-47af-8c79-28e180dbed2b,8851e237-ca39-487c-a35f-e28fe711d32c,200,89.04897811475156,17809.795622950314,0,0.0000000000000000,Production,Final Cleanup: Production for 50,2026-04-11 07:04:00.832749+00,"{""final_cleanup"": true, ""stock_move_id"": ""eb3d4b6a-ae99-4c9b-86bd-43e2938d2cb4""}"
da5ca1c5-4a05-4ce0-a6cc-5a6a1be348b7,0532897a-fd36-45a5-9f0f-d042367920ec,5590,2,11180,0,0,Adjustment,Rev: INV-2026-05-00421||/sales/invoices/e9930b1c-8f67-40ce-a1c8-248bb5e385ec,2026-05-02 14:24:54.17763+00,"{""invalidated_by"": ""VAL-RESET-20260430-4422""}"
97f7ddd2-afc7-4d00-80b8-e4b64c5ef159,98506d04-47db-4d74-847b-cf3122bc85ad,100,77.28152445699166,7728.1524456991665,0,0,Production,Final Cleanup: Production for 50,2026-04-11 07:03:21.307008+00,"{""invalidated_by"": ""VAL-RESET-20260430-3716""}"
59d9fb17-329b-493d-80ac-d1a6c071ec02,98506d04-47db-4d74-847b-cf3122bc85ad,50,77.28152445699166,3864.0762228495832,0,0,Production,Final Cleanup: Production for 50,2026-04-11 07:03:24.974369+00,"{""invalidated_by"": ""VAL-RESET-20260430-3716""}"
aadb76f0-39a5-4662-98f9-2d861fbfbe05,769513cc-c70d-41c0-9bb6-99b480841b4f,0,20.1,0,0,0,Initial,VAL-RESET-20260430-3716,2026-04-30 18:59:59.999+00,"{""reason"": ""Manual Valuation Override""}"
146b2f2d-f7b8-4023-a9ca-22c46c44eb23,c6b76b35-74b4-4b7d-aa4d-e473698b2f81,40,88.01913360401284,3520.7653441605135,0,0.0000000000000000,Production,MO-2026-04-00040,2026-04-25 10:46:49.548706+00,{}
f96e5189-3caf-4d7c-95a5-cea3b7d1334f,18568477-1a69-413a-b5bd-94333c860750,1904,90.7341284885639,172757.78064222567,0,0.0000000000000000,Production,Auto-Repair: Production Move for 34,2026-04-11 06:44:48.159354+00,"{""auto_repair"": true, ""stock_move_id"": ""1f4d7bc2-9733-4315-9513-7fecd87b3ce9""}"
959371dd-51ab-43fe-bd76-99f87b706c17,1066c1db-bbd7-4256-a751-f5cbf463f8a3,45,66.0013758107699,2970.0619114846454,0,0.000000000000000000000000000,Conversion,CONV-1776949758890,2026-04-23 13:09:19.683786+00,{}
5ad3d798-eab8-470c-9762-5da415244f5a,bc73ce5a-ee82-4283-99f6-46fdeaaca7d1,0,0,0,0,0,Initial,VAL-RESET-20260430-3716,2026-04-30 18:59:59.999+00,"{""reason"": ""Manual Valuation Override""}"
d267a709-8cb6-4c45-931b-8df7eaae0899,18568477-1a69-413a-b5bd-94333c860750,3672,90.7341284885639,333175.7198100066,0,0,Production,Final Cleanup: Production for 34,2026-04-11 07:03:28.268337+00,"{""invalidated_by"": ""VAL-RESET-20260430-3716""}"
c5f8bfa0-d59e-4320-832d-0d1c0b4e6ad2,2c981082-c3ab-47b1-99c3-c34fe22ee02c,2000,80.3711883189764,160742.37663795278,0,0,Adjustment,DELETED: INV-2026-04-00360 (was reversed),2026-04-20 10:39:07.440204+00,"{""invalidated_by"": ""VAL-RESET-20260430-3716""}"
d738d66f-e229-46c0-8876-ec5fb0b6658c,8851e237-ca39-487c-a35f-e28fe711d32c,6000,54.364190972581135,326185.1458354868,0,0,Adjustment,DELETED: INV-2026-04-00359 (was reversed),2026-04-20 10:38:48.329047+00,"{""invalidated_by"": ""VAL-RESET-20260430-3716""}"
6a204115-c59c-4399-aa17-9620cccda674,085c173e-052c-4022-8a90-be5c0ba7b627,0,78.88704005207522,0,0,0,Initial,VAL-RESET-20260430-3716,2026-04-30 18:59:59.999+00,"{""reason"": ""Manual Valuation Override""}"
9c687e66-5ac6-416f-9393-d8e659e1ef9b,da5c9701-b165-4fcf-85ac-7d8abfba8e6b,500,34.4,17200,0,0,Purchase,Bill 50223319,2026-05-04 07:00:00+00,"{""invalidated_by"": ""VAL-RESET-20260430-2796""}"
4ec9b6cc-2609-4534-ba0b-6e685cbc3ee6,14e494c5-f77b-44a0-904e-6030187b2a45,0,91.7865737665065,0,0,0,Initial,VAL-RESET-20260331-7558,2026-03-31 18:59:59.999+00,"{""reason"": ""Manual Valuation Override""}"
6ff89d36-ceda-40bb-bf02-aff60ea4c8ef,a2ecdf21-8089-4d7d-9497-4addbc48b90c,0,91.7865737665065,0,0,0,Initial,VAL-RESET-20260331-7558,2026-03-31 18:59:59.999+00,"{""reason"": ""Manual Valuation Override""}"
0d0c7700-1673-4b4d-ad73-244444d5012f,dcb00b2e-ea89-4e17-b1bb-67e576da4e6d,0,91.27637784598132,0,0,0,Initial,VAL-RESET-20260331-7558,2026-03-31 18:59:59.999+00,"{""reason"": ""Manual Valuation Override""}"
40897fbc-45df-436f-a1bc-ef0994f30b62,396eef73-791a-465c-ae17-b78505b08d5f,0,92.49131590180504,0,0,0,Initial,VAL-RESET-20260331-7558,2026-03-31 18:59:59.999+00,"{""reason"": ""Manual Valuation Override""}"
3771c810-5d69-4ab9-8d85-4c75c6eb4351,e646adf3-e04a-4919-8dd4-d53927f5584b,10,86.75,867.5,0,0,Initial,VAL-RESET-20260331-7558,2026-03-31 18:59:59.999+00,"{""reason"": ""Historical Valuation Reset"", ""invalidated_by"": ""VAL-RESET-20260430-6043""}"
ab453671-1e00-4a7d-a614-4d7386972dcc,102e3e45-c488-4973-91c5-f62f51764ceb,923,20,18460,0,0,Initial,VAL-RESET-20260331-7558,2026-03-31 18:59:59.999+00,"{""reason"": ""Historical Valuation Reset"", ""invalidated_by"": ""VAL-RESET-20260430-6043""}"
0d06fc4e-684f-4a0e-87f7-610373d3833f,2940757a-5bfb-4470-88bb-7346e6738f71,5135,12.89,66190.15000000001,0,0,Initial,VAL-RESET-20260430-3716,2026-04-30 18:59:59.999+00,"{""invalidated_by"": ""VAL-RESET-20260430-7477""}"
1307a92e-394b-4fcd-8247-c90824ade2df,36fc17de-cda5-4433-9ab6-525db53d1776,890,22,19580,0,0,Initial,VAL-RESET-20260430-3716,2026-04-30 18:59:59.999+00,"{""invalidated_by"": ""VAL-RESET-20260430-7477""}"
d4a1534e-9950-4a49-8fb3-4b104652b308,7228dd62-c775-4f2b-bc08-dda954f29958,10,92.49131590180504,924.9131590180504,0,0,Initial,VAL-RESET-20260430-3716,2026-04-30 18:59:59.999+00,"{""invalidated_by"": ""VAL-RESET-20260430-7477""}"
81ad90aa-bd97-42a0-87b9-fa619ad87ee2,da5c9701-b165-4fcf-85ac-7d8abfba8e6b,-107,34.5,-3691.5,0,0,Production,Final Cleanup: Production for 34,2026-04-11 07:03:32.241368+00,"{""final_cleanup"": true, ""stock_move_id"": ""dfc9484b-6201-411a-957c-5eb193ed0a84""}"
12eadd7f-5c07-4e3a-85cc-a2c5012929d7,d23536f3-0d86-4dcd-934e-9085566d4dc7,-24050,5.7466717383035375,-138207.45530620008,0,0,Production,Final Cleanup: Production for Standard,2026-04-11 07:03:35.507339+00,"{""final_cleanup"": true, ""stock_move_id"": ""8418840c-0764-4cec-b487-a61cd96a962c""}"
9ad4583f-6e0f-4774-bddc-9375d9917f29,9e331ef8-d768-4b45-8434-ed8adde48deb,-2,0.01,-0.02,0,0,Production,Final Cleanup: Production for 50,2026-04-11 07:03:38.729381+00,"{""final_cleanup"": true, ""stock_move_id"": ""38356773-6a77-4964-b95c-78a6c7a06357""}"
295f7191-936c-472a-ba8b-9f4053fd4933,8b945707-4cb1-4e34-8d12-92da06120bd2,-31,68.8071,-2133.0201,0,0,Production,Final Cleanup: Production for 80,2026-04-11 07:03:41.953463+00,"{""final_cleanup"": true, ""stock_move_id"": ""f9b34c59-75b8-46b4-b411-6c6dec4d43f2""}"
6e47eea3-9404-48b7-b42d-2dc0f16cd124,d23536f3-0d86-4dcd-934e-9085566d4dc7,-30724,5.7466717383035375,-176560.74248763788,0,0,Production,Final Cleanup: Production for Standard,2026-04-11 07:03:45.169435+00,"{""final_cleanup"": true, ""stock_move_id"": ""b431c53d-d6ec-4976-b754-9a99a4ba1297""}"
a161ff2c-15af-4e6c-bc86-5b98e16d0852,65415ac9-fc97-471a-b17f-1340c7b1b55a,-83,25,-2075,0,0,Production,Final Cleanup: Production for 80,2026-04-11 07:03:48.397059+00,"{""final_cleanup"": true, ""stock_move_id"": ""4a84d31a-14a4-4c09-a0f2-a511d6f14196""}"
90a4273e-797b-471f-9fcd-b8d68d784034,a6707819-7f9c-4968-ad8e-badfec24bef2,-400,89.572379064604,-35828.9516258416,0,0,Sale,Final Cleanup: Sale for 20,2026-04-11 07:03:51.624367+00,"{""final_cleanup"": true, ""stock_move_id"": ""8bd693c0-40fb-4c2c-9360-83d08fa0c0a2""}"
9304c471-fc49-45c0-afc1-7ec8535dc113,aa74113c-9bfa-4286-875a-82d02a6e0f47,0,71.86427591288245,0,0,0,Initial,VAL-RESET-20260430-4422,2026-04-30 18:59:59.999+00,"{""reason"": ""Manual Valuation Override""}"
e6444c5f-7a67-4496-aa62-11ea75c8d340,65415ac9-fc97-471a-b17f-1340c7b1b55a,-125,25,-3125,0,0,Production,Final Cleanup: Production for 80,2026-04-11 07:03:58.171766+00,"{""final_cleanup"": true, ""stock_move_id"": ""4356c03f-912c-4120-8871-bc66b5a22be3""}"
02852481-78a8-4b94-ad57-cc48dcd60eb2,2725799f-a307-4777-8b00-84f03278ab57,-927,24.377363532323745,-22597.815994464112,0,0,Production,Final Cleanup: Production for 20,2026-04-11 07:04:01.480987+00,"{""final_cleanup"": true, ""stock_move_id"": ""86d0258f-0503-4354-a569-b5f49d2be180""}"
26d4bfae-1eb4-4859-aa2b-e9795a51c8af,65415ac9-fc97-471a-b17f-1340c7b1b55a,-50,25,-1250,0,0,Production,Final Cleanup: Production for 80,2026-04-11 07:04:04.660978+00,"{""final_cleanup"": true, ""stock_move_id"": ""fdbbcba6-e1e8-45c8-bffe-c7bb9c03c41b""}"
dcfeb550-f83d-432f-b734-78220e7e7948,d23536f3-0d86-4dcd-934e-9085566d4dc7,-10212,5.7466717383035375,-58685.01179155573,0,0,Production,Final Cleanup: Production for Standard,2026-04-11 07:04:07.871392+00,"{""final_cleanup"": true, ""stock_move_id"": ""5aa0723f-c8e9-40bc-bd4c-95afd1b79bbc""}"
1a4c4e68-f6de-4ed6-aaa9-fd2988280255,da5c9701-b165-4fcf-85ac-7d8abfba8e6b,-160,34.5,-5520,0,0,Production,Final Cleanup: Production for 34,2026-04-11 07:04:11.099968+00,"{""final_cleanup"": true, ""stock_move_id"": ""4342e602-6f15-46e0-b0b1-070dcb340170""}"
53180fc3-c469-4342-bdc2-ce71db33aa16,2725799f-a307-4777-8b00-84f03278ab57,-250,24.377363532323745,-6094.340883080937,0,0,Production,Final Cleanup: Production for 20,2026-04-11 07:04:14.359275+00,"{""final_cleanup"": true, ""stock_move_id"": ""2e911a36-f128-4cdd-af6f-cd5ec643264b""}"
af3aff73-2030-48e7-b5c1-308ad5d0e69b,da5c9701-b165-4fcf-85ac-7d8abfba8e6b,-108,34.5,-3726,0,0,Production,Final Cleanup: Production for 34,2026-04-11 07:04:17.887437+00,"{""final_cleanup"": true, ""stock_move_id"": ""0f24c9ab-c617-440f-9184-152b75756c65""}"
6a36f587-0866-4096-82c6-31ef640ca3fe,2c981082-c3ab-47b1-99c3-c34fe22ee02c,-1200,90.10922692546995,-108131.07231056395,0,0,Sale,Final Cleanup: Sale for 80,2026-04-11 07:04:21.257426+00,"{""final_cleanup"": true, ""stock_move_id"": ""71c366e8-3f62-4277-9f34-084381b8b102""}"
f8ea09b9-69af-4a7d-b44c-bb5a6e875c21,e646adf3-e04a-4919-8dd4-d53927f5584b,180,90.01369011992635,16202.464221586742,0,0,Sale Return,SCN-2026-04-00096||/sales/credit-notes/08bf4bd9-0ee3-4040-b73b-ced5e7dc758e||line:b96128dd-7598-4c45-952e-16adcfc9b119,2026-04-30 08:27:39.737456+00,"{""invalidated_by"": ""VAL-RESET-20260430-3716""}"
c95a05c9-8a18-4c4d-b40d-244f49040b9f,ff990ef7-9a5b-40bc-8f41-13d8ed0936cf,0,89.5,0,0,0,Initial,VAL-RESET-20260430-4422,2026-04-30 18:59:59.999+00,"{""reason"": ""Manual Valuation Override""}"
2c1c92d6-641b-4a9e-80c0-145209391be6,5ffd5921-5ad2-4d30-b598-4337f1a39464,0,91.7865737665065,0,0,0,Initial,VAL-RESET-20260430-4422,2026-04-30 18:59:59.999+00,"{""reason"": ""Manual Valuation Override""}"
ac58a002-1fec-486d-a8fd-5c348fa0684e,a6707819-7f9c-4968-ad8e-badfec24bef2,5980,89.572379064604,535642.8268063319,0,0,Production,Final Cleanup: Production for 20,2026-04-11 07:03:25.651432+00,"{""invalidated_by"": ""VAL-RESET-20260430-3716""}"
99691a00-0c5f-4701-b960-bdbebf434cf2,396eef73-791a-465c-ae17-b78505b08d5f,750,78.75570764382422,59066.78073286817,0,0.0000000000000000,Production,Auto-Repair: Production Move for 10,2026-04-11 06:40:08.797719+00,"{""auto_repair"": true, ""stock_move_id"": ""954bbfa0-ae83-42f1-8739-3b123de08822""}"
dd8159b5-e5ce-4327-a2b2-dc1bfc05b397,396eef73-791a-465c-ae17-b78505b08d5f,280,78.75570764382422,22051.598140270784,0,0.0000000000000000,Sale Return,Auto-Repair: Sale Return Move for 10,2026-04-11 06:44:21.591158+00,"{""auto_repair"": true, ""stock_move_id"": ""0b343f09-d77c-44a6-ba09-e6e70d965ae4""}"
2b1bb268-b37c-4710-9d02-3225350a3617,e560c8fd-332b-48cb-b7de-125a590bcb0c,2400,88.80139897160952,213123.35753186283,0,0.0000000000000000,Production,Auto-Repair: Production Move for 80,2026-04-11 06:37:37.962291+00,"{""auto_repair"": true, ""stock_move_id"": ""67e9dae1-36f1-40b8-a215-186ddd06a8ac""}"
95faa947-e049-4639-83bc-afea3e393886,e646adf3-e04a-4919-8dd4-d53927f5584b,3000,90.7643937186075,272293.1811558225,0,0.0000000000000000,Sale Return,SCN-2026-04-00069||/sales/credit-notes/298ee247-2f4e-400b-b021-7381f20aafaf||line:27bf4696-5ec0-4773-9fe0-41f399ce85e3,2026-04-10 13:26:48.321786+00,{}
626aea61-3004-489a-837a-4ce536287741,937ec71e-d35e-4c0a-b48a-7e72d77e86c1,6180,90.84906098672617,561447.1968979677,0,0,Conversion,CONV-1775902753482,2026-04-11 10:19:14.062027+00,"{""invalidated_by"": ""VAL-RESET-20260430-3716""}"
b98bdbca-7d84-4eb8-894c-13cb77fc3a19,e560c8fd-332b-48cb-b7de-125a590bcb0c,12800,88.80139897160952,1136657.906836602,0,0.0000000000000000,Adjustment,Auto-Repair: Adjustment Move for 80,2026-04-11 06:37:58.152864+00,"{""auto_repair"": true, ""stock_move_id"": ""b8b5a629-e9b5-4671-af37-06df77a58824""}"
bbbe2eef-3715-4319-8c54-df06950f5654,a6707819-7f9c-4968-ad8e-badfec24bef2,4160,83.43507716963158,347089.9210256674,0,0.0000000000000000,Sale Return,SCN-2026-04-00069||/sales/credit-notes/298ee247-2f4e-400b-b021-7381f20aafaf||line:9830f387-92d2-49e0-802d-554ca8ecb321,2026-04-10 13:26:48.616603+00,{}
4a251f63-ac6a-4715-bc93-824c616ea508,412aa341-e0a4-46bd-a236-57ae4776e21c,4320,91.7865737665065,396517.9986713081,0,0,Production,Final Cleanup: Production for 15,2026-04-11 07:03:54.865941+00,"{""invalidated_by"": ""VAL-RESET-20260430-3716""}"
72e25a2c-a8ed-40e5-a54f-652d121edfd7,d23536f3-0d86-4dcd-934e-9085566d4dc7,33531.3,88.5,2967520.0500000003,0.000000000000,0.000000000000000000000000000000000000000000000000000000000000000000000000000000000000000000000000000000000000000000000,Purchase,PO-2026-04-00044,2026-04-21 06:40:47.271943+00,{}
5b2d077a-536f-47b8-967d-afe99ad64a19,abd8f3c5-ce78-4d29-8e62-c55b54aded3a,0,0,0,0,0,Initial,VAL-RESET-20260430-3716,2026-04-30 18:59:59.999+00,"{""reason"": ""Manual Valuation Override""}"
e6b0cc88-a5d2-4658-b04c-27651694969d,18568477-1a69-413a-b5bd-94333c860750,4420,90.7341284885639,401044.8479194524,0,0,Production,Final Cleanup: Production for 34,2026-04-11 07:03:22.151954+00,"{""invalidated_by"": ""VAL-RESET-20260430-3716""}"
d0b872bf-3742-42f0-9926-e23ae617fb12,e560c8fd-332b-48cb-b7de-125a590bcb0c,7280,88.80139897160952,646474.1845133173,0,0,Production,Final Cleanup: Production for 80,2026-04-11 07:03:28.937874+00,"{""invalidated_by"": ""VAL-RESET-20260430-3716""}"
3d28f36c-9b74-49ab-bd11-116df581aeaa,e560c8fd-332b-48cb-b7de-125a590bcb0c,2480,61.80563707657261,153277.97994990007,0,0,Conversion,CONV-1776949814878,2026-04-23 13:10:16.472917+00,"{""invalidated_by"": ""VAL-RESET-20260430-3716""}"
7b4cbd49-f74b-4786-82e8-9fd5ced52070,98506d04-47db-4d74-847b-cf3122bc85ad,0,92.94306041555204,0,0,0,Initial,VAL-RESET-20260430-3716,2026-04-30 18:59:59.999+00,"{""reason"": ""Manual Valuation Override""}"
146c89ac-b0b7-4e13-a756-2122159f2f32,2c981082-c3ab-47b1-99c3-c34fe22ee02c,8480,90.54995341285135,767863.6049409795,0,0.0000000000000000,Production,MO-2026-04-00022,2026-04-09 13:51:17.278482+00,{}
305fbb2f-34d0-4f1c-90c7-a65bb433a406,18568477-1a69-413a-b5bd-94333c860750,6222,91.07736181671062,566683.3452235735,0,0.0000000000000000,Production,MO-2026-04-00021,2026-04-09 13:45:38.542229+00,{}
ce37b275-f06e-4ff8-8b0b-f20a71a27dab,a6707819-7f9c-4968-ad8e-badfec24bef2,5000,89.58030814126546,447901.5407063273,0,0,Sale Return,SCN-2026-04-00073||/sales/credit-notes/14277dd7-d436-4e20-861d-2f9211469fba||line:c9bb5a5b-65fe-45a9-af82-1bfe5c1bfbca,2026-04-11 11:16:42.861121+00,"{""invalidated_by"": ""VAL-RESET-20260430-3716""}"
5fa115fe-443c-44d6-93da-9bc46db1b6b4,a6707819-7f9c-4968-ad8e-badfec24bef2,80,89.58034042908282,7166.427234326626,0,0,Sale Return,SCN-2026-04-00074||/sales/credit-notes/e30d41c8-f138-461e-8c8c-07fd65e51f92||line:6fea3380-39b2-49a5-bce1-21cbfa396333,2026-04-11 11:17:41.43547+00,"{""invalidated_by"": ""VAL-RESET-20260430-3716""}"
af528a38-5acf-4791-b256-91e86f90e85d,a6707819-7f9c-4968-ad8e-badfec24bef2,3260,89.58034042908281,292031.90979880997,0,0,Sale Return,SCN-2026-04-00078||/sales/credit-notes/a8fb0d58-4d4f-4835-bdc0-6c9840e189e2||line:7c9ead86-80bc-4bb9-9cb6-f0e457c624ab,2026-04-11 11:39:45.547825+00,"{""invalidated_by"": ""VAL-RESET-20260430-3716""}"
19a2ce8a-443a-4850-b2c8-a59a81b0d264,e646adf3-e04a-4919-8dd4-d53927f5584b,80,90.85300729482712,7268.24058358617,0,0.0000000000000000,Sale Return,SCN-2026-04-00071||/sales/credit-notes/1bf8386c-1c4e-47c6-848f-de106e42a10e||line:89c03f17-1798-41a9-82ca-a4d5cfd4727b,2026-04-10 13:29:56.794588+00,{}
d8779ecd-6e8c-4d67-b85c-e418548b74b9,a40b07a6-2948-489d-8dec-5e206ba38989,7,20.1,140.70000000000002,0.0,0.00000000000000000000000000000,Conversion,CONV-1776949895032,2026-04-23 13:11:35.693701+00,{}
2de8ea5d-7454-44f8-9c66-a72a6c2aaf28,937ec71e-d35e-4c0a-b48a-7e72d77e86c1,0.5,43.852041687218986,21.926020843609493,0,0,Initial,VAL-RESET-20260430-7477,2026-04-30 18:59:59.999+00,"{""invalidated_by"": ""VAL-RESET-20260430-4422""}"
992777da-b6ad-4e2a-b094-7a420aafdb2f,412aa341-e0a4-46bd-a236-57ae4776e21c,0,91.7865737665065,0,0,0,Initial,VAL-RESET-20260430-4422,2026-04-30 18:59:59.999+00,"{""reason"": ""Manual Valuation Override""}"
43b1617e-3629-4fd5-96ef-b08d30ccd429,93765798-ca54-496a-94c6-bb4f273bfe27,0,88.01913360401284,0,0,0,Initial,VAL-RESET-20260430-4422,2026-04-30 18:59:59.999+00,"{""reason"": ""Manual Valuation Override""}"
f4ae210c-ef56-4e17-bf00-253d8f23ec8f,29a0bdd8-7ec8-49aa-94e2-3abc24a5fe6d,35295,20.1,709429.5,0,0,Initial,VAL-RESET-20260430-7477,2026-04-30 18:59:59.999+00,"{""invalidated_by"": ""VAL-RESET-20260430-4422""}"
206db557-ced7-400d-b42d-07228eb8b230,e646adf3-e04a-4919-8dd4-d53927f5584b,2000,90.85300729482711,181706.01458965422,0,0.0000000000000000,Production,Auto-Repair: Production Move for 10,2026-04-11 06:38:10.732127+00,"{""auto_repair"": true, ""stock_move_id"": ""8160b124-d84c-4516-ba5e-1063cdf7b529""}"
8fdde405-2be2-41b4-ba77-0d39ec82a830,e646adf3-e04a-4919-8dd4-d53927f5584b,10,90.85300729482711,908.530072948271,0,0.0000000000000000,Conversion,Auto-Repair: Conversion Move for 10,2026-04-11 06:39:48.597827+00,"{""auto_repair"": true, ""stock_move_id"": ""09efb578-bf00-408f-a3e9-2885e1081472""}"
c6307690-6cdc-4c4b-b297-f2fa405e0ee9,937ec71e-d35e-4c0a-b48a-7e72d77e86c1,30,90.35295552982598,2710.5886658947793,0,0,Sale Return,SCN-2026-04-00078||/sales/credit-notes/a8fb0d58-4d4f-4835-bdc0-6c9840e189e2||line:76806a44-4733-4267-b3cb-01f3dd02c9c0,2026-04-11 11:39:45.866258+00,"{""invalidated_by"": ""VAL-RESET-20260430-3716""}"
60a686e6-8a28-4860-aa2e-79bcb6160937,937ec71e-d35e-4c0a-b48a-7e72d77e86c1,1800,90.74679157416598,163344.22483349877,0,0,Sale Return,SCN-2026-04-00079||/sales/credit-notes/926d9f18-8501-425b-9b12-3d832e2b0cbb||line:45615a5f-e99c-4b63-882c-b5b0bad877b9,2026-04-11 11:41:11.880078+00,"{""invalidated_by"": ""VAL-RESET-20260430-3716""}"
04ebf0aa-4f9a-4bb8-bfac-aeb088345277,2725799f-a307-4777-8b00-84f03278ab57,22,24.377363532323745,536.3019977111223,0,0,Initial,VAL-RESET-20260430-4422,2026-04-30 18:59:59.999+00,"{""invalidated_by"": ""VAL-RESET-20260430-2796""}"
bc2cff3a-42b3-49a2-8e4e-282cc41da459,0825ad1f-baf7-4c6c-b9a8-df86095dac5c,31013,12.89,399757.57,0,0,Initial,VAL-RESET-20260430-4422,2026-04-30 18:59:59.999+00,"{""invalidated_by"": ""VAL-RESET-20260430-2796""}"
1b934646-8972-43ca-97c2-1e250e385705,e646adf3-e04a-4919-8dd4-d53927f5584b,1000,90.85300729482711,90853.00729482711,0,0.0000000000000000,Sale Return,Auto-Repair: Sale Return Move for 10,2026-04-11 06:39:50.464877+00,"{""auto_repair"": true, ""stock_move_id"": ""c3a7b3f8-1294-433b-b843-faea05781b8b""}"
08f6ac5d-e215-4c78-b728-5dbfe31f55f2,1066c1db-bbd7-4256-a751-f5cbf463f8a3,6360,42.2430730225893,268665.94442366797,0,0.0000000000000000,Production,MO-2026-04-00031,2026-04-16 06:13:19.382245+00,{}
379b7ac0-e0fe-466e-a067-e915743ced14,a6707819-7f9c-4968-ad8e-badfec24bef2,1200,89.57237906460401,107486.8548775248,0,0.0000000000000000,Sale Return,SCN-2026-04-00070||/sales/credit-notes/0df01541-e770-4d62-af3c-1a35f568eff2||line:48584719-2611-4069-b4e7-d29ef9b087f0,2026-04-10 13:28:01.021101+00,{}
7ce2e318-0ebc-473a-88af-040a9a3490ed,a6707819-7f9c-4968-ad8e-badfec24bef2,380,89.57237906460401,34037.504044549525,0,0.0000000000000000,Sale Return,SCN-2026-04-00071||/sales/credit-notes/1bf8386c-1c4e-47c6-848f-de106e42a10e||line:18e21152-5078-47e1-9605-7856402aa36d,2026-04-10 13:29:57.074255+00,{}
29e8b401-87d4-4164-9dd3-6d3bfd834051,a6707819-7f9c-4968-ad8e-badfec24bef2,1200,89.57237906460401,107486.8548775248,0,0.0000000000000000,Sale Return,SCN-2026-04-00072||/sales/credit-notes/becb5bd4-1f5f-4d01-b3f3-49c318d9fd9e||line:f21b9fc4-20a9-44fb-8d48-15649be5fa6f,2026-04-10 13:30:53.741633+00,{}
9b070e73-1289-4662-b16b-81995d19a527,10f96fbf-6d9a-4dde-87da-c04faf2ae3f1,47,500,23500,0,0,Purchase,Bill 15aa67d6,2026-04-25 07:00:00+00,"{""invalidated_by"": ""VAL-RESET-20260430-3716""}"
229b42c9-9f15-4597-99d2-f3ec0e8ff285,18568477-1a69-413a-b5bd-94333c860750,9588,90.54995341285135,868192.9533224187,0,0.0000000000000000,Production,MO-2026-04-00022,2026-04-09 13:51:16.326118+00,{}
59f0f6c3-c84f-4ad9-8bc9-05a1930e6cfe,e646adf3-e04a-4919-8dd4-d53927f5584b,980,90.85300729482711,89035.94714893057,0,0.0000000000000000,Sale Return,Auto-Repair: Sale Return Move for 10,2026-04-11 06:40:09.416211+00,"{""auto_repair"": true, ""stock_move_id"": ""7f0f4efe-3595-4030-b1a4-c2a6f138ec90""}"
14aed565-784c-4d66-8229-352125d73576,a6707819-7f9c-4968-ad8e-badfec24bef2,2460,89.572379064604,220348.05249892583,0,0.0000000000000000,Production,Auto-Repair: Production Move for 20,2026-04-11 06:37:44.847279+00,"{""auto_repair"": true, ""stock_move_id"": ""823b6d10-8bd5-4f70-9e30-7dfca2a55f23""}"
f899c59c-ed36-4a35-abfc-92082177c68d,29f97aa5-e538-4261-b69f-6b1a394015c9,678,0,0,0,0,Purchase,PO-2026-04-00044,2026-04-21 06:40:48.346517+00,"{""invalidated_by"": ""VAL-RESET-20260430-3716""}"
d15204bb-fb0d-4a0a-a40a-db526d507ab4,29f97aa5-e538-4261-b69f-6b1a394015c9,1100,4.007120605251447,4407.832665776591,0,0.0000000000000000,Purchase,Bill 94d85fac,2026-04-01 07:00:00+00,{}
06f60670-3e0a-46f4-81b3-11ab94c70d85,29f97aa5-e538-4261-b69f-6b1a394015c9,345,5.0993256931552,1759.267364138544,0,0.0000000000000000,Purchase,Bill ea849f32,2026-04-02 07:00:00+00,{}
e16721a9-45b3-495f-b962-b87cfe9074b3,29f97aa5-e538-4261-b69f-6b1a394015c9,1000,0,0,0,0.0000000000000000,Purchase,PO-2026-04-00023,2026-04-02 08:58:59.133622+00,{}
bf49068a-9221-4787-8a25-3ae6277285e2,29f97aa5-e538-4261-b69f-6b1a394015c9,1100,0,0,0,0.0000000000000000,Purchase,PO-2026-04-00024,2026-04-02 09:30:52.99189+00,{}
cf5ddb28-0b1a-4b2f-88a6-b840a1ea79a4,29f97aa5-e538-4261-b69f-6b1a394015c9,345,0,0,0,0,Purchase,PO-2026-04-00028,2026-04-03 04:48:57.930922+00,"{""invalidated_by"": ""VAL-RESET-20260430-3716""}"
3d6e9f2b-87e9-4891-9af6-5c44d4a2d8ee,2c981082-c3ab-47b1-99c3-c34fe22ee02c,720,90.10922692546995,64878.643386338365,0,0,Sale Return,SCN-2026-04-00077||/sales/credit-notes/c0009701-15ed-41b4-a621-3ec6e2cab0b6||line:0fc2e0da-e73d-4b46-80a4-f997f2a6cd78,2026-04-11 11:20:39.412116+00,"{""invalidated_by"": ""VAL-RESET-20260430-3716""}"
3dd91fd2-7dcc-41af-9a19-40ac00524683,2c981082-c3ab-47b1-99c3-c34fe22ee02c,2400,90.1350898133101,216324.21555194425,0,0,Sale Return,SCN-2026-04-00081||/sales/credit-notes/e433cc87-e76a-420b-8c98-8f90c67b8064||line:83fea3b3-edb3-4d5c-9eab-1af57e299199,2026-04-11 13:04:21.535167+00,"{""invalidated_by"": ""VAL-RESET-20260430-3716""}"
59cc840d-9bc3-45ec-9c75-1ca598cc17c5,2c981082-c3ab-47b1-99c3-c34fe22ee02c,400,90.10954244868941,36043.81697947576,0,0,Sale Return,SCN-2026-04-00081||/sales/credit-notes/e433cc87-e76a-420b-8c98-8f90c67b8064||line:322f7b2e-a386-44d4-9026-6e8b9de327af,2026-04-11 13:05:19.51882+00,"{""invalidated_by"": ""VAL-RESET-20260430-3716""}"
99972747-3f40-4445-8e6f-3d38570e1389,e560c8fd-332b-48cb-b7de-125a590bcb0c,5600,88.80139897160952,497287.8342410133,0,0,Adjustment,DELETED: INV-2026-04-00229 (was reversed),2026-04-11 12:43:15.78152+00,"{""invalidated_by"": ""VAL-RESET-20260430-3716""}"
9eeae63e-8ebd-48ae-82ba-5252f0d49177,e560c8fd-332b-48cb-b7de-125a590bcb0c,100320,78.75570764382422,7900772.590828446,0,0.0000000000000000,Initial,VAL-RESET-20260331-5846,2026-03-31 18:59:59.999+00,"{""reason"": ""Manual Valuation Override""}"
d6a74c1e-a73b-4375-8620-871c43bc3fff,c6b76b35-74b4-4b7d-aa4d-e473698b2f81,0,92.94306041555204,0,0,0,Initial,VAL-RESET-20260430-4422,2026-04-30 18:59:59.999+00,"{""reason"": ""Manual Valuation Override""}"
ff3100a7-4088-4b39-8425-1da9ffe570ff,14e494c5-f77b-44a0-904e-6030187b2a45,0,91.7865737665065,0,0,0,Initial,VAL-RESET-20260430-4422,2026-04-30 18:59:59.999+00,"{""reason"": ""Manual Valuation Override""}"
6f4d3c18-c682-4753-91f4-32405a8f0d3e,a48054e2-5d92-4162-8afa-6a9565b697ea,0,107.5,0,0,0,Initial,VAL-RESET-20260430-4422,2026-04-30 18:59:59.999+00,"{""reason"": ""Manual Valuation Override""}"
900c6b8d-f6f4-4b5b-a839-6ddd58d80119,b2f8974f-ab3c-4880-a03d-6d3b29d26c57,4369,12.806,55949.414,0,0,Initial,VAL-RESET-20260430-7477,2026-04-30 18:59:59.999+00,"{""invalidated_by"": ""VAL-RESET-20260430-4422""}"
570f5ca0-ed42-4df1-9545-8422a559d504,769513cc-c70d-41c0-9bb6-99b480841b4f,0,20.1,0,0,0,Initial,VAL-RESET-20260430-4422,2026-04-30 18:59:59.999+00,"{""reason"": ""Manual Valuation Override""}"
d9999e5c-4b32-417b-890e-5a4bd490874e,e646adf3-e04a-4919-8dd4-d53927f5584b,1490,42.05562624185954,62662.88310037072,0,0,Production,MO-2026-04-00028,2026-04-11 13:12:01.471176+00,"{""invalidated_by"": ""VAL-RESET-20260430-3716""}"
1ecdcb94-92cc-4cc2-b83d-1b3506260b43,c8ca813c-e4be-428e-aef8-503eeeb948b7,64,29.100600496134174,1862.4384317525871,0,0,Conversion,CONV-1776254131164,2026-04-15 11:55:31.885898+00,"{""invalidated_by"": ""VAL-RESET-20260430-3716""}"
8d3c8d6f-4622-46ec-b4ea-b8e84de38aa4,65415ac9-fc97-471a-b17f-1340c7b1b55a,40.05,0.9997249795847698,40.038985432370026,0,0,Conversion,CONV-1776254469130,2026-04-15 12:01:09.91769+00,"{""invalidated_by"": ""VAL-RESET-20260430-3716""}"
786c9625-c985-4f32-ac43-13fffc06f804,e646adf3-e04a-4919-8dd4-d53927f5584b,10,80.16748357773369,801.674835777337,0,0,Conversion,CONV-1776253814925,2026-04-15 11:50:16.03397+00,"{""invalidated_by"": ""VAL-RESET-20260430-3716""}"
15e45b99-e1bd-498f-b382-1d105a0ce071,a6707819-7f9c-4968-ad8e-badfec24bef2,4860,42.05562624185954,204390.34353543737,0,0,Production,MO-2026-04-00028,2026-04-11 13:12:01.828339+00,"{""invalidated_by"": ""VAL-RESET-20260430-3716""}"
c4b17b02-b5cb-4e06-aa02-487d0dac7081,a6707819-7f9c-4968-ad8e-badfec24bef2,40,54.59035738272947,2183.614295309179,0,0,Conversion,CONV-1776253688530,2026-04-15 11:48:10.070779+00,"{""invalidated_by"": ""VAL-RESET-20260430-3716""}"
a7cf9a1d-9573-4559-bf52-6f143f7bce9a,937ec71e-d35e-4c0a-b48a-7e72d77e86c1,5595,90.25820716819683,504994.6691060613,0,0.0000000000000000,Production,Auto-Repair: Production Move for 15,2026-04-11 06:42:35.466522+00,"{""auto_repair"": true, ""stock_move_id"": ""ee8ba7e9-e5df-4593-92f3-e84427863143""}"
6687fb90-221d-453f-9925-f8bc346788f8,a6707819-7f9c-4968-ad8e-badfec24bef2,480,87.48229918384062,41991.503608243496,0,0,Conversion,CONV-1776253851404,2026-04-15 11:50:53.462552+00,"{""invalidated_by"": ""VAL-RESET-20260430-3716""}"
883062ec-933a-40d5-a183-4423f51e99e2,937ec71e-d35e-4c0a-b48a-7e72d77e86c1,1500,90.74679157416598,136120.18736124897,0,0,Sale Return,SCN-2026-04-00084||/sales/credit-notes/68452808-0b48-4181-a6ee-ff716f051270||line:2019e1aa-22b3-425b-8646-ed7c7b72a865,2026-04-11 13:08:13.397217+00,"{""invalidated_by"": ""VAL-RESET-20260430-3716""}"
6404bee4-a44b-4332-a9d3-3ddd4e8b295b,937ec71e-d35e-4c0a-b48a-7e72d77e86c1,2715,42.05562624185954,114181.02524664866,0,0,Production,MO-2026-04-00028,2026-04-11 13:12:02.223461+00,"{""invalidated_by"": ""VAL-RESET-20260430-3716""}"
7df74c6c-d71b-4354-9cab-6be6b8dc5d2b,18568477-1a69-413a-b5bd-94333c860750,5440,42.05562624185954,228782.6067557159,0,0,Production,MO-2026-04-00028,2026-04-11 13:11:59.504122+00,"{""invalidated_by"": ""VAL-RESET-20260430-3716""}"
5d69ed3c-6444-4cd7-ad7d-2ca43d0def36,4c46ce95-42bf-4f3d-beb8-123623d0fa76,500,91.28046810667017,45640.23405333509,0,0.0000000000000000,Production,Auto-Repair: Production Move for 50,2026-04-11 06:41:58.990687+00,"{""auto_repair"": true, ""stock_move_id"": ""22268cd5-e99d-4b58-b35b-63414bd56022""}"
a47feeec-e4d2-4c90-857c-ffb0dca632bf,18568477-1a69-413a-b5bd-94333c860750,3842,44.17678092369958,169727.1923088538,0,0,Production,MO-2026-04-00029,2026-04-14 06:00:40.265238+00,"{""invalidated_by"": ""VAL-RESET-20260430-3716""}"
d993af5c-1bc0-4103-99c8-a3bc9538942c,2c981082-c3ab-47b1-99c3-c34fe22ee02c,6240,90.10922692546995,562281.5760149325,0,0.0000000000000000,Production,Auto-Repair: Production Move for 80,2026-04-11 06:38:15.692661+00,"{""auto_repair"": true, ""stock_move_id"": ""fab290b6-c12c-4f80-99cb-47dc4b48dec5""}"
7bb0fea5-3cf6-4b95-add1-5e7a17c92cf6,e646adf3-e04a-4919-8dd4-d53927f5584b,2960,90.85300729482711,268924.9015926882,0,0.0000000000000000,Production,Auto-Repair: Production Move for 10,2026-04-11 06:40:30.92281+00,"{""auto_repair"": true, ""stock_move_id"": ""8f963f30-2e67-413a-a004-d0e2ecd6e65e""}"
1b817969-6b14-49c0-8065-07432ac68891,18568477-1a69-413a-b5bd-94333c860750,8432,43.852041687218986,369760.4155066305,0,0,Production,MO-2026-04-00030,2026-04-15 05:05:05.727006+00,"{""invalidated_by"": ""VAL-RESET-20260430-3716""}"
5ba557e8-2bae-4cde-941d-badf34372a1d,18568477-1a69-413a-b5bd-94333c860750,8058,42.2430730225893,340394.68241602456,0,0,Production,MO-2026-04-00031,2026-04-16 06:13:18.304663+00,"{""invalidated_by"": ""VAL-RESET-20260430-3716""}"
aa4e4ea1-01fc-46a9-b978-0d9431700340,2c981082-c3ab-47b1-99c3-c34fe22ee02c,1280,90.10955580143276,115340.23142583393,0,0,Sale Return,SCN-2026-04-00083||/sales/credit-notes/d05f1a98-ffc4-4d33-943e-a964d2a355ff||line:dc210821-0235-417b-8046-373f4ff4e5a0,2026-04-11 13:07:15.847233+00,"{""invalidated_by"": ""VAL-RESET-20260430-3716""}"
94c90af4-813d-4d97-8350-2c0a890bd9b0,2c981082-c3ab-47b1-99c3-c34fe22ee02c,5360,42.05562624185954,225418.15665636715,0,0,Production,MO-2026-04-00028,2026-04-11 13:12:01.067161+00,"{""invalidated_by"": ""VAL-RESET-20260430-3716""}"
91ee3d82-d371-4bcd-94a2-59a3ee54a221,2c981082-c3ab-47b1-99c3-c34fe22ee02c,3600,44.17678092369958,159036.4113253185,0,0,Production,MO-2026-04-00029,2026-04-14 06:00:41.088355+00,"{""invalidated_by"": ""VAL-RESET-20260430-3716""}"
8dc87f97-6f53-4d64-b3e6-be448cae75f9,d23536f3-0d86-4dcd-934e-9085566d4dc7,59474.25,92.10757386600083,5478028.875,0.00,0.00000000000000000000000000000000000000000000,Purchase,Bill 10cfb41c,2026-04-13 07:00:00+00,{}
7a1d4e71-2e65-40b2-8c92-b6ea1b3facfb,2c981082-c3ab-47b1-99c3-c34fe22ee02c,7360,43.852041687218986,322751.02681793174,0,0,Production,MO-2026-04-00030,2026-04-15 05:05:07.03472+00,"{""invalidated_by"": ""VAL-RESET-20260430-3716""}"
a892b4f3-6e15-4860-8d25-39de823fa64f,2c981082-c3ab-47b1-99c3-c34fe22ee02c,4560,42.2430730225893,192628.4129830072,0,0,Production,MO-2026-04-00031,2026-04-16 06:13:19.03011+00,"{""invalidated_by"": ""VAL-RESET-20260430-3716""}"
44acc76c-f2a1-487d-9d15-ae803446114c,8851e237-ca39-487c-a35f-e28fe711d32c,3200,87.98591499359391,281554.9279795005,0,0,Conversion,CONV-1776254569600,2026-04-15 12:02:50.664901+00,"{""invalidated_by"": ""VAL-RESET-20260430-3716""}"
98872f07-9756-4567-af9e-4731554c961b,8851e237-ca39-487c-a35f-e28fe711d32c,2500,87.29473845101606,218236.84612754014,0,0,Conversion,CONV-1776254628590,2026-04-15 12:03:49.299962+00,"{""invalidated_by"": ""VAL-RESET-20260430-3716""}"
6be56481-b87c-4c27-970f-01d1ce403582,d23536f3-0d86-4dcd-934e-9085566d4dc7,59474.25,87.5,5203996.875,0.00,0.00000000000000000000000000000000000000000000,Purchase,PO-2026-04-00038,2026-04-14 05:28:18.046498+00,{}
90cdb8f9-7b33-45f0-8129-53423daeb572,8851e237-ca39-487c-a35f-e28fe711d32c,5950,44.17678092369958,262851.8464960125,0,0.0000000000000000,Production,MO-2026-04-00029,2026-04-14 06:00:40.677981+00,{}
d50caf67-8764-441a-be35-5d2c63d04388,8851e237-ca39-487c-a35f-e28fe711d32c,12050,42.2430730225893,509029.02992220107,0,0,Production,MO-2026-04-00031,2026-04-16 06:13:18.662075+00,"{""invalidated_by"": ""VAL-RESET-20260430-3716""}"
9a020b06-d8d9-4dab-b3ae-45140646116b,e560c8fd-332b-48cb-b7de-125a590bcb0c,9520,42.05562624185954,400369.5618225028,0,0,Production,MO-2026-04-00028,2026-04-11 13:11:59.826273+00,"{""invalidated_by"": ""VAL-RESET-20260430-3716""}"
583738ed-6e6f-412a-8ccc-1a0517942780,d23536f3-0d86-4dcd-934e-9085566d4dc7,33531.3,92.51240035429583,3102061.0500000003,0.0,0.00000000000000000000000000000000000000000000000000000000000000000000,Purchase,Bill 235841a6,2026-04-20 07:00:00+00,{}
989e0441-caa8-4a59-93d8-bebcbebd1be8,a40b07a6-2948-489d-8dec-5e206ba38989,4698,0,0,0.0,0.00000000000000000000000000,Initial,VAL-RESET-20260331-5846,2026-03-31 18:59:59.999+00,"{""reason"": ""Manual Valuation Override""}"
e8583fcf-f8bb-40e0-8370-6eee0b34e214,c6b76b35-74b4-4b7d-aa4d-e473698b2f81,140,43.852041687218986,6139.285836210658,0,0.0000000000000000,Production,MO-2026-04-00030,2026-04-15 05:05:07.418131+00,{}
40e3f9d0-7b66-4f46-97c2-85627d3d19ee,1066c1db-bbd7-4256-a751-f5cbf463f8a3,15,118.57621139154922,1778.6431708732384,0,0.0000000000000000,Conversion,CONV-1776253972916,2026-04-15 11:52:53.557473+00,{}
ad8c0464-159f-4e5f-8c71-26d09a45a228,8851e237-ca39-487c-a35f-e28fe711d32c,15650,43.852041687218986,686284.4524049772,0,0.0000000000000000,Production,MO-2026-04-00030,2026-04-15 05:05:06.552924+00,{}
cd1c2d22-9b2c-4e22-85de-380725f935ec,8851e237-ca39-487c-a35f-e28fe711d32c,100,73.9560754432776,7395.60754432776,0,0.0000000000000000,Adjustment,Rev: INV-2026-04-00295||/sales/invoices/ff5b68ba-2363-4e3b-92fe-b8d10374cbe8,2026-04-15 05:18:14.30946+00,"{""reason"": ""Invoice Reset to Draft""}"
97222885-b6bf-47b1-b57f-7f3cc38134ab,1066c1db-bbd7-4256-a751-f5cbf463f8a3,105,108.8395396770869,11428.151666094125,0,0.000000000000000000000000000,Conversion,CONV-1776949921616,2026-04-23 13:12:03.474809+00,{}
1738ef85-67ca-4145-81cb-e988dd1afeaa,102e3e45-c488-4973-91c5-f62f51764ceb,923,20,18460,0,0,Initial,VAL-RESET-20260430-3716,2026-04-30 18:59:59.999+00,"{""invalidated_by"": ""VAL-RESET-20260430-7477""}"
848845d6-7c96-4441-aea7-8b5087642cc6,9e331ef8-d768-4b45-8434-ed8adde48deb,344,22,7568,0,0,Initial,VAL-RESET-20260430-3716,2026-04-30 18:59:59.999+00,"{""invalidated_by"": ""VAL-RESET-20260430-7477""}"
6c1fa07f-b88d-4f81-b8db-1d2b27161bef,a6707819-7f9c-4968-ad8e-badfec24bef2,960,88.93217678062173,85374.88970939686,0,0,Sale Return,SCN-2026-04-00085||/sales/credit-notes/282768cc-4283-468f-8bb8-0b4e52cce09b||line:541e0e3e-33ef-4157-8c67-560d6a31e5d6,2026-04-16 06:32:36.97045+00,"{""invalidated_by"": ""VAL-RESET-20260430-3716""}"
e0b716d6-c047-4a11-9b2a-711bba3911db,29f97aa5-e538-4261-b69f-6b1a394015c9,9064,16,145024,0,0,Initial,VAL-RESET-20260430-3716,2026-04-30 18:59:59.999+00,"{""invalidated_by"": ""VAL-RESET-20260430-7477""}"
6c03b203-4928-4aea-9a3c-94cfda52ba94,937ec71e-d35e-4c0a-b48a-7e72d77e86c1,2250,75.85214278396181,170667.32126391408,0,0,Adjustment,DELETED: INV-2026-04-00246 (was reversed),2026-04-16 09:21:06.649776+00,"{""invalidated_by"": ""VAL-RESET-20260430-3716""}"
e4b7544d-4708-4d72-bfc8-e7ce5dc139af,e560c8fd-332b-48cb-b7de-125a590bcb0c,122720,92.94306041555204,11405972.374196546,0,0,Initial,VAL-RESET-20260430-3716,2026-04-30 18:59:59.999+00,"{""invalidated_by"": ""VAL-RESET-20260430-7477""}"
b4ec2409-1ff6-42b4-8f54-fc43b21fb023,2c981082-c3ab-47b1-99c3-c34fe22ee02c,5440,90.10922692546995,490194.19447455654,0,0.0000000000000000,Production,Auto-Repair: Production Move for 80,2026-04-11 06:39:01.255397+00,"{""auto_repair"": true, ""stock_move_id"": ""823ac608-8aca-48e4-8f59-514c87849a42""}"
05450915-3c14-4af5-8495-125008d8b59f,29f97aa5-e538-4261-b69f-6b1a394015c9,678,4.012400354295837,2720.407440212577,0,0,Purchase,Bill 235841a6,2026-04-20 07:00:00+00,"{""invalidated_by"": ""VAL-RESET-20260430-3716""}"
90bb0430-28b5-4067-9d10-d35435c276c6,8851e237-ca39-487c-a35f-e28fe711d32c,5050,89.04897811475156,449697.33947949536,0,0.0000000000000000,Production,Auto-Repair: Production Move for 50,2026-04-11 06:41:46.912382+00,"{""auto_repair"": true, ""stock_move_id"": ""8e51e06e-e2a2-407b-bf00-fd24cfdd95f7""}"
d12c8d4c-6f75-4380-aefb-54c5c21350bc,8851e237-ca39-487c-a35f-e28fe711d32c,9600,89.04897811475156,854870.189901615,0,0.0000000000000000,Production,Auto-Repair: Production Move for 50,2026-04-11 06:41:41.424886+00,"{""auto_repair"": true, ""stock_move_id"": ""1627fc61-2eb4-4661-93aa-aa2624f64a3d""}"
27beff9b-a2d6-46f8-ab1b-bdee75615e44,d8a16b7d-84b2-4a78-8333-a02a4389a141,0,77.28152445699166,0,0,0,Initial,VAL-RESET-20260430-4422,2026-04-30 18:59:59.999+00,"{""reason"": ""Manual Valuation Override""}"
4d65ac13-118f-41ec-85b4-0e113051e65b,b5073451-3d7d-4bce-be2e-417dbe7209a4,0,89.5,0,0,0,Initial,VAL-RESET-20260430-4422,2026-04-30 18:59:59.999+00,"{""reason"": ""Manual Valuation Override""}"
352c63ef-2a89-447c-978b-44cc800283eb,2c981082-c3ab-47b1-99c3-c34fe22ee02c,480,85.27596131135189,40932.46142944891,0,0,Sale Return,SCN-2026-04-00085||/sales/credit-notes/282768cc-4283-468f-8bb8-0b4e52cce09b||line:ac81b405-eb7a-49dc-94f5-cebf1dd3c796,2026-04-16 06:32:37.941605+00,"{""invalidated_by"": ""VAL-RESET-20260430-3716""}"
19ee4fa3-2256-4f24-82e7-0b8ad2bf145c,dcb00b2e-ea89-4e17-b1bb-67e576da4e6d,0,91.27637784598132,0,0,0,Initial,VAL-RESET-20260430-4422,2026-04-30 18:59:59.999+00,"{""reason"": ""Manual Valuation Override""}"
7419efcb-56b5-4a86-b6c7-b344b43cf5fb,2725799f-a307-4777-8b00-84f03278ab57,22,24.377363532323745,536.3019977111223,0,0,Initial,VAL-RESET-20260430-7477,2026-04-30 18:59:59.999+00,"{""invalidated_by"": ""VAL-RESET-20260430-4422""}"
d454eddd-315b-4b66-bd0a-e10274ea4587,2c981082-c3ab-47b1-99c3-c34fe22ee02c,800,85.27596131135189,68220.76904908151,0,0,Sale Return,SCN-2026-04-00086||/sales/credit-notes/64facab4-fe51-4df2-bef3-92e502bc9e62||line:84d1a367-e0a3-4553-ba31-b1817ee4327b,2026-04-16 06:41:23.378999+00,"{""invalidated_by"": ""VAL-RESET-20260430-3716""}"
63324b6b-163c-4c5b-9a1d-6f85bb873fd1,2c981082-c3ab-47b1-99c3-c34fe22ee02c,160,85.27596131135189,13644.153809816304,0,0,Sale Return,SCN-2026-04-00088||/sales/credit-notes/34d7c4e9-d6cf-466d-bf9e-3a88cd84d595||line:2dc3c67f-25aa-43b3-b0f9-f20787a890bc,2026-04-16 06:43:14.148156+00,"{""invalidated_by"": ""VAL-RESET-20260430-3716""}"
077bc7d0-3967-4c41-8e70-4234020f371a,8851e237-ca39-487c-a35f-e28fe711d32c,4000,87.83927661336153,351357.10645344615,0,0,Conversion,CONV-1776332924225,2026-04-16 09:48:44.829255+00,"{""invalidated_by"": ""VAL-RESET-20260430-3716""}"
2a7a758e-f6eb-4a8a-9519-3658adfcb918,e560c8fd-332b-48cb-b7de-125a590bcb0c,12800,84.04527799895499,1075779.5583866239,0,0,Adjustment,Rev: INV-2026-04-00388||/sales/invoices/2518fcf8-5f2c-45f9-84f3-ce3e324feaa4,2026-04-28 06:16:37.59563+00,"{""invalidated_by"": ""VAL-RESET-20260430-3716""}"
e21a35d1-fe0e-4f44-82f8-85110901b15a,e560c8fd-332b-48cb-b7de-125a590bcb0c,12800,84.15802030370877,1077222.6598874722,0,0.0000000000000000,Adjustment,DELETED: INV-2026-04-00200 (was reversed),2026-04-10 14:07:36.24417+00,"{""note"": ""Parent document deleted after reversal"", ""deleted_at"": ""2026-04-10T19:08:37.000Z"", ""original_id"": ""59986ee3-89e0-43fa-b204-8d706cf84c06"", ""original_type"": ""invoice""}"
62b1fad8-d550-4ea9-9133-cb04ca7d87c6,1066c1db-bbd7-4256-a751-f5cbf463f8a3,3795,83.65588900831987,317474.0987865739,0,0.0000000000000000,Sale Return,SCN-2026-04-00086||/sales/credit-notes/64facab4-fe51-4df2-bef3-92e502bc9e62||line:501b47fe-fe70-4abe-aad7-56f048b23f5e,2026-04-16 06:41:23.071284+00,{}
1b2f0916-27d6-45b9-b2c5-123afcfda5c1,1066c1db-bbd7-4256-a751-f5cbf463f8a3,600,83.65588900831987,50193.533404991926,0,0.0000000000000000,Sale Return,SCN-2026-04-00087||/sales/credit-notes/5c0b2e45-db2b-4ed6-b7ab-26af468cd767||line:81887f78-8a88-4773-8250-43c7d810b7e5,2026-04-16 06:42:27.841441+00,{}
22640dd8-0873-4db6-ba83-8790d339da6d,1066c1db-bbd7-4256-a751-f5cbf463f8a3,15,118.5762114560288,1778.643171840432,0,0.0000000000000000,Conversion,CONV-1776332891780,2026-04-16 09:48:12.900596+00,{}
2196bf39-2d82-4195-88f3-dfe3007bbc7e,abd8f3c5-ce78-4d29-8e62-c55b54aded3a,0,0,0,0,0,Initial,VAL-RESET-20260430-4422,2026-04-30 18:59:59.999+00,"{""reason"": ""Manual Valuation Override""}"
00d7eae2-4159-4ad7-a64f-accd44d2811b,1066c1db-bbd7-4256-a751-f5cbf463f8a3,1500,70.4651591711644,105697.7387567466,0,0.000000000000000000000000000,Sale Return,SCN-2026-04-00097||/sales/credit-notes/9c47f201-053b-4fbc-a8bc-41a766e59eaf||line:f953daa4-fe1e-46e0-bd62-15a55ad57a9a,2026-04-30 09:32:19.107715+00,{}
bd95b275-0deb-4f72-a047-8a3482a80140,a40b07a6-2948-489d-8dec-5e206ba38989,173,20.100000000000005,3477.3000000000006,0,0,Conversion,CONV-1777990599882,2026-05-05 14:16:40.814078+00,"{""invalidated_by"": ""VAL-RESET-20260430-2796""}"
c97c4001-4220-4b65-af9e-9771f8564aa2,2940757a-5bfb-4470-88bb-7346e6738f71,5135,12.89,66190.15000000001,0,0,Initial,VAL-RESET-20260430-4422,2026-04-30 18:59:59.999+00,"{""invalidated_by"": ""VAL-RESET-20260430-2796""}"
e951b567-fcf9-4c10-b87b-a9904bd0dfe9,36fc17de-cda5-4433-9ab6-525db53d1776,890,22,19580,0,0,Initial,VAL-RESET-20260430-4422,2026-04-30 18:59:59.999+00,"{""invalidated_by"": ""VAL-RESET-20260430-2796""}"
6cbf76ed-cee9-45fc-91fd-65d4132e0a69,7228dd62-c775-4f2b-bc08-dda954f29958,10,105.35,1053.5,0,0,Initial,VAL-RESET-20260430-4422,2026-04-30 18:59:59.999+00,"{""invalidated_by"": ""VAL-RESET-20260430-2796""}"
65a05faf-2c40-4f7e-9317-631dd1fb3ea5,98506d04-47db-4d74-847b-cf3122bc85ad,250,91.99434410737256,22998.58602684314,0,0,Initial,VAL-RESET-20260430-4422,2026-04-30 18:59:59.999+00,"{""invalidated_by"": ""VAL-RESET-20260430-2796""}"
0cd2429a-574b-4e32-ac70-b421ef5ccc57,d9964e90-72ce-482b-8a17-7651628e223e,0,75,0,0,0,Initial,VAL-RESET-20260331-7558,2026-03-31 18:59:59.999+00,"{""reason"": ""Manual Valuation Override""}"
c692bdc6-e50d-45b1-b6bd-899b951f637a,d23536f3-0d86-4dcd-934e-9085566d4dc7,12894.75,94,1212106.5,12894.75,1212106.5,Purchase,Bill a6130969,2026-05-08 07:00:00+00,{}
6b3e8d46-1ee2-439b-95f8-8692531c7e9a,1066c1db-bbd7-4256-a751-f5cbf463f8a3,600,86.07506303973638,51645.03782384183,0,0.0000000000000000,Sale Return,SCN-2026-05-00099||/sales/credit-notes/0bfb7325-f64b-4237-82ea-0c4d527a0ca4||line:3e33014c-09c7-45eb-a4d3-b7d3740c6d5d,2026-05-07 09:26:36.007359+00,{}
91ff5078-138b-4e78-83bd-54cc4266e307,29a0bdd8-7ec8-49aa-94e2-3abc24a5fe6d,33945,20.1,682294.5,0,0,Initial,VAL-RESET-20260331-7558,2026-03-31 18:59:59.999+00,"{""reason"": ""Historical Valuation Reset"", ""invalidated_by"": ""VAL-RESET-20260430-6043""}"
07602a30-f6a1-4d78-9108-59e14cfb34a6,2940757a-5bfb-4470-88bb-7346e6738f71,5135,12.89,66190.15000000001,0,0,Initial,VAL-RESET-20260331-7558,2026-03-31 18:59:59.999+00,"{""reason"": ""Historical Valuation Reset"", ""invalidated_by"": ""VAL-RESET-20260430-6043""}"
87353e39-c4d9-43f4-97fc-7b4b3f7f7d05,5dc03d6b-a9fc-4d75-976b-db7afb556301,2388,12.89,30781.32,0,0,Initial,VAL-RESET-20260430-6043,2026-04-30 18:59:59.999+00,"{""reason"": ""Historical Valuation Reset"", ""invalidated_by"": ""VAL-RESET-20260430-5898""}"
e82fbe4a-97d6-4cea-bcce-513c3c410826,2c08642b-74ca-4429-acfa-8cb3911b39b3,3560,22,78320,0,0,Initial,VAL-RESET-20260331-7558,2026-03-31 18:59:59.999+00,"{""reason"": ""Historical Valuation Reset"", ""invalidated_by"": ""VAL-RESET-20260430-6043""}"
5d42a979-b7f5-44d8-9558-2da6c98fea5f,c8ca813c-e4be-428e-aef8-503eeeb948b7,748,60,44880,0,0,Initial,VAL-RESET-20260331-7558,2026-03-31 18:59:59.999+00,"{""reason"": ""Historical Valuation Reset"", ""invalidated_by"": ""VAL-RESET-20260430-6043""}"
b23e4ce3-d2b9-4082-a8f3-beca54fb3d35,eed9f545-8ba6-4704-b22a-b49d8e0db874,0,0,0,0,0,Initial,VAL-RESET-20260430-6043,2026-04-30 18:59:59.999+00,"{""reason"": ""Manual Valuation Override""}"
04c09378-e091-4baf-8a0f-28f15b651d73,6980162c-6553-41b7-8e80-4110c37c1ecc,0,0,0,0,0,Initial,VAL-RESET-20260430-6043,2026-04-30 18:59:59.999+00,"{""reason"": ""Manual Valuation Override""}"
04195a86-c8fd-4bd0-9d0e-a23cc825f300,6e635acf-ca3f-406a-9177-bdaa6406317e,0,112.7,0,0,0,Initial,VAL-RESET-20260430-6043,2026-04-30 18:59:59.999+00,"{""reason"": ""Manual Valuation Override""}"
5bc1739d-a2a0-41b1-b06b-8d3f6375c97a,e560c8fd-332b-48cb-b7de-125a590bcb0c,123040,100,12304000,0,0,Initial,VAL-RESET-20260331-7558,2026-03-31 18:59:59.999+00,"{""reason"": ""Historical Valuation Reset"", ""invalidated_by"": ""VAL-RESET-20260430-6043""}"
1b2c34d8-3df7-453a-8503-92bbe5081a65,d9964e90-72ce-482b-8a17-7651628e223e,0,75,0,0,0,Initial,VAL-RESET-20260430-6043,2026-04-30 18:59:59.999+00,"{""reason"": ""Manual Valuation Override""}"
5dade8b7-b260-42c4-b966-193a45b61d9f,085c173e-052c-4022-8a90-be5c0ba7b627,0,78.88704005207522,0,0,0,Initial,VAL-RESET-20260430-6043,2026-04-30 18:59:59.999+00,"{""reason"": ""Manual Valuation Override""}"
bcd64161-ce60-4137-8fbd-baf38098eecd,36fc17de-cda5-4433-9ab6-525db53d1776,833,22,18326,0,0,Initial,VAL-RESET-20260430-6043,2026-04-30 18:59:59.999+00,"{""reason"": ""Historical Valuation Reset"", ""invalidated_by"": ""VAL-RESET-20260430-5898""}"
09e45025-f768-41f3-82e3-30af447c4b8d,9e331ef8-d768-4b45-8434-ed8adde48deb,315,22,6930,0,0,Initial,VAL-RESET-20260430-6043,2026-04-30 18:59:59.999+00,"{""reason"": ""Historical Valuation Reset"", ""invalidated_by"": ""VAL-RESET-20260430-5898""}"
98e0e965-0862-40ba-bd92-2b4f658af4aa,65415ac9-fc97-471a-b17f-1340c7b1b55a,1328.425,69.2179,91950.7888075,0,0,Initial,VAL-RESET-20260430-6043,2026-04-30 18:59:59.999+00,"{""reason"": ""Historical Valuation Reset"", ""invalidated_by"": ""VAL-RESET-20260430-5898""}"
01d6fb07-f4fd-4cbb-b6bb-13940ac1fe90,18568477-1a69-413a-b5bd-94333c860750,16592,69.17647058823529,1147776,0,0,Initial,VAL-RESET-20260430-6043,2026-04-30 18:59:59.999+00,"{""reason"": ""Historical Valuation Reset"", ""invalidated_by"": ""VAL-RESET-20260430-5898""}"
cf1a68a3-67d4-46ff-8634-8379fcbb455f,2c981082-c3ab-47b1-99c3-c34fe22ee02c,22480,112.7,2533496,0,0,Initial,VAL-RESET-20260430-6043,2026-04-30 18:59:59.999+00,"{""reason"": ""Historical Valuation Reset"", ""invalidated_by"": ""VAL-RESET-20260430-5898""}"
c24625c6-6d0e-4c6b-8167-3c40546c6add,8851e237-ca39-487c-a35f-e28fe711d32c,33000,105,3465000,0,0,Initial,VAL-RESET-20260430-6043,2026-04-30 18:59:59.999+00,"{""reason"": ""Historical Valuation Reset"", ""invalidated_by"": ""VAL-RESET-20260430-5898""}"
2497d542-a577-43b2-a764-30f7f41c0774,d23536f3-0d86-4dcd-934e-9085566d4dc7,97019,90.625,8792346.875,0,0,Initial,VAL-RESET-20260430-6043,2026-04-30 18:59:59.999+00,"{""reason"": ""Historical Valuation Reset"", ""invalidated_by"": ""VAL-RESET-20260430-5898""}"
07fce9a2-c094-4afb-aaf5-6d382a0796b9,da5c9701-b165-4fcf-85ac-7d8abfba8e6b,5893,34.4,202719.19999999998,0,0,Initial,VAL-RESET-20260331-7558,2026-03-31 18:59:59.999+00,"{""reason"": ""Historical Valuation Reset"", ""invalidated_by"": ""VAL-RESET-20260430-6043""}"
30def196-c8d1-41ff-8878-37ed610884bc,10f96fbf-6d9a-4dde-87da-c04faf2ae3f1,0,500,0,0,0,Initial,VAL-RESET-20260430-6043,2026-04-30 18:59:59.999+00,"{""reason"": ""Manual Valuation Override""}"
fefae23d-ab40-400d-8d54-c6e735d05ad4,abd8f3c5-ce78-4d29-8e62-c55b54aded3a,0,0,0,0,0,Initial,VAL-RESET-20260430-6043,2026-04-30 18:59:59.999+00,"{""reason"": ""Manual Valuation Override""}"
b99a4973-c68a-4121-a325-bfc393a8eff3,6e324c36-0f63-44fc-96d4-171f158706cb,0,69.1765,0,0,0,Initial,VAL-RESET-20260430-6043,2026-04-30 18:59:59.999+00,"{""reason"": ""Manual Valuation Override""}"
ce89960d-a628-48d3-b86f-b36c49d4eece,e6b304c1-06aa-4346-988a-bc1dfd29a613,0,112.7,0,0,0,Initial,VAL-RESET-20260430-6043,2026-04-30 18:59:59.999+00,"{""reason"": ""Manual Valuation Override""}"
e3586e07-d85c-4b2b-a5e0-a43ccd6bd429,0532897a-fd36-45a5-9f0f-d042367920ec,350,2,700,0,0,Initial,VAL-RESET-20260331-7558,2026-03-31 18:59:59.999+00,"{""reason"": ""Historical Valuation Reset"", ""invalidated_by"": ""VAL-RESET-20260430-6043""}"
a85612bd-3079-4975-8d35-b90eae782d35,2c52647d-a84b-4dd5-b46b-02e3c9c4666c,0,0,0,0,0,Initial,VAL-RESET-20260430-6043,2026-04-30 18:59:59.999+00,"{""reason"": ""Manual Valuation Override""}"
f8c08de9-3c34-4c9b-a614-6d66028d6b18,2c08642b-74ca-4429-acfa-8cb3911b39b3,3560,22,78320,0,0,Initial,VAL-RESET-20260430-6043,2026-04-30 18:59:59.999+00,"{""reason"": ""Historical Valuation Reset"", ""invalidated_by"": ""VAL-RESET-20260430-5898""}"
8443d638-ea34-4740-a107-f89215d95a54,c8ca813c-e4be-428e-aef8-503eeeb948b7,748,60,44880,0,0,Initial,VAL-RESET-20260430-6043,2026-04-30 18:59:59.999+00,"{""reason"": ""Historical Valuation Reset"", ""invalidated_by"": ""VAL-RESET-20260430-5898""}"
67db48c3-2cd4-4ad2-b22d-d22597eee66c,7228dd62-c775-4f2b-bc08-dda954f29958,10,105,1050,0,0,Initial,VAL-RESET-20260430-6043,2026-04-30 18:59:59.999+00,"{""reason"": ""Historical Valuation Reset"", ""invalidated_by"": ""VAL-RESET-20260430-5898""}"
868d40fe-4bc8-4959-b8f9-393cbb429f49,e560c8fd-332b-48cb-b7de-125a590bcb0c,119200,105,12516000,0,0,Initial,VAL-RESET-20260430-6043,2026-04-30 18:59:59.999+00,"{""reason"": ""Historical Valuation Reset"", ""invalidated_by"": ""VAL-RESET-20260430-5898""}"
948f6ac4-b02d-47a3-bf7d-706016ad911a,71747c3d-230b-4f6c-a3a5-80ca29120b16,100,4,400,0,0,Initial,VAL-RESET-20260430-6043,2026-04-30 18:59:59.999+00,"{""reason"": ""Historical Valuation Reset"", ""invalidated_by"": ""VAL-RESET-20260430-5898""}"
acb2e24e-cd2b-46d8-a33c-c58ffbd5e42f,36fc17de-cda5-4433-9ab6-525db53d1776,858,22,18876,0,0,Initial,VAL-RESET-20260331-7558,2026-03-31 18:59:59.999+00,"{""reason"": ""Historical Valuation Reset"", ""invalidated_by"": ""VAL-RESET-20260430-6043""}"
efb6c922-d3ae-4032-83ad-776e4f89698e,65415ac9-fc97-471a-b17f-1340c7b1b55a,1440.425,72.162,103943.94885,0,0,Initial,VAL-RESET-20260331-7558,2026-03-31 18:59:59.999+00,"{""reason"": ""Historical Valuation Reset"", ""invalidated_by"": ""VAL-RESET-20260430-6043""}"
0206ba2c-fe84-4529-ad62-c0cc86577521,bc73ce5a-ee82-4283-99f6-46fdeaaca7d1,0,0,0,0,0,Initial,VAL-RESET-20260430-6043,2026-04-30 18:59:59.999+00,"{""reason"": ""Manual Valuation Override""}"
789e0caa-77c0-4464-9058-ac75ff11abdc,18568477-1a69-413a-b5bd-94333c860750,9554,76.47058823529412,730600,0,0,Initial,VAL-RESET-20260331-7558,2026-03-31 18:59:59.999+00,"{""reason"": ""Historical Valuation Reset"", ""invalidated_by"": ""VAL-RESET-20260430-6043""}"
1ff05238-26de-4a7b-a626-0f316a950340,4c46ce95-42bf-4f3d-beb8-123623d0fa76,0,112.7,0,0,0,Initial,VAL-RESET-20260430-6043,2026-04-30 18:59:59.999+00,"{""reason"": ""Manual Valuation Override""}"
88c01cab-695f-421f-ab38-adce4be9b457,2c981082-c3ab-47b1-99c3-c34fe22ee02c,34320,86.07506303973638,2954096.1635237527,0,0,Initial,VAL-RESET-20260331-7558,2026-03-31 18:59:59.999+00,"{""reason"": ""Historical Valuation Reset"", ""invalidated_by"": ""VAL-RESET-20260430-6043""}"
475c526d-08b6-40e0-9881-589c2d6c3b6e,396eef73-791a-465c-ae17-b78505b08d5f,0,104.125,0,0,0,Initial,VAL-RESET-20260430-6043,2026-04-30 18:59:59.999+00,"{""reason"": ""Manual Valuation Override""}"
4e7a190d-c412-47db-8f21-f231eeed7b28,aa74113c-9bfa-4286-875a-82d02a6e0f47,0,71.86427591288245,0,0,0,Initial,VAL-RESET-20260430-5898,2026-04-30 18:59:59.999+00,"{""reason"": ""Manual Valuation Override""}"
4c54a50c-c414-4800-86b6-3b277b9a5ab9,c6b76b35-74b4-4b7d-aa4d-e473698b2f81,0,95.38,0,0,0,Initial,VAL-RESET-20260430-5898,2026-04-30 18:59:59.999+00,"{""reason"": ""Manual Valuation Override""}"
d34ea6f5-7523-404d-b673-7a2275b8fd81,d8a16b7d-84b2-4a78-8333-a02a4389a141,0,77.28152445699166,0,0,0,Initial,VAL-RESET-20260430-5898,2026-04-30 18:59:59.999+00,"{""reason"": ""Manual Valuation Override""}"
4d636138-d887-427f-b5ec-e381a8ed5a70,25a20076-8468-420b-97f9-75c1f6275242,0,95.38,0,0,0,Initial,VAL-RESET-20260430-5898,2026-04-30 18:59:59.999+00,"{""reason"": ""Manual Valuation Override""}"
e05bcc95-0019-4547-a7b7-aa4508bb2394,c9697fe6-8ed3-4f78-afea-d12b5f645e53,0,95.38,0,0,0,Initial,VAL-RESET-20260430-5898,2026-04-30 18:59:59.999+00,"{""reason"": ""Manual Valuation Override""}"
c785108b-5900-4757-a825-bf8dd246237c,a6707819-7f9c-4968-ad8e-badfec24bef2,0,95.38,0,0,0,Initial,VAL-RESET-20260430-5898,2026-04-30 18:59:59.999+00,"{""reason"": ""Manual Valuation Override""}"
bc6e27af-80bb-4038-ac62-32fd3abeb3dd,ff990ef7-9a5b-40bc-8f41-13d8ed0936cf,0,89.5,0,0,0,Initial,VAL-RESET-20260430-5898,2026-04-30 18:59:59.999+00,"{""reason"": ""Manual Valuation Override""}"
9f0b4814-7d64-4841-a6bb-8af901b3bfc3,412aa341-e0a4-46bd-a236-57ae4776e21c,0,91.7865737665065,0,0,0,Initial,VAL-RESET-20260430-5898,2026-04-30 18:59:59.999+00,"{""reason"": ""Manual Valuation Override""}"
9cacf2f4-be04-47db-ab04-cf96a4e05988,14e494c5-f77b-44a0-904e-6030187b2a45,0,91.7865737665065,0,0,0,Initial,VAL-RESET-20260430-5898,2026-04-30 18:59:59.999+00,"{""reason"": ""Manual Valuation Override""}"
59362996-bd66-4fdd-9b6a-7fb96a71375f,b5073451-3d7d-4bce-be2e-417dbe7209a4,0,89.5,0,0,0,Initial,VAL-RESET-20260430-5898,2026-04-30 18:59:59.999+00,"{""reason"": ""Manual Valuation Override""}"
4738b32f-7f4c-476a-98ea-a9d61df5fa6d,817c8b6f-3c49-47f5-998a-ff15033f6b86,0,89.5,0,0,0,Initial,VAL-RESET-20260430-5898,2026-04-30 18:59:59.999+00,"{""reason"": ""Manual Valuation Override""}"
f8f12ae3-e0f8-4b87-b451-57d24f86cf16,2388c76f-35a7-4076-b2a3-a75ac541692c,0,89.5,0,0,0,Initial,VAL-RESET-20260430-5898,2026-04-30 18:59:59.999+00,"{""reason"": ""Manual Valuation Override""}"
d4f273f6-f2f7-44c0-83b8-d8ba2fbab174,ec766a71-38c2-45fb-a64f-7589897d89ae,0,89.5,0,0,0,Initial,VAL-RESET-20260430-5898,2026-04-30 18:59:59.999+00,"{""reason"": ""Manual Valuation Override""}"
ecd7cd32-8968-4a55-ae10-e117854a83c1,a2ecdf21-8089-4d7d-9497-4addbc48b90c,0,91.7865737665065,0,0,0,Initial,VAL-RESET-20260430-5898,2026-04-30 18:59:59.999+00,"{""reason"": ""Manual Valuation Override""}"
01a91564-6ccf-47be-a0d9-1499ef4036d9,3fbbd2fb-4cd6-40e6-8856-26ef2c823bc5,0,92.94306041555204,0,0,0,Initial,VAL-RESET-20260430-5898,2026-04-30 18:59:59.999+00,"{""reason"": ""Manual Valuation Override""}"
c010ab54-3934-4468-8214-4bb92f3d1724,5ffd5921-5ad2-4d30-b598-4337f1a39464,0,91.7865737665065,0,0,0,Initial,VAL-RESET-20260430-5898,2026-04-30 18:59:59.999+00,"{""reason"": ""Manual Valuation Override""}"
7b8573b0-7839-4daa-ade6-79fdfa54bc10,93765798-ca54-496a-94c6-bb4f273bfe27,0,88.01913360401284,0,0,0,Initial,VAL-RESET-20260430-5898,2026-04-30 18:59:59.999+00,"{""reason"": ""Manual Valuation Override""}"
8c4dafd6-6e20-4502-9b9e-15a415df4aa3,a48054e2-5d92-4162-8afa-6a9565b697ea,0,107.5,0,0,0,Initial,VAL-RESET-20260430-5898,2026-04-30 18:59:59.999+00,"{""reason"": ""Manual Valuation Override""}"
f2293789-87d6-49ad-9e65-8114429554f3,dcb00b2e-ea89-4e17-b1bb-67e576da4e6d,0,91.27637784598132,0,0,0,Initial,VAL-RESET-20260430-5898,2026-04-30 18:59:59.999+00,"{""reason"": ""Manual Valuation Override""}"
858677fc-7cc9-486d-a790-c2021a47b1f7,23da208c-c810-4bf1-89bd-4eb5a55cce5e,0,107.5,0,0,0,Initial,VAL-RESET-20260430-5898,2026-04-30 18:59:59.999+00,"{""reason"": ""Manual Valuation Override""}"
35dffa11-37df-4ae5-abad-ad5ab9519525,342b62a4-b9a5-4f60-a698-e9eacf5900e4,0,107.5,0,0,0,Initial,VAL-RESET-20260430-5898,2026-04-30 18:59:59.999+00,"{""reason"": ""Manual Valuation Override""}"
d5cdb9d4-7fd6-4249-a33d-d44f3608b299,214c980f-de08-4c22-aa76-c6bab968483b,0,18.13,0,0,0,Initial,VAL-RESET-20260430-5898,2026-04-30 18:59:59.999+00,"{""reason"": ""Manual Valuation Override""}"
4c267e92-7d91-4df6-adbc-a1fd7e632d0d,a40b07a6-2948-489d-8dec-5e206ba38989,12.100000000000023,17,205.7000000000004,0,0,Initial,VAL-RESET-20260430-6043,2026-04-30 18:59:59.999+00,"{""reason"": ""Historical Valuation Reset"", ""invalidated_by"": ""VAL-RESET-20260430-5898""}"
1e9e674f-6854-4e1b-9e79-d42f7d5efcc0,769513cc-c70d-41c0-9bb6-99b480841b4f,0,20.1,0,0,0,Initial,VAL-RESET-20260430-5898,2026-04-30 18:59:59.999+00,"{""reason"": ""Manual Valuation Override""}"
3e08ca4d-252e-45fd-9f69-4db30c0e5cac,8b945707-4cb1-4e34-8d12-92da06120bd2,738,69.2179,51082.8102,0,0,Initial,VAL-RESET-20260430-6043,2026-04-30 18:59:59.999+00,"{""reason"": ""Historical Valuation Reset"", ""invalidated_by"": ""VAL-RESET-20260430-5898""}"
e645484e-f26e-4f9d-af56-62d46b88f2c6,29f97aa5-e538-4261-b69f-6b1a394015c9,11497,25,287425,0,0,Initial,VAL-RESET-20260430-6043,2026-04-30 18:59:59.999+00,"{""reason"": ""Historical Valuation Reset"", ""invalidated_by"": ""VAL-RESET-20260430-5898""}"
13d99ae0-4ec6-4d12-bfbd-5ad57829fc28,1066c1db-bbd7-4256-a751-f5cbf463f8a3,90,95.38,8584.199999999999,0,0,Initial,VAL-RESET-20260430-5898,2026-04-30 18:59:59.999+00,"{""reason"": ""Historical Valuation Reset"", ""invalidated_by"": ""VAL-RESET-20260430-2659""}"
79ad2cc3-223d-4372-a9f4-fb6040262d58,e646adf3-e04a-4919-8dd4-d53927f5584b,10,42.05562624185954,420.55626241859545,0,0,Initial,VAL-RESET-20260430-5898,2026-04-30 18:59:59.999+00,"{""reason"": ""Historical Valuation Reset"", ""invalidated_by"": ""VAL-RESET-20260430-2659""}"
3d7b10b9-16d1-4382-b5e0-e3df629eb160,937ec71e-d35e-4c0a-b48a-7e72d77e86c1,0.5,43.852041687218986,21.926020843609493,0,0,Initial,VAL-RESET-20260430-5898,2026-04-30 18:59:59.999+00,"{""reason"": ""Historical Valuation Reset"", ""invalidated_by"": ""VAL-RESET-20260430-2659""}"
a774a631-6c70-4862-bf87-66c4adf13b1c,a40b07a6-2948-489d-8dec-5e206ba38989,12.100000000000023,17,205.7000000000004,0,0,Initial,VAL-RESET-20260430-5898,2026-04-30 18:59:59.999+00,"{""reason"": ""Historical Valuation Reset"", ""invalidated_by"": ""VAL-RESET-20260430-2659""}"
91597dc8-bfb1-45e5-be16-cbfb3452b00b,29a0bdd8-7ec8-49aa-94e2-3abc24a5fe6d,33741,20.1,678194.1000000001,0,0,Initial,VAL-RESET-20260430-5898,2026-04-30 18:59:59.999+00,"{""reason"": ""Historical Valuation Reset"", ""invalidated_by"": ""VAL-RESET-20260430-2659""}"
081db21e-5058-4b9e-9ccc-8a195decf7a7,2725799f-a307-4777-8b00-84f03278ab57,22,24.377363532323745,536.3019977111223,0,0,Initial,VAL-RESET-20260430-5898,2026-04-30 18:59:59.999+00,"{""reason"": ""Historical Valuation Reset"", ""invalidated_by"": ""VAL-RESET-20260430-2659""}"
1698acef-bb81-452e-9f2a-c80171fabeab,5ada25b4-2b36-4680-8cb5-7b6818230550,0,24.13,0,0,0,Initial,VAL-RESET-20260430-5898,2026-04-30 18:59:59.999+00,"{""reason"": ""Manual Valuation Override""}"
dffff008-d198-4ba5-a6ee-63c3bd29796b,eed9f545-8ba6-4704-b22a-b49d8e0db874,0,0,0,0,0,Initial,VAL-RESET-20260430-5898,2026-04-30 18:59:59.999+00,"{""reason"": ""Manual Valuation Override""}"
3c940c61-aaff-4a0e-aef6-88afdf0a76b0,6e324c36-0f63-44fc-96d4-171f158706cb,0,69.1765,0,0,0,Initial,VAL-RESET-20260430-5898,2026-04-30 18:59:59.999+00,"{""reason"": ""Manual Valuation Override""}"
93c8894e-b5ac-44c7-8988-fd1ab4c1999f,98506d04-47db-4d74-847b-cf3122bc85ad,150,91.99434410737256,13799.151616105883,0,0,Initial,VAL-RESET-20260430-6043,2026-04-30 18:59:59.999+00,"{""reason"": ""Historical Valuation Reset"", ""invalidated_by"": ""VAL-RESET-20260430-5898""}"
862ce567-740e-490b-b1c3-0433fea5f0c3,2940757a-5bfb-4470-88bb-7346e6738f71,5135,12.89,66190.15000000001,0,0,Initial,VAL-RESET-20260430-5898,2026-04-30 18:59:59.999+00,"{""reason"": ""Historical Valuation Reset"", ""invalidated_by"": ""VAL-RESET-20260430-2659""}"
7431b93c-b473-468d-94f7-567ff97a5485,9e331ef8-d768-4b45-8434-ed8adde48deb,315,22,6930,0,0,Initial,VAL-RESET-20260430-5898,2026-04-30 18:59:59.999+00,"{""reason"": ""Historical Valuation Reset"", ""invalidated_by"": ""VAL-RESET-20260430-2659""}"
90e78b83-b53e-415b-9113-91f62631a71e,e560c8fd-332b-48cb-b7de-125a590bcb0c,119200,105,12516000,0,0,Initial,VAL-RESET-20260430-5898,2026-04-30 18:59:59.999+00,"{""reason"": ""Historical Valuation Reset"", ""invalidated_by"": ""VAL-RESET-20260430-2659""}"
735a7cd1-3ce1-452b-875f-f6806eab90f6,31960d22-7e96-457a-b977-2f6cca95735b,0,0.01,0,0,0,Initial,VAL-RESET-20260430-5898,2026-04-30 18:59:59.999+00,"{""reason"": ""Manual Valuation Override""}"
6c21dc3e-19f5-4ac7-b6ea-c4640255a6fa,bc73ce5a-ee82-4283-99f6-46fdeaaca7d1,0,0,0,0,0,Initial,VAL-RESET-20260430-5898,2026-04-30 18:59:59.999+00,"{""reason"": ""Manual Valuation Override""}"
31a36f82-f851-42e2-95c8-826296b993ee,d9964e90-72ce-482b-8a17-7651628e223e,0,75,0,0,0,Initial,VAL-RESET-20260430-5898,2026-04-30 18:59:59.999+00,"{""reason"": ""Manual Valuation Override""}"
2d10919e-8d43-4340-b2be-312c927cbf23,0825ad1f-baf7-4c6c-b9a8-df86095dac5c,31013,12.89,399757.57,0,0,Initial,VAL-RESET-20260430-5898,2026-04-30 18:59:59.999+00,"{""reason"": ""Historical Valuation Reset"", ""invalidated_by"": ""VAL-RESET-20260430-2659""}"
41bf3d88-41a3-499f-95f4-ee436ec5b9d0,8b945707-4cb1-4e34-8d12-92da06120bd2,738,69.2179,51082.8102,0,0,Initial,VAL-RESET-20260430-5898,2026-04-30 18:59:59.999+00,"{""reason"": ""Historical Valuation Reset"", ""invalidated_by"": ""VAL-RESET-20260430-2659""}"
cb47d89b-8db1-4c19-8c25-98f853a5bfce,18568477-1a69-413a-b5bd-94333c860750,16592,69.17647058823529,1147776,0,0,Initial,VAL-RESET-20260430-5898,2026-04-30 18:59:59.999+00,"{""reason"": ""Historical Valuation Reset"", ""invalidated_by"": ""VAL-RESET-20260430-2659""}"
6b1460b3-b3d0-45ff-a0ec-16b7dddc82cb,2c981082-c3ab-47b1-99c3-c34fe22ee02c,22480,112.7,2533496,0,0,Initial,VAL-RESET-20260430-5898,2026-04-30 18:59:59.999+00,"{""reason"": ""Historical Valuation Reset"", ""invalidated_by"": ""VAL-RESET-20260430-2659""}"
61dbeda9-a6d4-4422-833a-4d63d5a238cd,d23536f3-0d86-4dcd-934e-9085566d4dc7,97019,90.625,8792346.875,0,0,Initial,VAL-RESET-20260430-5898,2026-04-30 18:59:59.999+00,"{""reason"": ""Historical Valuation Reset"", ""invalidated_by"": ""VAL-RESET-20260430-2659""}"
c1e13003-ad36-4484-8730-289d55a327e9,abd8f3c5-ce78-4d29-8e62-c55b54aded3a,0,0,0,0,0,Initial,VAL-RESET-20260430-5898,2026-04-30 18:59:59.999+00,"{""reason"": ""Manual Valuation Override""}"
67feb291-a535-459d-aa3d-33fb67cbeef6,396eef73-791a-465c-ae17-b78505b08d5f,0,104.125,0,0,0,Initial,VAL-RESET-20260430-5898,2026-04-30 18:59:59.999+00,"{""reason"": ""Manual Valuation Override""}"
91ea1d25-8a5d-415e-b839-3b93ead97216,102e3e45-c488-4973-91c5-f62f51764ceb,923,20,18460,0,0,Initial,VAL-RESET-20260430-5898,2026-04-30 18:59:59.999+00,"{""reason"": ""Historical Valuation Reset"", ""invalidated_by"": ""VAL-RESET-20260430-2659""}"
244fcb1a-7cef-4b24-bd84-97ca59c75809,2c08642b-74ca-4429-acfa-8cb3911b39b3,3560,22,78320,0,0,Initial,VAL-RESET-20260430-5898,2026-04-30 18:59:59.999+00,"{""reason"": ""Historical Valuation Reset"", ""invalidated_by"": ""VAL-RESET-20260430-2659""}"
4b202d89-0fb6-4cb5-af34-91227875eff4,c8ca813c-e4be-428e-aef8-503eeeb948b7,748,60,44880,0,0,Initial,VAL-RESET-20260430-5898,2026-04-30 18:59:59.999+00,"{""reason"": ""Historical Valuation Reset"", ""invalidated_by"": ""VAL-RESET-20260430-2659""}"
b5bce1ac-35aa-4f0a-b75d-9e68b66d1f20,6980162c-6553-41b7-8e80-4110c37c1ecc,0,0,0,0,0,Initial,VAL-RESET-20260430-5898,2026-04-30 18:59:59.999+00,"{""reason"": ""Manual Valuation Override""}"
5e4c11d5-6a93-428c-a94a-9c087cb94beb,e6b304c1-06aa-4346-988a-bc1dfd29a613,0,112.7,0,0,0,Initial,VAL-RESET-20260430-5898,2026-04-30 18:59:59.999+00,"{""reason"": ""Manual Valuation Override""}"
18039767-fa74-4b04-83d9-1f61011939c5,2c52647d-a84b-4dd5-b46b-02e3c9c4666c,0,0,0,0,0,Initial,VAL-RESET-20260430-5898,2026-04-30 18:59:59.999+00,"{""reason"": ""Manual Valuation Override""}"
714ed79d-6277-45f3-827c-f8dce4ca88e8,c96b657d-0bd6-4386-b94c-339c33714e3b,187,17.9,3347.2999999999997,0,0,Initial,VAL-RESET-20260430-5898,2026-04-30 18:59:59.999+00,"{""reason"": ""Historical Valuation Reset"", ""invalidated_by"": ""VAL-RESET-20260430-2659""}"
6f3ce1c0-c1b0-45d0-9e91-509cfd94303f,36fc17de-cda5-4433-9ab6-525db53d1776,833,22,18326,0,0,Initial,VAL-RESET-20260430-5898,2026-04-30 18:59:59.999+00,"{""reason"": ""Historical Valuation Reset"", ""invalidated_by"": ""VAL-RESET-20260430-2659""}"
0bcbd99e-9b72-45ab-8c54-793287741ce8,65415ac9-fc97-471a-b17f-1340c7b1b55a,1328.425,69.2179,91950.7888075,0,0,Initial,VAL-RESET-20260430-5898,2026-04-30 18:59:59.999+00,"{""reason"": ""Historical Valuation Reset"", ""invalidated_by"": ""VAL-RESET-20260430-2659""}"
ca3c450a-7ce2-403b-86f8-5bbdb9a6af1b,7228dd62-c775-4f2b-bc08-dda954f29958,10,105,1050,0,0,Initial,VAL-RESET-20260430-5898,2026-04-30 18:59:59.999+00,"{""reason"": ""Historical Valuation Reset"", ""invalidated_by"": ""VAL-RESET-20260430-2659""}"
220a6dd4-c68a-425f-9acc-c83dd8e3c499,71747c3d-230b-4f6c-a3a5-80ca29120b16,100,4,400,0,0,Initial,VAL-RESET-20260430-5898,2026-04-30 18:59:59.999+00,"{""reason"": ""Historical Valuation Reset"", ""invalidated_by"": ""VAL-RESET-20260430-2659""}"
13bdcce0-3f00-42a8-a5d7-b0058b640029,6e635acf-ca3f-406a-9177-bdaa6406317e,0,112.7,0,0,0,Initial,VAL-RESET-20260430-5898,2026-04-30 18:59:59.999+00,"{""reason"": ""Manual Valuation Override""}"
bae75f3a-d78d-484a-8776-dd8d47f2b67c,085c173e-052c-4022-8a90-be5c0ba7b627,0,78.88704005207522,0,0,0,Initial,VAL-RESET-20260430-5898,2026-04-30 18:59:59.999+00,"{""reason"": ""Manual Valuation Override""}"
03f089ec-4b12-4be1-b030-ca4c067b86ec,5dc03d6b-a9fc-4d75-976b-db7afb556301,2388,12.89,30781.32,0,0,Initial,VAL-RESET-20260430-5898,2026-04-30 18:59:59.999+00,"{""reason"": ""Historical Valuation Reset"", ""invalidated_by"": ""VAL-RESET-20260430-2659""}"
b892054f-a241-4bba-ad06-e07a6729d480,da5c9701-b165-4fcf-85ac-7d8abfba8e6b,6186,92.94306041555204,574945.7717306049,0,0,Initial,VAL-RESET-20260430-5898,2026-04-30 18:59:59.999+00,"{""reason"": ""Historical Valuation Reset"", ""invalidated_by"": ""VAL-RESET-20260430-2659""}"
6f3cd070-451d-426e-a165-0008cafc2a15,29f97aa5-e538-4261-b69f-6b1a394015c9,11497,25,287425,0,0,Initial,VAL-RESET-20260430-5898,2026-04-30 18:59:59.999+00,"{""reason"": ""Historical Valuation Reset"", ""invalidated_by"": ""VAL-RESET-20260430-2659""}"
a8ee7d06-4b7c-4a1d-a36c-2ce94813db89,8851e237-ca39-487c-a35f-e28fe711d32c,33000,105,3465000,0,0,Initial,VAL-RESET-20260430-5898,2026-04-30 18:59:59.999+00,"{""reason"": ""Historical Valuation Reset"", ""invalidated_by"": ""VAL-RESET-20260430-2659""}"
2d84927f-13fd-4785-9fc0-9bb2c36de4b0,da5c9701-b165-4fcf-85ac-7d8abfba8e6b,6186,92.94306041555204,574945.7717306049,0,0,Initial,VAL-RESET-20260430-6043,2026-04-30 18:59:59.999+00,"{""reason"": ""Historical Valuation Reset"", ""invalidated_by"": ""VAL-RESET-20260430-5898""}"
09e8c9a1-c150-4cf2-9191-13ae9cae26f0,10f96fbf-6d9a-4dde-87da-c04faf2ae3f1,0,500,0,0,0,Initial,VAL-RESET-20260430-5898,2026-04-30 18:59:59.999+00,"{""reason"": ""Manual Valuation Override""}"
3f9b5cbd-2036-43dc-8043-24a04648a3f8,4c46ce95-42bf-4f3d-beb8-123623d0fa76,0,112.7,0,0,0,Initial,VAL-RESET-20260430-5898,2026-04-30 18:59:59.999+00,"{""reason"": ""Manual Valuation Override""}"
fdc0b041-3d9c-45c3-8742-e4de1bac9507,aa74113c-9bfa-4286-875a-82d02a6e0f47,0,71.86427591288245,0,0,0,Initial,VAL-RESET-20260430-2659,2026-04-30 18:59:59.999+00,"{""reason"": ""Manual Valuation Override""}"
7b73ed02-ded0-4f4d-a45f-e4814071f427,1066c1db-bbd7-4256-a751-f5cbf463f8a3,0,92.94306041555204,0,0,0,Initial,VAL-RESET-20260430-2659,2026-04-30 18:59:59.999+00,"{""reason"": ""Manual Valuation Override""}"
7f1ec761-0c48-42fd-82ff-95ffe362e53f,d8a16b7d-84b2-4a78-8333-a02a4389a141,0,77.28152445699166,0,0,0,Initial,VAL-RESET-20260430-2659,2026-04-30 18:59:59.999+00,"{""reason"": ""Manual Valuation Override""}"
8b5ece0b-0063-4abb-a968-7efc46cfd13e,25a20076-8468-420b-97f9-75c1f6275242,0,92.49131590180504,0,0,0,Initial,VAL-RESET-20260430-2659,2026-04-30 18:59:59.999+00,"{""reason"": ""Manual Valuation Override""}"
14a7e635-4846-44da-a1d7-c2629caa698f,c9697fe6-8ed3-4f78-afea-d12b5f645e53,0,95.38,0,0,0,Initial,VAL-RESET-20260430-2659,2026-04-30 18:59:59.999+00,"{""reason"": ""Manual Valuation Override""}"
b30f58b5-7b8c-4bd8-b9d8-2d0088fa7f48,a6707819-7f9c-4968-ad8e-badfec24bef2,-140,42.05562624185954,-5887.787673860336,0,0,Initial,VAL-RESET-20260430-2659,2026-04-30 18:59:59.999+00,"{""reason"": ""Manual Valuation Override""}"
1ddea82c-beb0-4e92-b3e3-b509042051e6,ff990ef7-9a5b-40bc-8f41-13d8ed0936cf,0,89.5,0,0,0,Initial,VAL-RESET-20260430-2659,2026-04-30 18:59:59.999+00,"{""reason"": ""Manual Valuation Override""}"
f6062800-f94e-412d-8949-34e1da3e0778,412aa341-e0a4-46bd-a236-57ae4776e21c,0,91.7865737665065,0,0,0,Initial,VAL-RESET-20260430-2659,2026-04-30 18:59:59.999+00,"{""reason"": ""Manual Valuation Override""}"
f486f788-8fd4-4c52-bdd5-e31c0bdc1fc7,14e494c5-f77b-44a0-904e-6030187b2a45,0,91.7865737665065,0,0,0,Initial,VAL-RESET-20260430-2659,2026-04-30 18:59:59.999+00,"{""reason"": ""Manual Valuation Override""}"
2996742e-340c-4ed2-ba7d-3d38d29dd7b5,b5073451-3d7d-4bce-be2e-417dbe7209a4,0,89.5,0,0,0,Initial,VAL-RESET-20260430-2659,2026-04-30 18:59:59.999+00,"{""reason"": ""Manual Valuation Override""}"
2bd43944-4480-474d-a53c-2d73913884fc,817c8b6f-3c49-47f5-998a-ff15033f6b86,0,89.5,0,0,0,Initial,VAL-RESET-20260430-2659,2026-04-30 18:59:59.999+00,"{""reason"": ""Manual Valuation Override""}"
20ba1dd8-b8f8-4efa-9a0d-ea2402119248,2388c76f-35a7-4076-b2a3-a75ac541692c,0,89.5,0,0,0,Initial,VAL-RESET-20260430-2659,2026-04-30 18:59:59.999+00,"{""reason"": ""Manual Valuation Override""}"
b522d07c-b883-4ba6-910d-7cd7cb457def,ec766a71-38c2-45fb-a64f-7589897d89ae,0,89.5,0,0,0,Initial,VAL-RESET-20260430-2659,2026-04-30 18:59:59.999+00,"{""reason"": ""Manual Valuation Override""}"
75ca1fb5-3a06-433e-b060-7ad7f19ead26,a2ecdf21-8089-4d7d-9497-4addbc48b90c,0,91.7865737665065,0,0,0,Initial,VAL-RESET-20260430-2659,2026-04-30 18:59:59.999+00,"{""reason"": ""Manual Valuation Override""}"
5a09a502-64c6-4ea3-a006-98c0bb2ddf8e,3fbbd2fb-4cd6-40e6-8856-26ef2c823bc5,0,92.94306041555204,0,0,0,Initial,VAL-RESET-20260430-2659,2026-04-30 18:59:59.999+00,"{""reason"": ""Manual Valuation Override""}"
4760f87f-a824-4195-87c1-a4f89b0bfe45,5ffd5921-5ad2-4d30-b598-4337f1a39464,0,91.7865737665065,0,0,0,Initial,VAL-RESET-20260430-2659,2026-04-30 18:59:59.999+00,"{""reason"": ""Manual Valuation Override""}"
c9df6f6a-cc88-44fc-afbb-81d2885a3bd0,93765798-ca54-496a-94c6-bb4f273bfe27,0,88.01913360401284,0,0,0,Initial,VAL-RESET-20260430-2659,2026-04-30 18:59:59.999+00,"{""reason"": ""Manual Valuation Override""}"
23b32d84-363f-4e0e-abb1-625601629a1a,a48054e2-5d92-4162-8afa-6a9565b697ea,0,107.5,0,0,0,Initial,VAL-RESET-20260430-2659,2026-04-30 18:59:59.999+00,"{""reason"": ""Manual Valuation Override""}"
5267f917-96d6-4a6c-ad97-5fbee921d7ab,dcb00b2e-ea89-4e17-b1bb-67e576da4e6d,0,91.27637784598132,0,0,0,Initial,VAL-RESET-20260430-2659,2026-04-30 18:59:59.999+00,"{""reason"": ""Manual Valuation Override""}"
e09ed3dd-0210-4178-9f53-d39917fe7138,23da208c-c810-4bf1-89bd-4eb5a55cce5e,0,107.5,0,0,0,Initial,VAL-RESET-20260430-2659,2026-04-30 18:59:59.999+00,"{""reason"": ""Manual Valuation Override""}"
a82660a7-1f8c-4df7-9cec-397c89f03111,342b62a4-b9a5-4f60-a698-e9eacf5900e4,0,107.5,0,0,0,Initial,VAL-RESET-20260430-2659,2026-04-30 18:59:59.999+00,"{""reason"": ""Manual Valuation Override""}"
0c248f94-e10c-47e3-b741-4017c96491d4,214c980f-de08-4c22-aa76-c6bab968483b,0,18.13,0,0,0,Initial,VAL-RESET-20260430-2659,2026-04-30 18:59:59.999+00,"{""reason"": ""Manual Valuation Override""}"
0c5634b2-9cbe-4bf4-ba97-861ccfaa90d7,b2f8974f-ab3c-4880-a03d-6d3b29d26c57,4369,12.806,55949.414,0,0,Initial,VAL-RESET-20260430-5898,2026-04-30 18:59:59.999+00,"{""reason"": ""Historical Valuation Reset"", ""invalidated_by"": ""VAL-RESET-20260430-2659""}"
d59301ba-1c28-4fac-942c-30cf80231a8f,769513cc-c70d-41c0-9bb6-99b480841b4f,0,20.1,0,0,0,Initial,VAL-RESET-20260430-2659,2026-04-30 18:59:59.999+00,"{""reason"": ""Manual Valuation Override""}"
82373f41-9ac2-4bef-a4c1-ae756d1aab46,31960d22-7e96-457a-b977-2f6cca95735b,0,0.01,0,0,0,Initial,VAL-RESET-20260430-2659,2026-04-30 18:59:59.999+00,"{""reason"": ""Manual Valuation Override""}"
86ec85a0-049e-4798-8d8e-64faef8ff9f7,d383d741-fa61-4537-9ef9-7fb74115ded0,457,17,7769,0,0,Initial,VAL-RESET-20260430-5898,2026-04-30 18:59:59.999+00,"{""reason"": ""Historical Valuation Reset"", ""invalidated_by"": ""VAL-RESET-20260430-2659""}"
738ff9ba-a036-4b6e-b247-3ed5aad9e22a,5ada25b4-2b36-4680-8cb5-7b6818230550,0,24.13,0,0,0,Initial,VAL-RESET-20260430-2659,2026-04-30 18:59:59.999+00,"{""reason"": ""Manual Valuation Override""}"
7a56fbe3-1496-4342-be2c-d3e19ab9b907,98506d04-47db-4d74-847b-cf3122bc85ad,150,91.99434410737256,13799.151616105883,0,0,Initial,VAL-RESET-20260430-5898,2026-04-30 18:59:59.999+00,"{""reason"": ""Historical Valuation Reset"", ""invalidated_by"": ""VAL-RESET-20260430-2659""}"
f5877fad-43a6-4207-a8c1-cd8ad4ec9c90,e646adf3-e04a-4919-8dd4-d53927f5584b,10,42.05562624185954,420.55626241859545,0,0,Initial,VAL-RESET-20260430-2659,2026-04-30 18:59:59.999+00,"{""reason"": ""Historical Valuation Reset"", ""invalidated_by"": ""VAL-RESET-20260430-1217""}"
81dd091f-960f-4fa4-a0e3-fc0ebf15fff2,937ec71e-d35e-4c0a-b48a-7e72d77e86c1,0.5,95.38,47.69,0,0,Initial,VAL-RESET-20260430-2659,2026-04-30 18:59:59.999+00,"{""reason"": ""Historical Valuation Reset"", ""invalidated_by"": ""VAL-RESET-20260430-1217""}"
b43ff048-8265-4fa9-b885-1ba080d2432d,a40b07a6-2948-489d-8dec-5e206ba38989,12.1,17,205.7,0,0,Initial,VAL-RESET-20260430-2659,2026-04-30 18:59:59.999+00,"{""reason"": ""Historical Valuation Reset"", ""invalidated_by"": ""VAL-RESET-20260430-1217""}"
16a949c3-a6ba-46b4-87f7-ec4cc927d291,29a0bdd8-7ec8-49aa-94e2-3abc24a5fe6d,35295,20.1,709429.5,0,0,Initial,VAL-RESET-20260430-2659,2026-04-30 18:59:59.999+00,"{""reason"": ""Historical Valuation Reset"", ""invalidated_by"": ""VAL-RESET-20260430-1217""}"
140436b4-b581-40b1-a492-5d98aff6f976,2725799f-a307-4777-8b00-84f03278ab57,25,24.377363532323745,609.4340883080936,0,0,Initial,VAL-RESET-20260430-2659,2026-04-30 18:59:59.999+00,"{""reason"": ""Historical Valuation Reset"", ""invalidated_by"": ""VAL-RESET-20260430-1217""}"
8024163d-b0b4-42b4-a04a-7f618c54d00d,2940757a-5bfb-4470-88bb-7346e6738f71,5135,12.89,66190.15000000001,0,0,Initial,VAL-RESET-20260430-2659,2026-04-30 18:59:59.999+00,"{""reason"": ""Historical Valuation Reset"", ""invalidated_by"": ""VAL-RESET-20260430-1217""}"
77365a8e-1e02-4bd6-8b1b-97499a91e49c,102e3e45-c488-4973-91c5-f62f51764ceb,923,20,18460,0,0,Initial,VAL-RESET-20260430-2659,2026-04-30 18:59:59.999+00,"{""reason"": ""Historical Valuation Reset"", ""invalidated_by"": ""VAL-RESET-20260430-1217""}"
ef0c8e25-f24a-4f70-ac8e-a53cafabc1ce,c96b657d-0bd6-4386-b94c-339c33714e3b,187,17.9,3347.2999999999997,0,0,Initial,VAL-RESET-20260430-2659,2026-04-30 18:59:59.999+00,"{""reason"": ""Historical Valuation Reset"", ""invalidated_by"": ""VAL-RESET-20260430-1217""}"
ff6bd2b1-43f6-4dbd-bd1c-f66c5e89b44e,5dc03d6b-a9fc-4d75-976b-db7afb556301,2388,12.89,30781.32,0,0,Initial,VAL-RESET-20260430-2659,2026-04-30 18:59:59.999+00,"{""reason"": ""Historical Valuation Reset"", ""invalidated_by"": ""VAL-RESET-20260430-1217""}"
5bf29a16-7ef6-4f3c-9422-66b005389562,6980162c-6553-41b7-8e80-4110c37c1ecc,0,0,0,0,0,Initial,VAL-RESET-20260430-2659,2026-04-30 18:59:59.999+00,"{""reason"": ""Manual Valuation Override""}"
7d4d8344-4be9-4060-b355-f3bf529c2290,4c46ce95-42bf-4f3d-beb8-123623d0fa76,0,77.91788781882175,0,0,0,Initial,VAL-RESET-20260430-2659,2026-04-30 18:59:59.999+00,"{""reason"": ""Manual Valuation Override""}"
0a96d74d-f2a4-4406-a8d2-6bab2a72ffe2,71747c3d-230b-4f6c-a3a5-80ca29120b16,-630,4,-2520,0,0,Initial,VAL-RESET-20260430-2659,2026-04-30 18:59:59.999+00,"{""reason"": ""Manual Valuation Override""}"
b0c96c76-0733-40af-ab4f-59a3bdbd4249,0825ad1f-baf7-4c6c-b9a8-df86095dac5c,31013,12.89,399757.57,0,0,Initial,VAL-RESET-20260430-2659,2026-04-30 18:59:59.999+00,"{""reason"": ""Historical Valuation Reset"", ""invalidated_by"": ""VAL-RESET-20260430-1217""}"
aaf5c256-edc8-4ceb-9d35-6f311e7939e0,c8ca813c-e4be-428e-aef8-503eeeb948b7,1333,60,79980,0,0,Initial,VAL-RESET-20260430-2659,2026-04-30 18:59:59.999+00,"{""reason"": ""Historical Valuation Reset"", ""invalidated_by"": ""VAL-RESET-20260430-1217""}"
a3c8e83c-d26c-48bc-961a-bb1c433e1f0a,d23536f3-0d86-4dcd-934e-9085566d4dc7,65989.25,90.625,5980275.78125,0,0,Initial,VAL-RESET-20260430-2659,2026-04-30 18:59:59.999+00,"{""reason"": ""Historical Valuation Reset"", ""invalidated_by"": ""VAL-RESET-20260430-1217""}"
5597d679-5c57-4726-bf5c-27ac447a49ba,0532897a-fd36-45a5-9f0f-d042367920ec,-5240,2,-10480,0,0,Initial,VAL-RESET-20260430-2659,2026-04-30 18:59:59.999+00,"{""reason"": ""Manual Valuation Override""}"
9815be00-cf4a-4f82-bf87-f5e61cffd2f9,2c08642b-74ca-4429-acfa-8cb3911b39b3,3560,22,78320,0,0,Initial,VAL-RESET-20260430-2659,2026-04-30 18:59:59.999+00,"{""reason"": ""Historical Valuation Reset"", ""invalidated_by"": ""VAL-RESET-20260430-1217""}"
31b18a27-f91e-46ba-bd21-c8fb63eaa2da,65415ac9-fc97-471a-b17f-1340c7b1b55a,604.425,69.2179,41837.029207499996,0,0,Initial,VAL-RESET-20260430-2659,2026-04-30 18:59:59.999+00,"{""reason"": ""Historical Valuation Reset"", ""invalidated_by"": ""VAL-RESET-20260430-1217""}"
b9481b12-76f5-4bc6-9100-17381a11d933,29f97aa5-e538-4261-b69f-6b1a394015c9,8664,19,164616,0,0,Initial,VAL-RESET-20260430-2659,2026-04-30 18:59:59.999+00,"{""reason"": ""Historical Valuation Reset"", ""invalidated_by"": ""VAL-RESET-20260430-1217""}"
d7b7c048-abb6-41df-806b-bc4fea35edb9,2c981082-c3ab-47b1-99c3-c34fe22ee02c,13120,112,1469440,0,0,Initial,VAL-RESET-20260430-2659,2026-04-30 18:59:59.999+00,"{""reason"": ""Historical Valuation Reset"", ""invalidated_by"": ""VAL-RESET-20260430-1217""}"
2377e715-6432-4cbe-93d5-e1bf8a224c1e,10f96fbf-6d9a-4dde-87da-c04faf2ae3f1,0,500,0,0,0,Initial,VAL-RESET-20260430-2659,2026-04-30 18:59:59.999+00,"{""reason"": ""Manual Valuation Override""}"
179cdcd3-52bd-4dae-b459-e2089abb5944,6e324c36-0f63-44fc-96d4-171f158706cb,0,92.94306041555204,0,0,0,Initial,VAL-RESET-20260430-2659,2026-04-30 18:59:59.999+00,"{""reason"": ""Manual Valuation Override""}"
db064941-9e97-4f60-a027-ec4c0c5ff2eb,0532897a-fd36-45a5-9f0f-d042367920ec,350,2,700,0,0,Initial,VAL-RESET-20260430-5898,2026-04-30 18:59:59.999+00,"{""reason"": ""Historical Valuation Reset"", ""invalidated_by"": ""VAL-RESET-20260430-2659""}"
2bf037b8-6efb-41c1-bb10-c4451e2b38cc,d9964e90-72ce-482b-8a17-7651628e223e,-20,75,-1500,0,0,Initial,VAL-RESET-20260430-2659,2026-04-30 18:59:59.999+00,"{""reason"": ""Manual Valuation Override""}"
668c5d4e-92fa-4ead-b010-7c315623bc52,36fc17de-cda5-4433-9ab6-525db53d1776,890,22,19580,0,0,Initial,VAL-RESET-20260430-2659,2026-04-30 18:59:59.999+00,"{""reason"": ""Historical Valuation Reset"", ""invalidated_by"": ""VAL-RESET-20260430-1217""}"
31d6971d-cd5f-4547-8294-e3ff53fa38a6,7228dd62-c775-4f2b-bc08-dda954f29958,10,105.35,1053.5,0,0,Initial,VAL-RESET-20260430-2659,2026-04-30 18:59:59.999+00,"{""reason"": ""Historical Valuation Reset"", ""invalidated_by"": ""VAL-RESET-20260430-1217""}"
a5eafe63-aec6-4000-aa14-942bde383642,eed9f545-8ba6-4704-b22a-b49d8e0db874,0,0,0,0,0,Initial,VAL-RESET-20260430-2659,2026-04-30 18:59:59.999+00,"{""reason"": ""Manual Valuation Override""}"
4eeb0111-b5f5-4b91-80e5-9896b95858b9,2c52647d-a84b-4dd5-b46b-02e3c9c4666c,0,0,0,0,0,Initial,VAL-RESET-20260430-2659,2026-04-30 18:59:59.999+00,"{""reason"": ""Manual Valuation Override""}"
5960ff19-f1db-4493-a871-d6d362c19c42,da5c9701-b165-4fcf-85ac-7d8abfba8e6b,6259,92.94306041555204,581730.6151409402,0,0,Initial,VAL-RESET-20260430-2659,2026-04-30 18:59:59.999+00,"{""reason"": ""Historical Valuation Reset"", ""invalidated_by"": ""VAL-RESET-20260430-1217""}"
1cf95332-f93b-4a93-861c-cf9d09e8a89d,18568477-1a69-413a-b5bd-94333c860750,476,93.32976192327457,44424.966675478696,0,0,Initial,VAL-RESET-20260430-2659,2026-04-30 18:59:59.999+00,"{""reason"": ""Historical Valuation Reset"", ""invalidated_by"": ""VAL-RESET-20260430-1217""}"
da31e83a-ff82-462a-8730-e8072addc38a,8851e237-ca39-487c-a35f-e28fe711d32c,40800,105.35,4298280,0,0,Initial,VAL-RESET-20260430-2659,2026-04-30 18:59:59.999+00,"{""reason"": ""Historical Valuation Reset"", ""invalidated_by"": ""VAL-RESET-20260430-1217""}"
312030fd-3290-4265-b725-c6636045caf2,bc73ce5a-ee82-4283-99f6-46fdeaaca7d1,0,0,0,0,0,Initial,VAL-RESET-20260430-2659,2026-04-30 18:59:59.999+00,"{""reason"": ""Manual Valuation Override""}"
b30915e6-d8ac-4549-88bb-97776da3a3f0,e6b304c1-06aa-4346-988a-bc1dfd29a613,0,112.7,0,0,0,Initial,VAL-RESET-20260430-2659,2026-04-30 18:59:59.999+00,"{""reason"": ""Manual Valuation Override""}"
b58f3772-bcd0-4459-89ab-b9de02bf6be1,085c173e-052c-4022-8a90-be5c0ba7b627,0,78.88704005207522,0,0,0,Initial,VAL-RESET-20260430-2659,2026-04-30 18:59:59.999+00,"{""reason"": ""Manual Valuation Override""}"
211b6261-657a-4257-91b6-2f448f2b184f,9e331ef8-d768-4b45-8434-ed8adde48deb,344,22,7568,0,0,Initial,VAL-RESET-20260430-2659,2026-04-30 18:59:59.999+00,"{""reason"": ""Historical Valuation Reset"", ""invalidated_by"": ""VAL-RESET-20260430-1217""}"
2c8268c0-8cd6-4246-b910-7fb04cbaf5b9,e560c8fd-332b-48cb-b7de-125a590bcb0c,122720,105.35,12928552,0,0,Initial,VAL-RESET-20260430-2659,2026-04-30 18:59:59.999+00,"{""reason"": ""Historical Valuation Reset"", ""invalidated_by"": ""VAL-RESET-20260430-1217""}"
f6acd08e-68e7-4b16-9f8d-dc5b28e42881,abd8f3c5-ce78-4d29-8e62-c55b54aded3a,0,0,0,0,0,Initial,VAL-RESET-20260430-2659,2026-04-30 18:59:59.999+00,"{""reason"": ""Manual Valuation Override""}"
99cec767-a07c-4d8b-8338-bfc35a968ea6,6e635acf-ca3f-406a-9177-bdaa6406317e,0,79.5280395676993,0,0,0,Initial,VAL-RESET-20260430-2659,2026-04-30 18:59:59.999+00,"{""reason"": ""Manual Valuation Override""}"
c9b84c04-b61b-42e2-bc87-d9f307045b59,396eef73-791a-465c-ae17-b78505b08d5f,0,92.49131590180504,0,0,0,Initial,VAL-RESET-20260430-2659,2026-04-30 18:59:59.999+00,"{""reason"": ""Manual Valuation Override""}"
348d8aa4-c4ed-445c-b85d-995acf9980dd,98506d04-47db-4d74-847b-cf3122bc85ad,0,91.99434410737256,0,0,0,Initial,VAL-RESET-20260430-2659,2026-04-30 18:59:59.999+00,"{""reason"": ""Manual Valuation Override""}"
d0d5f9cd-5329-4a0f-bc3e-de8c90588cbf,aa74113c-9bfa-4286-875a-82d02a6e0f47,0,71.86427591288245,0,0,0,Initial,VAL-RESET-20260430-1217,2026-04-30 18:59:59.999+00,"{""reason"": ""Manual Valuation Override""}"
916c7f8c-cb5b-42ec-86c0-19dfca67c883,1066c1db-bbd7-4256-a751-f5cbf463f8a3,0,92.94306041555204,0,0,0,Initial,VAL-RESET-20260430-1217,2026-04-30 18:59:59.999+00,"{""reason"": ""Manual Valuation Override""}"
0c694b78-30a5-47ff-af82-e5147af01fd2,c6b76b35-74b4-4b7d-aa4d-e473698b2f81,60,94.73,5683.8,0,0,Initial,VAL-RESET-20260430-2659,2026-04-30 18:59:59.999+00,"{""reason"": ""Historical Valuation Reset"", ""invalidated_by"": ""VAL-RESET-20260430-1217""}"
48b5022b-ab28-4947-bcdf-e9741abdc679,c6b76b35-74b4-4b7d-aa4d-e473698b2f81,60,94.73,5683.8,60,5683.8,Initial,VAL-RESET-20260430-1217,2026-04-30 18:59:59.999+00,"{""reason"": ""Manual Valuation Override""}"
22fbf1d2-7138-471d-962f-b6c01d5a29da,d8a16b7d-84b2-4a78-8333-a02a4389a141,0,77.28152445699166,0,0,0,Initial,VAL-RESET-20260430-1217,2026-04-30 18:59:59.999+00,"{""reason"": ""Manual Valuation Override""}"
c178c76d-0c73-4b17-95ae-700bf79b6b36,25a20076-8468-420b-97f9-75c1f6275242,0,92.49131590180504,0,0,0,Initial,VAL-RESET-20260430-1217,2026-04-30 18:59:59.999+00,"{""reason"": ""Manual Valuation Override""}"
bb42e245-2199-4133-bb1c-039dd2b11933,c9697fe6-8ed3-4f78-afea-d12b5f645e53,0,95.38,0,0,0,Initial,VAL-RESET-20260430-1217,2026-04-30 18:59:59.999+00,"{""reason"": ""Manual Valuation Override""}"
b8818208-db02-4b1b-a7f6-a9021fc945ee,e646adf3-e04a-4919-8dd4-d53927f5584b,10,42.05562624185954,420.55626241859545,10,420.55626241859545,Initial,VAL-RESET-20260430-1217,2026-04-30 18:59:59.999+00,"{""reason"": ""Manual Valuation Override""}"
701073cf-bc91-4377-b164-4bd43e9a8a3f,a6707819-7f9c-4968-ad8e-badfec24bef2,-140,42.05562624185954,-5887.787673860336,0,0,Initial,VAL-RESET-20260430-1217,2026-04-30 18:59:59.999+00,"{""reason"": ""Manual Valuation Override""}"
1c251c9c-e90f-42ec-a7f9-0e9d7976dd96,937ec71e-d35e-4c0a-b48a-7e72d77e86c1,0.5,95.38,47.69,0.5,47.69,Initial,VAL-RESET-20260430-1217,2026-04-30 18:59:59.999+00,"{""reason"": ""Manual Valuation Override""}"
f64e8efa-88e7-45b8-9616-615047edc2bd,ff990ef7-9a5b-40bc-8f41-13d8ed0936cf,0,89.5,0,0,0,Initial,VAL-RESET-20260430-1217,2026-04-30 18:59:59.999+00,"{""reason"": ""Manual Valuation Override""}"
206e6b08-4ce4-41ca-885b-e8101be83278,412aa341-e0a4-46bd-a236-57ae4776e21c,0,91.7865737665065,0,0,0,Initial,VAL-RESET-20260430-1217,2026-04-30 18:59:59.999+00,"{""reason"": ""Manual Valuation Override""}"
57d35f54-dd72-4407-8e0a-8807fba93acc,14e494c5-f77b-44a0-904e-6030187b2a45,0,91.7865737665065,0,0,0,Initial,VAL-RESET-20260430-1217,2026-04-30 18:59:59.999+00,"{""reason"": ""Manual Valuation Override""}"
a6065fc2-d8e9-4fff-a6f9-2d4a3729d308,b5073451-3d7d-4bce-be2e-417dbe7209a4,0,89.5,0,0,0,Initial,VAL-RESET-20260430-1217,2026-04-30 18:59:59.999+00,"{""reason"": ""Manual Valuation Override""}"
4e96d91e-7c61-40d2-a117-8ca3c626d47a,817c8b6f-3c49-47f5-998a-ff15033f6b86,0,89.5,0,0,0,Initial,VAL-RESET-20260430-1217,2026-04-30 18:59:59.999+00,"{""reason"": ""Manual Valuation Override""}"
404483f8-2def-4a78-8ec6-292eeba1273f,2388c76f-35a7-4076-b2a3-a75ac541692c,0,89.5,0,0,0,Initial,VAL-RESET-20260430-1217,2026-04-30 18:59:59.999+00,"{""reason"": ""Manual Valuation Override""}"
b5c1097e-8d49-4d8a-ac48-511322f6b1e9,ec766a71-38c2-45fb-a64f-7589897d89ae,0,89.5,0,0,0,Initial,VAL-RESET-20260430-1217,2026-04-30 18:59:59.999+00,"{""reason"": ""Manual Valuation Override""}"
5861fdcd-07b9-461c-8cb0-f1209f3105ab,a2ecdf21-8089-4d7d-9497-4addbc48b90c,0,91.7865737665065,0,0,0,Initial,VAL-RESET-20260430-1217,2026-04-30 18:59:59.999+00,"{""reason"": ""Manual Valuation Override""}"
38682ff6-92ce-47c4-b9cb-bdd2f4e05d6b,3fbbd2fb-4cd6-40e6-8856-26ef2c823bc5,0,92.94306041555204,0,0,0,Initial,VAL-RESET-20260430-1217,2026-04-30 18:59:59.999+00,"{""reason"": ""Manual Valuation Override""}"
364019e5-7720-4704-8f12-0e2046584d67,5ffd5921-5ad2-4d30-b598-4337f1a39464,0,91.7865737665065,0,0,0,Initial,VAL-RESET-20260430-1217,2026-04-30 18:59:59.999+00,"{""reason"": ""Manual Valuation Override""}"
20cc9a61-2e84-4d60-a5d4-ff6623492efe,93765798-ca54-496a-94c6-bb4f273bfe27,0,88.01913360401284,0,0,0,Initial,VAL-RESET-20260430-1217,2026-04-30 18:59:59.999+00,"{""reason"": ""Manual Valuation Override""}"
6dab76bf-1a39-4079-9147-dda8cf5a7295,a48054e2-5d92-4162-8afa-6a9565b697ea,0,107.5,0,0,0,Initial,VAL-RESET-20260430-1217,2026-04-30 18:59:59.999+00,"{""reason"": ""Manual Valuation Override""}"
cb7392ca-a02c-42a9-8ade-ccf811cf6ebd,dcb00b2e-ea89-4e17-b1bb-67e576da4e6d,0,91.27637784598132,0,0,0,Initial,VAL-RESET-20260430-1217,2026-04-30 18:59:59.999+00,"{""reason"": ""Manual Valuation Override""}"
eb1285dc-30c4-44a8-8e94-cffdb16fbcde,23da208c-c810-4bf1-89bd-4eb5a55cce5e,0,107.5,0,0,0,Initial,VAL-RESET-20260430-1217,2026-04-30 18:59:59.999+00,"{""reason"": ""Manual Valuation Override""}"
0df8bb16-d2ba-4680-9e58-2aa481e5c256,342b62a4-b9a5-4f60-a698-e9eacf5900e4,0,107.5,0,0,0,Initial,VAL-RESET-20260430-1217,2026-04-30 18:59:59.999+00,"{""reason"": ""Manual Valuation Override""}"
7cea02bb-9310-4112-bf11-959fc83f309c,214c980f-de08-4c22-aa76-c6bab968483b,0,18.13,0,0,0,Initial,VAL-RESET-20260430-1217,2026-04-30 18:59:59.999+00,"{""reason"": ""Manual Valuation Override""}"
b54fb4f5-407e-4696-bb6b-16ef10948544,a40b07a6-2948-489d-8dec-5e206ba38989,12.1,17,205.7,12.1,205.7,Initial,VAL-RESET-20260430-1217,2026-04-30 18:59:59.999+00,"{""reason"": ""Manual Valuation Override""}"
5bf7f62e-5c59-4458-b4b9-2055180943cf,29a0bdd8-7ec8-49aa-94e2-3abc24a5fe6d,35295,20.1,709429.5,35295,709429.5,Initial,VAL-RESET-20260430-1217,2026-04-30 18:59:59.999+00,"{""reason"": ""Manual Valuation Override""}"
de073a22-634e-4486-91b7-69959e508d8b,b2f8974f-ab3c-4880-a03d-6d3b29d26c57,4369,12.806,55949.414,0,0,Initial,VAL-RESET-20260430-2659,2026-04-30 18:59:59.999+00,"{""reason"": ""Historical Valuation Reset"", ""invalidated_by"": ""VAL-RESET-20260430-1217""}"
be5c3b9b-f03a-42e0-971c-6773997456c1,b2f8974f-ab3c-4880-a03d-6d3b29d26c57,4369,12.806,55949.414,4369,55949.414,Initial,VAL-RESET-20260430-1217,2026-04-30 18:59:59.999+00,"{""reason"": ""Manual Valuation Override""}"
9ded90be-f68f-40f5-80bd-aa90da0df56f,2725799f-a307-4777-8b00-84f03278ab57,25,24.377363532323745,609.4340883080936,25,609.4340883080936,Initial,VAL-RESET-20260430-1217,2026-04-30 18:59:59.999+00,"{""reason"": ""Manual Valuation Override""}"
612999af-99d1-44bf-bf35-a16a85de9959,769513cc-c70d-41c0-9bb6-99b480841b4f,0,20.1,0,0,0,Initial,VAL-RESET-20260430-1217,2026-04-30 18:59:59.999+00,"{""reason"": ""Manual Valuation Override""}"
782247bc-90c7-4e0c-8fd3-ce11b17c8817,2940757a-5bfb-4470-88bb-7346e6738f71,5135,12.89,66190.15000000001,5135,66190.15000000001,Initial,VAL-RESET-20260430-1217,2026-04-30 18:59:59.999+00,"{""reason"": ""Manual Valuation Override""}"
7e16a512-f684-4e8d-965f-4bb03dc1e7d2,31960d22-7e96-457a-b977-2f6cca95735b,0,0.01,0,0,0,Initial,VAL-RESET-20260430-1217,2026-04-30 18:59:59.999+00,"{""reason"": ""Manual Valuation Override""}"
6db769c1-e8aa-4c8c-a7c1-528cd6f9f595,102e3e45-c488-4973-91c5-f62f51764ceb,923,20,18460,923,18460,Initial,VAL-RESET-20260430-1217,2026-04-30 18:59:59.999+00,"{""reason"": ""Manual Valuation Override""}"
06833388-53d4-4012-9d1b-39ba8800749b,c96b657d-0bd6-4386-b94c-339c33714e3b,187,17.9,3347.2999999999997,187,3347.2999999999997,Initial,VAL-RESET-20260430-1217,2026-04-30 18:59:59.999+00,"{""reason"": ""Manual Valuation Override""}"
67612060-95c0-46b3-95de-59d70898e49e,5dc03d6b-a9fc-4d75-976b-db7afb556301,2388,12.89,30781.32,2388,30781.32,Initial,VAL-RESET-20260430-1217,2026-04-30 18:59:59.999+00,"{""reason"": ""Manual Valuation Override""}"
af01f133-d33b-4e45-8007-77301c6b91f7,d383d741-fa61-4537-9ef9-7fb74115ded0,457,17,7769,0,0,Initial,VAL-RESET-20260430-2659,2026-04-30 18:59:59.999+00,"{""reason"": ""Historical Valuation Reset"", ""invalidated_by"": ""VAL-RESET-20260430-1217""}"
c522a578-aa7f-4115-931c-1ef47f2bb72f,d383d741-fa61-4537-9ef9-7fb74115ded0,457,17,7769,457,7769,Initial,VAL-RESET-20260430-1217,2026-04-30 18:59:59.999+00,"{""reason"": ""Manual Valuation Override""}"
f3406dbb-7cee-4b9b-a6d1-bc0611edfc51,5ada25b4-2b36-4680-8cb5-7b6818230550,0,24.13,0,0,0,Initial,VAL-RESET-20260430-1217,2026-04-30 18:59:59.999+00,"{""reason"": ""Manual Valuation Override""}"
0270de85-b9fc-4a1c-b416-19f74d7def85,8b945707-4cb1-4e34-8d12-92da06120bd2,1059,69.2179,73301.7561,1059,73301.7561,Initial,VAL-RESET-20260430-1217,2026-04-30 18:59:59.999+00,"{""reason"": ""Manual Valuation Override""}"
2048bd47-b630-4ef3-924a-7bb2abfdf7ba,abd8f3c5-ce78-4d29-8e62-c55b54aded3a,0,0,0,0,0,Initial,VAL-RESET-20260430-1217,2026-04-30 18:59:59.999+00,"{""reason"": ""Manual Valuation Override""}"
885ef9fe-7097-408f-b07d-f9699a3464dd,6e635acf-ca3f-406a-9177-bdaa6406317e,0,79.5280395676993,0,0,0,Initial,VAL-RESET-20260430-1217,2026-04-30 18:59:59.999+00,"{""reason"": ""Manual Valuation Override""}"
fc144fda-7995-472a-846f-0848d7211dc9,396eef73-791a-465c-ae17-b78505b08d5f,0,92.49131590180504,0,0,0,Initial,VAL-RESET-20260430-1217,2026-04-30 18:59:59.999+00,"{""reason"": ""Manual Valuation Override""}"
319b27f1-9ea8-4bce-9cc7-4612a589f366,98506d04-47db-4d74-847b-cf3122bc85ad,0,91.99434410737256,0,0,0,Initial,VAL-RESET-20260430-1217,2026-04-30 18:59:59.999+00,"{""reason"": ""Manual Valuation Override""}"
f2516568-6140-4d9e-ac2e-1e34f8346cb1,0825ad1f-baf7-4c6c-b9a8-df86095dac5c,31013,12.89,399757.57,31013,399757.57,Initial,VAL-RESET-20260430-1217,2026-04-30 18:59:59.999+00,"{""reason"": ""Manual Valuation Override""}"
74e25d2b-e821-4b28-9b3f-d41a7992d99d,8b945707-4cb1-4e34-8d12-92da06120bd2,1059,69.2179,73301.7561,0,0,Initial,VAL-RESET-20260430-2659,2026-04-30 18:59:59.999+00,"{""reason"": ""Historical Valuation Reset"", ""invalidated_by"": ""VAL-RESET-20260430-1217""}"
cee1623d-e5da-4bff-97af-1e32d0c5224d,c8ca813c-e4be-428e-aef8-503eeeb948b7,1333,60,79980,1333,79980,Initial,VAL-RESET-20260430-1217,2026-04-30 18:59:59.999+00,"{""reason"": ""Manual Valuation Override""}"
125bd27c-d09c-4eb7-bf2a-50c357de2b0c,6980162c-6553-41b7-8e80-4110c37c1ecc,0,0,0,0,0,Initial,VAL-RESET-20260430-1217,2026-04-30 18:59:59.999+00,"{""reason"": ""Manual Valuation Override""}"
0507886e-3d9d-4aa5-8251-85bd12569639,4c46ce95-42bf-4f3d-beb8-123623d0fa76,0,77.91788781882175,0,0,0,Initial,VAL-RESET-20260430-1217,2026-04-30 18:59:59.999+00,"{""reason"": ""Manual Valuation Override""}"
0243d557-f6e9-4022-a5a4-db59687093b6,71747c3d-230b-4f6c-a3a5-80ca29120b16,-630,4,-2520,0,0,Initial,VAL-RESET-20260430-1217,2026-04-30 18:59:59.999+00,"{""reason"": ""Manual Valuation Override""}"
f602fea9-813e-49fe-85eb-f5b52f4f8e3a,d23536f3-0d86-4dcd-934e-9085566d4dc7,65989.25,90.625,5980275.78125,65989.25,5980275.78125,Initial,VAL-RESET-20260430-1217,2026-04-30 18:59:59.999+00,"{""reason"": ""Manual Valuation Override""}"
99f9348f-5cc0-4b62-874e-874e17857e3c,2c08642b-74ca-4429-acfa-8cb3911b39b3,3560,22,78320,3560,78320,Initial,VAL-RESET-20260430-1217,2026-04-30 18:59:59.999+00,"{""reason"": ""Manual Valuation Override""}"
18d79b29-eb22-4674-864c-7b991076af07,65415ac9-fc97-471a-b17f-1340c7b1b55a,604.425,69.2179,41837.029207499996,604.425,41837.029207499996,Initial,VAL-RESET-20260430-1217,2026-04-30 18:59:59.999+00,"{""reason"": ""Manual Valuation Override""}"
8363b295-8ab5-4e9b-b096-232f7d36c8c4,29f97aa5-e538-4261-b69f-6b1a394015c9,8664,19,164616,8664,164616,Initial,VAL-RESET-20260430-1217,2026-04-30 18:59:59.999+00,"{""reason"": ""Manual Valuation Override""}"
1a876990-e202-47bf-8170-81f9e0c44205,2c981082-c3ab-47b1-99c3-c34fe22ee02c,13120,112,1469440,13120,1469440,Initial,VAL-RESET-20260430-1217,2026-04-30 18:59:59.999+00,"{""reason"": ""Manual Valuation Override""}"
9ea7939f-4228-419b-ac31-404189fd6d18,0532897a-fd36-45a5-9f0f-d042367920ec,-5240,2,-10480,0,0,Initial,VAL-RESET-20260430-1217,2026-04-30 18:59:59.999+00,"{""reason"": ""Manual Valuation Override""}"
39d9a2f6-54ff-40e9-8887-2b869f6cdc14,36fc17de-cda5-4433-9ab6-525db53d1776,890,22,19580,890,19580,Initial,VAL-RESET-20260430-1217,2026-04-30 18:59:59.999+00,"{""reason"": ""Manual Valuation Override""}"
b542891b-f408-41ea-8d84-aa585b4f3f25,10f96fbf-6d9a-4dde-87da-c04faf2ae3f1,0,500,0,0,0,Initial,VAL-RESET-20260430-1217,2026-04-30 18:59:59.999+00,"{""reason"": ""Manual Valuation Override""}"
30661281-f87d-4004-8f24-8443f1f07809,6e324c36-0f63-44fc-96d4-171f158706cb,0,92.94306041555204,0,0,0,Initial,VAL-RESET-20260430-1217,2026-04-30 18:59:59.999+00,"{""reason"": ""Manual Valuation Override""}"
2d1efc55-6da1-4e07-a538-3628a3073bee,7228dd62-c775-4f2b-bc08-dda954f29958,10,105.35,1053.5,10,1053.5,Initial,VAL-RESET-20260430-1217,2026-04-30 18:59:59.999+00,"{""reason"": ""Manual Valuation Override""}"
888f9985-b864-4ef6-8381-0610c6a55550,d9964e90-72ce-482b-8a17-7651628e223e,-20,75,-1500,0,0,Initial,VAL-RESET-20260430-1217,2026-04-30 18:59:59.999+00,"{""reason"": ""Manual Valuation Override""}"
cf1e0ee9-2910-4157-9765-426b865c20aa,da5c9701-b165-4fcf-85ac-7d8abfba8e6b,6259,92.94306041555204,581730.6151409402,6259,581730.6151409402,Initial,VAL-RESET-20260430-1217,2026-04-30 18:59:59.999+00,"{""reason"": ""Manual Valuation Override""}"
27871acd-b3c7-45ce-8cab-3d96a38737ab,eed9f545-8ba6-4704-b22a-b49d8e0db874,0,0,0,0,0,Initial,VAL-RESET-20260430-1217,2026-04-30 18:59:59.999+00,"{""reason"": ""Manual Valuation Override""}"
b301fec6-1602-454d-b13c-27db39f6985a,18568477-1a69-413a-b5bd-94333c860750,476,93.32976192327457,44424.966675478696,476,44424.966675478696,Initial,VAL-RESET-20260430-1217,2026-04-30 18:59:59.999+00,"{""reason"": ""Manual Valuation Override""}"
4708c4e8-95dd-4e77-bc03-2576d8bb6f9a,2c52647d-a84b-4dd5-b46b-02e3c9c4666c,0,0,0,0,0,Initial,VAL-RESET-20260430-1217,2026-04-30 18:59:59.999+00,"{""reason"": ""Manual Valuation Override""}"
fb8aa08f-a194-4719-b0ce-e098a209e26b,8851e237-ca39-487c-a35f-e28fe711d32c,40800,105.35,4298280,40750,4293012.5000000000000000,Initial,VAL-RESET-20260430-1217,2026-04-30 18:59:59.999+00,"{""reason"": ""Manual Valuation Override""}"
d73ba6ee-f4f7-41fa-a1da-734ff26cb9e4,9e331ef8-d768-4b45-8434-ed8adde48deb,344,22,7568,344,7568,Initial,VAL-RESET-20260430-1217,2026-04-30 18:59:59.999+00,"{""reason"": ""Manual Valuation Override""}"
90b50e3b-1f2b-4c35-9f6f-e3a0660cf570,bc73ce5a-ee82-4283-99f6-46fdeaaca7d1,0,0,0,0,0,Initial,VAL-RESET-20260430-1217,2026-04-30 18:59:59.999+00,"{""reason"": ""Manual Valuation Override""}"
a2c39788-218f-49b4-abef-7cef0e961463,e6b304c1-06aa-4346-988a-bc1dfd29a613,0,112.7,0,0,0,Initial,VAL-RESET-20260430-1217,2026-04-30 18:59:59.999+00,"{""reason"": ""Manual Valuation Override""}"
0b74bd45-ab32-43e3-876a-7bffe599d074,e560c8fd-332b-48cb-b7de-125a590bcb0c,122720,105.35,12928552,122720,12928552,Initial,VAL-RESET-20260430-1217,2026-04-30 18:59:59.999+00,"{""reason"": ""Manual Valuation Override""}"
0797a690-9c63-4708-8989-60bb37462a3d,085c173e-052c-4022-8a90-be5c0ba7b627,0,78.88704005207522,0,0,0,Initial,VAL-RESET-20260430-1217,2026-04-30 18:59:59.999+00,"{""reason"": ""Manual Valuation Override""}"
c101d917-3a5e-4f75-af30-fdc7ffdeb266,8851e237-ca39-487c-a35f-e28fe711d32c,50,105.35,5267.5,50,5267.5,Adjustment,DELETED: INV-2026-05-00457 (was reversed),2026-05-12 10:57:46.506627+00,"{""note"": ""Parent document deleted after reversal"", ""deleted_at"": ""2026-05-12T10:58:24.000Z"", ""original_id"": ""addfbe81-4ba9-46c8-b1c1-9e5dfeb86189"", ""original_type"": ""invoice""}"
47581b35-4024-4acb-a09c-8cccf857c55d,4c46ce95-42bf-4f3d-beb8-123623d0fa76,500,77.91788781882175,38958.943909410875,0,0.0000000000000000,Adjustment,DELETED: INV-2026-05-00457 (was reversed),2026-05-12 10:57:44.628155+00,"{""note"": ""Parent document deleted after reversal"", ""deleted_at"": ""2026-05-12T10:58:24.000Z"", ""original_id"": ""addfbe81-4ba9-46c8-b1c1-9e5dfeb86189"", ""original_type"": ""invoice""}"
