id,product_variant_id,quantity,type,reference,reason,created_at,modified_at,modified_by,contract_id
98f36f83-577b-42da-803e-ae9b7d1b8f72,8851e237-ca39-487c-a35f-e28fe711d32c,-3500,Sale,INV-2026-03-00045||line:133b1dcc-f9f6-488f-b790-4cdae7ba8856||/sales/invoices/97f04cdd-f726-4643-81a0-a5b6371f0548,Premium Maida - 50,2026-03-03 19:00:00+00,2026-03-14 06:57:08.838837+00,,
ddc3ddd2-285f-49dc-8d02-1a162ddde965,8851e237-ca39-487c-a35f-e28fe711d32c,-100,Sale,INV-2026-03-00047||line:cadf2e94-dc16-4cc9-922b-af44adbc546b||/sales/invoices/d86dc2b3-9b42-4106-a21d-56234405a66a,Premium Maida - 50,2026-03-02 19:00:00+00,2026-03-14 06:57:08.838837+00,,
17a88b62-26cb-4731-ba02-f9024b1df4c5,396eef73-791a-465c-ae17-b78505b08d5f,-280,Conversion,CONV-1773474439099,Stock Conversion (Source),2026-03-14 07:47:19.613+00,2026-03-14 07:47:19.632552+00,,
fe1c8837-33fc-46f9-8f80-636db4fbd0f9,8851e237-ca39-487c-a35f-e28fe711d32c,-1500,Sale,INV-2026-03-00080||line:1b4058cb-e657-412b-b5a6-7c2f57d2058d||/sales/invoices/3eaf8f49-f43c-43db-a127-7efa16f903bd,Premium Maida - 50,2026-03-08 19:00:00+00,2026-03-14 06:57:08.838837+00,,
3e02f98c-e077-4536-bed3-b92fc0da829e,8851e237-ca39-487c-a35f-e28fe711d32c,-50,Sale,INV-2026-03-00102||line:04e60b77-a1ac-4483-9420-59a87e18e3d9||/sales/invoices/918e6dcd-66c1-4819-b37d-c24771b82f8b,Premium Maida - 50,2026-03-10 19:00:00+00,2026-03-14 06:57:08.838837+00,,
b34155e6-eb9d-4a24-91d3-55b03c0438e1,8851e237-ca39-487c-a35f-e28fe711d32c,-500,Sale,INV-2026-03-00107||line:324d1dcb-b564-464a-9ce3-1bffb91bb193||/sales/invoices/f92c668d-9036-4298-8353-3ca654e17439,Premium Maida - 50,2026-03-11 19:00:00+00,2026-03-14 06:57:08.838837+00,,
dfe61532-867a-4ec9-9e23-151adc2ea962,8851e237-ca39-487c-a35f-e28fe711d32c,-100,Sale,INV-2026-03-00109||line:c6e37c95-8762-45a5-bde2-7b52de26d617||/sales/invoices/502fa430-84d3-4305-9715-2e08b13a7d77,Premium Maida - 50,2026-03-11 19:00:00+00,2026-03-14 06:57:08.838837+00,,
6d84dc38-999f-4eaf-aa72-092a8c1203a3,a6707819-7f9c-4968-ad8e-badfec24bef2,-580,Sale,INV-2026-03-00111||/sales/invoices/3339bf54-eb51-45f8-b4cb-c0809c462291,Al-Qamar Atta(Green) - 20,2026-03-05 19:00:00+00,2026-03-14 10:10:47.378193+00,,
b8a30bc5-69f3-4f8d-89bd-92025f9060e6,d23536f3-0d86-4dcd-934e-9085566d4dc7,-7397,Production,MO-2026-03-00016||/production/9834ac7d-ae8a-4995-94e5-d206bace7dd3/edit||comp:621f7c6c-20f0-4e6c-b2f5-606738f144c4,Component Consumption,2026-03-16 06:33:10.69+00,2026-03-18 06:33:10.713452+00,,
67e9dae1-36f1-40b8-a215-186ddd06a8ac,e560c8fd-332b-48cb-b7de-125a590bcb0c,2400,Production,MO-2026-03-00016||/production/9834ac7d-ae8a-4995-94e5-d206bace7dd3/edit||fg:4b0fc63a-7ef1-4024-bc5b-39a5b20cab43,Finished Goods Production,2026-03-16 06:33:13.236+00,2026-03-18 06:33:13.267342+00,,
3d6c5fec-3003-4764-b0ed-81fd87a49252,5ffd5921-5ad2-4d30-b598-4337f1a39464,-5000,Sale,INV-2026-03-00135||/sales/invoices/f2e854af-20d9-4a2f-adf1-1f4a9905f4a8||line:bca26495-d8e8-46e8-94bf-3a1a57769ff7,Premium Atta - 20,2026-03-16 19:00:00+00,2026-03-18 12:52:08.824611+00,,
0936fa19-8517-4411-a391-03974c695a62,396eef73-791a-465c-ae17-b78505b08d5f,-700,Sale,INV-2026-03-00135||/sales/invoices/f2e854af-20d9-4a2f-adf1-1f4a9905f4a8||line:f9a15940-3181-46cb-982e-b07c8406a7d5,Premium Pizza Flour - 10,2026-03-16 19:00:00+00,2026-03-18 12:52:09.219258+00,,
12d37a0c-c125-4c2f-a56d-e56e4e843803,2c981082-c3ab-47b1-99c3-c34fe22ee02c,-1200,Sale,INV-2026-03-00153||/sales/invoices/33ed7974-5801-47ec-a5ce-df45694f04f2||line:6427b908-c29a-478d-ab58-b52596783574,Premium Fine - 80,2026-03-17 19:00:00+00,2026-03-25 12:46:51.963278+00,,
a57c389e-58b1-4cd7-b30f-c07dad10f14e,8851e237-ca39-487c-a35f-e28fe711d32c,-3500,Sale,INV-2026-03-00173||/sales/invoices/671214c0-d83f-471f-aa3a-43d3eae8f2b3||line:b749ff57-7415-4d4f-91da-b15969bfc1d7,Premium Maida - 50,2026-03-27 19:00:00+00,2026-03-30 08:05:54.395656+00,,
2cfbcfe4-8ebb-481d-b0d5-8d22e1c93b65,da5c9701-b165-4fcf-85ac-7d8abfba8e6b,500,Purchase,PO-2026-04-00026||/purchase/63ec264b-ed83-49a3-b36a-c15c2911348f/edit||line:51e487ce-f756-40ef-a4ce-1be56fdb779a,Bardana Premium Bran - 34,2026-03-06 18:59:59.999+00,2026-04-02 16:53:42.49815+00,,
1d4901b5-bf9d-4e36-90c7-0a340666438d,d23536f3-0d86-4dcd-934e-9085566d4dc7,49995,Purchase,PO-2026-03-00017||/purchase/6d2a2731-c594-4a70-a027-06aeb99268ae/edit,Wheat,2026-03-06 06:50:39.84+00,2026-03-07 06:50:39.961811+00,,
512aebae-4aff-406a-a4b2-9b49e5596f7e,8b945707-4cb1-4e34-8d12-92da06120bd2,-109,Production,MO-2026-04-00019||/production/e14982e6-d213-49f1-903f-cd5619432661/edit||comp:906405cd-9cdc-44d3-a8df-4978f3a355ef,Component Consumption,2026-04-01 18:59:59.999+00,2026-04-09 13:06:02.122957+00,,
7d709df8-b7b1-4043-b8e6-1fafe51b56ab,5dc03d6b-a9fc-4d75-976b-db7afb556301,2391,Opening Balance,,Migration,2026-02-27 19:00:00+00,2026-03-02 15:26:56.008642+00,,
f8a9a9e9-1c69-4ea4-a9df-e7dee61f1262,31960d22-7e96-457a-b977-2f6cca95735b,104,Opening Balance,,Migration,2026-02-27 19:00:00+00,2026-03-02 15:27:10.869061+00,,
c8e7554b-73fb-4afd-aa72-06c6ffcb0a50,9e331ef8-d768-4b45-8434-ed8adde48deb,369,Opening Balance,,Migration,2026-02-27 19:00:00+00,2026-03-02 15:27:50.645666+00,,
6c31d35e-799c-4905-b110-340a8f29942b,2c981082-c3ab-47b1-99c3-c34fe22ee02c,11840,Opening Balance,,Migration,2026-02-27 19:00:00+00,2026-03-02 15:27:59.969391+00,,
6d9831b1-04dc-4907-9bb8-7c9e44bece5d,8b945707-4cb1-4e34-8d12-92da06120bd2,-78,Production,MO-2026-04-00025||/production/b6680b99-a568-4ad7-a5e7-d03884a1d19f/edit||comp:e25ea70b-db0c-4e16-9f6b-692c4adcf58c,Component Consumption,2026-04-08 18:59:59.999+00,2026-04-10 11:27:58.426842+00,,
54dfad95-46d9-4a48-9a31-655e14eb992d,a2ecdf21-8089-4d7d-9497-4addbc48b90c,-20,Sale,INV-2026-04-00191||/sales/invoices/5fc10ff2-1c2b-4a9c-a9a0-96d6e0156821||line:ed840cf0-2861-409b-86e1-74be6bae849e,Premium Atta - 10,2026-03-31 19:00:00+00,2026-04-10 12:27:22.468311+00,,
0e70b8a0-3b17-4b67-bce6-8e16cd8a12e0,e560c8fd-332b-48cb-b7de-125a590bcb0c,-12800,Sale,INV-2026-04-00218||/sales/invoices/e9999d5c-c672-4340-84d2-1cd13fb1e1b5||line:3066fce5-7cac-492b-8be7-823b17fe5801,Premium Maida - 80,2026-04-03 19:00:00+00,2026-04-10 14:06:14.173623+00,,
1ddecf67-2177-4f9b-b4d2-26b2b9407c7a,65415ac9-fc97-471a-b17f-1340c7b1b55a,1135,Purchase,PO-2026-04-00037||/purchase/ec9e69a2-901f-4d33-8ce4-235089e0a852/edit||line:71e67c10-1080-4a15-bf54-7a3abad5780c,Bardana Premium Maida - 80,2026-04-09 18:59:59.999+00,2026-04-11 10:43:11.029868+00,,
823b6d10-8bd5-4f70-9e30-7dfca2a55f23,a6707819-7f9c-4968-ad8e-badfec24bef2,2460,Production,MO-2026-03-00010||/production/d736d1ac-3c20-4bb4-95e6-a51a11a07fee/edit,Finished Goods Production,2026-03-07 10:18:21.964+00,2026-03-10 10:18:21.975792+00,,
afd691d9-1a46-415d-9078-1af3ca152ece,937ec71e-d35e-4c0a-b48a-7e72d77e86c1,-2250,Sale,INV-2026-04-00255||/sales/invoices/52442a0a-18c8-4b87-97a4-abc86d33600f||line:242be044-84f2-434e-9f9d-95bf8b8b436e,Al-Qamar Atta(Silver) - 15,2026-04-06 19:00:00+00,2026-04-11 11:53:52.919545+00,,
de1e81e4-9f35-48e1-9ef3-d4ada3052b18,2c981082-c3ab-47b1-99c3-c34fe22ee02c,-400,Sale,INV-2026-04-00279||/sales/invoices/cdc34236-b2ea-4131-8252-b067200d6906||line:b74ccc9b-33ab-4663-a56f-45d980df5530,Premium Fine - 80,2026-04-09 19:00:00+00,2026-04-11 12:54:31.077322+00,,
b656d8e7-817e-48e2-a3f6-aabbf8289800,c96b657d-0bd6-4386-b94c-339c33714e3b,568,Adjustment,Manual Adjustment,Wrong opening,2026-03-10 10:56:21.723925+00,2026-03-10 10:56:21.723925+00,,
331dd8ef-f3bc-4ba0-8928-2a06a6cb27fc,937ec71e-d35e-4c0a-b48a-7e72d77e86c1,-1006,Sale,INV-2026-04-00301||/sales/invoices/e38bb0fa-7bbc-4d4d-8f8f-8992b9d07dc2||line:2aa9774d-6c7e-46cf-abdc-1b362bfc0ee2,Al-Qamar Atta(Silver) - 15,2026-04-12 19:00:00+00,2026-04-13 18:51:17.157706+00,,
8a28bc57-6447-4a71-afb2-bc0ef66b5135,8851e237-ca39-487c-a35f-e28fe711d32c,3400,Sale Return,SCN-2026-03-00022||line:1321787f-25bc-4758-b771-01d5de189366||/sales/credit-notes/f0d3ffef-3a8e-489d-800e-5bd5d9b54763,Customer Return,2026-03-03 19:00:00+00,2026-03-14 07:05:31.00679+00,,
b48ac996-5c2c-4270-8c25-d29564c38a46,937ec71e-d35e-4c0a-b48a-7e72d77e86c1,-3795,Sale,INV-2026-04-00313||/sales/invoices/fd3e0b0f-be8c-4876-9c91-c8a1beccc57b||line:30db036f-04fe-45a4-b20b-60a4ecb27088,Al-Qamar Atta(Silver) - 15,2026-04-13 19:00:00+00,2026-04-15 06:13:53.639185+00,,
162ab503-5e13-42d0-a6b0-979385972c4c,a6707819-7f9c-4968-ad8e-badfec24bef2,960,Sale Return,SCN-2026-04-00085||/sales/credit-notes/282768cc-4283-468f-8bb8-0b4e52cce09b||line:541e0e3e-33ef-4157-8c67-560d6a31e5d6,Customer Return: Returns,2026-04-11 18:59:59.999+00,2026-04-16 06:32:36.542868+00,,
128c6271-00dd-44f3-8190-505fe7ef9339,da5c9701-b165-4fcf-85ac-7d8abfba8e6b,-210,Production,MO-2026-04-00032||/production/b7872d59-0f90-4199-aa21-03be4c304bac/edit||comp:601b0e9e-6f19-4ef9-a95a-4e53738ac327,Component Consumption,2026-04-16 18:59:59.999+00,2026-04-17 07:41:53.641312+00,,
671eec03-f10c-4f2f-98ae-5fc8e5bb9dcf,a40b07a6-2948-489d-8dec-5e206ba38989,-28,Production,MO-2026-04-00032||/production/b7872d59-0f90-4199-aa21-03be4c304bac/edit||comp:2e0c5b42-446d-471a-b2e5-760c7db9a2ca,Component Consumption,2026-04-16 18:59:59.999+00,2026-04-17 07:41:54.695226+00,,
70b5438e-5237-456a-8ffd-80421d9aa749,1066c1db-bbd7-4256-a751-f5cbf463f8a3,-1500,Sale,INV-2026-04-00347||/sales/invoices/613a9540-28c6-440f-9132-f53babb8a79e||line:d6a05080-5865-455b-975d-85f652bd78ed,Al-Qamar Atta - 15,2026-04-16 19:00:00+00,2026-04-17 12:43:05.878688+00,,
9f8c85ee-ffab-42bc-99f1-eba3fb2b5902,1066c1db-bbd7-4256-a751-f5cbf463f8a3,-2790,Sale,INV-2026-04-00366||/sales/invoices/8f1d96fc-2a13-4607-bc25-c14cb3e5a609||line:3beb3e6e-6519-472a-b9a1-fab769bbe5ef,Al-Qamar Atta - 15,2026-04-20 19:00:00+00,2026-04-21 07:42:37.007005+00,,
c876179c-004f-43bd-b855-993f7401eef7,e560c8fd-332b-48cb-b7de-125a590bcb0c,1650,Conversion,CONV-1776949357796,Stock Conversion (Destination),2026-04-23 18:59:59.999+00,2026-04-23 13:02:40.75461+00,,
f6ea1cf2-e2f6-4e1a-ae3c-c41ce983fe35,396eef73-791a-465c-ae17-b78505b08d5f,5680,Opening Balance,,Migration,2026-02-27 19:00:00+00,2026-03-02 15:26:44.798747+00,,
bfa76759-d3ba-4a9d-aa83-6c9e12f59d74,a40b07a6-2948-489d-8dec-5e206ba38989,4698,Opening Balance,,Migration,2026-02-27 19:00:00+00,2026-03-02 15:27:01.477565+00,,
33558d86-bf1b-4433-af64-eed77683f215,5ffd5921-5ad2-4d30-b598-4337f1a39464,200,Opening Balance,,Migration,2026-02-27 19:00:00+00,2026-03-02 15:27:29.397997+00,,
1277fda2-ebf8-4b50-9dbb-e8aa3ea41986,0825ad1f-baf7-4c6c-b9a8-df86095dac5c,31074,Opening Balance,,Migration,2026-02-27 19:00:00+00,2026-03-02 15:27:39.411368+00,,
37a9f784-c299-42f7-a79d-d69df3f4d305,c8ca813c-e4be-428e-aef8-503eeeb948b7,3992,Opening Balance,,Migration,2026-02-27 19:00:00+00,2026-03-02 15:27:43.813563+00,,
44403a93-7d14-44f7-a50c-678b1f757e0c,8b945707-4cb1-4e34-8d12-92da06120bd2,612,Opening Balance,,Migration,2026-02-27 19:00:00+00,2026-03-02 15:28:03.914037+00,,
ffb8d65d-f560-483d-b612-192bfeb6f301,29f97aa5-e538-4261-b69f-6b1a394015c9,12964,Opening Balance,,Migration,2026-02-27 19:00:00+00,2026-03-02 15:28:14.08275+00,,
aad89c57-5ce5-4047-a812-42a86962325d,a6707819-7f9c-4968-ad8e-badfec24bef2,-120,Conversion,CONV-1773483801161,Stock Conversion (Source),2026-03-14 10:23:21.548+00,2026-03-14 10:23:21.572643+00,,
47ec6a6e-d532-42f5-8a87-6cead240d0a4,a6707819-7f9c-4968-ad8e-badfec24bef2,7140,Opening Balance,,Migration,2026-02-27 19:00:00+00,2026-03-06 10:19:56.594291+00,,
45abe872-d9b5-444f-bb0e-bdd4a7800821,29f97aa5-e538-4261-b69f-6b1a394015c9,1000,Purchase,PO-2026-03-00017||/purchase/6d2a2731-c594-4a70-a027-06aeb99268ae/edit,Wheat Bardana,2026-03-06 06:50:41.878+00,2026-03-07 06:50:42.012166+00,,
9595e7e1-a0c2-43c0-8fb3-532a957a21ac,65415ac9-fc97-471a-b17f-1340c7b1b55a,-3,Conversion,CONV-1773474439099,Packaging for 80,2026-03-14 07:47:19.856+00,2026-03-14 07:47:19.877629+00,,
91e2ead9-e67b-477f-8652-d115faf96101,2725799f-a307-4777-8b00-84f03278ab57,-6,Conversion,CONV-1773483801161,Packaging for 20,2026-03-14 10:23:21.958+00,2026-03-14 10:23:21.97353+00,,
1746a42f-406b-4aa0-9889-8ab43f3c0142,da5c9701-b165-4fcf-85ac-7d8abfba8e6b,-38,Production,MO-2026-03-00016||/production/9834ac7d-ae8a-4995-94e5-d206bace7dd3/edit||comp:45270d75-f579-4558-811f-6694867775e3,Component Consumption,2026-03-16 06:33:10.971+00,2026-03-18 06:33:10.996337+00,,
6d1cd6c0-098c-4768-9d6e-ce55f824159d,98506d04-47db-4d74-847b-cf3122bc85ad,100,Production,MO-2026-03-00010||/production/d736d1ac-3c20-4bb4-95e6-a51a11a07fee/edit,Finished Goods Production,2026-03-07 10:18:21.302+00,2026-03-10 10:18:21.31717+00,,
e8a99ac2-fa7a-45b6-ad90-e85e5390de17,8851e237-ca39-487c-a35f-e28fe711d32c,-1500,Sale,INV-2026-03-00136||/sales/invoices/005ddcec-bf8b-4118-b370-273654f9a001||line:9f008789-a900-408f-849f-8b178458c859,Premium Maida - 50,2026-03-16 19:00:00+00,2026-03-18 12:53:32.404981+00,,
13406341-3ec9-4df2-b24f-43249be80d10,d23536f3-0d86-4dcd-934e-9085566d4dc7,-18986,Production,MO-2026-03-00010||/production/d736d1ac-3c20-4bb4-95e6-a51a11a07fee/edit,Component Consumption,2026-03-07 10:38:09.227+00,2026-03-10 10:38:09.246958+00,,
ec28f1e6-8e25-4e2a-8527-937b5f4fdc74,2c981082-c3ab-47b1-99c3-c34fe22ee02c,-1600,Sale,INV-2026-03-00154||/sales/invoices/1a8a7fa5-bcbb-4c92-bb2e-0b90e8c90560||line:03e70a1c-578c-44a9-9040-cd375911d61d,Premium Fine - 80,2026-03-17 19:00:00+00,2026-03-25 12:48:12.066162+00,,
dd636a4e-95d9-4814-a7be-3c3e84969956,d23536f3-0d86-4dcd-934e-9085566d4dc7,18072,Purchase,PO-2026-03-00022||/purchase/8bc61654-307d-4073-9080-79448eedf98a/edit||line:2d0bb2e4-fe18-414a-900a-19ea946ae027,Wheat,2026-03-30 18:59:59.999+00,2026-03-30 15:07:54.792628+00,,
011c41a7-2527-4f85-a2a2-f6a176c13695,65415ac9-fc97-471a-b17f-1340c7b1b55a,-76,Production,MO-2026-03-00010||/production/d736d1ac-3c20-4bb4-95e6-a51a11a07fee/edit,Component Consumption,2026-03-07 10:38:09.496+00,2026-03-10 10:38:09.511248+00,,
ef674f0f-f516-4ebb-8c21-82213aa09440,b2f8974f-ab3c-4880-a03d-6d3b29d26c57,3000,Purchase,PO-2026-04-00027||/purchase/9527ff97-eae0-42c7-b497-b5c0d71d9415/edit||line:e984421a-a894-4f0d-b89d-01323b965556,Bardana Al-Qamar Atta(Green) - 10,2026-03-10 18:59:59.999+00,2026-04-02 16:57:22.956065+00,,
46954332-20e6-4cb1-bc41-f19a5aadc031,31960d22-7e96-457a-b977-2f6cca95735b,-104,Production,MO-2026-04-00019||/production/e14982e6-d213-49f1-903f-cd5619432661/edit||comp:40ec92bf-0b1a-41c9-b01e-26ff50942ba7,Component Consumption,2026-04-01 18:59:59.999+00,2026-04-09 13:06:02.33523+00,,
ad9c202c-3d89-4515-b39a-3528bd876a83,1066c1db-bbd7-4256-a751-f5cbf463f8a3,7410,Production,MO-2026-04-00019||/production/e14982e6-d213-49f1-903f-cd5619432661/edit||fg:9f269c70-dad6-4d1a-bd5d-c9c78d8a835e,Finished Goods Production,2026-04-01 18:59:59.999+00,2026-04-09 13:06:03.368048+00,,
1d0c2947-dfde-4d1a-9ff7-609b7ff819df,14e494c5-f77b-44a0-904e-6030187b2a45,40,Production,MO-2026-04-00019||/production/e14982e6-d213-49f1-903f-cd5619432661/edit||fg:9115a63c-7fe0-491f-b14a-1654685a8a25,Finished Goods Production,2026-04-01 18:59:59.999+00,2026-04-09 13:06:04.577829+00,,
a835eb8b-a5fd-4fb6-a5b2-8f28e3351508,18568477-1a69-413a-b5bd-94333c860750,11390,Production,MO-2026-04-00019||/production/e14982e6-d213-49f1-903f-cd5619432661/edit||fg:2a3d2ca3-8ee9-4fb5-bc13-21a5403dfbdd,Finished Goods Production,2026-04-01 18:59:59.999+00,2026-04-09 13:06:05.778126+00,,
2e48fe26-0bd2-432c-97f4-0cece1538a85,d383d741-fa61-4537-9ef9-7fb74115ded0,-308,Production,MO-2026-04-00025||/production/b6680b99-a568-4ad7-a5e7-d03884a1d19f/edit||comp:daa70166-2dab-47d4-9ac3-721b5512ae9e,Component Consumption,2026-04-08 18:59:59.999+00,2026-04-10 11:27:58.642458+00,,
4d7ada8b-20f4-47ea-854b-3552dd6e315d,18568477-1a69-413a-b5bd-94333c860750,5950,Production,MO-2026-04-00025||/production/b6680b99-a568-4ad7-a5e7-d03884a1d19f/edit||fg:f4d3ab1e-70e7-4346-a6d7-ca0cbd7f0d50,Finished Goods Production,2026-04-08 18:59:59.999+00,2026-04-10 11:27:59.716875+00,,
6c330b1e-a9a9-4116-bff5-822bc87e478a,3fbbd2fb-4cd6-40e6-8856-26ef2c823bc5,4620,Production,MO-2026-04-00025||/production/b6680b99-a568-4ad7-a5e7-d03884a1d19f/edit||fg:9522fd8c-b25e-44fb-aece-4c1b5e927838,Finished Goods Production,2026-04-08 18:59:59.999+00,2026-04-10 11:28:00.969445+00,,
d3f996e2-eb31-4a56-a409-fb9bb464ae32,1066c1db-bbd7-4256-a751-f5cbf463f8a3,-15,Sale,INV-2026-04-00192||/sales/invoices/a9b4880d-327b-4d4c-97c7-2d48f8bbc477||line:dca5a762-92bf-4efc-9da0-f94f547e5c55,Al-Qamar Atta - 15,2026-03-31 19:00:00+00,2026-04-10 12:28:41.171455+00,,
b8b5a629-e9b5-4671-af37-06df77a58824,e560c8fd-332b-48cb-b7de-125a590bcb0c,12800,Adjustment,DELETED: INV-2026-04-00200 (was reversed),Original invoice was deleted on 2026-04-10,2026-04-01 19:00:00+00,2026-04-10 14:08:37.349988+00,04249cb9-eebf-426b-a9a4-e42aa57d2ee7,
d72e1b18-0946-4096-a98b-2cf2e9925cfd,e646adf3-e04a-4919-8dd4-d53927f5584b,-3000,Sale,INV-2026-04-00231||/sales/invoices/1379935c-d6c6-4de6-945e-77e77f730a86||line:31994ed2-7723-4f52-9a11-07c1d004681a,Al-Qamar Atta(Green) - 10,2026-04-03 19:00:00+00,2026-04-11 10:45:53.305591+00,,
4a998e0c-3d03-40df-adc1-1399577a6b26,396eef73-791a-465c-ae17-b78505b08d5f,-2000,Sale,INV-2026-04-00231||/sales/invoices/1379935c-d6c6-4de6-945e-77e77f730a86||line:64abed7d-1693-493e-a363-b26c3ef3dfd4,Premium Pizza Flour - 10,2026-04-03 19:00:00+00,2026-04-11 10:45:53.639672+00,,
fed8364e-ed55-44b7-acdc-eb4c77daa71b,937ec71e-d35e-4c0a-b48a-7e72d77e86c1,-1800,Sale,INV-2026-04-00256||/sales/invoices/ad776584-7dc3-422f-b191-66ce360f9504||line:6d03ed93-fddf-412c-a549-78a412ccc104,Al-Qamar Atta(Silver) - 15,2026-04-06 19:00:00+00,2026-04-11 11:54:52.637037+00,,
f6c4f270-b047-498c-b0d8-8a890574db41,2c981082-c3ab-47b1-99c3-c34fe22ee02c,-3200,Sale,INV-2026-04-00280||/sales/invoices/c5037ab1-bd32-4685-a15e-6f179b3a914c||line:aebb6871-2d3b-477d-a06b-3174d1303b2e,Premium Fine - 80,2026-04-09 19:00:00+00,2026-04-11 12:55:25.651846+00,,
4f41c45a-48e0-4ee1-ac69-5c2612f0d661,d23536f3-0d86-4dcd-934e-9085566d4dc7,59474.25,Purchase,PO-2026-04-00038||/purchase/30242038-736c-4b58-895b-0f6a7317aecd/edit||line:2b7bb35e-a2a1-47fc-b5d8-dd170b06fc28,Wheat,2026-04-13 18:59:59.999+00,2026-04-14 05:28:17.852621+00,,
c01aeb25-e276-41e5-a7cc-833521c9ec72,d23536f3-0d86-4dcd-934e-9085566d4dc7,600.75,Purchase,PO-2026-04-00038||/purchase/30242038-736c-4b58-895b-0f6a7317aecd/edit||line:3802e434-a77f-4654-8fe3-a2ee41f713f6,Wheat - Kaat,2026-04-13 18:59:59.999+00,2026-04-14 05:28:18.658794+00,,
0a3f4913-d2d4-4dea-b56b-57d3265b0fb7,2c981082-c3ab-47b1-99c3-c34fe22ee02c,-800,Sale,INV-2026-04-00314||/sales/invoices/962e08cc-e36d-41ca-b4dd-11fa8b31efb7||line:5291b025-b03f-4558-9cc6-e31794b510fe,Premium Fine - 80,2026-04-13 19:00:00+00,2026-04-15 06:15:19.56234+00,,
c15759bd-8d95-4062-aa8e-5cf7afd49e54,2c981082-c3ab-47b1-99c3-c34fe22ee02c,480,Sale Return,SCN-2026-04-00085||/sales/credit-notes/282768cc-4283-468f-8bb8-0b4e52cce09b||line:ac81b405-eb7a-49dc-94f5-cebf1dd3c796,Customer Return: Returns,2026-04-11 18:59:59.999+00,2026-04-16 06:32:37.761946+00,,
ff0597b8-53a7-49c8-b87f-d27be4e09f1e,65415ac9-fc97-471a-b17f-1340c7b1b55a,-43,Production,MO-2026-04-00032||/production/b7872d59-0f90-4199-aa21-03be4c304bac/edit||comp:b7d9894e-8523-493c-bc14-4ac669f7f7b8,Component Consumption,2026-04-16 18:59:59.999+00,2026-04-17 07:41:53.871084+00,,
26c44f16-1c0d-4dfa-bd14-d56309ef0a3c,e560c8fd-332b-48cb-b7de-125a590bcb0c,-44800,Sale,INV-2026-04-00348||/sales/invoices/20abc01c-11cb-4ad1-bff3-360288e4645d||line:c03900ab-a1d7-43f1-8d61-47548afd6869,Premium Maida - 80,2026-04-16 19:00:00+00,2026-04-17 12:47:20.471359+00,,
405b4b47-5f27-47b2-9bd7-6a4a2308872b,2c981082-c3ab-47b1-99c3-c34fe22ee02c,-4800,Sale,INV-2026-04-00367||/sales/invoices/66381fca-4bb9-4b55-ad9e-1752f9a7e46a||line:4a996860-8522-4bbb-900f-8274f45fb711,Premium Fine - 80,2026-04-20 19:00:00+00,2026-04-21 07:45:20.223712+00,,
8256db62-e62a-42a7-b657-aba47b1b1e76,2940757a-5bfb-4470-88bb-7346e6738f71,5225,Opening Balance,,Migration,2026-02-27 19:00:00+00,2026-03-02 15:26:48.828136+00,,
f3854ba3-6f4e-46c6-aed6-e161d87d444d,e560c8fd-332b-48cb-b7de-125a590bcb0c,240,Conversion,CONV-1773474439099,Stock Conversion (Destination),2026-03-14 07:47:19.947+00,2026-03-14 07:47:19.964872+00,,
0d086c94-4574-43dc-8c9b-8487330643c7,102e3e45-c488-4973-91c5-f62f51764ceb,925,Opening Balance,,Migration,2026-02-27 19:00:00+00,2026-03-02 15:27:18.850402+00,,
2866d79d-7819-494f-b128-c1c4e51f4143,18568477-1a69-413a-b5bd-94333c860750,4046,Opening Balance,,Migration,2026-02-27 19:00:00+00,2026-03-02 15:27:32.741715+00,,
d82ff078-96a4-4071-ad08-cd691de063d5,98506d04-47db-4d74-847b-cf3122bc85ad,100,Opening Balance,,Migration,2026-02-27 19:00:00+00,2026-03-02 15:27:47.087691+00,,
dcf8cc4f-72f3-490f-a45a-38beb0eb180b,e560c8fd-332b-48cb-b7de-125a590bcb0c,71840,Opening Balance,,Migration,2026-02-27 19:00:00+00,2026-03-02 15:27:57.180856+00,,
4f95f5ce-d593-4beb-8d56-d6064454fed5,36fc17de-cda5-4433-9ab6-525db53d1776,1224,Opening Balance,,Migration,2026-02-27 19:00:00+00,2026-03-02 15:28:07.178892+00,,
fa253ba2-bc47-4a2f-8afd-3b44664064d0,5ffd5921-5ad2-4d30-b598-4337f1a39464,120,Conversion,CONV-1773483801161,Stock Conversion (Destination),2026-03-14 10:23:22.071+00,2026-03-14 10:23:22.087313+00,,
e0038d87-3ba3-461e-9ce5-8262e443787f,a6707819-7f9c-4968-ad8e-badfec24bef2,200,Conversion,CONV-1773483835004,Stock Conversion (Destination),2026-03-14 10:23:55.444+00,2026-03-14 10:23:55.451928+00,,
c65c19bb-59f5-4aae-9466-f3cd6307d802,e646adf3-e04a-4919-8dd4-d53927f5584b,1460,Opening Balance,,Migration,2026-02-27 19:00:00+00,2026-03-06 10:20:01.16915+00,,
926e3fbf-f6b5-461b-99f0-bd0938acddb4,65415ac9-fc97-471a-b17f-1340c7b1b55a,-30,Production,MO-2026-03-00016||/production/9834ac7d-ae8a-4995-94e5-d206bace7dd3/edit||comp:5b47fa9a-c9c5-48a6-9d34-e6fba14f6e8e,Component Consumption,2026-03-16 06:33:11.238+00,2026-03-18 06:33:11.266304+00,,
fff27988-8534-4f63-8a8f-6ba7c4507488,a6707819-7f9c-4968-ad8e-badfec24bef2,-2000,Sale,INV-2026-03-00137||/sales/invoices/b7a23919-c1eb-427c-9b10-1f7faf1a891f||line:dc301003-1d47-428c-9adc-4d4a991321ae,Al-Qamar Atta(Green) - 20,2026-03-16 19:00:00+00,2026-03-18 12:55:14.391499+00,,
d62fc93d-4956-42aa-8a4b-d2983ebe94ad,2c981082-c3ab-47b1-99c3-c34fe22ee02c,-3200,Sale,INV-2026-03-00137||/sales/invoices/b7a23919-c1eb-427c-9b10-1f7faf1a891f||line:d2d5b51a-31a2-4e02-9be0-e413a2a3e554,Premium Fine - 80,2026-03-16 19:00:00+00,2026-03-18 12:55:14.717036+00,,
8b822b67-6d54-4f18-a8a0-a771a8029241,2c981082-c3ab-47b1-99c3-c34fe22ee02c,-400,Sale,INV-2026-03-00155||/sales/invoices/65e1139d-1311-465d-af7d-7f22a4d9c3c5||line:6889b6e2-d0d6-41f8-8ea6-dda78ed273a5,Premium Fine - 80,2026-03-17 19:00:00+00,2026-03-25 12:49:13.684456+00,,
590340a7-733b-4884-8881-74d5dac9c4f5,29f97aa5-e538-4261-b69f-6b1a394015c9,181,Purchase,PO-2026-03-00022||/purchase/8bc61654-307d-4073-9080-79448eedf98a/edit||line:0943b95f-8e99-4e0f-a9b9-346f59342b19,Wheat Bardana,2026-03-30 18:59:59.999+00,2026-03-30 15:07:55.298784+00,,
1405ea8b-8cb3-47ef-9a84-104b23627c41,d23536f3-0d86-4dcd-934e-9085566d4dc7,34581,Purchase,PO-2026-04-00028||/purchase/4d66964a-b1f1-4d1a-bed4-53925570bffc/edit||line:c822bade-efd5-4fae-9a32-a5c94413140f,Wheat,2026-04-02 18:59:59.999+00,2026-04-03 04:48:57.433605+00,,
d028bc5d-f763-4c09-b98d-50470f2157e4,d23536f3-0d86-4dcd-934e-9085566d4dc7,-30392,Production,MO-2026-04-00021||/production/68e340b3-db0a-4942-857f-6106520d8813/edit||comp:b85f95c7-1b4f-4bf3-8afc-9e5f933d7905,Component Consumption,2026-04-03 18:59:59.999+00,2026-04-09 13:45:35.664614+00,,
7b2a4255-ea6c-4e5a-b4ee-f771d71726c4,8851e237-ca39-487c-a35f-e28fe711d32c,1250,Production,MO-2026-04-00021||/production/68e340b3-db0a-4942-857f-6106520d8813/edit||fg:a7ef511e-b411-45e1-a632-43dc04fe012c,Finished Goods Production,2026-04-03 18:59:59.999+00,2026-04-09 13:45:39.024531+00,,
f9e2661a-0d8f-4fac-a0c2-1c440e6445b6,2c08642b-74ca-4429-acfa-8cb3911b39b3,-60,Production,MO-2026-04-00025||/production/b6680b99-a568-4ad7-a5e7-d03884a1d19f/edit||comp:09770e8d-e22f-4f3f-b34b-267704241200,Component Consumption,2026-04-08 18:59:59.999+00,2026-04-10 11:27:58.846525+00,,
09988144-fe9d-488e-be2b-99cb4a217f26,d23536f3-0d86-4dcd-934e-9085566d4dc7,50000,Purchase,PO-2026-03-00018||/purchase/f503ac8f-6e7c-4e1f-9624-5e031f010ea3/edit,Wheat,2026-03-09 09:35:57.918+00,2026-03-10 09:35:57.937085+00,,
2b4cdcbc-ae5e-40f4-9b40-7a14cc5297be,1066c1db-bbd7-4256-a751-f5cbf463f8a3,-15,Sale,INV-2026-04-00193||/sales/invoices/2a886874-5fed-4b21-9e79-0c8cd35817ab||line:1dbdd749-ad92-4d4d-99b9-45ccaca403b3,Al-Qamar Atta - 15,2026-03-31 19:00:00+00,2026-04-10 12:29:27.931216+00,,
addc7f45-4bfd-4a40-b345-8df46c1f2e05,e560c8fd-332b-48cb-b7de-125a590bcb0c,-12800,Sale,INV-2026-04-00219||/sales/invoices/784e3c64-11ca-42d8-869e-c3856aabb029||line:36a0014a-5fd4-4d88-984d-f4817b203e53,Premium Maida - 80,2026-04-01 19:00:00+00,2026-04-10 14:09:40.804636+00,,
938d55ec-a014-47bf-952f-27ba8fda889a,1066c1db-bbd7-4256-a751-f5cbf463f8a3,-30,Sale,INV-2026-04-00232||/sales/invoices/64c0a376-2962-45a6-9b55-6d0217df32ea||line:8ef6023b-a081-4b6f-9dec-926c37395840,Al-Qamar Atta - 15,2026-04-05 19:00:00+00,2026-04-11 10:51:15.238485+00,,
b657ef62-247d-4074-b34b-d80a58bfa4be,937ec71e-d35e-4c0a-b48a-7e72d77e86c1,-15,Sale,INV-2026-04-00257||/sales/invoices/d41a6ac4-0844-4d0d-9ede-88a39570c481||line:77e9843b-323b-4797-94b6-f15a62a8105c,Al-Qamar Atta(Silver) - 15,2026-04-06 19:00:00+00,2026-04-11 11:56:53.245236+00,,
c017b00a-d1b7-47eb-9153-54670842e677,937ec71e-d35e-4c0a-b48a-7e72d77e86c1,-3600,Sale,INV-2026-04-00281||/sales/invoices/b8ca1d87-f240-41e2-8381-448c08a88c16||line:ef91261c-28c5-4469-87b4-812935b01f71,Al-Qamar Atta(Silver) - 15,2026-04-09 19:00:00+00,2026-04-11 12:56:23.616121+00,,
7cf51d40-e901-4ab0-86bc-a0cda81cc88d,29f97aa5-e538-4261-b69f-6b1a394015c9,1202,Purchase,PO-2026-04-00038||/purchase/30242038-736c-4b58-895b-0f6a7317aecd/edit||line:d8b65b2b-0139-4ba2-9ac1-8ac0b6a117d9,Wheat Bardana,2026-04-13 18:59:59.999+00,2026-04-14 05:28:18.304954+00,,
7481577f-b272-4e48-81cd-52e36f38fc14,a6707819-7f9c-4968-ad8e-badfec24bef2,-80,Sale,INV-2026-04-00315||/sales/invoices/27285ad1-78ca-4b7a-8213-18f36b069f24||line:b5b50b08-6003-4ab0-a353-4184d61e97fa,Al-Qamar Atta(Green) - 20,2026-04-13 19:00:00+00,2026-04-15 06:17:57.192136+00,,
4232dc89-ee44-4c66-b8f3-50f4f4075dc1,1066c1db-bbd7-4256-a751-f5cbf463f8a3,3795,Sale Return,SCN-2026-04-00086||/sales/credit-notes/64facab4-fe51-4df2-bef3-92e502bc9e62||line:501b47fe-fe70-4abe-aad7-56f048b23f5e,Customer Return: Returns,2026-04-14 18:59:59.999+00,2026-04-16 06:41:22.934265+00,,
9e9bf3b5-0b8b-478c-b571-d56f09cf6f8e,c8ca813c-e4be-428e-aef8-503eeeb948b7,-179,Production,MO-2026-04-00032||/production/b7872d59-0f90-4199-aa21-03be4c304bac/edit||comp:10ac0c83-fbaa-4b0a-ac94-28b5048465e0,Component Consumption,2026-04-16 18:59:59.999+00,2026-04-17 07:41:54.095832+00,,
9296e5c4-f8e4-41d5-97f5-8d42939a80de,e560c8fd-332b-48cb-b7de-125a590bcb0c,44800,Adjustment,DELETED: INV-2026-04-00348 (was reversed),Original invoice was deleted on 2026-04-17,2026-04-16 19:00:00+00,2026-04-17 12:48:16.881206+00,04249cb9-eebf-426b-a9a4-e42aa57d2ee7,
e753fe8b-cc5a-4bad-a05a-9f1f52fa2afd,d23536f3-0d86-4dcd-934e-9085566d4dc7,-24730,Production,MO-2026-04-00037||/production/7218ff5e-fdda-4405-b4b8-ca2b2d0cd5a4/edit||comp:2e33f817-a906-4a8e-8614-1d0782e8d6a3,Component Consumption,2026-04-22 18:59:59.999+00,2026-04-22 10:10:08.175007+00,,
dcf5661b-2b2b-45e7-b24a-ee39b4633b68,5dc03d6b-a9fc-4d75-976b-db7afb556301,-1,Production,MO-2026-04-00037||/production/7218ff5e-fdda-4405-b4b8-ca2b2d0cd5a4/edit||comp:ab2dd0bb-d0b5-4153-b299-350a20446e5e,Component Consumption,2026-04-22 18:59:59.999+00,2026-04-22 10:10:09.780725+00,,
d02791a7-aed2-4836-aa50-cf9dd52fa166,c6b76b35-74b4-4b7d-aa4d-e473698b2f81,-20,Conversion,CONV-1776949419018,Stock Conversion (Source),2026-04-23 18:59:59.999+00,2026-04-23 13:03:39.70398+00,,
c60d192f-dc5c-4825-9e08-8cfed3827fe3,d23536f3-0d86-4dcd-934e-9085566d4dc7,-339.9,Adjustment,Rev: PO-2026-04-00045||/purchase/7b769a1f-5d8a-48b5-83ac-9ec06bd6c880/edit||line:6cf09a25-7316-43be-a52e-8b7ce17ea8c4,PO Reset to Draft (Reception Cancelled),2026-04-24 17:19:53+00,2026-04-24 12:19:53.289975+00,,
eeda085a-b2bd-45ac-be5b-1473930e9e01,29a0bdd8-7ec8-49aa-94e2-3abc24a5fe6d,-2,Production,MO-2026-04-00039||/production/9f3329ea-a745-43be-9cce-e6188a3dbedf/edit||comp:ba85c62d-34ae-4ba8-88f9-c37f58b7d13a,Component Consumption,2026-04-24 18:59:59.999+00,2026-04-25 05:09:51.218384+00,,
bcbdef98-4507-4a05-b51e-2c23e348f653,3fbbd2fb-4cd6-40e6-8856-26ef2c823bc5,10080,Production,MO-2026-04-00040||/production/bad3ad9b-1547-4306-b788-4d36328c35b9/edit||fg:7c128c74-3249-4ac6-9cf3-001e578facd7,Finished Goods Production,2026-04-25 18:59:59.999+00,2026-04-25 10:46:50.332137+00,,
f0f037bd-08d3-4946-8b7c-54f6c21ac919,d23536f3-0d86-4dcd-934e-9085566d4dc7,-24994,Production,MO-2026-04-00042||/production/2fe021e0-e499-4425-b821-f3a3cdb49f3c/edit||comp:589df7c5-cbf1-4537-a0f9-1081546e3592,Component Consumption,2026-04-28 18:59:59.999+00,2026-04-28 12:16:58.83036+00,,
2f5195d0-3477-4f42-9dc3-9731cadf0d82,4c46ce95-42bf-4f3d-beb8-123623d0fa76,-50,Sale,INV-2026-04-00391||/sales/invoices/cfcdd083-2529-4b56-bac5-3dbe3ee59a89||line:65d15ab0-996e-4db8-a838-8e1a37075abb,Premium Fine - 50,2026-04-26 19:00:00+00,2026-04-29 15:31:09.027839+00,,
56779a0d-d2e6-4633-9321-308ec1282251,65415ac9-fc97-471a-b17f-1340c7b1b55a,2280,Adjustment,Manual Adjustment||#,Skipped by the inventory mangement team,2026-03-03 10:41:59.966366+00,2026-03-05 18:47:04.28259+00,,
a99b1f0f-5df8-4c5d-bf0c-337466ef744f,da5c9701-b165-4fcf-85ac-7d8abfba8e6b,23,Adjustment,Manual Adjustment||#,Used old torn packaging,2026-03-05 09:28:24.363541+00,2026-03-05 18:47:04.544632+00,,
9bdb59f7-0735-4d12-89e9-f8499030dd16,b2f8974f-ab3c-4880-a03d-6d3b29d26c57,5585,Opening Balance,,Migration,2026-02-27 19:00:00+00,2026-03-02 15:26:52.42095+00,,
ee9a3e5c-eab3-42bd-a2eb-e25fd476fe2a,d383d741-fa61-4537-9ef9-7fb74115ded0,2053,Opening Balance,,Migration,2026-02-27 19:00:00+00,2026-03-02 15:27:14.054621+00,,
888493e9-ddcb-46a6-b724-0b315b04c235,da5c9701-b165-4fcf-85ac-7d8abfba8e6b,360,Opening Balance,,Migration,2026-02-27 19:00:00+00,2026-03-02 15:27:36.65545+00,,
719829fb-2821-4973-8359-f3f84043ca16,2c08642b-74ca-4429-acfa-8cb3911b39b3,3901,Opening Balance,,Migration,2026-02-27 19:00:00+00,2026-03-02 15:27:53.329454+00,,
0640720b-fd53-44d0-b5b2-4bcc8b7371a3,5ffd5921-5ad2-4d30-b598-4337f1a39464,-200,Conversion,CONV-1773483835004,Stock Conversion (Source),2026-03-14 10:23:55.153+00,2026-03-14 10:23:55.162355+00,,
f7e1aa0e-f262-4569-b8dc-2b69fa155988,2725799f-a307-4777-8b00-84f03278ab57,-10,Conversion,CONV-1773483835004,Packaging for 20,2026-03-14 10:23:55.363+00,2026-03-14 10:23:55.371164+00,,
123fcf09-b7d9-4dc1-aa95-44e7d08be5ef,8b945707-4cb1-4e34-8d12-92da06120bd2,-16,Production,MO-2026-03-00016||/production/9834ac7d-ae8a-4995-94e5-d206bace7dd3/edit||comp:c917cd26-3a61-44a8-bb36-3f36f163e0a8,Component Consumption,2026-03-16 06:33:11.492+00,2026-03-18 06:33:11.511055+00,,
8160b124-d84c-4516-ba5e-1063cdf7b529,e646adf3-e04a-4919-8dd4-d53927f5584b,2000,Production,MO-2026-03-00016||/production/9834ac7d-ae8a-4995-94e5-d206bace7dd3/edit||fg:15766a0d-0fc6-43fd-ab8b-73c74b8a127f,Finished Goods Production,2026-03-16 06:33:14.341+00,2026-03-18 06:33:14.363571+00,,
0db86c00-516b-492a-ac3c-341fc2b55114,8851e237-ca39-487c-a35f-e28fe711d32c,-1350,Conversion,CONV-1773474504362,Stock Conversion (Source),2026-03-14 07:48:24.515+00,2026-03-14 07:48:24.535139+00,,
dd1516cf-8a1d-4d79-96bc-abc9bad3b4f0,a6707819-7f9c-4968-ad8e-badfec24bef2,-800,Sale,INV-2026-03-00138||/sales/invoices/a2a7d802-e67a-45d4-bb2e-8bd8f80df4b3||line:be098e64-6aab-428f-baa9-74165681cc02,Al-Qamar Atta(Green) - 20,2026-03-16 19:00:00+00,2026-03-18 12:56:25.61898+00,,
962bd9f2-9385-4bf8-b8b2-eb337b528ae3,2c981082-c3ab-47b1-99c3-c34fe22ee02c,-2400,Sale,INV-2026-03-00156||/sales/invoices/adcface4-15f5-4043-97a3-a1d1bd06ee22||line:9b8184a4-001f-4a18-acfd-b533b8a448c3,Premium Fine - 80,2026-03-17 19:00:00+00,2026-03-25 12:50:24.48993+00,,
bee81cf4-3af1-40ef-b7d5-c4e1c73a86f7,2c981082-c3ab-47b1-99c3-c34fe22ee02c,1040,Sale Return,SCN-2026-03-00067||/sales/credit-notes/1a96cd15-212f-412b-9930-64a770d221a0||line:b19fc133-f3f8-4cb6-a475-abbc68e06d73,Customer Return: Returns,2026-03-30 18:59:59.999+00,2026-03-30 16:28:32.184224+00,,
2d0e60e4-ff5e-4567-a59b-c00140202717,29f97aa5-e538-4261-b69f-6b1a394015c9,345,Purchase,PO-2026-04-00028||/purchase/4d66964a-b1f1-4d1a-bed4-53925570bffc/edit||line:61c7e1e1-827a-43e1-aff3-298d1d18f585,Wheat Bardana,2026-04-02 18:59:59.999+00,2026-04-03 04:48:57.836175+00,,
edf47142-0223-485e-ac12-eadd83251261,da5c9701-b165-4fcf-85ac-7d8abfba8e6b,-183,Production,MO-2026-04-00021||/production/68e340b3-db0a-4942-857f-6106520d8813/edit||comp:95cbe463-4638-4c2f-a3fc-95e5dc25aaaa,Component Consumption,2026-04-03 18:59:59.999+00,2026-04-09 13:45:37.129732+00,,
41124c46-5e87-4c91-a80b-5620afba34c9,2725799f-a307-4777-8b00-84f03278ab57,-88,Production,MO-2026-04-00025||/production/b6680b99-a568-4ad7-a5e7-d03884a1d19f/edit||comp:9ca9c6e6-d197-41bb-91fc-da558ddd893a,Component Consumption,2026-04-08 18:59:59.999+00,2026-04-10 11:27:59.056347+00,,
fab290b6-c12c-4f80-99cb-47dc4b48dec5,2c981082-c3ab-47b1-99c3-c34fe22ee02c,6240,Production,MO-2026-04-00025||/production/b6680b99-a568-4ad7-a5e7-d03884a1d19f/edit||fg:2c0e5a55-b781-4813-ab22-8d64a092729b,Finished Goods Production,2026-04-08 18:59:59.999+00,2026-04-10 11:28:00.687562+00,,
63f66659-3362-4422-a371-b13eb0dff062,937ec71e-d35e-4c0a-b48a-7e72d77e86c1,2925,Production,MO-2026-04-00025||/production/b6680b99-a568-4ad7-a5e7-d03884a1d19f/edit||fg:9cdafb9d-98f2-4ae0-bd01-f8c6c82a1e9f,Finished Goods Production,2026-04-08 18:59:59.999+00,2026-04-10 11:28:01.913962+00,,
64bffd7d-f199-42fe-bbd9-b4d678d8da24,18568477-1a69-413a-b5bd-94333c860750,-34,Sale,INV-2026-04-00194||/sales/invoices/ef25e762-3a6d-44b9-87c9-8bf0c4d9eb7c||line:48f96d68-9966-4a34-acc2-6607864378ad,Premium Bran - 34,2026-03-31 19:00:00+00,2026-04-10 12:30:39.502185+00,,
521bc6bd-3275-400b-9bb6-2cc87e0ef668,e646adf3-e04a-4919-8dd4-d53927f5584b,-500,Sale,INV-2026-04-00220||/sales/invoices/4b3fe3de-6295-4fa1-98a6-c58bd2e6db48||line:03cce521-cbe9-44be-8184-0b4d0066e4df,Al-Qamar Atta(Green) - 10,2026-04-03 19:00:00+00,2026-04-10 14:13:04.028966+00,,
9a8723df-5c5a-40e0-a7d7-227ede7a94c6,2c981082-c3ab-47b1-99c3-c34fe22ee02c,-400,Sale,INV-2026-04-00233||/sales/invoices/d08d343c-d90c-45ef-be12-49ce38a254fb||line:afe511f0-c2ba-47d7-90c2-ae141331e649,Premium Fine - 80,2026-04-05 19:00:00+00,2026-04-11 10:52:36.967112+00,,
1e59902d-beed-471a-b14f-20d49b8cccfe,937ec71e-d35e-4c0a-b48a-7e72d77e86c1,-15,Sale,INV-2026-04-00258||/sales/invoices/f2cd6be9-7044-42e6-bd07-4136c876cc87||line:0dc79e5b-3f46-4471-942e-4fb7f02de9e7,Al-Qamar Atta(Silver) - 15,2026-04-06 19:00:00+00,2026-04-11 11:58:03.473307+00,,
88fc63a6-cef3-45cf-8c1c-1016fb3e3803,a6707819-7f9c-4968-ad8e-badfec24bef2,-380,Sale,INV-2026-04-00282||/sales/invoices/45e3f660-fd15-4f7c-8838-9cb2d6025483||line:f0d052c9-9af7-472d-b407-da0dfc0edc63,Al-Qamar Atta(Green) - 20,2026-04-09 19:00:00+00,2026-04-11 12:57:25.103354+00,,
44d738bd-0e82-4bc4-93f7-62c08519aaba,d23536f3-0d86-4dcd-934e-9085566d4dc7,-18267,Production,MO-2026-04-00029||/production/1a610fa4-5038-495a-ad24-e7e923319c5c/edit||comp:e7e0f63e-8237-45c2-9a35-1cede46dfa03,Component Consumption,2026-04-13 18:59:59.999+00,2026-04-14 06:00:38.769945+00,,
c9f38b64-1f61-4cec-ae66-e07ea8887d0d,da5c9701-b165-4fcf-85ac-7d8abfba8e6b,-113,Production,MO-2026-04-00029||/production/1a610fa4-5038-495a-ad24-e7e923319c5c/edit||comp:a472bc07-f520-4b94-ac57-6508e8c8140c,Component Consumption,2026-04-13 18:59:59.999+00,2026-04-14 06:00:39.088716+00,,
f8e09c40-6919-4e22-b6dc-24a3a2fe319f,c8ca813c-e4be-428e-aef8-503eeeb948b7,-119,Production,MO-2026-04-00029||/production/1a610fa4-5038-495a-ad24-e7e923319c5c/edit||comp:b5b1a2ed-4a4b-4f10-abc1-8653b115c482,Component Consumption,2026-04-13 18:59:59.999+00,2026-04-14 06:00:39.354352+00,,
177af3e1-69cb-4a65-a244-d42b089faff4,8b945707-4cb1-4e34-8d12-92da06120bd2,-45,Production,MO-2026-04-00029||/production/1a610fa4-5038-495a-ad24-e7e923319c5c/edit||comp:bd27dd7d-9776-4a87-995f-594ae7e57f0e,Component Consumption,2026-04-13 18:59:59.999+00,2026-04-14 06:00:39.602548+00,,
328518cc-0611-4555-afd1-43a4c58c8b40,769513cc-c70d-41c0-9bb6-99b480841b4f,-325,Production,MO-2026-04-00029||/production/1a610fa4-5038-495a-ad24-e7e923319c5c/edit||comp:d8da4420-3ddc-46a7-b3af-68112d83cb22,Component Consumption,2026-04-13 18:59:59.999+00,2026-04-14 06:00:39.817176+00,,
953430c0-4c6c-4b9c-bda7-01c4a301b3fc,8851e237-ca39-487c-a35f-e28fe711d32c,5950,Production,MO-2026-04-00029||/production/1a610fa4-5038-495a-ad24-e7e923319c5c/edit||fg:b7030d37-f909-4633-9970-5e78178e7946,Finished Goods Production,2026-04-13 18:59:59.999+00,2026-04-14 06:00:40.868807+00,,
f8b2e60b-ef62-401e-ba84-0df535396b31,18568477-1a69-413a-b5bd-94333c860750,-17000,Sale,INV-2026-04-00316||/sales/invoices/94a7c1f1-f8c2-4b3a-a499-d3085892bb80||line:88529162-0bce-4163-b5cc-ac6e701dca41,Premium Bran - 34,2026-04-13 19:00:00+00,2026-04-15 06:24:54.143483+00,,
78f1a59f-682c-49d0-8f0a-85cd6410828a,2c981082-c3ab-47b1-99c3-c34fe22ee02c,800,Sale Return,SCN-2026-04-00086||/sales/credit-notes/64facab4-fe51-4df2-bef3-92e502bc9e62||line:84d1a367-e0a3-4553-ba31-b1817ee4327b,Customer Return: Returns,2026-04-14 18:59:59.999+00,2026-04-16 06:41:23.280932+00,,
146f7b9a-5f73-4cf6-b639-5629c5fcdbc2,8b945707-4cb1-4e34-8d12-92da06120bd2,-69,Production,MO-2026-04-00032||/production/b7872d59-0f90-4199-aa21-03be4c304bac/edit||comp:f8e7589d-95e8-49c2-9be1-1fef2927bc19,Component Consumption,2026-04-16 18:59:59.999+00,2026-04-17 07:41:54.305478+00,,
c55c5210-2088-474e-9cb7-569eabcdac5a,18568477-1a69-413a-b5bd-94333c860750,7140,Production,MO-2026-04-00032||/production/b7872d59-0f90-4199-aa21-03be4c304bac/edit||fg:17bdabd0-c761-4f8f-9889-551bebc26f95,Finished Goods Production,2026-04-16 18:59:59.999+00,2026-04-17 07:41:55.195489+00,,
182b6492-1f72-4885-bcb6-7c01413ba476,e560c8fd-332b-48cb-b7de-125a590bcb0c,3440,Production,MO-2026-04-00032||/production/b7872d59-0f90-4199-aa21-03be4c304bac/edit||fg:91546257-4c3b-4914-abc8-6ccb79a3aafe,Finished Goods Production,2026-04-16 18:59:59.999+00,2026-04-17 07:41:55.482875+00,,
21fc00b7-f4c2-41c8-9668-8ca1711ecf3b,8851e237-ca39-487c-a35f-e28fe711d32c,8950,Production,MO-2026-04-00032||/production/b7872d59-0f90-4199-aa21-03be4c304bac/edit||fg:6435a167-7b99-4fd4-b7e0-9a0d892bbaab,Finished Goods Production,2026-04-16 18:59:59.999+00,2026-04-17 07:41:55.746028+00,,
59416995-45b6-4fd7-96da-97b1b3bde89e,2c981082-c3ab-47b1-99c3-c34fe22ee02c,5520,Production,MO-2026-04-00032||/production/b7872d59-0f90-4199-aa21-03be4c304bac/edit||fg:0cf14920-d672-4510-bfca-f27b6ae342a8,Finished Goods Production,2026-04-16 18:59:59.999+00,2026-04-17 07:41:56.029324+00,,
16daef66-0835-4f28-b984-320eb82caa14,93765798-ca54-496a-94c6-bb4f273bfe27,9065,Production,MO-2026-04-00032||/production/b7872d59-0f90-4199-aa21-03be4c304bac/edit||fg:77ae1423-183f-4b35-9591-e7a559d1675a,Finished Goods Production,2026-04-16 18:59:59.999+00,2026-04-17 07:41:56.295171+00,,
24147288-6232-4604-ac84-051519e0b108,29f97aa5-e538-4261-b69f-6b1a394015c9,1000,Purchase,PO-2026-03-00018||/purchase/f503ac8f-6e7c-4e1f-9624-5e031f010ea3/edit,Wheat Bardana,2026-03-09 09:35:58.222+00,2026-03-10 09:35:58.233968+00,,
690f3ed7-49e3-43a0-8f19-e3b243413b19,5ffd5921-5ad2-4d30-b598-4337f1a39464,-40,Conversion,CONV-1773483869281,Stock Conversion (Source),2026-03-14 10:24:29.406+00,2026-03-14 10:24:29.417712+00,,
8d240892-dd91-4d81-9a40-b23289897c9f,2725799f-a307-4777-8b00-84f03278ab57,-2,Conversion,CONV-1773483869281,Packaging for 20,2026-03-14 10:24:29.631+00,2026-03-14 10:24:29.64576+00,,
6b0cee59-3ed2-42aa-8013-29defc814516,0825ad1f-baf7-4c6c-b9a8-df86095dac5c,-1,Production,MO-2026-03-00016||/production/9834ac7d-ae8a-4995-94e5-d206bace7dd3/edit||comp:7d87410d-7f02-44d3-9f50-4ed1113ed030,Component Consumption,2026-03-16 06:33:11.755+00,2026-03-18 06:33:11.775549+00,,
964b9e0a-0ab1-47a2-9506-de9d0f1405b8,8b945707-4cb1-4e34-8d12-92da06120bd2,-16,Conversion,CONV-1773474504362,Packaging for 80,2026-03-14 07:48:24.713+00,2026-03-14 07:48:24.733026+00,,
491b3129-3b9b-40c2-9dc0-c732c2d2b556,2c981082-c3ab-47b1-99c3-c34fe22ee02c,1280,Production,MO-2026-03-00016||/production/9834ac7d-ae8a-4995-94e5-d206bace7dd3/edit||fg:7195eabd-4bd9-41ff-b7f9-d31001a321ed,Finished Goods Production,2026-03-16 06:33:13.612+00,2026-03-18 06:33:13.635985+00,,
be4344a1-3eb6-4245-a664-a8c1e37892b6,2c981082-c3ab-47b1-99c3-c34fe22ee02c,-1600,Sale,INV-2026-03-00138||/sales/invoices/a2a7d802-e67a-45d4-bb2e-8bd8f80df4b3||line:5be047cc-5945-40fc-aab9-9094174ef5bb,Premium Fine - 80,2026-03-16 19:00:00+00,2026-03-18 12:56:26.043229+00,,
6becbfec-aa4c-48ec-8002-6a890cd55646,a6707819-7f9c-4968-ad8e-badfec24bef2,-600,Sale,INV-2026-03-00157||/sales/invoices/988d1bc0-ac4e-4989-9a31-e5628b130c33||line:2fef3b53-a0da-4e50-8f5c-f9a07e9576ca,Al-Qamar Atta(Green) - 20,2026-03-17 19:00:00+00,2026-03-25 12:51:57.190878+00,,
ec75b614-79f7-4eef-a643-0de1d1e84be8,d23536f3-0d86-4dcd-934e-9085566d4dc7,66334.95,Purchase,PO-2026-04-00029||/purchase/f1d84109-d5e3-47fb-8eb8-09f3cc4ced27/edit||line:ad691479-b5c1-4e44-82b7-e0999d0fcace,Wheat,2026-04-03 18:59:59.999+00,2026-04-09 07:13:47.149583+00,,
9dedfbd0-98eb-44ba-969b-a7c8612b63e5,d23536f3-0d86-4dcd-934e-9085566d4dc7,670.05,Purchase,PO-2026-04-00029||/purchase/f1d84109-d5e3-47fb-8eb8-09f3cc4ced27/edit||line:bf7fb6aa-b3ae-43aa-849b-a5ce1b23a281,Wheat - Kaat,2026-04-03 18:59:59.999+00,2026-04-09 07:13:47.948459+00,,
caa6c578-c99c-4e60-9cc8-7e8585c69f2f,2725799f-a307-4777-8b00-84f03278ab57,2080,Purchase,PO-2026-03-00019||/purchase/481c0c41-b452-4144-8b19-f0558e12e754/edit,Bardana Al-Qamar Atta(Green) - 20,2026-03-07 09:58:29.57+00,2026-03-10 09:58:29.592123+00,,
6a8a5246-10e8-41ed-8a80-d3b8f05de336,da5c9701-b165-4fcf-85ac-7d8abfba8e6b,3500,Purchase,PO-2026-03-00019||/purchase/481c0c41-b452-4144-8b19-f0558e12e754/edit,Bardana Premium Bran - 34,2026-03-07 09:58:29.921+00,2026-03-10 09:58:29.942058+00,,
e6649c22-5bd1-479c-a909-aa1917f181a0,65415ac9-fc97-471a-b17f-1340c7b1b55a,-82,Production,MO-2026-04-00021||/production/68e340b3-db0a-4942-857f-6106520d8813/edit||comp:24fb4dee-6389-4bb4-bb7a-259974625fc0,Component Consumption,2026-04-03 18:59:59.999+00,2026-04-09 13:45:37.443801+00,,
960d07a5-e7ab-48fa-86b0-e8a804799732,18568477-1a69-413a-b5bd-94333c860750,6222,Production,MO-2026-04-00021||/production/68e340b3-db0a-4942-857f-6106520d8813/edit||fg:efc6d39b-4b81-4bb5-801a-86160d723abe,Finished Goods Production,2026-04-03 18:59:59.999+00,2026-04-09 13:45:38.695531+00,,
61cac36b-8c30-40eb-8ef4-57a6e7777763,1066c1db-bbd7-4256-a751-f5cbf463f8a3,10920,Production,MO-2026-04-00021||/production/68e340b3-db0a-4942-857f-6106520d8813/edit||fg:2eaa1a9d-d123-4bf4-91f2-67808e247460,Finished Goods Production,2026-04-03 18:59:59.999+00,2026-04-09 13:45:40.010088+00,,
8c6ba503-a65d-4cd2-8eb4-128b8554d206,dcb00b2e-ea89-4e17-b1bb-67e576da4e6d,3000,Production,MO-2026-04-00025||/production/b6680b99-a568-4ad7-a5e7-d03884a1d19f/edit||fg:37765f0e-0071-4a33-8435-25eb1a1cb398,Finished Goods Production,2026-04-08 18:59:59.999+00,2026-04-10 11:28:01.265529+00,,
02ee5adf-a012-4fa9-8c72-e4c9d51f4f53,2725799f-a307-4777-8b00-84f03278ab57,-123,Production,MO-2026-03-00010||/production/d736d1ac-3c20-4bb4-95e6-a51a11a07fee/edit,Component Consumption,2026-03-07 10:38:10.038+00,2026-03-10 10:38:10.049842+00,,
6e8148f9-3a6d-4cc4-9b3b-ad22dfd9c164,2c981082-c3ab-47b1-99c3-c34fe22ee02c,-2400,Sale,INV-2026-04-00195||/sales/invoices/65f06a70-8ade-46b0-95d8-389fd1d6f842||line:cbcb4e85-c2a7-4059-843f-199813ad29ab,Premium Fine - 80,2026-03-31 19:00:00+00,2026-04-10 12:31:33.60713+00,,
70d0409a-f184-44bc-9109-6802e1122f34,a6707819-7f9c-4968-ad8e-badfec24bef2,-1000,Sale,INV-2026-04-00220||/sales/invoices/4b3fe3de-6295-4fa1-98a6-c58bd2e6db48||line:eb48b46d-4124-479f-bc9d-f49973b036b0,Al-Qamar Atta(Green) - 20,2026-04-03 19:00:00+00,2026-04-10 14:13:04.388526+00,,
3f5fc49e-b3c3-4744-8c6f-bf27c55be313,2c981082-c3ab-47b1-99c3-c34fe22ee02c,-1600,Sale,INV-2026-04-00234||/sales/invoices/28ee3512-0146-4239-bf2d-b21fd5ed2f04||line:6e3e6871-0231-4141-b6b8-8128347109f9,Premium Fine - 80,2026-04-05 19:00:00+00,2026-04-11 10:53:40.449884+00,,
df800929-7dca-4f8c-bce4-cbc6d47a8ce6,18568477-1a69-413a-b5bd-94333c860750,-17000,Sale,INV-2026-04-00259||/sales/invoices/6762c201-fe3b-4b6c-851d-2452817f1602||line:b2af6e29-5a61-44fd-a80f-a17517275de0,Premium Bran - 34,2026-04-07 19:00:00+00,2026-04-11 12:00:30.102375+00,,
1473fbff-c758-4f5f-93de-cee023f77e11,e646adf3-e04a-4919-8dd4-d53927f5584b,-1000,Sale,INV-2026-04-00283||/sales/invoices/32917213-f620-4bad-9bde-b4df50724cb9||line:1ba62960-d18f-4bc9-8c38-43f02cbe7732,Al-Qamar Atta(Green) - 10,2026-04-09 19:00:00+00,2026-04-11 13:01:35.821665+00,,
61d3edbd-e9bc-4289-84f9-1dd797c4642c,18568477-1a69-413a-b5bd-94333c860750,3842,Production,MO-2026-04-00029||/production/1a610fa4-5038-495a-ad24-e7e923319c5c/edit||fg:f70161cc-fa97-4b3d-ae43-3d7e14cd4edf,Finished Goods Production,2026-04-13 18:59:59.999+00,2026-04-14 06:00:40.462793+00,,
a4514511-5508-411b-a87d-8c747996a3a9,937ec71e-d35e-4c0a-b48a-7e72d77e86c1,-30,Conversion,CONV-1776253688530,Stock Conversion (Source),2026-04-15 18:59:59.999+00,2026-04-15 11:48:09.288791+00,,
7cbf2839-5ce0-4098-b3c2-2b434f30c3c9,1066c1db-bbd7-4256-a751-f5cbf463f8a3,600,Sale Return,SCN-2026-04-00087||/sales/credit-notes/5c0b2e45-db2b-4ed6-b7ab-26af468cd767||line:81887f78-8a88-4773-8250-43c7d810b7e5,Customer Return: Returns,2026-04-15 18:59:59.999+00,2026-04-16 06:42:27.736099+00,,
e5fce834-c225-4a47-94a7-b0c00d9859e3,1066c1db-bbd7-4256-a751-f5cbf463f8a3,420,Production,MO-2026-04-00032||/production/b7872d59-0f90-4199-aa21-03be4c304bac/edit||fg:fe0296cb-1aba-4136-a177-7f7754788443,Finished Goods Production,2026-04-16 18:59:59.999+00,2026-04-17 07:41:56.562169+00,,
eca396cb-3b18-4d92-8598-d9ed9f60aca8,8851e237-ca39-487c-a35f-e28fe711d32c,-28000,Sale,INV-2026-04-00349||/sales/invoices/9e7de7e6-ecff-4c45-a256-d0bf3214a7e5||line:99214076-4fc2-4249-9125-1812a18d7832,Premium Maida - 50,2026-04-16 19:00:00+00,2026-04-17 12:53:01.639529+00,,
b9b4ae72-164a-4b61-9ee8-ba4829b2b3c1,a6707819-7f9c-4968-ad8e-badfec24bef2,-4800,Sale,INV-2026-03-00061||/sales/invoices/0e1bb7aa-c26c-4944-ae88-363f32efc8c8,Al-Qamar Atta(Green) - 20,2026-03-05 19:00:00+00,2026-03-10 11:30:49.89733+00,,
c82f1bdd-4b51-49aa-ab47-2cd6363a5c18,c8ca813c-e4be-428e-aef8-503eeeb948b7,-199,Production,MO-2026-04-00037||/production/7218ff5e-fdda-4405-b4b8-ca2b2d0cd5a4/edit||comp:50f4cd5f-a29f-4f58-b850-c3b5728607e3,Component Consumption,2026-04-22 18:59:59.999+00,2026-04-22 10:10:08.428536+00,,
1d92f8ce-f3e0-4517-bee3-c839dc06acfe,2c981082-c3ab-47b1-99c3-c34fe22ee02c,4480,Production,MO-2026-04-00037||/production/7218ff5e-fdda-4405-b4b8-ca2b2d0cd5a4/edit||fg:b1ddbb43-d439-4c45-8b9d-84799f860303,Finished Goods Production,2026-04-22 18:59:59.999+00,2026-04-22 10:10:11.076884+00,,
8eb676f5-6ada-4a5a-8aea-a8ff54d6870c,1066c1db-bbd7-4256-a751-f5cbf463f8a3,4470,Production,MO-2026-04-00037||/production/7218ff5e-fdda-4405-b4b8-ca2b2d0cd5a4/edit||fg:1ea01906-5571-43d3-acb7-d5c700730777,Finished Goods Production,2026-04-22 18:59:59.999+00,2026-04-22 10:10:12.07087+00,,
98569b11-a13a-42cd-9339-2dde54831a9f,29a0bdd8-7ec8-49aa-94e2-3abc24a5fe6d,-4,Conversion,CONV-1776949624903,Stock Conversion (Source),2026-04-23 18:59:59.999+00,2026-04-23 13:07:05.596851+00,,
f264994d-e3b8-4993-b126-4e5fc847a1e0,29f97aa5-e538-4261-b69f-6b1a394015c9,-680,Adjustment,Rev: PO-2026-04-00045||/purchase/7b769a1f-5d8a-48b5-83ac-9ec06bd6c880/edit||line:5d7a0540-196f-4e68-a78a-11b386d6cb34,PO Reset to Draft (Reception Cancelled),2026-04-24 17:19:53+00,2026-04-24 12:19:53.369737+00,,
94981046-3ffd-49aa-aa92-7bfe6bcb9ef9,a40b07a6-2948-489d-8dec-5e206ba38989,-227,Production,MO-2026-04-00039||/production/9f3329ea-a745-43be-9cce-e6188a3dbedf/edit||comp:c4f8112e-29ba-4c84-b9d1-c8fc21fcc498,Component Consumption,2026-04-24 18:59:59.999+00,2026-04-25 05:09:51.370601+00,,
e941ba66-cfad-4b1d-8e7b-baad14d4fee4,18568477-1a69-413a-b5bd-94333c860750,-17000,Sale,INV-2026-04-00383||/sales/invoices/baff9926-c319-4fca-90a1-1866c616d041||line:d05406ff-23f7-4d3b-a525-6d18023db0c0,Premium Bran - 34,2026-04-26 19:00:00+00,2026-04-26 13:58:56.720138+00,,
460b57d4-42bd-4ece-8025-f8aef0e823de,a40b07a6-2948-489d-8dec-5e206ba38989,-374,Production,MO-2026-04-00042||/production/2fe021e0-e499-4425-b821-f3a3cdb49f3c/edit||comp:4339554a-adb0-49bd-83c0-b96f93fc3b9c,Component Consumption,2026-04-28 18:59:59.999+00,2026-04-28 12:16:58.998087+00,,
483c6e12-ad72-4477-aa89-978e83acc93f,8851e237-ca39-487c-a35f-e28fe711d32c,-100,Sale,INV-2026-04-00391||/sales/invoices/cfcdd083-2529-4b56-bac5-3dbe3ee59a89||line:7d2cd872-59bf-4dc1-b695-233480f22723,Premium Maida - 50,2026-04-26 19:00:00+00,2026-04-29 15:31:09.262242+00,,
a951212f-ba2a-4c02-8b97-ac475ebeab94,a40b07a6-2948-489d-8dec-5e206ba38989,12,Conversion,CONV-1777560560797,Stock Conversion (Destination),2026-04-30 18:59:59.999+00,2026-04-30 14:49:21.419958+00,,
7896bbee-28f9-474b-b74c-2cdcaf284e5c,2c981082-c3ab-47b1-99c3-c34fe22ee02c,1280,Conversion,CONV-1773474504362,Stock Conversion (Destination),2026-03-14 07:48:24.796+00,2026-03-14 07:48:24.814383+00,,
cb0806f2-c803-4044-b7b3-1e548f5dbdf3,a6707819-7f9c-4968-ad8e-badfec24bef2,40,Conversion,CONV-1773483869281,Stock Conversion (Destination),2026-03-14 10:24:29.733+00,2026-03-14 10:24:29.745251+00,,
431803ed-5153-4cf7-98eb-217f572fc06a,da5c9701-b165-4fcf-85ac-7d8abfba8e6b,104,Adjustment,Manual Adjustment,Used Bardana,2026-03-06 13:47:57.326432+00,2026-03-06 13:47:57.326432+00,,
a4f9f27a-8b36-4a92-9ae2-a0469f1b08b6,2725799f-a307-4777-8b00-84f03278ab57,-21,Production,MO-2026-03-00016||/production/9834ac7d-ae8a-4995-94e5-d206bace7dd3/edit||comp:4bc1a75b-d86a-48b5-aa42-24845984588f,Component Consumption,2026-03-16 06:33:12.031+00,2026-03-18 06:33:12.065726+00,,
aeb3ca77-7209-45c6-9c54-799a1bc0995a,18568477-1a69-413a-b5bd-94333c860750,1292,Production,MO-2026-03-00016||/production/9834ac7d-ae8a-4995-94e5-d206bace7dd3/edit||fg:e88547ec-52f4-4b9e-ac92-fd23246407ee,Finished Goods Production,2026-03-16 06:33:12.829+00,2026-03-18 06:33:12.852319+00,,
ad11298f-b9c2-4fb4-913d-1b7b14b8ce27,a6707819-7f9c-4968-ad8e-badfec24bef2,-20,Sale,INV-2026-03-00139||/sales/invoices/6b0f5e6d-670d-499f-a08e-06d0145f1829||line:2ecccb0c-e5b7-45b3-b6b3-2baea5d234ac,Al-Qamar Atta(Green) - 20,2026-03-16 19:00:00+00,2026-03-18 12:58:15.905663+00,,
022c69de-ec83-49d6-8b14-fbf0c97175ad,2c981082-c3ab-47b1-99c3-c34fe22ee02c,-1200,Sale,INV-2026-03-00157||/sales/invoices/988d1bc0-ac4e-4989-9a31-e5628b130c33||line:46b2792c-d6ac-4fbb-b7ae-7b56ec5bb283,Premium Fine - 80,2026-03-17 19:00:00+00,2026-03-25 12:51:57.475313+00,,
e9c717e2-2bb0-4dd5-813d-8dec16e96abd,e646adf3-e04a-4919-8dd4-d53927f5584b,0,Adjustment,VAL-SYNC,Valuation Sync Correction,2026-03-07 08:50:33.859423+00,2026-03-07 08:50:33.859423+00,,
0159a93c-0f14-4387-9eb3-4c516cb94cf3,29f97aa5-e538-4261-b69f-6b1a394015c9,1300,Purchase,PO-2026-04-00029||/purchase/f1d84109-d5e3-47fb-8eb8-09f3cc4ced27/edit||line:b32d2676-e08d-4a25-a465-2d3b4c68c1e7,Wheat Bardana,2026-04-03 18:59:59.999+00,2026-04-09 07:13:47.56028+00,,
3dd525c7-aadf-432e-9a28-3989497f866d,c8ca813c-e4be-428e-aef8-503eeeb948b7,-25,Production,MO-2026-04-00021||/production/68e340b3-db0a-4942-857f-6106520d8813/edit||comp:19a71d84-04a3-4fe0-bb7e-aa8aa7867f3b,Component Consumption,2026-04-03 18:59:59.999+00,2026-04-09 13:45:37.702205+00,,
2b0dd7cf-100f-4eec-a4c1-86a5579addbf,d23536f3-0d86-4dcd-934e-9085566d4dc7,-37971,Production,MO-2026-04-00026||/production/3ba861e1-e4de-486a-89fa-6ffc9572d38c/edit||comp:a7ace21a-2ac3-41e3-93f2-f4f0bdf2f5ae,Component Consumption,2026-04-09 18:59:59.999+00,2026-04-10 11:30:43.775801+00,,
7f3e6a2e-c5dc-4c8e-95ad-b9d4f1d9b147,8851e237-ca39-487c-a35f-e28fe711d32c,3350,Production,MO-2026-04-00026||/production/3ba861e1-e4de-486a-89fa-6ffc9572d38c/edit||fg:ae5202d6-af9d-4c6e-bc5b-e9b0c72eec6f,Finished Goods Production,2026-04-09 18:59:59.999+00,2026-04-10 11:30:45.845468+00,,
2eee8593-3cde-4a94-ac23-5ed0784359d4,2c981082-c3ab-47b1-99c3-c34fe22ee02c,2400,Production,MO-2026-03-00010||/production/d736d1ac-3c20-4bb4-95e6-a51a11a07fee/edit,Finished Goods Production,2026-03-07 10:18:20.964+00,2026-03-10 10:18:20.976715+00,,
35ae4a86-2f89-4a0a-b2a9-78d2649c1a90,a6707819-7f9c-4968-ad8e-badfec24bef2,-40,Sale,INV-2026-04-00196||/sales/invoices/93bce4e4-ce06-43e8-a987-c6b7e8a2af91||line:1d98bfed-7aec-4a2e-9eba-7a33885f2b97,Al-Qamar Atta(Green) - 20,2026-04-01 19:00:00+00,2026-04-10 12:32:48.283129+00,,
9754df6f-b9a8-42e4-ba2b-edf170f8b75a,1066c1db-bbd7-4256-a751-f5cbf463f8a3,-1500,Sale,INV-2026-04-00220||/sales/invoices/4b3fe3de-6295-4fa1-98a6-c58bd2e6db48||line:03e8d915-ae78-4d92-8094-6e726204b7ef,Al-Qamar Atta - 15,2026-04-03 19:00:00+00,2026-04-10 14:13:04.772314+00,,
3b78b2e2-b253-4b15-aad2-888e579ef716,18568477-1a69-413a-b5bd-94333c860750,-17000,Sale,INV-2026-04-00235||/sales/invoices/31de97b5-0e31-4138-bcea-4cff3cb3dddc||line:139dfe3b-44ac-43a0-b9f0-aa41df360788,Premium Bran - 34,2026-04-05 19:00:00+00,2026-04-11 10:55:10.855907+00,,
7f44f314-c1b0-45d8-a7e5-bd5304f9d36d,18568477-1a69-413a-b5bd-94333c860750,3536,Production,MO-2026-03-00010||/production/d736d1ac-3c20-4bb4-95e6-a51a11a07fee/edit,Finished Goods Production,2026-03-07 10:38:10.399+00,2026-03-10 10:38:10.411292+00,,
f0c75db6-d2fa-4e8e-b785-1b7ec77e1c98,937ec71e-d35e-4c0a-b48a-7e72d77e86c1,-1800,Sale,INV-2026-04-00260||/sales/invoices/2b348bf1-a0be-463c-a824-a434c5c879ca||line:3e918f7b-d019-4845-a166-280d402d1395,Al-Qamar Atta(Silver) - 15,2026-04-07 19:00:00+00,2026-04-11 12:01:27.778019+00,,
afbad7db-cecd-4503-b0cd-ac322d77f2a1,a6707819-7f9c-4968-ad8e-badfec24bef2,-1000,Sale,INV-2026-04-00283||/sales/invoices/32917213-f620-4bad-9bde-b4df50724cb9||line:afad0de8-50de-4015-a4da-35f64fc45f0e,Al-Qamar Atta(Green) - 20,2026-04-09 19:00:00+00,2026-04-11 13:01:36.178069+00,,
4b1e5399-2f3b-4e2d-9466-1e5276c49b3c,2c981082-c3ab-47b1-99c3-c34fe22ee02c,3600,Production,MO-2026-04-00029||/production/1a610fa4-5038-495a-ad24-e7e923319c5c/edit||fg:64fc5ad4-81ac-470a-a96f-70df84d360f3,Finished Goods Production,2026-04-13 18:59:59.999+00,2026-04-14 06:00:41.275714+00,,
d727d078-1f86-48f6-8763-2faf2fd23b33,2725799f-a307-4777-8b00-84f03278ab57,-2,Conversion,CONV-1776253688530,Packaging for 20,2026-04-15 18:59:59.999+00,2026-04-15 11:48:09.794488+00,,
8e888c11-5a25-4b67-bc78-2f325ec93506,2c981082-c3ab-47b1-99c3-c34fe22ee02c,160,Sale Return,SCN-2026-04-00088||/sales/credit-notes/34d7c4e9-d6cf-466d-bf9e-3a88cd84d595||line:2dc3c67f-25aa-43b3-b0f9-f20787a890bc,Customer Return: Returns,2026-04-15 18:59:59.999+00,2026-04-16 06:43:14.008104+00,,
cca709e8-67f2-4953-bda8-0e483b99862f,e560c8fd-332b-48cb-b7de-125a590bcb0c,-1650,Conversion,CONV-1776412018860,Stock Conversion (Source),2026-04-17 18:59:59.999+00,2026-04-17 07:46:59.293315+00,,
e6dc8493-a471-4cae-8e1b-80c6988732fd,8851e237-ca39-487c-a35f-e28fe711d32c,1650,Conversion,CONV-1776412018860,Stock Conversion (Destination),2026-04-17 18:59:59.999+00,2026-04-17 07:46:59.644682+00,,
0d3fd886-7f3a-4c91-96c2-17eec3104502,d23536f3-0d86-4dcd-934e-9085566d4dc7,12355.2,Purchase,PO-2026-04-00041||/purchase/b79955b0-eabc-4bc1-99d0-c42d679b3f74/edit||line:8613cb91-8fb2-4d1e-9f69-327a4510e779,Wheat,2026-04-17 18:59:59.999+00,2026-04-18 05:40:06.118042+00,,
32d13295-6062-46b0-9c8a-15ab3e17a9be,8b945707-4cb1-4e34-8d12-92da06120bd2,-56,Production,MO-2026-04-00037||/production/7218ff5e-fdda-4405-b4b8-ca2b2d0cd5a4/edit||comp:1f83b9f7-c29f-4e20-aab1-a7b32a280cee,Component Consumption,2026-04-22 18:59:59.999+00,2026-04-22 10:10:08.720195+00,,
897225e7-e33a-4b7f-ae91-fa7cd6eba016,a40b07a6-2948-489d-8dec-5e206ba38989,4,Conversion,CONV-1776949624903,Stock Conversion (Destination),2026-04-23 18:59:59.999+00,2026-04-23 13:07:05.909797+00,,
753f9d3a-d067-453d-9559-1b0b012b4936,d23536f3-0d86-4dcd-934e-9085566d4dc7,-33650.1,Adjustment,Rev: PO-2026-04-00045||/purchase/7b769a1f-5d8a-48b5-83ac-9ec06bd6c880/edit||line:a2263394-c2ac-4604-bdc3-bbf66400ebc7,PO Reset to Draft (Reception Cancelled),2026-04-24 17:19:53+00,2026-04-24 12:19:53.450292+00,,
a264a089-50ff-4f1e-833f-3200164feaab,25a20076-8468-420b-97f9-75c1f6275242,1580,Production,MO-2026-04-00039||/production/9f3329ea-a745-43be-9cce-e6188a3dbedf/edit||fg:24898fe5-2b2c-4223-85ce-ddb738b8ffc0,Finished Goods Production,2026-04-24 18:59:59.999+00,2026-04-25 05:09:54.242302+00,,
df3eab05-9ebb-4411-b378-22ab70e0c610,c6b76b35-74b4-4b7d-aa4d-e473698b2f81,40,Production,MO-2026-04-00039||/production/9f3329ea-a745-43be-9cce-e6188a3dbedf/edit||fg:0c4b9a1b-d645-4176-b897-c402007e3dec,Finished Goods Production,2026-04-24 18:59:59.999+00,2026-04-25 05:09:54.452191+00,,
92cbf485-016e-4713-83de-ad56c8a608c6,1066c1db-bbd7-4256-a751-f5cbf463f8a3,3405,Production,MO-2026-04-00039||/production/9f3329ea-a745-43be-9cce-e6188a3dbedf/edit||fg:9b64e90f-d73f-4cba-bcfc-cce442d262b3,Finished Goods Production,2026-04-24 18:59:59.999+00,2026-04-25 05:09:54.683757+00,,
ccd35119-93a8-4192-9af1-aa5addfbead8,1066c1db-bbd7-4256-a751-f5cbf463f8a3,-15,Sale,INV-2026-04-00384||/sales/invoices/2ba372f5-4cac-47ba-ac91-45bd72372a8a||line:d52059ba-f066-4c53-9b0b-c66394a987a4,Al-Qamar Atta - 15,2026-04-24 19:00:00+00,2026-04-27 05:42:57.045368+00,,
b2967c20-2935-4055-a893-82599adba168,29a0bdd8-7ec8-49aa-94e2-3abc24a5fe6d,-5,Production,MO-2026-04-00042||/production/2fe021e0-e499-4425-b821-f3a3cdb49f3c/edit||comp:1cd7cb1c-d5cc-48fc-bd46-55e3e76b2a55,Component Consumption,2026-04-28 18:59:59.999+00,2026-04-28 12:16:59.15517+00,,
421ca185-0877-4605-95de-0df255be8ab3,396eef73-791a-465c-ae17-b78505b08d5f,-20,Sale,INV-2026-04-00392||/sales/invoices/427c8eec-bd2b-4513-ac53-6ae583fc0d3e||line:5e9da1e1-1764-4afd-b928-6a253b4b52c3,Premium Pizza Flour - 10,2026-04-26 19:00:00+00,2026-04-29 15:33:05.930529+00,,
88788c50-6c14-4fc0-ac79-6ca6f6a97b08,1066c1db-bbd7-4256-a751-f5cbf463f8a3,1500,Sale Return,SCN-2026-04-00097||/sales/credit-notes/9c47f201-053b-4fbc-a8bc-41a766e59eaf||line:f953daa4-fe1e-46e0-bd62-15a55ad57a9a,Customer Return: Returns,2026-04-30 18:59:59.999+00,2026-04-30 09:32:18.955695+00,,
6226854e-047b-4bfb-b89f-65abcdf12356,1066c1db-bbd7-4256-a751-f5cbf463f8a3,6000,Adjustment,DELETED: INV-2026-04-00390 (was reversed),Original invoice was deleted on 2026-04-30,2026-04-26 19:00:00+00,2026-04-30 15:04:10.178158+00,04249cb9-eebf-426b-a9a4-e42aa57d2ee7,
101056b2-895c-4d21-9f4b-f38a22fcf08c,1066c1db-bbd7-4256-a751-f5cbf463f8a3,-225,Sale,INV-2026-04-00414||/sales/invoices/cf5142db-f9bc-452a-96a3-870397913a3a||line:f115c177-4ebb-4a25-8775-98facc4e290d,Al-Qamar Atta - 15,2026-04-29 19:00:00+00,2026-04-30 15:57:03.625634+00,,
b472c2a0-2a0c-4607-9658-b259de8d12a7,937ec71e-d35e-4c0a-b48a-7e72d77e86c1,-285,Conversion,CONV-1773483999878,Stock Conversion (Source),2026-03-14 10:26:40.091+00,2026-03-14 10:26:40.104904+00,,
afd2a1cd-180a-4f0e-b2f5-29f14e76df09,2725799f-a307-4777-8b00-84f03278ab57,-14,Conversion,CONV-1773483999878,Packaging for 20,2026-03-14 10:26:40.338+00,2026-03-14 10:26:40.353124+00,,
f20865bd-61f0-4616-a332-e0dfd7100a84,b2f8974f-ab3c-4880-a03d-6d3b29d26c57,-200,Production,MO-2026-03-00016||/production/9834ac7d-ae8a-4995-94e5-d206bace7dd3/edit||comp:127c31e2-bf7b-4ff8-87d1-291022772207,Component Consumption,2026-03-16 06:33:12.285+00,2026-03-18 06:33:12.334985+00,,
518fb26d-e30f-442e-8d3a-65d33c01c94e,2c981082-c3ab-47b1-99c3-c34fe22ee02c,-4000,Sale,INV-2026-03-00018||line:c5da2814-ebef-49c7-8799-0fb909d8d15a||/sales/invoices/d9e686f0-f0b9-417c-b6ad-80f3af9fab64,Premium Fine - 80,2026-03-01 19:00:00+00,2026-03-14 08:50:41.047316+00,,
524cd04d-e734-40f1-8c43-953f32af2805,e646adf3-e04a-4919-8dd4-d53927f5584b,-1000,Sale,INV-2026-03-00020||line:e4e1f0fa-d242-4127-98f4-060b1c9c2371||/sales/invoices/62ed7362-fa4e-4921-aa29-14207413168a,Al-Qamar Atta(Green) - 10,2026-03-01 19:00:00+00,2026-03-14 08:50:41.047316+00,,
387c3a2f-26cb-4906-8293-a5099900611b,d23536f3-0d86-4dcd-934e-9085566d4dc7,25010,Purchase,PO-2026-03-00016||/purchase/4db32f3f-fdff-4811-81e1-778e433bed88/edit,Wheat,2026-03-06 04:50:54.235+00,2026-03-07 04:50:54.361578+00,,
31b9c8f7-2c16-4d86-9f56-46801de0c9cd,29f97aa5-e538-4261-b69f-6b1a394015c9,500,Purchase,PO-2026-03-00016||/purchase/4db32f3f-fdff-4811-81e1-778e433bed88/edit,Wheat Bardana,2026-03-06 04:50:56.434+00,2026-03-07 04:50:56.550883+00,,
c8f143a5-7fa0-4f4c-a904-48763294561b,a6707819-7f9c-4968-ad8e-badfec24bef2,-4000,Sale,INV-2026-03-00020||line:5d20e29a-19a4-4500-b9f6-63e6ad0dd5f0||/sales/invoices/62ed7362-fa4e-4921-aa29-14207413168a,Al-Qamar Atta(Green) - 20,2026-03-01 19:00:00+00,2026-03-14 08:50:41.047316+00,,
a901c8da-fcdf-4f0f-80d3-486ae1913e8e,e646adf3-e04a-4919-8dd4-d53927f5584b,-1000,Sale,INV-2026-03-00023||line:527f2c8c-a229-496f-b18b-9436231a83fa||/sales/invoices/e11e254a-58ec-4011-9398-9323deb275fc,Al-Qamar Atta(Green) - 10,2026-03-01 19:00:00+00,2026-03-14 08:50:41.047316+00,,
94996b87-4369-4a8c-b243-b1107d8d741e,a6707819-7f9c-4968-ad8e-badfec24bef2,-3000,Sale,INV-2026-03-00023||line:cb031cbb-81c9-4d4d-97a3-bf450dc2e370||/sales/invoices/e11e254a-58ec-4011-9398-9323deb275fc,Al-Qamar Atta(Green) - 20,2026-03-01 19:00:00+00,2026-03-14 08:50:41.047316+00,,
0363d591-4e69-4b11-bd31-639d82969609,e646adf3-e04a-4919-8dd4-d53927f5584b,-1000,Sale,INV-2026-03-00022||line:09c622f5-2dde-45b8-aa20-e70ebc56b5ac||/sales/invoices/6dbd178f-9249-4089-b9c9-2326e7a26cc4,Al-Qamar Atta(Green) - 10,2026-03-01 19:00:00+00,2026-03-14 08:50:41.047316+00,,
eb86078a-7827-4098-8bb1-2fc8edb5ad32,a6707819-7f9c-4968-ad8e-badfec24bef2,-2500,Sale,INV-2026-03-00022||line:c3da2b63-734f-4852-b61a-38ac26906bdd||/sales/invoices/6dbd178f-9249-4089-b9c9-2326e7a26cc4,Al-Qamar Atta(Green) - 20,2026-03-01 19:00:00+00,2026-03-14 08:50:41.047316+00,,
8d97b2d8-d521-44cf-bf82-4d9e5311f704,e646adf3-e04a-4919-8dd4-d53927f5584b,-1000,Sale,INV-2026-03-00024||line:146fcb00-91ab-482d-b673-8978f66041b8||/sales/invoices/ed05a193-7316-4d05-97c8-40afa4bc1884,Al-Qamar Atta(Green) - 10,2026-03-01 19:00:00+00,2026-03-14 08:50:41.047316+00,,
24b1ee87-01f2-4234-aaf8-dab1da878c0b,a6707819-7f9c-4968-ad8e-badfec24bef2,-4000,Sale,INV-2026-03-00024||line:e7995368-4ade-4fb3-8914-35723b87b26e||/sales/invoices/ed05a193-7316-4d05-97c8-40afa4bc1884,Al-Qamar Atta(Green) - 20,2026-03-01 19:00:00+00,2026-03-14 08:50:41.047316+00,,
076fc4de-382e-4bed-b1c2-f6cdbc62c1f5,2c981082-c3ab-47b1-99c3-c34fe22ee02c,-3680,Sale,INV-2026-03-00025||line:7a4fb547-5f0e-446e-bc4c-bc27369f0167||/sales/invoices/ec9d63b8-d309-4d4f-8194-c4fccc5da583,Premium Fine - 80,2026-03-01 19:00:00+00,2026-03-14 08:50:41.047316+00,,
45199543-f618-4874-b9eb-a2dc61ab5072,d9964e90-72ce-482b-8a17-7651628e223e,80,Adjustment,Manual Adjustment,For Sale Invoice,2026-03-18 12:59:29.284129+00,2026-03-18 12:59:29.284129+00,,
5534585a-32e9-43aa-9d5b-fddf2d34d993,2c981082-c3ab-47b1-99c3-c34fe22ee02c,-2000,Sale,INV-2026-03-00026||line:7b7881de-0752-406b-8212-58a8dbe0c847||/sales/invoices/3b30a9a3-3032-40f8-95e0-e2d618e25c23,Premium Fine - 80,2026-03-01 19:00:00+00,2026-03-14 08:50:41.047316+00,,
fdb39220-0909-489b-a474-0fcccccb66b4,e646adf3-e04a-4919-8dd4-d53927f5584b,-10,Sale,INV-2026-03-00158||/sales/invoices/904d8b75-fd5f-4863-8421-575fe4e8c40c||line:3e268e59-83da-433b-89a2-62be96ca7dbf,Al-Qamar Atta(Green) - 10,2026-03-17 19:00:00+00,2026-03-25 12:53:40.571672+00,,
3d1e73d6-82df-4f23-99dc-8f3ee99fadaa,396eef73-791a-465c-ae17-b78505b08d5f,-5680,Adjustment,Manual Adjustment,Wrong opening,2026-03-10 10:55:59.862634+00,2026-03-10 10:55:59.862634+00,,
522f84c4-0747-4bbb-8919-3696b2861683,e560c8fd-332b-48cb-b7de-125a590bcb0c,-3200,Sale,INV-2026-03-00026||line:2fc6c532-099b-411c-bbc7-7c35963911f6||/sales/invoices/3b30a9a3-3032-40f8-95e0-e2d618e25c23,Premium Maida - 80,2026-03-01 19:00:00+00,2026-03-14 08:50:41.047316+00,,
cffa1c20-32a1-4f49-a8d1-b673827d1a6a,18568477-1a69-413a-b5bd-94333c860750,-6358,Sale,INV-2026-03-00028||line:9cd2008f-50fe-4a2f-9175-4aaa94d9fff5||/sales/invoices/7e4dbfcf-a0f5-4838-b939-0a85f2538c0b,Premium Bran - 34,2026-03-01 19:00:00+00,2026-03-14 08:50:41.047316+00,,
2ce10b9d-338e-4642-b50d-5a53f937ecf2,a6707819-7f9c-4968-ad8e-badfec24bef2,-20,Sale,INV-2026-03-00030||line:4cc3e14b-a54c-44a1-aa82-0d5b4f4b03f1||/sales/invoices/7fe198da-cb21-4ef8-bffa-93340de431b2,Al-Qamar Atta(Green) - 20,2026-03-02 19:00:00+00,2026-03-14 08:50:41.047316+00,,
ae0efcd1-ac4c-4348-bd89-208448982357,2c981082-c3ab-47b1-99c3-c34fe22ee02c,-2480,Sale,INV-2026-03-00031||line:09b12c87-746d-4040-8836-521952eb6e9a||/sales/invoices/1812ebd1-f48b-42f7-b91f-bc65bf271368,Premium Fine - 80,2026-03-02 19:00:00+00,2026-03-14 08:50:41.047316+00,,
efdff031-b295-445d-973b-c05763497c5b,5ffd5921-5ad2-4d30-b598-4337f1a39464,-5000,Sale,INV-2026-03-00034||line:7427f342-9b33-445c-9b00-944635eb7f85||/sales/invoices/0eda7ef6-3353-439b-ab20-92c4cd913c3c,Premium Atta - 20,2026-03-02 19:00:00+00,2026-03-14 08:50:41.047316+00,,
d6c8283a-c037-469f-930c-f829ef65e23d,a6707819-7f9c-4968-ad8e-badfec24bef2,-40,Sale,INV-2026-03-00036||line:a460dc3a-71ad-4ef3-ac34-d61adef9adce||/sales/invoices/94c3fff1-4236-49c5-8697-fef944157ad9,Al-Qamar Atta(Green) - 20,2026-03-02 19:00:00+00,2026-03-14 08:50:41.047316+00,,
0178dcf5-509e-4410-82ce-5daa32e97caf,e646adf3-e04a-4919-8dd4-d53927f5584b,-310,Sale,INV-2026-03-00061||/sales/invoices/0e1bb7aa-c26c-4944-ae88-363f32efc8c8,Al-Qamar Atta(Green) - 10,2026-03-05 19:00:00+00,2026-03-10 11:30:49.5114+00,,
11ad5fdd-ec51-4148-8787-308d421c00cd,d23536f3-0d86-4dcd-934e-9085566d4dc7,65146.95,Purchase,PO-2026-04-00030||/purchase/995723f1-b564-47a2-99b8-e20d8fb68afb/edit||line:e68d9d76-f8af-40ef-8892-c88c00740609,Wheat,2026-04-09 18:59:59.999+00,2026-04-09 07:19:48.302522+00,,
7627998b-1d3d-4f98-a77d-53335e98c12b,d23536f3-0d86-4dcd-934e-9085566d4dc7,658.05,Purchase,PO-2026-04-00030||/purchase/995723f1-b564-47a2-99b8-e20d8fb68afb/edit||line:dbdc7934-71e9-4fbe-86bd-d9e7af06330f,Wheat - Kaat,2026-04-09 18:59:59.999+00,2026-04-09 07:19:49.105433+00,,
37fcaa5a-e19b-455d-9246-f290ea690260,e646adf3-e04a-4919-8dd4-d53927f5584b,-500,Sale,INV-2026-03-00033||line:f2cdf8af-c3d6-4129-90ac-e9bace287d28||/sales/invoices/5adb7411-bf57-4ea7-9961-cda87141bd78,Al-Qamar Atta(Green) - 10,2026-03-02 19:00:00+00,2026-03-14 08:50:41.047316+00,,
eac9d43f-761e-453e-a511-d489e7f54abf,8b945707-4cb1-4e34-8d12-92da06120bd2,-68,Production,MO-2026-04-00021||/production/68e340b3-db0a-4942-857f-6106520d8813/edit||comp:898a4b24-8eea-49ad-91b9-fd974df6f985,Component Consumption,2026-04-03 18:59:59.999+00,2026-04-09 13:45:37.954873+00,,
823ac608-8aca-48e4-8f59-514c87849a42,2c981082-c3ab-47b1-99c3-c34fe22ee02c,5440,Production,MO-2026-04-00021||/production/68e340b3-db0a-4942-857f-6106520d8813/edit||fg:9e20efa0-335d-4d76-acd4-ad7a293e701f,Finished Goods Production,2026-04-03 18:59:59.999+00,2026-04-09 13:45:39.707281+00,,
17f51302-0569-4f44-b3a5-6bcdad79f2a2,da5c9701-b165-4fcf-85ac-7d8abfba8e6b,-204,Production,MO-2026-04-00026||/production/3ba861e1-e4de-486a-89fa-6ffc9572d38c/edit||comp:e75f9fb0-3065-4e0d-8f0f-71d47d30b281,Component Consumption,2026-04-09 18:59:59.999+00,2026-04-10 11:30:44.033215+00,,
71b1d1e2-67c7-43c9-b0ca-793024f19676,18568477-1a69-413a-b5bd-94333c860750,-4998,Sale,INV-2026-04-00197||/sales/invoices/83bb41ff-3ca6-49b4-8cfd-05f2d1cf4377||line:92570f39-18b5-4799-928e-6eb8c1619ee5,Premium Bran - 34,2026-04-01 19:00:00+00,2026-04-10 12:33:58.389105+00,,
c8ab4ddf-ff34-4288-b3b4-815e0f12efbd,8851e237-ca39-487c-a35f-e28fe711d32c,-250,Sale,INV-2026-04-00221||/sales/invoices/2403b377-4f44-4b66-bf83-813c3dbeeff1||line:3dddccf8-c8c0-444c-8d12-301aef536003,Premium Maida - 50,2026-04-03 19:00:00+00,2026-04-10 14:14:14.299667+00,,
ba78260e-b142-4ba2-9fa0-148981f96508,e646adf3-e04a-4919-8dd4-d53927f5584b,-10,Sale,INV-2026-04-00236||/sales/invoices/a61b3635-be56-4513-8dd5-4761db571dbf||line:f6e9de8c-2375-4c6a-b116-9bd5433c13cd,Al-Qamar Atta(Green) - 10,2026-04-05 19:00:00+00,2026-04-11 10:56:04.490704+00,,
83501eab-294d-41ae-b6a9-5638502cf11c,3fbbd2fb-4cd6-40e6-8856-26ef2c823bc5,-4050,Sale,INV-2026-04-00261||/sales/invoices/7d925ef2-f365-4ec9-b855-420c297092e3||line:1167ba83-ebb0-4a96-a3d3-1568208a53d5,Premium Atta - 15,2026-04-07 19:00:00+00,2026-04-11 12:03:41.628572+00,,
8e887c1d-6b66-453a-9f99-7372164b6737,e646adf3-e04a-4919-8dd4-d53927f5584b,-1000,Sale,INV-2026-04-00284||/sales/invoices/27fe6607-7b7a-4779-8940-166c2d05699b||line:cd8f2828-28ac-44ec-a560-91b388cf446e,Al-Qamar Atta(Green) - 10,2026-04-09 19:00:00+00,2026-04-11 13:03:03.777233+00,,
b6c71b31-937a-4798-aec1-0063fed5db4a,a6707819-7f9c-4968-ad8e-badfec24bef2,-4000,Sale,INV-2026-03-00033||line:e8e09225-e6fe-41db-80b7-626d9890a21c||/sales/invoices/5adb7411-bf57-4ea7-9961-cda87141bd78,Al-Qamar Atta(Green) - 20,2026-03-02 19:00:00+00,2026-03-14 08:50:41.047316+00,,
085c03cf-5e9b-4ef3-bd4b-316631d9da85,e646adf3-e04a-4919-8dd4-d53927f5584b,-1000,Sale,INV-2026-03-00042||line:8889541a-a110-4191-8b01-04f07e4490fc||/sales/invoices/0f7e3b0e-ba23-4d55-b33f-e41854146fdb,Al-Qamar Atta(Green) - 10,2026-03-03 19:00:00+00,2026-03-14 08:50:41.047316+00,,
ec5e3118-a89a-4254-9858-06f3b578366c,a6707819-7f9c-4968-ad8e-badfec24bef2,-3500,Sale,INV-2026-03-00042||line:cd9ea7f8-ab4b-447b-a6c3-a99ff101bb8d||/sales/invoices/0f7e3b0e-ba23-4d55-b33f-e41854146fdb,Al-Qamar Atta(Green) - 20,2026-03-03 19:00:00+00,2026-03-14 08:50:41.047316+00,,
5e37d82d-1213-49e4-b00b-169838523a37,e646adf3-e04a-4919-8dd4-d53927f5584b,-500,Sale,INV-2026-03-00043||line:83198b1c-eae7-44ad-9e9c-ed9ccbf35d5e||/sales/invoices/02387e1a-8a72-47ce-894f-94a6d53dbc8e,Al-Qamar Atta(Green) - 10,2026-03-03 19:00:00+00,2026-03-14 08:50:41.047316+00,,
7b25d5ad-758d-4e2d-8b6e-523ea9e76ff3,a6707819-7f9c-4968-ad8e-badfec24bef2,-1000,Sale,INV-2026-03-00043||line:fcb3616c-ead1-4077-8afe-28859e98b7a9||/sales/invoices/02387e1a-8a72-47ce-894f-94a6d53dbc8e,Al-Qamar Atta(Green) - 20,2026-03-03 19:00:00+00,2026-03-14 08:50:41.047316+00,,
8b1989c5-ec93-41ef-8f7d-d1230d22cc42,e646adf3-e04a-4919-8dd4-d53927f5584b,-1000,Sale,INV-2026-03-00044||line:3d1d8294-a026-4b76-802e-40b661ccffe2||/sales/invoices/7a6475d0-00b7-48e1-9046-ec7aa724115f,Al-Qamar Atta(Green) - 10,2026-03-03 19:00:00+00,2026-03-14 08:50:41.047316+00,,
1feb83a7-ecdd-4ab0-81d8-6044d54edc0d,a6707819-7f9c-4968-ad8e-badfec24bef2,-1000,Sale,INV-2026-03-00044||line:a1b5590f-57ea-4a61-9088-f74533a9345d||/sales/invoices/7a6475d0-00b7-48e1-9046-ec7aa724115f,Al-Qamar Atta(Green) - 20,2026-03-03 19:00:00+00,2026-03-14 08:50:41.047316+00,,
7dc922dc-ae29-411e-a45d-68daedf1da54,2c981082-c3ab-47b1-99c3-c34fe22ee02c,-640,Sale,INV-2026-03-00046||line:6c221d3e-7e68-4b84-9827-72d5ddb62756||/sales/invoices/0cda8554-351c-40d6-a0a0-755bb57f5886,Premium Fine - 80,2026-03-03 19:00:00+00,2026-03-14 08:50:41.047316+00,,
04d4d2c2-53d7-4fdc-bf5f-636c785a7df3,e646adf3-e04a-4919-8dd4-d53927f5584b,-1000,Sale,INV-2026-03-00041||line:3ee94fbf-5828-432c-bc99-7bf5e1d0d9c8||/sales/invoices/4c3e4a02-6301-4e70-8d13-096990c764d7,Al-Qamar Atta(Green) - 10,2026-03-03 19:00:00+00,2026-03-14 08:50:41.047316+00,,
fc884492-b940-42c0-a173-07e06792c19d,a6707819-7f9c-4968-ad8e-badfec24bef2,-3000,Sale,INV-2026-03-00041||line:5d9beb75-5d14-49ba-8244-b053c8751d5e||/sales/invoices/4c3e4a02-6301-4e70-8d13-096990c764d7,Al-Qamar Atta(Green) - 20,2026-03-03 19:00:00+00,2026-03-14 08:50:41.047316+00,,
ea72c104-a1d4-4c1c-93fa-a067de07fa52,e646adf3-e04a-4919-8dd4-d53927f5584b,-3000,Sale,INV-2026-03-00037||line:faa00148-ae0b-4983-88fa-e51feade0d0c||/sales/invoices/ca7b50dc-eaac-45bb-9802-2b3dab5a3979,Al-Qamar Atta(Green) - 10,2026-03-03 19:00:00+00,2026-03-14 08:50:41.047316+00,,
05bce3c3-0c31-4b5b-8606-8edfc603efcd,a6707819-7f9c-4968-ad8e-badfec24bef2,-2000,Sale,INV-2026-03-00037||line:30a29c24-725e-46d9-b6e0-dbd73ca6f7f7||/sales/invoices/ca7b50dc-eaac-45bb-9802-2b3dab5a3979,Al-Qamar Atta(Green) - 20,2026-03-03 19:00:00+00,2026-03-14 08:50:41.047316+00,,
a3bc7e32-35a6-4ff4-b00c-68c23fa42a7a,e646adf3-e04a-4919-8dd4-d53927f5584b,-500,Sale,INV-2026-03-00035||line:d63f70a8-586e-42ab-b70b-4ce4ab8ed44d||/sales/invoices/3e9fca32-9904-41e8-8af0-cf839a39aa6c,Al-Qamar Atta(Green) - 10,2026-03-02 19:00:00+00,2026-03-14 08:50:41.047316+00,,
9b4df300-32db-401d-a59d-afcadf4c55d5,a6707819-7f9c-4968-ad8e-badfec24bef2,-3000,Sale,INV-2026-03-00035||line:c41433c7-5453-473f-a846-3511fe72d414||/sales/invoices/3e9fca32-9904-41e8-8af0-cf839a39aa6c,Al-Qamar Atta(Green) - 20,2026-03-02 19:00:00+00,2026-03-14 08:50:41.047316+00,,
7c86883f-a10a-482c-8a7c-dc1c32b42ac2,e646adf3-e04a-4919-8dd4-d53927f5584b,-3000,Sale,INV-2026-03-00032||line:9973cfc5-c1bd-40bc-b70d-1e71f0c41226||/sales/invoices/0a5c8a21-3d9c-4161-90c0-990cb5342513,Al-Qamar Atta(Green) - 10,2026-03-02 19:00:00+00,2026-03-14 08:50:41.047316+00,,
472bc3c6-9937-41ef-83d5-f07633a9158d,a6707819-7f9c-4968-ad8e-badfec24bef2,-1000,Sale,INV-2026-03-00032||line:738e59ec-a4a1-44b9-a551-913a031f68fd||/sales/invoices/0a5c8a21-3d9c-4161-90c0-990cb5342513,Al-Qamar Atta(Green) - 20,2026-03-02 19:00:00+00,2026-03-14 08:50:41.047316+00,,
b85c478a-bfba-4a4f-ab26-37aee0170b8d,a6707819-7f9c-4968-ad8e-badfec24bef2,-20,Sale,INV-2026-03-00047||line:d2e17e32-e58b-45d5-b86a-b7ae1bdf6f02||/sales/invoices/d86dc2b3-9b42-4106-a21d-56234405a66a,Al-Qamar Atta(Green) - 20,2026-03-02 19:00:00+00,2026-03-14 08:50:41.047316+00,,
4a6c5781-2a47-4038-9842-b2eef1d4160a,e560c8fd-332b-48cb-b7de-125a590bcb0c,-160,Sale,INV-2026-03-00048||line:db5a2133-7417-44dd-a11e-c9917e8885c9||/sales/invoices/485098e8-272e-4da5-b53c-c5ed8f191d38,Premium Maida - 80,2026-03-04 19:00:00+00,2026-03-14 08:50:41.047316+00,,
17e9adfa-0f6c-43fc-b195-55a5354cf999,a6707819-7f9c-4968-ad8e-badfec24bef2,-2000,Sale,INV-2026-03-00049||line:c089381e-824c-461c-9d61-977cc9d65ec4||/sales/invoices/bf65ce07-e26e-47e2-84b3-4b63a510d45f,Al-Qamar Atta(Green) - 20,2026-03-04 19:00:00+00,2026-03-14 08:50:41.047316+00,,
d6030e6d-5fbc-4867-8846-8595fc853ee4,29f97aa5-e538-4261-b69f-6b1a394015c9,-10800,Sale,INV-2026-03-00079||/sales/invoices/10111cd2-bb33-4ccb-8978-a045ddb5bb8f,Wheat Bardana - Standard,2026-03-08 19:00:00+00,2026-03-12 06:59:42.342925+00,,
3a1d89cd-ec95-4dbd-8f62-17eb046db74d,e646adf3-e04a-4919-8dd4-d53927f5584b,-1000,Sale,INV-2026-03-00050||line:f5d98e3e-6a2d-448f-8221-05bc2fb7a1e2||/sales/invoices/497a9c92-ca4d-4ae9-83c8-93efbb5c4239,Al-Qamar Atta(Green) - 10,2026-03-04 19:00:00+00,2026-03-14 08:50:41.047316+00,,
67a06d02-b11b-4d3d-abf2-e82e1cf3623b,a6707819-7f9c-4968-ad8e-badfec24bef2,280,Conversion,CONV-1773483999878,Stock Conversion (Destination),2026-03-14 10:26:40.443+00,2026-03-14 10:26:40.452329+00,,
0263d5cb-d663-46e4-a660-8b69bfedea59,6e635acf-ca3f-406a-9177-bdaa6406317e,5,Production,MO-2026-03-00016||/production/9834ac7d-ae8a-4995-94e5-d206bace7dd3/edit||fg:be988ccd-b236-4246-b895-4cb7dd79c258,Finished Goods Production,2026-03-16 06:33:13.966+00,2026-03-18 06:33:13.986902+00,,
c11b2a29-66c7-46fa-96d7-eebfed9a6a62,d9964e90-72ce-482b-8a17-7651628e223e,-80,Sale,INV-2026-03-00140||/sales/invoices/f96aa88f-745d-45f9-b664-0f2987cfc91e||line:5051ca87-5650-4606-86bf-14e28cca6560,Refraction (Mamni) - Standard,2026-03-16 19:00:00+00,2026-03-18 13:02:24.182328+00,,
d76a7684-d227-45ff-a0fa-f30d120c4362,e646adf3-e04a-4919-8dd4-d53927f5584b,-20,Sale,INV-2026-03-00159||/sales/invoices/6f1d65b7-8172-4aaf-b159-2dcf343ac23f||line:129e7eef-7962-45e7-8169-c94631361871,Al-Qamar Atta(Green) - 10,2026-03-17 19:00:00+00,2026-03-25 12:54:39.865979+00,,
7128f18c-c0d5-4955-aefe-fbba5c9ccf37,29f97aa5-e538-4261-b69f-6b1a394015c9,1309,Purchase,PO-2026-04-00030||/purchase/995723f1-b564-47a2-99b8-e20d8fb68afb/edit||line:665b542b-ebc2-41d2-a63a-b40fa6aaa95e,Wheat Bardana,2026-04-09 18:59:59.999+00,2026-04-09 07:19:48.723206+00,,
3652eac0-bd32-43c6-8d33-2c3bf5a460aa,a40b07a6-2948-489d-8dec-5e206ba38989,-728,Production,MO-2026-04-00021||/production/68e340b3-db0a-4942-857f-6106520d8813/edit||comp:3360bb44-38e7-4828-ae01-452e10766782,Component Consumption,2026-04-03 18:59:59.999+00,2026-04-09 13:45:38.207699+00,,
1c93c14c-9053-42d5-a810-d11adbb14992,c8ca813c-e4be-428e-aef8-503eeeb948b7,-67,Production,MO-2026-04-00026||/production/3ba861e1-e4de-486a-89fa-6ffc9572d38c/edit||comp:ee5a3a02-514b-4671-8bef-c1ea95881434,Component Consumption,2026-04-09 18:59:59.999+00,2026-04-10 11:30:44.317713+00,,
90c29f8d-67fe-4dc6-8802-36508a660942,18568477-1a69-413a-b5bd-94333c860750,6936,Production,MO-2026-04-00026||/production/3ba861e1-e4de-486a-89fa-6ffc9572d38c/edit||fg:b5cc4334-568a-43b0-b704-886d69a0f6c5,Finished Goods Production,2026-04-09 18:59:59.999+00,2026-04-10 11:30:45.517153+00,,
a5171359-246d-4235-8f19-315a90f40bf0,937ec71e-d35e-4c0a-b48a-7e72d77e86c1,13155,Production,MO-2026-04-00026||/production/3ba861e1-e4de-486a-89fa-6ffc9572d38c/edit||fg:c711025d-5824-4728-bcce-11dba9850150,Finished Goods Production,2026-04-09 18:59:59.999+00,2026-04-10 11:30:46.92798+00,,
f2ec7483-8c3f-4cbb-82a2-d44d086f5442,e646adf3-e04a-4919-8dd4-d53927f5584b,-500,Sale,INV-2026-04-00198||/sales/invoices/d0c0a096-29f2-4426-a986-a7b67de60f43||line:1f2d3726-98b3-4586-94cc-f25d13489bd0,Al-Qamar Atta(Green) - 10,2026-04-01 19:00:00+00,2026-04-10 12:35:10.492177+00,,
13b65fe2-7997-4ced-9a3a-1c8e878c412e,1066c1db-bbd7-4256-a751-f5cbf463f8a3,-1500,Sale,INV-2026-04-00221||/sales/invoices/2403b377-4f44-4b66-bf83-813c3dbeeff1||line:9c577944-868f-48bf-afc1-7d2f55938925,Al-Qamar Atta - 15,2026-04-03 19:00:00+00,2026-04-10 14:14:14.840246+00,,
6f127dea-0d14-4f14-a7de-e06937f4b1a8,8851e237-ca39-487c-a35f-e28fe711d32c,-50,Sale,INV-2026-04-00237||/sales/invoices/ab77639a-5334-41e2-a742-59a8605e3f2f||line:ad879abe-8c87-465e-b0ea-21bc01370269,Premium Maida - 50,2026-04-05 19:00:00+00,2026-04-11 10:57:07.716152+00,,
5d29c848-8423-406f-a07c-7845d4647297,2c981082-c3ab-47b1-99c3-c34fe22ee02c,-1600,Sale,INV-2026-04-00261||/sales/invoices/7d925ef2-f365-4ec9-b855-420c297092e3||line:0b7e3f01-d667-42d5-bf56-c0ed91959ad5,Premium Fine - 80,2026-04-07 19:00:00+00,2026-04-11 12:03:41.995675+00,,
4df3c610-2193-476e-8331-f9c152d46c9a,a6707819-7f9c-4968-ad8e-badfec24bef2,-3780,Sale,INV-2026-04-00284||/sales/invoices/27fe6607-7b7a-4779-8940-166c2d05699b||line:0bee43f5-e054-45c9-be77-c57339f99095,Al-Qamar Atta(Green) - 20,2026-04-09 19:00:00+00,2026-04-11 13:03:04.105461+00,,
4e51e9b4-3e2f-4289-83ca-c1e4acb62888,a6707819-7f9c-4968-ad8e-badfec24bef2,-4000,Sale,INV-2026-03-00050||line:b1f4350f-740d-41eb-9b4f-4a55aecbe3c9||/sales/invoices/497a9c92-ca4d-4ae9-83c8-93efbb5c4239,Al-Qamar Atta(Green) - 20,2026-03-04 19:00:00+00,2026-03-14 08:50:41.047316+00,,
e34624d5-bc2c-482b-b875-ba2da27bad02,a6707819-7f9c-4968-ad8e-badfec24bef2,-20,Sale,INV-2026-03-00051||line:dc27f541-74e1-4658-86fb-29f1a8b7beb4||/sales/invoices/e86fc6e4-9bfb-48b8-b273-48345f7dd62d,Al-Qamar Atta(Green) - 20,2026-03-04 19:00:00+00,2026-03-14 08:50:41.047316+00,,
9c50331b-b473-4ff2-a179-36a5fb1432fb,e646adf3-e04a-4919-8dd4-d53927f5584b,-1000,Sale,INV-2026-03-00052||line:b33e31a9-8315-4660-952c-727fe07496a2||/sales/invoices/32cbccee-5bdd-44b8-94ad-c1b4ce12c303,Al-Qamar Atta(Green) - 10,2026-03-04 19:00:00+00,2026-03-14 08:50:41.047316+00,,
ab720f88-328f-4e14-8a91-306ed5bf1ecc,a6707819-7f9c-4968-ad8e-badfec24bef2,-4000,Sale,INV-2026-03-00052||line:ab35f38a-046e-4522-8dc6-b925d66cf769||/sales/invoices/32cbccee-5bdd-44b8-94ad-c1b4ce12c303,Al-Qamar Atta(Green) - 20,2026-03-04 19:00:00+00,2026-03-14 08:50:41.047316+00,,
464ecad3-3b6f-4d58-b0d2-25af45d61ad6,e646adf3-e04a-4919-8dd4-d53927f5584b,-1000,Sale,INV-2026-03-00053||line:236971d6-6d70-4d48-896e-00e8dde3eadf||/sales/invoices/f68c8617-553d-4f7e-9457-2877fe85ed80,Al-Qamar Atta(Green) - 10,2026-03-04 19:00:00+00,2026-03-14 08:50:41.047316+00,,
593741b6-d664-4cd8-bdff-005599aa51e1,a6707819-7f9c-4968-ad8e-badfec24bef2,-2500,Sale,INV-2026-03-00053||line:93814a39-524f-483d-950d-67b47fd4f1d3||/sales/invoices/f68c8617-553d-4f7e-9457-2877fe85ed80,Al-Qamar Atta(Green) - 20,2026-03-04 19:00:00+00,2026-03-14 08:50:41.047316+00,,
44993104-d92b-4369-b345-c89939102c70,e646adf3-e04a-4919-8dd4-d53927f5584b,-1000,Sale,INV-2026-03-00054||line:cd45eb4e-f6ae-437c-9a57-c001431d701f||/sales/invoices/52966d59-af5f-4db1-a838-94b04dd2085e,Al-Qamar Atta(Green) - 10,2026-03-04 19:00:00+00,2026-03-14 08:50:41.047316+00,,
11d2bf48-110e-44d2-a62d-690eeb3ed21c,a6707819-7f9c-4968-ad8e-badfec24bef2,-1000,Sale,INV-2026-03-00054||line:6d9d6747-9394-4174-9982-710541fb132d||/sales/invoices/52966d59-af5f-4db1-a838-94b04dd2085e,Al-Qamar Atta(Green) - 20,2026-03-04 19:00:00+00,2026-03-14 08:50:41.047316+00,,
0bd52ff0-f2bc-471d-bbb0-5b3baad29b3b,e646adf3-e04a-4919-8dd4-d53927f5584b,-1000,Sale,INV-2026-03-00055||line:37b38c97-5e59-42cf-a087-a7a2a1ec55bc||/sales/invoices/d0bc4de8-8de2-4d5a-9112-a1d6973d490c,Al-Qamar Atta(Green) - 10,2026-03-04 19:00:00+00,2026-03-14 08:50:41.047316+00,,
b489aa12-5c6e-4c5c-9a81-00a1453bdb29,a6707819-7f9c-4968-ad8e-badfec24bef2,-2000,Sale,INV-2026-03-00055||line:1bd3747a-bbd9-4840-85dd-0e6f173fa800||/sales/invoices/d0bc4de8-8de2-4d5a-9112-a1d6973d490c,Al-Qamar Atta(Green) - 20,2026-03-04 19:00:00+00,2026-03-14 08:50:41.047316+00,,
869901e1-7d2a-4250-98a0-e235c1b25b1e,18568477-1a69-413a-b5bd-94333c860750,-10200,Sale,INV-2026-03-00056||line:3a5664ee-29d0-463d-8d40-8ea8d918a2c4||/sales/invoices/873aaec4-718d-4f68-aee0-2f8c37bcaaec,Premium Bran - 34,2026-03-04 19:00:00+00,2026-03-14 08:50:41.047316+00,,
d597fbdf-0f0a-409c-8492-1a5f329de023,e646adf3-e04a-4919-8dd4-d53927f5584b,-1000,Sale,INV-2026-03-00057||line:9eb0d4f9-6779-4832-b77a-309a36550f97||/sales/invoices/9eb016de-7668-477d-8650-331a3e96bd14,Al-Qamar Atta(Green) - 10,2026-03-05 19:00:00+00,2026-03-14 08:50:41.047316+00,,
b1900e94-2b41-4d42-a0ef-1091efb208ba,a6707819-7f9c-4968-ad8e-badfec24bef2,-4000,Sale,INV-2026-03-00057||line:12267192-9f8d-4397-ac6d-f61bd196b4ea||/sales/invoices/9eb016de-7668-477d-8650-331a3e96bd14,Al-Qamar Atta(Green) - 20,2026-03-05 19:00:00+00,2026-03-14 08:50:41.047316+00,,
f4b0b414-856c-4c24-b208-0ae19fb7f876,937ec71e-d35e-4c0a-b48a-7e72d77e86c1,-30,Conversion,CONV-1773484091561,Stock Conversion (Source),2026-03-14 10:28:12+00,2026-03-14 10:28:12.013491+00,,
e909b365-a16e-4ac8-8088-bf832b20a0a7,2725799f-a307-4777-8b00-84f03278ab57,-1,Conversion,CONV-1773484091561,Packaging for 20,2026-03-14 10:28:12.234+00,2026-03-14 10:28:12.243588+00,,
dfe51ef9-6118-4692-b917-8751d5c0a03b,b2f8974f-ab3c-4880-a03d-6d3b29d26c57,-1,Conversion,CONV-1773484091561,Packaging for 10,2026-03-14 10:28:12.465+00,2026-03-14 10:28:12.478693+00,,
0913b5e2-dfa5-49c6-8c36-5930d5c543b5,a6707819-7f9c-4968-ad8e-badfec24bef2,420,Production,MO-2026-03-00016||/production/9834ac7d-ae8a-4995-94e5-d206bace7dd3/edit||fg:9379b2a6-4705-4a5a-87f8-bdf7b726dd51,Finished Goods Production,2026-03-16 06:33:14.696+00,2026-03-18 06:33:14.718739+00,,
93b18d37-15cc-4eb6-8a17-0e71f3c7c0c9,a6707819-7f9c-4968-ad8e-badfec24bef2,-20,Sale,INV-2026-03-00141||/sales/invoices/6d2eb58c-86c4-418d-8d95-3d1cb7179a37||line:8e92eb52-2fd7-4c0b-a916-7d35d57bfa78,Al-Qamar Atta(Green) - 20,2026-03-16 19:00:00+00,2026-03-18 13:03:26.86501+00,,
0e289a03-469a-4718-ba13-149a510a2267,2c981082-c3ab-47b1-99c3-c34fe22ee02c,-3200,Sale,INV-2026-03-00058||line:b6ee7e9a-f621-4f5e-9493-cda7905683e4||/sales/invoices/cbed194d-e2c8-4f5f-bf41-6c8b4a2c4907,Premium Fine - 80,2026-03-05 19:00:00+00,2026-03-14 08:50:41.047316+00,,
daa9a240-bfe8-421c-b040-120ed87d3db2,e646adf3-e04a-4919-8dd4-d53927f5584b,-500,Sale,INV-2026-03-00059||line:055963df-1dea-4f3b-82d6-06a389f66275||/sales/invoices/b28e500e-6412-4ffa-b68d-168c1a1a9df1,Al-Qamar Atta(Green) - 10,2026-03-05 19:00:00+00,2026-03-14 08:50:41.047316+00,,
b4139bb2-5b3d-4ac2-a38e-ea8110492308,a6707819-7f9c-4968-ad8e-badfec24bef2,-1500,Sale,INV-2026-03-00059||line:bb8a64e0-7064-4c9a-ac64-6a42023bbba1||/sales/invoices/b28e500e-6412-4ffa-b68d-168c1a1a9df1,Al-Qamar Atta(Green) - 20,2026-03-05 19:00:00+00,2026-03-14 08:50:41.047316+00,,
83c70514-8ea8-4bc2-95bc-fbd0300f92ce,a6707819-7f9c-4968-ad8e-badfec24bef2,-3000,Sale,INV-2026-03-00060||line:8d4b5bcc-9986-4c24-8094-ecd574b4ae52||/sales/invoices/5aa13181-ee5e-434e-8155-826caa984a9f,Al-Qamar Atta(Green) - 20,2026-03-05 19:00:00+00,2026-03-14 08:50:41.047316+00,,
31f396c1-c44c-4858-9e1b-f3d040cccd96,e646adf3-e04a-4919-8dd4-d53927f5584b,-500,Sale,INV-2026-03-00063||line:9e0ca556-594d-46cd-a2e0-c225fb2d5936||/sales/invoices/9f27c5a8-98a6-431f-bc7d-718b6886c4e8,Al-Qamar Atta(Green) - 10,2026-03-06 19:00:00+00,2026-03-14 08:50:41.047316+00,,
e94e4023-0202-4671-8328-2875f884c93d,a6707819-7f9c-4968-ad8e-badfec24bef2,-2500,Sale,INV-2026-03-00063||line:b4dc72df-9512-4169-ae3a-b70529df217b||/sales/invoices/9f27c5a8-98a6-431f-bc7d-718b6886c4e8,Al-Qamar Atta(Green) - 20,2026-03-06 19:00:00+00,2026-03-14 08:50:41.047316+00,,
13d00a08-5d31-44de-b366-8474b0bbc12c,e646adf3-e04a-4919-8dd4-d53927f5584b,-2000,Sale,INV-2026-03-00064||line:1343ed3b-f306-4a50-8a59-537b3cfdb4f0||/sales/invoices/987d511f-f30f-498c-b879-1029eb0ee271,Al-Qamar Atta(Green) - 10,2026-03-06 19:00:00+00,2026-03-14 08:50:41.047316+00,,
825fca32-89d2-45e2-b2fc-8d8416d97b60,a6707819-7f9c-4968-ad8e-badfec24bef2,-3000,Sale,INV-2026-03-00064||line:fd54cfee-91bd-43b9-99c1-07c35c7a347a||/sales/invoices/987d511f-f30f-498c-b879-1029eb0ee271,Al-Qamar Atta(Green) - 20,2026-03-06 19:00:00+00,2026-03-14 08:50:41.047316+00,,
98eade04-c9c6-45fa-a074-63e9ab0fe6a6,e646adf3-e04a-4919-8dd4-d53927f5584b,-2000,Sale,INV-2026-03-00065||line:882f277a-95b6-4a8f-993d-7ae258f8af6d||/sales/invoices/88a8cda0-132f-42d0-b12e-819c7d825aa9,Al-Qamar Atta(Green) - 10,2026-03-06 19:00:00+00,2026-03-14 08:50:41.047316+00,,
7c9100b9-a761-40f5-9792-69d095aba251,7228dd62-c775-4f2b-bc08-dda954f29958,-5,Sale,INV-2026-03-00160||/sales/invoices/9534a4a3-49fc-4a9f-9bd9-60b8837788bc||line:921162bc-ef19-4272-ac6d-5da5bea8050e,Premium Maida - 5,2026-03-17 19:00:00+00,2026-03-25 12:55:47.684465+00,,
0c0a2789-4fe7-46a8-9861-88fc6fe61227,18568477-1a69-413a-b5bd-94333c860750,-15810,Sale,INV-2026-03-00093||/sales/invoices/2bfd618c-0235-45f4-aa6f-926a4080e607,Premium Bran - 34,2026-03-09 19:00:00+00,2026-03-12 10:30:23.985571+00,,
6370bf5a-5153-474d-94fa-fc18b82304b2,d23536f3-0d86-4dcd-934e-9085566d4dc7,25000,Purchase,PO-2026-03-00020||/purchase/bf046614-22be-45ef-b902-ed1e1b53906b/edit,Wheat,2026-03-12 10:52:19.08+00,2026-03-12 10:52:19.097658+00,,
7a75c73e-f5db-4b6c-a432-01d9931f3401,29f97aa5-e538-4261-b69f-6b1a394015c9,500,Purchase,PO-2026-03-00020||/purchase/bf046614-22be-45ef-b902-ed1e1b53906b/edit,Wheat Bardana,2026-03-12 10:52:19.462+00,2026-03-12 10:52:19.471066+00,,
b1ce1a4f-5f2d-4f5f-a0bd-d139d4ed8eeb,d23536f3-0d86-4dcd-934e-9085566d4dc7,11203,Purchase,PO-2026-04-00031||/purchase/9cf27d72-3301-4cff-b540-cfe6af849aba/edit||line:68e2b408-16fe-4c1a-98a7-5fa494431212,Wheat,2026-04-06 18:59:59.999+00,2026-04-09 08:04:27.956608+00,,
9ffd1423-e309-4fe6-91c8-7b73d6d496f2,e560c8fd-332b-48cb-b7de-125a590bcb0c,6560,Production,MO-2026-04-00021||/production/68e340b3-db0a-4942-857f-6106520d8813/edit||fg:c843626c-39d0-4878-9618-35cf2c3f169e,Finished Goods Production,2026-04-03 18:59:59.999+00,2026-04-09 13:45:39.355744+00,,
892e15bf-be92-45fb-9f7a-1d589dc28269,65415ac9-fc97-471a-b17f-1340c7b1b55a,-100,Production,MO-2026-04-00026||/production/3ba861e1-e4de-486a-89fa-6ffc9572d38c/edit||comp:926c83b8-8a1c-4a56-b3da-b16a12eb474e,Component Consumption,2026-04-09 18:59:59.999+00,2026-04-10 11:30:44.561977+00,,
8bb6870a-6e5a-4ec3-aed7-6a5e92beff30,a6707819-7f9c-4968-ad8e-badfec24bef2,-1000,Sale,INV-2026-04-00198||/sales/invoices/d0c0a096-29f2-4426-a986-a7b67de60f43||line:c17b3380-16d5-4775-87de-8520a5408f2c,Al-Qamar Atta(Green) - 20,2026-04-01 19:00:00+00,2026-04-10 12:35:10.739973+00,,
7e054963-fc12-4025-8d49-17fa7f689ab6,e560c8fd-332b-48cb-b7de-125a590bcb0c,-8000,Sale,INV-2026-03-00087||/sales/invoices/16df4f56-f707-44ff-819b-142225fba0f3,Premium Maida - 80,2026-03-09 19:00:00+00,2026-03-12 10:04:28.861823+00,,
3400e236-c635-4bfe-9fa6-6e2afa8cdd63,a6707819-7f9c-4968-ad8e-badfec24bef2,-2000,Sale,INV-2026-03-00065||line:58a6a278-f2bf-4247-94ec-33b4422ae4a7||/sales/invoices/88a8cda0-132f-42d0-b12e-819c7d825aa9,Al-Qamar Atta(Green) - 20,2026-03-06 19:00:00+00,2026-03-14 08:50:41.047316+00,,
8959a97b-4034-4eae-99fd-7aede9d18e32,a6707819-7f9c-4968-ad8e-badfec24bef2,-5000,Sale,INV-2026-03-00066||line:c594f58b-6f97-4289-8a1c-7400ea46e40e||/sales/invoices/cc6301d1-5a53-4677-b93a-b7e88468b4ba,Al-Qamar Atta(Green) - 20,2026-03-06 19:00:00+00,2026-03-14 08:50:41.047316+00,,
d29e0b6a-1439-4936-a8dc-10b9df204fd2,a6707819-7f9c-4968-ad8e-badfec24bef2,20,Conversion,CONV-1773484091561,Stock Conversion (Destination),2026-03-14 10:28:12.56+00,2026-03-14 10:28:12.570596+00,,
09efb578-bf00-408f-a3e9-2885e1081472,e646adf3-e04a-4919-8dd4-d53927f5584b,10,Conversion,CONV-1773484091561,Stock Conversion (Destination),2026-03-14 10:28:12.783+00,2026-03-14 10:28:12.793944+00,,
17742d65-7a7a-4b43-a156-1a98221d6644,d23536f3-0d86-4dcd-934e-9085566d4dc7,54216,Purchase,PO-2026-03-00021||/purchase/8f671348-3d44-49fd-9113-118d495dd1f7/edit||line:f0df6360-a785-47c1-b90f-0925b5a58ade,Wheat,2026-03-16 06:51:21.253+00,2026-03-18 06:51:21.288804+00,,
4e0580a3-f9e2-4965-949f-40fdbaba311c,29f97aa5-e538-4261-b69f-6b1a394015c9,542,Purchase,PO-2026-03-00021||/purchase/8f671348-3d44-49fd-9113-118d495dd1f7/edit||line:fb3ab0e5-bd2f-4c55-9076-bcb38f3fc092,Wheat Bardana,2026-03-16 06:51:21.682+00,2026-03-18 06:51:21.715688+00,,
c3a7b3f8-1294-433b-b843-faea05781b8b,e646adf3-e04a-4919-8dd4-d53927f5584b,1000,Sale Return,SCN-2026-03-00059||/sales/credit-notes/b878bc72-99ad-40d0-8160-86e250a5bc95||line:3fa2d24b-828b-438b-b0be-80c91dda63d4,Customer Return: Returns,2026-03-14 13:06:15.805+00,2026-03-18 13:06:15.83082+00,,
7ac1e6ec-f16e-469b-8771-365baa776e7e,2c981082-c3ab-47b1-99c3-c34fe22ee02c,5600,Adjustment,DELETED: INV-2026-03-00148 (was reversed),Original invoice was deleted on 2026-03-25,2026-03-17 19:00:00+00,2026-03-25 13:26:40.882637+00,04249cb9-eebf-426b-a9a4-e42aa57d2ee7,
33618594-afeb-41d2-87b6-7e90d364315e,e646adf3-e04a-4919-8dd4-d53927f5584b,-10,Sale,INV-2026-03-00174||/sales/invoices/4d67bdba-170a-444c-bd07-85ede94c19cf||line:9aa65af2-5f1e-4d08-a5d8-f74dc9933e92,Al-Qamar Atta(Green) - 10,2026-03-29 19:00:00+00,2026-03-31 04:54:10.378017+00,,
b84b7aaf-8b1b-4918-a652-be490402f9f0,29f97aa5-e538-4261-b69f-6b1a394015c9,113,Purchase,PO-2026-04-00031||/purchase/9cf27d72-3301-4cff-b540-cfe6af849aba/edit||line:b0f73a18-edd9-4162-96b6-c0dc13c7456e,Wheat Bardana,2026-04-06 18:59:59.999+00,2026-04-09 08:04:28.352971+00,,
c3e29b79-6ea7-41ca-871f-0b17de7cee48,d23536f3-0d86-4dcd-934e-9085566d4dc7,-50083,Production,MO-2026-04-00022||/production/07d674b2-efc9-4de7-8117-56277812b90e/edit||comp:f00bef94-ec68-446b-b58a-2f5315f25abc,Component Consumption,2026-04-04 18:59:59.999+00,2026-04-09 13:51:14.289837+00,,
b67f2000-5fd8-4a53-94c2-106cf6b1787f,e560c8fd-332b-48cb-b7de-125a590bcb0c,15600,Production,MO-2026-04-00022||/production/07d674b2-efc9-4de7-8117-56277812b90e/edit||fg:5f3e532d-577c-48a8-a583-e66c1d3492e0,Finished Goods Production,2026-04-04 18:59:59.999+00,2026-04-09 13:51:17.115086+00,,
25c46b6b-e423-4194-896b-b87acc8c9f8b,1066c1db-bbd7-4256-a751-f5cbf463f8a3,12285,Production,MO-2026-04-00022||/production/07d674b2-efc9-4de7-8117-56277812b90e/edit||fg:4491bf23-e33f-4f9a-a4be-0d4bc2775cb4,Finished Goods Production,2026-04-04 18:59:59.999+00,2026-04-09 13:51:18.320603+00,,
1bba9f11-f49a-4d4a-a4e1-ecdb3e3c35f3,8b945707-4cb1-4e34-8d12-92da06120bd2,-94,Production,MO-2026-04-00026||/production/3ba861e1-e4de-486a-89fa-6ffc9572d38c/edit||comp:4fc12aa7-b01b-44be-8d3c-d99d0df8c339,Component Consumption,2026-04-09 18:59:59.999+00,2026-04-10 11:30:44.802982+00,,
00691c40-92f3-4a4a-a317-6d95238fe541,2c981082-c3ab-47b1-99c3-c34fe22ee02c,7520,Production,MO-2026-04-00026||/production/3ba861e1-e4de-486a-89fa-6ffc9572d38c/edit||fg:d7013db4-1c23-42c1-add6-8fd1ab1dfb24,Finished Goods Production,2026-04-09 18:59:59.999+00,2026-04-10 11:30:46.521771+00,,
e9df064a-8f8d-4b00-ab0d-d894c54611d8,1066c1db-bbd7-4256-a751-f5cbf463f8a3,-2250,Sale,INV-2026-04-00198||/sales/invoices/d0c0a096-29f2-4426-a986-a7b67de60f43||line:650645a8-fbe3-4d21-a645-dd44f6afe5d8,Al-Qamar Atta - 15,2026-04-01 19:00:00+00,2026-04-10 12:35:11.006782+00,,
a131a41e-90b1-4540-9d55-79df5207a76e,1066c1db-bbd7-4256-a751-f5cbf463f8a3,-3000,Sale,INV-2026-04-00222||/sales/invoices/d720e2a6-e62e-4351-b0f7-1658984f11a1||line:de5a0c3f-3870-4ea4-8b68-88a8743392e5,Al-Qamar Atta - 15,2026-04-03 19:00:00+00,2026-04-10 14:15:07.53629+00,,
af3d2e6f-41d9-4d68-bf21-242f77ddc530,e560c8fd-332b-48cb-b7de-125a590bcb0c,-12800,Sale,INV-2026-04-00238||/sales/invoices/cd2e1589-dacf-4b90-ab21-f3e1111f350e||line:a82ef1a5-f47f-42c7-ab55-3a1ae3723b61,Premium Maida - 80,2026-04-05 19:00:00+00,2026-04-11 11:00:21.572577+00,,
cf8442c6-fde0-4e16-b6c3-07bdbe50864a,2c981082-c3ab-47b1-99c3-c34fe22ee02c,-3200,Sale,INV-2026-04-00262||/sales/invoices/efe2d77b-9aa2-4c58-bff5-b8014be10d23||line:fb76bd4b-22ae-4811-9b84-21aba60a01dc,Premium Fine - 80,2026-04-07 19:00:00+00,2026-04-11 12:06:54.394438+00,,
909732a9-26f3-4102-af38-234b931f8f78,2c981082-c3ab-47b1-99c3-c34fe22ee02c,2400,Sale Return,SCN-2026-04-00081||/sales/credit-notes/e433cc87-e76a-420b-8c98-8f90c67b8064||line:83fea3b3-edb3-4d5c-9eab-1af57e299199,Customer Return: Returns,2026-04-10 18:59:59.999+00,2026-04-11 13:04:21.390688+00,,
f67cac8d-87a8-478b-b896-4a8ec010ce7b,937ec71e-d35e-4c0a-b48a-7e72d77e86c1,4875,Production,MO-2026-04-00029||/production/1a610fa4-5038-495a-ad24-e7e923319c5c/edit||fg:486a7d23-0d41-48cd-a3f0-a839e2402eb0,Finished Goods Production,2026-04-13 18:59:59.999+00,2026-04-14 06:00:41.621569+00,,
565ff2d7-393b-4ca4-b243-1776dda050bb,a6707819-7f9c-4968-ad8e-badfec24bef2,40,Conversion,CONV-1776253688530,Stock Conversion (Destination),2026-04-15 18:59:59.999+00,2026-04-15 11:48:09.939225+00,,
a7289555-31c4-4d8c-88e7-3e5038535186,1066c1db-bbd7-4256-a751-f5cbf463f8a3,-4500,Sale,INV-2026-04-00318||/sales/invoices/b10e62fd-c938-4b18-93f9-5e20ee0f6f66||line:8ff1a3b5-b324-4818-ab51-9205ac629152,Al-Qamar Atta - 15,2026-04-13 19:00:00+00,2026-04-16 06:49:52.447702+00,,
0474eb2a-cdf3-413b-87f8-310c0b16488a,c8ca813c-e4be-428e-aef8-503eeeb948b7,-33,Conversion,CONV-1776412018860,Packaging for 50,2026-04-17 18:59:59.999+00,2026-04-17 07:46:59.557841+00,,
77251f54-54fa-4505-a5a0-38160093237d,29f97aa5-e538-4261-b69f-6b1a394015c9,250,Purchase,PO-2026-04-00041||/purchase/b79955b0-eabc-4bc1-99d0-c42d679b3f74/edit||line:ea3c437c-91c2-4cf9-bc3b-9f5f7a49113d,Wheat Bardana,2026-04-17 18:59:59.999+00,2026-04-18 05:40:06.577997+00,,
14752d2b-b569-482b-ad23-1586a82c0d9b,29a0bdd8-7ec8-49aa-94e2-3abc24a5fe6d,-245,Production,MO-2026-04-00037||/production/7218ff5e-fdda-4405-b4b8-ca2b2d0cd5a4/edit||comp:e445f830-c9fa-4ba5-8ed3-073873b705bd,Component Consumption,2026-04-22 18:59:59.999+00,2026-04-22 10:10:09.027729+00,,
c1d6169c-731d-4ad1-a96d-3c76fe2750ba,8851e237-ca39-487c-a35f-e28fe711d32c,9950,Production,MO-2026-04-00037||/production/7218ff5e-fdda-4405-b4b8-ca2b2d0cd5a4/edit||fg:c8e68834-78f5-409c-8191-a907bba8e0a4,Finished Goods Production,2026-04-22 18:59:59.999+00,2026-04-22 10:10:10.739777+00,,
cb6eeee9-2a0e-4266-9b69-d163916ea513,c6b76b35-74b4-4b7d-aa4d-e473698b2f81,40,Production,MO-2026-04-00037||/production/7218ff5e-fdda-4405-b4b8-ca2b2d0cd5a4/edit||fg:cc29cda1-8f6b-400e-82c3-0fadf2432555,Finished Goods Production,2026-04-22 18:59:59.999+00,2026-04-22 10:10:11.759741+00,,
0bcf27be-bbc7-46cf-8145-24872f03354f,c6b76b35-74b4-4b7d-aa4d-e473698b2f81,-20,Conversion,CONV-1776949668821,Stock Conversion (Source),2026-04-23 18:59:59.999+00,2026-04-23 13:07:49.065428+00,,
0fe50a9b-9620-42f7-9947-2aee0c3a798d,1066c1db-bbd7-4256-a751-f5cbf463f8a3,15,Conversion,CONV-1776949668821,Stock Conversion (Destination),2026-04-23 18:59:59.999+00,2026-04-23 13:07:49.426679+00,,
178a3230-fbf8-457b-a257-e706edba8f17,d23536f3-0d86-4dcd-934e-9085566d4dc7,33650.1,Purchase,PO-2026-04-00045||/purchase/7b769a1f-5d8a-48b5-83ac-9ec06bd6c880/edit||line:39f8dbc5-ac77-40e2-9664-33074ba51a9a,Wheat,2026-04-20 18:59:59.999+00,2026-04-24 12:21:05.566264+00,,
62758fe9-6216-4275-bf78-8a74eceba308,1066c1db-bbd7-4256-a751-f5cbf463f8a3,-450,Sale,INV-2026-04-00375||/sales/invoices/d78b3938-38b9-44f4-b82a-e75066d910fc||line:fc1dbd3a-a0d2-44a9-a9e6-b409dc184806,Al-Qamar Atta - 15,2026-04-19 19:00:00+00,2026-04-25 05:17:08.276623+00,,
62f00452-5fed-4990-88a5-db5cf3990fd9,c6b76b35-74b4-4b7d-aa4d-e473698b2f81,-40,Sale,INV-2026-04-00385||/sales/invoices/2cd0f0de-8ed9-44e3-9655-72c00acd796d||line:4a923dd3-080a-42af-8df8-ddb3af988857,Al-Qamar Atta - 20,2026-04-24 19:00:00+00,2026-04-27 05:43:50.478257+00,,
db2ab78f-f773-4f6f-8e87-872c9d08c8d9,8b945707-4cb1-4e34-8d12-92da06120bd2,-60,Production,MO-2026-04-00042||/production/2fe021e0-e499-4425-b821-f3a3cdb49f3c/edit||comp:2808c641-dc8e-4f61-951f-e597d727b264,Component Consumption,2026-04-28 18:59:59.999+00,2026-04-28 12:16:59.321182+00,,
c8fdebeb-ecbd-411f-b193-1a2d1cac9564,1066c1db-bbd7-4256-a751-f5cbf463f8a3,-2250,Sale,INV-2026-04-00393||/sales/invoices/3b576f53-b944-46a2-a04d-64816b88fafd||line:d9fa5996-6cd7-4147-81d5-652148ab38c3,Al-Qamar Atta - 15,2026-04-26 19:00:00+00,2026-04-29 15:35:34.510202+00,,
1217389b-38f9-4e02-b244-7a7cf2c46fbe,8851e237-ca39-487c-a35f-e28fe711d32c,850,Sale Return,SCN-2026-04-00098||/sales/credit-notes/8debc1b0-312d-40d3-a4ae-72727759ac13||line:8731c1a3-1b67-42b6-8ef7-13d0296bacef,Customer Return: Returns,2026-04-30 18:59:59.999+00,2026-04-30 09:32:58.522323+00,,
3912fdb7-247c-4adc-bedc-a2fd6d6e3be3,a6707819-7f9c-4968-ad8e-badfec24bef2,80,Adjustment,Manual Adjustment (Back-dated),Adjustment,2026-05-01 18:59:59.999+00,2026-05-01 05:13:15.682592+00,,
3303ef84-2734-4350-8db6-d30a203e76d8,5ffd5921-5ad2-4d30-b598-4337f1a39464,-1800,Sale,INV-2026-03-00067||line:8beedf6f-423c-49b4-be75-07c33f78f463||/sales/invoices/391d920c-b427-474f-922f-5b58f48c3dfe,Premium Atta - 20,2026-03-06 19:00:00+00,2026-03-14 08:50:41.047316+00,,
3414406c-7cc1-4af0-99e1-aa1c7befd054,2c981082-c3ab-47b1-99c3-c34fe22ee02c,-800,Sale,INV-2026-03-00067||line:353b7d76-1c2b-42c3-b94b-a679bbb720c8||/sales/invoices/391d920c-b427-474f-922f-5b58f48c3dfe,Premium Fine - 80,2026-03-06 19:00:00+00,2026-03-14 08:50:41.047316+00,,
00e7f8bd-3ce4-4736-b052-0b57351cb2ec,2c981082-c3ab-47b1-99c3-c34fe22ee02c,2000,Adjustment,Rev: INV-2026-03-00026||/sales/invoices/3b30a9a3-3032-40f8-95e0-e2d618e25c23,Invoice Reset to Draft (Sale Reversed),2026-03-01 19:00:00+00,2026-03-14 10:55:09.756619+00,,
dcf8d68f-9583-4f79-85c0-568b6758f7b7,e560c8fd-332b-48cb-b7de-125a590bcb0c,3200,Adjustment,Rev: INV-2026-03-00026||/sales/invoices/3b30a9a3-3032-40f8-95e0-e2d618e25c23,Invoice Reset to Draft (Sale Reversed),2026-03-01 19:00:00+00,2026-03-14 10:55:10.003661+00,,
7b8e5aae-a419-4feb-ab9c-b60644a6af53,d23536f3-0d86-4dcd-934e-9085566d4dc7,-21790,Production,MO-2026-03-00017||/production/b321269f-b397-4e0d-875a-86fa867b9f57/edit||comp:67720fdd-5bff-457b-99ad-bcdc77a5a454,Component Consumption,2026-03-17 06:56:32.125+00,2026-03-18 06:56:32.149821+00,,
6ebf6bb2-c10d-46cc-b95a-864dae1a5d40,5ffd5921-5ad2-4d30-b598-4337f1a39464,5000,Production,MO-2026-03-00017||/production/b321269f-b397-4e0d-875a-86fa867b9f57/edit||fg:6c4e5cb9-213b-4347-bcf9-e096e3785537,Finished Goods Production,2026-03-17 06:56:36.931+00,2026-03-18 06:56:36.954358+00,,
d04936f2-732c-4cf9-9579-9aa2b228dac5,a6707819-7f9c-4968-ad8e-badfec24bef2,2600,Sale Return,SCN-2026-03-00059||/sales/credit-notes/b878bc72-99ad-40d0-8160-86e250a5bc95||line:f1d9c7a5-2a39-4c48-916b-d9cae3703c98,Customer Return: Returns,2026-03-14 13:06:16.115+00,2026-03-18 13:06:16.134968+00,,
adc6f7d3-93b5-408d-b68d-583b43e13bf8,8851e237-ca39-487c-a35f-e28fe711d32c,-3500,Sale,INV-2026-03-00161||/sales/invoices/00904220-244c-4300-8d49-845d09ec9f74||line:cd020c8a-fa4d-46db-8990-3afe44959388,Premium Maida - 50,2026-03-17 19:00:00+00,2026-03-25 13:28:00.261136+00,,
bcf15d51-daeb-49ed-b225-ac4b818a20a6,e646adf3-e04a-4919-8dd4-d53927f5584b,-500,Sale,INV-2026-03-00175||/sales/invoices/9c23f01a-a774-4132-8dc2-691075342c68||line:2b51df30-ab48-42c3-8114-d52293c51960,Al-Qamar Atta(Green) - 10,2026-03-29 19:00:00+00,2026-03-31 04:55:35.442181+00,,
39337aff-35f2-4b2b-a890-6fb1c0e10997,d23536f3-0d86-4dcd-934e-9085566d4dc7,36192,Purchase,PO-2026-04-00032||/purchase/c5c45f89-352b-4338-9ecb-5adcb8f25498/edit||line:1da612bc-be31-4d2e-aa8c-4839d6c9b057,Wheat,2026-04-07 18:59:59.999+00,2026-04-09 09:39:44.119992+00,,
ebf63e74-37cf-4b8c-b2d0-4d85b6bb91f6,da5c9701-b165-4fcf-85ac-7d8abfba8e6b,-282,Production,MO-2026-04-00022||/production/07d674b2-efc9-4de7-8117-56277812b90e/edit||comp:4ee521ce-7046-4ee0-82ea-352a2ebb8e23,Component Consumption,2026-04-04 18:59:59.999+00,2026-04-09 13:51:14.637237+00,,
c0b5ce34-222d-45f7-adf7-168a1477a893,769513cc-c70d-41c0-9bb6-99b480841b4f,-877,Production,MO-2026-04-00026||/production/3ba861e1-e4de-486a-89fa-6ffc9572d38c/edit||comp:1aca2e1a-aad3-46a2-9a3f-fae6d313cbdb,Component Consumption,2026-04-09 18:59:59.999+00,2026-04-10 11:30:45.057808+00,,
03e497c1-cb04-4cca-9742-da0b3c64e3ac,1066c1db-bbd7-4256-a751-f5cbf463f8a3,-3750,Sale,INV-2026-04-00199||/sales/invoices/b3286653-b449-4c5e-9e0c-1962c37ce381||line:905852da-fbc6-4e65-bf87-334be31a6d4f,Al-Qamar Atta - 15,2026-04-01 19:00:00+00,2026-04-10 12:37:22.910168+00,,
b9baff28-506b-45c5-a827-0cb08e7471c0,2c981082-c3ab-47b1-99c3-c34fe22ee02c,-2000,Sale,INV-2026-04-00199||/sales/invoices/b3286653-b449-4c5e-9e0c-1962c37ce381||line:e2318f84-8c9a-4c45-9d46-e34dc327d652,Premium Fine - 80,2026-04-01 19:00:00+00,2026-04-10 12:37:23.41303+00,,
64e56348-a90e-4424-a1db-d6364db40c82,937ec71e-d35e-4c0a-b48a-7e72d77e86c1,-1500,Sale,INV-2026-04-00223||/sales/invoices/5c5cd34b-6661-44b0-b8ab-8e147f5cbfc7||line:e0550438-717c-4a74-ace8-3af47edc1657,Al-Qamar Atta(Silver) - 15,2026-04-03 19:00:00+00,2026-04-10 14:17:26.253139+00,,
4471d534-f7ac-4523-8b51-e44efbc95639,d9964e90-72ce-482b-8a17-7651628e223e,-80,Sale,INV-2026-04-00239||/sales/invoices/55263633-8fed-47f9-b08a-c578bf7601e4||line:1a7ed9c6-eb82-49cb-b328-e1497e9e4974,Refraction (Mamni) - Standard,2026-04-05 19:00:00+00,2026-04-11 11:02:12.70833+00,,
4850f668-2bae-47db-9524-efd5b0bbe0d2,2c981082-c3ab-47b1-99c3-c34fe22ee02c,-1440,Sale,INV-2026-04-00263||/sales/invoices/1b72fd5d-84dd-4634-9782-29eb8f294cd0||line:6f7afef7-9dcf-4903-980e-749749e3b299,Premium Fine - 80,2026-04-07 19:00:00+00,2026-04-11 12:07:53.801601+00,,
494833b1-78f2-48af-96be-40cc546b0e75,2c981082-c3ab-47b1-99c3-c34fe22ee02c,-2400,Adjustment,Rev: SCN-2026-04-00081||/sales/credit-notes/e433cc87-e76a-420b-8c98-8f90c67b8064,Sales Credit Note Reset to Draft,2026-04-10 18:59:59.999+00,2026-04-11 13:04:56.63754+00,,
96d5d357-5e36-4643-bd96-08859f746731,8851e237-ca39-487c-a35f-e28fe711d32c,-5000,Sale,INV-2026-04-00302||/sales/invoices/a821322b-d265-4a9f-98e1-7584e265b2a5||line:7c3d8b06-40b9-4bb1-b2f8-75c7139359ec,Premium Maida - 50,2026-04-10 19:00:00+00,2026-04-14 11:06:48.502913+00,,
a6bb807a-feba-4791-99a8-d942ef328a86,085c173e-052c-4022-8a90-be5c0ba7b627,-10,Conversion,CONV-1776253814925,Stock Conversion (Source),2026-04-15 18:59:59.999+00,2026-04-15 11:50:15.508871+00,,
16a9233a-f3e4-419d-af80-1cdf68d96f67,a6707819-7f9c-4968-ad8e-badfec24bef2,480,Conversion,CONV-1776253851404,Stock Conversion (Destination),2026-04-15 18:59:59.999+00,2026-04-15 11:50:53.326454+00,,
c03b8ffd-450a-40fc-84ad-9e66ea4c198e,2c981082-c3ab-47b1-99c3-c34fe22ee02c,-2000,Sale,INV-2026-04-00318||/sales/invoices/b10e62fd-c938-4b18-93f9-5e20ee0f6f66||line:f9dbf8cc-6d2a-474c-a172-f44f520d474f,Premium Fine - 80,2026-04-13 19:00:00+00,2026-04-16 06:49:52.787266+00,,
a628b823-9d95-470d-a98e-04b420031a1a,a6707819-7f9c-4968-ad8e-badfec24bef2,-20,Sale,INV-2026-04-00333||/sales/invoices/a7c58bc4-de8b-4e69-9a0b-9df87a9ea311||line:f51ae097-b950-4a8d-806f-8776327ec182,Al-Qamar Atta(Green) - 20,2026-04-13 19:00:00+00,2026-04-17 10:56:10.56607+00,,
912b6564-6207-4468-ae2b-9a39bd48c112,d23536f3-0d86-4dcd-934e-9085566d4dc7,124.8,Purchase,PO-2026-04-00041||/purchase/b79955b0-eabc-4bc1-99d0-c42d679b3f74/edit||line:9d88bae8-4719-4558-b4a4-a15da1f1ce5f,Wheat - Kaat,2026-04-17 18:59:59.999+00,2026-04-18 05:40:06.949466+00,,
a9aa3117-3292-460f-aec4-78769449f5fc,a40b07a6-2948-489d-8dec-5e206ba38989,-55,Production,MO-2026-04-00037||/production/7218ff5e-fdda-4405-b4b8-ca2b2d0cd5a4/edit||comp:4db00650-eb10-436b-bbe1-d9ea4c12803a,Component Consumption,2026-04-22 18:59:59.999+00,2026-04-22 10:10:09.301007+00,,
7c61c076-2357-4ba5-a606-33fdbfd3add6,a40b07a6-2948-489d-8dec-5e206ba38989,-1,Conversion,CONV-1776949668821,Packaging for 15,2026-04-23 18:59:59.999+00,2026-04-23 13:07:49.340464+00,,
dcc8e398-0fe2-49b9-8653-f2c139edb268,d23536f3-0d86-4dcd-934e-9085566d4dc7,339.9,Purchase,PO-2026-04-00045||/purchase/7b769a1f-5d8a-48b5-83ac-9ec06bd6c880/edit||line:c31d66e8-bba3-4fb5-9870-aaa08b784447,Wheat - Kaat,2026-04-20 18:59:59.999+00,2026-04-24 12:21:06.03764+00,,
d7226836-137b-4b76-9577-bd3f4ea986cb,8851e237-ca39-487c-a35f-e28fe711d32c,-50,Sale,INV-2026-04-00376||/sales/invoices/fdb1b3bc-b423-4f9d-95ad-a731e7531bf5||line:cd9828af-d532-4dd1-a590-a8abcfb0feb5,Premium Maida - 50,2026-04-19 19:00:00+00,2026-04-25 05:18:30.072716+00,,
67dfdbb1-0289-452b-bf42-26ce7cb29822,3fbbd2fb-4cd6-40e6-8856-26ef2c823bc5,-4080,Sale,INV-2026-04-00386||/sales/invoices/85252fca-89c5-40e8-a13a-c4e85fe7e3e2||line:dd9d2099-f632-4f21-a89c-8014d8ac8f69,Premium Atta - 15,2026-04-26 19:00:00+00,2026-04-27 05:48:43.385233+00,,
daf06796-0ce3-4101-9d61-15ae5a9a685c,65415ac9-fc97-471a-b17f-1340c7b1b55a,-119,Production,MO-2026-04-00042||/production/2fe021e0-e499-4425-b821-f3a3cdb49f3c/edit||comp:139c8d1c-9c2f-4dc1-9ed7-7d7255fbd674,Component Consumption,2026-04-28 18:59:59.999+00,2026-04-28 12:16:59.480063+00,,
373e58d3-5970-408c-9a2e-07d616efb385,93765798-ca54-496a-94c6-bb4f273bfe27,-1764,Sale,INV-2026-04-00393||/sales/invoices/3b576f53-b944-46a2-a04d-64816b88fafd||line:c336c205-d250-49e1-bacf-1be6c50f2588,Premium Atta - 49,2026-04-26 19:00:00+00,2026-04-29 15:35:34.846841+00,,
51d2ff76-88bc-4c65-a084-18fe0bf968be,29a0bdd8-7ec8-49aa-94e2-3abc24a5fe6d,-115,Conversion,CONV-1777545309844,Stock Conversion (Source),2026-04-30 18:59:59.999+00,2026-04-30 10:35:10.189321+00,,
e7dc73b3-60d0-472e-89e0-4c5090d08d17,d383d741-fa61-4537-9ef9-7fb74115ded0,-400,Sale,INV-2026-04-00403||/sales/invoices/f9f0e9f5-d266-4cc2-91b4-d0984dc909f6||line:825e3a4b-635b-46ac-89e3-3909b95bf8d0,Bardana Premium Atta - 15,2026-04-26 19:00:00+00,2026-04-30 15:07:25.780697+00,,
2668a1c5-03e3-4bf8-8519-a9158a78fe92,6e324c36-0f63-44fc-96d4-171f158706cb,-450,Sale,INV-2026-04-00414||/sales/invoices/cf5142db-f9bc-452a-96a3-870397913a3a||line:d86b9bb4-de40-49e3-bd34-efad0377ba24,Premium Bran - 30,2026-04-29 19:00:00+00,2026-04-30 15:57:03.913971+00,,
f7765fd9-1026-463d-ba14-b2d6c94aa02e,396eef73-791a-465c-ae17-b78505b08d5f,830,Adjustment,Rev: INV-2026-04-00412||/sales/invoices/9a286515-6ba1-4213-8c8e-beb0f6e316cf,Invoice Reset to Draft (Sale Reversed),2026-04-24 19:00:00+00,2026-04-30 17:08:45.205277+00,,
219f7e4a-0c60-48a2-94fc-dbfff7c47c41,a6707819-7f9c-4968-ad8e-badfec24bef2,-3000,Sale,INV-2026-04-00377||/sales/invoices/ba850929-9214-4e01-bb60-d77580790be6||line:d0849b32-8411-4822-a8d0-db0b89418e03,Al-Qamar Atta(Green) - 20,2026-04-05 19:00:00+00,2026-05-01 05:15:18.001817+00,,
2df53cd8-74f4-430d-bca1-b60e69d1c618,2c981082-c3ab-47b1-99c3-c34fe22ee02c,-2000,Sale,INV-2026-03-00068||line:6e20abed-923a-4a38-9249-d60227be2105||/sales/invoices/7a240055-f33d-405f-8198-012226470e46,Premium Fine - 80,2026-03-06 19:00:00+00,2026-03-14 08:50:41.047316+00,,
07123a8d-5708-4787-9543-97f4c257891c,e646adf3-e04a-4919-8dd4-d53927f5584b,-1000,Sale,INV-2026-03-00073||line:04dcccec-f9eb-4135-a67d-5265e2cccab9||/sales/invoices/887f5ae7-96fd-4c26-b784-bf3785125c8d,Al-Qamar Atta(Green) - 10,2026-03-08 19:00:00+00,2026-03-14 08:50:41.047316+00,,
b0029f2c-deff-403e-aa9c-c333d43d388b,2c981082-c3ab-47b1-99c3-c34fe22ee02c,-2000,Sale,INV-2026-03-00112||/sales/invoices/73aaade3-6c0a-4d26-b77b-5a13ba0a2c45,Premium Fine - 80,2026-03-01 19:00:00+00,2026-03-14 10:56:21.043197+00,,
4e87189b-f241-4aba-b593-8f92e0552ee7,da5c9701-b165-4fcf-85ac-7d8abfba8e6b,-120,Production,MO-2026-03-00017||/production/b321269f-b397-4e0d-875a-86fa867b9f57/edit||comp:eee53e75-a110-46fa-908a-4ff512b5f790,Component Consumption,2026-03-17 06:56:33.042+00,2026-03-18 06:56:33.064434+00,,
954bbfa0-ae83-42f1-8739-3b123de08822,396eef73-791a-465c-ae17-b78505b08d5f,750,Production,MO-2026-03-00017||/production/b321269f-b397-4e0d-875a-86fa867b9f57/edit||fg:bae3dc62-1c3e-4dd0-a36c-b72fece87b9d,Finished Goods Production,2026-03-17 06:56:36.236+00,2026-03-18 06:56:36.25514+00,,
7f0f4efe-3595-4030-b1a4-c2a6f138ec90,e646adf3-e04a-4919-8dd4-d53927f5584b,980,Sale Return,SCN-2026-03-00060||/sales/credit-notes/4500b351-5560-4a9c-b2bf-010dea763b5a||line:d9068aa1-11ad-42f0-9c4f-df2c9f08eaee,Customer Return: Returns,2026-03-14 13:07:32.765+00,2026-03-18 13:07:32.788891+00,,
5e95edd3-aca0-4f7c-8770-43b501732ae2,2c981082-c3ab-47b1-99c3-c34fe22ee02c,-4800,Sale,INV-2026-03-00162||/sales/invoices/08b4ae65-df5d-4b15-a24d-dbe1cca777b3||line:4c5061c1-fb1d-4750-b698-e93df205dce5,Premium Fine - 80,2026-03-17 19:00:00+00,2026-03-25 13:30:57.114183+00,,
a90d18ba-5968-49fa-9a4a-e4dd8fabd037,a6707819-7f9c-4968-ad8e-badfec24bef2,-2000,Sale,INV-2026-03-00175||/sales/invoices/9c23f01a-a774-4132-8dc2-691075342c68||line:271d1ece-640d-4f11-8632-621b93c3e325,Al-Qamar Atta(Green) - 20,2026-03-29 19:00:00+00,2026-03-31 04:55:35.895472+00,,
b2667ffb-066b-428b-b03c-af9c113b17ad,29f97aa5-e538-4261-b69f-6b1a394015c9,362,Purchase,PO-2026-04-00032||/purchase/c5c45f89-352b-4338-9ecb-5adcb8f25498/edit||line:0c85db2c-1c87-42b4-8033-64f3f595f657,Wheat Bardana,2026-04-07 18:59:59.999+00,2026-04-09 09:39:44.561115+00,,
10445ecc-7d09-4636-9b3d-65b9afe9f89d,c8ca813c-e4be-428e-aef8-503eeeb948b7,-5,Production,MO-2026-04-00022||/production/07d674b2-efc9-4de7-8117-56277812b90e/edit||comp:04ec0976-942a-4ade-b57b-354f70aa3762,Component Consumption,2026-04-04 18:59:59.999+00,2026-04-09 13:51:14.87892+00,,
42b23862-2afb-42f8-ba34-693dc54d11e6,8851e237-ca39-487c-a35f-e28fe711d32c,250,Production,MO-2026-04-00022||/production/07d674b2-efc9-4de7-8117-56277812b90e/edit||fg:643b7e13-7623-4e67-95d2-c83f35180822,Finished Goods Production,2026-04-04 18:59:59.999+00,2026-04-09 13:51:16.810876+00,,
0ee94e5b-381c-4937-9364-985e8c8b39a5,a6707819-7f9c-4968-ad8e-badfec24bef2,920,Production,MO-2026-04-00022||/production/07d674b2-efc9-4de7-8117-56277812b90e/edit||fg:60957078-8a5c-4546-9d7e-67ffe95d5ca2,Finished Goods Production,2026-04-04 18:59:59.999+00,2026-04-09 13:51:18.016371+00,,
1edc8f3c-c816-419d-baf6-5ba31982b7f3,e560c8fd-332b-48cb-b7de-125a590bcb0c,8000,Production,MO-2026-04-00026||/production/3ba861e1-e4de-486a-89fa-6ffc9572d38c/edit||fg:6dfd3bcc-77dc-44f9-b88a-5820efcf136b,Finished Goods Production,2026-04-09 18:59:59.999+00,2026-04-10 11:30:46.174682+00,,
0754127e-e166-449f-bd29-5f9a52720a23,a6707819-7f9c-4968-ad8e-badfec24bef2,-1200,Sale,INV-2026-04-00199||/sales/invoices/b3286653-b449-4c5e-9e0c-1962c37ce381||line:2a801a9b-346d-4d9c-b72d-b81255887f02,Al-Qamar Atta(Green) - 20,2026-04-01 19:00:00+00,2026-04-10 12:37:23.17377+00,,
433e6498-b2b3-41e9-924a-f5288b6056b5,8851e237-ca39-487c-a35f-e28fe711d32c,-500,Sale,INV-2026-04-00199||/sales/invoices/b3286653-b449-4c5e-9e0c-1962c37ce381||line:1344f328-40bd-4a36-ba2d-9208e0e392dc,Premium Maida - 50,2026-04-01 19:00:00+00,2026-04-10 12:37:23.658644+00,,
8bce7aa0-329d-4f82-8f70-5200a97a470b,e646adf3-e04a-4919-8dd4-d53927f5584b,-500,Sale,INV-2026-04-00224||/sales/invoices/ac061a6f-4c90-4b28-983e-45c642b70682||line:b251a844-c823-415c-b465-1cf50f304fe8,Al-Qamar Atta(Green) - 10,2026-04-03 19:00:00+00,2026-04-10 14:19:51.231167+00,,
35b1157f-2882-426b-b96b-57cc73365af3,937ec71e-d35e-4c0a-b48a-7e72d77e86c1,-1500,Sale,INV-2026-04-00240||/sales/invoices/921c406f-18f0-4239-9fba-7c1be2310596||line:2b897884-c041-466b-bc70-2928b769288f,Al-Qamar Atta(Silver) - 15,2026-04-05 19:00:00+00,2026-04-11 11:03:51.634295+00,,
f0332ba8-0aee-4d51-9f25-c61ec9b51643,2c981082-c3ab-47b1-99c3-c34fe22ee02c,-2400,Sale,INV-2026-04-00240||/sales/invoices/921c406f-18f0-4239-9fba-7c1be2310596||line:e469dcb8-28e0-4d82-baaa-7e1e96b27f94,Premium Fine - 80,2026-04-05 19:00:00+00,2026-04-11 11:03:51.953231+00,,
f08a00fa-df19-4ca4-8078-8e082c12dbd7,3fbbd2fb-4cd6-40e6-8856-26ef2c823bc5,-570,Sale,INV-2026-04-00264||/sales/invoices/53e82ebc-be73-4615-9755-86baa77e7518||line:f7ebc339-d5c3-4d5e-acd9-57ab505da825,Premium Atta - 15,2026-04-07 19:00:00+00,2026-04-11 12:10:37.665688+00,,
994707c4-28a1-495f-8d6b-5d6209db5a5f,a6707819-7f9c-4968-ad8e-badfec24bef2,-2960,Sale,INV-2026-04-00264||/sales/invoices/53e82ebc-be73-4615-9755-86baa77e7518||line:8fbf914f-3985-4488-850d-2d9d1c4186fc,Al-Qamar Atta(Green) - 20,2026-04-07 19:00:00+00,2026-04-11 12:10:38.271894+00,,
2d8e6ff6-c2da-4538-97a7-f50e1054a6ae,937ec71e-d35e-4c0a-b48a-7e72d77e86c1,-3000,Sale,INV-2026-04-00264||/sales/invoices/53e82ebc-be73-4615-9755-86baa77e7518||line:730d8208-4f78-4522-92b4-902ab22ae324,Al-Qamar Atta(Silver) - 15,2026-04-07 19:00:00+00,2026-04-11 12:10:38.775107+00,,
e63c29b5-a75a-4264-9e60-e156242a3992,2c981082-c3ab-47b1-99c3-c34fe22ee02c,400,Sale Return,SCN-2026-04-00081||/sales/credit-notes/e433cc87-e76a-420b-8c98-8f90c67b8064||line:322f7b2e-a386-44d4-9026-6e8b9de327af,Customer Return: Returns,2026-04-10 18:59:59.999+00,2026-04-11 13:05:19.418723+00,,
931afdc0-1597-4504-8da6-00c2daa18540,d23536f3-0d86-4dcd-934e-9085566d4dc7,-40102,Production,MO-2026-04-00030||/production/3f8764d1-1b46-4a40-9970-4e606e7a0db3/edit||comp:a8bd4d86-5c66-471e-953a-05ed4b2dbd32,Component Consumption,2026-04-14 18:59:59.999+00,2026-04-15 05:05:03.515912+00,,
72b0be43-835f-4c65-b518-72930c7bbbba,da5c9701-b165-4fcf-85ac-7d8abfba8e6b,-248,Production,MO-2026-04-00030||/production/3f8764d1-1b46-4a40-9970-4e606e7a0db3/edit||comp:f72cde2d-9907-45d3-820a-3e96b8ab2ad7,Component Consumption,2026-04-14 18:59:59.999+00,2026-04-15 05:05:03.893445+00,,
261ddd98-30f2-4924-a5c6-f938a0d5adc8,c8ca813c-e4be-428e-aef8-503eeeb948b7,-313,Production,MO-2026-04-00030||/production/3f8764d1-1b46-4a40-9970-4e606e7a0db3/edit||comp:5bbde2d4-f62c-4006-a583-61c3f9acbcd2,Component Consumption,2026-04-14 18:59:59.999+00,2026-04-15 05:05:04.207688+00,,
a037c2de-a344-4076-9f6b-6c890c0db7f9,8b945707-4cb1-4e34-8d12-92da06120bd2,-92,Production,MO-2026-04-00030||/production/3f8764d1-1b46-4a40-9970-4e606e7a0db3/edit||comp:8f85dba8-3fa6-41c9-9c5b-8545a30e46ec,Component Consumption,2026-04-14 18:59:59.999+00,2026-04-15 05:05:04.438856+00,,
f13042e7-3de9-4349-8f00-491db11595c4,29a0bdd8-7ec8-49aa-94e2-3abc24a5fe6d,-7,Production,MO-2026-04-00030||/production/3f8764d1-1b46-4a40-9970-4e606e7a0db3/edit||comp:7df7f38d-dbeb-491b-aa9b-af3fa1d50e3f,Component Consumption,2026-04-14 18:59:59.999+00,2026-04-15 05:05:04.679684+00,,
5736afd7-b3b6-46f1-b206-6f632663d1a4,769513cc-c70d-41c0-9bb6-99b480841b4f,-6,Production,MO-2026-04-00030||/production/3f8764d1-1b46-4a40-9970-4e606e7a0db3/edit||comp:cb7fdf29-3904-4abe-b4b3-65493efd4fd9,Component Consumption,2026-04-14 18:59:59.999+00,2026-04-15 05:05:04.949962+00,,
5b1c8cb9-756a-4a3b-95b8-7cb86e2fef56,a40b07a6-2948-489d-8dec-5e206ba38989,-562,Production,MO-2026-04-00030||/production/3f8764d1-1b46-4a40-9970-4e606e7a0db3/edit||comp:2665cf3b-ae57-4ebc-a02d-a09486b65d01,Component Consumption,2026-04-14 18:59:59.999+00,2026-04-15 05:05:05.220033+00,,
8fa7118c-c036-419d-a35f-6ace52a1bc2d,8851e237-ca39-487c-a35f-e28fe711d32c,15650,Production,MO-2026-04-00030||/production/3f8764d1-1b46-4a40-9970-4e606e7a0db3/edit||fg:3051fa66-5f10-4c34-9a3f-bfbad28f2a24,Finished Goods Production,2026-04-14 18:59:59.999+00,2026-04-15 05:05:06.804245+00,,
9b2337f3-8701-4360-9a25-161f7fa683f9,b2f8974f-ab3c-4880-a03d-6d3b29d26c57,-1,Conversion,CONV-1776253814925,Packaging for 10,2026-04-15 18:59:59.999+00,2026-04-15 11:50:15.809812+00,,
dbfaa7c8-a47c-4c66-b13d-4e6468f6c40c,2c981082-c3ab-47b1-99c3-c34fe22ee02c,-480,Conversion,CONV-1776253851404,Stock Conversion (Source),2026-04-15 18:59:59.999+00,2026-04-15 11:50:52.663462+00,,
b8594bf7-b40e-4fa5-a238-3541f0cf0ac4,8851e237-ca39-487c-a35f-e28fe711d32c,-500,Sale,INV-2026-04-00318||/sales/invoices/b10e62fd-c938-4b18-93f9-5e20ee0f6f66||line:938c2dc3-be87-405f-956b-c668540673b4,Premium Maida - 50,2026-04-13 19:00:00+00,2026-04-16 06:49:53.122703+00,,
65e25959-92dc-4126-862c-91961b400fad,937ec71e-d35e-4c0a-b48a-7e72d77e86c1,-375,Sale,INV-2026-04-00334||/sales/invoices/e48c2fd8-5d4e-44bc-801d-1143adc7a9c6||line:2597e704-7918-410c-8cb8-8870e83f19bd,Al-Qamar Atta(Silver) - 15,2026-04-14 19:00:00+00,2026-04-17 11:02:16.830599+00,,
2a46581b-5e80-4f12-b4af-19ccbf5fd4f0,d23536f3-0d86-4dcd-934e-9085566d4dc7,-25133,Production,MO-2026-04-00034||/production/b00780c3-a233-4f2b-824d-f5b9012e7b80/edit||comp:fea943eb-b90e-4835-9cd2-36e7d169cdc5,Component Consumption,2026-04-18 18:59:59.999+00,2026-04-18 09:46:49.423349+00,,
b729d70b-c2c3-4a19-8006-5375fdf27718,a6707819-7f9c-4968-ad8e-badfec24bef2,-4000,Sale,INV-2026-03-00073||line:c830c8d0-79cf-46ce-a455-01c0ac1a091d||/sales/invoices/887f5ae7-96fd-4c26-b784-bf3785125c8d,Al-Qamar Atta(Green) - 20,2026-03-08 19:00:00+00,2026-03-14 08:50:41.047316+00,,
5534047d-d563-4e17-955d-9a1d859c0c33,e646adf3-e04a-4919-8dd4-d53927f5584b,-500,Sale,INV-2026-03-00074||line:1b0d52ab-341a-4fd5-ae75-882a4c8c628d||/sales/invoices/6d2a5da9-43c4-4e9d-8f06-556512e12bcf,Al-Qamar Atta(Green) - 10,2026-03-08 19:00:00+00,2026-03-14 08:50:41.047316+00,,
ba64b400-798b-4a6f-b881-e2eac5146f06,e560c8fd-332b-48cb-b7de-125a590bcb0c,-3200,Sale,INV-2026-03-00112||/sales/invoices/73aaade3-6c0a-4d26-b77b-5a13ba0a2c45,Premium Maida - 80,2026-03-01 19:00:00+00,2026-03-14 10:56:21.367138+00,,
a62d1360-e105-406f-a9e2-26af438bc82e,c8ca813c-e4be-428e-aef8-503eeeb948b7,-3,Production,MO-2026-03-00017||/production/b321269f-b397-4e0d-875a-86fa867b9f57/edit||comp:6a075910-af48-4425-b528-5df16f22516b,Component Consumption,2026-03-17 06:56:33.289+00,2026-03-18 06:56:33.311308+00,,
81b58a3e-21e0-42c8-a8a7-49db39fe01c9,8851e237-ca39-487c-a35f-e28fe711d32c,150,Production,MO-2026-03-00017||/production/b321269f-b397-4e0d-875a-86fa867b9f57/edit||fg:ac904164-8578-420d-9bf6-93b26cef49a0,Finished Goods Production,2026-03-17 06:56:35.572+00,2026-03-18 06:56:35.591465+00,,
b1a4114c-461d-4625-a798-425efe0d5ca9,a6707819-7f9c-4968-ad8e-badfec24bef2,900,Sale Return,SCN-2026-03-00060||/sales/credit-notes/4500b351-5560-4a9c-b2bf-010dea763b5a||line:feb4d43c-ffee-4163-aee3-c86b0adf297f,Customer Return: Returns,2026-03-14 13:07:33.049+00,2026-03-18 13:07:33.074236+00,,
ab18535d-9120-4aa3-874b-57dc5e4723c0,e646adf3-e04a-4919-8dd4-d53927f5584b,1000,Sale Return,SCN-2026-03-00062||/sales/credit-notes/1817cfba-fdfb-4a29-b81e-8cf617c63c59||line:dd6f0b59-5c2c-4e1f-91d7-e9ba953a0310,Customer Return: Returns,2026-03-16 18:59:59.999+00,2026-03-25 13:41:25.32892+00,,
6784bdde-3e3b-48cf-bd55-7fcb2260fc50,e646adf3-e04a-4919-8dd4-d53927f5584b,-500,Sale,INV-2026-03-00176||/sales/invoices/69a17305-053c-40b7-96e2-00ce3136d0b7||line:60fe1f2c-5dd5-491e-b68f-9ad36200259c,Al-Qamar Atta(Green) - 10,2026-03-29 19:00:00+00,2026-03-31 04:56:52.003733+00,,
33c01962-4f5b-4158-9ba3-6c83dc42cd29,d23536f3-0d86-4dcd-934e-9085566d4dc7,38808,Purchase,PO-2026-04-00033||/purchase/55563cf4-475d-49fb-92d7-43cb77b9c79b/edit||line:4f94dd43-dac2-4361-8b77-c0c0ca4b2a03,Wheat,2026-04-07 18:59:59.999+00,2026-04-09 09:50:47.38842+00,,
bcb641b6-713b-4f64-815d-4c0c08ede509,65415ac9-fc97-471a-b17f-1340c7b1b55a,-195,Production,MO-2026-04-00022||/production/07d674b2-efc9-4de7-8117-56277812b90e/edit||comp:13b68d82-7692-4ef1-ab7d-a5742b0ae820,Component Consumption,2026-04-04 18:59:59.999+00,2026-04-09 13:51:15.096768+00,,
f025815c-48b3-434b-a2e0-17352b9216cc,d23536f3-0d86-4dcd-934e-9085566d4dc7,-36847,Production,MO-2026-04-00027||/production/4d2155d3-86cf-4fcc-a059-e0f8281da849/edit||comp:4577b0a7-60a4-4924-b4e3-6c1acc455c99,Component Consumption,2026-04-10 18:59:59.999+00,2026-04-10 11:32:52.590693+00,,
7e720266-75b1-42be-bf1b-e50c2ab7fada,e560c8fd-332b-48cb-b7de-125a590bcb0c,10400,Production,MO-2026-04-00027||/production/4d2155d3-86cf-4fcc-a059-e0f8281da849/edit||fg:8e634a85-6a00-4131-a2b2-ac00957580b4,Finished Goods Production,2026-04-10 18:59:59.999+00,2026-04-10 11:32:54.202246+00,,
9767ef72-7d51-4df2-a413-f07048c814d8,e560c8fd-332b-48cb-b7de-125a590bcb0c,-12800,Sale,INV-2026-04-00200||/sales/invoices/59986ee3-89e0-43fa-b204-8d706cf84c06||line:589fe2ae-02c0-42fd-acb1-5c77ad4c52ae,Premium Maida - 80,2026-04-01 19:00:00+00,2026-04-10 12:39:40.243983+00,,
866075e9-2b3c-4fc8-87c6-9a91f4603e23,a6707819-7f9c-4968-ad8e-badfec24bef2,-1500,Sale,INV-2026-04-00224||/sales/invoices/ac061a6f-4c90-4b28-983e-45c642b70682||line:76b56abb-78f3-4744-87fd-a1e62376e0cd,Al-Qamar Atta(Green) - 20,2026-04-03 19:00:00+00,2026-04-10 14:19:51.563225+00,,
6671d6cb-68c2-4a30-ba08-2e9fd27f30e6,937ec71e-d35e-4c0a-b48a-7e72d77e86c1,-2250,Sale,INV-2026-04-00241||/sales/invoices/c027f01e-1b69-4b67-8e5a-12d5315ccb44||line:68dd2de7-9a0f-4364-96bf-1e9acd41591d,Al-Qamar Atta(Silver) - 15,2026-04-05 19:00:00+00,2026-04-11 11:05:21.825534+00,,
9d07e0bc-8c0e-4095-bd5e-2471bced1ff3,2c981082-c3ab-47b1-99c3-c34fe22ee02c,-560,Sale,INV-2026-04-00241||/sales/invoices/c027f01e-1b69-4b67-8e5a-12d5315ccb44||line:1054dedc-df37-4839-be60-063641b96546,Premium Fine - 80,2026-04-05 19:00:00+00,2026-04-11 11:05:22.114155+00,,
3d16bbf2-c709-46b2-b884-1a353d12c12d,e646adf3-e04a-4919-8dd4-d53927f5584b,-1000,Sale,INV-2026-04-00264||/sales/invoices/53e82ebc-be73-4615-9755-86baa77e7518||line:5cea22f0-8414-4984-a781-8ca87ca24ca1,Al-Qamar Atta(Green) - 10,2026-04-07 19:00:00+00,2026-04-11 12:10:37.980696+00,,
26a2712b-e3ec-4600-81b0-70632064ffff,dcb00b2e-ea89-4e17-b1bb-67e576da4e6d,-3000,Sale,INV-2026-04-00264||/sales/invoices/53e82ebc-be73-4615-9755-86baa77e7518||line:8e0d45d9-febd-4879-90a0-2937648f507c,Premium Atta - 50,2026-04-07 19:00:00+00,2026-04-11 12:10:38.528819+00,,
096b78bd-ccd6-4a57-9449-1d32c265c07b,2c981082-c3ab-47b1-99c3-c34fe22ee02c,2400,Sale Return,SCN-2026-04-00082||/sales/credit-notes/2ea202d2-754e-4a4e-997d-6aa9614fa58c||line:eb2e6ae2-ed37-4c70-88a1-fc2d78debd48,Customer Return: Returns,2026-04-10 18:59:59.999+00,2026-04-11 13:06:19.032816+00,,
76985942-0192-4807-8322-62fc9e35ae09,18568477-1a69-413a-b5bd-94333c860750,8432,Production,MO-2026-04-00030||/production/3f8764d1-1b46-4a40-9970-4e606e7a0db3/edit||fg:fde35f9e-1379-4a12-a467-f4be203e05e0,Finished Goods Production,2026-04-14 18:59:59.999+00,2026-04-15 05:05:06.083091+00,,
b5ba8a35-60c9-4bab-bdfc-e6e4f3e7decf,e646adf3-e04a-4919-8dd4-d53927f5584b,10,Conversion,CONV-1776253814925,Stock Conversion (Destination),2026-04-15 18:59:59.999+00,2026-04-15 11:50:15.934837+00,,
58ea9790-b4f2-452b-b55e-3850af6815f5,2725799f-a307-4777-8b00-84f03278ab57,-24,Conversion,CONV-1776253851404,Packaging for 20,2026-04-15 18:59:59.999+00,2026-04-15 11:50:53.121225+00,,
abc67f3b-388b-465c-be8c-624e2a0f45a0,2c981082-c3ab-47b1-99c3-c34fe22ee02c,-2000,Sale,INV-2026-04-00319||/sales/invoices/6bc24686-6849-4edc-91f4-7041700032ef||line:ec177261-cbec-47aa-a74e-d9e847132869,Premium Fine - 80,2026-04-13 19:00:00+00,2026-04-16 06:59:07.336994+00,,
85f94249-608f-48ee-b6c0-f159295b19e2,937ec71e-d35e-4c0a-b48a-7e72d77e86c1,-1875,Sale,INV-2026-04-00335||/sales/invoices/1e060ad4-87a0-4c43-bf80-38a08d929494||line:320641d9-d1d7-476e-87b5-07aff7e93a67,Al-Qamar Atta(Silver) - 15,2026-04-14 19:00:00+00,2026-04-17 11:04:18.350836+00,,
1d772b88-c72d-4492-9c7d-431d2faa2672,da5c9701-b165-4fcf-85ac-7d8abfba8e6b,-172,Production,MO-2026-04-00034||/production/b00780c3-a233-4f2b-824d-f5b9012e7b80/edit||comp:15c058ee-71f1-4919-9f2b-ce51e63696f5,Component Consumption,2026-04-18 18:59:59.999+00,2026-04-18 09:46:49.650825+00,,
445a0a0c-a518-407a-a3c5-a197f951d57e,65415ac9-fc97-471a-b17f-1340c7b1b55a,-135,Production,MO-2026-04-00034||/production/b00780c3-a233-4f2b-824d-f5b9012e7b80/edit||comp:e3e6481a-03fb-4262-a5ff-b22700dfb343,Component Consumption,2026-04-18 18:59:59.999+00,2026-04-18 09:46:49.900158+00,,
0aa7444b-5fe5-4b6a-9bcb-a214e6401d0a,8b945707-4cb1-4e34-8d12-92da06120bd2,-44,Production,MO-2026-04-00034||/production/b00780c3-a233-4f2b-824d-f5b9012e7b80/edit||comp:4dda4d7f-fb1c-4cf4-a36a-a349a021ada1,Component Consumption,2026-04-18 18:59:59.999+00,2026-04-18 09:46:50.11789+00,,
9eeb2914-10c3-49bb-87e1-cb32950aba74,a40b07a6-2948-489d-8dec-5e206ba38989,-331,Production,MO-2026-04-00034||/production/b00780c3-a233-4f2b-824d-f5b9012e7b80/edit||comp:e532c878-27f2-44a6-a63f-b3df5e7f8248,Component Consumption,2026-04-18 18:59:59.999+00,2026-04-18 09:46:50.306253+00,,
e4114849-6fc3-44e0-b52b-7157d45aa523,18568477-1a69-413a-b5bd-94333c860750,5848,Production,MO-2026-04-00034||/production/b00780c3-a233-4f2b-824d-f5b9012e7b80/edit||fg:575c3a29-1279-48ae-a632-aa9c03ed0873,Finished Goods Production,2026-04-18 18:59:59.999+00,2026-04-18 09:46:50.756675+00,,
e371b657-e0f0-4a4b-9486-a35b3a186fd7,e560c8fd-332b-48cb-b7de-125a590bcb0c,10800,Production,MO-2026-04-00034||/production/b00780c3-a233-4f2b-824d-f5b9012e7b80/edit||fg:3529e4f1-d763-4799-9abd-09830baae4d9,Finished Goods Production,2026-04-18 18:59:59.999+00,2026-04-18 09:46:51.064901+00,,
50da270f-dd7b-46e1-8577-b15555d77727,2c981082-c3ab-47b1-99c3-c34fe22ee02c,3520,Production,MO-2026-04-00034||/production/b00780c3-a233-4f2b-824d-f5b9012e7b80/edit||fg:cbdabd0c-bea4-4a33-899d-b0aa847c38de,Finished Goods Production,2026-04-18 18:59:59.999+00,2026-04-18 09:46:51.361329+00,,
c0be8e20-11d5-4b0e-ad77-0b0faa74a110,1066c1db-bbd7-4256-a751-f5cbf463f8a3,4965,Production,MO-2026-04-00034||/production/b00780c3-a233-4f2b-824d-f5b9012e7b80/edit||fg:b2e485bf-742c-4fbc-9a5f-8b3a99be4224,Finished Goods Production,2026-04-18 18:59:59.999+00,2026-04-18 09:46:51.657694+00,,
b3ad1275-c778-44da-bb5f-f8ee45c70073,36fc17de-cda5-4433-9ab6-525db53d1776,-170,Production,MO-2026-04-00037||/production/7218ff5e-fdda-4405-b4b8-ca2b2d0cd5a4/edit||comp:98f58819-52e3-4a8a-846b-4776bf806cff,Component Consumption,2026-04-22 18:59:59.999+00,2026-04-22 10:10:09.5369+00,,
19860457-2650-4498-bed4-28df5e5b8449,18568477-1a69-413a-b5bd-94333c860750,5780,Production,MO-2026-04-00037||/production/7218ff5e-fdda-4405-b4b8-ca2b2d0cd5a4/edit||fg:489a674c-c284-45f0-a31d-027d8a911d6f,Finished Goods Production,2026-04-22 18:59:59.999+00,2026-04-22 10:10:10.383186+00,,
c92ef853-12b9-4bbc-a6c9-3721b2900e79,e560c8fd-332b-48cb-b7de-125a590bcb0c,-4000,Conversion,CONV-1776949711266,Stock Conversion (Source),2026-04-23 18:59:59.999+00,2026-04-23 13:08:31.894076+00,,
0c6f8133-45a1-4dfd-9d18-0c509ef247c9,a6707819-7f9c-4968-ad8e-badfec24bef2,-3000,Sale,INV-2026-03-00074||line:e2fc832f-4917-4575-9198-715891f4e5ba||/sales/invoices/6d2a5da9-43c4-4e9d-8f06-556512e12bcf,Al-Qamar Atta(Green) - 20,2026-03-08 19:00:00+00,2026-03-14 08:50:41.047316+00,,
0c2d9161-8e33-45c8-adaf-5e191f8e3370,a6707819-7f9c-4968-ad8e-badfec24bef2,-20,Sale,INV-2026-03-00075||line:2ed5429e-8ec4-4752-8fb8-b48c795a17f4||/sales/invoices/3c429eb2-d200-4737-8e0f-47f09c8511cc,Al-Qamar Atta(Green) - 20,2026-03-08 19:00:00+00,2026-03-14 08:50:41.047316+00,,
6da5cda4-06c6-47fb-9727-48cf3b0bc48b,2c981082-c3ab-47b1-99c3-c34fe22ee02c,-3200,Sale,INV-2026-03-00076||line:3adb706a-66eb-47ee-ada8-0e16f01fba2f||/sales/invoices/d6e2ef42-060e-451e-bb13-053e7155c8c0,Premium Fine - 80,2026-03-08 19:00:00+00,2026-03-14 08:50:41.047316+00,,
0f03e6c4-c6c1-4e1e-905e-abfc0bb81d98,2c981082-c3ab-47b1-99c3-c34fe22ee02c,-80,Sale,INV-2026-03-00113||/sales/invoices/6f457f1c-da96-4a2e-9fd9-01dcea3e9b51,Premium Fine - 80,2026-03-12 19:00:00+00,2026-03-14 11:02:38.098766+00,,
6e81d233-bd64-4828-959e-b16f0f7733a9,65415ac9-fc97-471a-b17f-1340c7b1b55a,-70,Production,MO-2026-03-00017||/production/b321269f-b397-4e0d-875a-86fa867b9f57/edit||comp:702fa44d-706b-4d6e-aed3-2940704f2839,Component Consumption,2026-03-17 06:56:33.543+00,2026-03-18 06:56:33.565798+00,,
d2f618bc-7779-4b3d-975f-ec9471477ff8,a6707819-7f9c-4968-ad8e-badfec24bef2,9000,Sale Return,SCN-2026-03-00061||/sales/credit-notes/e49ffb08-d278-49ab-9736-b22c46e3fcb8||line:10ebf750-c841-4d33-912f-97bd804894e3,Customer Return: Returns,2026-03-14 13:09:15.524+00,2026-03-18 13:09:15.545868+00,,
419dfc0e-2757-4a44-8ec7-85b887c27ef2,a6707819-7f9c-4968-ad8e-badfec24bef2,2200,Sale Return,SCN-2026-03-00062||/sales/credit-notes/1817cfba-fdfb-4a29-b81e-8cf617c63c59||line:1fefe4b3-2d7f-4716-b5b7-f18debc1b7cb,Customer Return: Returns,2026-03-16 18:59:59.999+00,2026-03-25 13:41:25.713743+00,,
08a3d8d9-1fc0-4b39-9e2b-d325c4fa6742,a6707819-7f9c-4968-ad8e-badfec24bef2,-4160,Sale,INV-2026-03-00176||/sales/invoices/69a17305-053c-40b7-96e2-00ce3136d0b7||line:589847e3-2715-4172-b0d2-d175f5103c00,Al-Qamar Atta(Green) - 20,2026-03-29 19:00:00+00,2026-03-31 04:56:52.379147+00,,
e0868652-dde6-46a6-bf5e-b92904fdbd61,29f97aa5-e538-4261-b69f-6b1a394015c9,389,Purchase,PO-2026-04-00033||/purchase/55563cf4-475d-49fb-92d7-43cb77b9c79b/edit||line:ec555dc5-aebb-46f8-a4b3-51d682025c4a,Wheat Bardana,2026-04-07 18:59:59.999+00,2026-04-09 09:50:47.865373+00,,
01b77931-1970-4f7e-ac48-6c8b11ee3dd8,8b945707-4cb1-4e34-8d12-92da06120bd2,-106,Production,MO-2026-04-00022||/production/07d674b2-efc9-4de7-8117-56277812b90e/edit||comp:3eca5ce1-6e09-49bb-9d88-372f6bee7523,Component Consumption,2026-04-04 18:59:59.999+00,2026-04-09 13:51:15.336201+00,,
e61cef03-6bd1-45e1-8fb3-88d15e667624,18568477-1a69-413a-b5bd-94333c860750,9588,Production,MO-2026-04-00022||/production/07d674b2-efc9-4de7-8117-56277812b90e/edit||fg:c72fa8c3-303b-4251-83c6-87b4c0ba9f67,Finished Goods Production,2026-04-04 18:59:59.999+00,2026-04-09 13:51:16.488753+00,,
8f963f30-2e67-413a-a004-d0e2ecd6e65e,e646adf3-e04a-4919-8dd4-d53927f5584b,2960,Production,MO-2026-04-00022||/production/07d674b2-efc9-4de7-8117-56277812b90e/edit||fg:227d96f7-ebe8-448a-ba74-9b99f76d63f7,Finished Goods Production,2026-04-04 18:59:59.999+00,2026-04-09 13:51:17.724586+00,,
02dc6780-c9de-43d2-a4e3-68a5ebaba8d9,da5c9701-b165-4fcf-85ac-7d8abfba8e6b,-203,Production,MO-2026-04-00027||/production/4d2155d3-86cf-4fcc-a059-e0f8281da849/edit||comp:5b75cf6f-7976-4ca7-8b04-b5a4631bee81,Component Consumption,2026-04-10 18:59:59.999+00,2026-04-10 11:32:52.788453+00,,
9d6e8f2c-041f-4a20-b1ae-09de5c7b3167,e646adf3-e04a-4919-8dd4-d53927f5584b,-10,Sale,INV-2026-04-00201||/sales/invoices/3af6acb0-da18-45ab-b397-864a5269033d||line:caaef89d-b58b-49ef-8da6-0dfc43338438,Al-Qamar Atta(Green) - 10,2026-04-01 19:00:00+00,2026-04-10 12:40:45.77335+00,,
1c98e409-f427-411e-8b6a-0b44a605b8af,a6707819-7f9c-4968-ad8e-badfec24bef2,-20,Sale,INV-2026-04-00225||/sales/invoices/172f4891-58f1-401c-8c5b-1fc62bc32667||line:22dc7c25-9b1c-4929-924d-186acc4ef785,Al-Qamar Atta(Green) - 20,2026-04-03 19:00:00+00,2026-04-10 14:20:42.164054+00,,
5f03166e-f4cc-48d9-aea2-f4eeb42f33f8,937ec71e-d35e-4c0a-b48a-7e72d77e86c1,-2250,Sale,INV-2026-04-00242||/sales/invoices/14339868-124c-42dc-bdd1-c044e2e1166d||line:02b402eb-afac-4373-a0f4-03c8b4bac436,Al-Qamar Atta(Silver) - 15,2026-04-05 19:00:00+00,2026-04-11 11:06:55.392674+00,,
422ca023-3ffd-4d22-a180-054269ab9b6f,e560c8fd-332b-48cb-b7de-125a590bcb0c,-12800,Sale,INV-2026-03-00077||line:d09e6844-46ba-4633-ad0e-9fe6fb3a6f7f||/sales/invoices/5b3aa7a7-8a53-42d4-912a-8f95659a6efe,Premium Maida - 80,2026-03-08 19:00:00+00,2026-03-14 08:50:41.047316+00,,
396f0669-7e2d-4acf-b965-f5523952ff89,a6707819-7f9c-4968-ad8e-badfec24bef2,-800,Sale,INV-2026-03-00080||line:f2d6ab85-a078-4bfa-8011-6f4674058f21||/sales/invoices/3eaf8f49-f43c-43db-a127-7efa16f903bd,Al-Qamar Atta(Green) - 20,2026-03-08 19:00:00+00,2026-03-14 08:50:41.047316+00,,
bf3d64aa-6845-4f17-b1aa-2887f3ff4d1a,e646adf3-e04a-4919-8dd4-d53927f5584b,-1000,Sale,INV-2026-04-00265||/sales/invoices/87719397-d4eb-47e4-a610-d894e84bc524||line:a0816e39-d93c-4c7a-9e8d-9779aabea01f,Al-Qamar Atta(Green) - 10,2026-04-07 19:00:00+00,2026-04-11 12:11:39.533795+00,,
51a9fd6d-46de-47f9-9736-85e6a6bc9bbf,2c981082-c3ab-47b1-99c3-c34fe22ee02c,1280,Sale Return,SCN-2026-04-00083||/sales/credit-notes/d05f1a98-ffc4-4d33-943e-a964d2a355ff||line:dc210821-0235-417b-8046-373f4ff4e5a0,Customer Return: Returns,2026-04-10 18:59:59.999+00,2026-04-11 13:07:15.7813+00,,
b7f27e21-56af-43da-b15d-b2341fa8e7eb,2c981082-c3ab-47b1-99c3-c34fe22ee02c,7360,Production,MO-2026-04-00030||/production/3f8764d1-1b46-4a40-9970-4e606e7a0db3/edit||fg:74e8610a-9b59-4e62-939f-ba3425045658,Finished Goods Production,2026-04-14 18:59:59.999+00,2026-04-15 05:05:07.215517+00,,
3f1fe769-db7e-4b42-85de-a24d6014e8e0,a6707819-7f9c-4968-ad8e-badfec24bef2,-20,Conversion,CONV-1776253897243,Stock Conversion (Source),2026-04-15 18:59:59.999+00,2026-04-15 11:51:37.837665+00,,
4a0bda63-a85e-4cbe-bde0-d588f2ad2e6e,8851e237-ca39-487c-a35f-e28fe711d32c,-3000,Sale,INV-2026-04-00320||/sales/invoices/79125090-8ce8-47fa-b2fc-633256e21974||line:edaaedbf-1216-4d87-8766-a223737163f0,Premium Maida - 50,2026-04-13 19:00:00+00,2026-04-16 07:20:24.076006+00,,
397f907b-4cdf-45af-a971-b67d542137b1,937ec71e-d35e-4c0a-b48a-7e72d77e86c1,-15,Sale,INV-2026-04-00336||/sales/invoices/74817902-4fc8-46d1-9e04-1fd5e9a085af||line:01ab7cb5-d450-4b9b-a088-ddd37e4fdc57,Al-Qamar Atta(Silver) - 15,2026-04-14 19:00:00+00,2026-04-17 11:05:38.070132+00,,
e612fea4-e99b-44cf-937a-de3d46e5f17a,1066c1db-bbd7-4256-a751-f5cbf463f8a3,-2715,Sale,INV-2026-04-00350||/sales/invoices/09f3fe27-c4c6-421d-af54-43435ea29b83||line:0a94b679-0611-4824-9aab-a2a5d54d97fd,Al-Qamar Atta - 15,2026-04-17 19:00:00+00,2026-04-18 09:51:52.511104+00,,
bb4463a9-91a5-4484-8574-861314e0a4b6,8851e237-ca39-487c-a35f-e28fe711d32c,-6000,Sale,INV-2026-04-00359||/sales/invoices/1d2b55d9-b97e-4178-b7b2-867cf16a28ca||line:e15ae992-8d88-4c05-901f-761371791718,Premium Maida - 50,2026-04-19 19:00:00+00,2026-04-20 09:44:10.349749+00,,
8f0c6610-73f5-4d15-92da-104dbf374e81,aa74113c-9bfa-4286-875a-82d02a6e0f47,10,Production,MO-2026-04-00037||/production/7218ff5e-fdda-4405-b4b8-ca2b2d0cd5a4/edit||fg:b45407cb-b6dc-448b-8798-8e21490f4776,Finished Goods Production,2026-04-22 18:59:59.999+00,2026-04-22 10:10:11.430217+00,,
b41225da-39c4-484c-8a46-c7e3aad3c21d,2c981082-c3ab-47b1-99c3-c34fe22ee02c,-4000,Sale,INV-2026-03-00080||line:f9b4b5fa-377d-4808-990c-68382efe6330||/sales/invoices/3eaf8f49-f43c-43db-a127-7efa16f903bd,Premium Fine - 80,2026-03-08 19:00:00+00,2026-03-14 08:50:41.047316+00,,
a5ec2055-b54a-49c3-8f1a-54d09bd318d6,c8ca813c-e4be-428e-aef8-503eeeb948b7,-80,Conversion,CONV-1776949711266,Packaging for 50,2026-04-23 18:59:59.999+00,2026-04-23 13:08:32.203989+00,,
cc04fa11-dc27-4c74-a115-81e231838310,d23536f3-0d86-4dcd-934e-9085566d4dc7,10865.25,Purchase,PO-2026-04-00048||/purchase/a4bc293e-13cf-43af-aa09-fb4878c5e153/edit||line:a5b6b0e2-a681-45ef-a8b2-33da186c0ee0,Wheat,2026-04-23 18:59:59.999+00,2026-04-24 12:23:26.707074+00,,
58f557b5-2778-43c2-9595-34e1e216c4f3,d23536f3-0d86-4dcd-934e-9085566d4dc7,-2105,Adjustment,REF-2026-04-01088,Refraction Cleaning Loss,2026-04-21 18:59:59.999+00,2026-04-25 05:47:12.134262+00,,
70cd30bf-a4d8-4871-a745-06c22016f222,2c981082-c3ab-47b1-99c3-c34fe22ee02c,-1600,Sale,INV-2026-04-00386||/sales/invoices/85252fca-89c5-40e8-a13a-c4e85fe7e3e2||line:d9c5e0db-0010-4078-ad01-431b6d7a0dbe,Premium Fine - 80,2026-04-26 19:00:00+00,2026-04-27 05:48:43.639568+00,,
b971089d-f2c3-4cfd-bd13-fbe8d277ecad,da5c9701-b165-4fcf-85ac-7d8abfba8e6b,-146,Production,MO-2026-04-00042||/production/2fe021e0-e499-4425-b821-f3a3cdb49f3c/edit||comp:d941cbdf-90ca-4317-be9d-9f9e17a13673,Component Consumption,2026-04-28 18:59:59.999+00,2026-04-28 12:16:59.625255+00,,
a7180861-b028-458f-b244-e132acbdc811,25a20076-8468-420b-97f9-75c1f6275242,-395,Sale,INV-2026-04-00393||/sales/invoices/3b576f53-b944-46a2-a04d-64816b88fafd||line:14874bb1-67ba-4efc-9c41-d92dabc74063,Al-Qamar Atta - 79,2026-04-26 19:00:00+00,2026-04-29 15:35:35.126418+00,,
7810a86b-61b5-408a-8684-3eaf7e959701,a40b07a6-2948-489d-8dec-5e206ba38989,115,Conversion,CONV-1777545309844,Stock Conversion (Destination),2026-04-30 18:59:59.999+00,2026-04-30 10:35:10.361397+00,,
6138dd5e-8c23-4cad-a4e2-a046ad62dcac,8851e237-ca39-487c-a35f-e28fe711d32c,-850,Sale,INV-2026-04-00415||/sales/invoices/04fd23dc-fd7d-4129-9ff6-83e5955dab53||line:eb18f046-12f1-49e5-8c76-abb4fa9b610a,Premium Maida - 50,2026-04-29 19:00:00+00,2026-04-30 15:59:15.715326+00,,
834464d5-9543-49fc-b39a-05d22d2c9747,396eef73-791a-465c-ae17-b78505b08d5f,-1060,Sale,INV-2026-03-00080||line:00c68f6f-401f-4976-9b8f-f7d36637cb78||/sales/invoices/3eaf8f49-f43c-43db-a127-7efa16f903bd,Premium Pizza Flour - 10,2026-03-08 19:00:00+00,2026-03-14 08:50:41.047316+00,,
0bb7e32c-2456-441d-87cf-270544795e9d,98506d04-47db-4d74-847b-cf3122bc85ad,-550,Sale,INV-2026-03-00081||line:4cb23ee7-4dcf-4119-a268-9a8f55c73349||/sales/invoices/d475153d-fc74-4784-a13d-f291537260b3,Premium Suji - 50,2026-03-08 19:00:00+00,2026-03-14 08:50:41.047316+00,,
2c977cd2-ec9d-4910-8a35-0c7a6ce17a3a,e560c8fd-332b-48cb-b7de-125a590bcb0c,-12000,Sale,INV-2026-03-00082||line:939cd94e-85cb-4c94-9317-2edc1c629e91||/sales/invoices/7ddb97d6-8e08-4599-a9f7-245a893a3f29,Premium Maida - 80,2026-03-08 19:00:00+00,2026-03-14 08:50:41.047316+00,,
3fefed7c-da26-4d52-bc9a-c6c203bee474,a6707819-7f9c-4968-ad8e-badfec24bef2,-40,Sale,INV-2026-03-00083||line:538765e9-432d-45bb-a80b-b23954e204f5||/sales/invoices/9199fb67-91cb-4f64-8856-81057eb0692b,Al-Qamar Atta(Green) - 20,2026-03-06 19:00:00+00,2026-03-14 08:50:41.047316+00,,
b72b4536-edb9-4d24-a9de-6fcafdb3323a,a6707819-7f9c-4968-ad8e-badfec24bef2,-760,Sale,INV-2026-03-00095||/sales/invoices/2bc77810-0691-41c1-8791-05decc6b90d1,Al-Qamar Atta(Green) - 20,2026-03-10 19:00:00+00,2026-03-12 12:20:06.147454+00,,
df752a58-4e07-49b2-b50d-dae2876e3cd0,2c981082-c3ab-47b1-99c3-c34fe22ee02c,-1200,Sale,INV-2026-03-00095||/sales/invoices/2bc77810-0691-41c1-8791-05decc6b90d1,Premium Fine - 80,2026-03-10 19:00:00+00,2026-03-12 12:20:06.52337+00,,
f63b231e-7c26-4d34-8f7c-8b5de14a0084,a6707819-7f9c-4968-ad8e-badfec24bef2,-20,Sale,INV-2026-03-00084||line:0a06cfcd-78bc-4bb9-9fa3-e9ceb6aa6c0d||/sales/invoices/c0e68bd4-8c79-4396-97eb-68c699ec3e0c,Al-Qamar Atta(Green) - 20,2026-03-06 19:00:00+00,2026-03-14 08:50:41.047316+00,,
a28f5760-b2c2-4dff-8203-2805068cd5ff,a6707819-7f9c-4968-ad8e-badfec24bef2,-20,Sale,INV-2026-03-00085||line:18366723-b2a6-4677-8dfa-62ebd5e25975||/sales/invoices/8003e24e-f04e-4a9a-8aa3-5ab2c759d969,Al-Qamar Atta(Green) - 20,2026-03-08 19:00:00+00,2026-03-14 08:50:41.047316+00,,
91cb4f41-cc54-4cf3-aa08-b00496a611b3,e646adf3-e04a-4919-8dd4-d53927f5584b,-1000,Sale,INV-2026-03-00088||line:ef59d913-b66a-41ed-b7f1-12e75bab684e||/sales/invoices/f95f9807-665d-4436-860f-9b37b7bff49c,Al-Qamar Atta(Green) - 10,2026-03-09 19:00:00+00,2026-03-14 08:50:41.047316+00,,
6ee07f43-afb1-433b-b3af-7501611d300d,a6707819-7f9c-4968-ad8e-badfec24bef2,-1000,Sale,INV-2026-03-00088||line:42898a5e-3266-433c-888c-c1442a82c310||/sales/invoices/f95f9807-665d-4436-860f-9b37b7bff49c,Al-Qamar Atta(Green) - 20,2026-03-09 19:00:00+00,2026-03-14 08:50:41.047316+00,,
8870dd7c-fe35-459c-b1f5-fe33c8f3a339,e646adf3-e04a-4919-8dd4-d53927f5584b,-1000,Sale,INV-2026-03-00089||line:288d3b36-0b5b-48a7-8654-ac3a465852b3||/sales/invoices/4d38d2ad-03f3-46de-85bd-a90a434968c6,Al-Qamar Atta(Green) - 10,2026-03-09 19:00:00+00,2026-03-14 08:50:41.047316+00,,
38f331ab-4550-4174-b6f3-5ed17c272b5c,a6707819-7f9c-4968-ad8e-badfec24bef2,-1000,Sale,INV-2026-03-00089||line:f165cab9-0e60-41ae-a7d7-48b6a3276e0c||/sales/invoices/4d38d2ad-03f3-46de-85bd-a90a434968c6,Al-Qamar Atta(Green) - 20,2026-03-09 19:00:00+00,2026-03-14 08:50:41.047316+00,,
4cacd9e1-d0a1-41c8-b1bd-2b867cb58450,a6707819-7f9c-4968-ad8e-badfec24bef2,-5000,Sale,INV-2026-03-00090||line:2eeddf3f-626b-438f-a6de-53b517ef3fbb||/sales/invoices/b74c6ee4-7661-4c9e-abae-3e3a8263458e,Al-Qamar Atta(Green) - 20,2026-03-09 19:00:00+00,2026-03-14 08:50:41.047316+00,,
a4115f76-715e-4f70-87b5-76c8b24786a6,e646adf3-e04a-4919-8dd4-d53927f5584b,-1000,Sale,INV-2026-03-00091||line:8a259639-cf54-4eef-8638-18d9c85480c8||/sales/invoices/effb4f85-12e2-4aff-95c4-3caf65f3e11d,Al-Qamar Atta(Green) - 10,2026-03-09 19:00:00+00,2026-03-14 08:50:41.047316+00,,
679d45c1-9b46-4f02-af4d-c589ffbaa7a7,a6707819-7f9c-4968-ad8e-badfec24bef2,-4000,Sale,INV-2026-03-00091||line:543555cc-c2ef-4fe8-95d9-a2d2fb68f88c||/sales/invoices/effb4f85-12e2-4aff-95c4-3caf65f3e11d,Al-Qamar Atta(Green) - 20,2026-03-09 19:00:00+00,2026-03-14 08:50:41.047316+00,,
6fb418d8-2297-4ddf-9fa6-32e9b4c8d476,e646adf3-e04a-4919-8dd4-d53927f5584b,-500,Sale,INV-2026-03-00092||line:70b75a68-9172-406e-883a-89fb2b8cf8da||/sales/invoices/d8b554fa-27b3-481d-aefc-8afc5a62816a,Al-Qamar Atta(Green) - 10,2026-03-09 19:00:00+00,2026-03-14 08:50:41.047316+00,,
e3d3e121-63e3-4a1b-b372-44ca8f36a49a,a6707819-7f9c-4968-ad8e-badfec24bef2,-3000,Sale,INV-2026-03-00092||line:16c9fe6d-ebf5-418e-8c25-e789d3f19bbe||/sales/invoices/d8b554fa-27b3-481d-aefc-8afc5a62816a,Al-Qamar Atta(Green) - 20,2026-03-09 19:00:00+00,2026-03-14 08:50:41.047316+00,,
1eb02cf0-d60d-404d-a3cb-c605da8efc61,18568477-1a69-413a-b5bd-94333c860750,-680,Sale,INV-2026-03-00094||line:0f253e26-858c-44c4-9f38-eff37066aa9b||/sales/invoices/fc1e09cd-edaf-4741-90f3-c329d583870b,Premium Bran - 34,2026-03-10 19:00:00+00,2026-03-14 08:50:41.047316+00,,
1954949a-b4fc-40f7-9dc0-3461ae94aee4,e646adf3-e04a-4919-8dd4-d53927f5584b,-500,Sale,INV-2026-03-00096||line:c945d19b-343b-4350-99f9-9ccf772ab93e||/sales/invoices/dbf8f39a-24b9-46f9-822c-23d3924d0105,Al-Qamar Atta(Green) - 10,2026-03-10 19:00:00+00,2026-03-14 08:50:41.047316+00,,
85376ea0-07a9-4207-a2c2-35e5c62d7d6d,8851e237-ca39-487c-a35f-e28fe711d32c,-100,Sale,INV-2026-03-00104||/sales/invoices/0ddd28f0-7cc6-49a4-b12d-61b83e04bced,Premium Maida - 50,2026-03-10 19:00:00+00,2026-03-12 12:34:11.248338+00,,
d0b70a66-0d1d-4db6-975d-c75ee4be8c39,a6707819-7f9c-4968-ad8e-badfec24bef2,-4500,Sale,INV-2026-03-00114||/sales/invoices/2f256e4d-1814-43b4-b2d7-b01b8541327a,Al-Qamar Atta(Green) - 20,2026-03-12 19:00:00+00,2026-03-14 11:03:56.345165+00,,
918f6eae-2017-4aab-9a95-03716068c9a4,c96b657d-0bd6-4386-b94c-339c33714e3b,-75,Production,MO-2026-03-00017||/production/b321269f-b397-4e0d-875a-86fa867b9f57/edit||comp:155335f5-45ad-4cfe-89b3-7b719253e3b5,Component Consumption,2026-03-17 06:56:33.8+00,2026-03-18 06:56:33.820331+00,,
54678a52-6892-4c26-b20d-322f600ae361,e646adf3-e04a-4919-8dd4-d53927f5584b,730,Production,MO-2026-03-00017||/production/b321269f-b397-4e0d-875a-86fa867b9f57/edit||fg:78e53dea-ea8c-43d0-a001-fcb70aa45796,Finished Goods Production,2026-03-17 06:56:37.267+00,2026-03-18 06:56:37.287457+00,,
aaf0bd53-986d-422c-8e34-c2e96e2c4aa9,d23536f3-0d86-4dcd-934e-9085566d4dc7,-34470,Production,MO-2026-03-00018||/production/5d81ae44-cbc1-45a3-b2db-aae0e671531f/edit||comp:848c5928-b32b-4c38-b6b0-b4c4641e26aa,Component Consumption,2026-03-18 06:44:44.699+00,2026-03-19 06:44:44.726063+00,,
c24fb9d7-5081-41b7-a59a-c5856b63edce,a6707819-7f9c-4968-ad8e-badfec24bef2,-4500,Sale,INV-2026-03-00096||line:50f46e5b-b771-44cd-b9fb-b809959c66a8||/sales/invoices/dbf8f39a-24b9-46f9-822c-23d3924d0105,Al-Qamar Atta(Green) - 20,2026-03-10 19:00:00+00,2026-03-14 08:50:41.047316+00,,
64e7a1c2-fde1-4e40-ad1a-d83a84a322ed,d23536f3-0d86-4dcd-934e-9085566d4dc7,72000,Opening Balance,,Migration,2026-02-27 19:00:00+00,2026-03-13 07:43:51.375987+00,,
94be6d1f-ee3c-455d-926a-1ef196aa8390,d23536f3-0d86-4dcd-934e-9085566d4dc7,50005,Purchase,PO-2026-03-00015||/purchase/3320acc3-4411-45d7-963b-3da6628177d3/edit,Wheat,2026-03-02 07:56:27.088+00,2026-03-13 07:56:27.468836+00,,
a3184c19-15e1-42f6-b1f0-089abd1129ca,29f97aa5-e538-4261-b69f-6b1a394015c9,1000,Purchase,PO-2026-03-00015||/purchase/3320acc3-4411-45d7-963b-3da6628177d3/edit,Wheat Bardana,2026-03-02 07:56:28.998+00,2026-03-13 07:56:29.39464+00,,
6204088c-3896-4539-b5fa-1dbac5ae8bef,a6707819-7f9c-4968-ad8e-badfec24bef2,-3500,Sale,INV-2026-03-00097||line:e5e66149-83b4-4540-9fb6-744f81dae56b||/sales/invoices/618f7439-08e3-463a-9941-bb5f2b4430b7,Al-Qamar Atta(Green) - 20,2026-03-10 19:00:00+00,2026-03-14 08:50:41.047316+00,,
19592488-ca03-4972-9003-107bc1a001a0,d8a16b7d-84b2-4a78-8333-a02a4389a141,-250,Sale,INV-2026-03-00098||line:3d63f5ea-dabd-4735-ac9c-c7eb7074dc39||/sales/invoices/81856c50-6ad5-4f14-8588-08280af7b530,Al-Qamar Atta - 5,2026-03-10 19:00:00+00,2026-03-14 08:50:41.047316+00,,
b74273bd-beba-4dfb-995d-fbdd5261618a,5ffd5921-5ad2-4d30-b598-4337f1a39464,-5000,Sale,INV-2026-03-00098||line:6309b9c1-c802-4141-a164-970659a4f008||/sales/invoices/81856c50-6ad5-4f14-8588-08280af7b530,Premium Atta - 20,2026-03-10 19:00:00+00,2026-03-14 08:50:41.047316+00,,
e85b280e-044e-4582-8ea5-d868e7c281d8,e646adf3-e04a-4919-8dd4-d53927f5584b,-1000,Sale,INV-2026-03-00099||line:7e6c7fd9-83c3-4973-afe7-d41da77e9805||/sales/invoices/bc77144d-dea4-412a-a4a7-5c44b7c760cc,Al-Qamar Atta(Green) - 10,2026-03-10 19:00:00+00,2026-03-14 08:50:41.047316+00,,
004b14a4-aa7a-4b8a-a16f-0740b604ab94,a6707819-7f9c-4968-ad8e-badfec24bef2,-3000,Sale,INV-2026-03-00099||line:bb6acf18-e8a1-460a-a743-a57a22f495fe||/sales/invoices/bc77144d-dea4-412a-a4a7-5c44b7c760cc,Al-Qamar Atta(Green) - 20,2026-03-10 19:00:00+00,2026-03-14 08:50:41.047316+00,,
daa0b95b-c45d-4ad2-a2c7-f3bd2d310341,2c981082-c3ab-47b1-99c3-c34fe22ee02c,-2000,Sale,INV-2026-03-00099||line:9352e513-a64e-4375-ae7c-1355d3daa730||/sales/invoices/bc77144d-dea4-412a-a4a7-5c44b7c760cc,Premium Fine - 80,2026-03-10 19:00:00+00,2026-03-14 08:50:41.047316+00,,
86d5e7f6-c098-4f46-8916-8ce8292b892b,2c981082-c3ab-47b1-99c3-c34fe22ee02c,-2000,Sale,INV-2026-03-00100||line:6bb414b4-8d88-4dd9-8400-ebd7d7db9049||/sales/invoices/d765406d-db97-4bd5-9fa4-b98168c6f0a7,Premium Fine - 80,2026-03-10 19:00:00+00,2026-03-14 08:50:41.047316+00,,
418e1fc4-bd8d-4b34-ade1-58ae9e1db59d,e646adf3-e04a-4919-8dd4-d53927f5584b,-1000,Sale,INV-2026-03-00106||/sales/invoices/1102f8d9-d8ea-4a2b-af4d-7021683fbde9,Al-Qamar Atta(Green) - 10,2026-03-11 19:00:00+00,2026-03-13 09:24:05.282114+00,,
6e2c10ea-9342-43ea-9db9-741bfebab000,a6707819-7f9c-4968-ad8e-badfec24bef2,-3000,Sale,INV-2026-03-00106||/sales/invoices/1102f8d9-d8ea-4a2b-af4d-7021683fbde9,Al-Qamar Atta(Green) - 20,2026-03-11 19:00:00+00,2026-03-13 09:24:05.591748+00,,
b7b20606-ad34-4b51-9b45-dad8b0d9c28a,98506d04-47db-4d74-847b-cf3122bc85ad,-50,Sale,INV-2026-03-00102||line:8b82b26f-f245-4cb2-ba3c-03a97a2755b4||/sales/invoices/918e6dcd-66c1-4819-b37d-c24771b82f8b,Premium Suji - 50,2026-03-10 19:00:00+00,2026-03-14 08:50:41.047316+00,,
c9cace2a-e1fe-4d4e-b622-14b97453c853,18568477-1a69-413a-b5bd-94333c860750,-850,Sale,INV-2026-03-00102||line:a30911db-6654-4ae0-b09f-fbc9f1ffe431||/sales/invoices/918e6dcd-66c1-4819-b37d-c24771b82f8b,Premium Bran - 34,2026-03-10 19:00:00+00,2026-03-14 08:50:41.887553+00,,
934948f7-31ce-4df9-a2e1-c2809af008cf,18568477-1a69-413a-b5bd-94333c860750,-2720,Sale,INV-2026-03-00103||line:879c6088-92c0-47dc-af6b-db071a10c2c3||/sales/invoices/8050f014-10e4-4bb0-925a-ec52c10b36cd,Premium Bran - 34,2026-03-10 19:00:00+00,2026-03-14 08:50:41.887553+00,,
3dcff268-0c80-427d-8180-4a34188aa8b0,a6707819-7f9c-4968-ad8e-badfec24bef2,-3000,Sale,INV-2026-03-00108||/sales/invoices/20a7db35-e12a-4398-b2b7-dcbfaecf171e,Al-Qamar Atta(Green) - 20,2026-03-11 19:00:00+00,2026-03-13 09:27:08.465185+00,,
3f7d8479-3af5-4fb9-a068-b471fe849ff3,a6707819-7f9c-4968-ad8e-badfec24bef2,-5000,Sale,INV-2026-03-00105||line:5309b1c0-d6c1-4dce-897c-a6346ea0beb0||/sales/invoices/a90973c3-7cb5-4cc9-b26c-5b2733c3654e,Al-Qamar Atta(Green) - 20,2026-03-11 19:00:00+00,2026-03-14 08:50:41.887553+00,,
48fcfa75-e477-4680-a09a-738115447907,a6707819-7f9c-4968-ad8e-badfec24bef2,-3000,Sale,INV-2026-03-00107||line:94bd7167-96d5-417d-b982-8f43c410b40a||/sales/invoices/f92c668d-9036-4298-8353-3ca654e17439,Al-Qamar Atta(Green) - 20,2026-03-11 19:00:00+00,2026-03-14 08:50:41.887553+00,,
0642e0d3-eff9-4e35-9d0d-73608bf494ba,2c981082-c3ab-47b1-99c3-c34fe22ee02c,-4000,Sale,INV-2026-03-00107||line:4ff80a01-dfaf-4e58-bea8-94c1e40e1a17||/sales/invoices/f92c668d-9036-4298-8353-3ca654e17439,Premium Fine - 80,2026-03-11 19:00:00+00,2026-03-14 08:50:41.887553+00,,
f21d7b3e-30a1-4038-847d-385729ad2edf,2c981082-c3ab-47b1-99c3-c34fe22ee02c,-4000,Sale,INV-2026-03-00114||/sales/invoices/2f256e4d-1814-43b4-b2d7-b01b8541327a,Premium Fine - 80,2026-03-12 19:00:00+00,2026-03-14 11:03:56.701453+00,,
76c52ddf-c93a-4334-8c05-0b03a99cd69b,8b945707-4cb1-4e34-8d12-92da06120bd2,-46,Production,MO-2026-03-00017||/production/b321269f-b397-4e0d-875a-86fa867b9f57/edit||comp:94b0cb64-7603-4642-9279-6d6903292ee9,Component Consumption,2026-03-17 06:56:34.052+00,2026-03-18 06:56:34.072989+00,,
84500fcb-29d6-4483-8821-6bd0580eff37,2c981082-c3ab-47b1-99c3-c34fe22ee02c,3680,Production,MO-2026-03-00017||/production/b321269f-b397-4e0d-875a-86fa867b9f57/edit||fg:a07be56d-e3bd-4020-9861-c2c91a95dd6d,Finished Goods Production,2026-03-17 06:56:36.569+00,2026-03-18 06:56:36.595392+00,,
75aa374b-fbc4-479d-bd42-b3a2336d6769,da5c9701-b165-4fcf-85ac-7d8abfba8e6b,-175,Production,MO-2026-03-00018||/production/5d81ae44-cbc1-45a3-b2db-aae0e671531f/edit||comp:a58781d6-2b83-421a-afd7-006514996540,Component Consumption,2026-03-18 06:44:44.955+00,2026-03-19 06:44:44.968971+00,,
25345d65-b0f5-4e01-8784-113abb6628b1,2725799f-a307-4777-8b00-84f03278ab57,-604,Production,MO-2026-03-00018||/production/5d81ae44-cbc1-45a3-b2db-aae0e671531f/edit||comp:c9d9870a-20d2-42eb-ab0c-107b0dc34d53,Component Consumption,2026-03-18 06:44:46.09+00,2026-03-19 06:44:46.119293+00,,
bdc56393-633e-41ce-a2fb-c81ea65cf697,a6707819-7f9c-4968-ad8e-badfec24bef2,4800,Sale Return,SCN-2026-03-00063||/sales/credit-notes/a07ab337-9549-48a2-803b-294c7c35e7c8||line:9f967c78-7a2f-4b02-b8ce-e0d5b503385c,Customer Return: Returns,2026-03-16 18:59:59.999+00,2026-03-25 13:42:22.075968+00,,
48025eeb-b318-4c74-bed9-2d454f29a8dc,a6707819-7f9c-4968-ad8e-badfec24bef2,-2800,Conversion,CONV-1774933845072,Stock Conversion (Source),2026-03-31 18:59:59.999+00,2026-03-31 05:10:45.816221+00,,
9c901e73-8691-437a-ac05-58b4753f70dd,d23536f3-0d86-4dcd-934e-9085566d4dc7,65067.75,Purchase,PO-2026-04-00034||/purchase/4f582087-3cdf-4220-8b80-329624b5212b/edit||line:dc64efea-62b6-4f2f-9b05-bf043514de2f,Wheat,2026-04-07 18:59:59.999+00,2026-04-09 09:55:08.08516+00,,
f603efa6-9ea0-4af3-8b6b-11f1a85e16fa,b2f8974f-ab3c-4880-a03d-6d3b29d26c57,-296,Production,MO-2026-04-00022||/production/07d674b2-efc9-4de7-8117-56277812b90e/edit||comp:2748e204-9b91-4c28-8c26-f525cb87e632,Component Consumption,2026-04-04 18:59:59.999+00,2026-04-09 13:51:15.582171+00,,
3c3c0434-3ebb-4766-8ac2-77a3e67ea25c,65415ac9-fc97-471a-b17f-1340c7b1b55a,-130,Production,MO-2026-04-00027||/production/4d2155d3-86cf-4fcc-a059-e0f8281da849/edit||comp:56b51694-469e-4132-a4ad-ebeb4e3f47e1,Component Consumption,2026-04-10 18:59:59.999+00,2026-04-10 11:32:52.983096+00,,
3cde4b89-0217-411b-a956-8aabe95e7e1c,18568477-1a69-413a-b5bd-94333c860750,6902,Production,MO-2026-04-00027||/production/4d2155d3-86cf-4fcc-a059-e0f8281da849/edit||fg:6ced4a7a-07a8-42c7-a080-2a996e69fd53,Finished Goods Production,2026-04-10 18:59:59.999+00,2026-04-10 11:32:53.917963+00,,
f370499b-3a33-47b9-b13d-7a10c7cc01e0,937ec71e-d35e-4c0a-b48a-7e72d77e86c1,12705,Production,MO-2026-04-00027||/production/4d2155d3-86cf-4fcc-a059-e0f8281da849/edit||fg:5433e3bf-351b-4ada-ac07-5ee587823567,Finished Goods Production,2026-04-10 18:59:59.999+00,2026-04-10 11:32:55.048279+00,,
8b726df2-ce2b-46b3-8a3e-46b99d8d3220,2c981082-c3ab-47b1-99c3-c34fe22ee02c,-2000,Sale,INV-2026-04-00202||/sales/invoices/55c7feef-55ce-469a-80e8-1da4137ca1cd||line:70de1293-b094-499e-88a8-badd72a28bee,Premium Fine - 80,2026-04-01 19:00:00+00,2026-04-10 12:41:58.155748+00,,
5e8f136c-7816-4a63-860f-2a269ef562a3,2c981082-c3ab-47b1-99c3-c34fe22ee02c,-80,Sale,INV-2026-04-00226||/sales/invoices/341ede92-837b-496d-8159-f1a660a83e8c||line:10cd6f23-c01a-47b2-899b-152c295053d3,Premium Fine - 80,2026-04-03 19:00:00+00,2026-04-10 14:21:38.05777+00,,
619935ad-24a5-4e00-bafc-434db6be3a5c,2c981082-c3ab-47b1-99c3-c34fe22ee02c,-1200,Sale,INV-2026-04-00243||/sales/invoices/36e76f75-c02c-4f5e-9461-da8b5a61f4ff||line:b836e3c0-f9a9-434e-99dc-1eba6f394e12,Premium Fine - 80,2026-04-05 19:00:00+00,2026-04-11 11:07:55.734676+00,,
8457b98c-7874-4fbb-8aed-2736415923c9,a6707819-7f9c-4968-ad8e-badfec24bef2,-2500,Sale,INV-2026-03-00109||line:1ca46ce8-af56-431f-a93f-e183ab6cca7a||/sales/invoices/502fa430-84d3-4305-9715-2e08b13a7d77,Al-Qamar Atta(Green) - 20,2026-03-11 19:00:00+00,2026-03-14 08:50:41.887553+00,,
e83c943a-a383-48fa-8ea4-6f30f2a946fe,18568477-1a69-413a-b5bd-94333c860750,-3570,Sale,INV-2026-03-00110||line:ba00d724-7534-4c2e-824b-8196ccea25e2||/sales/invoices/d8dee436-e55c-4db1-b3b4-36ab04ad340a,Premium Bran - 34,2026-03-11 19:00:00+00,2026-03-14 08:50:41.887553+00,,
985e2805-7c12-4825-8c3e-03eb4fb970c0,a6707819-7f9c-4968-ad8e-badfec24bef2,-2200,Sale,INV-2026-04-00265||/sales/invoices/87719397-d4eb-47e4-a610-d894e84bc524||line:24c0307d-ebe4-4061-befd-e37a29a31f7f,Al-Qamar Atta(Green) - 20,2026-04-07 19:00:00+00,2026-04-11 12:11:39.807684+00,,
9a89a003-d9be-465e-aa31-555170956774,937ec71e-d35e-4c0a-b48a-7e72d77e86c1,1500,Sale Return,SCN-2026-04-00084||/sales/credit-notes/68452808-0b48-4181-a6ee-ff716f051270||line:2019e1aa-22b3-425b-8646-ed7c7b72a865,Customer Return: Returns,2026-04-10 18:59:59.999+00,2026-04-11 13:08:13.301246+00,,
8ef3a0f3-bee7-497b-a355-7c6a06accec2,c6b76b35-74b4-4b7d-aa4d-e473698b2f81,140,Production,MO-2026-04-00030||/production/3f8764d1-1b46-4a40-9970-4e606e7a0db3/edit||fg:c9086349-d267-4c5f-8344-08ac53226027,Finished Goods Production,2026-04-14 18:59:59.999+00,2026-04-15 05:05:07.575136+00,,
6243886b-c9fc-4e37-9aa2-d32905562329,a6707819-7f9c-4968-ad8e-badfec24bef2,-20,Conversion,CONV-1776253942551,Stock Conversion (Source),2026-04-15 18:59:59.999+00,2026-04-15 11:52:23.300643+00,,
87de4c7e-13cd-4bd7-ae21-3df3c7e88bbf,8851e237-ca39-487c-a35f-e28fe711d32c,-250,Sale,INV-2026-04-00321||/sales/invoices/314e7772-b9b8-49cc-bf5d-0821e17692ba||line:3e930a67-0835-4bc8-b1c7-d1cb376c4445,Premium Maida - 50,2026-04-13 19:00:00+00,2026-04-16 07:22:07.7475+00,,
2723d199-d41c-469b-8f81-df5a0f8ec172,937ec71e-d35e-4c0a-b48a-7e72d77e86c1,-15,Sale,INV-2026-04-00337||/sales/invoices/0f50e69c-b7ef-4315-bc8c-dfe6ab5c17ad||line:2c2b9ff3-76d2-416d-9839-4bb7790a9554,Al-Qamar Atta(Silver) - 15,2026-04-14 19:00:00+00,2026-04-17 11:07:02.304986+00,,
948fb846-575d-4ddb-83bc-ed3b3fecac7e,2c981082-c3ab-47b1-99c3-c34fe22ee02c,-1200,Sale,INV-2026-04-00350||/sales/invoices/09f3fe27-c4c6-421d-af54-43435ea29b83||line:94f235fe-0a0c-4057-840f-5f988ba6c433,Premium Fine - 80,2026-04-17 19:00:00+00,2026-04-18 09:51:52.878233+00,,
0c3e31dc-57f8-4e17-ab44-231850d4f116,2c981082-c3ab-47b1-99c3-c34fe22ee02c,-2000,Sale,INV-2026-04-00360||/sales/invoices/badf3e26-c248-46f8-aa7a-85ff8a7ef163||line:2a711cb9-b8d3-45d5-a2f5-8a065679918d,Premium Fine - 80,2026-04-19 19:00:00+00,2026-04-20 09:45:41.648453+00,,
c4e1010b-7ad8-4d92-bfea-08a5a76ecfc4,1066c1db-bbd7-4256-a751-f5cbf463f8a3,-4470,Sale,INV-2026-04-00368||/sales/invoices/41b0aca6-f991-4679-b8ec-21c891d1fb95||line:0df69633-69d7-45fb-aae0-1b30f54c96a7,Al-Qamar Atta - 15,2026-04-21 19:00:00+00,2026-04-22 10:14:40.028016+00,,
456b27ca-dc7a-44cb-916b-0b598512c546,8851e237-ca39-487c-a35f-e28fe711d32c,4000,Conversion,CONV-1776949711266,Stock Conversion (Destination),2026-04-23 18:59:59.999+00,2026-04-23 13:08:32.308953+00,,
35f56f1e-72a7-47cf-a1f9-9549f530aade,d23536f3-0d86-4dcd-934e-9085566d4dc7,109.75,Purchase,PO-2026-04-00048||/purchase/a4bc293e-13cf-43af-aa09-fb4878c5e153/edit||line:2e58c142-cd30-4c2c-ac67-d652a27731ee,Wheat - Kaat,2026-04-23 18:59:59.999+00,2026-04-24 12:23:26.94021+00,,
2b0c6d63-57ce-4e6d-bb37-20dbfd2c7101,e646adf3-e04a-4919-8dd4-d53927f5584b,-1000,Sale,INV-2026-03-00115||/sales/invoices/2e48ba8a-457a-4db1-b59d-677ba8f707e1,Al-Qamar Atta(Green) - 10,2026-03-12 19:00:00+00,2026-03-14 11:05:11.724601+00,,
1150224a-319e-424b-9b45-ecf9e559582a,2725799f-a307-4777-8b00-84f03278ab57,-250,Production,MO-2026-03-00017||/production/b321269f-b397-4e0d-875a-86fa867b9f57/edit||comp:ec3619be-a431-4c76-a988-9ee4dac3386b,Component Consumption,2026-03-17 06:56:34.28+00,2026-03-18 06:56:34.299068+00,,
0e32c164-6598-42cd-8293-bd8395b58c1c,e560c8fd-332b-48cb-b7de-125a590bcb0c,6080,Production,MO-2026-03-00010||line:b9743400-c1c2-4aa2-a902-d0da8359a6be||/production/d736d1ac-3c20-4bb4-95e6-a51a11a07fee/edit,Finished Goods Production,2026-03-06 19:00:00+00,2026-03-14 09:04:16.159776+00,,
769dbf3f-f014-421c-a1d0-84b9aac9eaf9,e560c8fd-332b-48cb-b7de-125a590bcb0c,5600,Production,MO-2026-03-00017||/production/b321269f-b397-4e0d-875a-86fa867b9f57/edit||fg:5eab44a8-d9ba-4e8f-8986-0e7de5d95b13,Finished Goods Production,2026-03-17 06:56:35.892+00,2026-03-18 06:56:35.915013+00,,
9e01c1c4-9aee-4ba6-a661-a793d770b4cd,c8ca813c-e4be-428e-aef8-503eeeb948b7,-192,Production,MO-2026-03-00018||/production/5d81ae44-cbc1-45a3-b2db-aae0e671531f/edit||comp:6ba9a47b-a249-4eea-a9af-e7d1942c22a0,Component Consumption,2026-03-18 06:44:45.168+00,2026-03-19 06:44:45.190342+00,,
68a75e73-0408-49b4-bf70-bbfff06bfc68,b2f8974f-ab3c-4880-a03d-6d3b29d26c57,-168,Production,MO-2026-03-00018||/production/5d81ae44-cbc1-45a3-b2db-aae0e671531f/edit||comp:f446a314-ecc4-4a4c-bec6-ac7800c071b8,Component Consumption,2026-03-18 06:44:46.315+00,2026-03-19 06:44:46.327115+00,,
13a0b99e-2690-4a5a-ba34-17865f11345d,18568477-1a69-413a-b5bd-94333c860750,-16048,Sale,INV-2026-03-00142||/sales/invoices/c8a08167-cdb5-4f38-8e97-d9433f4becc4||line:4324686b-451f-4acc-a8e1-ea83930a6b18,Premium Bran - 34,2026-03-17 19:00:00+00,2026-03-19 06:45:25.039457+00,,
f03965f2-ce3e-4656-b2dc-dfc6ae1f1944,e560c8fd-332b-48cb-b7de-125a590bcb0c,12560,Sale Return,SCN-2026-03-00064||/sales/credit-notes/482c559c-8776-4b43-a42d-9f628e80da31||line:38f10290-c989-4bb9-9e19-0477c7d27bfc,Customer Return: Returns,2026-03-18 18:59:59.999+00,2026-03-25 13:44:42.784927+00,,
8d5047ea-6a88-4bca-8b06-a4e355834af2,2725799f-a307-4777-8b00-84f03278ab57,-140,Conversion,CONV-1774933845072,Packaging for 20,2026-03-31 18:59:59.999+00,2026-03-31 05:10:46.333522+00,,
3300cc4f-0e3d-48f5-8d9a-7faea0416a46,29f97aa5-e538-4261-b69f-6b1a394015c9,1300,Purchase,PO-2026-04-00034||/purchase/4f582087-3cdf-4220-8b80-329624b5212b/edit||line:5f826b04-e806-4811-9d0e-0ebb1df3a0da,Wheat Bardana,2026-04-07 18:59:59.999+00,2026-04-09 09:55:08.576912+00,,
b5446fdd-f8dc-411e-92ca-d876f1f79de8,2725799f-a307-4777-8b00-84f03278ab57,-46,Production,MO-2026-04-00022||/production/07d674b2-efc9-4de7-8117-56277812b90e/edit||comp:6a446b70-b449-4f28-8fa7-e8c7249c73a6,Component Consumption,2026-04-04 18:59:59.999+00,2026-04-09 13:51:15.791472+00,,
c4c8e721-09a0-4e94-8cd9-8bfc91a31275,2c981082-c3ab-47b1-99c3-c34fe22ee02c,8480,Production,MO-2026-04-00022||/production/07d674b2-efc9-4de7-8117-56277812b90e/edit||fg:9c44e09c-7288-4654-b852-439a571f7294,Finished Goods Production,2026-04-04 18:59:59.999+00,2026-04-09 13:51:17.431777+00,,
cb60ab0d-d3a5-4f10-82c7-56e736ce4544,8b945707-4cb1-4e34-8d12-92da06120bd2,-85,Production,MO-2026-04-00027||/production/4d2155d3-86cf-4fcc-a059-e0f8281da849/edit||comp:e22f3afa-2e8e-45bf-892d-118665ac287d,Component Consumption,2026-04-10 18:59:59.999+00,2026-04-10 11:32:53.167292+00,,
cd3e1bef-49e6-4121-b702-b3272c03534e,e646adf3-e04a-4919-8dd4-d53927f5584b,-450,Sale,INV-2026-04-00203||/sales/invoices/94717df0-8f3b-403f-b031-0b1fd4c7a0be||line:c6f5bc77-46d9-4ee7-a6d1-b517bea2d73d,Al-Qamar Atta(Green) - 10,2026-04-01 19:00:00+00,2026-04-10 12:44:49.150469+00,,
3454ce56-3197-4844-a19e-86d02e7bf971,1066c1db-bbd7-4256-a751-f5cbf463f8a3,-750,Sale,INV-2026-04-00203||/sales/invoices/94717df0-8f3b-403f-b031-0b1fd4c7a0be||line:bafaa87c-d2ae-41ab-a8d1-bcb559a56b68,Al-Qamar Atta - 15,2026-04-01 19:00:00+00,2026-04-10 12:44:49.744657+00,,
0c7baec9-e8a1-4523-9144-2518455cc765,2c981082-c3ab-47b1-99c3-c34fe22ee02c,-960,Sale,INV-2026-04-00203||/sales/invoices/94717df0-8f3b-403f-b031-0b1fd4c7a0be||line:d1cfa470-28b0-4576-a07a-e9958d9dc872,Premium Fine - 80,2026-04-01 19:00:00+00,2026-04-10 12:44:50.251842+00,,
7ffaf919-4628-47c7-9edc-364f91834744,937ec71e-d35e-4c0a-b48a-7e72d77e86c1,-2250,Sale,INV-2026-04-00227||/sales/invoices/e737aff7-4e77-4b48-977f-7d68d8500737||line:66e96eeb-4f96-42dd-b82f-c50d79700af5,Al-Qamar Atta(Silver) - 15,2026-04-03 19:00:00+00,2026-04-10 14:22:39.224123+00,,
21b1b88e-d51c-4c8e-9e3f-14af8595874b,2c981082-c3ab-47b1-99c3-c34fe22ee02c,-800,Sale,INV-2026-04-00244||/sales/invoices/e0232cd6-d724-4fc8-b85a-7c3707b61399||line:5ad3c3fb-8c4f-488a-b319-dc0c2f004477,Premium Fine - 80,2026-04-05 19:00:00+00,2026-04-11 11:08:52.002876+00,,
d038558b-6b1a-46a0-8943-5ce8734ca386,e646adf3-e04a-4919-8dd4-d53927f5584b,2000,Sale Return,SCN-2026-04-00080||/sales/credit-notes/959d90e0-33df-4e69-b816-00f06de76cab||line:5c910246-eb13-41e4-b4e0-6a69febe9e7a,Customer Return: Returns,2026-04-08 18:59:59.999+00,2026-04-11 12:14:42.555454+00,,
a87b2787-1803-48d4-80b9-dd8856a35a49,d23536f3-0d86-4dcd-934e-9085566d4dc7,-29385,Production,MO-2026-04-00028||/production/4166dc27-4640-4c97-9a00-448d07da41e7/edit||comp:a878a35a-7bfb-4c7f-8eee-7604a0f98800,Component Consumption,2026-04-11 18:59:59.999+00,2026-04-11 13:11:57.895506+00,,
2e532acc-5b47-4d66-860f-1ddc2e1971cb,da5c9701-b165-4fcf-85ac-7d8abfba8e6b,-160,Production,MO-2026-04-00028||/production/4166dc27-4640-4c97-9a00-448d07da41e7/edit||comp:281d8d0e-8d52-4994-b263-86297b7486e2,Component Consumption,2026-04-11 18:59:59.999+00,2026-04-11 13:11:58.126137+00,,
0ef375a4-65df-4d36-8ea9-bf260c6268b4,65415ac9-fc97-471a-b17f-1340c7b1b55a,-119,Production,MO-2026-04-00028||/production/4166dc27-4640-4c97-9a00-448d07da41e7/edit||comp:c797617d-3a9d-4377-b98b-e8cf45b388f5,Component Consumption,2026-04-11 18:59:59.999+00,2026-04-11 13:11:58.377342+00,,
34935a86-01a0-4d2a-ad6e-442c7c8d2ddb,8b945707-4cb1-4e34-8d12-92da06120bd2,-67,Production,MO-2026-04-00028||/production/4166dc27-4640-4c97-9a00-448d07da41e7/edit||comp:74c2a417-ecf6-42fe-a93b-732f2419318c,Component Consumption,2026-04-11 18:59:59.999+00,2026-04-11 13:11:58.573531+00,,
662839af-7cd4-4402-8d49-fc31c9e8f9ca,b2f8974f-ab3c-4880-a03d-6d3b29d26c57,-149,Production,MO-2026-04-00028||/production/4166dc27-4640-4c97-9a00-448d07da41e7/edit||comp:4ef48f5d-1e39-4054-b1cd-c880a7070c44,Component Consumption,2026-04-11 18:59:59.999+00,2026-04-11 13:11:58.775268+00,,
095b388c-8e20-471a-8816-d87b32aea5ec,2725799f-a307-4777-8b00-84f03278ab57,-243,Production,MO-2026-04-00028||/production/4166dc27-4640-4c97-9a00-448d07da41e7/edit||comp:2eea8e0c-4fdc-46f7-94c8-284944c475f5,Component Consumption,2026-04-11 18:59:59.999+00,2026-04-11 13:11:59.003793+00,,
b0091133-8792-4f9b-9bdd-0987c57a3fe6,769513cc-c70d-41c0-9bb6-99b480841b4f,-181,Production,MO-2026-04-00028||/production/4166dc27-4640-4c97-9a00-448d07da41e7/edit||comp:2d112cf9-9a96-470e-9540-be5af7c51cbc,Component Consumption,2026-04-11 18:59:59.999+00,2026-04-11 13:11:59.226387+00,,
1a4e9500-a65c-4734-ab08-079261f0ed07,e560c8fd-332b-48cb-b7de-125a590bcb0c,9520,Production,MO-2026-04-00028||/production/4166dc27-4640-4c97-9a00-448d07da41e7/edit||fg:dbbdc62a-852a-47d1-af44-6f019ab0964e,Finished Goods Production,2026-04-11 18:59:59.999+00,2026-04-11 13:11:59.980634+00,,
3569f7ff-a03c-4bc8-af28-bb1490cf3913,937ec71e-d35e-4c0a-b48a-7e72d77e86c1,8520,Production,MO-2026-04-00030||/production/3f8764d1-1b46-4a40-9970-4e606e7a0db3/edit||fg:ac7b659e-aa96-49db-b3a7-920859ac6954,Finished Goods Production,2026-04-14 18:59:59.999+00,2026-04-15 05:05:07.922285+00,,
5488002b-543f-4896-8a65-6cb7a961fe83,a6707819-7f9c-4968-ad8e-badfec24bef2,-20,Conversion,CONV-1776253972916,Stock Conversion (Source),2026-04-15 18:59:59.999+00,2026-04-15 11:52:53.090209+00,,
e5b79f65-5c80-4e13-93f0-ab0a4fff989d,a6707819-7f9c-4968-ad8e-badfec24bef2,-40,Sale,INV-2026-04-00322||/sales/invoices/221c8e96-c917-4fc0-9327-e979f26586ff||line:36d89d43-1f78-4930-9f5f-905a4852ac04,Al-Qamar Atta(Green) - 20,2026-04-13 19:00:00+00,2026-04-16 07:24:28.122235+00,,
82ecf315-80c9-45c2-a5a4-861f4a6eff34,937ec71e-d35e-4c0a-b48a-7e72d77e86c1,-15,Sale,INV-2026-04-00338||/sales/invoices/33705015-623e-4cf3-9b64-2907b6177d8b||line:c638432a-5107-4c8b-8e7f-da001c30a7cb,Al-Qamar Atta(Silver) - 15,2026-04-14 19:00:00+00,2026-04-17 11:46:02.410702+00,,
404ebf94-83b8-46d7-8862-637a217dc600,1066c1db-bbd7-4256-a751-f5cbf463f8a3,-2250,Sale,INV-2026-04-00351||/sales/invoices/39cc3b9f-0256-446d-ba8a-9ed7729d0875||line:57da2a6b-5645-40b9-aa49-b2d8c2656dbe,Al-Qamar Atta - 15,2026-04-17 19:00:00+00,2026-04-18 09:53:33.936146+00,,
e910b418-6531-488f-8767-32c40dfd91d8,2c981082-c3ab-47b1-99c3-c34fe22ee02c,-800,Sale,INV-2026-04-00351||/sales/invoices/39cc3b9f-0256-446d-ba8a-9ed7729d0875||line:3501efbb-7d6e-4404-abb8-01eefc5a17bf,Premium Fine - 80,2026-04-17 19:00:00+00,2026-04-18 09:53:34.239363+00,,
30bc1d08-d2ce-410b-8a6d-fd2951e97e53,d23536f3-0d86-4dcd-934e-9085566d4dc7,-19126,Production,MO-2026-04-00035||/production/9ed80754-b5de-40e6-b828-974a6ce2d6ed/edit||comp:2a05dde1-21d5-4780-9fd0-40b948826937,Component Consumption,2026-04-20 18:59:59.999+00,2026-04-20 10:37:09.898352+00,,
9d58756e-e7cb-4798-90d5-824c24e23a2f,2c981082-c3ab-47b1-99c3-c34fe22ee02c,-4480,Sale,INV-2026-04-00368||/sales/invoices/41b0aca6-f991-4679-b8ec-21c891d1fb95||line:d36e8816-ae11-4fb0-8a41-5dbb5b619176,Premium Fine - 80,2026-04-21 19:00:00+00,2026-04-22 10:14:40.41797+00,,
b5b36be5-4132-4734-9ea7-8b6148dc407b,e646adf3-e04a-4919-8dd4-d53927f5584b,4410,Production,MO-2026-03-00010||line:c9abb445-939c-4f37-b2f5-147ae6a1de46||/production/d736d1ac-3c20-4bb4-95e6-a51a11a07fee/edit,Finished Goods Production,2026-03-06 19:00:00+00,2026-03-14 09:04:16.44287+00,,
500b08c9-f433-4669-8313-f4187616a865,a6707819-7f9c-4968-ad8e-badfec24bef2,-2000,Sale,INV-2026-03-00115||/sales/invoices/2e48ba8a-457a-4db1-b59d-677ba8f707e1,Al-Qamar Atta(Green) - 20,2026-03-12 19:00:00+00,2026-03-14 11:05:12.036975+00,,
18aa69c4-d99f-48f3-b3c7-25b3abe576fb,2725799f-a307-4777-8b00-84f03278ab57,-90,Production,MO-2026-03-00017||/production/b321269f-b397-4e0d-875a-86fa867b9f57/edit||comp:ae69abe5-a21e-4d34-82ba-c2942ad9ac56,Component Consumption,2026-03-17 06:56:34.511+00,2026-03-18 06:56:34.534804+00,,
a15ccff5-b188-4654-923a-df75a7b8f49a,18568477-1a69-413a-b5bd-94333c860750,4080,Production,MO-2026-03-00017||/production/b321269f-b397-4e0d-875a-86fa867b9f57/edit||fg:95b40bc6-ffa2-4a25-8fc9-d35f6ba1bcac,Finished Goods Production,2026-03-17 06:56:35.227+00,2026-03-18 06:56:35.248636+00,,
b385ddb3-df59-4e9a-b3f7-30bf619ef0d3,8b945707-4cb1-4e34-8d12-92da06120bd2,-64,Production,MO-2026-03-00018||/production/5d81ae44-cbc1-45a3-b2db-aae0e671531f/edit||comp:26595f5d-c9c8-4f2f-8e93-2be7233197d2,Component Consumption,2026-03-18 06:44:45.419+00,2026-03-19 06:44:45.434302+00,,
e78d58c8-a909-4400-976c-08ea9793a85e,a6707819-7f9c-4968-ad8e-badfec24bef2,-5000,Sale,INV-2026-03-00163||/sales/invoices/4e4f7a14-1d85-4405-9cfc-191bc4b82c60||line:48fa845b-2735-44c6-9c1e-52587460b210,Al-Qamar Atta(Green) - 20,2026-03-13 19:00:00+00,2026-03-25 14:13:09.392454+00,,
2b16cae7-b04a-4af6-92f7-addd2d90e7f3,5ffd5921-5ad2-4d30-b598-4337f1a39464,2800,Conversion,CONV-1774933845072,Stock Conversion (Destination),2026-03-31 18:59:59.999+00,2026-03-31 05:10:46.493366+00,,
31f67f84-e268-445f-9f15-058696a5e95e,d23536f3-0d86-4dcd-934e-9085566d4dc7,657.25,Purchase,PO-2026-04-00034||/purchase/4f582087-3cdf-4220-8b80-329624b5212b/edit||line:fd3ed98e-c7b2-4320-8f14-0158aa27a051,Wheat - Kaat,2026-04-07 18:59:59.999+00,2026-04-09 09:55:09.027973+00,,
6f29d358-fbdb-41c0-81f8-eb972091f375,a40b07a6-2948-489d-8dec-5e206ba38989,-819,Production,MO-2026-04-00022||/production/07d674b2-efc9-4de7-8117-56277812b90e/edit||comp:b9e39926-0905-40a1-b480-db4c87b9609d,Component Consumption,2026-04-04 18:59:59.999+00,2026-04-09 13:51:16.013296+00,,
073f2e52-27e8-45dd-a501-c920ea44d34a,2725799f-a307-4777-8b00-84f03278ab57,-2,Production,MO-2026-04-00027||/production/4d2155d3-86cf-4fcc-a059-e0f8281da849/edit||comp:e9091b6b-6196-4a81-8ff7-c4e1ae9a4094,Component Consumption,2026-04-10 18:59:59.999+00,2026-04-10 11:32:53.35059+00,,
d2b87cbc-6dda-4b62-8596-c6aaf8fb43e9,a6707819-7f9c-4968-ad8e-badfec24bef2,40,Production,MO-2026-04-00027||/production/4d2155d3-86cf-4fcc-a059-e0f8281da849/edit||fg:6de06e39-4d15-4397-bb38-cc9e390c8f29,Finished Goods Production,2026-04-10 18:59:59.999+00,2026-04-10 11:32:54.778812+00,,
d37b89b9-68d6-4316-aea3-4b4a73323ed1,a6707819-7f9c-4968-ad8e-badfec24bef2,-1200,Sale,INV-2026-04-00203||/sales/invoices/94717df0-8f3b-403f-b031-0b1fd4c7a0be||line:83cba206-8de9-4309-be94-94a1da125616,Al-Qamar Atta(Green) - 20,2026-04-01 19:00:00+00,2026-04-10 12:44:49.460931+00,,
effb0a3c-ce03-44a9-867a-69c47136cbb9,412aa341-e0a4-46bd-a236-57ae4776e21c,-4320,Sale,INV-2026-04-00203||/sales/invoices/94717df0-8f3b-403f-b031-0b1fd4c7a0be||line:030ba2e9-eeed-4323-a8fc-fb92b8270827,Al-Rehmat Atta - 15,2026-04-01 19:00:00+00,2026-04-10 12:44:49.986611+00,,
5bdd0e2e-3715-43a1-9e71-3aa281620703,8851e237-ca39-487c-a35f-e28fe711d32c,-700,Sale,INV-2026-04-00203||/sales/invoices/94717df0-8f3b-403f-b031-0b1fd4c7a0be||line:5fcd0c95-4e8a-4810-91b5-9a3ed10e2165,Premium Maida - 50,2026-04-01 19:00:00+00,2026-04-10 12:44:50.54071+00,,
1f6246df-7ca4-44ef-a9f8-556cd1bb500a,2c981082-c3ab-47b1-99c3-c34fe22ee02c,-6400,Sale,INV-2026-04-00228||/sales/invoices/03aba149-7354-4f22-95bd-b51d8fcb6670||line:6772e2a8-901b-42cd-a3cf-363ace6956d8,Premium Fine - 80,2026-04-03 19:00:00+00,2026-04-10 15:39:19.114307+00,,
6f931eb8-7f04-4217-a8c7-f9bee9d50ab4,e646adf3-e04a-4919-8dd4-d53927f5584b,-2000,Sale,INV-2026-04-00245||/sales/invoices/4c8d156f-14ef-4c21-89c0-b3bcdeb809b3||line:40377bab-5d32-4ba8-94e5-8e2f76ae1f1f,Al-Qamar Atta(Green) - 10,2026-04-05 19:00:00+00,2026-04-11 11:13:09.720113+00,,
106df2fd-1b52-4901-8197-4eec95539149,a6707819-7f9c-4968-ad8e-badfec24bef2,-2160,Sale,INV-2026-04-00245||/sales/invoices/4c8d156f-14ef-4c21-89c0-b3bcdeb809b3||line:a2372174-c6c5-4d1e-9d1e-a2e866966f3e,Al-Qamar Atta(Green) - 20,2026-04-05 19:00:00+00,2026-04-11 11:13:10.064243+00,,
3a44d1d7-1409-457d-99bb-a9ff1684addf,a6707819-7f9c-4968-ad8e-badfec24bef2,5160,Sale Return,SCN-2026-04-00080||/sales/credit-notes/959d90e0-33df-4e69-b816-00f06de76cab||line:c082f7cb-6170-4bcd-84ad-69420903109d,Customer Return: Returns,2026-04-08 18:59:59.999+00,2026-04-11 12:14:42.870598+00,,
78e4fd2a-e863-43a5-b8fa-23137cd8d2a6,18568477-1a69-413a-b5bd-94333c860750,5440,Production,MO-2026-04-00028||/production/4166dc27-4640-4c97-9a00-448d07da41e7/edit||fg:97684fc0-5ddf-4a8b-9075-ed6e01460176,Finished Goods Production,2026-04-11 18:59:59.999+00,2026-04-11 13:11:59.662753+00,,
a3ce83e6-7133-431e-a878-193167900818,e560c8fd-332b-48cb-b7de-125a590bcb0c,-8000,Sale,INV-2026-04-00303||/sales/invoices/841c9487-6199-4b6c-bb36-4b60b1f571fc||line:6666e0aa-eaa1-46da-89ab-d3d60b458e4a,Premium Maida - 80,2026-04-13 19:00:00+00,2026-04-15 05:07:58.516915+00,,
e4aa55aa-afb2-4c84-928e-0bfbbfc6d4fb,a40b07a6-2948-489d-8dec-5e206ba38989,-1,Conversion,CONV-1776253972916,Packaging for 15,2026-04-15 18:59:59.999+00,2026-04-15 11:52:53.342557+00,,
fcd9d7ad-5b9a-4790-89c0-d42866d74d6c,937ec71e-d35e-4c0a-b48a-7e72d77e86c1,-900,Sale,INV-2026-04-00323||/sales/invoices/b025af86-352e-4a4a-8767-d3ce63d8ade9||line:987312af-75d8-4a9b-89e6-bee02f5af2e8,Al-Qamar Atta(Silver) - 15,2026-04-13 19:00:00+00,2026-04-16 07:26:36.237175+00,,
ebb42fa8-516c-4b58-b725-e47ac669a4d9,a6707819-7f9c-4968-ad8e-badfec24bef2,-20,Sale,INV-2026-04-00339||/sales/invoices/5f273a3b-cdaa-4eb8-ac10-fa7ac42a2b38||line:bd315532-7933-475b-a399-3ac1430e6bbe,Al-Qamar Atta(Green) - 20,2026-04-15 19:00:00+00,2026-04-17 11:53:02.557236+00,,
ff16da24-677d-4bcd-947a-6d8c17ca5fae,2c981082-c3ab-47b1-99c3-c34fe22ee02c,-3200,Sale,INV-2026-04-00352||/sales/invoices/836e4743-39d0-42f7-acff-a8a66627456f||line:cd1b7ede-b396-4e4c-8456-9e847e5d2a64,Premium Fine - 80,2026-04-17 19:00:00+00,2026-04-18 09:59:55.759476+00,,
c88b7ec8-0d74-46b7-9954-0528bf001f8b,da5c9701-b165-4fcf-85ac-7d8abfba8e6b,-119,Production,MO-2026-04-00035||/production/9ed80754-b5de-40e6-b828-974a6ce2d6ed/edit||comp:b5d22a19-a3c2-4f2d-8091-fda717f6ddd5,Component Consumption,2026-04-20 18:59:59.999+00,2026-04-20 10:37:10.251289+00,,
3fd746a7-6209-4849-83d3-d59ef4f314c4,18568477-1a69-413a-b5bd-94333c860750,4046,Production,MO-2026-04-00035||/production/9ed80754-b5de-40e6-b828-974a6ce2d6ed/edit||fg:561f3c29-063f-4d90-b178-69c6001432c4,Finished Goods Production,2026-04-20 18:59:59.999+00,2026-04-20 10:37:11.477437+00,,
b6b24958-f747-4bb0-a3df-7737e44bee5a,1066c1db-bbd7-4256-a751-f5cbf463f8a3,3720,Production,MO-2026-04-00035||/production/9ed80754-b5de-40e6-b828-974a6ce2d6ed/edit||fg:ec5cb5e8-e653-45ae-aa52-fa50f5c7e1a5,Finished Goods Production,2026-04-20 18:59:59.999+00,2026-04-20 10:37:12.131198+00,,
d77ea4a1-98ea-4f13-a961-a145c3c19858,d23536f3-0d86-4dcd-934e-9085566d4dc7,-1005,Adjustment,REF-2026-04-01060,Refraction Cleaning Loss,2026-04-22 18:59:59.999+00,2026-04-23 05:18:21.681788+00,,
ec32e87e-f80a-4f7b-a4c2-a15ec15548e9,c6b76b35-74b4-4b7d-aa4d-e473698b2f81,-40,Conversion,CONV-1776949758890,Stock Conversion (Source),2026-04-23 18:59:59.999+00,2026-04-23 13:09:19.290952+00,,
872e7b72-e615-4264-a5a2-5e80d073f2e2,1066c1db-bbd7-4256-a751-f5cbf463f8a3,45,Conversion,CONV-1776949758890,Stock Conversion (Destination),2026-04-23 18:59:59.999+00,2026-04-23 13:09:19.619779+00,,
8441647a-211a-44f9-b11a-b70c9215e1ad,d23536f3-0d86-4dcd-934e-9085566d4dc7,8514,Purchase,PO-2026-04-00049||/purchase/8089020c-73c8-4bf2-aeb9-fbfb67feac88/edit||line:66068965-d073-4e83-9a19-4780c1f3eebf,Wheat,2026-04-24 18:59:59.999+00,2026-04-24 12:27:09.068529+00,,
e34b8cd8-299e-4dc4-84d9-b5f22a959156,71747c3d-230b-4f6c-a3a5-80ca29120b16,0,Adjustment,REF-2026-04-01088,Extracted from Wheat Cleaning,2026-04-21 18:59:59.999+00,2026-04-25 05:47:12.325587+00,,
5cd533eb-bd36-4435-bba9-685ce69f99a8,e560c8fd-332b-48cb-b7de-125a590bcb0c,-12800,Sale,INV-2026-04-00388||/sales/invoices/2518fcf8-5f2c-45f9-84f3-ce3e324feaa4||line:ee982449-d5d0-4201-a5c0-196ece303dd8,Premium Maida - 80,2026-04-27 19:00:00+00,2026-04-28 06:15:09.239134+00,,
c9967ecd-e563-40c8-85ea-c2838231a927,1066c1db-bbd7-4256-a751-f5cbf463f8a3,5610,Production,MO-2026-04-00042||/production/2fe021e0-e499-4425-b821-f3a3cdb49f3c/edit||fg:d0a2dee0-5455-45f4-a727-861d977570f1,Finished Goods Production,2026-04-28 18:59:59.999+00,2026-04-28 12:16:59.962063+00,,
4ab0eccf-8ae9-4f9e-aec6-faa23f5f9037,c6b76b35-74b4-4b7d-aa4d-e473698b2f81,100,Production,MO-2026-04-00042||/production/2fe021e0-e499-4425-b821-f3a3cdb49f3c/edit||fg:7ee3f8ce-1aaf-43d3-986b-047fcfc16a8e,Finished Goods Production,2026-04-28 18:59:59.999+00,2026-04-28 12:17:00.188315+00,,
e042acf2-2445-4182-8c47-7f7a439d0c90,2c981082-c3ab-47b1-99c3-c34fe22ee02c,4800,Production,MO-2026-04-00042||/production/2fe021e0-e499-4425-b821-f3a3cdb49f3c/edit||fg:43763f5f-759c-4ba7-bec4-fa335295297e,Finished Goods Production,2026-04-28 18:59:59.999+00,2026-04-28 12:17:00.407453+00,,
897a5353-2715-48f7-b18f-0b6e774a6caa,da5c9701-b165-4fcf-85ac-7d8abfba8e6b,-104,Production,MO-2026-03-00010||line:f79ba029-6398-4821-b855-c7d4a0593e4b||/production/d736d1ac-3c20-4bb4-95e6-a51a11a07fee/edit,[Auto] Bardana Premium Bran - 34 unit,2026-03-06 19:00:00+00,2026-03-14 09:04:16.78713+00,,
1ce97774-ba03-4c29-9b48-c9ccbf3d2daf,2c981082-c3ab-47b1-99c3-c34fe22ee02c,-800,Sale,INV-2026-03-00116||/sales/invoices/bb4caa2d-e80f-400a-8595-5b378d1620b4,Premium Fine - 80,2026-03-12 19:00:00+00,2026-03-14 11:08:46.758501+00,,
c73d6c50-4872-41ab-86c6-dc708ae79e83,b2f8974f-ab3c-4880-a03d-6d3b29d26c57,-73,Production,MO-2026-03-00017||/production/b321269f-b397-4e0d-875a-86fa867b9f57/edit||comp:3084b1c9-dfc9-4d8d-90e9-9dd0a2ed7467,Component Consumption,2026-03-17 06:56:34.751+00,2026-03-18 06:56:34.771491+00,,
74d00c33-b4c9-4886-b2fc-4dfb6dd623b9,a6707819-7f9c-4968-ad8e-badfec24bef2,1800,Production,MO-2026-03-00017||/production/b321269f-b397-4e0d-875a-86fa867b9f57/edit||fg:6a15fb3b-89bf-40ab-8fa1-2145a2bd9b91,Finished Goods Production,2026-03-17 06:56:37.59+00,2026-03-18 06:56:37.610307+00,,
a6599745-beda-4752-a861-542270091884,0825ad1f-baf7-4c6c-b9a8-df86095dac5c,-4,Production,MO-2026-03-00018||/production/5d81ae44-cbc1-45a3-b2db-aae0e671531f/edit||comp:915c2679-0d35-4416-8cba-16a20d235d92,Component Consumption,2026-03-18 06:44:45.643+00,2026-03-19 06:44:45.655401+00,,
8b9ec378-da58-445d-a9e5-10ccd558c7d8,e560c8fd-332b-48cb-b7de-125a590bcb0c,-2560,Conversion,CONV-1774448192940,Stock Conversion (Source),2026-03-25 18:59:59.999+00,2026-03-25 14:16:33.576142+00,,
9cb54fff-331d-4bcc-9bab-8a3d75897caa,5ffd5921-5ad2-4d30-b598-4337f1a39464,-100,Conversion,CONV-1774933978422,Stock Conversion (Source),2026-03-31 18:59:59.999+00,2026-03-31 05:12:59.441782+00,,
992a7fd4-f2f3-4496-8268-d7cbcd75c5d0,8b945707-4cb1-4e34-8d12-92da06120bd2,1315,Purchase,PO-2026-04-00035||/purchase/8c062b38-9568-4b86-b337-2be0121bdf50/edit||line:4c3cf9e1-03f6-413d-896c-69595c4fc5dc,Bardana Premium Fine - 80,2026-04-07 18:59:59.999+00,2026-04-09 10:12:08.530009+00,,
29c755c6-d71c-4804-b347-de96e0296d1a,d23536f3-0d86-4dcd-934e-9085566d4dc7,-28225,Production,MO-2026-04-00023||/production/b23dbd33-ea54-47d2-b55a-9a44cdbad67f/edit||comp:e863728f-369b-4855-958b-8eddd352d89b,Component Consumption,2026-04-06 18:59:59.999+00,2026-04-09 13:58:20.203462+00,,
ec6e34f6-bed8-4ac8-9958-5f8e8e090532,769513cc-c70d-41c0-9bb6-99b480841b4f,-373,Production,MO-2026-04-00023||/production/b23dbd33-ea54-47d2-b55a-9a44cdbad67f/edit||comp:227a5c5f-54f6-4954-9d5d-f97f942825bb,Component Consumption,2026-04-06 18:59:59.999+00,2026-04-09 13:58:22.196692+00,,
106f0e5f-125a-4ce2-9fda-506247328cbe,769513cc-c70d-41c0-9bb6-99b480841b4f,-847,Production,MO-2026-04-00027||/production/4d2155d3-86cf-4fcc-a059-e0f8281da849/edit||comp:0e14efe8-7344-4b87-92ad-66da07097110,Component Consumption,2026-04-10 18:59:59.999+00,2026-04-10 11:32:53.531389+00,,
ff3ae42f-a10d-462e-bc7c-6aa0e010614f,e646adf3-e04a-4919-8dd4-d53927f5584b,3000,Sale Return,SCN-2026-04-00069||/sales/credit-notes/298ee247-2f4e-400b-b021-7381f20aafaf||line:27bf4696-5ec0-4773-9fe0-41f399ce85e3,Customer Return: Returns,2026-04-01 18:59:59.999+00,2026-04-10 13:26:48.211872+00,,
02626bb4-c8bb-40c6-a47d-826820cc62b9,e560c8fd-332b-48cb-b7de-125a590bcb0c,-5600,Sale,INV-2026-04-00229||/sales/invoices/49ecda88-9498-4d59-94da-574da226b123||line:de955141-2035-4bef-a33e-766de6f11393,Premium Maida - 80,2026-04-09 19:00:00+00,2026-04-11 07:25:57.04131+00,,
34f0c8a6-2d29-4246-af70-65ac9ae87e72,937ec71e-d35e-4c0a-b48a-7e72d77e86c1,-2250,Sale,INV-2026-04-00246||/sales/invoices/e66e2d58-ae39-4b93-a554-145cf441faf7||line:ca02e86d-4b96-4a32-bc13-b15fdb00f488,Al-Qamar Atta(Silver) - 15,2026-04-05 19:00:00+00,2026-04-11 11:14:08.275741+00,,
f69f20a8-5caf-4d6e-8019-6f4d59a36f70,e560c8fd-332b-48cb-b7de-125a590bcb0c,-12800,Sale,INV-2026-04-00266||/sales/invoices/d7d334d8-9a0c-4018-9d9a-28bcb9e124aa||line:daae4354-7391-4559-accd-16466870eef5,Premium Maida - 80,2026-04-08 19:00:00+00,2026-04-11 12:17:12.087333+00,,
ba77e124-aee3-4cbb-b99b-b77b609ed103,2c981082-c3ab-47b1-99c3-c34fe22ee02c,5360,Production,MO-2026-04-00028||/production/4166dc27-4640-4c97-9a00-448d07da41e7/edit||fg:db401938-72be-475a-9a75-a87684f29da8,Finished Goods Production,2026-04-11 18:59:59.999+00,2026-04-11 13:12:01.268251+00,,
9cc1a582-fc2c-4a35-b648-be7eb22c06c7,4c46ce95-42bf-4f3d-beb8-123623d0fa76,500,Adjustment,Rev: INV-2026-04-00295||/sales/invoices/ff5b68ba-2363-4e3b-92fe-b8d10374cbe8,Invoice Reset to Draft (Sale Reversed),2026-04-12 19:00:00+00,2026-04-15 05:18:14.05372+00,,
4c63b647-fc1f-45fb-ae1a-0397e73a3b2b,8851e237-ca39-487c-a35f-e28fe711d32c,100,Adjustment,Rev: INV-2026-04-00295||/sales/invoices/ff5b68ba-2363-4e3b-92fe-b8d10374cbe8,Invoice Reset to Draft (Sale Reversed),2026-04-12 19:00:00+00,2026-04-15 05:18:14.432857+00,,
65758de4-85e0-4526-8063-882ca64de27d,8851e237-ca39-487c-a35f-e28fe711d32c,-100,Sale,INV-2026-04-00295||/sales/invoices/ff5b68ba-2363-4e3b-92fe-b8d10374cbe8||line:35603e10-d65b-4f39-9637-963aa9b97bd2,Premium Maida - 50,2026-04-05 19:00:00+00,2026-04-15 05:18:34.181229+00,,
038b5309-e203-4152-8ad6-584d7ca54f0b,1066c1db-bbd7-4256-a751-f5cbf463f8a3,15,Conversion,CONV-1776253972916,Stock Conversion (Destination),2026-04-15 18:59:59.999+00,2026-04-15 11:52:53.463804+00,,
03bb7e0e-7d70-4107-a7c9-76b9fb92161f,2c981082-c3ab-47b1-99c3-c34fe22ee02c,-1200,Sale,INV-2026-04-00323||/sales/invoices/b025af86-352e-4a4a-8767-d3ce63d8ade9||line:da7e1f08-99fb-49b1-9670-c5271071a0d8,Premium Fine - 80,2026-04-13 19:00:00+00,2026-04-16 07:26:36.494806+00,,
397762a9-6930-4986-aefe-540394bfef5c,8851e237-ca39-487c-a35f-e28fe711d32c,-100,Sale,INV-2026-04-00340||/sales/invoices/21500032-84bf-4c8a-924c-8349d74f5edf||line:02e8a342-50f0-4367-a291-a5d3525614cd,Premium Maida - 50,2026-04-15 19:00:00+00,2026-04-17 11:54:18.626198+00,,
dc21bef3-0c22-44a8-96a2-6e4dcd377b36,18568477-1a69-413a-b5bd-94333c860750,-16490,Sale,INV-2026-04-00353||/sales/invoices/f49c3315-6bf6-4dee-9715-c8b89309510b||line:b0e75f39-e8f9-4f9d-820f-6ed43c7ab7a2,Premium Bran - 34,2026-04-17 19:00:00+00,2026-04-18 10:49:07.08297+00,,
8ee0284b-77dd-40ca-b684-c1f621adeeba,8b945707-4cb1-4e34-8d12-92da06120bd2,-47,Production,MO-2026-04-00035||/production/9ed80754-b5de-40e6-b828-974a6ce2d6ed/edit||comp:e5a3bf05-9af5-4393-9a55-b21f3bbe8319,Component Consumption,2026-04-20 18:59:59.999+00,2026-04-20 10:37:10.543673+00,,
6bf555c6-5ada-4647-ab79-b4d77ca09cf5,71747c3d-230b-4f6c-a3a5-80ca29120b16,0,Adjustment,REF-2026-04-01060,Extracted from Wheat Cleaning,2026-04-22 18:59:59.999+00,2026-04-23 05:18:22.129152+00,,
aa5ce927-a1bc-4609-871c-f34772e1fac2,a40b07a6-2948-489d-8dec-5e206ba38989,-3,Conversion,CONV-1776949758890,Packaging for 15,2026-04-23 18:59:59.999+00,2026-04-23 13:09:19.521365+00,,
6304348e-7d6a-4458-80f1-dea771466b51,29f97aa5-e538-4261-b69f-6b1a394015c9,172,Purchase,PO-2026-04-00049||/purchase/8089020c-73c8-4bf2-aeb9-fbfb67feac88/edit||line:ea1bde07-084f-40e9-bbcb-ca19fe0d7132,Wheat Bardana,2026-04-24 18:59:59.999+00,2026-04-24 12:27:09.451029+00,,
391d3822-fe5c-4f62-892f-774e756e0a1c,d9964e90-72ce-482b-8a17-7651628e223e,2105,Adjustment,REF-2026-04-01088,Extracted from Wheat Cleaning,2026-04-21 18:59:59.999+00,2026-04-25 05:47:12.566329+00,,
619cb0db-5c46-4bdf-9c02-9caf0107355e,e560c8fd-332b-48cb-b7de-125a590bcb0c,12800,Adjustment,Rev: INV-2026-04-00388||/sales/invoices/2518fcf8-5f2c-45f9-84f3-ce3e324feaa4,Invoice Reset to Draft (Sale Reversed),2026-04-27 19:00:00+00,2026-04-28 06:16:37.899772+00,,
bb7481a1-a207-4491-a8d7-ffa2419b070a,e560c8fd-332b-48cb-b7de-125a590bcb0c,9520,Production,MO-2026-04-00042||/production/2fe021e0-e499-4425-b821-f3a3cdb49f3c/edit||fg:a33deec8-1a8f-4e0d-aa73-0df6cd4ab38b,Finished Goods Production,2026-04-28 18:59:59.999+00,2026-04-28 12:17:00.62415+00,,
2c34b0da-fba4-409e-9607-3639a09331c6,18568477-1a69-413a-b5bd-94333c860750,4964,Production,MO-2026-04-00042||/production/2fe021e0-e499-4425-b821-f3a3cdb49f3c/edit||fg:09bcc161-30ed-467d-bba1-1dd52e3b21d7,Finished Goods Production,2026-04-28 18:59:59.999+00,2026-04-28 12:17:00.82224+00,,
c4badcbc-55a6-4d66-af5a-94af2457cee4,8851e237-ca39-487c-a35f-e28fe711d32c,-1000,Sale,INV-2026-04-00393||/sales/invoices/3b576f53-b944-46a2-a04d-64816b88fafd||line:5e75d84b-dbe8-4542-9b66-a96221a2bb95,Premium Maida - 50,2026-04-26 19:00:00+00,2026-04-29 15:35:35.395174+00,,
37501768-b223-49b5-98cf-8d124f6948e4,d23536f3-0d86-4dcd-934e-9085566d4dc7,-25143,Production,MO-2026-04-00044||/production/d223d015-df1d-40eb-9b34-6e81263f4249/edit||comp:fb9a737e-ae77-4407-94df-e150e87d2395,Component Consumption,2026-04-30 18:59:59.999+00,2026-04-30 10:37:43.483628+00,,
ac339285-2c34-4a96-a9a3-bc0760a16714,65415ac9-fc97-471a-b17f-1340c7b1b55a,-82,Production,MO-2026-04-00044||/production/d223d015-df1d-40eb-9b34-6e81263f4249/edit||comp:6c5b85ad-fb19-4292-918e-882c255c4cb7,Component Consumption,2026-04-30 18:59:59.999+00,2026-04-30 10:37:44.531589+00,,
dd83986a-4fac-4ef0-a35f-31848a2aa360,1066c1db-bbd7-4256-a751-f5cbf463f8a3,1725,Production,MO-2026-04-00044||/production/d223d015-df1d-40eb-9b34-6e81263f4249/edit||fg:e40fc92b-8182-483d-b958-9e3351669f97,Finished Goods Production,2026-04-30 18:59:59.999+00,2026-04-30 10:37:45.088828+00,,
66d6b7a3-742b-466a-8543-861df676565a,2c981082-c3ab-47b1-99c3-c34fe22ee02c,4960,Production,MO-2026-04-00044||/production/d223d015-df1d-40eb-9b34-6e81263f4249/edit||fg:72dadc85-9869-47b0-a0ae-ffa2daf1122a,Finished Goods Production,2026-04-30 18:59:59.999+00,2026-04-30 10:37:45.87591+00,,
0ab1c777-c918-4a28-b6ea-725473090ce4,d23536f3-0d86-4dcd-934e-9085566d4dc7,-6320,Adjustment,REF-2026-05-01255,Refraction Cleaning Loss,2026-04-30 18:59:59.999+00,2026-05-01 05:20:34.557138+00,,
bda22db6-6fd7-473a-84f6-a2b29585779e,8b945707-4cb1-4e34-8d12-92da06120bd2,-30,Production,MO-2026-03-00010||line:810b6575-e39c-41f2-80b6-12d58eeff458||/production/d736d1ac-3c20-4bb4-95e6-a51a11a07fee/edit,[Auto] Bardana Premium Fine - 80 unit,2026-03-06 19:00:00+00,2026-03-14 09:04:17.011422+00,,
8b57c395-a129-4306-bfa0-a10579d60d1a,e646adf3-e04a-4919-8dd4-d53927f5584b,-1500,Sale,INV-2026-03-00117||/sales/invoices/eef3cdd8-0103-4dff-83e2-3e8edcee0550,Al-Qamar Atta(Green) - 10,2026-03-12 19:00:00+00,2026-03-14 11:10:09.099157+00,,
86e0f5f6-a019-4eb9-b77a-6d35c6a37b6d,0825ad1f-baf7-4c6c-b9a8-df86095dac5c,-4,Production,MO-2026-03-00018||/production/5d81ae44-cbc1-45a3-b2db-aae0e671531f/edit||comp:64633c5a-d74d-406c-8aee-a80835104542,Component Consumption,2026-03-18 06:44:45.855+00,2026-03-19 06:44:45.870291+00,,
175ed000-a6e4-4dbb-bf13-60b231cc50a6,18568477-1a69-413a-b5bd-94333c860750,5950,Production,MO-2026-03-00018||/production/5d81ae44-cbc1-45a3-b2db-aae0e671531f/edit||fg:7989af70-8e6b-4dfe-9e46-142090bf5a60,Finished Goods Production,2026-03-18 06:44:46.765+00,2026-03-19 06:44:46.786669+00,,
1627fc61-2eb4-4661-93aa-aa2624f64a3d,8851e237-ca39-487c-a35f-e28fe711d32c,9600,Production,MO-2026-03-00018||/production/5d81ae44-cbc1-45a3-b2db-aae0e671531f/edit||fg:4bc00d2a-d40e-42cb-8420-16b98e355197,Finished Goods Production,2026-03-18 06:44:47.064+00,2026-03-19 06:44:47.084224+00,,
ef0fd7a5-4e1c-4330-af09-71422fba1069,2c981082-c3ab-47b1-99c3-c34fe22ee02c,5120,Production,MO-2026-03-00018||/production/5d81ae44-cbc1-45a3-b2db-aae0e671531f/edit||fg:60bd4029-0465-49eb-82d7-5744562a3040,Finished Goods Production,2026-03-18 06:44:47.355+00,2026-03-19 06:44:47.376458+00,,
e6e5c7fb-a550-4b51-86dc-f90a68b50827,7228dd62-c775-4f2b-bc08-dda954f29958,20,Production,MO-2026-03-00018||/production/5d81ae44-cbc1-45a3-b2db-aae0e671531f/edit||fg:ed8de715-f3b5-48df-ab7c-5f18f5f8c723,Finished Goods Production,2026-03-18 06:44:47.66+00,2026-03-19 06:44:47.677964+00,,
cac98d69-95e2-4b41-bda5-0d95063e0ba4,085c173e-052c-4022-8a90-be5c0ba7b627,20,Production,MO-2026-03-00018||/production/5d81ae44-cbc1-45a3-b2db-aae0e671531f/edit||fg:0f75ab9b-6ef7-47f2-8e80-0e57579244ef,Finished Goods Production,2026-03-18 06:44:47.952+00,2026-03-19 06:44:47.971253+00,,
54959adb-d80e-410e-b79d-78832b6f50c1,e646adf3-e04a-4919-8dd4-d53927f5584b,1680,Production,MO-2026-03-00018||/production/5d81ae44-cbc1-45a3-b2db-aae0e671531f/edit||fg:fabb1ccf-d1cf-48b7-ba2f-23ffdf204636,Finished Goods Production,2026-03-18 06:44:48.277+00,2026-03-19 06:44:48.295194+00,,
0ad092f8-52d6-4fbd-941e-283f1b7e9537,a6707819-7f9c-4968-ad8e-badfec24bef2,12080,Production,MO-2026-03-00018||/production/5d81ae44-cbc1-45a3-b2db-aae0e671531f/edit||fg:8d5cd7ec-4e7d-4934-ad2e-198697e64350,Finished Goods Production,2026-03-18 06:44:48.566+00,2026-03-19 06:44:48.58346+00,,
41c98925-f4e8-4f82-9e3f-b07da6cd269f,c8ca813c-e4be-428e-aef8-503eeeb948b7,-51,Conversion,CONV-1774448192940,Packaging for 50,2026-03-25 18:59:59.999+00,2026-03-25 14:16:34.291236+00,,
89d7461c-146a-411e-9d7a-df5d2c9ad577,2725799f-a307-4777-8b00-84f03278ab57,-5,Conversion,CONV-1774933978422,Packaging for 20,2026-03-31 18:59:59.999+00,2026-03-31 05:13:00.131579+00,,
a31aa595-871f-4ac9-a4aa-10bb75d564c9,8b945707-4cb1-4e34-8d12-92da06120bd2,700,Purchase,PO-2026-04-00036||/purchase/19928141-0b73-4aa8-921f-6669e85a88de/edit||line:c5876efc-1feb-4882-951b-ff5056bd8425,Bardana Premium Fine - 80,2026-04-07 18:59:59.999+00,2026-04-09 10:15:49.063935+00,,
32499f69-58d5-4cc0-8173-143c29b80ad1,da5c9701-b165-4fcf-85ac-7d8abfba8e6b,-155,Production,MO-2026-04-00023||/production/b23dbd33-ea54-47d2-b55a-9a44cdbad67f/edit||comp:a11f782c-38a6-43bb-b2a7-f2e29de7af9e,Component Consumption,2026-04-06 18:59:59.999+00,2026-04-09 13:58:20.447294+00,,
8e51e06e-e2a2-407b-bf00-fd24cfdd95f7,8851e237-ca39-487c-a35f-e28fe711d32c,5050,Production,MO-2026-04-00023||/production/b23dbd33-ea54-47d2-b55a-9a44cdbad67f/edit||fg:8ca8dede-cbee-4c48-a0a8-efc94a439f79,Finished Goods Production,2026-04-06 18:59:59.999+00,2026-04-09 13:58:23.367006+00,,
ccd136a9-41c0-4a5f-acac-7855cf50bf0f,a6707819-7f9c-4968-ad8e-badfec24bef2,1680,Production,MO-2026-04-00023||/production/b23dbd33-ea54-47d2-b55a-9a44cdbad67f/edit||fg:03d6714f-74db-4962-aaa3-b939b392f840,Finished Goods Production,2026-04-06 18:59:59.999+00,2026-04-09 13:58:24.72713+00,,
e68dbda2-5877-4bbe-93bc-70c3253ae4f9,2c981082-c3ab-47b1-99c3-c34fe22ee02c,6800,Production,MO-2026-04-00027||/production/4d2155d3-86cf-4fcc-a059-e0f8281da849/edit||fg:0a760615-5cdf-4271-9e31-8fffffe5136f,Finished Goods Production,2026-04-10 18:59:59.999+00,2026-04-10 11:32:54.485572+00,,
a116d151-63d9-4768-95f3-50459e44f75a,a6707819-7f9c-4968-ad8e-badfec24bef2,4160,Sale Return,SCN-2026-04-00069||/sales/credit-notes/298ee247-2f4e-400b-b021-7381f20aafaf||line:9830f387-92d2-49e0-802d-554ca8ecb321,Customer Return: Returns,2026-04-01 18:59:59.999+00,2026-04-10 13:26:48.539337+00,,
b3870367-e34e-479d-8238-1781b397180f,e560c8fd-332b-48cb-b7de-125a590bcb0c,-2000,Conversion,CONV-1775902556717,Stock Conversion (Source),2026-04-11 18:59:59.999+00,2026-04-11 10:15:57.185522+00,,
7e5a7ffa-4f55-46f6-909b-c956a0f0a7a9,396eef73-791a-465c-ae17-b78505b08d5f,2000,Conversion,CONV-1775902556717,Stock Conversion (Destination),2026-04-11 18:59:59.999+00,2026-04-11 10:15:57.715776+00,,
44c3ea8c-f65c-4e48-861f-3ffd53367db4,a6707819-7f9c-4968-ad8e-badfec24bef2,5000,Sale Return,SCN-2026-04-00073||/sales/credit-notes/14277dd7-d436-4e20-861d-2f9211469fba||line:c9bb5a5b-65fe-45a9-af82-1bfe5c1bfbca,Customer Return: Returns,2026-04-04 18:59:59.999+00,2026-04-11 11:16:42.751892+00,,
afe54db5-923c-45fb-be32-5d6b2c71ae10,a6707819-7f9c-4968-ad8e-badfec24bef2,80,Sale Return,SCN-2026-04-00074||/sales/credit-notes/e30d41c8-f138-461e-8c8c-07fd65e51f92||line:6fea3380-39b2-49a5-bce1-21cbfa396333,Customer Return: Returns,2026-04-04 18:59:59.999+00,2026-04-11 11:17:41.252952+00,,
5ffa9481-8e6a-493a-b337-b19a5cf9bac0,937ec71e-d35e-4c0a-b48a-7e72d77e86c1,-750,Sale,INV-2026-04-00267||/sales/invoices/644228e5-4ff2-4c28-a513-97949e99f2d3||line:9e9ecb74-20b6-44f4-a7d6-65a1bf27852d,Al-Qamar Atta(Silver) - 15,2026-04-08 19:00:00+00,2026-04-11 12:18:34.572991+00,,
4a7fdc46-13ef-477e-b790-e0a4bf7b8ca2,e646adf3-e04a-4919-8dd4-d53927f5584b,1490,Production,MO-2026-04-00028||/production/4166dc27-4640-4c97-9a00-448d07da41e7/edit||fg:bf93fac8-60e6-44ff-bf04-358b4bfa55aa,Finished Goods Production,2026-04-11 18:59:59.999+00,2026-04-11 13:12:01.645141+00,,
fde4cd87-4f9b-4a1a-9594-c76e5eac2630,4c46ce95-42bf-4f3d-beb8-123623d0fa76,-500,Sale,INV-2026-04-00295||/sales/invoices/ff5b68ba-2363-4e3b-92fe-b8d10374cbe8||line:76a4e878-6417-45de-813b-b12726679674,Premium Fine - 50,2026-04-05 19:00:00+00,2026-04-15 05:18:33.927031+00,,
46ee2f6c-37f3-4501-9a62-74191047faaf,65415ac9-fc97-471a-b17f-1340c7b1b55a,-40,Conversion,CONV-1776254131164,Stock Conversion (Source),2026-04-15 18:59:59.999+00,2026-04-15 11:55:31.580336+00,,
6febc718-7418-42a9-8a77-33b45783637d,937ec71e-d35e-4c0a-b48a-7e72d77e86c1,-450,Sale,INV-2026-04-00324||/sales/invoices/56d47fcd-7395-45d1-b77b-afa731a284bd||line:15e74929-9363-4144-b6c4-b28c9cc1e22a,Al-Qamar Atta(Silver) - 15,2026-04-13 19:00:00+00,2026-04-16 07:31:20.511317+00,,
6ee633e8-6162-4ac6-93d2-a758ac47b0db,937ec71e-d35e-4c0a-b48a-7e72d77e86c1,-465,Sale,INV-2026-04-00341||/sales/invoices/8b228d66-3d1e-4638-9df9-79e639196e16||line:9a86942f-13b1-4722-8ec9-1db0ffe38bf0,Al-Qamar Atta(Silver) - 15,2026-04-15 19:00:00+00,2026-04-17 11:57:49.680137+00,,
ad8fba11-9a9a-43d3-b1b3-e5be99424cf1,18568477-1a69-413a-b5bd-94333c860750,16490,Adjustment,DELETED: INV-2026-04-00353 (was reversed),Original invoice was deleted on 2026-04-18,2026-04-17 19:00:00+00,2026-04-18 10:53:35.056313+00,04249cb9-eebf-426b-a9a4-e42aa57d2ee7,
23e1741b-99a2-4e0b-9928-13729399a670,a40b07a6-2948-489d-8dec-5e206ba38989,-248,Production,MO-2026-04-00035||/production/9ed80754-b5de-40e6-b828-974a6ce2d6ed/edit||comp:b1999fa7-e529-48dd-9024-7390ec03a7b0,Component Consumption,2026-04-20 18:59:59.999+00,2026-04-20 10:37:10.779715+00,,
92d34771-24d3-4e76-815e-c489c74c7e6e,2c981082-c3ab-47b1-99c3-c34fe22ee02c,3760,Production,MO-2026-04-00035||/production/9ed80754-b5de-40e6-b828-974a6ce2d6ed/edit||fg:1299898a-73be-4eeb-8cbe-851f6217971f,Finished Goods Production,2026-04-20 18:59:59.999+00,2026-04-20 10:37:11.832978+00,,
8e12bdde-97de-4ed0-a777-0e5893289399,8851e237-ca39-487c-a35f-e28fe711d32c,7600,Production,MO-2026-04-00035||/production/9ed80754-b5de-40e6-b828-974a6ce2d6ed/edit||fg:0c0fa947-166d-4e3a-ab99-c82869a17d93,Finished Goods Production,2026-04-20 18:59:59.999+00,2026-04-20 10:37:12.454029+00,,
318f90c4-3561-4d46-84f2-1f86fbf0d466,d9964e90-72ce-482b-8a17-7651628e223e,1005,Adjustment,REF-2026-04-01060,Extracted from Wheat Cleaning,2026-04-22 18:59:59.999+00,2026-04-23 05:18:22.528455+00,,
52b7f748-abb5-4ebc-9b34-c953f008756a,8851e237-ca39-487c-a35f-e28fe711d32c,-2500,Conversion,CONV-1776949814878,Stock Conversion (Source),2026-04-23 18:59:59.999+00,2026-04-23 13:10:15.712651+00,,
0f67a54f-83d2-458d-8ad5-07848e7213a9,e560c8fd-332b-48cb-b7de-125a590bcb0c,2480,Conversion,CONV-1776949814878,Stock Conversion (Destination),2026-04-23 18:59:59.999+00,2026-04-23 13:10:16.357212+00,,
cabbe561-eadd-4bda-946f-cde9d6036b23,d23536f3-0d86-4dcd-934e-9085566d4dc7,86,Purchase,PO-2026-04-00049||/purchase/8089020c-73c8-4bf2-aeb9-fbfb67feac88/edit||line:06738db7-0392-493c-a4b1-0ab8ec65b914,Wheat - Kaat,2026-04-24 18:59:59.999+00,2026-04-24 12:27:09.743322+00,,
0a46ab0b-a9f7-4b85-9bac-2a3260061599,0532897a-fd36-45a5-9f0f-d042367920ec,0,Adjustment,REF-2026-04-01088,Extracted from Wheat Cleaning,2026-04-21 18:59:59.999+00,2026-04-25 05:47:12.683878+00,,
6ce2ffd5-8e9f-4fc5-836e-f0c627683a65,9e331ef8-d768-4b45-8434-ed8adde48deb,-2,Production,MO-2026-03-00010||line:e77fd7cc-26ea-4378-9cc6-1d7606f26278||/production/d736d1ac-3c20-4bb4-95e6-a51a11a07fee/edit,[Auto] Bardana Premium Fine - 50 unit,2026-03-06 19:00:00+00,2026-03-14 09:04:17.223439+00,,
754ae30c-0146-4869-93fe-7ef9c81ae142,a6707819-7f9c-4968-ad8e-badfec24bef2,-5500,Sale,INV-2026-03-00117||/sales/invoices/eef3cdd8-0103-4dff-83e2-3e8edcee0550,Al-Qamar Atta(Green) - 20,2026-03-12 19:00:00+00,2026-03-14 11:10:09.431014+00,,
c0cb7ab5-b807-446e-8961-e5d2ba80d450,1066c1db-bbd7-4256-a751-f5cbf463f8a3,-3000,Sale,INV-2026-05-00448||/sales/invoices/0df33ab5-dd26-4a85-a6e7-381e41f93c10||line:beb8b1ca-c5db-4896-a967-1a161a4ae0b5,Al-Qamar Atta - 15,2026-05-05 19:00:00+00,2026-05-07 08:48:22.133878+00,,
28f66778-1e27-4310-9124-f5b24463dc80,e560c8fd-332b-48cb-b7de-125a590bcb0c,-12560,Sale,INV-2026-03-00143||/sales/invoices/f6ada6ed-db04-4dc9-90b8-3dbe6fa026a6||line:d8bf030e-7b6c-4e54-8f33-5deeb070eb45,Premium Maida - 80,2026-03-17 19:00:00+00,2026-03-25 12:22:05.242814+00,,
53cf56d9-f277-4fe0-af05-1132ecb41902,8851e237-ca39-487c-a35f-e28fe711d32c,2550,Conversion,CONV-1774448192940,Stock Conversion (Destination),2026-03-25 18:59:59.999+00,2026-03-25 14:16:34.482544+00,,
e3da4e27-268e-4f86-b9e3-cd1cf45c80f7,a6707819-7f9c-4968-ad8e-badfec24bef2,100,Conversion,CONV-1774933978422,Stock Conversion (Destination),2026-03-31 18:59:59.999+00,2026-03-31 05:13:00.247526+00,,
ebd788db-cddb-4585-8703-1e4025c67ace,d23536f3-0d86-4dcd-934e-9085566d4dc7,-22239,Production,MO-2026-04-00020||/production/176985d7-67dd-464e-b23f-dc2dc578ea42/edit||comp:2fb50f31-e52d-4650-a427-79fab12b5a38,Component Consumption,2026-04-02 18:59:59.999+00,2026-04-09 10:36:26.946913+00,,
e8552d26-4069-4d69-abe3-76088433aba6,9e331ef8-d768-4b45-8434-ed8adde48deb,-10,Production,MO-2026-04-00023||/production/b23dbd33-ea54-47d2-b55a-9a44cdbad67f/edit||comp:0d638bf6-a113-462c-a8c4-1e57b029846c,Component Consumption,2026-04-06 18:59:59.999+00,2026-04-09 13:58:20.706361+00,,
0b2f9bfb-0124-4b79-abb8-b073debe18f1,1066c1db-bbd7-4256-a751-f5cbf463f8a3,-2250,Sale,INV-2026-04-00179||/sales/invoices/74d433eb-82a1-40df-a66e-3067b414222a||line:a9d8f7c4-7003-4ae1-a9a7-8d704e4f0664,Al-Qamar Atta - 15,2026-03-31 19:00:00+00,2026-04-10 11:58:01.092698+00,,
bbbf620e-9abe-412e-a1ea-bd5d823387d3,a6707819-7f9c-4968-ad8e-badfec24bef2,1200,Sale Return,SCN-2026-04-00070||/sales/credit-notes/0df01541-e770-4d62-af3c-1a35f568eff2||line:48584719-2611-4069-b4e7-d29ef9b087f0,Customer Return: Returns,2026-04-01 18:59:59.999+00,2026-04-10 13:28:00.93167+00,,
572e2046-e1ee-4361-ba15-c1b25b39851a,c96b657d-0bd6-4386-b94c-339c33714e3b,-200,Conversion,CONV-1775902556717,Packaging for 10,2026-04-11 18:59:59.999+00,2026-04-11 10:15:57.548577+00,,
9ecef1e4-0397-48b5-89e0-9346cbc24ca8,e646adf3-e04a-4919-8dd4-d53927f5584b,30,Sale Return,SCN-2026-04-00075||/sales/credit-notes/8adc8469-5a5c-4ad1-be23-24215cd3c1ac||line:3f88fafb-ddcc-41f1-a488-503841b31221,Customer Return: Returns,2026-04-04 18:59:59.999+00,2026-04-11 11:18:51.139641+00,,
e90e23a0-c5cc-4870-b4dd-8205603faeca,2c981082-c3ab-47b1-99c3-c34fe22ee02c,-1680,Sale,INV-2026-04-00267||/sales/invoices/644228e5-4ff2-4c28-a513-97949e99f2d3||line:9c46ae79-afe5-4085-8164-4273125eec97,Premium Fine - 80,2026-04-08 19:00:00+00,2026-04-11 12:18:34.884801+00,,
c3db6be3-dba3-4448-8e59-e30d4fa38e9f,a6707819-7f9c-4968-ad8e-badfec24bef2,4860,Production,MO-2026-04-00028||/production/4166dc27-4640-4c97-9a00-448d07da41e7/edit||fg:0e8091e1-1d4f-44bd-b050-94178595f048,Finished Goods Production,2026-04-11 18:59:59.999+00,2026-04-11 13:12:02.046939+00,,
baa1e377-722b-497d-aacf-7c47fa613cae,8851e237-ca39-487c-a35f-e28fe711d32c,5000,Adjustment,Rev: INV-2026-04-00302||/sales/invoices/a821322b-d265-4a9f-98e1-7584e265b2a5,Invoice Reset to Draft (Sale Reversed),2026-04-10 19:00:00+00,2026-04-15 05:25:10.159505+00,,
8c73dd94-3415-4e21-baf2-06eeb52c5c92,c8ca813c-e4be-428e-aef8-503eeeb948b7,64,Conversion,CONV-1776254131164,Stock Conversion (Destination),2026-04-15 18:59:59.999+00,2026-04-15 11:55:31.790056+00,,
f1345e22-03d0-41e4-9bb1-80747c494224,2c981082-c3ab-47b1-99c3-c34fe22ee02c,-1600,Sale,INV-2026-04-00324||/sales/invoices/56d47fcd-7395-45d1-b77b-afa731a284bd||line:cbb8246e-3e09-49c1-867a-f658013d081c,Premium Fine - 80,2026-04-13 19:00:00+00,2026-04-16 07:31:20.786187+00,,
7807f889-84be-44dd-953b-92b613962c5a,93765798-ca54-496a-94c6-bb4f273bfe27,-9065,Sale,INV-2026-04-00341||/sales/invoices/8b228d66-3d1e-4638-9df9-79e639196e16||line:21792154-df6c-4a96-acd0-44424e36440d,Premium Atta - 49,2026-04-15 19:00:00+00,2026-04-17 11:57:49.95255+00,,
ce4b0ccc-3fa6-4a18-872a-76e448ed4918,18568477-1a69-413a-b5bd-94333c860750,-16524,Sale,INV-2026-04-00355||/sales/invoices/ca06c6df-602e-4b95-828b-966603f0c473||line:e9c6e3f2-ecdd-4054-b891-cc6727f8eb7f,Premium Bran - 34,2026-04-17 19:00:00+00,2026-04-18 10:55:28.120048+00,,
d919f5c9-e3a4-4791-bc92-4641bf16c15e,c8ca813c-e4be-428e-aef8-503eeeb948b7,-152,Production,MO-2026-04-00035||/production/9ed80754-b5de-40e6-b828-974a6ce2d6ed/edit||comp:269ceda1-1d33-4c8a-9304-3ae1f986e7d3,Component Consumption,2026-04-20 18:59:59.999+00,2026-04-20 10:37:10.998638+00,,
634d13ca-0b2b-4d63-9a25-611cf427fab0,0532897a-fd36-45a5-9f0f-d042367920ec,0,Adjustment,REF-2026-04-01060,Extracted from Wheat Cleaning,2026-04-22 18:59:59.999+00,2026-04-23 05:18:22.774339+00,,
68ae66e9-4c74-48a0-a171-d98ad404c98a,65415ac9-fc97-471a-b17f-1340c7b1b55a,-31,Conversion,CONV-1776949814878,Packaging for 80,2026-04-23 18:59:59.999+00,2026-04-23 13:10:16.183827+00,,
30b36cf9-0e68-425c-8e53-822b492ae43d,d23536f3-0d86-4dcd-934e-9085566d4dc7,7487.2,Purchase,PO-2026-04-00050||/purchase/e1f2e1bb-e452-4593-af5c-2a48e3dd8274/edit||line:94e2f390-3b10-4051-802f-e00917deee41,Wheat,2026-04-24 18:59:59.999+00,2026-04-24 12:35:20.883201+00,,
b6794bab-bca3-4814-9414-208c26aea569,d23536f3-0d86-4dcd-934e-9085566d4dc7,76.4,Purchase,PO-2026-04-00050||/purchase/e1f2e1bb-e452-4593-af5c-2a48e3dd8274/edit||line:2749e34a-4c7b-4d41-80c4-4cb9dad2e70f,Wheat - Khoot,2026-04-24 18:59:59.999+00,2026-04-24 12:35:22.070824+00,,
24325c27-e33c-41e7-afb3-9582cee90a56,d9964e90-72ce-482b-8a17-7651628e223e,-2105,Sale,INV-2026-04-00378||/sales/invoices/8b599a86-6233-4b6c-afbf-566968e9bda8||line:4d15ad19-1be7-44b6-9fd5-0ae3f0fb519c,Refraction (Mamni) - Standard,2026-04-20 19:00:00+00,2026-04-25 05:50:17.828516+00,,
ace6f00d-449b-4efe-8e38-11241afb5e0b,e560c8fd-332b-48cb-b7de-125a590bcb0c,-12800,Sale,INV-2026-04-00388||/sales/invoices/2518fcf8-5f2c-45f9-84f3-ce3e324feaa4||line:d6c91f6c-073f-4ba2-b39a-d4dcb233068c,Premium Maida - 80,2026-04-27 19:00:00+00,2026-04-28 06:16:52.136039+00,,
3ab6d5e1-6562-4734-9218-9154e136f1de,29a0bdd8-7ec8-49aa-94e2-3abc24a5fe6d,-338,Conversion,CONV-1777449382044,Stock Conversion (Source),2026-04-29 18:59:59.999+00,2026-04-29 07:56:22.555505+00,,
313f81c5-60c7-46b6-8af5-e66a5472b0b3,25a20076-8468-420b-97f9-75c1f6275242,-1185,Sale,INV-2026-04-00394||/sales/invoices/cc20abca-8ed2-4184-8bb9-ff171c63abc5||line:ebce966a-751a-4580-aa2b-9047f88eaa5f,Al-Qamar Atta - 79,2026-04-26 19:00:00+00,2026-04-29 15:37:15.97023+00,,
3fd7f62d-3dfa-4538-a79a-a9b82fd118b7,a40b07a6-2948-489d-8dec-5e206ba38989,-115,Production,MO-2026-04-00044||/production/d223d015-df1d-40eb-9b34-6e81263f4249/edit||comp:47bd2c2e-d05f-4d1e-8212-9d581dcf3c5b,Component Consumption,2026-04-30 18:59:59.999+00,2026-04-30 10:37:43.665572+00,,
a8e542d1-957d-4eeb-9021-7b7ad4deec74,da5c9701-b165-4fcf-85ac-7d8abfba8e6b,-15,Production,MO-2026-04-00044||/production/d223d015-df1d-40eb-9b34-6e81263f4249/edit||comp:bec21a4c-259f-44e3-9111-3d056b228499,Component Consumption,2026-04-30 18:59:59.999+00,2026-04-30 10:37:44.689455+00,,
fe87f273-10e4-4ce9-bd50-d2d6564513d2,d383d741-fa61-4537-9ef9-7fb74115ded0,400,Adjustment,DELETED: INV-2026-04-00403 (was reversed),Original invoice was deleted on 2026-04-30,2026-04-26 19:00:00+00,2026-04-30 15:37:36.704272+00,04249cb9-eebf-426b-a9a4-e42aa57d2ee7,
2be216f6-d535-4a25-8fc9-8216c7701e42,1066c1db-bbd7-4256-a751-f5cbf463f8a3,-1500,Sale,INV-2026-04-00416||/sales/invoices/e3f52f34-0025-4097-9c54-0365ad314e12||line:a8903d05-2da9-4204-82e0-ab2068ed3c1f,Al-Qamar Atta - 15,2026-04-29 19:00:00+00,2026-04-30 16:01:50.912229+00,,
778225a4-8a0d-453c-925a-eb801aeb2834,396eef73-791a-465c-ae17-b78505b08d5f,-830,Sale,INV-2026-04-00412||/sales/invoices/9a286515-6ba1-4213-8c8e-beb0f6e316cf||line:f1be72c5-170f-4f98-be8f-714e417c6012,Premium Pizza Flour - 10,2026-04-28 19:00:00+00,2026-04-30 17:08:56.892218+00,,
67024fbe-f643-455c-88fc-a689ec92e3ea,71747c3d-230b-4f6c-a3a5-80ca29120b16,730,Adjustment,REF-2026-05-01255,Extracted from Wheat Cleaning,2026-04-30 18:59:59.999+00,2026-05-01 05:20:34.848669+00,,
3c22bddb-4514-4185-8825-eb819ee3ef01,d23536f3-0d86-4dcd-934e-9085566d4dc7,355.65,Purchase,PO-2026-05-00058||/purchase/7554b8a4-0790-4e1a-923b-cbb385a1bfd2/edit||line:c10bd5d5-3f43-45d7-80dc-43c8abd77c95,Wheat - Kaat,2026-05-02 18:59:59.999+00,2026-05-02 08:21:46.031492+00,,
068925b1-ba61-4843-a40d-1a1472862e57,65415ac9-fc97-471a-b17f-1340c7b1b55a,1000,Purchase,PO-2026-05-00060||/purchase/fb198eca-9a51-4331-83d1-227786f4fc3c/edit||line:9e92e442-ef6f-4a85-8a6c-89d2d3f0c49f,Bardana Premium Maida - 80,2026-05-02 18:59:59.999+00,2026-05-02 08:35:29.994879+00,,
b2bfa4d5-1132-4ba4-97e4-43e65bdbe2bc,a40b07a6-2948-489d-8dec-5e206ba38989,493,Conversion,CONV-1777729186777,Stock Conversion (Destination),2026-05-02 18:59:59.999+00,2026-05-02 13:39:47.399213+00,,
acc4913e-f392-461c-93d6-1afc072abc0a,9e331ef8-d768-4b45-8434-ed8adde48deb,-5,Production,MO-2026-05-00045||/production/5469e87a-1c73-4330-af7f-c6e0cfb5a90e/edit||comp:1502d380-cb5a-4d16-8271-6c37a0343fe1,Component Consumption,2026-05-02 18:59:59.999+00,2026-05-02 13:43:50.866817+00,,
010d6ad8-30bf-41bf-8dc3-fc5d5afc703a,b2f8974f-ab3c-4880-a03d-6d3b29d26c57,-441,Production,MO-2026-03-00010||line:7cff823c-602f-4a61-90a2-87a572e3faeb||/production/d736d1ac-3c20-4bb4-95e6-a51a11a07fee/edit,[Auto] Bardana Al-Qamar Atta(Green) - 10 unit,2026-03-06 19:00:00+00,2026-03-14 09:04:17.454102+00,,
3e77bea1-d4ad-47fd-b7f9-84762c4809ef,a6707819-7f9c-4968-ad8e-badfec24bef2,-20,Sale,INV-2026-03-00118||/sales/invoices/7d19afe7-51f7-44c4-94c1-d32de78236b5,Al-Qamar Atta(Green) - 20,2026-03-12 19:00:00+00,2026-03-14 11:11:07.378952+00,,
d7cdb4bc-4b38-45c3-b343-82769fc83c24,e646adf3-e04a-4919-8dd4-d53927f5584b,-1000,Sale,INV-2026-03-00122||/sales/invoices/62d90a02-e19d-443b-a4d3-2f0bbfca7044||line:98b17b36-c808-47b4-ab5a-f97f4c42f931,Al-Qamar Atta(Green) - 10,2026-03-13 19:00:00+00,2026-03-18 12:20:41.759559+00,,
865f7c2f-4a9b-414a-95bd-6733d161ad7c,e646adf3-e04a-4919-8dd4-d53927f5584b,-1000,Sale,INV-2026-03-00144||/sales/invoices/41174dbe-d916-46fc-a3d1-f72cb557463c||line:fffadeef-7ad3-4bd0-bbd8-50a643f2f3b0,Al-Qamar Atta(Green) - 10,2026-03-17 19:00:00+00,2026-03-25 12:27:10.03602+00,,
44b383b2-4f0f-4459-9f8d-f3f6bc354b9e,2c981082-c3ab-47b1-99c3-c34fe22ee02c,4800,Adjustment,DELETED: INV-2026-03-00162 (was reversed),Original invoice was deleted on 2026-03-28,2026-03-17 19:00:00+00,2026-03-28 10:39:43.130884+00,04249cb9-eebf-426b-a9a4-e42aa57d2ee7,
c2110719-6705-4353-87c3-200e9aeab28a,8851e237-ca39-487c-a35f-e28fe711d32c,-1350,Conversion,CONV-1774934016712,Stock Conversion (Source),2026-03-31 18:59:59.999+00,2026-03-31 05:13:37.187245+00,,
ce55ee4d-78bd-43db-b685-20ed2719685d,da5c9701-b165-4fcf-85ac-7d8abfba8e6b,-121,Production,MO-2026-04-00020||/production/176985d7-67dd-464e-b23f-dc2dc578ea42/edit||comp:259f1771-61fb-48a5-a368-80bb8bcdd07d,Component Consumption,2026-04-02 18:59:59.999+00,2026-04-09 10:36:27.216126+00,,
40ac4b63-6b35-4e8d-bd44-b223c5c50ec5,e560c8fd-332b-48cb-b7de-125a590bcb0c,5760,Production,MO-2026-04-00020||/production/176985d7-67dd-464e-b23f-dc2dc578ea42/edit||fg:6d757457-1c5b-495e-a745-8ac2d708212e,Finished Goods Production,2026-04-02 18:59:59.999+00,2026-04-09 10:36:29.317619+00,,
e32d7dec-92ae-4474-b6c4-e4ed017f62c8,1066c1db-bbd7-4256-a751-f5cbf463f8a3,4875,Production,MO-2026-04-00020||/production/176985d7-67dd-464e-b23f-dc2dc578ea42/edit||fg:99d43fda-cbd5-44bb-80d9-dd5a06189dda,Finished Goods Production,2026-04-02 18:59:59.999+00,2026-04-09 10:36:30.679124+00,,
7b13261b-e5cf-41f6-b83a-611636f70304,c8ca813c-e4be-428e-aef8-503eeeb948b7,-101,Production,MO-2026-04-00023||/production/b23dbd33-ea54-47d2-b55a-9a44cdbad67f/edit||comp:f58a5286-4d0e-474e-a8b1-1f1b0cd623b5,Component Consumption,2026-04-06 18:59:59.999+00,2026-04-09 13:58:20.982812+00,,
22268cd5-e99d-4b58-b35b-63414bd56022,4c46ce95-42bf-4f3d-beb8-123623d0fa76,500,Production,MO-2026-04-00023||/production/b23dbd33-ea54-47d2-b55a-9a44cdbad67f/edit||fg:2a2ee57e-2f50-4d36-875b-0973db94892a,Finished Goods Production,2026-04-06 18:59:59.999+00,2026-04-09 13:58:23.019169+00,,
849ac95b-238e-4243-9c87-f459b5863c73,e646adf3-e04a-4919-8dd4-d53927f5584b,1970,Production,MO-2026-04-00023||/production/b23dbd33-ea54-47d2-b55a-9a44cdbad67f/edit||fg:f9c2afa3-1f62-4898-b837-5c809a7ffbc2,Finished Goods Production,2026-04-06 18:59:59.999+00,2026-04-09 13:58:24.398653+00,,
442c6783-f323-4169-9a33-e14a3562cabc,a6707819-7f9c-4968-ad8e-badfec24bef2,-1500,Sale,INV-2026-04-00179||/sales/invoices/74d433eb-82a1-40df-a66e-3067b414222a||line:9928edfd-4759-4a7d-be1b-8ae6bd368dab,Al-Qamar Atta(Green) - 20,2026-03-31 19:00:00+00,2026-04-10 11:58:01.447245+00,,
d9a4fdac-1092-4758-b1e4-73da60e232f4,e646adf3-e04a-4919-8dd4-d53927f5584b,80,Sale Return,SCN-2026-04-00071||/sales/credit-notes/1bf8386c-1c4e-47c6-848f-de106e42a10e||line:89c03f17-1798-41a9-82ca-a4d5cfd4727b,Customer Return: Returns,2026-04-02 18:59:59.999+00,2026-04-10 13:29:56.692303+00,,
481b27fa-e86c-4ad5-af31-831b5d4e3258,a6707819-7f9c-4968-ad8e-badfec24bef2,1200,Sale Return,SCN-2026-04-00072||/sales/credit-notes/becb5bd4-1f5f-4d01-b3f3-49c318d9fd9e||line:f21b9fc4-20a9-44fb-8d48-15649be5fa6f,Customer Return: Returns,2026-04-02 18:59:59.999+00,2026-04-10 13:30:53.635455+00,,
a2d90d2f-6aa8-46ef-bc15-80d32d9c7d56,2c981082-c3ab-47b1-99c3-c34fe22ee02c,-1040,Conversion,CONV-1775902609446,Stock Conversion (Source),2026-04-11 18:59:59.999+00,2026-04-11 10:16:49.675185+00,,
70b1d1f0-363e-433f-b98f-5f38e2e5cf5d,e646adf3-e04a-4919-8dd4-d53927f5584b,1040,Conversion,CONV-1775902609446,Stock Conversion (Destination),2026-04-11 18:59:59.999+00,2026-04-11 10:16:50.028158+00,,
c031751d-75f2-485b-b855-9486c94890f0,e646adf3-e04a-4919-8dd4-d53927f5584b,10,Sale Return,SCN-2026-04-00076||/sales/credit-notes/efd51b32-248a-4236-b6f5-bc142eeb815b||line:564130d6-5e0f-439a-b4d0-ce35a2c89e7e,Customer Return: Returns,2026-04-06 18:59:59.999+00,2026-04-11 11:19:41.490628+00,,
c27ea783-5a22-42d6-ab4b-bd1ccf7811c5,937ec71e-d35e-4c0a-b48a-7e72d77e86c1,-2250,Sale,INV-2026-04-00268||/sales/invoices/537c8e71-e852-4c9e-a1a9-5cf1bf252d16||line:bcf95075-a6d7-428e-8c71-641d038e5813,Al-Qamar Atta(Silver) - 15,2026-04-08 19:00:00+00,2026-04-11 12:19:40.045661+00,,
b9b5347e-a286-4e93-ae6e-aea77afc34f0,937ec71e-d35e-4c0a-b48a-7e72d77e86c1,2715,Production,MO-2026-04-00028||/production/4166dc27-4640-4c97-9a00-448d07da41e7/edit||fg:d3bd8251-fcac-494f-a107-c65cba670161,Finished Goods Production,2026-04-11 18:59:59.999+00,2026-04-11 13:12:02.369973+00,,
d6f75125-aa17-4a02-844f-40f8a3c4249c,8851e237-ca39-487c-a35f-e28fe711d32c,-5000,Sale,INV-2026-04-00302||/sales/invoices/a821322b-d265-4a9f-98e1-7584e265b2a5||line:2a2c0aeb-1a47-49f6-b31f-3535fa9ac18e,Premium Maida - 50,2026-04-12 19:00:00+00,2026-04-15 05:25:21.327268+00,,
31a250b0-d491-4472-994e-f98e0976cc71,c8ca813c-e4be-428e-aef8-503eeeb948b7,-64,Conversion,CONV-1776254469130,Stock Conversion (Source),2026-04-15 18:59:59.999+00,2026-04-15 12:01:09.639251+00,,
a6339784-2678-4928-857c-2189209f5f0b,2c981082-c3ab-47b1-99c3-c34fe22ee02c,-560,Sale,INV-2026-04-00325||/sales/invoices/efb2d5c6-854f-43ae-8955-089f0dccf5ca||line:4892f010-74fa-42ab-9956-fccbf4c494d8,Premium Fine - 80,2026-04-13 19:00:00+00,2026-04-16 07:32:49.262242+00,,
24488b28-3483-4a20-8c29-701998996cf1,2c981082-c3ab-47b1-99c3-c34fe22ee02c,-2400,Sale,INV-2026-04-00341||/sales/invoices/8b228d66-3d1e-4638-9df9-79e639196e16||line:d7e81902-cb33-4e19-8af3-9e89b09dc64a,Premium Fine - 80,2026-04-15 19:00:00+00,2026-04-17 11:57:50.224777+00,,
df6090cc-0f1c-4a25-b2ec-da61794b2da3,d23536f3-0d86-4dcd-934e-9085566d4dc7,17711.1,Purchase,PO-2026-04-00042||/purchase/a10068fd-de8c-4ac5-9c5a-6252382f08b7/edit||line:69b03d67-c111-401a-a3d6-ee19e0ceab2a,Wheat,2026-04-18 18:59:59.999+00,2026-04-18 12:26:05.945633+00,,
df42d3e8-f5ce-4981-80a8-88d067d33361,d23536f3-0d86-4dcd-934e-9085566d4dc7,178.9,Purchase,PO-2026-04-00042||/purchase/a10068fd-de8c-4ac5-9c5a-6252382f08b7/edit||line:4d0938fb-2169-466b-8639-7d0ecdbd085d,Wheat - Kaat,2026-04-18 18:59:59.999+00,2026-04-18 12:26:07.187598+00,,
82361076-5a56-4399-a3f5-9205ce434274,8851e237-ca39-487c-a35f-e28fe711d32c,6000,Adjustment,DELETED: INV-2026-04-00359 (was reversed),Original invoice was deleted on 2026-04-20,2026-04-19 19:00:00+00,2026-04-20 10:38:52.746017+00,04249cb9-eebf-426b-a9a4-e42aa57d2ee7,
75450c44-166a-413f-a59d-785bae70bea1,2c981082-c3ab-47b1-99c3-c34fe22ee02c,2000,Adjustment,DELETED: INV-2026-04-00360 (was reversed),Original invoice was deleted on 2026-04-20,2026-04-19 19:00:00+00,2026-04-20 10:39:12.181663+00,04249cb9-eebf-426b-a9a4-e42aa57d2ee7,
f13f5f19-a9c7-4d60-9760-3b096cd91802,d9964e90-72ce-482b-8a17-7651628e223e,-1925,Sale,INV-2026-04-00369||/sales/invoices/ac09d746-c519-41ae-80b6-0508ba9f6c1d||line:ae7718b3-0544-4a49-9fcf-bd67977431c4,Refraction (Mamni) - Standard,2026-04-21 19:00:00+00,2026-04-23 05:21:27.961514+00,,
0a06f9a5-d7d7-4b3f-a20e-4d94716c48f2,29a0bdd8-7ec8-49aa-94e2-3abc24a5fe6d,-7,Conversion,CONV-1776949895032,Stock Conversion (Source),2026-04-23 18:59:59.999+00,2026-04-23 13:11:35.476255+00,,
28083352-fb85-4b56-9b18-5ec1e30a8a04,e560c8fd-332b-48cb-b7de-125a590bcb0c,-880,Conversion,CONV-1776950017662,Stock Conversion (Source),2026-04-23 18:59:59.999+00,2026-04-23 13:13:37.84046+00,,
d46f3426-6399-413c-9edb-d00831185ccd,8851e237-ca39-487c-a35f-e28fe711d32c,850,Conversion,CONV-1776950017662,Stock Conversion (Destination),2026-04-23 18:59:59.999+00,2026-04-23 13:13:38.182111+00,,
430ee761-2843-48f4-85f4-5074bd80a044,29f97aa5-e538-4261-b69f-6b1a394015c9,153,Purchase,PO-2026-04-00050||/purchase/e1f2e1bb-e452-4593-af5c-2a48e3dd8274/edit||line:43b79c47-1e2d-4b61-b876-5bac38678758,Wheat Bardana,2026-04-24 18:59:59.999+00,2026-04-24 12:35:21.485782+00,,
6eb26b56-e792-470a-932d-67c9514d772a,c6b76b35-74b4-4b7d-aa4d-e473698b2f81,-40,Sale,INV-2026-04-00379||/sales/invoices/0e0d773f-aa7d-41d1-b464-10c6f5b0878d||line:55b04d99-45ec-4e47-98b4-197a1af0b05e,Al-Qamar Atta - 20,2026-04-23 19:00:00+00,2026-04-25 06:02:29.765634+00,,
e993db0c-1555-440f-869b-2afeba2cfe3e,e560c8fd-332b-48cb-b7de-125a590bcb0c,12800,Adjustment,Rev: INV-2026-04-00388||/sales/invoices/2518fcf8-5f2c-45f9-84f3-ce3e324feaa4,Invoice Reset to Draft (Sale Reversed),2026-04-27 19:00:00+00,2026-04-28 06:17:36.051318+00,,
c8a62949-dfd4-46b6-9832-e465633a6e44,e560c8fd-332b-48cb-b7de-125a590bcb0c,-12800,Sale,INV-2026-04-00388||/sales/invoices/2518fcf8-5f2c-45f9-84f3-ce3e324feaa4||line:f4db7506-cc94-4562-a015-259c2d68b996,Premium Maida - 80,2026-04-27 19:00:00+00,2026-04-28 06:17:58.116535+00,,
131dd2fc-af78-49f3-82c4-d8e36d81ecd1,a40b07a6-2948-489d-8dec-5e206ba38989,338,Conversion,CONV-1777449382044,Stock Conversion (Destination),2026-04-29 18:59:59.999+00,2026-04-29 07:56:22.76548+00,,
473209d9-5d3c-4487-9d90-392a113dd585,e560c8fd-332b-48cb-b7de-125a590bcb0c,-4400,Conversion,CONV-1777571791415,Stock Conversion (Source),2026-04-30 18:59:59.999+00,2026-04-30 17:56:32.123855+00,,
61a65873-e52c-4096-bc83-0890254bd4da,d23536f3-0d86-4dcd-934e-9085566d4dc7,-15800,Production,MO-2026-03-00015||/production/0322e1a3-f780-462a-b81f-03619dbee5b3/edit,Component Consumption,2026-03-14 06:45:17.095+00,2026-03-16 06:45:17.103738+00,,
6f6cddfb-bdd1-421c-ada8-5c92bae34e0d,65415ac9-fc97-471a-b17f-1340c7b1b55a,-65,Production,MO-2026-03-00015||/production/0322e1a3-f780-462a-b81f-03619dbee5b3/edit,Component Consumption,2026-03-14 06:45:17.456+00,2026-03-16 06:45:17.464311+00,,
a2d49845-1c32-46bb-8b9c-a187898c0e1f,b2f8974f-ab3c-4880-a03d-6d3b29d26c57,-200,Production,MO-2026-03-00015||/production/0322e1a3-f780-462a-b81f-03619dbee5b3/edit,Component Consumption,2026-03-14 06:45:17.793+00,2026-03-16 06:45:17.799444+00,,
adfcb426-13a2-40cd-b13d-3edd4968fa6e,2c981082-c3ab-47b1-99c3-c34fe22ee02c,-1200,Sale,INV-2026-03-00027||line:804f8d28-f37b-4330-9d03-9804b503424d||/sales/invoices/89da5335-98b4-40a9-bbe1-ebd162dd5948,Premium Fine - 80,2026-03-01 19:00:00+00,2026-03-14 09:28:47.757108+00,,
f601bafd-00cc-48f1-9315-49531a703c32,a6707819-7f9c-4968-ad8e-badfec24bef2,-20,Sale,INV-2026-03-00078||line:8aba5be2-8957-4d4d-999f-e53558dc10d4||/sales/invoices/a4fb79bd-339e-4e12-b4ca-3bc6aa88cfff,Al-Qamar Atta(Green) - 20,2026-03-08 19:00:00+00,2026-03-14 09:28:47.757108+00,,
66193486-2a5f-40d5-b8d2-94ab5cc272a9,18568477-1a69-413a-b5bd-94333c860750,2720,Production,MO-2026-03-00015||/production/0322e1a3-f780-462a-b81f-03619dbee5b3/edit,Finished Goods Production,2026-03-14 06:45:18.373+00,2026-03-16 06:45:18.381168+00,,
4a3017cb-eca3-4f5a-ad05-98809a9ebc38,a6707819-7f9c-4968-ad8e-badfec24bef2,3000,Production,MO-2026-03-00015||/production/0322e1a3-f780-462a-b81f-03619dbee5b3/edit,Finished Goods Production,2026-03-14 06:45:19.561+00,2026-03-16 06:45:19.569003+00,,
2ed6e53a-52bf-4ddc-bf77-2f326edcd915,a6707819-7f9c-4968-ad8e-badfec24bef2,-4000,Sale,INV-2026-03-00122||/sales/invoices/62d90a02-e19d-443b-a4d3-2f0bbfca7044||line:ef04c432-2e10-4d91-810e-be60de513e07,Al-Qamar Atta(Green) - 20,2026-03-13 19:00:00+00,2026-03-18 12:20:42.203953+00,,
05aeb113-ffaa-485b-b041-14b228a60c47,a6707819-7f9c-4968-ad8e-badfec24bef2,-80,Sale,INV-2026-03-00086||line:3750e849-6538-4db5-a74a-a992413dfb97||/sales/invoices/ba7f7ba2-2df3-4b12-bd88-9cb62390b33a,Al-Qamar Atta(Green) - 20,2026-03-08 19:00:00+00,2026-03-14 09:28:47.757108+00,,
1a3e615f-b20e-4890-a4be-6c30cb06736e,a6707819-7f9c-4968-ad8e-badfec24bef2,-1000,Sale,INV-2026-03-00144||/sales/invoices/41174dbe-d916-46fc-a3d1-f72cb557463c||line:d52b8596-a0e9-4646-8814-cf15d45b65c8,Al-Qamar Atta(Green) - 20,2026-03-17 19:00:00+00,2026-03-25 12:27:10.338017+00,,
0706a96b-eaab-4ac9-9532-7f1830fb2448,2c981082-c3ab-47b1-99c3-c34fe22ee02c,-4800,Sale,INV-2026-03-00162||/sales/invoices/08b4ae65-df5d-4b15-a24d-dbe1cca777b3||line:b66987e0-db90-4a2b-848f-3530a3d83768,Premium Fine - 80,2026-03-17 19:00:00+00,2026-03-28 10:39:05.623604+00,,
e44304e9-2913-477e-8c15-546bc2e8db56,65415ac9-fc97-471a-b17f-1340c7b1b55a,-16,Conversion,CONV-1774934016712,Packaging for 80,2026-03-31 18:59:59.999+00,2026-03-31 05:13:37.68796+00,,
13629b84-0d84-4551-a515-3d3ecd12d764,65415ac9-fc97-471a-b17f-1340c7b1b55a,-72,Production,MO-2026-04-00020||/production/176985d7-67dd-464e-b23f-dc2dc578ea42/edit||comp:bc951b96-3772-4ac8-8eab-9ed4558942e6,Component Consumption,2026-04-02 18:59:59.999+00,2026-04-09 10:36:27.478299+00,,
c5f657a9-e5a6-478b-b49a-8bc9b0f3eb53,65415ac9-fc97-471a-b17f-1340c7b1b55a,-40,Production,MO-2026-04-00023||/production/b23dbd33-ea54-47d2-b55a-9a44cdbad67f/edit||comp:1bf7c1cf-f099-4ab4-992e-f932f3bfefeb,Component Consumption,2026-04-06 18:59:59.999+00,2026-04-09 13:58:21.241318+00,,
22682a84-73a6-4351-9859-0c866d969cf3,1066c1db-bbd7-4256-a751-f5cbf463f8a3,-2250,Sale,INV-2026-04-00180||/sales/invoices/04a01a2a-446d-4174-b8ab-a33e7930ebc4||line:baeaed34-27fd-426f-b898-c1c6f95ed58f,Al-Qamar Atta - 15,2026-03-31 19:00:00+00,2026-04-10 12:07:46.007458+00,,
e4cd7d38-32a9-4c2b-a5df-b1aae4239a93,2c981082-c3ab-47b1-99c3-c34fe22ee02c,-400,Sale,INV-2026-04-00180||/sales/invoices/04a01a2a-446d-4174-b8ab-a33e7930ebc4||line:96759fc4-1600-46e2-bc13-8fa22ac8bf7d,Premium Fine - 80,2026-03-31 19:00:00+00,2026-04-10 12:07:46.349763+00,,
853bf4f9-eeec-4507-9737-6a1d2e55ca69,8851e237-ca39-487c-a35f-e28fe711d32c,-250,Sale,INV-2026-04-00180||/sales/invoices/04a01a2a-446d-4174-b8ab-a33e7930ebc4||line:0782613f-9149-4656-84d2-c4eedbb78105,Premium Maida - 50,2026-03-31 19:00:00+00,2026-04-10 12:07:46.626756+00,,
0991f79a-dfc8-4624-9be1-bc2894946284,a6707819-7f9c-4968-ad8e-badfec24bef2,380,Sale Return,SCN-2026-04-00071||/sales/credit-notes/1bf8386c-1c4e-47c6-848f-de106e42a10e||line:18e21152-5078-47e1-9605-7856402aa36d,Customer Return: Returns,2026-04-02 18:59:59.999+00,2026-04-10 13:29:57.003828+00,,
06e85024-7dbb-4e1a-be81-4950eeffdb7e,b2f8974f-ab3c-4880-a03d-6d3b29d26c57,-104,Conversion,CONV-1775902609446,Packaging for 10,2026-04-11 18:59:59.999+00,2026-04-11 10:16:49.924312+00,,
5792b756-74fc-4c60-b86e-b598511ae0aa,2c981082-c3ab-47b1-99c3-c34fe22ee02c,720,Sale Return,SCN-2026-04-00077||/sales/credit-notes/c0009701-15ed-41b4-a621-3ec6e2cab0b6||line:0fc2e0da-e73d-4b46-80a4-f997f2a6cd78,Customer Return: Returns,2026-04-06 18:59:59.999+00,2026-04-11 11:20:39.323867+00,,
65a6a15a-8c32-4843-9bc5-580bdedbe8b6,937ec71e-d35e-4c0a-b48a-7e72d77e86c1,-1500,Sale,INV-2026-04-00269||/sales/invoices/b37eaaad-8b0e-4685-b281-c30b75833205||line:5a4105e6-1d51-48a2-b4e2-c2c346338bcc,Al-Qamar Atta(Silver) - 15,2026-04-08 19:00:00+00,2026-04-11 12:20:32.535552+00,,
e5d3fe74-407d-48a8-b491-75d8e47b484b,937ec71e-d35e-4c0a-b48a-7e72d77e86c1,-1500,Sale,INV-2026-04-00285||/sales/invoices/d1365bca-4510-433d-86f5-50d1991d78bf||line:34ac3b82-837c-42b6-93f0-83527582302d,Al-Qamar Atta(Silver) - 15,2026-04-10 19:00:00+00,2026-04-11 13:20:22.637378+00,,
568ed133-27e1-46c1-af4d-e3df0eca95cf,18568477-1a69-413a-b5bd-94333c860750,-17000,Sale,INV-2026-04-00304||/sales/invoices/c18239cf-c062-4ff5-97d7-18110e0c7205||line:46ca930f-f0fc-4706-95a8-f3491f726f6d,Premium Bran - 34,2026-04-10 19:00:00+00,2026-04-15 05:37:49.621242+00,,
40d19b19-c13a-48e1-900e-e8036a382b3c,65415ac9-fc97-471a-b17f-1340c7b1b55a,40.05,Conversion,CONV-1776254469130,Stock Conversion (Destination),2026-04-15 18:59:59.999+00,2026-04-15 12:01:09.814755+00,,
f10f3291-a7ed-49ed-94a1-e101bf568ccf,8851e237-ca39-487c-a35f-e28fe711d32c,-1000,Sale,INV-2026-04-00325||/sales/invoices/efb2d5c6-854f-43ae-8955-089f0dccf5ca||line:e2beaae9-505e-49cd-b5e8-7b7b75e5c60b,Premium Maida - 50,2026-04-13 19:00:00+00,2026-04-16 07:32:49.552729+00,,
706b247d-1f02-4654-a83a-8cb272c7e1da,18568477-1a69-413a-b5bd-94333c860750,-17000,Sale,INV-2026-04-00342||/sales/invoices/6a547674-4aa7-43ec-89b4-1489ea3539c9||line:bb040e77-689b-460c-bde4-2fd050c98f35,Premium Bran - 34,2026-04-15 19:00:00+00,2026-04-17 11:59:36.179151+00,,
9829708d-ec3d-492e-ac47-670245d0f2fc,29f97aa5-e538-4261-b69f-6b1a394015c9,358,Purchase,PO-2026-04-00042||/purchase/a10068fd-de8c-4ac5-9c5a-6252382f08b7/edit||line:699f0f42-b6eb-4b9b-ad7c-6e26ff976847,Wheat Bardana,2026-04-18 18:59:59.999+00,2026-04-18 12:26:06.813516+00,,
14050e20-27ab-4b11-bb50-6ab0fede8225,8851e237-ca39-487c-a35f-e28fe711d32c,-6000,Sale,INV-2026-04-00361||/sales/invoices/7c4ee7b9-def2-476a-9274-b5598d185ec3||line:14ba353f-659b-4652-a524-3dd538a09305,Premium Maida - 50,2026-04-19 19:00:00+00,2026-04-20 10:40:36.669542+00,,
55989a81-a1ed-48d4-911d-17046d078ff2,c6b76b35-74b4-4b7d-aa4d-e473698b2f81,-40,Sale,INV-2026-04-00370||/sales/invoices/9fa649b7-a3ca-4a07-b2d5-0b8f3da68c05||line:941397ed-4669-414a-8b12-3e2001e72428,Al-Qamar Atta - 20,2026-04-21 19:00:00+00,2026-04-23 05:25:01.953394+00,,
1ca47626-2f62-4aa1-bdac-9f5dbb348b00,a40b07a6-2948-489d-8dec-5e206ba38989,7,Conversion,CONV-1776949895032,Stock Conversion (Destination),2026-04-23 18:59:59.999+00,2026-04-23 13:11:35.627506+00,,
ebc9c888-2e91-4810-a6b9-e93c29cc1a77,c8ca813c-e4be-428e-aef8-503eeeb948b7,-92,Conversion,CONV-1776949953207,Packaging for 50,2026-04-23 18:59:59.999+00,2026-04-23 13:12:33.678021+00,,
65931fd3-fccc-4959-9d25-fe1c1a56853e,d23536f3-0d86-4dcd-934e-9085566d4dc7,76.4,Purchase,PO-2026-04-00050||/purchase/e1f2e1bb-e452-4593-af5c-2a48e3dd8274/edit||line:3aaab37d-723a-4d74-b669-2c379d7c5385,Wheat - Kaat,2026-04-24 18:59:59.999+00,2026-04-24 12:35:21.849295+00,,
5c68ef2d-e622-48c8-908d-c71844b4b465,1066c1db-bbd7-4256-a751-f5cbf463f8a3,-3000,Sale,INV-2026-04-00380||/sales/invoices/12aad60e-b82b-4ec6-8adb-c032628d33a7||line:0155766a-f1bb-49e7-8d71-3b4dfd47359b,Al-Qamar Atta - 15,2026-04-23 19:00:00+00,2026-04-25 06:03:59.029076+00,,
fb7b7e9d-d5b9-49cd-9ecd-ce78e5c55da7,d23536f3-0d86-4dcd-934e-9085566d4dc7,62127.45,Purchase,PO-2026-04-00053||/purchase/96addbda-bbba-4b15-a72e-baa8b8a05c70/edit||line:80f99456-a8b7-430b-af07-f2835842608b,Wheat,2026-04-25 18:59:59.999+00,2026-04-28 11:46:42.442732+00,,
9a36fea1-4c78-4901-8e62-1d9b50c038e9,29f97aa5-e538-4261-b69f-6b1a394015c9,1255,Purchase,PO-2026-04-00053||/purchase/96addbda-bbba-4b15-a72e-baa8b8a05c70/edit||line:a97b1a49-1ccf-4a2f-90f4-2d1f57bb3e95,Wheat Bardana,2026-04-25 18:59:59.999+00,2026-04-28 11:46:42.807262+00,,
7c3f9169-318d-4b16-a6b4-ff64ad620b30,d23536f3-0d86-4dcd-934e-9085566d4dc7,627.55,Purchase,PO-2026-04-00053||/purchase/96addbda-bbba-4b15-a72e-baa8b8a05c70/edit||line:96db5227-ac33-4881-8a2e-9d18d5132d98,Wheat - Kaat,2026-04-25 18:59:59.999+00,2026-04-28 11:46:43.301023+00,,
a9cb2403-2d5a-4ea0-b020-af8055978d99,d23536f3-0d86-4dcd-934e-9085566d4dc7,-23540,Production,MO-2026-04-00043||/production/9f8324ba-f731-414b-9b84-b141171f51d4/edit||comp:a9edbaa3-53e1-44a4-bea2-a75729ead674,Component Consumption,2026-04-29 18:59:59.999+00,2026-04-29 07:58:43.240353+00,,
af0c8ef3-d45f-42b2-a2a0-84ac1e68257a,da5c9701-b165-4fcf-85ac-7d8abfba8e6b,-80,Production,MO-2026-03-00015||/production/0322e1a3-f780-462a-b81f-03619dbee5b3/edit,Component Consumption,2026-03-14 06:45:17.288+00,2026-03-16 06:45:17.298031+00,,
c16accc2-b608-431d-8356-2dbbe7e3a789,8b945707-4cb1-4e34-8d12-92da06120bd2,-36,Production,MO-2026-03-00015||/production/0322e1a3-f780-462a-b81f-03619dbee5b3/edit,Component Consumption,2026-03-14 06:45:17.616+00,2026-03-16 06:45:17.628071+00,,
52a8a21d-1ee2-4a2b-9a7d-b23d3a52f9c5,2725799f-a307-4777-8b00-84f03278ab57,-150,Production,MO-2026-03-00015||/production/0322e1a3-f780-462a-b81f-03619dbee5b3/edit,Component Consumption,2026-03-14 06:45:17.952+00,2026-03-16 06:45:17.961165+00,,
34f8845f-a386-4af2-b82e-5e16e2d051ea,2c981082-c3ab-47b1-99c3-c34fe22ee02c,2880,Production,MO-2026-03-00015||/production/0322e1a3-f780-462a-b81f-03619dbee5b3/edit,Finished Goods Production,2026-03-14 06:45:19.01+00,2026-03-16 06:45:19.024601+00,,
ad66be12-88e2-4f3c-b4a4-e6e742bf96f6,6e635acf-ca3f-406a-9177-bdaa6406317e,-5,Sale,INV-2026-03-00123||/sales/invoices/264404f8-8969-4460-95b4-7e505d3ebf88||line:f3862bf0-1306-4c7f-8706-8bc8404ca1fe,Premium Fine - 5,2026-03-15 19:00:00+00,2026-03-18 12:22:22.975972+00,,
8367747f-7c0c-495b-921d-7d97ba8adbf8,e646adf3-e04a-4919-8dd4-d53927f5584b,-1000,Sale,INV-2026-03-00145||/sales/invoices/ad982cd3-0d39-48fc-80aa-ac7b25837cdb||line:3452e616-345b-47e8-94c6-2422e341945c,Al-Qamar Atta(Green) - 10,2026-03-17 19:00:00+00,2026-03-25 12:29:56.937021+00,,
cb66c43e-63a6-49d1-a786-7f08e6aa5d44,396eef73-791a-465c-ae17-b78505b08d5f,-50,Sale,INV-2026-03-00145||/sales/invoices/ad982cd3-0d39-48fc-80aa-ac7b25837cdb||line:58d22b16-046c-4ec1-a63c-f72f6bf6cfba,Premium Pizza Flour - 10,2026-03-17 19:00:00+00,2026-03-25 12:29:57.874365+00,,
1f762171-f55d-436b-87e3-eaaeb331db24,d23536f3-0d86-4dcd-934e-9085566d4dc7,117.1,Purchase,PO-2026-04-00043||/purchase/9cd62f46-5ae8-4faf-b966-225fd125b308/edit||line:e2f78095-7bf6-48bb-a7c6-c8d613b9ac6f,Wheat - Kaat,2026-04-18 18:59:59.999+00,2026-04-18 12:28:03.838425+00,,
8df5ce80-66b0-459b-81b4-becc22038cfc,e560c8fd-332b-48cb-b7de-125a590bcb0c,1280,Conversion,CONV-1774934016712,Stock Conversion (Destination),2026-03-31 18:59:59.999+00,2026-03-31 05:13:37.796253+00,,
05a37e29-6a38-4a17-9305-7687c24f6cb3,8b945707-4cb1-4e34-8d12-92da06120bd2,-50,Production,MO-2026-04-00020||/production/176985d7-67dd-464e-b23f-dc2dc578ea42/edit||comp:a527d76a-1050-416b-9869-5dc8c0d8b80b,Component Consumption,2026-04-02 18:59:59.999+00,2026-04-09 10:36:27.729169+00,,
c27b59ce-e40f-403f-9978-f14843e8f927,18568477-1a69-413a-b5bd-94333c860750,4114,Production,MO-2026-04-00020||/production/176985d7-67dd-464e-b23f-dc2dc578ea42/edit||fg:234bd8f7-ef08-4f3c-a53c-1bb2fb91f91e,Finished Goods Production,2026-04-02 18:59:59.999+00,2026-04-09 10:36:28.966844+00,,
41605402-b1c8-494e-81e4-6cb22f7143fb,a6707819-7f9c-4968-ad8e-badfec24bef2,2640,Production,MO-2026-04-00020||/production/176985d7-67dd-464e-b23f-dc2dc578ea42/edit||fg:3162543e-22d8-4d72-8af2-6e5066aa7619,Finished Goods Production,2026-04-02 18:59:59.999+00,2026-04-09 10:36:30.354767+00,,
825cd605-9edd-40a4-811e-a9f105d2ad0b,8b945707-4cb1-4e34-8d12-92da06120bd2,-62,Production,MO-2026-04-00023||/production/b23dbd33-ea54-47d2-b55a-9a44cdbad67f/edit||comp:68b1d90d-9ef3-4d48-8c46-63f85febda1e,Component Consumption,2026-04-06 18:59:59.999+00,2026-04-09 13:58:21.476305+00,,
b39a075b-3335-4ccc-9f53-37695459db45,18568477-1a69-413a-b5bd-94333c860750,5270,Production,MO-2026-04-00023||/production/b23dbd33-ea54-47d2-b55a-9a44cdbad67f/edit||fg:408521f3-8027-41fc-a349-141d3e53dc83,Finished Goods Production,2026-04-06 18:59:59.999+00,2026-04-09 13:58:22.663428+00,,
d4b30ab9-d4dc-4ef0-aa57-af5c431324fd,2c981082-c3ab-47b1-99c3-c34fe22ee02c,4960,Production,MO-2026-04-00023||/production/b23dbd33-ea54-47d2-b55a-9a44cdbad67f/edit||fg:232c77d7-a284-42fd-a1e8-755b74cfced3,Finished Goods Production,2026-04-06 18:59:59.999+00,2026-04-09 13:58:24.079003+00,,
74bbc279-3263-4cf5-8149-f5bd3ade86e9,1066c1db-bbd7-4256-a751-f5cbf463f8a3,-1500,Sale,INV-2026-04-00181||/sales/invoices/a3ce0780-1df1-45a9-b5e7-ae2f198acd3a||line:5e91450d-fcfa-4d52-ae96-c412ab207fb1,Al-Qamar Atta - 15,2026-03-31 19:00:00+00,2026-04-10 12:12:00.182117+00,,
27904dd3-6b1c-4bf7-b882-5bed70147490,a6707819-7f9c-4968-ad8e-badfec24bef2,-1000,Sale,INV-2026-04-00181||/sales/invoices/a3ce0780-1df1-45a9-b5e7-ae2f198acd3a||line:8d0a4fe4-2a09-4a7b-81d9-24b5deedf08b,Al-Qamar Atta(Green) - 20,2026-03-31 19:00:00+00,2026-04-10 12:12:00.463517+00,,
9cab67a2-2bd7-4bcf-877f-db5b34e79ed4,1066c1db-bbd7-4256-a751-f5cbf463f8a3,-3000,Sale,INV-2026-04-00204||/sales/invoices/b75fe10f-5b82-4ba4-a8da-9492e18eb314||line:cdca6a5b-c5c6-415c-9403-a3f57457c315,Al-Qamar Atta - 15,2026-04-02 19:00:00+00,2026-04-10 13:36:39.182436+00,,
3f5944bc-68d0-43e4-b1fa-54db22c758f6,a6707819-7f9c-4968-ad8e-badfec24bef2,-1980,Conversion,CONV-1775902697665,Stock Conversion (Source),2026-04-11 18:59:59.999+00,2026-04-11 10:18:18.358655+00,,
e7c9ebd8-3d6c-4757-9c9f-0f06bd44f7b3,e646adf3-e04a-4919-8dd4-d53927f5584b,1980,Conversion,CONV-1775902697665,Stock Conversion (Destination),2026-04-11 18:59:59.999+00,2026-04-11 10:18:19.044967+00,,
649d2ddf-05db-4a21-8241-872131a56486,a6707819-7f9c-4968-ad8e-badfec24bef2,-40,Sale,INV-2026-04-00247||/sales/invoices/e9cbad97-85d0-4d1b-8d7b-d72a9271f3d9||line:f1cb7dfd-d18e-4964-81e6-ed15f62026d1,Al-Qamar Atta(Green) - 20,2026-04-06 19:00:00+00,2026-04-11 11:33:22.334901+00,,
69503b74-2570-4cd6-8ed8-f63545c6eef5,937ec71e-d35e-4c0a-b48a-7e72d77e86c1,-1500,Sale,INV-2026-04-00270||/sales/invoices/fd5b6f8b-20e7-4691-b836-ac59331edf4f||line:9f281f70-dae9-4452-b405-5b1cd5f31fc7,Al-Qamar Atta(Silver) - 15,2026-04-08 19:00:00+00,2026-04-11 12:21:38.448628+00,,
81a2c418-8395-4582-bb4a-e03161dd1403,937ec71e-d35e-4c0a-b48a-7e72d77e86c1,-3750,Sale,INV-2026-04-00286||/sales/invoices/9bf69e2d-1f9e-41b4-9b93-8e87c39b9499||line:556d8e40-c3c3-40f2-8d31-183a25c4b3ae,Al-Qamar Atta(Silver) - 15,2026-04-10 19:00:00+00,2026-04-11 13:22:22.476932+00,,
5a002fca-19b8-419c-8662-55576c25ec95,a6707819-7f9c-4968-ad8e-badfec24bef2,-1000,Sale,INV-2026-04-00305||/sales/invoices/d3bdd866-4d7a-4066-a08e-c32fe158fe3c||line:cf9c4e3d-08dc-496a-a757-45f974cae8c9,Al-Qamar Atta(Green) - 20,2026-04-10 19:00:00+00,2026-04-15 05:41:23.529106+00,,
fc41045a-51ee-40f8-b2f2-861d858c90f8,e560c8fd-332b-48cb-b7de-125a590bcb0c,-3200,Conversion,CONV-1776254569600,Stock Conversion (Source),2026-04-15 18:59:59.999+00,2026-04-15 12:02:50.213501+00,,
bcdc0d21-f21c-4789-8e6b-ea9a441e6639,937ec71e-d35e-4c0a-b48a-7e72d77e86c1,-600,Sale,INV-2026-04-00326||/sales/invoices/9b585652-4019-412f-a445-c63ca3c7431e||line:086dee05-2067-4ac6-8ef8-258b6a8dbb46,Al-Qamar Atta(Silver) - 15,2026-04-13 19:00:00+00,2026-04-16 07:34:06.043155+00,,
72f85ef3-e89b-44d9-a8e6-d3859b255e22,d23536f3-0d86-4dcd-934e-9085566d4dc7,-24741,Production,MO-2026-04-00033||/production/afcc1942-e3e9-486e-8c8f-5328365e11cc/edit||comp:b35fea32-ab4f-4f17-b4da-b7f1e4c51800,Component Consumption,2026-04-17 18:59:59.999+00,2026-04-17 12:24:20.140068+00,,
a4f7e6ba-804a-4671-bc10-0f10d8aba44d,da5c9701-b165-4fcf-85ac-7d8abfba8e6b,-174,Production,MO-2026-04-00033||/production/afcc1942-e3e9-486e-8c8f-5328365e11cc/edit||comp:d0c017b4-f0c3-4693-baf6-3a48fbe0aa6b,Component Consumption,2026-04-17 18:59:59.999+00,2026-04-17 12:24:20.490196+00,,
bc4e2cee-7516-4c88-991d-72634f1d4947,65415ac9-fc97-471a-b17f-1340c7b1b55a,-119,Production,MO-2026-04-00033||/production/afcc1942-e3e9-486e-8c8f-5328365e11cc/edit||comp:d4cdf2cb-66e1-4ae4-984d-9a064801e91d,Component Consumption,2026-04-17 18:59:59.999+00,2026-04-17 12:24:20.742877+00,,
b4c167e0-4833-4acc-a285-5ad670db514d,8b945707-4cb1-4e34-8d12-92da06120bd2,-52,Production,MO-2026-04-00033||/production/afcc1942-e3e9-486e-8c8f-5328365e11cc/edit||comp:1b827cde-975b-451b-ad74-27eb5e9b5e40,Component Consumption,2026-04-17 18:59:59.999+00,2026-04-17 12:24:21.061355+00,,
8a2c6318-8b72-4fbe-8197-f73981473805,a40b07a6-2948-489d-8dec-5e206ba38989,-343,Production,MO-2026-04-00033||/production/afcc1942-e3e9-486e-8c8f-5328365e11cc/edit||comp:da0df867-5a4f-4869-8d3f-d195d37d2d25,Component Consumption,2026-04-17 18:59:59.999+00,2026-04-17 12:24:21.345205+00,,
91a8339f-2d93-42c8-873e-2b64a4d892c1,e560c8fd-332b-48cb-b7de-125a590bcb0c,9520,Production,MO-2026-04-00033||/production/afcc1942-e3e9-486e-8c8f-5328365e11cc/edit||fg:39cf1a2c-dba7-4a4a-9ad1-c8f45c63610e,Finished Goods Production,2026-04-17 18:59:59.999+00,2026-04-17 12:24:22.417945+00,,
22d1e9e9-d832-4d1e-a36c-9ecc84af74a2,d23536f3-0d86-4dcd-934e-9085566d4dc7,11592.9,Purchase,PO-2026-04-00043||/purchase/9cd62f46-5ae8-4faf-b966-225fd125b308/edit||line:56d84e2b-7b86-4b1f-9382-126bf5b8959d,Wheat,2026-04-18 18:59:59.999+00,2026-04-18 12:28:03.016803+00,,
51e2042b-be56-441a-9f7d-7e8d88398bae,2c981082-c3ab-47b1-99c3-c34fe22ee02c,-2000,Sale,INV-2026-04-00362||/sales/invoices/5b3edbbb-f3bf-471c-85be-8beaaf9d00e2||line:86ac504e-a7a7-4c12-a346-f3a244d6ae60,Premium Fine - 80,2026-04-19 19:00:00+00,2026-04-20 10:41:20.373978+00,,
9477ad33-743d-4da7-86ea-16e98bb93159,aa74113c-9bfa-4286-875a-82d02a6e0f47,-10,Sale,INV-2026-04-00371||/sales/invoices/478dc5fe-6672-4c3e-a07d-420d9036dde5||line:44376bd6-e7c5-42f3-a61c-fd116f263d21,Al-Qamar Atta - 10,2026-04-21 19:00:00+00,2026-04-23 05:31:42.168792+00,,
24e9ab0c-b562-4a08-9037-0d00c8a4266b,a48054e2-5d92-4162-8afa-6a9565b697ea,-105,Conversion,CONV-1776949921616,Stock Conversion (Source),2026-04-23 18:59:59.999+00,2026-04-23 13:12:02.429767+00,,
9ff05f11-13cd-4f10-9a6c-52024c425d9e,1066c1db-bbd7-4256-a751-f5cbf463f8a3,105,Conversion,CONV-1776949921616,Stock Conversion (Destination),2026-04-23 18:59:59.999+00,2026-04-23 13:12:03.331634+00,,
68d03e00-5ca7-4b14-84d4-1a33677cf45b,e560c8fd-332b-48cb-b7de-125a590bcb0c,5200,Production,MO-2026-03-00015||/production/0322e1a3-f780-462a-b81f-03619dbee5b3/edit,Finished Goods Production,2026-03-14 06:45:18.683+00,2026-03-16 06:45:18.692775+00,,
0819091b-6c3e-4ab4-b549-8393db2c612e,e646adf3-e04a-4919-8dd4-d53927f5584b,-500,Sale,INV-2026-03-00124||/sales/invoices/f5845dfe-dfa1-453d-9cc1-725f0d3a6bcb||line:3042d622-9300-4de7-bda3-bb2a0f66a108,Al-Qamar Atta(Green) - 10,2026-03-15 19:00:00+00,2026-03-18 12:24:16.26498+00,,
d1fb190b-06b9-482a-83d4-c93bf5b9db18,a6707819-7f9c-4968-ad8e-badfec24bef2,-1000,Sale,INV-2026-03-00145||/sales/invoices/ad982cd3-0d39-48fc-80aa-ac7b25837cdb||line:eb86230e-acc7-494e-bf7e-38a254defb71,Al-Qamar Atta(Green) - 20,2026-03-17 19:00:00+00,2026-03-25 12:29:57.314194+00,,
3b141cc8-1f96-4309-bd13-74737557f5e0,2c981082-c3ab-47b1-99c3-c34fe22ee02c,-4800,Sale,INV-2026-03-00164||/sales/invoices/cb23dbf1-eaf9-4b47-b709-9d52653c095d||line:e1fb6153-cf48-4248-ae64-7304fa7bfa8a,Premium Fine - 80,2026-03-24 19:00:00+00,2026-03-28 10:40:32.7221+00,,
262313e0-ed6e-4949-8f16-91594fa68879,5ffd5921-5ad2-4d30-b598-4337f1a39464,-700,Sale,INV-2026-03-00177||/sales/invoices/aa697e5a-d2ac-4f28-8de3-0928b2c6aa60||line:6744550e-8d01-42d5-bce7-5468ad1bc9dc,Premium Atta - 20,2026-03-29 19:00:00+00,2026-03-31 05:15:33.501092+00,,
5d720d79-43b8-484c-bed5-926d020d7435,b2f8974f-ab3c-4880-a03d-6d3b29d26c57,-85,Production,MO-2026-04-00020||/production/176985d7-67dd-464e-b23f-dc2dc578ea42/edit||comp:3c35c367-6feb-44a4-bf3a-47c17bd0903e,Component Consumption,2026-04-02 18:59:59.999+00,2026-04-09 10:36:27.98763+00,,
be504fd8-33c1-451c-9467-7d34bfafef7e,b2f8974f-ab3c-4880-a03d-6d3b29d26c57,-197,Production,MO-2026-04-00023||/production/b23dbd33-ea54-47d2-b55a-9a44cdbad67f/edit||comp:dc85ee9c-86ae-44fa-9de7-344d880dc832,Component Consumption,2026-04-06 18:59:59.999+00,2026-04-09 13:58:21.724792+00,,
70de6733-8d48-4472-930b-90b8b31f1422,5ffd5921-5ad2-4d30-b598-4337f1a39464,-2000,Sale,INV-2026-04-00182||/sales/invoices/f49f7c1e-2724-4b41-8440-c752c71e7c31||line:6f605dd5-fdbd-4906-bdbd-15f2bd7828fb,Premium Atta - 20,2026-03-31 19:00:00+00,2026-04-10 12:13:50.121736+00,,
a9c3ee72-84c5-4b9b-ae13-5f36f6c955f2,8851e237-ca39-487c-a35f-e28fe711d32c,-1000,Sale,INV-2026-04-00204||/sales/invoices/b75fe10f-5b82-4ba4-a8da-9492e18eb314||line:8ad60b2d-c767-49dc-a6aa-cf6457190f65,Premium Maida - 50,2026-04-02 19:00:00+00,2026-04-10 13:36:39.454341+00,,
308a7f34-f560-4c60-a6f6-c0f3e9642fdd,b2f8974f-ab3c-4880-a03d-6d3b29d26c57,-198,Conversion,CONV-1775902697665,Packaging for 10,2026-04-11 18:59:59.999+00,2026-04-11 10:18:18.884188+00,,
33df507e-1002-4b14-8c69-f31ba1e0b393,e646adf3-e04a-4919-8dd4-d53927f5584b,-1400,Sale,INV-2026-04-00248||/sales/invoices/8d60cf88-793a-495f-83fa-96192c3a4ac7||line:c9ae7024-0ad6-4c55-be31-f94db804e13c,Al-Qamar Atta(Green) - 10,2026-04-06 19:00:00+00,2026-04-11 11:35:29.327448+00,,
478b2223-34ed-4d47-bb52-c416821967ef,2c981082-c3ab-47b1-99c3-c34fe22ee02c,-3200,Sale,INV-2026-04-00270||/sales/invoices/fd5b6f8b-20e7-4691-b836-ac59331edf4f||line:07e11d59-e36a-4b8c-a365-e4f5e00e6f45,Premium Fine - 80,2026-04-08 19:00:00+00,2026-04-11 12:21:38.895469+00,,
1e32827e-2ee3-4aca-bd81-c27e0ea93623,2c981082-c3ab-47b1-99c3-c34fe22ee02c,-4000,Sale,INV-2026-04-00286||/sales/invoices/9bf69e2d-1f9e-41b4-9b93-8e87c39b9499||line:f9a2fb65-ba2a-4e42-a51e-0cd40c8858e1,Premium Fine - 80,2026-04-10 19:00:00+00,2026-04-11 13:22:22.781173+00,,
9e86e906-e9fc-4512-9eb5-412b72ba89dc,937ec71e-d35e-4c0a-b48a-7e72d77e86c1,-4305,Sale,INV-2026-04-00305||/sales/invoices/d3bdd866-4d7a-4066-a08e-c32fe158fe3c||line:b4647fe9-6ffe-45c9-a2ce-0c341f80ef84,Al-Qamar Atta(Silver) - 15,2026-04-10 19:00:00+00,2026-04-15 05:41:24.006073+00,,
6ba6cbfb-4853-4056-83ce-85055c90e976,c8ca813c-e4be-428e-aef8-503eeeb948b7,-64,Conversion,CONV-1776254569600,Packaging for 50,2026-04-15 18:59:59.999+00,2026-04-15 12:02:50.471979+00,,
0fbea82c-73fc-4b1c-8d75-73127224aed4,2c981082-c3ab-47b1-99c3-c34fe22ee02c,-160,Sale,INV-2026-04-00327||/sales/invoices/cedf3ce1-b8b4-453d-8e0a-86a1906b75fe||line:f8f08ee3-4d32-439f-a72d-2bff7ddeec0c,Premium Fine - 80,2026-04-14 19:00:00+00,2026-04-16 07:41:48.717692+00,,
395532e2-589a-4e75-8218-eae587063f8b,2c981082-c3ab-47b1-99c3-c34fe22ee02c,-2960,Sale,INV-2026-04-00329||/sales/invoices/75b93606-6cdf-4b74-8ac7-2b1f0e6ce209||line:6ee102c8-11b4-4872-a159-27088ae2e750,Premium Fine - 80,2026-04-14 19:00:00+00,2026-04-16 07:45:27.012924+00,,
327786b8-7e68-4552-8af9-b3f2fb5c4cef,18568477-1a69-413a-b5bd-94333c860750,5916,Production,MO-2026-04-00033||/production/afcc1942-e3e9-486e-8c8f-5328365e11cc/edit||fg:39ea51ff-10f3-48af-b7c2-13acb07179e6,Finished Goods Production,2026-04-17 18:59:59.999+00,2026-04-17 12:24:21.970432+00,,
372cca2b-2631-44da-b1fe-34122279168d,29f97aa5-e538-4261-b69f-6b1a394015c9,235,Purchase,PO-2026-04-00043||/purchase/9cd62f46-5ae8-4faf-b966-225fd125b308/edit||line:23f8d24f-75b0-4a18-90c3-65fb236e7268,Wheat Bardana,2026-04-18 18:59:59.999+00,2026-04-18 12:28:03.452293+00,,
018d4639-e8ca-4be7-9d06-9a252f25b1ef,1066c1db-bbd7-4256-a751-f5cbf463f8a3,-3375,Sale,INV-2026-04-00363||/sales/invoices/e715ca35-8807-4c08-9afe-34d05b030803||line:616803e0-c25e-4ed5-9212-db6a12817578,Al-Qamar Atta - 15,2026-04-19 19:00:00+00,2026-04-20 10:42:28.373202+00,,
265d2353-2590-4c58-af63-600c37c54fc9,2c981082-c3ab-47b1-99c3-c34fe22ee02c,2560,Sale Return,SCN-2026-04-00089||/sales/credit-notes/46dcfec4-a5c0-45b0-8a2c-a5a4f1c6fa67||line:84a93ef1-dfae-4eeb-a8f0-c5b009fb6157,Customer Return: Returns,2026-04-17 18:59:59.999+00,2026-04-23 07:13:16.35462+00,,
cde7c10c-0ed8-46ea-8bca-29242445a785,a40b07a6-2948-489d-8dec-5e206ba38989,-7,Conversion,CONV-1776949921616,Packaging for 15,2026-04-23 18:59:59.999+00,2026-04-23 13:12:03.090969+00,,
7dcf0f00-0884-48cd-b3ce-8dc130ecd96f,2940757a-5bfb-4470-88bb-7346e6738f71,-90,Conversion,CONV-1777092924296,Stock Conversion (Source),2026-04-25 18:59:59.999+00,2026-04-25 04:55:24.673255+00,,
6ac4c1c1-0a58-4c6d-9a50-1be21981ce1d,1066c1db-bbd7-4256-a751-f5cbf463f8a3,-3000,Sale,INV-2026-04-00381||/sales/invoices/e8705b2f-ee98-404c-9a91-d0502414e1cf||line:c0de979a-77fa-4393-8a23-233a74c1bda9,Al-Qamar Atta - 15,2026-04-23 19:00:00+00,2026-04-25 06:05:09.381117+00,,
f42bc576-f224-47c5-8e12-7016a5fe11ef,d23536f3-0d86-4dcd-934e-9085566d4dc7,32011.65,Purchase,PO-2026-04-00054||/purchase/79ace761-5549-4b24-9ec5-95cfa3f7e881/edit||line:afcbac55-3799-4794-b4b3-afdf77bb244e,Wheat,2026-04-28 18:59:59.999+00,2026-04-28 11:49:38.556243+00,,
ba4f2766-1d0c-43d3-9269-d668626d7912,29f97aa5-e538-4261-b69f-6b1a394015c9,646,Purchase,PO-2026-04-00054||/purchase/79ace761-5549-4b24-9ec5-95cfa3f7e881/edit||line:d524f838-a390-4f7c-b12d-650c339a101c,Wheat Bardana,2026-04-28 18:59:59.999+00,2026-04-28 11:49:38.983435+00,,
47eb2c94-d1a9-422d-94ba-903e98f07b93,d23536f3-0d86-4dcd-934e-9085566d4dc7,323.35,Purchase,PO-2026-04-00054||/purchase/79ace761-5549-4b24-9ec5-95cfa3f7e881/edit||line:cc74ab4c-a28e-4298-81a8-9750a77d297a,Wheat - Kaat,2026-04-28 18:59:59.999+00,2026-04-28 11:49:39.258271+00,,
5b362cc2-45ec-4fe9-9f00-83d06b96c389,a40b07a6-2948-489d-8dec-5e206ba38989,-338,Production,MO-2026-04-00043||/production/9f8324ba-f731-414b-9b84-b141171f51d4/edit||comp:69112016-215b-4228-b3ce-46de65459f4c,Component Consumption,2026-04-29 18:59:59.999+00,2026-04-29 07:58:43.397026+00,,
5b8a2e8b-04e5-4c99-b559-80d9b0e11322,2c981082-c3ab-47b1-99c3-c34fe22ee02c,-1200,Sale,INV-2026-04-00394||/sales/invoices/cc20abca-8ed2-4184-8bb9-ff171c63abc5||line:b0e07de9-d5de-4106-b6f9-f76abb81d492,Premium Fine - 80,2026-04-26 19:00:00+00,2026-04-29 15:37:16.429261+00,,
e47f9ccf-05c9-43e9-a6fd-1a2f0e57b497,29a0bdd8-7ec8-49aa-94e2-3abc24a5fe6d,-4,Production,MO-2026-04-00044||/production/d223d015-df1d-40eb-9b34-6e81263f4249/edit||comp:df04ce71-0864-4a3b-8cd5-b3e907ff1cc4,Component Consumption,2026-04-30 18:59:59.999+00,2026-04-30 10:37:43.832331+00,,
b0a304af-561c-43c0-b5a3-13941634e6da,3fbbd2fb-4cd6-40e6-8856-26ef2c823bc5,5490,Production,MO-2026-04-00044||/production/d223d015-df1d-40eb-9b34-6e81263f4249/edit||fg:59059851-8bf7-43fb-b906-cfd49a0c5fc9,Finished Goods Production,2026-04-30 18:59:59.999+00,2026-04-30 10:37:45.633094+00,,
194c23ed-7619-4f80-8786-4eaa90bef43f,e560c8fd-332b-48cb-b7de-125a590bcb0c,6560,Production,MO-2026-04-00044||/production/d223d015-df1d-40eb-9b34-6e81263f4249/edit||fg:88e192b7-adef-4a71-9956-bcd639163e0c,Finished Goods Production,2026-04-30 18:59:59.999+00,2026-04-30 10:37:46.374725+00,,
f9e104e2-b633-4faf-824a-ac7408982cac,3fbbd2fb-4cd6-40e6-8856-26ef2c823bc5,-6000,Sale,INV-2026-04-00405||/sales/invoices/2cf6b801-f3e4-478b-9c46-a9fd5be417d2||line:771a3f3c-c61c-42bd-8085-6dc03a9caeb0,Premium Atta - 15,2026-04-26 19:00:00+00,2026-04-30 15:39:46.160895+00,,
d29a5507-fac9-4742-b24a-c1ae6e7dac6e,3fbbd2fb-4cd6-40e6-8856-26ef2c823bc5,-1995,Sale,INV-2026-04-00417||/sales/invoices/c4fa37a8-be0c-4a7f-92a9-4c22aef1be66||line:82f4cd16-fbff-438b-a834-7d9b4b4409ad,Premium Atta - 15,2026-04-29 19:00:00+00,2026-04-30 16:04:54.832353+00,,
b2671ddf-cf65-44c1-b95a-ebb721131025,c8ca813c-e4be-428e-aef8-503eeeb948b7,-88,Conversion,CONV-1777571791415,Packaging for 50,2026-04-30 18:59:59.999+00,2026-04-30 17:56:32.640328+00,,
1f8b082d-3c04-4adb-bcff-ea2c1f0dd1d2,d9964e90-72ce-482b-8a17-7651628e223e,0,Adjustment,REF-2026-05-01255,Extracted from Wheat Cleaning,2026-04-30 18:59:59.999+00,2026-05-01 05:20:34.984449+00,,
19c0d7c3-0c60-4b68-ade7-00a6b5f786fd,d23536f3-0d86-4dcd-934e-9085566d4dc7,70750.35,Purchase,PO-2026-05-00059||/purchase/e7fd1475-7056-45fe-b3ac-75fda5ff5ee5/edit||line:e5c5580d-75b8-475c-bd89-6e493aaace0d,Wheat,2026-05-02 18:59:59.999+00,2026-05-02 08:25:00.828141+00,,
1278e417-82f1-4005-8668-82101c093433,e646adf3-e04a-4919-8dd4-d53927f5584b,2000,Production,MO-2026-03-00015||/production/0322e1a3-f780-462a-b81f-03619dbee5b3/edit,Finished Goods Production,2026-03-14 06:45:19.295+00,2026-03-16 06:45:19.303061+00,,
cb417c5a-c726-41d2-99f6-c67cf54cacab,a6707819-7f9c-4968-ad8e-badfec24bef2,-4000,Sale,INV-2026-03-00124||/sales/invoices/f5845dfe-dfa1-453d-9cc1-725f0d3a6bcb||line:aaccff6a-388c-4256-9848-0c9d0f887dff,Al-Qamar Atta(Green) - 20,2026-03-15 19:00:00+00,2026-03-18 12:24:16.582684+00,,
6a86b32c-7558-4bc6-beef-906b6b1af594,2c981082-c3ab-47b1-99c3-c34fe22ee02c,-480,Sale,INV-2026-03-00145||/sales/invoices/ad982cd3-0d39-48fc-80aa-ac7b25837cdb||line:7de120e9-8a3c-4345-b172-82032b58fd04,Premium Fine - 80,2026-03-17 19:00:00+00,2026-03-25 12:29:57.607751+00,,
b1e903c5-892c-44ee-8d0e-6883ec1d206e,8851e237-ca39-487c-a35f-e28fe711d32c,-750,Sale,INV-2026-03-00177||/sales/invoices/aa697e5a-d2ac-4f28-8de3-0928b2c6aa60||line:0d2740ae-8928-41f6-9ac1-03361835ccbe,Premium Maida - 50,2026-03-29 19:00:00+00,2026-03-31 05:15:33.815526+00,,
c92bad0a-79f3-45dd-82b7-428c1467fd7f,2725799f-a307-4777-8b00-84f03278ab57,-132,Production,MO-2026-04-00020||/production/176985d7-67dd-464e-b23f-dc2dc578ea42/edit||comp:a4091555-ea0d-4c77-94e4-84182677e0f0,Component Consumption,2026-04-02 18:59:59.999+00,2026-04-09 10:36:28.231827+00,,
5c06725d-979b-4671-903a-885fdeef87a9,e646adf3-e04a-4919-8dd4-d53927f5584b,850,Production,MO-2026-04-00020||/production/176985d7-67dd-464e-b23f-dc2dc578ea42/edit||fg:987e1a59-206e-4586-bce2-f90f8820a5b0,Finished Goods Production,2026-04-02 18:59:59.999+00,2026-04-09 10:36:30.007624+00,,
16f0ca40-97c0-4fac-b124-717cb44bb410,2725799f-a307-4777-8b00-84f03278ab57,-84,Production,MO-2026-04-00023||/production/b23dbd33-ea54-47d2-b55a-9a44cdbad67f/edit||comp:20cefae1-ffe8-4a8d-9277-d08743aa7369,Component Consumption,2026-04-06 18:59:59.999+00,2026-04-09 13:58:21.963673+00,,
dff8d7e6-0a08-4bf4-8c40-a05853b0b5ec,e560c8fd-332b-48cb-b7de-125a590bcb0c,3200,Production,MO-2026-04-00023||/production/b23dbd33-ea54-47d2-b55a-9a44cdbad67f/edit||fg:10454f0a-9655-4dad-95cf-fda9254154af,Finished Goods Production,2026-04-06 18:59:59.999+00,2026-04-09 13:58:23.716324+00,,
ee8ba7e9-e5df-4593-92f3-e84427863143,937ec71e-d35e-4c0a-b48a-7e72d77e86c1,5595,Production,MO-2026-04-00023||/production/b23dbd33-ea54-47d2-b55a-9a44cdbad67f/edit||fg:c4d9ece1-b818-48f0-8f8e-c81ac4a86300,Finished Goods Production,2026-04-06 18:59:59.999+00,2026-04-09 13:58:25.071544+00,,
fa78c4e0-249e-4c4a-81dd-72a92436d261,2c981082-c3ab-47b1-99c3-c34fe22ee02c,-1600,Sale,INV-2026-04-00182||/sales/invoices/f49f7c1e-2724-4b41-8440-c752c71e7c31||line:7a80ac4d-4abe-4e15-b812-c0c96ce6a863,Premium Fine - 80,2026-03-31 19:00:00+00,2026-04-10 12:13:50.400182+00,,
ead3c628-3c3f-471a-a757-8e43e6f67621,1066c1db-bbd7-4256-a751-f5cbf463f8a3,-1500,Sale,INV-2026-04-00205||/sales/invoices/0cc8dd79-2aed-44aa-bea3-b8371079969d||line:40136fea-c7cf-4a18-a60f-6ced257c5e62,Al-Qamar Atta - 15,2026-04-02 19:00:00+00,2026-04-10 13:37:35.210041+00,,
16e1e344-5042-49e0-b268-0af220d82774,1066c1db-bbd7-4256-a751-f5cbf463f8a3,-2250,Sale,INV-2026-04-00206||/sales/invoices/bc334b01-4a17-453e-834b-f071f73ffab2||line:8d1b953b-19f4-43a1-9554-d6a45b280202,Al-Qamar Atta - 15,2026-04-02 19:00:00+00,2026-04-10 13:38:27.926882+00,,
61e4d521-96e8-46c0-93d7-b1e5997f7765,a6707819-7f9c-4968-ad8e-badfec24bef2,-6180,Conversion,CONV-1775902753482,Stock Conversion (Source),2026-04-11 18:59:59.999+00,2026-04-11 10:19:13.688031+00,,
cde63d20-6a18-4604-b422-8cf66c2695d3,937ec71e-d35e-4c0a-b48a-7e72d77e86c1,6180,Conversion,CONV-1775902753482,Stock Conversion (Destination),2026-04-11 18:59:59.999+00,2026-04-11 10:19:13.996708+00,,
6f7a210e-b9d6-4f4a-b593-0f59b54c1fde,a6707819-7f9c-4968-ad8e-badfec24bef2,-1760,Sale,INV-2026-04-00248||/sales/invoices/8d60cf88-793a-495f-83fa-96192c3a4ac7||line:f793e275-66cd-42f9-a05e-c4993d3e1a8d,Al-Qamar Atta(Green) - 20,2026-04-06 19:00:00+00,2026-04-11 11:35:29.616649+00,,
75575c51-b958-4ab9-93b8-fba4af0f5638,29f97aa5-e538-4261-b69f-6b1a394015c9,-11750,Sale,INV-2026-04-00271||/sales/invoices/7ed513f0-2a29-4de9-8cfe-5ba8d69e96f3||line:7fb17373-1220-42fb-8063-045a9d2c49a9,Wheat Bardana - Standard,2026-04-08 19:00:00+00,2026-04-11 12:24:24.688849+00,,
6d296f3b-5726-43b4-9adc-dab4e000fd38,e560c8fd-332b-48cb-b7de-125a590bcb0c,-1600,Sale,INV-2026-04-00286||/sales/invoices/9bf69e2d-1f9e-41b4-9b93-8e87c39b9499||line:72586449-0c3c-4c08-9c8a-ea68bba6cf5a,Premium Maida - 80,2026-04-10 19:00:00+00,2026-04-11 13:22:23.048203+00,,
e79d10e7-996b-4d85-8716-fc43b23716c5,2c981082-c3ab-47b1-99c3-c34fe22ee02c,-3200,Sale,INV-2026-04-00305||/sales/invoices/d3bdd866-4d7a-4066-a08e-c32fe158fe3c||line:727a88e7-2f70-4578-9876-f6f252505ee3,Premium Fine - 80,2026-04-10 19:00:00+00,2026-04-15 05:41:24.392523+00,,
9377d701-5b99-411d-b44f-71cb8b608026,8851e237-ca39-487c-a35f-e28fe711d32c,3200,Conversion,CONV-1776254569600,Stock Conversion (Destination),2026-04-15 18:59:59.999+00,2026-04-15 12:02:50.582326+00,,
810d59ee-ca6f-4864-826e-3b6e98296d9a,2c981082-c3ab-47b1-99c3-c34fe22ee02c,-800,Sale,INV-2026-04-00328||/sales/invoices/b55ef120-1c44-4444-b8b3-d1e06e51b79e||line:59640e6d-4ad0-45fd-b3ef-771e990e5aaa,Premium Fine - 80,2026-04-14 19:00:00+00,2026-04-16 07:42:45.264498+00,,
110748de-fd59-4a13-ae42-119257a14ebd,2c981082-c3ab-47b1-99c3-c34fe22ee02c,4160,Production,MO-2026-04-00033||/production/afcc1942-e3e9-486e-8c8f-5328365e11cc/edit||fg:07faf134-e512-4b48-974b-879418570ef8,Finished Goods Production,2026-04-17 18:59:59.999+00,2026-04-17 12:24:22.810693+00,,
2fd76b18-553f-48c3-b1ad-dddacbdc409c,c6b76b35-74b4-4b7d-aa4d-e473698b2f81,-40,Sale,INV-2026-04-00356||/sales/invoices/294fec58-045b-444c-80a7-fb73a7b0bced||line:4869f059-8242-45f3-afc2-6f7b97aedb80,Al-Qamar Atta - 20,2026-04-17 19:00:00+00,2026-04-18 13:03:27.575669+00,,
9076fe27-d3a0-40d1-9835-0f9534cdbb58,d23536f3-0d86-4dcd-934e-9085566d4dc7,33531.3,Purchase,PO-2026-04-00044||/purchase/af4098e8-4326-4166-88ea-6559f0ae7fac/edit||line:77a09d49-1bc6-4a3d-80c6-47a066261f9c,Wheat,2026-04-20 18:59:59.999+00,2026-04-21 06:40:46.603215+00,,
51bd8871-f787-4f60-b78e-6a26fab2d2b0,d23536f3-0d86-4dcd-934e-9085566d4dc7,338.7,Purchase,PO-2026-04-00044||/purchase/af4098e8-4326-4166-88ea-6559f0ae7fac/edit||line:bd2ab5d4-fd50-4add-a09c-6c71b297e3f5,Wheat - Kaat,2026-04-20 18:59:59.999+00,2026-04-21 06:40:48.803939+00,,
6cccb22c-48bb-4acc-900b-2c332cb85455,a48054e2-5d92-4162-8afa-6a9565b697ea,105,Sale Return,SCN-2026-04-00095||/sales/credit-notes/b37ede61-7b57-4414-9ce4-9ccf6f593f82||line:3119cccc-e891-4dcc-a8db-71a5244e3140,Customer Return: Returns,2026-04-20 18:59:59.999+00,2026-04-23 07:19:02.426769+00,,
d43f64b1-f662-4096-8e34-06b75e374550,e560c8fd-332b-48cb-b7de-125a590bcb0c,-4560,Conversion,CONV-1776949953207,Stock Conversion (Source),2026-04-23 18:59:59.999+00,2026-04-23 13:12:33.415514+00,,
9728a233-9fe4-440a-ba50-76035e295c29,8851e237-ca39-487c-a35f-e28fe711d32c,4600,Conversion,CONV-1776949953207,Stock Conversion (Destination),2026-04-23 18:59:59.999+00,2026-04-23 13:12:33.821744+00,,
597dd1a9-7b0c-4ae8-ae9f-406a14b5f4a6,c8ca813c-e4be-428e-aef8-503eeeb948b7,-17,Conversion,CONV-1776950017662,Packaging for 50,2026-04-23 18:59:59.999+00,2026-04-23 13:13:38.080659+00,,
940fc255-9f1e-4846-aa25-b99e2213b04b,c96b657d-0bd6-4386-b94c-339c33714e3b,90,Conversion,CONV-1777092924296,Stock Conversion (Destination),2026-04-25 18:59:59.999+00,2026-04-25 04:55:24.89812+00,,
e27416f3-18ca-4982-be17-77694f3c0423,1066c1db-bbd7-4256-a751-f5cbf463f8a3,-1830,Sale,INV-2026-04-00382||/sales/invoices/898ca0f6-923f-405c-9a89-10c9459575a4||line:9eab525d-b930-49dc-afe8-f9728c14455d,Al-Qamar Atta - 15,2026-04-23 19:00:00+00,2026-04-25 06:06:15.924605+00,,
eada86c2-6b23-4f9b-99e5-85c5ac5e085d,d23536f3-0d86-4dcd-934e-9085566d4dc7,9944.55,Purchase,PO-2026-04-00055||/purchase/1d00e3a4-aeea-46f2-9a69-4af96bcca94f/edit||line:f2b3faf6-be5f-4825-b8be-995a9a4f919a,Wheat,2026-04-28 18:59:59.999+00,2026-04-28 11:52:49.572754+00,,
d527861d-56cd-4b1d-b86a-98b46229055b,d23536f3-0d86-4dcd-934e-9085566d4dc7,100.45,Purchase,PO-2026-04-00055||/purchase/1d00e3a4-aeea-46f2-9a69-4af96bcca94f/edit||line:dccdef43-17d6-47d8-af16-d90d0e7b9d4f,Wheat - Kaat,2026-04-28 18:59:59.999+00,2026-04-28 11:52:50.563171+00,,
6b44ef25-fa0a-4bed-b151-3af45d4c1ae2,8b945707-4cb1-4e34-8d12-92da06120bd2,-56,Production,MO-2026-04-00043||/production/9f8324ba-f731-414b-9b84-b141171f51d4/edit||comp:7550dee9-2b88-4673-9dfe-02eb9c325fc6,Component Consumption,2026-04-29 18:59:59.999+00,2026-04-29 07:58:43.544773+00,,
e1e9358c-939d-424e-91ee-7623b7ac03dc,e560c8fd-332b-48cb-b7de-125a590bcb0c,8720,Production,MO-2026-04-00043||/production/9f8324ba-f731-414b-9b84-b141171f51d4/edit||fg:77cb187a-3505-47c3-8f42-1fa52125a1a0,Finished Goods Production,2026-04-29 18:59:59.999+00,2026-04-29 07:58:44.789092+00,,
e491a07a-4593-4c99-aab2-a0c516160e71,1066c1db-bbd7-4256-a751-f5cbf463f8a3,-3750,Sale,INV-2026-04-00395||/sales/invoices/3bc06a9f-eb20-48a3-a41a-843b45c4a32c||line:0d2fb193-926f-4413-b711-28417e3f4660,Al-Qamar Atta - 15,2026-04-26 19:00:00+00,2026-04-29 15:38:50.872313+00,,
3309f039-a4b1-465b-852b-db131883804b,d383d741-fa61-4537-9ef9-7fb74115ded0,-366,Production,MO-2026-04-00044||/production/d223d015-df1d-40eb-9b34-6e81263f4249/edit||comp:6037945a-de86-48cb-8980-999a7fe023b0,Component Consumption,2026-04-30 18:59:59.999+00,2026-04-30 10:37:44.002572+00,,
e0972e3a-a878-4e30-b482-26f51709aff1,1066c1db-bbd7-4256-a751-f5cbf463f8a3,-15,Sale,INV-2026-04-00406||/sales/invoices/056be1e5-858f-489d-956b-8621a7d70e71||line:649f89cb-654a-4e25-a24f-e590a52deaad,Al-Qamar Atta - 15,2026-04-28 19:00:00+00,2026-04-30 15:42:26.164375+00,,
eaabc591-a0a7-4744-a125-d95f6fecc68d,e646adf3-e04a-4919-8dd4-d53927f5584b,1000,Sale Return,SCN-2026-03-00054||/sales/credit-notes/b2d6b9a9-5662-4ed8-bb63-bb966cc84b99,Customer Return: Returns,2026-03-13 06:48:00.101+00,2026-03-16 06:48:00.118921+00,,
881df8ec-f7d9-4b2f-a71e-1c426415bc62,e646adf3-e04a-4919-8dd4-d53927f5584b,-1000,Sale,INV-2026-03-00125||/sales/invoices/d846ed5b-6ae0-41b2-bc0a-79786d6611fb||line:246a11a1-a5d5-4d29-9f2f-bc53803ecf9e,Al-Qamar Atta(Green) - 10,2026-03-15 19:00:00+00,2026-03-18 12:25:41.466123+00,,
ffc08dd8-3797-4181-b9bf-3e221c68b638,a6707819-7f9c-4968-ad8e-badfec24bef2,-2200,Sale,INV-2026-03-00125||/sales/invoices/d846ed5b-6ae0-41b2-bc0a-79786d6611fb||line:f505de5e-9d96-4c34-8fd1-d6916c4ff214,Al-Qamar Atta(Green) - 20,2026-03-15 19:00:00+00,2026-03-18 12:25:41.780001+00,,
edfe3f4d-9a33-4aaf-a447-3d758469d0c5,a6707819-7f9c-4968-ad8e-badfec24bef2,-20,Sale,INV-2026-03-00146||/sales/invoices/9457ab88-c5f5-4ffc-818d-29a3387b8ae9||line:e209bb91-6d87-4a89-9c80-a2259fa3aed8,Al-Qamar Atta(Green) - 20,2026-03-17 19:00:00+00,2026-03-25 12:31:34.929977+00,,
a5408675-aefc-4e35-99bc-47e3b24f6abf,d9964e90-72ce-482b-8a17-7651628e223e,-20,Sale,INV-2026-03-00165||/sales/invoices/d9dcbf42-6be3-4d28-a665-79757e330c64||line:d678f485-05d5-4291-907b-fcd7fbe2ca63,Refraction (Mamni) - Standard,2026-03-24 19:00:00+00,2026-03-28 10:44:31.01965+00,,
6e306b9e-0ba4-4334-8462-e17420dbf6a7,a40b07a6-2948-489d-8dec-5e206ba38989,-325,Production,MO-2026-04-00020||/production/176985d7-67dd-464e-b23f-dc2dc578ea42/edit||comp:51218d3a-ed36-4ff9-b8c9-0d2274d71c49,Component Consumption,2026-04-02 18:59:59.999+00,2026-04-09 10:36:28.458526+00,,
23e8ca37-ef2e-469a-bf2a-3e2d59255b09,2725799f-a307-4777-8b00-84f03278ab57,700,Adjustment,Manual Adjustment,Inventory reversal from PFGM,2026-04-10 10:19:12.724993+00,2026-04-10 10:19:12.724993+00,,
3408f685-515c-48c3-ba1d-e08234c416a3,a6707819-7f9c-4968-ad8e-badfec24bef2,-1200,Sale,INV-2026-04-00183||/sales/invoices/d43cc3a8-604b-40ae-a732-b74aaf370983||line:0f3de7b6-0c92-41f6-97d9-7a824b6d7b9d,Al-Qamar Atta(Green) - 20,2026-03-31 19:00:00+00,2026-04-10 12:15:40.183807+00,,
0ac9e362-eada-4291-b198-c1679198a05c,1066c1db-bbd7-4256-a751-f5cbf463f8a3,-1500,Sale,INV-2026-04-00207||/sales/invoices/dcb5f036-a14c-4f2a-8bc3-10c05bb98c86||line:fe99a702-0b53-4dec-b069-7bd399d873a0,Al-Qamar Atta - 15,2026-04-02 19:00:00+00,2026-04-10 13:39:37.182435+00,,
318daf9d-0b6a-4241-af38-922a642abe82,769513cc-c70d-41c0-9bb6-99b480841b4f,-412,Conversion,CONV-1775902753482,Packaging for 15,2026-04-11 18:59:59.999+00,2026-04-11 10:19:13.904383+00,,
05fd996e-b004-4a80-8bba-221295a73331,e646adf3-e04a-4919-8dd4-d53927f5584b,2060,Sale Return,SCN-2026-04-00078||/sales/credit-notes/a8fb0d58-4d4f-4835-bdc0-6c9840e189e2||line:cdfe81d4-a6e7-4323-a05b-2b1fe2681c36,Customer Return: Returns,2026-04-07 18:59:59.999+00,2026-04-11 11:39:45.068192+00,,
57407144-a4d5-4da1-a89b-22a0646b72ed,e560c8fd-332b-48cb-b7de-125a590bcb0c,5600,Adjustment,DELETED: INV-2026-04-00229 (was reversed),Original invoice was deleted on 2026-04-11,2026-04-09 19:00:00+00,2026-04-11 12:43:21.780184+00,04249cb9-eebf-426b-a9a4-e42aa57d2ee7,
bd43bc22-756e-49bf-a1af-14d7a1126b84,937ec71e-d35e-4c0a-b48a-7e72d77e86c1,-2250,Sale,INV-2026-04-00287||/sales/invoices/daab00fb-d5f7-4fbc-aa89-d379ed3a621d||line:d755aaea-2c3f-4afa-b5c3-a89fced5490a,Al-Qamar Atta(Silver) - 15,2026-04-10 19:00:00+00,2026-04-11 13:23:21.480567+00,,
1737c88c-bdbf-4e5b-9665-d70477227f66,a6707819-7f9c-4968-ad8e-badfec24bef2,-40,Sale,INV-2026-04-00306||/sales/invoices/74eb6379-66c1-4f78-b777-72017c16805a||line:5e994f27-d9ad-427b-8f52-0f7876d1120d,Al-Qamar Atta(Green) - 20,2026-04-10 19:00:00+00,2026-04-15 05:43:08.817265+00,,
25fd0e1c-3ae4-4163-9197-8e10c9f8417e,e560c8fd-332b-48cb-b7de-125a590bcb0c,-2480,Conversion,CONV-1776254628590,Stock Conversion (Source),2026-04-15 18:59:59.999+00,2026-04-15 12:03:48.85407+00,,
c72e9d36-72a3-425b-bb6c-ea6c5f85d39a,1066c1db-bbd7-4256-a751-f5cbf463f8a3,-1500,Sale,INV-2026-04-00329||/sales/invoices/75b93606-6cdf-4b74-8ac7-2b1f0e6ce209||line:9057b81e-ca7e-4e6c-bd21-7a1c05f1a621,Al-Qamar Atta - 15,2026-04-14 19:00:00+00,2026-04-16 07:45:26.409855+00,,
036b0446-d589-45eb-9b6e-d4853ee2bc4a,1066c1db-bbd7-4256-a751-f5cbf463f8a3,5145,Production,MO-2026-04-00033||/production/afcc1942-e3e9-486e-8c8f-5328365e11cc/edit||fg:6cc13c27-aec1-4eb4-afa7-ff08c73b30a5,Finished Goods Production,2026-04-17 18:59:59.999+00,2026-04-17 12:24:23.178814+00,,
f575977d-811a-403e-9eaa-9d36d3e88538,29f97aa5-e538-4261-b69f-6b1a394015c9,678,Purchase,PO-2026-04-00044||/purchase/af4098e8-4326-4166-88ea-6559f0ae7fac/edit||line:c1a71d07-0e8c-4c8e-acf1-733fb6ad56b4,Wheat Bardana,2026-04-20 18:59:59.999+00,2026-04-21 06:40:48.109085+00,,
7337afb3-9643-4d54-91fb-451ece2227c1,8b945707-4cb1-4e34-8d12-92da06120bd2,715,Purchase,PO-2026-04-00046||/purchase/d2c7b261-4422-4c13-8f07-b199d0a8c659/edit||line:0e45b597-b4c8-4463-8b52-9fa4f235994e,Bardana Premium Fine - 80,2026-04-23 18:59:59.999+00,2026-04-23 10:46:02.042901+00,,
78bd6e6f-558f-483b-b1d8-aaac7eb39dc5,65415ac9-fc97-471a-b17f-1340c7b1b55a,400,Purchase,PO-2026-04-00046||/purchase/d2c7b261-4422-4c13-8f07-b199d0a8c659/edit||line:e0e71ee2-5dbb-408c-88ae-2cf1e7283055,Bardana Premium Maida - 80,2026-04-23 18:59:59.999+00,2026-04-23 10:46:02.507429+00,,
09e318d7-9140-4532-9527-83485bb3b53a,da5c9701-b165-4fcf-85ac-7d8abfba8e6b,1470,Purchase,PO-2026-04-00046||/purchase/d2c7b261-4422-4c13-8f07-b199d0a8c659/edit||line:b1fd3b1a-7521-495c-87aa-e9d9d18a4a6c,Bardana Premium Bran - 34,2026-04-23 18:59:59.999+00,2026-04-23 10:46:02.896165+00,,
6d36bb11-a59e-4b21-aac0-016d28ff3da8,e560c8fd-332b-48cb-b7de-125a590bcb0c,-800,Conversion,CONV-1776949987713,Stock Conversion (Source),2026-04-23 18:59:59.999+00,2026-04-23 13:13:08.131103+00,,
4b921568-8d0c-41af-af42-e53a1c43dba0,8851e237-ca39-487c-a35f-e28fe711d32c,800,Conversion,CONV-1776949987713,Stock Conversion (Destination),2026-04-23 18:59:59.999+00,2026-04-23 13:13:08.410508+00,,
e6c8658e-97bc-4a15-9c97-eb2e80d950cf,29a0bdd8-7ec8-49aa-94e2-3abc24a5fe6d,-227,Conversion,CONV-1777093190860,Stock Conversion (Source),2026-04-25 18:59:59.999+00,2026-04-25 04:59:51.355267+00,,
f688d411-118f-4784-949b-7f406c35ae6d,2c981082-c3ab-47b1-99c3-c34fe22ee02c,-3600,Sale,INV-2026-04-00382||/sales/invoices/898ca0f6-923f-405c-9a89-10c9459575a4||line:2396922d-cc8c-4887-8e80-d5b82ac35cca,Premium Fine - 80,2026-04-23 19:00:00+00,2026-04-25 06:06:16.162771+00,,
2ddb2516-0b2b-4ddc-979d-e486541f9391,29a0bdd8-7ec8-49aa-94e2-3abc24a5fe6d,-771,Conversion,CONV-1777378388436,Stock Conversion (Source),2026-04-28 18:59:59.999+00,2026-04-28 12:13:09.178051+00,,
6ea11334-7b8c-4f6d-a94c-29f9b98c0b62,65415ac9-fc97-471a-b17f-1340c7b1b55a,-109,Production,MO-2026-04-00043||/production/9f8324ba-f731-414b-9b84-b141171f51d4/edit||comp:c050a631-c3c9-414d-9be8-03f046c95a65,Component Consumption,2026-04-29 18:59:59.999+00,2026-04-29 07:58:43.710967+00,,
8dcee171-97fc-47be-91a3-6b81abd1d29b,1066c1db-bbd7-4256-a751-f5cbf463f8a3,5070,Production,MO-2026-04-00043||/production/9f8324ba-f731-414b-9b84-b141171f51d4/edit||fg:1ca50018-ff88-452d-a3a1-7b03ae610da0,Finished Goods Production,2026-04-29 18:59:59.999+00,2026-04-29 07:58:44.285191+00,,
0ea41e99-8870-4251-a9d6-fd387c86da11,2c981082-c3ab-47b1-99c3-c34fe22ee02c,-2800,Sale,INV-2026-04-00395||/sales/invoices/3bc06a9f-eb20-48a3-a41a-843b45c4a32c||line:e5f70ba9-5560-41c9-b93c-349d6c85dc11,Premium Fine - 80,2026-04-26 19:00:00+00,2026-04-29 15:38:51.087792+00,,
e1542db0-febc-493b-9824-9825b30eefc5,8b945707-4cb1-4e34-8d12-92da06120bd2,-62,Production,MO-2026-04-00044||/production/d223d015-df1d-40eb-9b34-6e81263f4249/edit||comp:99d96a84-eed8-4059-9280-683a11b0997e,Component Consumption,2026-04-30 18:59:59.999+00,2026-04-30 10:37:44.19615+00,,
9aeb4682-cf56-4f5b-96c2-003ad0a48097,c6b76b35-74b4-4b7d-aa4d-e473698b2f81,80,Production,MO-2026-04-00044||/production/d223d015-df1d-40eb-9b34-6e81263f4249/edit||fg:46fd019d-db05-4c4f-8623-541a466b0440,Finished Goods Production,2026-04-30 18:59:59.999+00,2026-04-30 10:37:45.393521+00,,
e3646a93-5ca1-4d14-9cbe-758ed064a725,98506d04-47db-4d74-847b-cf3122bc85ad,200,Production,MO-2026-04-00044||/production/d223d015-df1d-40eb-9b34-6e81263f4249/edit||fg:cba80fce-a081-4e55-a6aa-c07983a16631,Finished Goods Production,2026-04-30 18:59:59.999+00,2026-04-30 10:37:46.1212+00,,
e73faa72-10d9-42db-86ea-11d99efc3813,6e324c36-0f63-44fc-96d4-171f158706cb,450,Production,MO-2026-04-00044||/production/d223d015-df1d-40eb-9b34-6e81263f4249/edit||fg:b5d90adb-d164-43c5-be32-1fe09ead845c,Finished Goods Production,2026-04-30 18:59:59.999+00,2026-04-30 10:37:46.847252+00,,
4fa6c7b0-cc3e-4b7e-a809-19418538b2f4,1066c1db-bbd7-4256-a751-f5cbf463f8a3,-2250,Sale,INV-2026-04-00407||/sales/invoices/5e5ec1a5-0dd4-441d-b32c-29e8b70866e7||line:53b32bde-53d4-4824-8f9a-4cd07eb41348,Al-Qamar Atta - 15,2026-04-28 19:00:00+00,2026-04-30 15:44:16.005893+00,,
f187d253-fceb-452d-8de4-067eda2142d1,1066c1db-bbd7-4256-a751-f5cbf463f8a3,-1500,Sale,INV-2026-04-00408||/sales/invoices/25defe5c-72f5-471e-8482-ad3add9af286||line:293bd8f4-5f7a-444c-bc9d-db4c1e932ece,Al-Qamar Atta - 15,2026-04-28 19:00:00+00,2026-04-30 15:45:55.343022+00,,
9bc26d1c-b17c-425f-b6ec-2cdc3845a6e7,8851e237-ca39-487c-a35f-e28fe711d32c,-4150,Sale,INV-2026-04-00417||/sales/invoices/c4fa37a8-be0c-4a7f-92a9-4c22aef1be66||line:d0b47a2c-b05a-491c-9a28-4ab72496126c,Premium Maida - 50,2026-04-29 19:00:00+00,2026-04-30 16:04:55.189812+00,,
4939fe84-49fd-406b-b701-49e857b1c792,98506d04-47db-4d74-847b-cf3122bc85ad,-200,Sale,INV-2026-04-00417||/sales/invoices/c4fa37a8-be0c-4a7f-92a9-4c22aef1be66||line:e49e216b-4a3b-437d-bc6c-34d2ae78071b,Premium Suji - 50,2026-04-29 19:00:00+00,2026-04-30 16:04:55.512864+00,,
a240bd3d-2d3f-4263-bc95-706fbc575ba7,a6707819-7f9c-4968-ad8e-badfec24bef2,6100,Sale Return,SCN-2026-03-00054||/sales/credit-notes/b2d6b9a9-5662-4ed8-bb63-bb966cc84b99,Customer Return: Returns,2026-03-13 06:48:00.354+00,2026-03-16 06:48:00.363054+00,,
f8fdbec6-114f-43c9-aefb-65c58f863fc8,a6707819-7f9c-4968-ad8e-badfec24bef2,-800,Sale,INV-2026-03-00126||/sales/invoices/f9c52a66-c0a9-4968-891c-1a18622f9577||line:82f12dc3-c9ba-4896-9238-4e08f091f941,Al-Qamar Atta(Green) - 20,2026-03-15 19:00:00+00,2026-03-18 12:27:12.979575+00,,
3928322e-f039-44c3-93d8-fb41ef666ec2,7228dd62-c775-4f2b-bc08-dda954f29958,-5,Sale,INV-2026-03-00146||/sales/invoices/9457ab88-c5f5-4ffc-818d-29a3387b8ae9||line:13174793-ec12-4145-a8c2-f5746967304c,Premium Maida - 5,2026-03-17 19:00:00+00,2026-03-25 12:31:35.188094+00,,
6d0267fe-224d-416c-b1bf-3f8ea55ad5d7,4c46ce95-42bf-4f3d-beb8-123623d0fa76,-500,Sale,INV-2026-05-00448||/sales/invoices/0df33ab5-dd26-4a85-a6e7-381e41f93c10||line:deba7374-8a4b-4dcc-95dc-f1988252d747,Premium Fine - 50,2026-05-05 19:00:00+00,2026-05-07 08:48:22.340739+00,,
11cfba8a-6285-40f2-9d31-e4a16d9891ec,71747c3d-230b-4f6c-a3a5-80ca29120b16,100,Adjustment,REF-2026-03-00695,Extracted from Wheat Cleaning,2026-03-31 18:59:59.999+00,2026-03-31 18:38:16.548204+00,,
9daf0027-5dde-4cd1-8ed2-3aa39f2f7d96,2c981082-c3ab-47b1-99c3-c34fe22ee02c,4000,Production,MO-2026-04-00020||/production/176985d7-67dd-464e-b23f-dc2dc578ea42/edit||fg:c3fbfba2-7d67-4fd2-877a-ea849d87692f,Finished Goods Production,2026-04-02 18:59:59.999+00,2026-04-09 10:36:29.66068+00,,
d31f33ff-a85a-4164-8532-f3a7b04f0871,d23536f3-0d86-4dcd-934e-9085566d4dc7,-37134,Production,MO-2026-04-00024||/production/0d40d11e-be0e-488d-9ab9-046b7f022cf1/edit||comp:ede2f0cf-b470-42cf-898a-3022e4fd5ed4,Component Consumption,2026-04-07 18:59:59.999+00,2026-04-10 11:19:43.503575+00,,
50ddd6b0-3926-42c8-a015-e7a133dfe2c8,e560c8fd-332b-48cb-b7de-125a590bcb0c,10400,Production,MO-2026-04-00024||/production/0d40d11e-be0e-488d-9ab9-046b7f022cf1/edit||fg:60eb51a3-a26e-4147-837c-fe07b6865642,Finished Goods Production,2026-04-07 18:59:59.999+00,2026-04-10 11:19:47.071759+00,,
3ed9b97f-d6f9-42db-b157-32914f76e387,937ec71e-d35e-4c0a-b48a-7e72d77e86c1,4440,Production,MO-2026-04-00024||/production/0d40d11e-be0e-488d-9ab9-046b7f022cf1/edit||fg:b38b0954-e9b3-4628-aed1-c6d08330eb2c,Finished Goods Production,2026-04-07 18:59:59.999+00,2026-04-10 11:19:48.372432+00,,
9f5503c9-e9d5-4b3b-8b44-72d72b71daba,e646adf3-e04a-4919-8dd4-d53927f5584b,-1960,Sale,INV-2026-04-00184||/sales/invoices/12f52b7c-e71d-48d0-9bb1-6d26544c955a||line:05f57b6f-561f-4b0f-b8de-14b01f1efab2,Al-Qamar Atta(Green) - 10,2026-03-31 19:00:00+00,2026-04-10 12:17:31.145356+00,,
21509392-1b93-485a-a30c-cf044105026c,8851e237-ca39-487c-a35f-e28fe711d32c,-250,Sale,INV-2026-04-00207||/sales/invoices/dcb5f036-a14c-4f2a-8bc3-10c05bb98c86||line:9e27960b-cd18-498e-a108-520c7213074f,Premium Maida - 50,2026-04-02 19:00:00+00,2026-04-10 13:39:37.482855+00,,
8e969d8e-56df-48b4-8a49-eaf4337353ba,5ffd5921-5ad2-4d30-b598-4337f1a39464,-4120,Conversion,CONV-1775902834398,Stock Conversion (Source),2026-04-11 18:59:59.999+00,2026-04-11 10:20:34.861548+00,,
184039db-ff6e-4df3-a770-d369355f4344,937ec71e-d35e-4c0a-b48a-7e72d77e86c1,4125,Conversion,CONV-1775902834398,Stock Conversion (Destination),2026-04-11 18:59:59.999+00,2026-04-11 10:20:35.270905+00,,
cd417e64-5f5f-415e-9928-7d5bdb65731f,2725799f-a307-4777-8b00-84f03278ab57,-52,Conversion,CONV-1775902864812,Packaging for 20,2026-04-11 18:59:59.999+00,2026-04-11 10:21:05.410951+00,,
b7b4faeb-d228-4f1f-a3d0-9e9614898c76,a6707819-7f9c-4968-ad8e-badfec24bef2,3260,Sale Return,SCN-2026-04-00078||/sales/credit-notes/a8fb0d58-4d4f-4835-bdc0-6c9840e189e2||line:7c9ead86-80bc-4bb9-9cb6-f0e457c624ab,Customer Return: Returns,2026-04-07 18:59:59.999+00,2026-04-11 11:39:45.44828+00,,
5c80e14e-14bd-4e1e-af9e-0a078ae69844,e560c8fd-332b-48cb-b7de-125a590bcb0c,-5600,Sale,INV-2026-04-00272||/sales/invoices/706ff7a8-b07c-4c13-9b30-e53d42253b02||line:e55ccfff-1ad3-43b8-a706-589bd01c1fda,Premium Maida - 80,2026-04-10 19:00:00+00,2026-04-11 12:44:20.180975+00,,
11ffb817-365c-4102-9de0-14eb5c46da03,a6707819-7f9c-4968-ad8e-badfec24bef2,-20,Sale,INV-2026-04-00288||/sales/invoices/c4ad9cab-e600-4b64-8c39-ea616bf9fea0||line:e0ee4655-708e-4f47-b616-5b3b44d5ebfa,Al-Qamar Atta(Green) - 20,2026-04-10 19:00:00+00,2026-04-11 13:24:32.920867+00,,
ad900105-f272-4218-a379-10007d681e87,2c981082-c3ab-47b1-99c3-c34fe22ee02c,-2000,Sale,INV-2026-04-00307||/sales/invoices/d0d6b6e9-81a8-454b-944d-32a4dd1e21e5||line:87d2ea88-b019-44ad-aa22-a86b06b34717,Premium Fine - 80,2026-04-12 19:00:00+00,2026-04-15 05:44:54.801321+00,,
e771b731-4e1d-4245-8ca2-274db7428a3b,c8ca813c-e4be-428e-aef8-503eeeb948b7,-50,Conversion,CONV-1776254628590,Packaging for 50,2026-04-15 18:59:59.999+00,2026-04-15 12:03:49.101802+00,,
5906edff-0b92-44a6-ba6e-d85ba6c6dc93,8851e237-ca39-487c-a35f-e28fe711d32c,-5000,Sale,INV-2026-04-00329||/sales/invoices/75b93606-6cdf-4b74-8ac7-2b1f0e6ce209||line:4417ff1d-b317-4e05-9302-79309be77967,Premium Maida - 50,2026-04-14 19:00:00+00,2026-04-16 07:45:27.48844+00,,
8c8d864c-2771-4d2a-b270-6c52898da212,1066c1db-bbd7-4256-a751-f5cbf463f8a3,-3000,Sale,INV-2026-04-00343||/sales/invoices/3513a226-565b-4dcd-9941-aef410955d68||line:363be788-50e6-4e6f-b37d-d9ddb7a7864b,Al-Qamar Atta - 15,2026-04-14 19:00:00+00,2026-04-17 12:27:42.944983+00,,
1a4e6749-a6f0-4839-9828-b14178337797,d23536f3-0d86-4dcd-934e-9085566d4dc7,33650.1,Purchase,PO-2026-04-00045||/purchase/7b769a1f-5d8a-48b5-83ac-9ec06bd6c880/edit||line:a2263394-c2ac-4604-bdc3-bbf66400ebc7,Wheat,2026-04-20 18:59:59.999+00,2026-04-21 06:51:45.780265+00,,
fb4be771-fa5e-46bd-ab1c-449d08313d61,d23536f3-0d86-4dcd-934e-9085566d4dc7,59320.8,Purchase,PO-2026-04-00047||/purchase/ef3df071-25cb-4191-9388-0c89a3f9cf6e/edit||line:c4805b0d-2bc5-4626-9d74-1f5361e844a7,Wheat,2026-04-23 18:59:59.999+00,2026-04-23 11:01:22.865199+00,,
f0e58f19-16a1-4bcd-b090-1ae9d4063c03,29f97aa5-e538-4261-b69f-6b1a394015c9,1199,Purchase,PO-2026-04-00047||/purchase/ef3df071-25cb-4191-9388-0c89a3f9cf6e/edit||line:b9226cfc-ba68-47a6-a732-7a6a4750b30a,Wheat Bardana,2026-04-23 18:59:59.999+00,2026-04-23 11:01:23.236245+00,,
522504a6-971c-4b5d-98e1-62658cb0a974,d23536f3-0d86-4dcd-934e-9085566d4dc7,599.2,Purchase,PO-2026-04-00047||/purchase/ef3df071-25cb-4191-9388-0c89a3f9cf6e/edit||line:ec1c3dda-4cb1-4335-82f4-e1d0492e07a5,Wheat - Kaat,2026-04-23 18:59:59.999+00,2026-04-23 11:01:23.544979+00,,
5d285e4c-e9db-48d0-bf55-858804b6b2af,c8ca813c-e4be-428e-aef8-503eeeb948b7,-16,Conversion,CONV-1776949987713,Packaging for 50,2026-04-23 18:59:59.999+00,2026-04-23 13:13:08.32799+00,,
fff7ef99-16b2-49f2-baf2-dcb7bcf2d10b,a40b07a6-2948-489d-8dec-5e206ba38989,227,Conversion,CONV-1777093190860,Stock Conversion (Destination),2026-04-25 18:59:59.999+00,2026-04-25 04:59:51.524192+00,,
48883d83-ab42-4726-a69e-c1d4c118b0c2,29a0bdd8-7ec8-49aa-94e2-3abc24a5fe6d,-21,Conversion,CONV-1777113766554,Stock Conversion (Source),2026-04-25 18:59:59.999+00,2026-04-25 10:42:47.360089+00,,
2ca388d0-2a49-44c2-970a-14a9e9bc2868,a40b07a6-2948-489d-8dec-5e206ba38989,771,Conversion,CONV-1777378388436,Stock Conversion (Destination),2026-04-28 18:59:59.999+00,2026-04-28 12:13:09.659996+00,,
f23b254e-4aba-4969-a510-e1ec903bfffd,da5c9701-b165-4fcf-85ac-7d8abfba8e6b,-155,Production,MO-2026-04-00043||/production/9f8324ba-f731-414b-9b84-b141171f51d4/edit||comp:16f3a866-28d7-4b02-ba7f-1281e3569b03,Component Consumption,2026-04-29 18:59:59.999+00,2026-04-29 07:58:43.862533+00,,
e73adaff-7fd3-4f5b-adec-8e2acf02d895,c6b76b35-74b4-4b7d-aa4d-e473698b2f81,-80,Sale,INV-2026-04-00396||/sales/invoices/c3befa23-cf68-45f6-87c9-ec185d941edf||line:41a8ce5e-27e5-4a9c-a278-bce6c9ddb574,Al-Qamar Atta - 20,2026-04-27 19:00:00+00,2026-04-30 05:44:14.527519+00,,
31cf191c-1a29-4f3b-89e8-cea0a9472f11,9e331ef8-d768-4b45-8434-ed8adde48deb,-4,Production,MO-2026-04-00044||/production/d223d015-df1d-40eb-9b34-6e81263f4249/edit||comp:b12c0466-5e17-493c-8bdc-9481a649c282,Component Consumption,2026-04-30 18:59:59.999+00,2026-04-30 10:37:44.361128+00,,
5e6301dd-a59d-42e6-9f83-142ee08cbbd5,2c981082-c3ab-47b1-99c3-c34fe22ee02c,-2400,Sale,INV-2026-04-00407||/sales/invoices/5e5ec1a5-0dd4-441d-b32c-29e8b70866e7||line:4e8beb80-9d2d-4b94-a2f7-c8d4d9379ac7,Premium Fine - 80,2026-04-28 19:00:00+00,2026-04-30 15:44:16.214037+00,,
fd02403e-77d8-40b5-945b-592df2b40df4,1066c1db-bbd7-4256-a751-f5cbf463f8a3,91.5,Adjustment,Manual Adjustment (Back-dated),Reconciliation,2026-04-30 18:59:59.999+00,2026-04-30 16:11:52.970552+00,,
5f660d26-244f-4d47-a9f1-2488c1c8034d,8851e237-ca39-487c-a35f-e28fe711d32c,4400,Conversion,CONV-1777571791415,Stock Conversion (Destination),2026-04-30 18:59:59.999+00,2026-04-30 17:56:32.763095+00,,
3d30bcf6-d2a4-495f-970e-a37fca46f703,0532897a-fd36-45a5-9f0f-d042367920ec,5590,Adjustment,REF-2026-05-01255,Extracted from Wheat Cleaning,2026-04-30 18:59:59.999+00,2026-05-01 05:20:35.15007+00,,
1126bca0-7069-47e6-bf97-41d808363210,29f97aa5-e538-4261-b69f-6b1a394015c9,1400,Purchase,PO-2026-05-00059||/purchase/e7fd1475-7056-45fe-b3ac-75fda5ff5ee5/edit||line:a126fb5d-fef2-46b5-80de-741c6305cb04,Wheat Bardana,2026-05-02 18:59:59.999+00,2026-05-02 08:25:01.212002+00,,
95d95eac-6d37-44ba-a895-5f5dcfa697d6,8851e237-ca39-487c-a35f-e28fe711d32c,-28000,Sale,INV-2026-05-00422||/sales/invoices/a64b923c-9e8e-4ce8-835a-2a70e41b0e42||line:1ffe6e81-fdfb-4837-82df-a5ce290ae8b0,Premium Maida - 50,2026-05-01 19:00:00+00,2026-05-02 13:13:51.51394+00,,
fbe11129-81b8-4c7a-a749-aa4e4b3cc08a,d23536f3-0d86-4dcd-934e-9085566d4dc7,-34117,Production,MO-2026-05-00045||/production/5469e87a-1c73-4330-af7f-c6e0cfb5a90e/edit||comp:372d5185-c681-4da6-9aaf-d698d4178956,Component Consumption,2026-05-02 18:59:59.999+00,2026-05-02 13:43:50.489485+00,,
343a4f78-53c3-47d1-8c97-6d4648fd4fad,e646adf3-e04a-4919-8dd4-d53927f5584b,480,Sale Return,SCN-2026-03-00055||/sales/credit-notes/ef999a18-f9e7-4236-997b-e380aa89e7e8,Customer Return: Returns,2026-03-13 06:48:57.217+00,2026-03-16 06:48:57.235056+00,,
a98d8721-4e24-4385-ad1e-5cfb26e8d2cb,2c981082-c3ab-47b1-99c3-c34fe22ee02c,-2000,Sale,INV-2026-03-00126||/sales/invoices/f9c52a66-c0a9-4968-891c-1a18622f9577||line:381d19ee-de04-48b5-92ab-df591c9b5741,Premium Fine - 80,2026-03-15 19:00:00+00,2026-03-18 12:27:13.350668+00,,
6d3aaf7c-6d25-4bc3-9a34-94d16b5b4225,085c173e-052c-4022-8a90-be5c0ba7b627,-5,Sale,INV-2026-03-00146||/sales/invoices/9457ab88-c5f5-4ffc-818d-29a3387b8ae9||line:168b970b-e569-41b8-a75d-1410af5edf7a,Premium Suji - 5,2026-03-17 19:00:00+00,2026-03-25 12:31:35.435529+00,,
04ab2f89-6830-4fa4-8a53-063d6955f0fd,a6707819-7f9c-4968-ad8e-badfec24bef2,1200,Sale Return,SCN-2026-03-00065||/sales/credit-notes/6bbe316b-e0c3-4980-9d02-d15464cbfa18||line:e8046246-e80b-4b25-84f4-44e8ac6fee17,Customer Return: Returns,2026-03-28 18:59:59.999+00,2026-03-30 06:58:52.29382+00,,
408fde89-8d99-44a2-bbac-5f22b3f81934,d9964e90-72ce-482b-8a17-7651628e223e,1000,Adjustment,REF-2026-03-00695,Extracted from Wheat Cleaning,2026-03-31 18:59:59.999+00,2026-03-31 18:38:16.970579+00,,
99f3d4e2-9c9c-47b7-b65c-591ffecc1288,769513cc-c70d-41c0-9bb6-99b480841b4f,4065,Opening Balance,,Migration,2026-02-27 19:00:00+00,2026-04-09 12:23:21.391882+00,,
005eb8a9-79b8-43cf-894d-39e681a11700,da5c9701-b165-4fcf-85ac-7d8abfba8e6b,-201,Production,MO-2026-04-00024||/production/0d40d11e-be0e-488d-9ab9-046b7f022cf1/edit||comp:f1fe7bd6-6ec5-4a39-8f93-771e603c2136,Component Consumption,2026-04-07 18:59:59.999+00,2026-04-10 11:19:43.717963+00,,
9dc3e13b-feb0-413e-8671-be7b9c276862,a6707819-7f9c-4968-ad8e-badfec24bef2,-4000,Sale,INV-2026-04-00184||/sales/invoices/12f52b7c-e71d-48d0-9bb1-6d26544c955a||line:5f79bc95-02ca-4194-a401-6b696e843b6e,Al-Qamar Atta(Green) - 20,2026-03-31 19:00:00+00,2026-04-10 12:17:31.373071+00,,
044d3d2f-e44a-42d6-85ff-c738f187526c,1066c1db-bbd7-4256-a751-f5cbf463f8a3,-2250,Sale,INV-2026-04-00208||/sales/invoices/55256a86-5d44-4940-8680-7afc1526b995||line:da5dcf93-3785-439d-885c-f1b113af780d,Al-Qamar Atta - 15,2026-04-02 19:00:00+00,2026-04-10 13:40:41.433144+00,,
f0d16e8c-8298-4f7d-b1fd-922f52eb3616,769513cc-c70d-41c0-9bb6-99b480841b4f,-275,Conversion,CONV-1775902834398,Packaging for 15,2026-04-11 18:59:59.999+00,2026-04-11 10:20:35.150346+00,,
a97dce8b-5b22-468f-8be2-01cb97944419,2c981082-c3ab-47b1-99c3-c34fe22ee02c,-1040,Conversion,CONV-1775902864812,Stock Conversion (Source),2026-04-11 18:59:59.999+00,2026-04-11 10:21:05.187466+00,,
3f9623d3-1d05-4da4-b68d-e198a89e6c7f,a6707819-7f9c-4968-ad8e-badfec24bef2,1040,Conversion,CONV-1775902864812,Stock Conversion (Destination),2026-04-11 18:59:59.999+00,2026-04-11 10:21:05.513615+00,,
404b63a2-a962-4434-905f-d8225bf9d4b2,937ec71e-d35e-4c0a-b48a-7e72d77e86c1,30,Sale Return,SCN-2026-04-00078||/sales/credit-notes/a8fb0d58-4d4f-4835-bdc0-6c9840e189e2||line:76806a44-4733-4267-b3cb-01f3dd02c9c0,Customer Return: Returns,2026-04-07 18:59:59.999+00,2026-04-11 11:39:45.785025+00,,
3303bcf9-11e4-4ccc-af14-8a6b9bbc0d7b,937ec71e-d35e-4c0a-b48a-7e72d77e86c1,-3750,Sale,INV-2026-04-00273||/sales/invoices/aabe1d24-41a0-472b-82cd-1ae20a6604dc||line:26a54aa3-227b-405c-8313-b2dbbe72753c,Al-Qamar Atta(Silver) - 15,2026-04-09 19:00:00+00,2026-04-11 12:46:49.327446+00,,
46f2f255-b7f0-4927-9e4c-c2ad39397208,2c981082-c3ab-47b1-99c3-c34fe22ee02c,-80,Sale,INV-2026-04-00289||/sales/invoices/003efe89-9160-4520-8a35-b7490943cf5b||line:9caf3327-3669-4309-856e-a81a96ec9a6f,Premium Fine - 80,2026-04-10 19:00:00+00,2026-04-11 13:25:25.140856+00,,
a951a7be-7e8d-4e78-8c12-d6d7eb65c95e,e646adf3-e04a-4919-8dd4-d53927f5584b,-1500,Sale,INV-2026-04-00308||/sales/invoices/630fbff1-7c1f-4cfb-9326-31328fd998ca||line:d91795fe-291d-43bb-8957-4553583ef9d5,Al-Qamar Atta(Green) - 10,2026-04-12 19:00:00+00,2026-04-15 05:46:54.229977+00,,
9dc389a2-9209-4143-8b5f-8338c378192d,8851e237-ca39-487c-a35f-e28fe711d32c,2500,Conversion,CONV-1776254628590,Stock Conversion (Destination),2026-04-15 18:59:59.999+00,2026-04-15 12:03:49.218846+00,,
590f8646-2e0e-44bd-93cb-4797cc257cd7,1066c1db-bbd7-4256-a751-f5cbf463f8a3,-2250,Sale,INV-2026-04-00330||/sales/invoices/3e87485d-e3f7-466e-9327-2d42392400b7||line:a7742593-0d86-4f8a-ac05-fe79fcab30ca,Al-Qamar Atta - 15,2026-04-14 19:00:00+00,2026-04-16 08:42:55.456907+00,,
56aa7b91-d68d-45f7-87cc-4898cae8ee50,8851e237-ca39-487c-a35f-e28fe711d32c,-250,Sale,INV-2026-04-00343||/sales/invoices/3513a226-565b-4dcd-9941-aef410955d68||line:b5a0e23b-7872-475f-bcfd-00f4a760cb5c,Premium Maida - 50,2026-04-14 19:00:00+00,2026-04-17 12:27:43.197381+00,,
bbcb3896-fcd9-4881-9874-164a83de5410,2c981082-c3ab-47b1-99c3-c34fe22ee02c,-1600,Sale,INV-2026-05-00448||/sales/invoices/0df33ab5-dd26-4a85-a6e7-381e41f93c10||line:f61bf44a-6328-4efb-8c00-9028b33ad501,Premium Fine - 80,2026-05-05 19:00:00+00,2026-05-07 08:48:22.565281+00,,
557da719-f523-48f4-adf7-caa68ec56c97,29f97aa5-e538-4261-b69f-6b1a394015c9,680,Purchase,PO-2026-04-00045||/purchase/7b769a1f-5d8a-48b5-83ac-9ec06bd6c880/edit||line:5d7a0540-196f-4e68-a78a-11b386d6cb34,Wheat Bardana,2026-04-20 18:59:59.999+00,2026-04-21 06:51:46.211511+00,,
ede3c521-698a-43ed-9b51-e4bce3f4701a,d23536f3-0d86-4dcd-934e-9085566d4dc7,-21886,Production,MO-2026-04-00038||/production/2f5d8574-b1a6-4f5d-94f2-4234be92cffd/edit||comp:e8338073-a94c-445c-9827-481ceeb57ea9,Component Consumption,2026-04-23 18:59:59.999+00,2026-04-23 12:40:18.004481+00,,
3c2cc698-1d7c-4c41-9233-05f119dbc2f7,c6b76b35-74b4-4b7d-aa4d-e473698b2f81,-20,Sale,INV-2026-04-00373||/sales/invoices/863a14a6-b77a-473a-8612-1966aa676fb7||line:27eb44a1-b26f-4baa-8108-6e927cf340df,Al-Qamar Atta - 20,2026-04-22 19:00:00+00,2026-04-23 15:19:03.594625+00,,
162ea4f3-83cb-4ea1-895c-9600afba1462,d23536f3-0d86-4dcd-934e-9085566d4dc7,-24423,Production,MO-2026-04-00039||/production/9f3329ea-a745-43be-9cce-e6188a3dbedf/edit||comp:828c3897-05c5-40a7-8939-19ddecd97cd4,Component Consumption,2026-04-24 18:59:59.999+00,2026-04-25 05:09:49.878528+00,,
2419178a-b29f-428c-a646-1a45225e093a,a40b07a6-2948-489d-8dec-5e206ba38989,21,Conversion,CONV-1777113766554,Stock Conversion (Destination),2026-04-25 18:59:59.999+00,2026-04-25 10:42:47.774572+00,,
5605fe18-e533-4f61-905f-2210b702a353,d23536f3-0d86-4dcd-934e-9085566d4dc7,-24005,Production,MO-2026-04-00041||/production/ca31d9ae-5e0f-4aa7-9c90-204f4059c529/edit||comp:f98e1d99-b544-44c1-881f-c3b07335bf5d,Component Consumption,2026-04-27 18:59:59.999+00,2026-04-28 12:15:17.181987+00,,
1f67deac-df80-4606-8a23-fd221ff191b0,2c981082-c3ab-47b1-99c3-c34fe22ee02c,4480,Production,MO-2026-04-00043||/production/9f8324ba-f731-414b-9b84-b141171f51d4/edit||fg:534684f9-0df8-42d5-aeae-1612d5024a16,Finished Goods Production,2026-04-29 18:59:59.999+00,2026-04-29 07:58:44.554013+00,,
a583a484-707d-4dc2-926c-3ab1a78ecc90,1066c1db-bbd7-4256-a751-f5cbf463f8a3,-15,Sale,INV-2026-04-00397||/sales/invoices/a318c76b-6c7a-463f-b9ce-ed7051b0a502||line:b64b01a0-f85f-4a91-8153-94b8d6614c99,Al-Qamar Atta - 15,2026-04-27 19:00:00+00,2026-04-30 05:45:48.330896+00,,
1056a2a7-5757-4e27-b872-32cd4c6866d9,da5c9701-b165-4fcf-85ac-7d8abfba8e6b,5678,Production,MO-2026-04-00044||/production/d223d015-df1d-40eb-9b34-6e81263f4249/edit||fg:c844b983-d380-4072-968e-15be784d6bf8,Finished Goods Production,2026-04-30 18:59:59.999+00,2026-04-30 10:37:46.612771+00,,
d82ec441-1e95-4a5e-ae9d-babc6af66e1b,1066c1db-bbd7-4256-a751-f5cbf463f8a3,-1320,Sale,INV-2026-04-00409||/sales/invoices/5bb7d83a-a07d-4f66-9256-ce8096df4b57||line:7a2351b2-66a8-4ede-aa19-bd7ecdd7b3ff,Al-Qamar Atta - 15,2026-04-28 19:00:00+00,2026-04-30 15:47:23.867328+00,,
3f5bbea9-70af-49a3-8537-166af2b2a997,1066c1db-bbd7-4256-a751-f5cbf463f8a3,-1500,Sale,INV-2026-04-00418||/sales/invoices/e4518bd1-cc7a-475d-9b6d-659c6feefc58||line:2cec1c5d-aa88-4a87-a32b-03232c27bc8f,Al-Qamar Atta - 15,2026-04-29 19:00:00+00,2026-04-30 16:14:25.815836+00,,
614cb997-d555-4392-9173-8b6114d8822c,396eef73-791a-465c-ae17-b78505b08d5f,-50,Conversion,CONV-1777571847118,Stock Conversion (Source),2026-04-30 18:59:59.999+00,2026-04-30 17:57:27.353123+00,,
679dd466-8726-4187-b1da-4856ce6c6d5b,8851e237-ca39-487c-a35f-e28fe711d32c,50,Conversion,CONV-1777571847118,Stock Conversion (Destination),2026-04-30 18:59:59.999+00,2026-04-30 17:57:27.637024+00,,
cc6ac949-93b1-4db2-83ef-aa327e385aad,2c981082-c3ab-47b1-99c3-c34fe22ee02c,-1200,Sale,INV-2026-05-00452||/sales/invoices/6919dfc4-72cd-4206-bb31-fb01c54f2037||line:9dd320fb-d343-4015-8401-d0ca95a9d439,Premium Fine - 80,2026-05-05 19:00:00+00,2026-05-07 08:54:17.607598+00,,
46ce61fb-028f-40b9-99a6-299352a19612,d23536f3-0d86-4dcd-934e-9085566d4dc7,35209.35,Purchase,PO-2026-05-00058||/purchase/7554b8a4-0790-4e1a-923b-cbb385a1bfd2/edit||line:fc057bdc-4b1e-49f1-aead-5366a24ad3d8,Wheat,2026-05-02 18:59:59.999+00,2026-05-02 08:21:44.99987+00,,
ce905a1d-4301-4839-b280-164918667db7,d23536f3-0d86-4dcd-934e-9085566d4dc7,714.65,Purchase,PO-2026-05-00059||/purchase/e7fd1475-7056-45fe-b3ac-75fda5ff5ee5/edit||line:98c875f2-e38d-4d46-baa9-4abae8a60291,Wheat - Kaat,2026-05-02 18:59:59.999+00,2026-05-02 08:25:01.533874+00,,
b53ddee6-a540-4211-914f-42e231f4c058,29a0bdd8-7ec8-49aa-94e2-3abc24a5fe6d,-493,Conversion,CONV-1777729186777,Stock Conversion (Source),2026-05-02 18:59:59.999+00,2026-05-02 13:39:47.156028+00,,
b9018cf7-6fb0-4a44-a34d-d1b185e4a8e7,a40b07a6-2948-489d-8dec-5e206ba38989,-493,Production,MO-2026-05-00045||/production/5469e87a-1c73-4330-af7f-c6e0cfb5a90e/edit||comp:67c75a5a-fe03-4883-bee2-211050d346e5,Component Consumption,2026-05-02 18:59:59.999+00,2026-05-02 13:43:50.700432+00,,
32c294bd-389c-4237-bd00-2d66d3633bbb,a6707819-7f9c-4968-ad8e-badfec24bef2,1580,Sale Return,SCN-2026-03-00055||/sales/credit-notes/ef999a18-f9e7-4236-997b-e380aa89e7e8,Customer Return: Returns,2026-03-13 06:48:57.46+00,2026-03-16 06:48:57.475012+00,,
0d426c1b-2d7c-47cd-9c3b-ff2419ea082b,2c981082-c3ab-47b1-99c3-c34fe22ee02c,-1600,Sale,INV-2026-03-00127||/sales/invoices/faa19719-98c1-44cb-adfe-5de55ddd6328||line:0761df2a-1a67-4369-bd07-7283ab3a8056,Premium Fine - 80,2026-03-15 19:00:00+00,2026-03-18 12:30:07.828991+00,,
b8ef773e-408b-4331-ae12-6f42da807e69,a6707819-7f9c-4968-ad8e-badfec24bef2,-20,Sale,INV-2026-03-00147||/sales/invoices/7075111b-90e2-4922-8328-60f6eafac118||line:dccddda9-a7ed-42a7-83eb-da738d6158a0,Al-Qamar Atta(Green) - 20,2026-03-17 19:00:00+00,2026-03-25 12:33:10.753291+00,,
c334cf7b-59de-4925-b4d2-a8f73cc4b12f,a6707819-7f9c-4968-ad8e-badfec24bef2,2400,Sale Return,SCN-2026-03-00066||/sales/credit-notes/a53d9a32-9377-42da-b902-3740a2a10e42||line:4c0c9ddf-49ec-4c85-886b-0029c4d7f990,Customer Return: Returns,2026-03-28 18:59:59.999+00,2026-03-30 07:01:50.493554+00,,
f5714af0-ec59-4f0d-9bc9-a73c1253224d,0532897a-fd36-45a5-9f0f-d042367920ec,350,Adjustment,REF-2026-03-00695,Extracted from Wheat Cleaning,2026-03-31 18:59:59.999+00,2026-03-31 18:38:17.241321+00,,
bac7588a-349c-4e34-8791-6e1435727c14,2725799f-a307-4777-8b00-84f03278ab57,3159,Opening Balance,,Migration,2026-02-27 19:00:00+00,2026-04-09 12:23:26.44078+00,,
7da89721-8d8b-4835-a1de-193dae345a55,c8ca813c-e4be-428e-aef8-503eeeb948b7,-28,Production,MO-2026-04-00024||/production/0d40d11e-be0e-488d-9ab9-046b7f022cf1/edit||comp:57a8efa7-9aef-4638-8aea-689b5a81215b,Component Consumption,2026-04-07 18:59:59.999+00,2026-04-10 11:19:43.917073+00,,
3b9abadd-8a8f-4ce7-bec9-86166a04f91c,8851e237-ca39-487c-a35f-e28fe711d32c,1400,Production,MO-2026-04-00024||/production/0d40d11e-be0e-488d-9ab9-046b7f022cf1/edit||fg:5b0a0bf7-cd7b-499b-bdac-6c3333303584,Finished Goods Production,2026-04-07 18:59:59.999+00,2026-04-10 11:19:45.5779+00,,
a2316b45-fca4-4129-989b-38b6585bcd50,a6707819-7f9c-4968-ad8e-badfec24bef2,5360,Production,MO-2026-04-00024||/production/0d40d11e-be0e-488d-9ab9-046b7f022cf1/edit||fg:c7cfbaf3-0632-4aa1-9c68-630268aa0ac8,Finished Goods Production,2026-04-07 18:59:59.999+00,2026-04-10 11:19:48.103431+00,,
11525288-a1f6-41f4-bb30-1c1c7d4d6d95,1066c1db-bbd7-4256-a751-f5cbf463f8a3,-15,Sale,INV-2026-04-00185||/sales/invoices/09631f54-9184-4e12-9651-a643e367eab9||line:7af266ae-99d5-4e2d-a262-88ffb9d68920,Al-Qamar Atta - 15,2026-03-31 19:00:00+00,2026-04-10 12:18:38.30038+00,,
9dcbd401-5ec3-4f17-98a6-46637925b409,a6707819-7f9c-4968-ad8e-badfec24bef2,-20,Sale,INV-2026-04-00209||/sales/invoices/2a6f45b8-2231-430b-b5b5-3f8474322419||line:a3c4db1f-a73d-42c4-848c-6badfc5f6d2f,Al-Qamar Atta(Green) - 20,2026-04-02 19:00:00+00,2026-04-10 13:45:51.685949+00,,
2a237443-63ab-4310-a866-b31afe58e9a9,937ec71e-d35e-4c0a-b48a-7e72d77e86c1,-3750,Conversion,CONV-1775902979917,Stock Conversion (Source),2026-04-11 18:59:59.999+00,2026-04-11 10:23:00.428349+00,,
8c6bea63-06cf-4319-8462-9a8cb1d44304,3fbbd2fb-4cd6-40e6-8856-26ef2c823bc5,3750,Conversion,CONV-1775902979917,Stock Conversion (Destination),2026-04-11 18:59:59.999+00,2026-04-11 10:23:01.000648+00,,
0e02519f-62fe-4304-ba5c-22c16624fb9d,937ec71e-d35e-4c0a-b48a-7e72d77e86c1,1800,Sale Return,SCN-2026-04-00079||/sales/credit-notes/926d9f18-8501-425b-9b12-3d832e2b0cbb||line:45615a5f-e99c-4b63-882c-b5b0bad877b9,Customer Return: Returns,2026-04-07 18:59:59.999+00,2026-04-11 11:41:11.80835+00,,
99659e64-2e3d-47c7-8f48-9d23d5df5dbd,e646adf3-e04a-4919-8dd4-d53927f5584b,-500,Sale,INV-2026-04-00249||/sales/invoices/83143d46-1a14-47bf-b76c-41906a30b07d||line:0134cc7e-fd90-48c6-bbed-4667e795cd8f,Al-Qamar Atta(Green) - 10,2026-04-06 19:00:00+00,2026-04-11 11:41:47.831464+00,,
52c84e4a-0523-4bd6-9177-ae64db941477,2c981082-c3ab-47b1-99c3-c34fe22ee02c,-400,Sale,INV-2026-04-00273||/sales/invoices/aabe1d24-41a0-472b-82cd-1ae20a6604dc||line:9c245fc7-3cc2-4f1c-a1f9-b71ecfb257b8,Premium Fine - 80,2026-04-09 19:00:00+00,2026-04-11 12:46:49.622884+00,,
b0da40bd-038d-4b94-ba70-289a6f571c7f,a6707819-7f9c-4968-ad8e-badfec24bef2,-20,Sale,INV-2026-04-00290||/sales/invoices/bda72285-8c05-467b-bcaa-0eeb515966df||line:17a39c9d-cc5b-4b7e-bc25-fe720418ed30,Al-Qamar Atta(Green) - 20,2026-04-10 19:00:00+00,2026-04-11 13:26:17.834335+00,,
49f7c358-55f0-44b7-b209-69c59ca98459,a6707819-7f9c-4968-ad8e-badfec24bef2,-500,Sale,INV-2026-04-00308||/sales/invoices/630fbff1-7c1f-4cfb-9326-31328fd998ca||line:c05ac90c-7b4a-4141-882c-f87fa29483c7,Al-Qamar Atta(Green) - 20,2026-04-12 19:00:00+00,2026-04-15 05:46:54.537697+00,,
5267c7b4-1f40-4bad-9f35-98a19ab1e632,e560c8fd-332b-48cb-b7de-125a590bcb0c,-12800,Sale,INV-2026-04-00317||/sales/invoices/a338f65d-2bab-4fb9-8b3a-d6013a470e2f||line:913c4c2d-f361-4def-b01d-545ebf005b07,Premium Maida - 80,2026-04-15 19:00:00+00,2026-04-16 05:10:41.305087+00,,
f4d4989d-67a3-45ee-b982-79fff4fe6164,2c981082-c3ab-47b1-99c3-c34fe22ee02c,-800,Sale,INV-2026-04-00331||/sales/invoices/16e23602-f8be-4c4c-bb77-621acfae4458||line:3f1b9529-bf12-43af-9066-426521a6347c,Premium Fine - 80,2026-04-14 19:00:00+00,2026-04-16 08:44:20.071212+00,,
a2636794-7577-4d38-8beb-917edcdf69ac,8851e237-ca39-487c-a35f-e28fe711d32c,-2500,Sale,INV-2026-04-00331||/sales/invoices/16e23602-f8be-4c4c-bb77-621acfae4458||line:6a49d8ef-c606-4114-8424-92d5713b38fe,Premium Maida - 50,2026-04-14 19:00:00+00,2026-04-16 08:44:20.381024+00,,
ba14a55d-f32b-44e8-8842-51d86d7a6fdd,1066c1db-bbd7-4256-a751-f5cbf463f8a3,-750,Sale,INV-2026-04-00344||/sales/invoices/f9d3b200-7bb6-4881-9f49-44483e5ab75e||line:52731d1d-30cd-4465-8cd7-bfe0c4c15bb1,Al-Qamar Atta - 15,2026-04-16 19:00:00+00,2026-04-17 12:34:25.762112+00,,
bb566c77-1d51-4557-a09d-438bd87be8d4,d23536f3-0d86-4dcd-934e-9085566d4dc7,339.9,Purchase,PO-2026-04-00045||/purchase/7b769a1f-5d8a-48b5-83ac-9ec06bd6c880/edit||line:6cf09a25-7316-43be-a52e-8b7ce17ea8c4,Wheat - Kaat,2026-04-20 18:59:59.999+00,2026-04-21 06:51:46.572127+00,,
1540fc34-d7d9-4229-9e93-4583ef84da79,65415ac9-fc97-471a-b17f-1340c7b1b55a,-107,Production,MO-2026-04-00038||/production/2f5d8574-b1a6-4f5d-94f2-4234be92cffd/edit||comp:dedf6e26-9774-42e1-939e-e3f11bef1729,Component Consumption,2026-04-23 18:59:59.999+00,2026-04-23 12:40:18.237205+00,,
427970d1-33a6-4eea-a6ec-689aa0d03635,1066c1db-bbd7-4256-a751-f5cbf463f8a3,-15,Sale,INV-2026-04-00374||/sales/invoices/424746e1-7af9-48fd-97bc-42751a7143fe||line:676fe3d2-d230-4e8e-97b5-f6f68e6b781e,Al-Qamar Atta - 15,2026-04-22 19:00:00+00,2026-04-23 15:21:09.555623+00,,
286f9ae8-a359-4898-bf67-b46488d1635d,65415ac9-fc97-471a-b17f-1340c7b1b55a,-33,Production,MO-2026-04-00039||/production/9f3329ea-a745-43be-9cce-e6188a3dbedf/edit||comp:1457d1bd-f71c-4366-b3dd-3b7cc2d2c71c,Component Consumption,2026-04-24 18:59:59.999+00,2026-04-25 05:09:50.112553+00,,
89e8a157-ec66-4d60-939f-545359e08fe9,d23536f3-0d86-4dcd-934e-9085566d4dc7,-40923,Production,MO-2026-04-00040||/production/bad3ad9b-1547-4306-b788-4d36328c35b9/edit||comp:5682e08e-4dc9-4c49-a9a9-a6dddc0d8d4b,Component Consumption,2026-04-25 18:59:59.999+00,2026-04-25 10:46:47.373791+00,,
676d6a48-bd77-4631-8f18-6f8390e3e08e,da5c9701-b165-4fcf-85ac-7d8abfba8e6b,-266,Production,MO-2026-04-00040||/production/bad3ad9b-1547-4306-b788-4d36328c35b9/edit||comp:94b16a92-725e-4f12-b699-f18dadc88e43,Component Consumption,2026-04-25 18:59:59.999+00,2026-04-25 10:46:47.544221+00,,
b2ac66c8-0a45-4342-af5c-4b17f5717708,65415ac9-fc97-471a-b17f-1340c7b1b55a,-150,Production,MO-2026-04-00040||/production/bad3ad9b-1547-4306-b788-4d36328c35b9/edit||comp:5eed035e-cd3f-475c-aa7c-1aed42cf7921,Component Consumption,2026-04-25 18:59:59.999+00,2026-04-25 10:46:47.705521+00,,
d9b005b6-50b6-46df-848f-0058b49b9b86,8b945707-4cb1-4e34-8d12-92da06120bd2,-96,Production,MO-2026-04-00040||/production/bad3ad9b-1547-4306-b788-4d36328c35b9/edit||comp:03916247-8e91-4ac4-89d4-4e65a5d8e8a3,Component Consumption,2026-04-25 18:59:59.999+00,2026-04-25 10:46:47.862237+00,,
ea71f931-6590-4bf5-a164-837996709d4c,29a0bdd8-7ec8-49aa-94e2-3abc24a5fe6d,-2,Production,MO-2026-04-00040||/production/bad3ad9b-1547-4306-b788-4d36328c35b9/edit||comp:58c6351f-fbb1-42ab-a094-54047caf2e12,Component Consumption,2026-04-25 18:59:59.999+00,2026-04-25 10:46:48.016226+00,,
e3411b3f-7e1d-410f-b95e-c76304718b82,a40b07a6-2948-489d-8dec-5e206ba38989,-21,Production,MO-2026-04-00040||/production/bad3ad9b-1547-4306-b788-4d36328c35b9/edit||comp:10748158-0f50-4caa-8d8a-884a0373477d,Component Consumption,2026-04-25 18:59:59.999+00,2026-04-25 10:46:48.244556+00,,
d01601f2-cf7c-4e61-b657-ff85e54f0ae3,2c08642b-74ca-4429-acfa-8cb3911b39b3,-36,Production,MO-2026-04-00040||/production/bad3ad9b-1547-4306-b788-4d36328c35b9/edit||comp:9ace68a2-0206-4527-ba85-d235bf7bc9ec,Component Consumption,2026-04-25 18:59:59.999+00,2026-04-25 10:46:48.401106+00,,
04b60229-f24c-43eb-b93a-03f8f6bc024c,d383d741-fa61-4537-9ef9-7fb74115ded0,-672,Production,MO-2026-04-00040||/production/bad3ad9b-1547-4306-b788-4d36328c35b9/edit||comp:ae406681-e53b-4bd7-8060-4b772589130e,Component Consumption,2026-04-25 18:59:59.999+00,2026-04-25 10:46:48.541006+00,,
031e88b6-5056-4670-bb9c-3a412e506648,e560c8fd-332b-48cb-b7de-125a590bcb0c,12000,Production,MO-2026-04-00040||/production/bad3ad9b-1547-4306-b788-4d36328c35b9/edit||fg:a90e6d7e-7af2-46d5-b13b-7c625b3f9900,Finished Goods Production,2026-04-25 18:59:59.999+00,2026-04-25 10:46:49.183978+00,,
92c888aa-25b1-47b7-8966-055a480fddd7,1066c1db-bbd7-4256-a751-f5cbf463f8a3,-15,Sale,INV-2026-04-00398||/sales/invoices/5a8913b1-575c-47fc-9498-54563d773387||line:498e6658-2e6a-476c-a32c-0f3633c216cb,Al-Qamar Atta - 15,2026-04-27 19:00:00+00,2026-04-30 05:51:58.289924+00,,
0afcc455-38ab-4ff6-80e2-e47185de699a,e646adf3-e04a-4919-8dd4-d53927f5584b,260,Sale Return,SCN-2026-03-00056||/sales/credit-notes/0dc7f37f-fe37-4a63-b506-9c82104dbeb3,Customer Return: Returns,2026-03-13 06:50:17.277+00,2026-03-16 06:50:17.287941+00,,
cfb0df07-8529-4731-b338-37e8ba0924c0,a6707819-7f9c-4968-ad8e-badfec24bef2,-3000,Sale,INV-2026-03-00128||/sales/invoices/fbee0bde-9742-4df1-bf49-51f8c777bcf4||line:5e82cdea-1476-47bb-a55e-3d4e55285488,Al-Qamar Atta(Green) - 20,2026-03-15 19:00:00+00,2026-03-18 12:31:09.923921+00,,
b4b932cc-6a81-4d8b-9f42-f694ad1ba8d6,7228dd62-c775-4f2b-bc08-dda954f29958,-5,Sale,INV-2026-03-00147||/sales/invoices/7075111b-90e2-4922-8328-60f6eafac118||line:5ad43287-05b5-4bae-845e-51af0287887f,Premium Maida - 5,2026-03-17 19:00:00+00,2026-03-25 12:33:11.294498+00,,
ba653d4d-d513-4985-9c8b-5f60b6d74855,a6707819-7f9c-4968-ad8e-badfec24bef2,-20,Sale,INV-2026-03-00166||/sales/invoices/1771647a-0b1c-4bbd-8844-1a1a7ffb68cc||line:1328419d-a3a8-47bd-8d10-4cb5537e7140,Al-Qamar Atta(Green) - 20,2026-03-27 19:00:00+00,2026-03-30 07:20:53.944351+00,,
115ffa43-0e79-46fb-b25b-f14815b4d9d5,5ffd5921-5ad2-4d30-b598-4337f1a39464,-2000,Sale,INV-2026-03-00178||/sales/invoices/2b7d4551-ddcf-4c65-96c6-5de51a1c7826||line:375260f1-619c-41d1-9cf6-5ce5a6c0e5d1,Premium Atta - 20,2026-03-17 19:00:00+00,2026-04-01 12:36:03.599045+00,,
78307596-994c-4620-b460-9d05f775df79,29a0bdd8-7ec8-49aa-94e2-3abc24a5fe6d,37352,Opening Balance,,Migration,2026-02-27 19:00:00+00,2026-04-09 12:23:30.066103+00,,
db91c1d3-1b06-4445-bc4f-024a8e56590d,65415ac9-fc97-471a-b17f-1340c7b1b55a,-130,Production,MO-2026-04-00024||/production/0d40d11e-be0e-488d-9ab9-046b7f022cf1/edit||comp:b3b27314-b1cc-4049-b212-273cd364bdfb,Component Consumption,2026-04-07 18:59:59.999+00,2026-04-10 11:19:44.127883+00,,
2854205a-5788-4987-8496-042b9c73c9e8,14e494c5-f77b-44a0-904e-6030187b2a45,-40,Sale,INV-2026-04-00186||/sales/invoices/f8dc8287-adc2-47cc-a613-19b1c961231e||line:8f0326fb-98aa-41e7-a7c0-71273973c65c,Al-Rehmat Atta - 20,2026-03-31 19:00:00+00,2026-04-10 12:21:56.800378+00,,
60f07a2b-056f-48e2-baa7-e19dada83c53,2c981082-c3ab-47b1-99c3-c34fe22ee02c,-1120,Sale,INV-2026-04-00187||/sales/invoices/cb92fefb-ede7-4bad-af26-67bf50b09da6||line:ba576fd0-cd7d-47f0-8459-086f88868408,Premium Fine - 80,2026-03-31 19:00:00+00,2026-04-10 12:22:56.414658+00,,
f5672223-b329-49e8-b157-2f9687c96add,3fbbd2fb-4cd6-40e6-8856-26ef2c823bc5,-3750,Sale,INV-2026-04-00210||/sales/invoices/ff192404-fdff-4c0f-b093-ddaf7dbfe1a0||line:313ad5f8-a25f-407c-b3a5-a82b272a86ad,Premium Atta - 15,2026-04-02 19:00:00+00,2026-04-10 13:47:08.972746+00,,
1deea9ab-d075-4533-9393-f8b99933a8aa,d383d741-fa61-4537-9ef9-7fb74115ded0,-250,Conversion,CONV-1775902979917,Packaging for 15,2026-04-11 18:59:59.999+00,2026-04-11 10:23:00.84211+00,,
1c72c87b-8dcd-4b8d-838b-05fab782ac30,a6707819-7f9c-4968-ad8e-badfec24bef2,-1500,Sale,INV-2026-04-00249||/sales/invoices/83143d46-1a14-47bf-b76c-41906a30b07d||line:3713f22f-0fa6-4e10-849e-346590a2f68d,Al-Qamar Atta(Green) - 20,2026-04-06 19:00:00+00,2026-04-11 11:41:48.263152+00,,
e9d4b6a3-b1fb-41a0-b012-439d929037b0,8851e237-ca39-487c-a35f-e28fe711d32c,-250,Sale,INV-2026-04-00273||/sales/invoices/aabe1d24-41a0-472b-82cd-1ae20a6604dc||line:10ad21da-a6ad-4ebc-866e-d0002d3a7783,Premium Maida - 50,2026-04-09 19:00:00+00,2026-04-11 12:46:49.88281+00,,
22da4a8d-1fa5-470a-a00c-b69c69dba3df,4c46ce95-42bf-4f3d-beb8-123623d0fa76,-500,Sale,INV-2026-04-00295||/sales/invoices/ff5b68ba-2363-4e3b-92fe-b8d10374cbe8||line:14b5d5c7-ba6c-4074-87ba-98aff1030197,Premium Fine - 50,2026-04-12 19:00:00+00,2026-04-13 10:20:50.218832+00,,
dd57eec9-7611-47f3-bf4c-8eb7391a9568,a6707819-7f9c-4968-ad8e-badfec24bef2,-4620,Sale,INV-2026-04-00309||/sales/invoices/bfebb6f6-77ec-47bf-9fb7-c2671dc9fa02||line:3f744d0b-e007-4fcc-b905-7b7e99ac92cf,Al-Qamar Atta(Green) - 20,2026-04-12 19:00:00+00,2026-04-15 05:48:16.714751+00,,
e2740d9f-7b06-45fc-8468-cf7a3da8b666,d23536f3-0d86-4dcd-934e-9085566d4dc7,15993.45,Purchase,PO-2026-04-00039||/purchase/c1de57c5-25bd-4be1-9c6e-974a0a7a757c/edit||line:4d94f76e-3ba2-4f9a-8c70-03f8f76d17b7,Wheat,2026-04-15 18:59:59.999+00,2026-04-16 06:05:18.325794+00,,
4e596889-3e8a-47bc-9bea-26570433d2bb,937ec71e-d35e-4c0a-b48a-7e72d77e86c1,2250,Adjustment,DELETED: INV-2026-04-00246 (was reversed),Original invoice was deleted on 2026-04-16,2026-04-05 19:00:00+00,2026-04-16 09:21:29.051574+00,04249cb9-eebf-426b-a9a4-e42aa57d2ee7,
4d3fecab-ae6e-4f78-a40e-a1dcd7d5b50f,2c981082-c3ab-47b1-99c3-c34fe22ee02c,-1600,Sale,INV-2026-04-00344||/sales/invoices/f9d3b200-7bb6-4881-9f49-44483e5ab75e||line:c8012238-8db5-4a85-809b-3906748ef83c,Premium Fine - 80,2026-04-16 19:00:00+00,2026-04-17 12:34:26.180755+00,,
f7abb9f6-3e26-4452-a260-8fac78b9c358,d23536f3-0d86-4dcd-934e-9085566d4dc7,-70524,Adjustment,,"Master Reconciliation: Anchor to 18,072kg March Closing",2026-03-31 18:59:59.999+00,2026-04-19 17:27:49.896029+00,,
6a7aa46c-7c3c-4947-b832-4fcce3d0904f,d23536f3-0d86-4dcd-934e-9085566d4dc7,-25184,Production,MO-2026-04-00036||/production/73a9f521-f06d-460a-9c3e-3feff7de4260/edit||comp:dca20f66-afbb-4686-965c-63f000a5508e,Component Consumption,2026-04-21 18:59:59.999+00,2026-04-21 07:35:54.548736+00,,
2f460e60-0376-4005-97ea-cbe6af483c02,da5c9701-b165-4fcf-85ac-7d8abfba8e6b,-142,Production,MO-2026-04-00036||/production/73a9f521-f06d-460a-9c3e-3feff7de4260/edit||comp:7b5f16be-67b4-4c4e-a3c8-7cb095f86856,Component Consumption,2026-04-21 18:59:59.999+00,2026-04-21 07:35:54.801459+00,,
4790272c-adc8-4cbe-912f-e541d3ae55dc,c8ca813c-e4be-428e-aef8-503eeeb948b7,-197,Production,MO-2026-04-00036||/production/73a9f521-f06d-460a-9c3e-3feff7de4260/edit||comp:d67fda7e-b510-45fd-a97d-c96e344df136,Component Consumption,2026-04-21 18:59:59.999+00,2026-04-21 07:35:55.035021+00,,
de186230-2a2f-498e-9d9b-b531d1ef21f9,8b945707-4cb1-4e34-8d12-92da06120bd2,-56,Production,MO-2026-04-00036||/production/73a9f521-f06d-460a-9c3e-3feff7de4260/edit||comp:afaeb5ad-ba22-423c-b34b-4855caf1b43e,Component Consumption,2026-04-21 18:59:59.999+00,2026-04-21 07:35:55.274475+00,,
e7eaa179-bb2d-4d24-ad3a-b70b11900d4b,a40b07a6-2948-489d-8dec-5e206ba38989,-336,Production,MO-2026-04-00036||/production/73a9f521-f06d-460a-9c3e-3feff7de4260/edit||comp:83f45a4e-9079-46bf-b5c7-8bcc164613d9,Component Consumption,2026-04-21 18:59:59.999+00,2026-04-21 07:35:55.521029+00,,
fc803511-35ea-4162-b883-9070ebc33dd4,65415ac9-fc97-471a-b17f-1340c7b1b55a,-29,Production,MO-2026-04-00036||/production/73a9f521-f06d-460a-9c3e-3feff7de4260/edit||comp:24614d32-2352-4f5b-8acb-08d45fe305d7,Component Consumption,2026-04-21 18:59:59.999+00,2026-04-21 07:35:55.743104+00,,
053cfc6b-e8fd-4286-bf46-6998f53fd6f9,8851e237-ca39-487c-a35f-e28fe711d32c,9850,Production,MO-2026-04-00036||/production/73a9f521-f06d-460a-9c3e-3feff7de4260/edit||fg:253c31ea-2dd2-451c-bfba-a05757009ed3,Finished Goods Production,2026-04-21 18:59:59.999+00,2026-04-21 07:35:56.653044+00,,
c768d958-5d87-4e94-8a7e-44276cf21d79,8b945707-4cb1-4e34-8d12-92da06120bd2,-49,Production,MO-2026-04-00038||/production/2f5d8574-b1a6-4f5d-94f2-4234be92cffd/edit||comp:a45fa1c8-f174-49d4-b088-82b62d1cb9e8,Component Consumption,2026-04-23 18:59:59.999+00,2026-04-23 12:40:18.433424+00,,
9fd33152-6fff-4757-98b7-91c18a1c691d,d23536f3-0d86-4dcd-934e-9085566d4dc7,10865.25,Purchase,PO-2026-04-00048||/purchase/a4bc293e-13cf-43af-aa09-fb4878c5e153/edit||line:06007fd3-4548-4124-9534-dfdc75c8d6b9,Wheat,2026-04-23 18:59:59.999+00,2026-04-24 05:04:57.44568+00,,
1362c26d-20c6-4bc8-a1ea-08ae1b76b65f,c8ca813c-e4be-428e-aef8-503eeeb948b7,-91,Production,MO-2026-04-00039||/production/9f3329ea-a745-43be-9cce-e6188a3dbedf/edit||comp:ff251e8e-6d21-4400-9274-cb51eb233ca7,Component Consumption,2026-04-24 18:59:59.999+00,2026-04-25 05:09:50.292042+00,,
29fffa28-951a-4fe4-89ca-171ab5585b0a,18568477-1a69-413a-b5bd-94333c860750,5508,Production,MO-2026-04-00039||/production/9f3329ea-a745-43be-9cce-e6188a3dbedf/edit||fg:cde8dd4f-6e62-41a9-a976-533feb83f021,Finished Goods Production,2026-04-24 18:59:59.999+00,2026-04-25 05:09:51.772361+00,,
98a5a5a2-8c08-43bb-8adf-c1fca970bc67,396eef73-791a-465c-ae17-b78505b08d5f,900,Production,MO-2026-04-00039||/production/9f3329ea-a745-43be-9cce-e6188a3dbedf/edit||fg:496dcbaa-cc8e-47f3-86d7-4ebaeeee139a,Finished Goods Production,2026-04-24 18:59:59.999+00,2026-04-25 05:09:51.987422+00,,
13cc9c56-6b3d-4628-9eee-7fa037627f09,e560c8fd-332b-48cb-b7de-125a590bcb0c,2640,Production,MO-2026-04-00039||/production/9f3329ea-a745-43be-9cce-e6188a3dbedf/edit||fg:7887098f-60f8-4d4e-b193-9cada167725f,Finished Goods Production,2026-04-24 18:59:59.999+00,2026-04-25 05:09:52.201838+00,,
3b247ce4-e342-4c96-9885-391e53df3662,8851e237-ca39-487c-a35f-e28fe711d32c,4550,Production,MO-2026-04-00039||/production/9f3329ea-a745-43be-9cce-e6188a3dbedf/edit||fg:716c2f04-5e83-40c3-8e8f-b235fec40f02,Finished Goods Production,2026-04-24 18:59:59.999+00,2026-04-25 05:09:52.431842+00,,
fc1ad4d3-908d-47ac-ab49-23532d71b20a,7228dd62-c775-4f2b-bc08-dda954f29958,10,Production,MO-2026-04-00039||/production/9f3329ea-a745-43be-9cce-e6188a3dbedf/edit||fg:6db0c79a-13ac-4850-b6de-6e2191a3ca6c,Finished Goods Production,2026-04-24 18:59:59.999+00,2026-04-25 05:09:53.743309+00,,
0412d7db-da44-4361-92a5-2b728dcbe35a,2c981082-c3ab-47b1-99c3-c34fe22ee02c,4800,Production,MO-2026-04-00039||/production/9f3329ea-a745-43be-9cce-e6188a3dbedf/edit||fg:2d893a6f-c2c4-462a-91c7-2ec95e9b30be,Finished Goods Production,2026-04-24 18:59:59.999+00,2026-04-25 05:09:54.025264+00,,
502e74e2-38cb-4bf2-8496-d34810170d15,c8ca813c-e4be-428e-aef8-503eeeb948b7,-1,Conversion,CONV-1777571847118,Packaging for 50,2026-04-30 18:59:59.999+00,2026-04-30 17:57:27.565759+00,,
54006672-fe6d-43d9-b686-4a0b9cec94cb,a6707819-7f9c-4968-ad8e-badfec24bef2,3100,Sale Return,SCN-2026-03-00056||/sales/credit-notes/0dc7f37f-fe37-4a63-b506-9c82104dbeb3,Customer Return: Returns,2026-03-13 06:50:17.5+00,2026-03-16 06:50:17.51222+00,,
7e9b295a-4bee-48a4-a142-529285d82147,e646adf3-e04a-4919-8dd4-d53927f5584b,-2000,Sale,INV-2026-03-00129||/sales/invoices/979cde7d-1346-4b12-afe7-e1c7b539ab90||line:d152e6ed-d99e-4e8d-8c59-c18693c56263,Al-Qamar Atta(Green) - 10,2026-03-15 19:00:00+00,2026-03-18 12:32:52.005931+00,,
515bc3d0-3010-4657-90b3-34e0750b19e0,2c981082-c3ab-47b1-99c3-c34fe22ee02c,-5600,Sale,INV-2026-03-00148||/sales/invoices/d7700516-4d14-40f8-ab49-3525dba4eed2||line:c64d91f1-1a49-4270-ba48-3b9979c200e6,Premium Fine - 80,2026-03-17 19:00:00+00,2026-03-25 12:34:26.11256+00,,
82eed5e1-7ebb-4de4-ba65-ffc01f759bd5,a6707819-7f9c-4968-ad8e-badfec24bef2,-40,Sale,INV-2026-03-00167||/sales/invoices/c74b351a-6b84-470f-b81a-c764bb1ccbc8||line:9f1ace09-b672-4881-abed-3d2bd60b9e1c,Al-Qamar Atta(Green) - 20,2026-03-27 19:00:00+00,2026-03-30 07:22:28.279736+00,,
3378e18a-5cec-4142-b3fa-0b55d77d0dbe,8851e237-ca39-487c-a35f-e28fe711d32c,-5000,Sale,INV-2026-03-00178||/sales/invoices/2b7d4551-ddcf-4c65-96c6-5de51a1c7826||line:6847c4ac-5d3b-4d9c-9fe0-a7808d3f64d7,Premium Maida - 50,2026-03-17 19:00:00+00,2026-04-01 12:36:03.95677+00,,
edcdece1-ce17-4876-bd88-928edbe89989,2725799f-a307-4777-8b00-84f03278ab57,221,Adjustment,Manual Adjustment,Double Production,2026-04-09 13:03:24.757778+00,2026-04-09 13:03:24.757778+00,,
163f2ae4-b533-44da-b387-0a23cd34f3e2,8b945707-4cb1-4e34-8d12-92da06120bd2,-85,Production,MO-2026-04-00024||/production/0d40d11e-be0e-488d-9ab9-046b7f022cf1/edit||comp:5c0811b9-0172-459a-87f1-969475300840,Component Consumption,2026-04-07 18:59:59.999+00,2026-04-10 11:19:44.321881+00,,
1cc1704a-3b6f-4a03-9692-1159251c4bc2,18568477-1a69-413a-b5bd-94333c860750,6834,Production,MO-2026-04-00024||/production/0d40d11e-be0e-488d-9ab9-046b7f022cf1/edit||fg:1d37e800-b1d8-4e89-a055-7c6a298b9b09,Finished Goods Production,2026-04-07 18:59:59.999+00,2026-04-10 11:19:45.29916+00,,
ba5315ba-6960-4f73-ba08-d05fdaac9859,e646adf3-e04a-4919-8dd4-d53927f5584b,1900,Production,MO-2026-04-00024||/production/0d40d11e-be0e-488d-9ab9-046b7f022cf1/edit||fg:b40a6718-0bff-445b-8423-df45e88e881e,Finished Goods Production,2026-04-07 18:59:59.999+00,2026-04-10 11:19:47.824824+00,,
12b0cdfd-2b81-451f-888a-67b678617a9f,e646adf3-e04a-4919-8dd4-d53927f5584b,-1000,Sale,INV-2026-04-00188||/sales/invoices/59bc4b0e-6561-4862-a512-06db7cac14f8||line:ec7975d1-8038-49fc-a083-bd956a522388,Al-Qamar Atta(Green) - 10,2026-03-31 19:00:00+00,2026-04-10 12:23:58.632123+00,,
514a07c8-601b-465d-a99f-cdad13bcde89,a6707819-7f9c-4968-ad8e-badfec24bef2,-5300,Sale,INV-2026-04-00210||/sales/invoices/ff192404-fdff-4c0f-b093-ddaf7dbfe1a0||line:907303e7-2865-44b2-ad40-0fd32abafe54,Al-Qamar Atta(Green) - 20,2026-04-02 19:00:00+00,2026-04-10 13:47:09.264229+00,,
2a26fb30-07d6-4d64-8613-07c53b886ec3,2c981082-c3ab-47b1-99c3-c34fe22ee02c,-800,Conversion,CONV-1775903177834,Stock Conversion (Source),2026-04-11 18:59:59.999+00,2026-04-11 10:26:18.294916+00,,
13850078-bc5b-431f-8954-81673da77228,937ec71e-d35e-4c0a-b48a-7e72d77e86c1,810,Conversion,CONV-1775903177834,Stock Conversion (Destination),2026-04-11 18:59:59.999+00,2026-04-11 10:26:18.930601+00,,
a0a7e1ff-a579-4308-8104-aeba8224b628,a6707819-7f9c-4968-ad8e-badfec24bef2,-2000,Sale,INV-2026-04-00250||/sales/invoices/c7daafb5-3d34-4ba5-bb8c-47d864dea96d||line:b88a3a67-7595-4a0d-b72c-e7295344ed0e,Al-Qamar Atta(Green) - 20,2026-04-06 19:00:00+00,2026-04-11 11:43:07.317357+00,,
5387224b-b89d-428c-9cf4-5663a440e2b6,937ec71e-d35e-4c0a-b48a-7e72d77e86c1,-3000,Sale,INV-2026-04-00274||/sales/invoices/d09f37db-e5de-45dc-8a97-748d225e3239||line:e1aa4e9b-966a-4678-8272-2d154641254a,Al-Qamar Atta(Silver) - 15,2026-04-09 19:00:00+00,2026-04-11 12:48:22.809757+00,,
456c1ed9-af12-4646-9aa3-cb671bf2f885,8851e237-ca39-487c-a35f-e28fe711d32c,-100,Sale,INV-2026-04-00295||/sales/invoices/ff5b68ba-2363-4e3b-92fe-b8d10374cbe8||line:05a3690f-9b06-42a6-a4cd-4ab823adb6b1,Premium Maida - 50,2026-04-12 19:00:00+00,2026-04-13 10:20:50.545898+00,,
c04aa044-45ed-4ef5-82d3-174f06513334,2c981082-c3ab-47b1-99c3-c34fe22ee02c,-4400,Sale,INV-2026-04-00310||/sales/invoices/765cd266-2632-4356-b79c-691b3bb1e04b||line:57b509a3-f0e6-47ad-8395-09640333de8d,Premium Fine - 80,2026-04-12 19:00:00+00,2026-04-15 05:49:43.718273+00,,
87331282-7766-406b-b573-e2f9550802e8,29f97aa5-e538-4261-b69f-6b1a394015c9,324,Purchase,PO-2026-04-00039||/purchase/c1de57c5-25bd-4be1-9c6e-974a0a7a757c/edit||line:cadfe94c-cfbb-4d0e-a6f9-bd7b911482b7,Wheat Bardana,2026-04-15 18:59:59.999+00,2026-04-16 06:05:18.960649+00,,
5e56c948-a899-4cdc-a098-2d618fe9733c,a6707819-7f9c-4968-ad8e-badfec24bef2,-20,Conversion,CONV-1776332891780,Stock Conversion (Source),2026-04-16 18:59:59.999+00,2026-04-16 09:48:12.328106+00,,
12ee1480-facd-485b-903f-a65d3cfe1974,a40b07a6-2948-489d-8dec-5e206ba38989,-1,Conversion,CONV-1776332891780,Packaging for 15,2026-04-16 18:59:59.999+00,2026-04-16 09:48:12.684302+00,,
0bf5bf3b-56b0-4926-9541-d3bff39af61e,e560c8fd-332b-48cb-b7de-125a590bcb0c,-4000,Conversion,CONV-1776332924225,Stock Conversion (Source),2026-04-16 18:59:59.999+00,2026-04-16 09:48:44.397857+00,,
439d757a-d773-46b1-8e0d-9589fc79a428,c8ca813c-e4be-428e-aef8-503eeeb948b7,-80,Conversion,CONV-1776332924225,Packaging for 50,2026-04-16 18:59:59.999+00,2026-04-16 09:48:44.649943+00,,
160ddbe8-a44f-4423-a75f-a614a5903b10,1066c1db-bbd7-4256-a751-f5cbf463f8a3,-750,Sale,INV-2026-04-00345||/sales/invoices/4374bf9d-f09f-4e6b-8aed-20343eb8ee05||line:abf12305-a796-4bab-86e2-c38af27db6ec,Al-Qamar Atta - 15,2026-04-16 19:00:00+00,2026-04-17 12:36:41.274327+00,,
c9859df0-923c-46fe-885f-8cb04c98cc72,d23536f3-0d86-4dcd-934e-9085566d4dc7,69074.25,Adjustment,SILO-ALIGN-04-2026,Physical Stock Alignment to Silo Reality,2026-03-31 19:00:00.001+00,2026-04-19 18:04:46.905663+00,,
04d7672a-9de1-483b-97aa-803b159b15db,18568477-1a69-413a-b5bd-94333c860750,5814,Production,MO-2026-04-00036||/production/73a9f521-f06d-460a-9c3e-3feff7de4260/edit||fg:84df9ad2-0384-42e0-bba2-aee062a2b46a,Finished Goods Production,2026-04-21 18:59:59.999+00,2026-04-21 07:35:56.300114+00,,
84db4a6b-b270-41e0-8c71-747f24eca03c,9e331ef8-d768-4b45-8434-ed8adde48deb,-1,Production,MO-2026-04-00038||/production/2f5d8574-b1a6-4f5d-94f2-4234be92cffd/edit||comp:4d2c855d-ecaa-45a7-b0df-bf87d337a9a0,Component Consumption,2026-04-23 18:59:59.999+00,2026-04-23 12:40:18.609638+00,,
9a1efc63-8cff-46a3-82ef-6d91d1340664,29f97aa5-e538-4261-b69f-6b1a394015c9,220,Purchase,PO-2026-04-00048||/purchase/a4bc293e-13cf-43af-aa09-fb4878c5e153/edit||line:6acff18b-c05d-431a-a849-e4cf7a1e537f,Wheat Bardana,2026-04-23 18:59:59.999+00,2026-04-24 05:04:57.882364+00,,
f8dc825f-1dcf-426e-817a-fa6c29a002ff,da5c9701-b165-4fcf-85ac-7d8abfba8e6b,-162,Production,MO-2026-04-00039||/production/9f3329ea-a745-43be-9cce-e6188a3dbedf/edit||comp:4fea4ab7-5d5d-4e83-a9d1-3a368d603b9e,Component Consumption,2026-04-24 18:59:59.999+00,2026-04-25 05:09:50.446693+00,,
fb56994c-52c6-411d-bcd9-ba8e0f83ab40,18568477-1a69-413a-b5bd-94333c860750,9044,Production,MO-2026-04-00040||/production/bad3ad9b-1547-4306-b788-4d36328c35b9/edit||fg:21c73783-e6aa-4bf7-a749-3211159108d4,Finished Goods Production,2026-04-25 18:59:59.999+00,2026-04-25 10:46:48.930987+00,,
b856d84e-79b5-4126-9c41-ac05b56dc7f1,a40b07a6-2948-489d-8dec-5e206ba38989,-397,Production,MO-2026-04-00041||/production/ca31d9ae-5e0f-4aa7-9c90-204f4059c529/edit||comp:16282481-6126-41ac-8ec5-b6b689f69182,Component Consumption,2026-04-27 18:59:59.999+00,2026-04-28 12:15:17.354245+00,,
7abb7929-ffa4-4b8f-9a8d-ff209189ba13,18568477-1a69-413a-b5bd-94333c860750,5270,Production,MO-2026-04-00043||/production/9f8324ba-f731-414b-9b84-b141171f51d4/edit||fg:5baefe4c-8567-4fb6-8f89-3d508dc9fce1,Finished Goods Production,2026-04-29 18:59:59.999+00,2026-04-29 07:58:45.010816+00,,
2a19e4f4-7e06-41c5-a633-9dadbe5ad3c5,c6b76b35-74b4-4b7d-aa4d-e473698b2f81,-20,Sale,INV-2026-04-00398||/sales/invoices/5a8913b1-575c-47fc-9498-54563d773387||line:27541634-72d3-4515-9869-8c9266f53388,Al-Qamar Atta - 20,2026-04-27 19:00:00+00,2026-04-30 05:51:58.561843+00,,
f120eebd-450e-4ff4-87ac-4cecd1ff7392,1066c1db-bbd7-4256-a751-f5cbf463f8a3,-3705,Sale,INV-2026-04-00401||/sales/invoices/fb9acb1e-4918-4230-9e9e-33c3747c5cac||line:215f6870-2319-4f89-92f5-29b10c6f9782,Al-Qamar Atta - 15,2026-04-27 19:00:00+00,2026-04-30 14:20:30.985216+00,,
4f5833d9-6099-4147-a460-0b2126a77eb5,8851e237-ca39-487c-a35f-e28fe711d32c,-1000,Sale,INV-2026-04-00410||/sales/invoices/6cc053c0-da08-44e0-b614-b85bdfeb6ee4||line:50bd9c50-a86a-432a-abc6-9458658d4559,Premium Maida - 50,2026-04-28 19:00:00+00,2026-04-30 15:50:35.536834+00,,
d388c7a2-6a33-48e7-bad5-51db45643597,3fbbd2fb-4cd6-40e6-8856-26ef2c823bc5,-3495,Sale,INV-2026-04-00418||/sales/invoices/e4518bd1-cc7a-475d-9b6d-659c6feefc58||line:dff23123-28ae-472c-ba56-10f2dab2331d,Premium Atta - 15,2026-04-29 19:00:00+00,2026-04-30 16:14:26.240809+00,,
a5d041c7-27a1-49ba-92be-d636dfee8a42,c6b76b35-74b4-4b7d-aa4d-e473698b2f81,-60,Conversion,CONV-1777612151196,Stock Conversion (Source),2026-05-01 18:59:59.999+00,2026-05-01 05:09:11.582387+00,,
b83edcfa-953e-4663-bf12-1bd3d204b333,1066c1db-bbd7-4256-a751-f5cbf463f8a3,-1500,Sale,INV-2026-05-00449||/sales/invoices/d72de90c-a831-4c8a-b08b-e7bf3d0392e6||line:28ad58fd-9624-4c15-ac2b-91f5d573a580,Al-Qamar Atta - 15,2026-05-05 19:00:00+00,2026-05-07 08:50:01.950269+00,,
3a862d71-9560-4a96-ac30-fc4530bd0911,1066c1db-bbd7-4256-a751-f5cbf463f8a3,-15,Sale,INV-2026-05-00453||/sales/invoices/f48c9e1e-1483-479e-b045-fc1ed9445c97||line:14100784-26cd-47dc-9e65-d777d28b2f52,Al-Qamar Atta - 15,2026-05-05 19:00:00+00,2026-05-07 08:55:38.808945+00,,
57ce47ab-ff9a-4063-a1e1-ce2496f758b6,a6707819-7f9c-4968-ad8e-badfec24bef2,3000,Sale Return,SCN-2026-03-00057||/sales/credit-notes/29bcfcec-6ed0-47bf-b777-382dd790a189,Customer Return: Returns,2026-03-13 06:51:04.868+00,2026-03-16 06:51:04.881481+00,,
bde15096-602d-46aa-8c5e-c5900a864b2b,a6707819-7f9c-4968-ad8e-badfec24bef2,-2000,Sale,INV-2026-03-00129||/sales/invoices/979cde7d-1346-4b12-afe7-e1c7b539ab90||line:a93b03dd-3f87-40c1-82ff-9564bdbbd225,Al-Qamar Atta(Green) - 20,2026-03-15 19:00:00+00,2026-03-18 12:32:52.396792+00,,
af1a9df4-0c95-443a-92cc-fcbf1a06be64,2c981082-c3ab-47b1-99c3-c34fe22ee02c,-1600,Sale,INV-2026-03-00129||/sales/invoices/979cde7d-1346-4b12-afe7-e1c7b539ab90||line:57a27a40-b302-40f9-9c16-d68c1eeee326,Premium Fine - 80,2026-03-15 19:00:00+00,2026-03-18 12:32:52.711094+00,,
014061a4-65f2-456e-8c3a-3d8782f749d3,2c981082-c3ab-47b1-99c3-c34fe22ee02c,-4000,Sale,INV-2026-03-00149||/sales/invoices/175afaf5-14e9-41c3-b1ef-79e97328d15d||line:8ebf04d4-0b0a-4e46-b9ef-47df1b996c62,Premium Fine - 80,2026-03-17 19:00:00+00,2026-03-25 12:35:32.982874+00,,
073261dc-b831-4a11-81bd-6594b3fe09ff,a6707819-7f9c-4968-ad8e-badfec24bef2,-80,Sale,INV-2026-03-00168||/sales/invoices/ef250eae-664e-4af5-ad5e-3e59959dc0e9||line:8cf8b589-7d9f-4dd4-94ab-aede949d984e,Al-Qamar Atta(Green) - 20,2026-03-27 19:00:00+00,2026-03-30 07:26:09.105086+00,,
09924224-aec9-41b6-a993-fd92195fbc44,d23536f3-0d86-4dcd-934e-9085566d4dc7,52019.55,Purchase,PO-2026-04-00023||/purchase/bf7fc486-d05a-4c6c-91c3-7f38d8e6ff0d/edit||line:f35ed8df-d6d6-4fe9-af93-4e5843cf5a0f,Wheat,2026-04-01 18:59:59.999+00,2026-04-02 08:58:58.44259+00,,
54584b65-16f0-42d2-892e-570ad1df9c2f,b2f8974f-ab3c-4880-a03d-6d3b29d26c57,299,Adjustment,Manual Adjustment,Double Inventory,2026-04-09 13:04:36.646473+00,2026-04-09 13:04:36.646473+00,,
80ceb127-15aa-492e-8c96-0c3155414049,b2f8974f-ab3c-4880-a03d-6d3b29d26c57,-190,Production,MO-2026-04-00024||/production/0d40d11e-be0e-488d-9ab9-046b7f022cf1/edit||comp:f115c4d4-5a09-45cb-a202-f9853d74570d,Component Consumption,2026-04-07 18:59:59.999+00,2026-04-10 11:19:44.505217+00,,
5c0e2df0-ee13-4588-8887-14ebb8e54f46,a6707819-7f9c-4968-ad8e-badfec24bef2,-960,Sale,INV-2026-04-00188||/sales/invoices/59bc4b0e-6561-4862-a512-06db7cac14f8||line:9382bd43-b96a-44ae-8e83-160d96f2c489,Al-Qamar Atta(Green) - 20,2026-03-31 19:00:00+00,2026-04-10 12:23:58.943243+00,,
1b814672-faa7-4daa-9604-3f144b99673a,a6707819-7f9c-4968-ad8e-badfec24bef2,-1960,Sale,INV-2026-04-00211||/sales/invoices/5861b1ea-e298-4a21-91d5-1dbbedec47e0||line:cad36b74-0b59-42a4-93b5-10190a88570a,Al-Qamar Atta(Green) - 20,2026-04-02 19:00:00+00,2026-04-10 13:48:09.179132+00,,
0b423176-55c2-4cea-9362-b0d7a439f62c,18568477-1a69-413a-b5bd-94333c860750,-714,Sale,INV-2026-04-00212||/sales/invoices/11008d71-acc0-44b8-9289-ca6876a2a115||line:b42cdac9-e4f7-423c-9376-b88f91732953,Premium Bran - 34,2026-04-02 19:00:00+00,2026-04-10 13:48:58.585816+00,,
2401622f-03bd-4f36-aca1-96e399d5a110,769513cc-c70d-41c0-9bb6-99b480841b4f,-54,Conversion,CONV-1775903177834,Packaging for 15,2026-04-11 18:59:59.999+00,2026-04-11 10:26:18.761185+00,,
50575d65-59d2-4064-809a-39c385054f29,2c981082-c3ab-47b1-99c3-c34fe22ee02c,-2000,Sale,INV-2026-04-00250||/sales/invoices/c7daafb5-3d34-4ba5-bb8c-47d864dea96d||line:0f15984a-4020-46b0-997b-882166032d47,Premium Fine - 80,2026-04-06 19:00:00+00,2026-04-11 11:43:07.636073+00,,
792e4d7f-e415-4bf1-bd91-d84ddd3999b8,8851e237-ca39-487c-a35f-e28fe711d32c,-250,Sale,INV-2026-04-00274||/sales/invoices/d09f37db-e5de-45dc-8a97-748d225e3239||line:36a0ec2c-c25d-4861-9b5f-03fcf6c8844a,Premium Maida - 50,2026-04-09 19:00:00+00,2026-04-11 12:48:23.132616+00,,
9df957a1-b565-4ff3-a1be-f869178e1d90,e560c8fd-332b-48cb-b7de-125a590bcb0c,-7200,Sale,INV-2026-04-00298||/sales/invoices/908e8d0b-a05f-43a2-b32c-462413ba6221||line:19e045cf-659f-4081-b282-964bf01f8aa8,Premium Maida - 80,2026-04-10 19:00:00+00,2026-04-13 12:26:05.09257+00,,
a873e6be-8fc5-410c-a7ec-74fa322626f2,937ec71e-d35e-4c0a-b48a-7e72d77e86c1,-3000,Sale,INV-2026-04-00311||/sales/invoices/c65f1673-cbb6-4c7a-aaae-1704f845e8d5||line:a3dc4427-3376-4dac-82f0-117b1d0327c6,Al-Qamar Atta(Silver) - 15,2026-04-12 19:00:00+00,2026-04-15 05:52:15.134336+00,,
77a3bfde-9270-4bac-a534-ddfa0b740886,d23536f3-0d86-4dcd-934e-9085566d4dc7,161.55,Purchase,PO-2026-04-00039||/purchase/c1de57c5-25bd-4be1-9c6e-974a0a7a757c/edit||line:fb0be506-b55d-444e-a10e-49b7b9fa6602,Wheat - Kaat,2026-04-15 18:59:59.999+00,2026-04-16 06:05:19.496723+00,,
56d6cc39-7705-4f2d-b9de-c8a59627aa68,1066c1db-bbd7-4256-a751-f5cbf463f8a3,15,Conversion,CONV-1776332891780,Stock Conversion (Destination),2026-04-16 18:59:59.999+00,2026-04-16 09:48:12.804721+00,,
87002120-1643-4b1b-9342-a33dfea093ed,8851e237-ca39-487c-a35f-e28fe711d32c,4000,Conversion,CONV-1776332924225,Stock Conversion (Destination),2026-04-16 18:59:59.999+00,2026-04-16 09:48:44.749398+00,,
e7d9f157-ad64-4419-b575-3d663c50a02d,2c981082-c3ab-47b1-99c3-c34fe22ee02c,-1600,Sale,INV-2026-04-00345||/sales/invoices/4374bf9d-f09f-4e6b-8aed-20343eb8ee05||line:e4644aac-2824-45a6-8c2c-a5073bc9fe10,Premium Fine - 80,2026-04-16 19:00:00+00,2026-04-17 12:36:41.578795+00,,
6a32d06f-a3e2-48d8-831c-476924e44047,e560c8fd-332b-48cb-b7de-125a590bcb0c,-12800,Sale,INV-2026-04-00358||/sales/invoices/87d70d51-ceab-4bb7-8492-1cd7f367d445||line:e464ed01-dbdd-4f8c-ad6a-5baa8fea2c0a,Premium Maida - 80,2026-04-19 19:00:00+00,2026-04-20 04:51:20.976382+00,,
9c48f5e1-ba9c-4af8-9834-f2a8e691b41e,2c981082-c3ab-47b1-99c3-c34fe22ee02c,4480,Production,MO-2026-04-00036||/production/73a9f521-f06d-460a-9c3e-3feff7de4260/edit||fg:cc7a47d8-0608-4333-947b-709e7eb70d0b,Finished Goods Production,2026-04-21 18:59:59.999+00,2026-04-21 07:35:57.024516+00,,
c651f572-4783-4568-be72-4d84e5e7dfb2,29a0bdd8-7ec8-49aa-94e2-3abc24a5fe6d,-297,Production,MO-2026-04-00038||/production/2f5d8574-b1a6-4f5d-94f2-4234be92cffd/edit||comp:7eef9a9e-e309-4fff-b658-a091aa796943,Component Consumption,2026-04-23 18:59:59.999+00,2026-04-23 12:40:18.8197+00,,
b8524cd0-4e73-445a-ae26-57b572ce300e,d23536f3-0d86-4dcd-934e-9085566d4dc7,109.75,Purchase,PO-2026-04-00048||/purchase/a4bc293e-13cf-43af-aa09-fb4878c5e153/edit||line:e7074457-4e63-430d-844b-8b166777d229,Wheat - Kaat,2026-04-23 18:59:59.999+00,2026-04-24 05:04:58.227665+00,,
d8b748d0-f8c5-4d2d-a6eb-fb2f898f7e3d,c96b657d-0bd6-4386-b94c-339c33714e3b,-90,Production,MO-2026-04-00039||/production/9f3329ea-a745-43be-9cce-e6188a3dbedf/edit||comp:c5eb7bb4-1b31-48ee-ae37-b485d4004590,Component Consumption,2026-04-24 18:59:59.999+00,2026-04-25 05:09:50.598754+00,,
11db2ea3-bc90-4556-9774-cfcb4b2cfca1,2c981082-c3ab-47b1-99c3-c34fe22ee02c,7680,Production,MO-2026-04-00040||/production/bad3ad9b-1547-4306-b788-4d36328c35b9/edit||fg:68d2883d-aa04-433e-b943-6f8816550a8c,Finished Goods Production,2026-04-25 18:59:59.999+00,2026-04-25 10:46:49.423054+00,,
3129a0fc-7b2d-4114-9fea-f7a6a8d4b1e9,8b945707-4cb1-4e34-8d12-92da06120bd2,-54,Production,MO-2026-04-00041||/production/ca31d9ae-5e0f-4aa7-9c90-204f4059c529/edit||comp:581ddf13-277b-4ce7-b348-f159393cd5b9,Component Consumption,2026-04-27 18:59:59.999+00,2026-04-28 12:15:17.517935+00,,
7baac8ba-7f6c-4fa9-b76e-7ea2cd148853,d23536f3-0d86-4dcd-934e-9085566d4dc7,12216.6,Purchase,PO-2026-04-00056||/purchase/68bb8d77-767f-49b4-a9ec-76dc5e7f7ee9/edit||line:76fa546b-9c96-4917-9d20-beddf8ca8d09,Wheat,2026-04-28 18:59:59.999+00,2026-04-29 08:23:28.195729+00,,
6844e241-073e-4543-b7f9-709e28fedac6,1066c1db-bbd7-4256-a751-f5cbf463f8a3,-2250,Sale,INV-2026-04-00399||/sales/invoices/61ba4f4e-c10f-41e8-8a72-6ed0ae16dcef||line:302b5c85-c082-4021-ae3d-250fb1fe8d2a,Al-Qamar Atta - 15,2026-04-27 19:00:00+00,2026-04-30 05:59:25.990239+00,,
09ac58cd-6e1a-483f-aa5a-fb6469169c34,2c981082-c3ab-47b1-99c3-c34fe22ee02c,-1600,Sale,INV-2026-04-00401||/sales/invoices/fb9acb1e-4918-4230-9e9e-33c3747c5cac||line:1476ee27-4892-4493-82af-da5e74459a44,Premium Fine - 80,2026-04-27 19:00:00+00,2026-04-30 14:20:31.390882+00,,
6adaa44a-17ed-4cbe-9350-9976cd4512bd,2c981082-c3ab-47b1-99c3-c34fe22ee02c,-2400,Sale,INV-2026-04-00411||/sales/invoices/19802d88-12eb-4259-9306-2511443fc8ba||line:c117548d-e32e-4e2a-870b-21d30cb2941b,Premium Fine - 80,2026-04-28 19:00:00+00,2026-04-30 15:51:38.963245+00,,
68aef1d2-97e3-4a43-8de6-64c43884a109,8851e237-ca39-487c-a35f-e28fe711d32c,-500,Sale,INV-2026-04-00418||/sales/invoices/e4518bd1-cc7a-475d-9b6d-659c6feefc58||line:263e3493-9ef8-488e-a724-00a1e35044f8,Premium Maida - 50,2026-04-29 19:00:00+00,2026-04-30 16:14:26.64486+00,,
921d1a11-634e-46bc-b453-cd4e9a6f0f53,2725799f-a307-4777-8b00-84f03278ab57,-3,Conversion,CONV-1777612151196,Packaging for 20,2026-05-01 18:59:59.999+00,2026-05-01 05:09:11.835136+00,,
b9410d19-a394-4304-997a-f344d26eff3f,8851e237-ca39-487c-a35f-e28fe711d32c,-2500,Sale,INV-2026-05-00449||/sales/invoices/d72de90c-a831-4c8a-b08b-e7bf3d0392e6||line:67086d7b-e337-4d26-8a59-27430053daa7,Premium Maida - 50,2026-05-05 19:00:00+00,2026-05-07 08:50:02.251838+00,,
ebb54ba9-65ae-4ba9-b26f-9c5766a6f4e1,1066c1db-bbd7-4256-a751-f5cbf463f8a3,-150,Sale,INV-2026-05-00454||/sales/invoices/6f7a292b-13c3-4917-b8f4-ba0d6dfcb890||line:5fb6b3fe-7154-4c7b-a4f2-8e737a0d63aa,Al-Qamar Atta - 15,2026-05-05 19:00:00+00,2026-05-07 08:57:08.136848+00,,
21a0786b-51b3-410e-b38a-64b1e3b8ad23,d23536f3-0d86-4dcd-934e-9085566d4dc7,12894.75,Purchase,PO-2026-05-00063||/purchase/2c11df92-50b4-4352-853f-f76a598b90b1/edit||line:01e61f5b-6e2f-4ee2-9700-3378e6851bc5,Wheat,2026-05-08 18:59:59.999+00,2026-05-08 06:43:36.726757+00,,
dc69336b-0a62-4fc7-85fe-f95f9fca7a90,29f97aa5-e538-4261-b69f-6b1a394015c9,700,Purchase,PO-2026-05-00058||/purchase/7554b8a4-0790-4e1a-923b-cbb385a1bfd2/edit||line:379001b2-8e8f-4c85-b9d7-e81752103aef,Wheat Bardana,2026-05-02 18:59:59.999+00,2026-05-02 08:21:45.636607+00,,
bf6c1f97-bdfe-4cf6-a67d-564cad4d9568,2c981082-c3ab-47b1-99c3-c34fe22ee02c,640,Sale Return,SCN-2026-03-00058||/sales/credit-notes/6ad89c88-76c2-4589-a76d-d4ee72ac1553,Customer Return: Returns,2026-03-13 06:51:52.148+00,2026-03-16 06:51:52.16619+00,,
c81adeb7-a825-4f51-a034-72bbd54c4c68,71747c3d-230b-4f6c-a3a5-80ca29120b16,6240,Adjustment,Manual Adjustment,For Sale Invoice,2026-03-18 12:35:29.478281+00,2026-03-18 12:35:29.478281+00,,
98dec1b4-13e1-4ebc-b2d2-f0db605435d1,a6707819-7f9c-4968-ad8e-badfec24bef2,-800,Sale,INV-2026-03-00150||/sales/invoices/9d6b7d12-4cbd-4767-9dbe-91af63dc7c2b||line:ef0d688f-01f9-4aac-bfcf-2158fac0aa72,Al-Qamar Atta(Green) - 20,2026-03-17 19:00:00+00,2026-03-25 12:37:04.534728+00,,
9680b75d-95fa-4667-8dd8-dc977b7e868c,e560c8fd-332b-48cb-b7de-125a590bcb0c,-12800,Sale,INV-2026-03-00169||/sales/invoices/ab50e496-e013-44c6-bb54-a19f8377279c||line:1ec4ddba-6dd6-4fa3-82d1-0d380c633a1c,Premium Maida - 80,2026-03-27 19:00:00+00,2026-03-30 07:35:23.173972+00,,
ebb942aa-6260-4354-8f8a-085931270afd,29f97aa5-e538-4261-b69f-6b1a394015c9,1000,Purchase,PO-2026-04-00023||/purchase/bf7fc486-d05a-4c6c-91c3-7f38d8e6ff0d/edit||line:93017044-9592-43ae-aa17-718478f9bd3f,Wheat Bardana,2026-04-01 18:59:59.999+00,2026-04-02 08:58:59.01495+00,,
a08b858c-d0fc-40bb-b7af-cbc65cf41435,d23536f3-0d86-4dcd-934e-9085566d4dc7,-55020,Production,MO-2026-04-00019||/production/e14982e6-d213-49f1-903f-cd5619432661/edit||comp:cd8af86f-0d4c-42d7-a8cc-659a2f392b71,Component Consumption,2026-04-01 18:59:59.999+00,2026-04-09 13:06:00.692642+00,,
b002fa79-7532-4d75-9cb9-bb4d08e27ad5,65415ac9-fc97-471a-b17f-1340c7b1b55a,-175,Production,MO-2026-04-00019||/production/e14982e6-d213-49f1-903f-cd5619432661/edit||comp:32c30d30-580c-4ddb-a9bd-1a1b3c4ba2ec,Component Consumption,2026-04-01 18:59:59.999+00,2026-04-09 13:06:02.55596+00,,
b808c1f6-43cb-4fc9-9230-c82433dfe9dd,2725799f-a307-4777-8b00-84f03278ab57,-268,Production,MO-2026-04-00024||/production/0d40d11e-be0e-488d-9ab9-046b7f022cf1/edit||comp:7c836c18-2659-4d6c-9b27-5f3a2283452d,Component Consumption,2026-04-07 18:59:59.999+00,2026-04-10 11:19:44.693698+00,,
b58e1641-aa8e-4abd-ab8e-4bb62f659c85,2c981082-c3ab-47b1-99c3-c34fe22ee02c,6800,Production,MO-2026-04-00024||/production/0d40d11e-be0e-488d-9ab9-046b7f022cf1/edit||fg:af9973f9-bfeb-49c2-ad14-aa07dc4d0a1e,Finished Goods Production,2026-04-07 18:59:59.999+00,2026-04-10 11:19:47.518849+00,,
f7ca0419-4767-4dd4-8ab5-485b91eeec96,e646adf3-e04a-4919-8dd4-d53927f5584b,-2000,Sale,INV-2026-04-00189||/sales/invoices/de1b39a0-e500-421a-844f-20dbb52562a4||line:0e2b15f2-8364-4881-ab9b-f19ba62f50fe,Al-Qamar Atta(Green) - 10,2026-03-31 19:00:00+00,2026-04-10 12:25:32.000437+00,,
eb5e6378-3745-4fd4-8053-5a345968dc60,2c981082-c3ab-47b1-99c3-c34fe22ee02c,-2000,Sale,INV-2026-04-00213||/sales/invoices/99fd0976-446a-46f1-b3b8-c92e00edbc35||line:f724cd22-7487-4f85-b578-9478a19aefa1,Premium Fine - 80,2026-04-03 19:00:00+00,2026-04-10 13:50:22.318691+00,,
afbe69c3-b371-4594-839e-a2d4d49af04f,e646adf3-e04a-4919-8dd4-d53927f5584b,-90,Conversion,CONV-1775903296367,Stock Conversion (Source),2026-04-11 18:59:59.999+00,2026-04-11 10:28:16.855376+00,,
208f14d8-cb1e-4d68-88b0-eaf155761a8d,937ec71e-d35e-4c0a-b48a-7e72d77e86c1,90,Conversion,CONV-1775903296367,Stock Conversion (Destination),2026-04-11 18:59:59.999+00,2026-04-11 10:28:17.629056+00,,
bbddb009-d9c7-4122-b475-a01393a40bc3,2c981082-c3ab-47b1-99c3-c34fe22ee02c,-3200,Sale,INV-2026-04-00251||/sales/invoices/642af90e-affb-4f50-b812-0d2e83a57ef7||line:11a6ee9b-4f9c-4d9a-b39e-0311f07fc21f,Premium Fine - 80,2026-04-06 19:00:00+00,2026-04-11 11:44:16.709232+00,,
6ab49319-d7ac-42f5-a5dd-fe57db5b90ca,937ec71e-d35e-4c0a-b48a-7e72d77e86c1,-2250,Sale,INV-2026-04-00275||/sales/invoices/ce540c11-8132-4f42-ae42-3f484dbc4e17||line:c732cb7e-8427-496e-8dc2-a94f11a37181,Al-Qamar Atta(Silver) - 15,2026-04-09 19:00:00+00,2026-04-11 12:49:34.520478+00,,
03852ca4-c24e-40ea-b7ff-9077786fc16c,937ec71e-d35e-4c0a-b48a-7e72d77e86c1,-1005,Sale,INV-2026-04-00299||/sales/invoices/399d250a-b90f-498a-83b8-3736a45b3b7c||line:46f16dea-4024-4bf9-bbe2-14a3c488e59a,Al-Qamar Atta(Silver) - 15,2026-04-12 19:00:00+00,2026-04-13 16:22:23.399842+00,,
c3de1284-eb4e-48c3-981f-8c01691e04ae,2c981082-c3ab-47b1-99c3-c34fe22ee02c,-1120,Sale,INV-2026-04-00311||/sales/invoices/c65f1673-cbb6-4c7a-aaae-1704f845e8d5||line:79af5f7a-512a-42d3-a6cd-793baa791958,Premium Fine - 80,2026-04-12 19:00:00+00,2026-04-15 05:52:15.489768+00,,
b6ee741b-24b7-49b1-984b-1b55320ce406,d23536f3-0d86-4dcd-934e-9085566d4dc7,-31028,Production,MO-2026-04-00031||/production/913b7bb3-172d-448d-b074-9b78cf50dfc9/edit||comp:91828c78-e975-4797-a268-ba8a7ef6de46,Component Consumption,2026-04-15 18:59:59.999+00,2026-04-16 06:13:17.037489+00,,
1038c2d4-edfd-4ebe-9e74-01c0cfcc7083,da5c9701-b165-4fcf-85ac-7d8abfba8e6b,-237,Production,MO-2026-04-00031||/production/913b7bb3-172d-448d-b074-9b78cf50dfc9/edit||comp:64a26498-acc2-4e96-93d0-9c7df46aa07e,Component Consumption,2026-04-15 18:59:59.999+00,2026-04-16 06:13:17.277449+00,,
5c2361a4-2ad4-40c5-948d-08954de31829,c8ca813c-e4be-428e-aef8-503eeeb948b7,-241,Production,MO-2026-04-00031||/production/913b7bb3-172d-448d-b074-9b78cf50dfc9/edit||comp:d35673eb-9d2d-4c47-883a-72fd7bcda0e9,Component Consumption,2026-04-15 18:59:59.999+00,2026-04-16 06:13:17.508538+00,,
30f7ec65-a4c0-49c7-a365-90fc0df7825d,8b945707-4cb1-4e34-8d12-92da06120bd2,-57,Production,MO-2026-04-00031||/production/913b7bb3-172d-448d-b074-9b78cf50dfc9/edit||comp:37e700e0-bf4f-4984-94d8-3dc30dbc89f3,Component Consumption,2026-04-15 18:59:59.999+00,2026-04-16 06:13:17.733714+00,,
db8691e1-be6e-4e92-b0b6-506fb9627573,a40b07a6-2948-489d-8dec-5e206ba38989,-424,Production,MO-2026-04-00031||/production/913b7bb3-172d-448d-b074-9b78cf50dfc9/edit||comp:473fa46b-c60b-4801-a497-882888304745,Component Consumption,2026-04-15 18:59:59.999+00,2026-04-16 06:13:17.956864+00,,
293266ef-1021-42f6-8e4f-0ac37751f36a,8851e237-ca39-487c-a35f-e28fe711d32c,12050,Production,MO-2026-04-00031||/production/913b7bb3-172d-448d-b074-9b78cf50dfc9/edit||fg:7ccd5cc7-8c3b-42d6-a011-70173fbdf45c,Finished Goods Production,2026-04-15 18:59:59.999+00,2026-04-16 06:13:18.823965+00,,
a200a178-0854-4929-99f8-5a5c9457915b,d23536f3-0d86-4dcd-934e-9085566d4dc7,12295.8,Purchase,PO-2026-04-00040||/purchase/91aa56bc-d184-4d01-84ed-7ee241946a7e/edit||line:92efc0a7-e5a1-4899-8cd3-e66a2fb53dc5,Wheat,2026-04-16 18:59:59.999+00,2026-04-16 15:55:16.083465+00,,
8797cf5d-4b49-4dc5-ad89-c043a160450f,1066c1db-bbd7-4256-a751-f5cbf463f8a3,-2145,Sale,INV-2026-04-00346||/sales/invoices/c95af939-0f74-4054-9eeb-d8c01f563a03||line:34dd80b4-17b2-44cb-8350-1b339288378c,Al-Qamar Atta - 15,2026-04-16 19:00:00+00,2026-04-17 12:38:40.603778+00,,
d03735d0-22bc-46c2-b2b4-27d3f032de81,1066c1db-bbd7-4256-a751-f5cbf463f8a3,5040,Production,MO-2026-04-00036||/production/73a9f521-f06d-460a-9c3e-3feff7de4260/edit||fg:cc0e8d02-5e30-40e6-8de5-7f44df3960f4,Finished Goods Production,2026-04-21 18:59:59.999+00,2026-04-21 07:35:57.364142+00,,
16eba3e9-2f88-410e-bf1f-5d2d79c27e01,36fc17de-cda5-4433-9ab6-525db53d1776,-144,Production,MO-2026-04-00038||/production/2f5d8574-b1a6-4f5d-94f2-4234be92cffd/edit||comp:81b8cd80-3604-4d8f-85b5-4aa5960a5d60,Component Consumption,2026-04-23 18:59:59.999+00,2026-04-23 12:40:18.996493+00,,
91ce69eb-dcda-47c6-afc4-7d3b94a492b7,d23536f3-0d86-4dcd-934e-9085566d4dc7,-10865.25,Adjustment,Rev: PO-2026-04-00048||/purchase/a4bc293e-13cf-43af-aa09-fb4878c5e153/edit||line:06007fd3-4548-4124-9534-dfdc75c8d6b9,PO Reset to Draft (Reception Cancelled),2026-04-24 17:10:22+00,2026-04-24 12:10:22.829002+00,,
bd8ceba2-45ab-44d4-beb3-fa053793a06e,0825ad1f-baf7-4c6c-b9a8-df86095dac5c,-2,Production,MO-2026-04-00039||/production/9f3329ea-a745-43be-9cce-e6188a3dbedf/edit||comp:154edd43-ad22-4663-bed4-bfaa87682e61,Component Consumption,2026-04-24 18:59:59.999+00,2026-04-25 05:09:50.775435+00,,
4fc9f890-2761-4ab0-93bc-b9f37a4fe7f7,c6b76b35-74b4-4b7d-aa4d-e473698b2f81,40,Production,MO-2026-04-00040||/production/bad3ad9b-1547-4306-b788-4d36328c35b9/edit||fg:3ee457c9-0fab-435b-8c5e-09657775de07,Finished Goods Production,2026-04-25 18:59:59.999+00,2026-04-25 10:46:49.661801+00,,
5fe4a304-b6bb-4bf5-a5f3-d8317d03a641,65415ac9-fc97-471a-b17f-1340c7b1b55a,-110,Production,MO-2026-04-00041||/production/ca31d9ae-5e0f-4aa7-9c90-204f4059c529/edit||comp:7b109c50-3518-4cc2-95d1-78604b43ebe2,Component Consumption,2026-04-27 18:59:59.999+00,2026-04-28 12:15:17.698533+00,,
78796739-e16a-4b4f-82cb-34a547237806,d23536f3-0d86-4dcd-934e-9085566d4dc7,123.4,Purchase,PO-2026-04-00056||/purchase/68bb8d77-767f-49b4-a9ec-76dc5e7f7ee9/edit||line:acdbaca0-8cf4-42bf-b678-7172e26c4f76,Wheat - Kaat,2026-04-28 18:59:59.999+00,2026-04-29 08:23:28.625344+00,,
b6440bff-1ef4-480f-9077-36780937a5f1,18568477-1a69-413a-b5bd-94333c860750,-17000,Sale,INV-2026-04-00400||/sales/invoices/3b268f6f-2c94-4ca8-8dab-f0ba97474f5d||line:30695935-d8d3-4c21-ac47-226cdacdf87d,Premium Bran - 34,2026-04-29 19:00:00+00,2026-04-30 06:34:46.420014+00,,
151b943d-88f4-45e1-a899-e6cee9b43bf6,2c981082-c3ab-47b1-99c3-c34fe22ee02c,-4000,Sale,INV-2026-04-00402||/sales/invoices/88f23c13-7504-479d-bc86-830be38f1498||line:6e4c8d24-aa8d-4f15-91e4-61312f89c226,Premium Fine - 80,2026-04-27 19:00:00+00,2026-04-30 14:21:37.10976+00,,
6f4251f6-cc01-4ade-981e-b82b1d4b4b80,396eef73-791a-465c-ae17-b78505b08d5f,-830,Sale,INV-2026-04-00412||/sales/invoices/9a286515-6ba1-4213-8c8e-beb0f6e316cf||line:007962a4-abac-434f-bd4c-b9ce94a8f290,Premium Pizza Flour - 10,2026-04-24 19:00:00+00,2026-04-30 15:54:06.344031+00,,
092057d0-70d9-46f7-bc5b-c5da0b1fae90,e560c8fd-332b-48cb-b7de-125a590bcb0c,-12000,Sale,INV-2026-03-00119||/sales/invoices/a8d7c8a1-2143-45f1-90fb-4e47beddcb3b||line:b4197590-8b6f-4a75-b182-a3612958e010,Premium Maida - 80,2026-03-13 19:00:00+00,2026-03-16 07:13:05.408244+00,,
a2553652-a732-46fd-beb4-7ceb9a2b5e49,71747c3d-230b-4f6c-a3a5-80ca29120b16,-6240,Sale,INV-2026-03-00130||/sales/invoices/60fb3da2-3b36-46ca-9d8b-30f917682bf4||line:676e604f-6169-4710-bf25-c5fe8072fb9b,Refraction (Ghundi) - Standard,2026-03-15 19:00:00+00,2026-03-18 12:38:24.427039+00,,
61604df1-b7fc-4dfb-ad8b-c6ce57c404ff,29f97aa5-e538-4261-b69f-6b1a394015c9,-12,Sale,INV-2026-03-00130||/sales/invoices/60fb3da2-3b36-46ca-9d8b-30f917682bf4||line:58b3bd3a-ce8f-467e-9649-147d63c6a93e,Wheat Bardana - Standard,2026-03-15 19:00:00+00,2026-03-18 12:38:24.668932+00,,
e5476eb3-c332-42b1-b5c9-e49977ed3687,2c981082-c3ab-47b1-99c3-c34fe22ee02c,-1600,Sale,INV-2026-03-00150||/sales/invoices/9d6b7d12-4cbd-4767-9dbe-91af63dc7c2b||line:5938e2c2-c5a6-41f8-a810-4b2c06b4daaa,Premium Fine - 80,2026-03-17 19:00:00+00,2026-03-25 12:37:04.902662+00,,
553032bc-4dc6-4edf-8184-e519f31f9308,e646adf3-e04a-4919-8dd4-d53927f5584b,-1000,Sale,INV-2026-03-00170||/sales/invoices/1cb3be5f-b471-450f-91dc-7aad061f7738||line:e6eeb789-9d1b-46ef-8f9a-0ebe4f5ebe62,Al-Qamar Atta(Green) - 10,2026-03-27 19:00:00+00,2026-03-30 08:02:33.977731+00,,
fc3b9173-64a5-4c20-8db8-856544a9f114,d23536f3-0d86-4dcd-934e-9085566d4dc7,525.45,Purchase,PO-2026-04-00023||/purchase/bf7fc486-d05a-4c6c-91c3-7f38d8e6ff0d/edit||line:4cb8a355-66ea-45bd-98e5-128ab174dfba,Wheat - Kaat,2026-04-01 18:59:59.999+00,2026-04-02 08:58:59.499271+00,,
1b943a40-6388-4f31-9572-d08e9706e0a2,a40b07a6-2948-489d-8dec-5e206ba38989,-494,Production,MO-2026-04-00019||/production/e14982e6-d213-49f1-903f-cd5619432661/edit||comp:2eae91e9-0120-4047-af07-64b64d7b517b,Component Consumption,2026-04-01 18:59:59.999+00,2026-04-09 13:06:00.946491+00,,
bf6a1879-bb02-47b2-bedc-5f807bb7cdd2,da5c9701-b165-4fcf-85ac-7d8abfba8e6b,-335,Production,MO-2026-04-00019||/production/e14982e6-d213-49f1-903f-cd5619432661/edit||comp:393d375b-f3f5-4a6b-8350-2aede2c433e3,Component Consumption,2026-04-01 18:59:59.999+00,2026-04-09 13:06:02.753606+00,,
ce7084d9-8c33-4210-b736-1afe239f092b,dcb00b2e-ea89-4e17-b1bb-67e576da4e6d,3000,Production,MO-2026-04-00019||/production/e14982e6-d213-49f1-903f-cd5619432661/edit||fg:c4ef8650-e4e4-4906-803a-997af2fb7d5c,Finished Goods Production,2026-04-01 18:59:59.999+00,2026-04-09 13:06:04.305747+00,,
e692ad7f-9c00-4bc4-8548-31b482125c0d,e560c8fd-332b-48cb-b7de-125a590bcb0c,14000,Production,MO-2026-04-00019||/production/e14982e6-d213-49f1-903f-cd5619432661/edit||fg:52b12bc2-e4f5-4b40-bc25-1becd76e2a40,Finished Goods Production,2026-04-01 18:59:59.999+00,2026-04-09 13:06:05.503938+00,,
0f98eab9-3617-4d98-afc8-734ca9641a79,769513cc-c70d-41c0-9bb6-99b480841b4f,-296,Production,MO-2026-04-00024||/production/0d40d11e-be0e-488d-9ab9-046b7f022cf1/edit||comp:3efdd28b-0c20-4802-89d4-8acb3f54df7e,Component Consumption,2026-04-07 18:59:59.999+00,2026-04-10 11:19:44.885199+00,,
112a1583-00d4-4f31-8d81-98eabd13de26,a6707819-7f9c-4968-ad8e-badfec24bef2,-3200,Sale,INV-2026-04-00189||/sales/invoices/de1b39a0-e500-421a-844f-20dbb52562a4||line:c02ad3bc-a738-4dd6-be00-99c11a83c5ab,Al-Qamar Atta(Green) - 20,2026-03-31 19:00:00+00,2026-04-10 12:25:32.259808+00,,
1118bef9-7842-43b0-b86a-fa39ec3d4d09,2c981082-c3ab-47b1-99c3-c34fe22ee02c,-3200,Sale,INV-2026-04-00214||/sales/invoices/f4445e7e-3ff8-4b63-bbf8-8399be70990e||line:2b8e50b5-27a3-4f13-a047-23fed4f29a72,Premium Fine - 80,2026-04-03 19:00:00+00,2026-04-10 13:51:12.454055+00,,
b62bf1ea-8ba6-4678-b9f6-5ca07ff7ca84,1066c1db-bbd7-4256-a751-f5cbf463f8a3,-2400,Sale,INV-2026-04-00215||/sales/invoices/e9adccf5-32aa-4fb0-99bc-6522972488b4||line:841dcb65-e77d-4794-b3d6-9fe30c06a644,Al-Qamar Atta - 15,2026-04-03 19:00:00+00,2026-04-10 13:52:09.778717+00,,
9a8da9f2-ebab-4529-bd13-1a10b3a6a589,769513cc-c70d-41c0-9bb6-99b480841b4f,-6,Conversion,CONV-1775903296367,Packaging for 15,2026-04-11 18:59:59.999+00,2026-04-11 10:28:17.41263+00,,
5e91a148-7790-4231-a765-6ffe5ff22289,2c981082-c3ab-47b1-99c3-c34fe22ee02c,-2320,Sale,INV-2026-04-00252||/sales/invoices/f0ec89b8-a5cc-46e9-a73b-f72b1a6a8afe||line:8f2e7fbe-5f80-4613-8cf1-eef9023c6950,Premium Fine - 80,2026-04-06 19:00:00+00,2026-04-11 11:51:06.01342+00,,
5eedbe24-40ef-4e17-a696-d523e6b7e855,937ec71e-d35e-4c0a-b48a-7e72d77e86c1,-1500,Sale,INV-2026-04-00276||/sales/invoices/04f0dfee-dca5-40f8-9008-0793737bebfb||line:b894f8d2-c45e-4b0f-b353-f210b89b8747,Al-Qamar Atta(Silver) - 15,2026-04-09 19:00:00+00,2026-04-11 12:50:44.930876+00,,
f683deb7-f297-4a42-ac2e-ebe5c422d22a,937ec71e-d35e-4c0a-b48a-7e72d77e86c1,1005,Adjustment,DELETED: INV-2026-04-00299 (was reversed),Original invoice was deleted on 2026-04-13,2026-04-12 19:00:00+00,2026-04-13 18:23:08.197186+00,136696c3-7e71-4148-802d-3fd9404846ac,
dd9ac387-f982-4b31-b4c6-2c80b726b17a,8851e237-ca39-487c-a35f-e28fe711d32c,-100,Sale,INV-2026-04-00311||/sales/invoices/c65f1673-cbb6-4c7a-aaae-1704f845e8d5||line:17bfbdea-9f5a-4eae-8c30-3e2c316f9e1b,Premium Maida - 50,2026-04-12 19:00:00+00,2026-04-15 05:52:15.805397+00,,
1092d988-9047-4496-8827-c4b850ebd1d8,18568477-1a69-413a-b5bd-94333c860750,8058,Production,MO-2026-04-00031||/production/913b7bb3-172d-448d-b074-9b78cf50dfc9/edit||fg:81d04ffc-800f-4876-a360-f198651df9e7,Finished Goods Production,2026-04-15 18:59:59.999+00,2026-04-16 06:13:18.48453+00,,
1e55019c-ff57-4d55-9254-386a948d8b19,29f97aa5-e538-4261-b69f-6b1a394015c9,249,Purchase,PO-2026-04-00040||/purchase/91aa56bc-d184-4d01-84ed-7ee241946a7e/edit||line:d8104027-2239-458e-a468-2ce86d3df8c0,Wheat Bardana,2026-04-16 18:59:59.999+00,2026-04-16 15:55:16.640006+00,,
9559b5bb-9030-4148-a293-46467b5e06f2,2c981082-c3ab-47b1-99c3-c34fe22ee02c,-320,Sale,INV-2026-04-00346||/sales/invoices/c95af939-0f74-4054-9eeb-d8c01f563a03||line:5e7d97e4-b6be-4a00-89f5-981d4ac6996a,Premium Fine - 80,2026-04-16 19:00:00+00,2026-04-17 12:38:40.974911+00,,
42a1c4b1-03bc-4fe4-a7a0-96c995708d27,2c981082-c3ab-47b1-99c3-c34fe22ee02c,-1520,Sale,INV-2026-04-00364||/sales/invoices/ec057794-cae0-41a2-be1f-eb852b8edaeb||line:2925f23e-64bb-4762-b838-daa7b88c470e,Premium Fine - 80,2026-04-20 19:00:00+00,2026-04-21 07:38:32.660007+00,,
bbc459df-72f7-493d-8142-00b5b65eb1f1,18568477-1a69-413a-b5bd-94333c860750,4896,Production,MO-2026-04-00038||/production/2f5d8574-b1a6-4f5d-94f2-4234be92cffd/edit||fg:3b1dba86-451c-41ab-a383-8fe36794eec7,Finished Goods Production,2026-04-23 18:59:59.999+00,2026-04-23 12:40:19.471629+00,,
671f8a97-8879-40ec-8746-858305608ad9,e560c8fd-332b-48cb-b7de-125a590bcb0c,8560,Production,MO-2026-04-00038||/production/2f5d8574-b1a6-4f5d-94f2-4234be92cffd/edit||fg:78f4bbc7-2fc8-4c9f-a7ff-82022bc92c9f,Finished Goods Production,2026-04-23 18:59:59.999+00,2026-04-23 12:40:19.751319+00,,
9724d238-ec83-4110-81fb-c5680c1f9227,2c981082-c3ab-47b1-99c3-c34fe22ee02c,3920,Production,MO-2026-04-00038||/production/2f5d8574-b1a6-4f5d-94f2-4234be92cffd/edit||fg:0cfd1c4b-4373-48ff-9ae7-ea55142de137,Finished Goods Production,2026-04-23 18:59:59.999+00,2026-04-23 12:40:20.042382+00,,
51526fac-ca6a-4ce1-aa04-803d0205cbbd,4c46ce95-42bf-4f3d-beb8-123623d0fa76,50,Production,MO-2026-04-00038||/production/2f5d8574-b1a6-4f5d-94f2-4234be92cffd/edit||fg:d4784b37-80cf-49f7-a1eb-271e4a191f17,Finished Goods Production,2026-04-23 18:59:59.999+00,2026-04-23 12:40:20.303735+00,,
e85cd673-3888-4388-94b7-e8e0ee779577,c6b76b35-74b4-4b7d-aa4d-e473698b2f81,20,Production,MO-2026-04-00038||/production/2f5d8574-b1a6-4f5d-94f2-4234be92cffd/edit||fg:e93c5899-401a-4719-be8d-3cdf0f882a11,Finished Goods Production,2026-04-23 18:59:59.999+00,2026-04-23 12:40:20.572114+00,,
61d432f5-9340-40fa-a493-aec626b05e6d,1066c1db-bbd7-4256-a751-f5cbf463f8a3,4440,Production,MO-2026-04-00038||/production/2f5d8574-b1a6-4f5d-94f2-4234be92cffd/edit||fg:c316e8c0-0f39-4587-92bc-ea7a2154ef0a,Finished Goods Production,2026-04-23 18:59:59.999+00,2026-04-23 12:40:20.839218+00,,
3d74ccab-9194-44d4-b413-4a9e34dc421a,29f97aa5-e538-4261-b69f-6b1a394015c9,-220,Adjustment,Rev: PO-2026-04-00048||/purchase/a4bc293e-13cf-43af-aa09-fb4878c5e153/edit||line:6acff18b-c05d-431a-a849-e4cf7a1e537f,PO Reset to Draft (Reception Cancelled),2026-04-24 17:10:23+00,2026-04-24 12:10:23.041934+00,,
1c25c430-81cc-4965-8d36-a878fc0fa9c2,8b945707-4cb1-4e34-8d12-92da06120bd2,-60,Production,MO-2026-04-00039||/production/9f3329ea-a745-43be-9cce-e6188a3dbedf/edit||comp:5d9ad99e-07d8-4c70-9d37-29deb5df7292,Component Consumption,2026-04-24 18:59:59.999+00,2026-04-25 05:09:50.926149+00,,
0cbf6227-7e34-42fc-a7f5-6116ab0462a6,1066c1db-bbd7-4256-a751-f5cbf463f8a3,315,Production,MO-2026-04-00040||/production/bad3ad9b-1547-4306-b788-4d36328c35b9/edit||fg:28542af2-965f-4e3c-89b0-56651aeb9765,Finished Goods Production,2026-04-25 18:59:59.999+00,2026-04-25 10:46:49.892357+00,,
b62eddb9-12f9-4d59-80cb-b8abd2d8d5da,da5c9701-b165-4fcf-85ac-7d8abfba8e6b,-145,Production,MO-2026-04-00041||/production/ca31d9ae-5e0f-4aa7-9c90-204f4059c529/edit||comp:02821f1b-f830-4382-a951-fbb31e2264aa,Component Consumption,2026-04-27 18:59:59.999+00,2026-04-28 12:15:18.031174+00,,
52c7dd14-61b1-4fe9-b020-d1e134ccaf32,1066c1db-bbd7-4256-a751-f5cbf463f8a3,-30,Sale,INV-2026-04-00389||/sales/invoices/a9356e93-31fc-4131-9382-cc0fbc04ccd7||line:0c727a48-0e46-4a11-a1ba-cd022c26a708,Al-Qamar Atta - 15,2026-04-24 19:00:00+00,2026-04-29 15:26:45.431514+00,,
ec09d518-7ad4-4094-8bf4-09ce92969e65,e646adf3-e04a-4919-8dd4-d53927f5584b,-180,Conversion,CONV-1777560467495,Stock Conversion (Source),2026-04-30 18:59:59.999+00,2026-04-30 14:47:48.361315+00,,
0c8c4998-c89a-4610-9fa3-b28fa91e430d,e646adf3-e04a-4919-8dd4-d53927f5584b,-500,Sale,INV-2026-03-00120||/sales/invoices/84df7e39-8996-4d8a-8f23-2e16735da7c5||line:54a428bd-ee30-4d9c-ac03-4f6e9d8b8347,Al-Qamar Atta(Green) - 10,2026-03-13 19:00:00+00,2026-03-16 07:16:27.461478+00,,
75a99654-76a8-4526-a301-5c8d954d2d68,a6707819-7f9c-4968-ad8e-badfec24bef2,-80,Sale,INV-2026-03-00131||/sales/invoices/f3678bff-1c16-4e6e-9202-5b7d6de3f46a||line:3ceb43ae-f0c1-4d91-9d17-04cc485398b6,Al-Qamar Atta(Green) - 20,2026-03-16 19:00:00+00,2026-03-18 12:40:01.562166+00,,
2f038fcb-7843-4348-a2df-69c573d8a07e,7228dd62-c775-4f2b-bc08-dda954f29958,-5,Sale,INV-2026-03-00151||/sales/invoices/1ad8b515-68b4-4597-b771-f9ae82cc5714||line:4a115850-8e8e-4d03-bb11-21b4276191df,Premium Maida - 5,2026-03-17 19:00:00+00,2026-03-25 12:38:37.683096+00,,
393ca1ef-d907-4447-b925-d7205c8c3792,a6707819-7f9c-4968-ad8e-badfec24bef2,-3000,Sale,INV-2026-03-00170||/sales/invoices/1cb3be5f-b471-450f-91dc-7aad061f7738||line:a433dd48-ce23-413d-93d6-65c67cda0eb0,Al-Qamar Atta(Green) - 20,2026-03-27 19:00:00+00,2026-03-30 08:02:34.356858+00,,
71c27b68-7bcd-4287-8bf9-fa120e463fd3,d23536f3-0d86-4dcd-934e-9085566d4dc7,55613.25,Purchase,PO-2026-04-00024||/purchase/50754656-4de5-42f6-b64c-5a45adf7f4f0/edit||line:280fb4b9-ddf8-450d-8447-1cf1c3f81716,Wheat,2026-03-31 18:59:59.999+00,2026-04-02 09:30:51.610695+00,,
0a863fe8-60ff-4928-ab2b-e8bef14fd557,5dc03d6b-a9fc-4d75-976b-db7afb556301,-2,Production,MO-2026-04-00019||/production/e14982e6-d213-49f1-903f-cd5619432661/edit||comp:231a7506-0822-4ef1-b488-6bb22dc86bed,Component Consumption,2026-04-01 18:59:59.999+00,2026-04-09 13:06:01.163525+00,,
d3d43fb5-4fb2-4c3d-a33e-27a315b54082,769513cc-c70d-41c0-9bb6-99b480841b4f,-184,Production,MO-2026-04-00019||/production/e14982e6-d213-49f1-903f-cd5619432661/edit||comp:740614dc-ef4b-4960-8045-d5c5b54dc391,Component Consumption,2026-04-01 18:59:59.999+00,2026-04-09 13:06:02.959645+00,,
7478e1cd-a8bf-420b-9eae-452260995602,d23536f3-0d86-4dcd-934e-9085566d4dc7,-31735,Production,MO-2026-04-00025||/production/b6680b99-a568-4ad7-a5e7-d03884a1d19f/edit||comp:4da74349-ea96-47ae-bca4-1e40357ee1a2,Component Consumption,2026-04-08 18:59:59.999+00,2026-04-10 11:27:57.493187+00,,
b1b3275e-2554-4b00-a634-fb706fb0b6dc,769513cc-c70d-41c0-9bb6-99b480841b4f,-195,Production,MO-2026-04-00025||/production/b6680b99-a568-4ad7-a5e7-d03884a1d19f/edit||comp:9b3de801-70c2-459a-851f-aacd6b777c16,Component Consumption,2026-04-08 18:59:59.999+00,2026-04-10 11:27:59.270123+00,,
93b00116-d590-47df-a730-49641a073f78,dcb00b2e-ea89-4e17-b1bb-67e576da4e6d,-3000,Sale,INV-2026-04-00189||/sales/invoices/de1b39a0-e500-421a-844f-20dbb52562a4||line:93a187a7-535f-4d6f-8722-1f2a152c45c5,Premium Atta - 50,2026-03-31 19:00:00+00,2026-04-10 12:25:32.515721+00,,
c79c19fb-f0ca-4091-bd00-bee7eff95a06,1066c1db-bbd7-4256-a751-f5cbf463f8a3,-2250,Sale,INV-2026-04-00216||/sales/invoices/3605e637-5ba1-4573-8e53-5a9a97bb091a||line:9b50b9c1-48b7-48fb-a6b6-05532ebd199c,Al-Qamar Atta - 15,2026-04-03 19:00:00+00,2026-04-10 13:53:01.872786+00,,
10eb8cab-ffa5-4031-8e05-095a402d3168,a6707819-7f9c-4968-ad8e-badfec24bef2,-520,Conversion,CONV-1775903357337,Stock Conversion (Source),2026-04-11 18:59:59.999+00,2026-04-11 10:29:17.785096+00,,
a6ebf777-d45f-4127-bc28-d9292b3cea5e,937ec71e-d35e-4c0a-b48a-7e72d77e86c1,510,Conversion,CONV-1775903357337,Stock Conversion (Destination),2026-04-11 18:59:59.999+00,2026-04-11 10:29:18.12507+00,,
bba47881-1974-493f-bbf6-09aa3f09734f,2725799f-a307-4777-8b00-84f03278ab57,-2,Conversion,CONV-1775903410274,Packaging for 20,2026-04-11 18:59:59.999+00,2026-04-11 10:30:10.902532+00,,
4035c332-e56e-4125-9842-267bfcd4a913,8851e237-ca39-487c-a35f-e28fe711d32c,-5000,Sale,INV-2026-04-00253||/sales/invoices/5e53e765-f59a-4a5c-b81d-2ea55a26f891||line:d43f62f7-08f4-42cb-852a-73ec2e14bcab,Premium Maida - 50,2026-04-06 19:00:00+00,2026-04-11 11:51:57.024712+00,,
ec9f9f5b-353e-4f14-8fe6-7b46edd9cb52,a6707819-7f9c-4968-ad8e-badfec24bef2,-40,Sale,INV-2026-04-00277||/sales/invoices/974d2c0a-1fa1-4182-9d7f-4a75b7990081||line:5c8605b5-9c3a-435d-8b6e-3fd52d6d18f1,Al-Qamar Atta(Green) - 20,2026-04-09 19:00:00+00,2026-04-11 12:51:55.044829+00,,
932a7670-648e-4e7e-8f12-94305b6b4f72,937ec71e-d35e-4c0a-b48a-7e72d77e86c1,-1005,Sale,INV-2026-04-00300||/sales/invoices/1a4977b1-44e8-431b-9f91-295ae7d1b82f||line:329e5523-cde3-42c5-afeb-1d5cd7364d8b,Al-Qamar Atta(Silver) - 15,2026-04-12 19:00:00+00,2026-04-13 18:43:17.664046+00,,
3e9ce10d-3486-431f-9f4f-092e5cfc82f4,937ec71e-d35e-4c0a-b48a-7e72d77e86c1,-855,Sale,INV-2026-04-00312||/sales/invoices/58852779-52fd-4c21-ab68-8584ef46e47f||line:879b0a17-cd03-469c-aed7-27f76d4a9029,Al-Qamar Atta(Silver) - 15,2026-04-12 19:00:00+00,2026-04-15 05:54:29.993009+00,,
7510348d-36f8-41c7-8daf-5d89b22e0795,2c981082-c3ab-47b1-99c3-c34fe22ee02c,4560,Production,MO-2026-04-00031||/production/913b7bb3-172d-448d-b074-9b78cf50dfc9/edit||fg:e1ccd6ba-1075-4608-8322-e635cdd60e1e,Finished Goods Production,2026-04-15 18:59:59.999+00,2026-04-16 06:13:19.210875+00,,
c1038841-06f1-4980-aece-4fa6ae45bb8c,d23536f3-0d86-4dcd-934e-9085566d4dc7,124.2,Purchase,PO-2026-04-00040||/purchase/91aa56bc-d184-4d01-84ed-7ee241946a7e/edit||line:a7b26d8a-4ccb-49dd-bbb5-c2a01aed1d96,Wheat - Kaat,2026-04-16 18:59:59.999+00,2026-04-16 15:55:17.018443+00,,
ff4dacac-e56d-4485-9f2b-adfcf88b67bf,8851e237-ca39-487c-a35f-e28fe711d32c,-750,Sale,INV-2026-04-00346||/sales/invoices/c95af939-0f74-4054-9eeb-d8c01f563a03||line:b84ed39b-85c0-4759-9ded-965a7cf7b369,Premium Maida - 50,2026-04-16 19:00:00+00,2026-04-17 12:38:41.289023+00,,
b8814208-b38b-4773-909b-8391cabdbc6c,1066c1db-bbd7-4256-a751-f5cbf463f8a3,-2250,Sale,INV-2026-04-00365||/sales/invoices/3a266c34-9bfb-4f0f-9018-dfc789deb857||line:0c075b4a-ddae-40c0-b823-d6a9bd148a63,Al-Qamar Atta - 15,2026-04-20 19:00:00+00,2026-04-21 07:41:00.29285+00,,
36f40d09-3d97-4aff-8ed7-972f6b637932,18568477-1a69-413a-b5bd-94333c860750,-17000,Sale,INV-2026-04-00372||/sales/invoices/58b07df1-ebf7-4d7e-8ab0-d57f9d1ca62a||line:30fa3d94-95b9-41bd-a979-90574ff9eeaa,Premium Bran - 34,2026-04-22 19:00:00+00,2026-04-23 12:45:34.444106+00,,
02d4de8f-fe3d-4e87-95f9-75ca6c5a8e0b,d23536f3-0d86-4dcd-934e-9085566d4dc7,-109.75,Adjustment,Rev: PO-2026-04-00048||/purchase/a4bc293e-13cf-43af-aa09-fb4878c5e153/edit||line:e7074457-4e63-430d-844b-8b166777d229,PO Reset to Draft (Reception Cancelled),2026-04-24 17:10:23+00,2026-04-24 12:10:23.148337+00,,
bfa3c8e9-2936-4c31-85db-37ae69d428f9,36fc17de-cda5-4433-9ab6-525db53d1776,-20,Production,MO-2026-04-00039||/production/9f3329ea-a745-43be-9cce-e6188a3dbedf/edit||comp:6fc112f9-28ef-4cdc-8887-5b119878e42c,Component Consumption,2026-04-24 18:59:59.999+00,2026-04-25 05:09:51.064708+00,,
641f355b-d848-4ba1-98ee-1fdf5a69e827,93765798-ca54-496a-94c6-bb4f273bfe27,1764,Production,MO-2026-04-00040||/production/bad3ad9b-1547-4306-b788-4d36328c35b9/edit||fg:7e877a12-3bea-45b6-b923-2c9f321c0d46,Finished Goods Production,2026-04-25 18:59:59.999+00,2026-04-25 10:46:50.105638+00,,
ccba336d-6289-4856-b403-7789075c2c3e,1066c1db-bbd7-4256-a751-f5cbf463f8a3,5955,Production,MO-2026-04-00041||/production/ca31d9ae-5e0f-4aa7-9c90-204f4059c529/edit||fg:396108e2-9d9c-4fe7-a154-b2472863331f,Finished Goods Production,2026-04-27 18:59:59.999+00,2026-04-28 12:15:18.444273+00,,
232847c5-87c1-400f-a092-6d708e5eadcb,2c981082-c3ab-47b1-99c3-c34fe22ee02c,4320,Production,MO-2026-04-00041||/production/ca31d9ae-5e0f-4aa7-9c90-204f4059c529/edit||fg:2a02ff31-3db4-4a42-96cb-954c21aee660,Finished Goods Production,2026-04-27 18:59:59.999+00,2026-04-28 12:15:18.723775+00,,
9d6225de-9d7d-4223-868e-12f6f01dc294,e560c8fd-332b-48cb-b7de-125a590bcb0c,8800,Production,MO-2026-04-00041||/production/ca31d9ae-5e0f-4aa7-9c90-204f4059c529/edit||fg:ec03fd87-7563-4cce-8e0e-548a8bc3ab00,Finished Goods Production,2026-04-27 18:59:59.999+00,2026-04-28 12:15:18.979373+00,,
67dc349f-01c5-48d0-be4a-bdd425011faa,18568477-1a69-413a-b5bd-94333c860750,4930,Production,MO-2026-04-00041||/production/ca31d9ae-5e0f-4aa7-9c90-204f4059c529/edit||fg:79468b97-219a-4aa7-9f9a-4abc9d06a485,Finished Goods Production,2026-04-27 18:59:59.999+00,2026-04-28 12:15:19.213928+00,,
50e78a81-e769-4aac-adbd-727a647aec47,1066c1db-bbd7-4256-a751-f5cbf463f8a3,-6000,Sale,INV-2026-04-00390||/sales/invoices/ced7c53c-ce34-4a82-afdc-7c30542d69fa||line:42c1b756-a7d4-452d-ab40-47a13415f268,Al-Qamar Atta - 15,2026-04-26 19:00:00+00,2026-04-29 15:29:30.550014+00,,
6c53867b-a49e-4c0b-92f1-520a15b4c800,e646adf3-e04a-4919-8dd4-d53927f5584b,180,Sale Return,SCN-2026-04-00096||/sales/credit-notes/08bf4bd9-0ee3-4040-b73b-ced5e7dc758e||line:b96128dd-7598-4c45-952e-16adcfc9b119,Customer Return: Returns,2026-04-25 18:59:59.999+00,2026-04-30 08:27:39.572081+00,,
8a084706-e195-4c24-84b0-a2ed6299292b,29a0bdd8-7ec8-49aa-94e2-3abc24a5fe6d,-12,Conversion,CONV-1777560560797,Stock Conversion (Source),2026-04-30 18:59:59.999+00,2026-04-30 14:49:21.247512+00,,
8fdb1ed1-a118-47c4-b424-55c445cdfa41,e560c8fd-332b-48cb-b7de-125a590bcb0c,-12800,Sale,INV-2026-04-00413||/sales/invoices/d1da9fde-f7a3-47fd-99f1-4ab0c53b4573||line:89ee57dd-f077-4d5b-96a1-3f2107fab680,Premium Maida - 80,2026-04-29 19:00:00+00,2026-04-30 15:55:11.305236+00,,
143c9dff-453d-4258-bfe6-142fbc45c8a7,c6b76b35-74b4-4b7d-aa4d-e473698b2f81,-40,Sale,INV-2026-04-00419||/sales/invoices/7f80e3c8-7e92-4de4-8079-2165134a3c22||line:e3829d89-3663-4622-a970-3c83d85c9d04,Al-Qamar Atta - 20,2026-04-29 19:00:00+00,2026-04-30 16:15:22.249224+00,,
e44ccad2-9724-4253-9e85-1a6017abcd90,a6707819-7f9c-4968-ad8e-badfec24bef2,60,Conversion,CONV-1777612151196,Stock Conversion (Destination),2026-05-01 18:59:59.999+00,2026-05-01 05:09:11.929219+00,,
65f59f94-e05e-4d6d-862d-21187d4ebeca,a6707819-7f9c-4968-ad8e-badfec24bef2,-1000,Sale,INV-2026-03-00120||/sales/invoices/84df7e39-8996-4d8a-8f23-2e16735da7c5||line:088e5ae2-46a8-45d8-9724-c5f3380cee45,Al-Qamar Atta(Green) - 20,2026-03-13 19:00:00+00,2026-03-16 07:16:27.759089+00,,
65ab0156-85db-4b1e-94d4-980f38d7410a,a6707819-7f9c-4968-ad8e-badfec24bef2,-1000,Sale,INV-2026-03-00132||/sales/invoices/6aab6ff8-f7ee-444b-8a2b-156202d4c3d9||line:6aea0ebd-4b6c-43d6-8b2d-e3e9aa9dbe38,Al-Qamar Atta(Green) - 20,2026-03-16 19:00:00+00,2026-03-18 12:41:46.463038+00,,
f80c3e15-989a-4a12-82d1-ae92456b3958,2c981082-c3ab-47b1-99c3-c34fe22ee02c,-1200,Sale,INV-2026-03-00132||/sales/invoices/6aab6ff8-f7ee-444b-8a2b-156202d4c3d9||line:b7af4cf4-c624-4b32-a242-104ed391c649,Premium Fine - 80,2026-03-16 19:00:00+00,2026-03-18 12:41:46.733465+00,,
fde05d71-c3b9-44a0-adbf-cea75131d425,085c173e-052c-4022-8a90-be5c0ba7b627,-5,Sale,INV-2026-03-00151||/sales/invoices/1ad8b515-68b4-4597-b771-f9ae82cc5714||line:ede87a3f-06a5-445d-87fb-e9820a11b0b2,Premium Suji - 5,2026-03-17 19:00:00+00,2026-03-25 12:38:37.976081+00,,
6dec62bd-239e-4a70-b930-706350995057,e646adf3-e04a-4919-8dd4-d53927f5584b,-1000,Sale,INV-2026-03-00171||/sales/invoices/587a63fe-b9b2-48d3-921c-db20112f6cb6||line:fc474424-9a5f-4ba6-8d1e-31c4e79d2126,Al-Qamar Atta(Green) - 10,2026-03-27 19:00:00+00,2026-03-30 08:03:59.699354+00,,
87fdd3f9-05cd-4248-a2b1-8f9ba5ffda6b,29f97aa5-e538-4261-b69f-6b1a394015c9,1100,Purchase,PO-2026-04-00024||/purchase/50754656-4de5-42f6-b64c-5a45adf7f4f0/edit||line:7c18c918-fa4a-4d44-a496-416a92dfb565,Wheat Bardana,2026-03-31 18:59:59.999+00,2026-04-02 09:30:52.591768+00,,
5e04ea41-10f1-4f03-863b-04e5cad629cd,2725799f-a307-4777-8b00-84f03278ab57,-306,Production,MO-2026-04-00019||/production/e14982e6-d213-49f1-903f-cd5619432661/edit||comp:ce3ba351-28a4-46bd-9d03-f459cb096f08,Component Consumption,2026-04-01 18:59:59.999+00,2026-04-09 13:06:01.391231+00,,
43092f56-7765-42c1-bf87-ffe3be39a962,5ffd5921-5ad2-4d30-b598-4337f1a39464,6120,Production,MO-2026-04-00019||/production/e14982e6-d213-49f1-903f-cd5619432661/edit||fg:c8e07199-dc5f-4a49-af99-c5b22a3ed560,Finished Goods Production,2026-04-01 18:59:59.999+00,2026-04-09 13:06:04.003641+00,,
d695938b-a355-4930-ac41-cec64d235e60,2c981082-c3ab-47b1-99c3-c34fe22ee02c,8720,Production,MO-2026-04-00019||/production/e14982e6-d213-49f1-903f-cd5619432661/edit||fg:79e9afc2-4235-4e86-be15-a7fa1e0956ea,Finished Goods Production,2026-04-01 18:59:59.999+00,2026-04-09 13:06:05.212863+00,,
9f5c7f5e-351a-4f9a-ad07-3f0b29daf0dc,da5c9701-b165-4fcf-85ac-7d8abfba8e6b,-175,Production,MO-2026-04-00025||/production/b6680b99-a568-4ad7-a5e7-d03884a1d19f/edit||comp:5743d417-c362-4a8b-83e0-66f5100dc940,Component Consumption,2026-04-08 18:59:59.999+00,2026-04-10 11:27:57.740278+00,,
5f1bf687-83eb-41a5-a2b5-55239826a1ee,e560c8fd-332b-48cb-b7de-125a590bcb0c,7040,Production,MO-2026-04-00025||/production/b6680b99-a568-4ad7-a5e7-d03884a1d19f/edit||fg:fcad5d67-5a31-4fec-af22-10553f944618,Finished Goods Production,2026-04-08 18:59:59.999+00,2026-04-10 11:28:00.378003+00,,
bfa80fce-c471-41fd-9118-924927741dc2,a6707819-7f9c-4968-ad8e-badfec24bef2,1760,Production,MO-2026-04-00025||/production/b6680b99-a568-4ad7-a5e7-d03884a1d19f/edit||fg:e6a99fd8-bef6-4011-bea9-547c7e22236c,Finished Goods Production,2026-04-08 18:59:59.999+00,2026-04-10 11:28:01.587051+00,,
bea35a68-bcda-4903-9d57-afa076ef5128,2c981082-c3ab-47b1-99c3-c34fe22ee02c,-3120,Sale,INV-2026-04-00189||/sales/invoices/de1b39a0-e500-421a-844f-20dbb52562a4||line:2961d1e2-1009-4981-bb25-c531dd961036,Premium Fine - 80,2026-03-31 19:00:00+00,2026-04-10 12:25:32.757381+00,,
490bca34-7311-4710-adf6-df715a4a7b7c,1066c1db-bbd7-4256-a751-f5cbf463f8a3,-1500,Sale,INV-2026-04-00217||/sales/invoices/dbf87bc6-713a-42cf-80be-84819daece0d||line:482a6eea-fdfa-4a39-8a58-01f79fc1b976,Al-Qamar Atta - 15,2026-04-03 19:00:00+00,2026-04-10 13:53:50.08857+00,,
e1739d3e-f19c-40bd-8159-55a7d547f479,769513cc-c70d-41c0-9bb6-99b480841b4f,-34,Conversion,CONV-1775903357337,Packaging for 15,2026-04-11 18:59:59.999+00,2026-04-11 10:29:18.013745+00,,
28968f4e-3af0-4d5b-a6e7-cdcb4119340a,e646adf3-e04a-4919-8dd4-d53927f5584b,-50,Conversion,CONV-1775903410274,Stock Conversion (Source),2026-04-11 18:59:59.999+00,2026-04-11 10:30:10.61417+00,,
fc0e722d-2a5f-4a49-ac13-b4ce7965864b,2c981082-c3ab-47b1-99c3-c34fe22ee02c,2000,Sale Return,SCN-2026-03-00034||line:27eaf6be-abe7-439a-bf00-651fff2c2202||/sales/credit-notes/b11fe821-c9ee-4624-9289-eb4468e9f5b5,Customer Return,2026-03-06 19:00:00+00,2026-03-14 07:05:30.114343+00,,
9dd02dd2-e7a6-49dd-8623-afd6ec23b6d2,a6707819-7f9c-4968-ad8e-badfec24bef2,40,Conversion,CONV-1775903410274,Stock Conversion (Destination),2026-04-11 18:59:59.999+00,2026-04-11 10:30:11.034169+00,,
4e633c9d-0b7d-4458-8e44-ed819596d710,2c981082-c3ab-47b1-99c3-c34fe22ee02c,3760,Sale Return,SCN-2026-03-00035||line:2df8a30c-87d0-4d84-9361-6c5f9c2c9806||/sales/credit-notes/1913c6ac-deb7-41e3-b2c3-828af7278348,Customer Return,2026-03-06 19:00:00+00,2026-03-14 07:05:30.114343+00,,
8bb14ab4-029e-4b49-a720-de8fce9db9d8,937ec71e-d35e-4c0a-b48a-7e72d77e86c1,-2250,Sale,INV-2026-04-00254||/sales/invoices/35d79c89-2b9f-40fe-8a01-41fbf04320ee||line:ee1a0d9a-4493-47d2-bc45-51b406348b99,Al-Qamar Atta(Silver) - 15,2026-04-06 19:00:00+00,2026-04-11 11:52:48.791069+00,,
66ae961a-fcf8-4e9c-bc6c-a123c3eb7040,2c981082-c3ab-47b1-99c3-c34fe22ee02c,-3680,Sale,INV-2026-04-00278||/sales/invoices/53af974b-9eb5-418a-b88b-84c0d45fd8b9||line:952458b7-ff92-4ec5-a6e0-93e1f393146e,Premium Fine - 80,2026-04-09 19:00:00+00,2026-04-11 12:53:10.801334+00,,
11ddef49-3f5e-4c25-a7b4-d04b0faef215,e646adf3-e04a-4919-8dd4-d53927f5584b,500,Sale Return,SCN-2026-03-00036||line:aa8a5731-a76b-4c2e-a33c-13d441f769f9||/sales/credit-notes/3d6ac63f-79e0-4b02-8b8a-7aefc1cbc803,Customer Return,2026-03-06 19:00:00+00,2026-03-14 07:05:30.114343+00,,
a35778cc-9e35-4d5e-9857-5470052fa744,a6707819-7f9c-4968-ad8e-badfec24bef2,2500,Sale Return,SCN-2026-03-00036||line:e1b8513c-f521-4e98-80f6-2aaf3bd2df7b||/sales/credit-notes/3d6ac63f-79e0-4b02-8b8a-7aefc1cbc803,Customer Return,2026-03-06 19:00:00+00,2026-03-14 07:05:30.114343+00,,
f8680d7c-e3ed-40e4-bec2-722890615ed7,a6707819-7f9c-4968-ad8e-badfec24bef2,5000,Sale Return,SCN-2026-03-00037||line:c1563622-34aa-401d-a48d-d5fe7afe026f||/sales/credit-notes/c6207b58-2126-4d63-b66a-b714baf91984,Customer Return,2026-03-06 19:00:00+00,2026-03-14 07:05:30.114343+00,,
86ff5643-c52c-4da2-9efe-c13ce30a2861,937ec71e-d35e-4c0a-b48a-7e72d77e86c1,1005,Adjustment,DELETED: INV-2026-04-00300 (was reversed),Original invoice was deleted on 2026-04-13,2026-04-12 19:00:00+00,2026-04-13 18:49:38.991661+00,136696c3-7e71-4148-802d-3fd9404846ac,
d6c8dfd1-31a7-4ee9-aa5f-62911ad9a8fd,8851e237-ca39-487c-a35f-e28fe711d32c,-750,Sale,INV-2026-04-00312||/sales/invoices/58852779-52fd-4c21-ab68-8584ef46e47f||line:c1eb19b0-c7c1-495b-9db4-0334cd0e50fe,Premium Maida - 50,2026-04-12 19:00:00+00,2026-04-15 05:54:30.453628+00,,
ce9e9d85-7f03-4b20-a953-5b266adc27e3,1066c1db-bbd7-4256-a751-f5cbf463f8a3,6360,Production,MO-2026-04-00031||/production/913b7bb3-172d-448d-b074-9b78cf50dfc9/edit||fg:f4ab6d85-d2c0-4b56-a585-d37d939584eb,Finished Goods Production,2026-04-15 18:59:59.999+00,2026-04-16 06:13:19.555248+00,,
2b632818-8991-4b11-b38b-871d0b72169d,e646adf3-e04a-4919-8dd4-d53927f5584b,450,Sale Return,SCN-2026-03-00038||line:ae01ef2c-295a-4e79-9f52-dcccf782f137||/sales/credit-notes/7d7a3746-a1d6-48b2-a00d-56bef37fcec3,Customer Return,2026-03-06 19:00:00+00,2026-03-14 07:05:30.114343+00,,
da4862bb-b5d8-4ca6-a73e-046a2a01fb67,e646adf3-e04a-4919-8dd4-d53927f5584b,400,Sale Return,SCN-2026-03-00007||line:b2f2e0ea-6205-4ee3-a7d9-60e6ae79b3b3||/sales/credit-notes/4f72fb10-3d34-4d99-86c3-ce7b4a170806,Customer Return,2026-03-01 19:00:00+00,2026-03-14 07:05:30.114343+00,,
1e7c726c-65e0-4763-9f72-ca438b7c64c6,a6707819-7f9c-4968-ad8e-badfec24bef2,1800,Sale Return,SCN-2026-03-00007||line:3bb1455c-e37c-4151-b285-7ca1e3625fab||/sales/credit-notes/4f72fb10-3d34-4d99-86c3-ce7b4a170806,Customer Return,2026-03-01 19:00:00+00,2026-03-14 07:05:30.114343+00,,
97cbee3c-f1b5-4b85-8768-03328b2f9be9,e646adf3-e04a-4919-8dd4-d53927f5584b,1000,Sale Return,SCN-2026-03-00009||line:17a141af-0276-4ca3-afb5-dcbc6568c647||/sales/credit-notes/cc50f326-8747-4854-a9ea-583e833a4d5d,Customer Return,2026-03-01 19:00:00+00,2026-03-14 07:05:30.114343+00,,
66cce6fa-7ab7-47f0-b28a-a5f2b8396fc2,d23536f3-0d86-4dcd-934e-9085566d4dc7,-34535,Production,MO-2026-04-00032||/production/b7872d59-0f90-4199-aa21-03be4c304bac/edit||comp:420f1e0c-75c5-4560-bf43-b913fd88680c,Component Consumption,2026-04-16 18:59:59.999+00,2026-04-17 07:41:53.352368+00,,
59f8bd44-2106-4987-97d4-52cd6ea3361b,2c08642b-74ca-4429-acfa-8cb3911b39b3,-185,Production,MO-2026-04-00032||/production/b7872d59-0f90-4199-aa21-03be4c304bac/edit||comp:e15224a8-df88-40b0-8f41-265d738c49f4,Component Consumption,2026-04-16 18:59:59.999+00,2026-04-17 07:41:54.489054+00,,
18bb59bc-85fe-453f-b9e1-4b99ea4fe6fb,937ec71e-d35e-4c0a-b48a-7e72d77e86c1,-43.5,Conversion,CONV-1776429644756,Stock Conversion (Source),2026-04-17 18:59:59.999+00,2026-04-17 12:40:45.302749+00,,
aaed335c-db9c-42bb-b531-a2c574123e10,a40b07a6-2948-489d-8dec-5e206ba38989,-2.9,Conversion,CONV-1776429644756,Packaging for 15,2026-04-17 18:59:59.999+00,2026-04-17 12:40:45.560175+00,,
2a513f67-bf5e-48df-8cd1-8534f67d3855,2c981082-c3ab-47b1-99c3-c34fe22ee02c,-2000,Sale,INV-2026-04-00365||/sales/invoices/3a266c34-9bfb-4f0f-9018-dfc789deb857||line:dc22b3a4-2d12-49ff-9933-2f2f220c30bd,Premium Fine - 80,2026-04-20 19:00:00+00,2026-04-21 07:41:00.668194+00,,
02f60791-52bf-4315-97f1-5abd8eaa1045,a6707819-7f9c-4968-ad8e-badfec24bef2,4000,Sale Return,SCN-2026-03-00009||line:9472bd82-9068-426b-a5d4-71846c27bc51||/sales/credit-notes/cc50f326-8747-4854-a9ea-583e833a4d5d,Customer Return,2026-03-01 19:00:00+00,2026-03-14 07:05:30.412357+00,,
dd9a6de2-cb5f-4dbb-8ca1-c1d75f126717,a6707819-7f9c-4968-ad8e-badfec24bef2,500,Sale Return,SCN-2026-03-00010||line:6b582799-eb4c-4d92-a44c-4b5f72129220||/sales/credit-notes/a279f7ec-c617-4e1d-bbea-313ee99c2ec1,Customer Return,2026-03-01 19:00:00+00,2026-03-14 07:05:30.412357+00,,
0afe9d3e-53e0-49bf-9e58-77869bd59911,e646adf3-e04a-4919-8dd4-d53927f5584b,1000,Sale Return,SCN-2026-03-00011||line:af0f2511-b485-47f6-960e-32665bf4699a||/sales/credit-notes/a7146cfd-a27d-4995-b309-1048194e524e,Customer Return,2026-03-01 19:00:00+00,2026-03-14 07:05:30.412357+00,,
c1d8498b-4a7b-4944-9cef-318948d3df7e,a6707819-7f9c-4968-ad8e-badfec24bef2,4000,Sale Return,SCN-2026-03-00011||line:60c0cef3-f178-4e4e-89ab-570f90c8f046||/sales/credit-notes/a7146cfd-a27d-4995-b309-1048194e524e,Customer Return,2026-03-01 19:00:00+00,2026-03-14 07:05:30.412357+00,,
2fe7bd5c-0190-45ad-826b-ebdc7fb48c16,2c981082-c3ab-47b1-99c3-c34fe22ee02c,5200,Sale Return,SCN-2026-03-00012||line:caee6a3c-86b4-4c73-b716-0dd8f9eb5ad4||/sales/credit-notes/be5c6b4e-a5b6-4ae9-b2e1-9343549409ba,Customer Return,2026-03-02 19:00:00+00,2026-03-14 07:05:30.412357+00,,
12849dba-555d-442a-abc1-31e08cc308e9,a6707819-7f9c-4968-ad8e-badfec24bef2,1500,Sale Return,SCN-2026-03-00013||line:4d8721fb-2706-4bb4-80c7-bbb8bc2de4cf||/sales/credit-notes/034f42b6-203a-4b90-8e10-76382773337b,Customer Return,2026-03-02 19:00:00+00,2026-03-14 07:05:30.412357+00,,
ba056fc2-c0f0-466b-b077-8bd440f2df10,e646adf3-e04a-4919-8dd4-d53927f5584b,1000,Sale Return,SCN-2026-03-00014||line:99414210-8d22-48a4-8702-8ac0d32115cb||/sales/credit-notes/bfbd6340-781f-4561-93c1-6870f28ce448,Customer Return,2026-03-02 19:00:00+00,2026-03-14 07:05:30.412357+00,,
57502bc3-ec1c-4387-b2f3-a966fd8c44c5,a6707819-7f9c-4968-ad8e-badfec24bef2,5220,Sale Return,SCN-2026-03-00014||line:4ec8c78d-a992-4019-8663-547d407ef7e0||/sales/credit-notes/bfbd6340-781f-4561-93c1-6870f28ce448,Customer Return,2026-03-02 19:00:00+00,2026-03-14 07:05:30.412357+00,,
71b4b3b8-66bf-4d93-997a-a810ce0130df,2c981082-c3ab-47b1-99c3-c34fe22ee02c,3520,Sale Return,SCN-2026-03-00014||line:c23c2636-3662-4bbc-8a3b-d399baf75fd8||/sales/credit-notes/bfbd6340-781f-4561-93c1-6870f28ce448,Customer Return,2026-03-02 19:00:00+00,2026-03-14 07:05:30.412357+00,,
4b7e5f75-718f-410b-bdbf-3c3a16f5f19e,2c981082-c3ab-47b1-99c3-c34fe22ee02c,640,Sale Return,SCN-2026-03-00015||line:1e357723-0e81-45c2-89b5-655106144703||/sales/credit-notes/bf3a48df-99aa-41d7-9d7f-6bda1dbe0cf4,Customer Return,2026-03-03 19:00:00+00,2026-03-14 07:05:30.412357+00,,
4f4f036f-a1b6-40f9-9dd0-b8673dffc84c,e646adf3-e04a-4919-8dd4-d53927f5584b,1070,Sale Return,SCN-2026-03-00016||line:d8033c7b-374c-4d10-a532-def9ff057e10||/sales/credit-notes/19813344-9d77-482d-9203-dbfe2d86463a,Customer Return,2026-03-03 19:00:00+00,2026-03-14 07:05:30.412357+00,,
3b427e21-2792-4e0b-ba81-b7a3b0d68222,a6707819-7f9c-4968-ad8e-badfec24bef2,3920,Sale Return,SCN-2026-03-00016||line:535b33f1-cff4-447a-a47d-0f725ac6e1dd||/sales/credit-notes/19813344-9d77-482d-9203-dbfe2d86463a,Customer Return,2026-03-03 19:00:00+00,2026-03-14 07:05:30.412357+00,,
a8136dae-aa41-4abe-8a9c-972cad2da74e,2c981082-c3ab-47b1-99c3-c34fe22ee02c,1120,Sale Return,SCN-2026-03-00018||line:ad769862-e57b-4ecc-9816-76345825735a||/sales/credit-notes/e7dedee8-92cd-48f4-82b2-55abb25efc0c,Customer Return,2026-03-03 19:00:00+00,2026-03-14 07:05:30.412357+00,,
c797715b-f76a-400f-b1f2-3d9220d7bf7b,e646adf3-e04a-4919-8dd4-d53927f5584b,110,Sale Return,SCN-2026-03-00019||line:1665fcef-57f7-48ed-b2f1-3f21bfd3c24a||/sales/credit-notes/8873990c-0619-4d99-aeb9-c4ed81ef5d45,Customer Return,2026-03-03 19:00:00+00,2026-03-14 07:05:30.412357+00,,
ca56f9de-a722-4fc1-8ed5-109423a507b8,a6707819-7f9c-4968-ad8e-badfec24bef2,560,Sale Return,SCN-2026-03-00019||line:81a0b2ad-74db-44d0-8d2b-fc8ad1088a2d||/sales/credit-notes/8873990c-0619-4d99-aeb9-c4ed81ef5d45,Customer Return,2026-03-03 19:00:00+00,2026-03-14 07:05:30.412357+00,,
9ec4b372-b237-44a9-b96d-31906490d82b,e646adf3-e04a-4919-8dd4-d53927f5584b,240,Sale Return,SCN-2026-03-00020||line:ef6ca786-19df-444f-adb7-4a0b1e4d424d||/sales/credit-notes/c0bd9f49-97bd-4f90-a401-3002eda8f50c,Customer Return,2026-03-03 19:00:00+00,2026-03-14 07:05:30.412357+00,,
25e3dae0-f748-4287-96d5-93881320d156,a6707819-7f9c-4968-ad8e-badfec24bef2,20,Sale Return,SCN-2026-03-00020||line:68c06234-a3cd-4950-881d-fa8bea51ff49||/sales/credit-notes/c0bd9f49-97bd-4f90-a401-3002eda8f50c,Customer Return,2026-03-03 19:00:00+00,2026-03-14 07:05:30.412357+00,,
2c7c6b4f-a243-4366-9c2d-aeb12e0f128a,e646adf3-e04a-4919-8dd4-d53927f5584b,80,Sale Return,SCN-2026-03-00021||line:262c840d-b8cd-4118-b9a5-13b970b4de88||/sales/credit-notes/04cc2485-1916-4338-9520-783ee2dfc9d7,Customer Return,2026-03-03 19:00:00+00,2026-03-14 07:05:30.412357+00,,
19a0c3e7-8ccf-4d7b-8a34-f7de9dfd3d95,a6707819-7f9c-4968-ad8e-badfec24bef2,60,Sale Return,SCN-2026-03-00021||line:e716a5bb-915c-4b68-9bc1-c98166ca903e||/sales/credit-notes/04cc2485-1916-4338-9520-783ee2dfc9d7,Customer Return,2026-03-03 19:00:00+00,2026-03-14 07:05:30.412357+00,,
3de43637-48aa-485a-aa1b-19bed9ee01c9,a6707819-7f9c-4968-ad8e-badfec24bef2,1500,Sale Return,SCN-2026-03-00023||line:d0a49958-0f6c-4fd1-89c9-38240be3b07e||/sales/credit-notes/12bcb0e3-fee6-4735-9210-52cb58840669,Customer Return,2026-03-03 19:00:00+00,2026-03-14 07:05:30.412357+00,,
7fce6064-425b-4681-94ff-8a551bbd99f5,e646adf3-e04a-4919-8dd4-d53927f5584b,920,Sale Return,SCN-2026-03-00008||line:28a593a9-c215-40f0-b77b-00055c9e7111||/sales/credit-notes/cd143a2b-7d99-4864-944d-513f5cbc6fcf,Customer Return,2026-03-01 19:00:00+00,2026-03-14 07:05:30.412357+00,,
54537914-32bd-4aee-b512-c00b966d7a95,a6707819-7f9c-4968-ad8e-badfec24bef2,1800,Sale Return,SCN-2026-03-00008||line:667fcfba-df47-4385-9e1e-5eaab209c161||/sales/credit-notes/cd143a2b-7d99-4864-944d-513f5cbc6fcf,Customer Return,2026-03-01 19:00:00+00,2026-03-14 07:05:30.412357+00,,
3d171a62-4f67-40f1-836a-60a63eac95cf,e646adf3-e04a-4919-8dd4-d53927f5584b,1000,Sale Return,SCN-2026-03-00026||line:77eeaf30-4e90-492c-81c4-6acf80a48229||/sales/credit-notes/2f9a8033-7c90-4c6a-823b-459ec2b5badd,Customer Return,2026-03-04 19:00:00+00,2026-03-14 07:05:30.412357+00,,
f361ac7b-7639-4400-bf90-a02298ccd94a,a6707819-7f9c-4968-ad8e-badfec24bef2,4000,Sale Return,SCN-2026-03-00026||line:969da2f7-4eea-4ddc-9649-087c0163ff04||/sales/credit-notes/2f9a8033-7c90-4c6a-823b-459ec2b5badd,Customer Return,2026-03-04 19:00:00+00,2026-03-14 07:05:30.412357+00,,
8aa134fd-f0c4-41ab-b25e-3e5256481da1,937ec71e-d35e-4c0a-b48a-7e72d77e86c1,285,Sale Return,SCN-2026-03-00027||line:2e3cc5bc-1dd0-4c6a-a87a-9937594d472b||/sales/credit-notes/bcbc9bcd-d591-47eb-9ff2-9c34c9163f7b,Customer Return,2026-03-04 19:00:00+00,2026-03-14 07:05:30.412357+00,,
fe76c6e7-75aa-4e81-8357-01655199340a,a6707819-7f9c-4968-ad8e-badfec24bef2,5000,Sale Return,SCN-2026-03-00027||line:deac6b5b-1431-47c7-865f-3b1a3850c67e||/sales/credit-notes/bcbc9bcd-d591-47eb-9ff2-9c34c9163f7b,Customer Return,2026-03-04 19:00:00+00,2026-03-14 07:05:30.412357+00,,
f9d32990-2dc7-4ee8-b0c3-bb7ec3524251,e560c8fd-332b-48cb-b7de-125a590bcb0c,12640,Sale Return,SCN-2026-03-00028||line:6308c39c-3ece-40fd-bed1-0a480a618678||/sales/credit-notes/36e510ba-5fce-4267-908b-4c5e5c74dc3a,Customer Return,2026-03-04 19:00:00+00,2026-03-14 07:05:30.412357+00,,
337093a5-2e54-42b3-bea7-c790226d1c84,e646adf3-e04a-4919-8dd4-d53927f5584b,310,Sale Return,SCN-2026-03-00029||line:6b2f7ec8-515a-4364-afd4-27e0d0f499c8||/sales/credit-notes/245231d5-8a91-47c5-aec9-a35de77f6520,Customer Return,2026-03-05 19:00:00+00,2026-03-14 07:05:30.412357+00,,
58fc8a0f-464b-4a68-9dd0-8ce660fde84b,a6707819-7f9c-4968-ad8e-badfec24bef2,5800,Sale Return,SCN-2026-03-00029||line:22e5d7ea-3de8-4bf6-8ee3-fcee1b079cb5||/sales/credit-notes/245231d5-8a91-47c5-aec9-a35de77f6520,Customer Return,2026-03-05 19:00:00+00,2026-03-14 07:05:30.412357+00,,
f62f108b-c5e9-4aff-b4d1-052be6d91917,a6707819-7f9c-4968-ad8e-badfec24bef2,580,Sale Return,SCN-2026-03-00030||line:f233aa3e-c4fc-42e4-93d4-1c6850ff9974||/sales/credit-notes/2df8a104-76a5-4fa6-8ad6-5e4f0b5f34ae,Customer Return,2026-03-05 19:00:00+00,2026-03-14 07:05:30.412357+00,,
4b843de5-2908-4406-abfc-07a49cea40f4,2c981082-c3ab-47b1-99c3-c34fe22ee02c,2240,Sale Return,SCN-2026-03-00031||line:a73283a3-7c34-4a7e-aa1d-e7b1df56c363||/sales/credit-notes/aef15a61-9bc5-4fd1-88c3-8de2595936d5,Customer Return,2026-03-05 19:00:00+00,2026-03-14 07:05:30.412357+00,,
1a8218fb-314e-46b3-b530-c6719d247868,2c981082-c3ab-47b1-99c3-c34fe22ee02c,800,Sale Return,SCN-2026-03-00033||line:637e0301-cc85-47c0-a5b5-0d9d7d94ae97||/sales/credit-notes/7b172526-7e65-423e-a9ab-8f9e6a3922cd,Customer Return,2026-03-06 19:00:00+00,2026-03-14 07:05:30.412357+00,,
a0981837-4167-4413-a430-5f6e731b8d5d,5ffd5921-5ad2-4d30-b598-4337f1a39464,1800,Sale Return,SCN-2026-03-00033||line:a161e3d6-6596-403d-81c7-a4478b746cb5||/sales/credit-notes/7b172526-7e65-423e-a9ab-8f9e6a3922cd,Customer Return,2026-03-06 19:00:00+00,2026-03-14 07:05:30.412357+00,,
6e245829-e8f7-4006-8eed-4cb35e02fa32,a6707819-7f9c-4968-ad8e-badfec24bef2,540,Sale Return,SCN-2026-03-00038||line:d9e27a70-0274-489c-af87-6d07529faefd||/sales/credit-notes/7d7a3746-a1d6-48b2-a00d-56bef37fcec3,Customer Return,2026-03-06 19:00:00+00,2026-03-14 07:05:30.412357+00,,
d592f8f4-6069-45d1-acbd-50ace4b313f7,a6707819-7f9c-4968-ad8e-badfec24bef2,1720,Sale Return,SCN-2026-03-00039||line:99e818ae-4504-4066-bd7e-7cf7b532ee2a||/sales/credit-notes/c4db1912-e1dd-496c-a211-52c65aca828d,Customer Return,2026-03-06 19:00:00+00,2026-03-14 07:05:30.412357+00,,
aa021b35-8016-4885-90e1-d2bc54332e4a,a6707819-7f9c-4968-ad8e-badfec24bef2,820,Sale Return,SCN-2026-03-00040||line:1ef2d8a3-3fe6-48c6-b020-4bea25f2eae2||/sales/credit-notes/f17754ef-3dc6-4c7e-8f9d-19db5990ae2f,Customer Return,2026-03-06 19:00:00+00,2026-03-14 07:05:30.412357+00,,
761faf46-429c-4d1c-bee9-1af8f88f457e,e646adf3-e04a-4919-8dd4-d53927f5584b,190,Sale Return,SCN-2026-03-00041||line:6225ca2a-f039-415e-b816-0f75312010c0||/sales/credit-notes/8c2583b5-ad31-4001-8180-ef2f6237b37d,Customer Return,2026-03-06 19:00:00+00,2026-03-14 07:05:30.412357+00,,
6d7e6195-395f-43d3-9b96-1caedf0d4c5a,a6707819-7f9c-4968-ad8e-badfec24bef2,120,Sale Return,SCN-2026-03-00041||line:51698a6c-63b4-42b2-b9a1-f73c8f0715e9||/sales/credit-notes/8c2583b5-ad31-4001-8180-ef2f6237b37d,Customer Return,2026-03-06 19:00:00+00,2026-03-14 07:05:30.412357+00,,
0b343f09-d77c-44a6-ba09-e6e70d965ae4,396eef73-791a-465c-ae17-b78505b08d5f,280,Sale Return,SCN-2026-03-00042||line:7afd9b8f-ab0e-44e9-8454-c6a6fb467471||/sales/credit-notes/e5d71576-1d9b-4db8-a23a-bafc219929fb,Customer Return,2026-03-08 19:00:00+00,2026-03-14 07:05:30.412357+00,,
eeecb652-ee6f-4332-b8eb-82e8e7ceca6b,e646adf3-e04a-4919-8dd4-d53927f5584b,40,Sale Return,SCN-2026-03-00042||line:619b5d84-9f3c-43ba-ad02-4cb804260330||/sales/credit-notes/e5d71576-1d9b-4db8-a23a-bafc219929fb,Customer Return,2026-03-08 19:00:00+00,2026-03-14 07:05:30.412357+00,,
d899b746-03eb-4bf6-ae39-9d6653abad69,5ffd5921-5ad2-4d30-b598-4337f1a39464,40,Sale Return,SCN-2026-03-00042||line:f4b25026-801b-41b3-9c96-5a23146b7a2b||/sales/credit-notes/e5d71576-1d9b-4db8-a23a-bafc219929fb,Customer Return,2026-03-08 19:00:00+00,2026-03-14 07:05:30.412357+00,,
5ccdc453-b6ce-4bc5-837f-83ab577c5d50,937ec71e-d35e-4c0a-b48a-7e72d77e86c1,30,Sale Return,SCN-2026-03-00042||line:2017f65d-50c1-4e57-8bd5-45f6cc72971d||/sales/credit-notes/e5d71576-1d9b-4db8-a23a-bafc219929fb,Customer Return,2026-03-08 19:00:00+00,2026-03-14 07:05:30.412357+00,,
6cae9a4b-3064-407b-997a-0f7c9877bb23,e646adf3-e04a-4919-8dd4-d53927f5584b,1000,Sale Return,SCN-2026-03-00043||line:e4801bb6-0528-4e1c-9c56-82bb1c2e12a7||/sales/credit-notes/34254f0e-ccaa-4c49-8641-7a13831bd821,Customer Return,2026-03-04 19:00:00+00,2026-03-14 07:05:30.412357+00,,
1fc1cb96-c0a9-44f8-a8c8-63387372104d,a6707819-7f9c-4968-ad8e-badfec24bef2,2000,Sale Return,SCN-2026-03-00043||line:48807015-1992-4b2c-a830-5f720fd8add1||/sales/credit-notes/34254f0e-ccaa-4c49-8641-7a13831bd821,Customer Return,2026-03-04 19:00:00+00,2026-03-14 07:05:30.412357+00,,
d7c8694e-0d01-4a70-9d07-3a3c6b53aa7b,2c981082-c3ab-47b1-99c3-c34fe22ee02c,1360,Sale Return,SCN-2026-03-00044||line:bc563fe3-f89f-41e9-8363-6b1f449315b6||/sales/credit-notes/8ab369ad-6fe9-4655-bdb7-89bc9fe877b5,Customer Return,2026-03-09 19:00:00+00,2026-03-14 07:05:30.412357+00,,
556d8fa4-2ff8-4c93-b1a2-0ff7db8b599e,a6707819-7f9c-4968-ad8e-badfec24bef2,2000,Sale Return,SCN-2026-03-00045||line:9ad41fc3-395e-40fb-bb66-fdf0b77ed7f1||/sales/credit-notes/3b44fae7-24a4-4634-bee7-f5056ae0c9cb,Customer Return,2026-03-09 19:00:00+00,2026-03-14 07:05:30.412357+00,,
c0aafb70-4c0e-44c8-9746-0d482fbb716a,e646adf3-e04a-4919-8dd4-d53927f5584b,500,Sale Return,SCN-2026-03-00046||line:ac067555-97a4-416f-bb2b-9ac60035c225||/sales/credit-notes/fc011ac5-20ed-4d23-84f8-612d2c92124e,Customer Return,2026-03-09 19:00:00+00,2026-03-14 07:05:30.412357+00,,
4c087c90-be19-4c5b-88b1-eb264f110002,a6707819-7f9c-4968-ad8e-badfec24bef2,9000,Sale Return,SCN-2026-03-00046||line:de6f62c4-b986-4760-9817-3197897176b6||/sales/credit-notes/fc011ac5-20ed-4d23-84f8-612d2c92124e,Customer Return,2026-03-09 19:00:00+00,2026-03-14 07:05:30.412357+00,,
5335dba7-87c8-4e9a-bd86-ab328e2b5fbd,a6707819-7f9c-4968-ad8e-badfec24bef2,760,Sale Return,SCN-2026-03-00047||line:65869d5a-703c-4b69-acaa-ca1e01ed47f0||/sales/credit-notes/ae4ebe93-e51a-4576-91b3-d41be75bc324,Customer Return,2026-03-10 19:00:00+00,2026-03-14 07:05:30.412357+00,,
93b20246-a3d0-4b47-9133-ab1597daddf2,2c981082-c3ab-47b1-99c3-c34fe22ee02c,1200,Sale Return,SCN-2026-03-00047||line:534e1420-7c10-48ac-bed7-1604d9301357||/sales/credit-notes/ae4ebe93-e51a-4576-91b3-d41be75bc324,Customer Return,2026-03-10 19:00:00+00,2026-03-14 07:05:30.412357+00,,
824488d0-670d-4be2-9152-c5c8193224a4,a6707819-7f9c-4968-ad8e-badfec24bef2,5140,Sale Return,SCN-2026-03-00048||line:52a231d6-8c92-4ca3-8606-3747b7e4f724||/sales/credit-notes/de1b1ee6-a8b6-4f39-a796-b2298862b5d4,Customer Return,2026-03-10 19:00:00+00,2026-03-14 07:05:30.412357+00,,
0f69bb9e-fc1a-44b5-997c-f17eab03fa66,a6707819-7f9c-4968-ad8e-badfec24bef2,3500,Sale Return,SCN-2026-03-00049||line:2c8a7e22-ad77-451c-b7ef-8b96ce2ea16c||/sales/credit-notes/e5ba82ba-2636-4e37-a691-0fe57b757f61,Customer Return,2026-03-10 19:00:00+00,2026-03-14 07:05:30.412357+00,,
26d8a743-5913-4670-b411-c02a65406878,a6707819-7f9c-4968-ad8e-badfec24bef2,3000,Sale Return,SCN-2026-03-00050||line:af421b0a-92f3-4c46-a4b0-e3d5dc4d5656||/sales/credit-notes/161f86ca-9d19-47b9-8bf4-f9c9d9347661,Customer Return,2026-03-10 19:00:00+00,2026-03-14 07:05:30.412357+00,,
33c00673-d03f-440d-b138-389f868b4ce6,a6707819-7f9c-4968-ad8e-badfec24bef2,1000,Sale Return,SCN-2026-03-00051||line:965e31aa-8d1e-4685-9b7e-9028b1f80893||/sales/credit-notes/0904b8ac-5f4a-4405-933b-08255dd0a15f,Customer Return,2026-03-11 19:00:00+00,2026-03-14 07:05:30.412357+00,,
ff421afa-cd04-4d87-98cc-07f7297b12aa,a6707819-7f9c-4968-ad8e-badfec24bef2,40,Sale Return,SCN-2026-03-00052||line:25c7a653-ffc1-40c7-89e2-84ad156a9f35||/sales/credit-notes/e8d28b72-f559-4e63-a99a-9b2b35e641d9,Customer Return,2026-03-11 19:00:00+00,2026-03-14 07:05:30.412357+00,,
162fc28e-ff02-49c5-9d6f-0f7372ae990e,e646adf3-e04a-4919-8dd4-d53927f5584b,1000,Sale Return,SCN-2026-03-00053||line:f1a40ada-cc3b-4cdb-b492-843e95e4086f||/sales/credit-notes/a7dff426-2ef5-4e7b-84ef-fe32e11a01eb,Customer Return,2026-03-11 19:00:00+00,2026-03-14 07:05:30.412357+00,,
097c5126-bd91-4669-a01b-f25c96fe4e59,a6707819-7f9c-4968-ad8e-badfec24bef2,7740,Sale Return,SCN-2026-03-00053||line:da62ca00-30e9-4641-bbbb-4f9e9461540d||/sales/credit-notes/a7dff426-2ef5-4e7b-84ef-fe32e11a01eb,Customer Return,2026-03-11 19:00:00+00,2026-03-14 07:05:30.412357+00,,
aebf7efb-5add-4941-9bc1-5ee6b9cc6870,e646adf3-e04a-4919-8dd4-d53927f5584b,1890,Production,MO-2026-03-00012||line:a3cb6ced-f855-4bc3-bc3c-f0555d05f07b||/production/742d0505-5464-43c2-89f0-3c98846cc14e/edit,Finished Goods Production,2026-03-09 19:00:00+00,2026-03-14 07:05:30.412357+00,,
4552ed02-3f31-4042-aa06-09f31e3d167c,a6707819-7f9c-4968-ad8e-badfec24bef2,8960,Production,MO-2026-03-00012||line:2674bcf2-1555-4cfe-9c28-b2dbf9abe102||/production/742d0505-5464-43c2-89f0-3c98846cc14e/edit,Finished Goods Production,2026-03-09 19:00:00+00,2026-03-14 07:05:30.412357+00,,
ebefbd54-918e-4963-9dd8-558b11d68d1d,2c981082-c3ab-47b1-99c3-c34fe22ee02c,4800,Production,MO-2026-03-00012||line:3c4cad52-0932-46f7-b888-e544256891f7||/production/742d0505-5464-43c2-89f0-3c98846cc14e/edit,Finished Goods Production,2026-03-09 19:00:00+00,2026-03-14 07:05:30.412357+00,,
dad09be3-3229-4e92-bd47-e20aed38f79e,8851e237-ca39-487c-a35f-e28fe711d32c,3300,Production,MO-2026-03-00012||line:1b64a0e6-2c0d-493c-8d54-41f777332539||/production/742d0505-5464-43c2-89f0-3c98846cc14e/edit,Finished Goods Production,2026-03-09 19:00:00+00,2026-03-14 07:05:30.412357+00,,
6c73feaa-ec60-4b40-bfe4-19a73a55becb,e560c8fd-332b-48cb-b7de-125a590bcb0c,6640,Production,MO-2026-03-00012||line:0a377af4-d1ec-4747-bef9-e867c69adce2||/production/742d0505-5464-43c2-89f0-3c98846cc14e/edit,Finished Goods Production,2026-03-09 19:00:00+00,2026-03-14 07:05:30.412357+00,,
53348ff1-daa8-4dd7-8f85-a743a382ec19,18568477-1a69-413a-b5bd-94333c860750,5134,Production,MO-2026-03-00012||line:ab4e8dff-3db6-4ddd-aca8-b62b2e407b6a||/production/742d0505-5464-43c2-89f0-3c98846cc14e/edit,Finished Goods Production,2026-03-09 19:00:00+00,2026-03-14 07:05:30.412357+00,,
5d825013-ac98-4b3b-acf0-db183ebefd7c,18568477-1a69-413a-b5bd-94333c860750,2992,Production,MO-2026-03-00005||line:4456aa15-317e-45fa-8e81-7a7b5bbb443c||/production/2aecbcb1-ebee-4629-b758-2792802f726f/edit,Finished Goods Production,2026-03-02 19:00:00+00,2026-03-14 07:05:30.412357+00,,
e4ed0baa-ff0b-46db-9191-645b8ecc7076,e560c8fd-332b-48cb-b7de-125a590bcb0c,4000,Production,MO-2026-03-00005||line:8b862db2-2d2c-4e28-8670-12bf2b7f9d3b||/production/2aecbcb1-ebee-4629-b758-2792802f726f/edit,Finished Goods Production,2026-03-02 19:00:00+00,2026-03-14 07:05:30.412357+00,,
d0cc5047-e0b8-439f-8a6e-4560a1c272a7,8851e237-ca39-487c-a35f-e28fe711d32c,100,Production,MO-2026-03-00005||line:ccfd056f-2f75-4d2a-b942-44f2efac6c17||/production/2aecbcb1-ebee-4629-b758-2792802f726f/edit,Finished Goods Production,2026-03-02 19:00:00+00,2026-03-14 07:05:30.412357+00,,
b4209592-a1ee-4700-a70f-4b7eb2bf8ac2,2c981082-c3ab-47b1-99c3-c34fe22ee02c,2480,Production,MO-2026-03-00005||line:db5c2a62-10ea-4bef-bc64-7a601a6fd5ce||/production/2aecbcb1-ebee-4629-b758-2792802f726f/edit,Finished Goods Production,2026-03-02 19:00:00+00,2026-03-14 07:05:30.412357+00,,
a66da80b-e58c-44d2-b5d9-968bef014d68,5ffd5921-5ad2-4d30-b598-4337f1a39464,4880,Production,MO-2026-03-00005||line:6209f690-6723-47ac-91b7-7ff82c340853||/production/2aecbcb1-ebee-4629-b758-2792802f726f/edit,Finished Goods Production,2026-03-02 19:00:00+00,2026-03-14 07:05:30.412357+00,,
fc2c0fae-c9da-4ab1-8f34-487acd9b2539,e646adf3-e04a-4919-8dd4-d53927f5584b,1700,Production,MO-2026-03-00005||line:28b1f44b-fd3c-426f-998e-82a2b500c9ce||/production/2aecbcb1-ebee-4629-b758-2792802f726f/edit,Finished Goods Production,2026-03-02 19:00:00+00,2026-03-14 07:05:30.412357+00,,
a33df587-ed27-49cc-9698-deaa5ee5fa88,18568477-1a69-413a-b5bd-94333c860750,6392,Production,MO-2026-03-00006||line:a4189a3f-b939-4728-931c-2fd40f1811d4||/production/44d52374-e4f4-4511-bd63-220c8f02b2b0/edit,Finished Goods Production,2026-03-03 19:00:00+00,2026-03-14 07:05:30.412357+00,,
2b202132-3d46-40bf-9983-f820367d3ab2,e560c8fd-332b-48cb-b7de-125a590bcb0c,10000,Production,MO-2026-03-00006||line:2ad143cb-b4f3-4fa1-a533-fa2399528dad||/production/44d52374-e4f4-4511-bd63-220c8f02b2b0/edit,Finished Goods Production,2026-03-03 19:00:00+00,2026-03-14 07:05:30.412357+00,,
aec10f38-d062-469f-a32e-8f6a156cab9a,8851e237-ca39-487c-a35f-e28fe711d32c,3500,Production,MO-2026-03-00006||line:a8dfd242-9b69-4fe5-811a-13b0c1432c0d||/production/44d52374-e4f4-4511-bd63-220c8f02b2b0/edit,Finished Goods Production,2026-03-03 19:00:00+00,2026-03-14 07:05:30.412357+00,,
cd3688a2-7d54-456b-af9b-97460146099a,2c981082-c3ab-47b1-99c3-c34fe22ee02c,1360,Production,MO-2026-03-00006||line:2632d022-b6b4-45eb-bda9-44c20ecacd2c||/production/44d52374-e4f4-4511-bd63-220c8f02b2b0/edit,Finished Goods Production,2026-03-03 19:00:00+00,2026-03-14 07:05:30.412357+00,,
e3912e18-f004-491b-9bc7-854e5eab9a5a,98506d04-47db-4d74-847b-cf3122bc85ad,100,Production,MO-2026-03-00006||line:e6d36203-7ce9-4a90-9012-a946cc019089||/production/44d52374-e4f4-4511-bd63-220c8f02b2b0/edit,Finished Goods Production,2026-03-03 19:00:00+00,2026-03-14 07:05:30.412357+00,,
ee350afa-eadb-40f6-83cc-10e5c44a5b2c,a6707819-7f9c-4968-ad8e-badfec24bef2,18540,Production,MO-2026-03-00006||line:1f8edf77-05e0-4246-848b-59d596af7d17||/production/44d52374-e4f4-4511-bd63-220c8f02b2b0/edit,Finished Goods Production,2026-03-03 19:00:00+00,2026-03-14 07:05:30.412357+00,,
ae8bf6f0-a2e3-4cae-949a-3454a544ca3c,e646adf3-e04a-4919-8dd4-d53927f5584b,7850,Production,MO-2026-03-00006||line:a71afb0f-e047-4096-b6d3-1689a452f6f0||/production/44d52374-e4f4-4511-bd63-220c8f02b2b0/edit,Finished Goods Production,2026-03-03 19:00:00+00,2026-03-14 07:05:30.412357+00,,
00900b65-0b4b-4526-9f9b-b23a51a4f64c,2c981082-c3ab-47b1-99c3-c34fe22ee02c,-400,Sale,INV-2026-03-00120||/sales/invoices/84df7e39-8996-4d8a-8f23-2e16735da7c5||line:65bd37bc-752a-4825-971e-6b1526b54f97,Premium Fine - 80,2026-03-13 19:00:00+00,2026-03-16 07:16:28.042712+00,,
0207ce1a-4a41-4681-8d18-5711132017e3,a6707819-7f9c-4968-ad8e-badfec24bef2,-1000,Sale,INV-2026-03-00133||/sales/invoices/64493c23-549c-4e2e-b959-34fe74e8250c||line:f0e6cb35-fd44-4274-9302-13a6c0c49674,Al-Qamar Atta(Green) - 20,2026-03-16 19:00:00+00,2026-03-18 12:47:47.630898+00,,
7e803fcb-6ff5-4edd-876a-019f5feebaf7,2c981082-c3ab-47b1-99c3-c34fe22ee02c,-800,Sale,INV-2026-03-00152||/sales/invoices/3cdb770b-3fa5-4eee-b940-1add7b324909||line:bfd8f608-dc43-4f0c-8f1f-c0db7e5e6105,Premium Fine - 80,2026-03-17 19:00:00+00,2026-03-25 12:45:38.710549+00,,
6220865a-6a99-4d27-a347-40f1e949cb54,a6707819-7f9c-4968-ad8e-badfec24bef2,-960,Sale,INV-2026-03-00171||/sales/invoices/587a63fe-b9b2-48d3-921c-db20112f6cb6||line:f031840f-0327-4c63-b39b-433eb12485fe,Al-Qamar Atta(Green) - 20,2026-03-27 19:00:00+00,2026-03-30 08:04:00.235837+00,,
bcb48968-9607-40b4-8d35-3ed1a80b9114,d23536f3-0d86-4dcd-934e-9085566d4dc7,561.75,Purchase,PO-2026-04-00024||/purchase/50754656-4de5-42f6-b64c-5a45adf7f4f0/edit||line:c13d1243-7f8e-4dba-b1ef-5c81d1b28664,Wheat - Kaat,2026-03-31 18:59:59.999+00,2026-04-02 09:30:53.352797+00,,
3cb5327d-b2a1-4d2d-8348-686fe1c892f4,2c08642b-74ca-4429-acfa-8cb3911b39b3,-60,Production,MO-2026-04-00019||/production/e14982e6-d213-49f1-903f-cd5619432661/edit||comp:f16efb2e-89e3-4f35-abe7-ef2884c8f68b,Component Consumption,2026-04-01 18:59:59.999+00,2026-04-09 13:06:01.676028+00,,
9ea7d453-3e42-47a4-a18c-435fa45b6e93,c8ca813c-e4be-428e-aef8-503eeeb948b7,-4,Production,MO-2026-04-00025||/production/b6680b99-a568-4ad7-a5e7-d03884a1d19f/edit||comp:f721a628-9286-4016-9d92-53d2eb509434,Component Consumption,2026-04-08 18:59:59.999+00,2026-04-10 11:27:57.977944+00,,
1f4d7bc2-9733-4315-9513-7fecd87b3ce9,18568477-1a69-413a-b5bd-94333c860750,1904,Production,MO-2026-03-00007||line:85182cb5-1e8b-49ed-8e33-51a26b0d36ef||/production/ce71b86b-50ab-49d0-ac23-06061c230446/edit,Finished Goods Production,2026-03-04 19:00:00+00,2026-03-14 07:05:30.412357+00,,
3677f66e-9565-4284-a1f1-b592f7a382d5,e560c8fd-332b-48cb-b7de-125a590bcb0c,4000,Production,MO-2026-03-00007||line:0a6c916a-fc0b-4196-8b44-104233e9a1b4||/production/ce71b86b-50ab-49d0-ac23-06061c230446/edit,Finished Goods Production,2026-03-04 19:00:00+00,2026-03-14 07:05:30.412357+00,,
0c69db13-e70e-49b4-a9b7-00e43ec92dcb,2c981082-c3ab-47b1-99c3-c34fe22ee02c,1360,Production,MO-2026-03-00007||line:6521cdaf-8132-4cd4-9122-eb670b11205b||/production/ce71b86b-50ab-49d0-ac23-06061c230446/edit,Finished Goods Production,2026-03-04 19:00:00+00,2026-03-14 07:05:30.412357+00,,
afeffae1-18be-4188-a298-a56e7e0212f8,a6707819-7f9c-4968-ad8e-badfec24bef2,800,Production,MO-2026-03-00007||line:86fba822-a22a-4e08-a29f-49bd43328182||/production/ce71b86b-50ab-49d0-ac23-06061c230446/edit,Finished Goods Production,2026-03-04 19:00:00+00,2026-03-14 07:05:30.412357+00,,
0c067fd1-74f2-4701-8c40-02abccf55526,e646adf3-e04a-4919-8dd4-d53927f5584b,2430,Production,MO-2026-03-00007||line:3fedca42-483c-439d-bce7-f4a2ceaaeb67||/production/ce71b86b-50ab-49d0-ac23-06061c230446/edit,Finished Goods Production,2026-03-04 19:00:00+00,2026-03-14 07:05:30.412357+00,,
80b8cf2b-5287-48d1-8a77-1b7550b84884,98506d04-47db-4d74-847b-cf3122bc85ad,150,Production,MO-2026-03-00007||line:e07ab030-260c-451a-a90a-e938b9b405c1||/production/ce71b86b-50ab-49d0-ac23-06061c230446/edit,Finished Goods Production,2026-03-04 19:00:00+00,2026-03-14 07:05:30.412357+00,,
85f352d2-45ab-47a9-8dfc-b8f4832b933c,18568477-1a69-413a-b5bd-94333c860750,3638,Production,MO-2026-03-00004||line:af38c6df-be11-4477-85c4-a4de792e38e5||/production/0eb41176-795d-45ca-9a70-7e34bdd1b938/edit,Finished Goods Production,2026-03-01 19:00:00+00,2026-03-14 07:05:30.412357+00,,
02d78028-1184-4567-83e7-846947366005,e560c8fd-332b-48cb-b7de-125a590bcb0c,8000,Production,MO-2026-03-00004||line:d076f351-9b06-490d-aa64-4135d1b03cb7||/production/0eb41176-795d-45ca-9a70-7e34bdd1b938/edit,Finished Goods Production,2026-03-01 19:00:00+00,2026-03-14 07:05:30.412357+00,,
325feb89-5895-44c9-869a-04fbb8a098b2,2c981082-c3ab-47b1-99c3-c34fe22ee02c,2480,Production,MO-2026-03-00004||line:23ccd48f-5ae5-4874-ac4b-37b818c80031||/production/0eb41176-795d-45ca-9a70-7e34bdd1b938/edit,Finished Goods Production,2026-03-01 19:00:00+00,2026-03-14 07:05:30.412357+00,,
1fac0a9f-532f-4d50-aae1-cc327766bcb5,e646adf3-e04a-4919-8dd4-d53927f5584b,2140,Production,MO-2026-03-00004||line:e42a9930-096b-49b9-a491-a2fcfa73fdae||/production/0eb41176-795d-45ca-9a70-7e34bdd1b938/edit,Finished Goods Production,2026-03-01 19:00:00+00,2026-03-14 07:05:30.412357+00,,
4674a286-bd42-4aaa-9dbc-6d7a4d540276,a6707819-7f9c-4968-ad8e-badfec24bef2,4360,Production,MO-2026-03-00004||line:4b2f9100-686f-47db-bd83-73c1518e13b9||/production/0eb41176-795d-45ca-9a70-7e34bdd1b938/edit,Finished Goods Production,2026-03-01 19:00:00+00,2026-03-14 07:05:30.412357+00,,
7f6d1690-f3fe-486e-af40-f56ef38cfc01,18568477-1a69-413a-b5bd-94333c860750,1632,Production,MO-2026-03-00008||line:893bd8ab-9b91-46dc-ad5f-8c57e304a322||/production/b6bdaa86-d910-40aa-8285-e3610f8e223f/edit,Finished Goods Production,2026-03-05 19:00:00+00,2026-03-14 07:05:30.412357+00,,
7167d867-c327-478b-89fd-4c3f8094ddd1,e560c8fd-332b-48cb-b7de-125a590bcb0c,4000,Production,MO-2026-03-00008||line:fecaf1bb-d5dd-4c91-9db2-4c40629f6235||/production/b6bdaa86-d910-40aa-8285-e3610f8e223f/edit,Finished Goods Production,2026-03-05 19:00:00+00,2026-03-14 07:05:30.412357+00,,
29e47c51-2426-4d58-8add-aebdda856bb5,2c981082-c3ab-47b1-99c3-c34fe22ee02c,1360,Production,MO-2026-03-00008||line:94a9a03f-bbd7-439c-b67b-025f463f9e98||/production/b6bdaa86-d910-40aa-8285-e3610f8e223f/edit,Finished Goods Production,2026-03-05 19:00:00+00,2026-03-14 07:05:30.412357+00,,
db2de606-62f5-4566-9f49-07a0d0d6f26a,a6707819-7f9c-4968-ad8e-badfec24bef2,3220,Production,MO-2026-03-00008||line:f6965cb3-8bd1-4efd-83e7-66ad331f7b1b||/production/b6bdaa86-d910-40aa-8285-e3610f8e223f/edit,Finished Goods Production,2026-03-05 19:00:00+00,2026-03-14 07:05:30.412357+00,,
606d65d2-8c5f-4377-8989-4de66aceec3b,a6707819-7f9c-4968-ad8e-badfec24bef2,7300,Production,MO-2026-03-00011||line:74241dd8-3498-45d8-bc32-a3754c3669cb||/production/a23a92a3-c9f5-42c5-97c7-2daf3d158fd0/edit,Finished Goods Production,2026-03-08 19:00:00+00,2026-03-14 07:05:30.412357+00,,
6c55b434-477f-44fa-97a6-625813856f05,2c981082-c3ab-47b1-99c3-c34fe22ee02c,3040,Production,MO-2026-03-00011||line:aa2e462f-8434-4367-be83-8e4ff3fb4e36||/production/a23a92a3-c9f5-42c5-97c7-2daf3d158fd0/edit,Finished Goods Production,2026-03-08 19:00:00+00,2026-03-14 07:05:30.412357+00,,
8c777ed8-beea-47fd-b731-d1403323bffe,a6707819-7f9c-4968-ad8e-badfec24bef2,-20,Sale,INV-2026-04-00190||/sales/invoices/bd3e917a-47ea-4b1a-b0ee-d469cc307048||line:9d8c25d8-66df-445b-a88c-5a4cd779ad0d,Al-Qamar Atta(Green) - 20,2026-03-31 19:00:00+00,2026-04-10 12:26:31.47398+00,,
3f95c133-d9b7-4396-b759-849fd13ba08e,1066c1db-bbd7-4256-a751-f5cbf463f8a3,43.5,Conversion,CONV-1776429644756,Stock Conversion (Destination),2026-04-17 18:59:59.999+00,2026-04-17 12:40:45.648797+00,,
7e2282a7-5d0c-434b-8dcd-9311517ae02b,396eef73-791a-465c-ae17-b78505b08d5f,1060,Production,MO-2026-03-00011||line:912871ec-bf22-4ed4-aaa8-cc9911b34eed||/production/a23a92a3-c9f5-42c5-97c7-2daf3d158fd0/edit,Finished Goods Production,2026-03-08 19:00:00+00,2026-03-14 07:05:30.738442+00,,
1a01b9c9-23d6-4bc2-801e-a686c76b9bbc,e560c8fd-332b-48cb-b7de-125a590bcb0c,6480,Production,MO-2026-03-00011||line:1713eb79-9db3-47b2-8006-78165c7e4e1e||/production/a23a92a3-c9f5-42c5-97c7-2daf3d158fd0/edit,Finished Goods Production,2026-03-08 19:00:00+00,2026-03-14 07:05:30.738442+00,,
f92c3a15-a903-4c68-be6a-dc0eebf9d5b3,8851e237-ca39-487c-a35f-e28fe711d32c,1650,Production,MO-2026-03-00011||line:03861ff1-4a1a-4509-a41a-d8ac3f8c64f4||/production/a23a92a3-c9f5-42c5-97c7-2daf3d158fd0/edit,Finished Goods Production,2026-03-08 19:00:00+00,2026-03-14 07:05:30.738442+00,,
c506bc47-bf8d-4db6-b15e-5fb1f55c6384,98506d04-47db-4d74-847b-cf3122bc85ad,100,Production,MO-2026-03-00011||line:cbd52c26-8307-432b-9445-553fa6ef3dcb||/production/a23a92a3-c9f5-42c5-97c7-2daf3d158fd0/edit,Finished Goods Production,2026-03-08 19:00:00+00,2026-03-14 07:05:30.738442+00,,
90e7b5f0-35f6-4d15-b21a-60f81f0300ab,18568477-1a69-413a-b5bd-94333c860750,4420,Production,MO-2026-03-00011||line:c01b146e-016b-4e2f-a771-e0321b1cec11||/production/a23a92a3-c9f5-42c5-97c7-2daf3d158fd0/edit,Finished Goods Production,2026-03-08 19:00:00+00,2026-03-14 07:05:30.738442+00,,
4a80d129-57a3-4cd4-afc9-05a08cc2d1d7,18568477-1a69-413a-b5bd-94333c860750,5440,Production,MO-2026-03-00013||line:93e4d289-e4d7-41e3-aea3-c259fc500832||/production/2eddefb4-20e8-4d0f-af34-ff6eedb8427c/edit,Finished Goods Production,2026-03-10 19:00:00+00,2026-03-14 07:05:30.738442+00,,
c1428ebb-48e0-4791-91ff-1e8b3628b89f,e560c8fd-332b-48cb-b7de-125a590bcb0c,8160,Production,MO-2026-03-00013||line:6381bb89-e5d3-46b7-89c9-3826ac2b2108||/production/2eddefb4-20e8-4d0f-af34-ff6eedb8427c/edit,Finished Goods Production,2026-03-10 19:00:00+00,2026-03-14 07:05:30.738442+00,,
492bcb37-d4ba-4bd2-a118-ac3b6fee953b,2c981082-c3ab-47b1-99c3-c34fe22ee02c,4800,Production,MO-2026-03-00013||line:966ce1ee-2569-4a3f-9a2d-6339e5857f0d||/production/2eddefb4-20e8-4d0f-af34-ff6eedb8427c/edit,Finished Goods Production,2026-03-10 19:00:00+00,2026-03-14 07:05:30.738442+00,,
f1e70c5f-cd6b-4026-af00-543cc3277fc0,98506d04-47db-4d74-847b-cf3122bc85ad,50,Production,MO-2026-03-00013||line:4fee322c-4859-4a5c-8aa7-27586986acee||/production/2eddefb4-20e8-4d0f-af34-ff6eedb8427c/edit,Finished Goods Production,2026-03-10 19:00:00+00,2026-03-14 07:05:30.738442+00,,
13750135-cf26-4877-b14b-d754b4e135f1,a6707819-7f9c-4968-ad8e-badfec24bef2,5980,Production,MO-2026-03-00013||line:83eb39ba-c7ba-49cb-b3d6-74f0eb880aaa||/production/2eddefb4-20e8-4d0f-af34-ff6eedb8427c/edit,Finished Goods Production,2026-03-10 19:00:00+00,2026-03-14 07:05:30.738442+00,,
8a0648a2-ccb3-4bd3-91ec-660667afeebd,e646adf3-e04a-4919-8dd4-d53927f5584b,2210,Production,MO-2026-03-00013||line:50d32a46-753b-423b-8329-cbd93aeebe71||/production/2eddefb4-20e8-4d0f-af34-ff6eedb8427c/edit,Finished Goods Production,2026-03-10 19:00:00+00,2026-03-14 07:05:30.738442+00,,
92860061-7f14-4b61-8efe-eacb0558c3c5,d8a16b7d-84b2-4a78-8333-a02a4389a141,250,Production,MO-2026-03-00013||line:64d14e15-13fd-432c-b91e-043e67d55913||/production/2eddefb4-20e8-4d0f-af34-ff6eedb8427c/edit,Finished Goods Production,2026-03-10 19:00:00+00,2026-03-14 07:05:30.738442+00,,
fbe7e095-dc37-4732-acff-35ff08d8973e,5ffd5921-5ad2-4d30-b598-4337f1a39464,5000,Production,MO-2026-03-00013||line:b44cb080-44cf-4184-937e-b2c7aa38befa||/production/2eddefb4-20e8-4d0f-af34-ff6eedb8427c/edit,Finished Goods Production,2026-03-10 19:00:00+00,2026-03-14 07:05:30.738442+00,,
a0f61b76-78e9-4241-9a02-03bf93e1e5f0,18568477-1a69-413a-b5bd-94333c860750,3672,Production,MO-2026-03-00014||line:1ae11dca-1f4f-48b5-ac56-f7cb7b2f72ef||/production/f20facdc-5862-4456-ae00-84ec81156402/edit,Finished Goods Production,2026-03-11 19:00:00+00,2026-03-14 07:05:30.738442+00,,
ed86b43b-3259-4bc6-9347-8249e9864e31,e560c8fd-332b-48cb-b7de-125a590bcb0c,7280,Production,MO-2026-03-00014||line:c04986e2-9b4f-45aa-838e-0790fc156203||/production/f20facdc-5862-4456-ae00-84ec81156402/edit,Finished Goods Production,2026-03-11 19:00:00+00,2026-03-14 07:05:30.738442+00,,
9cca6b07-4623-4810-a13e-afd347c43997,2c981082-c3ab-47b1-99c3-c34fe22ee02c,3600,Production,MO-2026-03-00014||line:d6b84f4f-dfe3-4749-8a93-b776a0e55edd||/production/f20facdc-5862-4456-ae00-84ec81156402/edit,Finished Goods Production,2026-03-11 19:00:00+00,2026-03-14 07:05:30.738442+00,,
9ea3c890-00b1-475b-a115-78d17e3168f3,a6707819-7f9c-4968-ad8e-badfec24bef2,5940,Production,MO-2026-03-00014||line:224e413e-3b15-42b7-a368-44f7291af220||/production/f20facdc-5862-4456-ae00-84ec81156402/edit,Finished Goods Production,2026-03-11 19:00:00+00,2026-03-14 07:05:30.738442+00,,
1578fba7-2b41-436d-bb4f-e5fe466e68d7,e646adf3-e04a-4919-8dd4-d53927f5584b,910,Production,MO-2026-03-00014||line:03c1a15e-0cd6-41e9-867f-1742e55f9028||/production/f20facdc-5862-4456-ae00-84ec81156402/edit,Finished Goods Production,2026-03-11 19:00:00+00,2026-03-14 07:05:30.738442+00,,
5d2f0b55-b7f5-426e-8c5e-1684ae283cbd,d23536f3-0d86-4dcd-934e-9085566d4dc7,-20618,Production,MO-2026-03-00004||line:73ae8437-7f61-4d26-80b0-03e7a738607d||/production/0eb41176-795d-45ca-9a70-7e34bdd1b938/edit,Wheat - Standard,2026-03-01 19:00:00+00,2026-03-14 07:05:30.738442+00,,
dfc9484b-6201-411a-957c-5eb193ed0a84,da5c9701-b165-4fcf-85ac-7d8abfba8e6b,-107,Production,MO-2026-03-00004||line:d566d48c-55db-48c8-a08b-c73e6c6845af||/production/0eb41176-795d-45ca-9a70-7e34bdd1b938/edit,[Auto] Bardana Premium Bran - 34 unit,2026-03-01 19:00:00+00,2026-03-14 07:05:30.738442+00,,
f79922c4-ecf8-4558-a6b2-a83acac73ca2,8b945707-4cb1-4e34-8d12-92da06120bd2,-31,Production,MO-2026-03-00004||line:e3867faf-f519-4870-9b0c-a513d762e2ce||/production/0eb41176-795d-45ca-9a70-7e34bdd1b938/edit,[Auto] Bardana Premium Fine - 80 unit,2026-03-01 19:00:00+00,2026-03-14 07:05:30.738442+00,,
f3e1ad8f-d326-4cea-a172-942798caa42a,b2f8974f-ab3c-4880-a03d-6d3b29d26c57,-214,Production,MO-2026-03-00004||line:604a3b70-6918-42dd-b1f1-8288b7fb673f||/production/0eb41176-795d-45ca-9a70-7e34bdd1b938/edit,[Auto] Bardana Al-Qamar Atta(Green) - 10 unit,2026-03-01 19:00:00+00,2026-03-14 07:05:30.738442+00,,
6cc6b722-3d5d-4c16-8e15-9b4a5400cdad,2725799f-a307-4777-8b00-84f03278ab57,-218,Production,MO-2026-03-00004||line:231db929-0d27-4b26-84a0-70d40412572e||/production/0eb41176-795d-45ca-9a70-7e34bdd1b938/edit,[Auto] Bardana Al-Qamar Atta(Green) - 20 unit,2026-03-01 19:00:00+00,2026-03-14 07:05:30.738442+00,,
4206f90b-0751-48af-88ba-7822f64819e7,65415ac9-fc97-471a-b17f-1340c7b1b55a,-100,Production,MO-2026-03-00004||line:16b64d8f-af16-4eb5-a1ab-848c1c8a42e9||/production/0eb41176-795d-45ca-9a70-7e34bdd1b938/edit,Bardana Premium Maida - 80,2026-03-01 19:00:00+00,2026-03-14 07:05:30.738442+00,,
8418840c-0764-4cec-b487-a61cd96a962c,d23536f3-0d86-4dcd-934e-9085566d4dc7,-24050,Production,MO-2026-03-00011||line:6c29c0ab-84cb-4128-8318-bc132a8c3abe||/production/a23a92a3-c9f5-42c5-97c7-2daf3d158fd0/edit,Wheat - Standard,2026-03-08 19:00:00+00,2026-03-14 07:05:30.738442+00,,
5bc3d151-a5bf-4f4d-b404-c05b303798d7,2725799f-a307-4777-8b00-84f03278ab57,-365,Production,MO-2026-03-00011||line:4e966cf3-3d6b-493f-af8b-3fe4ef8bdb9d||/production/a23a92a3-c9f5-42c5-97c7-2daf3d158fd0/edit,[Auto] Bardana Al-Qamar Atta(Green) - 20 unit,2026-03-08 19:00:00+00,2026-03-14 07:05:30.738442+00,,
7f1a9b41-eb34-40c8-a850-e5e02f7f67d6,8b945707-4cb1-4e34-8d12-92da06120bd2,-38,Production,MO-2026-03-00011||line:e98c15b3-a6ac-49f2-a116-4b0d67d5eb51||/production/a23a92a3-c9f5-42c5-97c7-2daf3d158fd0/edit,[Auto] Bardana Premium Fine - 80 unit,2026-03-08 19:00:00+00,2026-03-14 07:05:30.738442+00,,
9a2ece52-751e-4cc5-8018-5bac2a263c10,65415ac9-fc97-471a-b17f-1340c7b1b55a,-81,Production,MO-2026-03-00011||line:80109057-48a1-49f8-8cbc-0abef5c8b780||/production/a23a92a3-c9f5-42c5-97c7-2daf3d158fd0/edit,[Auto] Bardana Premium Maida - 80 unit,2026-03-08 19:00:00+00,2026-03-14 07:05:30.738442+00,,
b11003dc-e316-406d-86f2-47b6f8b79562,c8ca813c-e4be-428e-aef8-503eeeb948b7,-33,Production,MO-2026-03-00011||line:9ba64e2b-f683-4507-85a3-087d224891c5||/production/a23a92a3-c9f5-42c5-97c7-2daf3d158fd0/edit,[Auto] Bardana Premium Maida - 50 unit,2026-03-08 19:00:00+00,2026-03-14 07:05:30.738442+00,,
38356773-6a77-4964-b95c-78a6c7a06357,9e331ef8-d768-4b45-8434-ed8adde48deb,-2,Production,MO-2026-03-00011||line:d1fb29a7-b830-4b13-aa65-5f5b12b16473||/production/a23a92a3-c9f5-42c5-97c7-2daf3d158fd0/edit,[Auto] Bardana Premium Fine - 50 unit,2026-03-08 19:00:00+00,2026-03-14 07:05:30.738442+00,,
ba4c344a-d1e5-4f0b-b164-bf866b7691e2,d23536f3-0d86-4dcd-934e-9085566d4dc7,-16152,Production,MO-2026-03-00005||line:756217ac-b85c-4205-9f8e-4bedc41ef68e||/production/2aecbcb1-ebee-4629-b758-2792802f726f/edit,Wheat - Standard,2026-03-02 19:00:00+00,2026-03-14 07:05:30.738442+00,,
b12bd5c7-5545-4293-9e1d-9e2f85b27934,da5c9701-b165-4fcf-85ac-7d8abfba8e6b,-88,Production,MO-2026-03-00005||line:2a2b1c7a-504b-47ae-81fa-d6e7efb8957d||/production/2aecbcb1-ebee-4629-b758-2792802f726f/edit,[Auto] Bardana Premium Bran - 34 unit,2026-03-02 19:00:00+00,2026-03-14 07:05:30.738442+00,,
ed5e13d5-d12a-429e-9caf-8930a5b2a6a9,8851e237-ca39-487c-a35f-e28fe711d32c,-1650,Conversion,CONV-1776949357796,Stock Conversion (Source),2026-04-23 18:59:59.999+00,2026-04-23 13:02:38.692349+00,,
853a1fa1-79ba-4a85-ae4c-30ffca10db95,65415ac9-fc97-471a-b17f-1340c7b1b55a,-50,Production,MO-2026-03-00005||line:ef530bed-5f0e-45bd-8361-ca0d8c7752d8||/production/2aecbcb1-ebee-4629-b758-2792802f726f/edit,[Auto] Bardana Premium Maida - 80 unit,2026-03-02 19:00:00+00,2026-03-14 07:05:30.738442+00,,
bdf2eb4a-639b-487b-a5f1-c984f96a22dd,c8ca813c-e4be-428e-aef8-503eeeb948b7,-2,Production,MO-2026-03-00005||line:7501a602-8bc8-4898-a7ef-d7ad099a0703||/production/2aecbcb1-ebee-4629-b758-2792802f726f/edit,[Auto] Bardana Premium Maida - 50 unit,2026-03-02 19:00:00+00,2026-03-14 07:05:30.738442+00,,
f9b34c59-75b8-46b4-b411-6c6dec4d43f2,8b945707-4cb1-4e34-8d12-92da06120bd2,-31,Production,MO-2026-03-00005||line:64058c8b-688c-47c8-a2f6-c18e4ddf1f2c||/production/2aecbcb1-ebee-4629-b758-2792802f726f/edit,[Auto] Bardana Premium Fine - 80 unit,2026-03-02 19:00:00+00,2026-03-14 07:05:30.738442+00,,
833dc1cd-8c45-43d6-ae0e-6a2b805c6104,b2f8974f-ab3c-4880-a03d-6d3b29d26c57,-170,Production,MO-2026-03-00005||line:22ef4b54-83ec-4a30-baa3-8b3f7af723fc||/production/2aecbcb1-ebee-4629-b758-2792802f726f/edit,[Auto] Bardana Al-Qamar Atta(Green) - 10 unit,2026-03-02 19:00:00+00,2026-03-14 07:05:30.738442+00,,
da61fc07-0b41-4f09-be26-f0960ecdeebc,2725799f-a307-4777-8b00-84f03278ab57,-244,Production,MO-2026-03-00005||line:87ba9f2e-d770-4234-89ea-918556c292d0||/production/2aecbcb1-ebee-4629-b758-2792802f726f/edit,Bardana Al-Qamar Atta(Green) - 20,2026-03-02 19:00:00+00,2026-03-14 07:05:30.738442+00,,
78d46018-c10d-45bd-aae3-be4171697ae4,da5c9701-b165-4fcf-85ac-7d8abfba8e6b,-130,Production,MO-2026-03-00011||line:ee8abd7e-a81f-485c-8fdb-86ec5c913d82||/production/a23a92a3-c9f5-42c5-97c7-2daf3d158fd0/edit,[Auto] Bardana Premium Bran - 34 unit,2026-03-08 19:00:00+00,2026-03-14 07:05:30.738442+00,,
7157e7fd-fed4-4430-b18b-51eb7339998d,c96b657d-0bd6-4386-b94c-339c33714e3b,-106,Production,MO-2026-03-00011||line:dd6aab17-6dd1-48fe-8934-b9f15f4b5f97||/production/a23a92a3-c9f5-42c5-97c7-2daf3d158fd0/edit,Bardana Pizza Flour - 10,2026-03-08 19:00:00+00,2026-03-14 07:05:30.738442+00,,
b431c53d-d6ec-4976-b754-9a99a4ba1297,d23536f3-0d86-4dcd-934e-9085566d4dc7,-30724,Production,MO-2026-03-00012||line:2322ae9b-6e7e-4e0b-a1be-43ff8be53b46||/production/742d0505-5464-43c2-89f0-3c98846cc14e/edit,Wheat - Standard,2026-03-09 19:00:00+00,2026-03-14 07:05:30.738442+00,,
ab3d6181-2260-4079-bb4f-e1cffd0394e6,b2f8974f-ab3c-4880-a03d-6d3b29d26c57,-189,Production,MO-2026-03-00012||line:b85c64b1-f416-4ea8-b66e-1336b6826c60||/production/742d0505-5464-43c2-89f0-3c98846cc14e/edit,[Auto] Bardana Al-Qamar Atta(Green) - 10 unit,2026-03-09 19:00:00+00,2026-03-14 07:05:30.738442+00,,
dd906baa-2063-4d43-8de4-c4539f612bf4,2725799f-a307-4777-8b00-84f03278ab57,-448,Production,MO-2026-03-00012||line:3dbf9df2-d9b5-44e0-8e00-df0d89336ec5||/production/742d0505-5464-43c2-89f0-3c98846cc14e/edit,[Auto] Bardana Al-Qamar Atta(Green) - 20 unit,2026-03-09 19:00:00+00,2026-03-14 07:05:30.738442+00,,
043103a9-17f5-4693-957a-bf2144100b3b,8b945707-4cb1-4e34-8d12-92da06120bd2,-60,Production,MO-2026-03-00012||line:6515895c-e031-4cbe-8db1-156ce88d81e6||/production/742d0505-5464-43c2-89f0-3c98846cc14e/edit,[Auto] Bardana Premium Fine - 80 unit,2026-03-09 19:00:00+00,2026-03-14 07:05:30.738442+00,,
9eb82718-2543-4b9c-9481-ac877deb87af,c8ca813c-e4be-428e-aef8-503eeeb948b7,-66,Production,MO-2026-03-00012||line:fb19fe1e-2054-4c00-a194-e95b9384782a||/production/742d0505-5464-43c2-89f0-3c98846cc14e/edit,[Auto] Bardana Premium Maida - 50 unit,2026-03-09 19:00:00+00,2026-03-14 07:05:30.738442+00,,
4a84d31a-14a4-4c09-a0f2-a511d6f14196,65415ac9-fc97-471a-b17f-1340c7b1b55a,-83,Production,MO-2026-03-00012||line:9ff6cadf-286b-4358-a799-1ee504e13923||/production/742d0505-5464-43c2-89f0-3c98846cc14e/edit,[Auto] Bardana Premium Maida - 80 unit,2026-03-09 19:00:00+00,2026-03-14 07:05:30.738442+00,,
583cae43-c656-47f6-a14b-dbcda64a820c,da5c9701-b165-4fcf-85ac-7d8abfba8e6b,-151,Production,MO-2026-03-00012||line:b521e532-0d38-4f5e-bd59-f015f532e472||/production/742d0505-5464-43c2-89f0-3c98846cc14e/edit,[Auto] Bardana Premium Bran - 34 unit,2026-03-09 19:00:00+00,2026-03-14 07:05:30.738442+00,,
04b4db05-d00b-4337-9028-25849a43eba6,b2f8974f-ab3c-4880-a03d-6d3b29d26c57,-299,Production,MO-2026-03-00013||line:f141dc72-d3df-477f-ac17-f6b1ebff6988||/production/2eddefb4-20e8-4d0f-af34-ff6eedb8427c/edit,[Auto] Bardana Al-Qamar Atta(Green) - 10 unit,2026-03-10 19:00:00+00,2026-03-14 07:05:30.738442+00,,
f9894f0b-2135-412e-b4ac-bf2a49333718,e646adf3-e04a-4919-8dd4-d53927f5584b,-1000,Sale,INV-2026-03-00121||/sales/invoices/4e9a4ed6-5fe8-41e1-ae13-81babd12d729||line:2440c7b1-1825-45a4-a4c9-7a39843ecd3a,Al-Qamar Atta(Green) - 10,2026-03-13 19:00:00+00,2026-03-16 07:18:05.972732+00,,
7ed20369-2e3d-4f1a-a063-3e22a352123a,2c981082-c3ab-47b1-99c3-c34fe22ee02c,-1200,Sale,INV-2026-03-00133||/sales/invoices/64493c23-549c-4e2e-b959-34fe74e8250c||line:de33db73-3e15-4944-b220-e14753ccfc5e,Premium Fine - 80,2026-03-16 19:00:00+00,2026-03-18 12:47:48.025136+00,,
8bd693c0-40fb-4c2c-9360-83d08fa0c0a2,a6707819-7f9c-4968-ad8e-badfec24bef2,-400,Sale,INV-2026-03-00153||/sales/invoices/33ed7974-5801-47ec-a5ce-df45694f04f2||line:fe13f981-0b0b-4cc6-9397-eb083040e676,Al-Qamar Atta(Green) - 20,2026-03-17 19:00:00+00,2026-03-25 12:46:51.695935+00,,
7e346bdf-25ef-4ed7-9bc8-cb911ec48ee2,a6707819-7f9c-4968-ad8e-badfec24bef2,-1200,Sale,INV-2026-03-00172||/sales/invoices/30c0ab8f-c111-48fa-bd1c-31f163060bb5||line:197174ca-02c2-4602-a399-82d30db02c94,Al-Qamar Atta(Green) - 20,2026-03-27 19:00:00+00,2026-03-30 08:04:59.05039+00,,
0fb3a70a-65f2-46f5-b74a-7cd979c6fc19,da5c9701-b165-4fcf-85ac-7d8abfba8e6b,500,Purchase,PO-2026-04-00025||/purchase/f5193b14-7c25-4f25-aae7-12e41217c270/edit||line:ada9f1f0-5796-4231-8630-519b214e64d5,Bardana Premium Bran - 34,2026-02-27 18:59:59.999+00,2026-04-02 10:20:53.759332+00,,
d4b0443d-f7f6-43b3-8f77-377b47723a4b,102e3e45-c488-4973-91c5-f62f51764ceb,-2,Production,MO-2026-04-00019||/production/e14982e6-d213-49f1-903f-cd5619432661/edit||comp:a68e0c06-1947-4c68-8eb4-b8d5f22a1195,Component Consumption,2026-04-01 18:59:59.999+00,2026-04-09 13:06:01.903491+00,,
264444e2-87f0-474b-b06e-df9e09590826,a2ecdf21-8089-4d7d-9497-4addbc48b90c,20,Production,MO-2026-04-00019||/production/e14982e6-d213-49f1-903f-cd5619432661/edit||fg:92de76c6-e6d7-480c-b745-e2ee3888ac23,Finished Goods Production,2026-04-01 18:59:59.999+00,2026-04-09 13:06:03.680045+00,,
35ad3af2-14cf-4910-a827-462e5f1189c9,412aa341-e0a4-46bd-a236-57ae4776e21c,4320,Production,MO-2026-04-00019||/production/e14982e6-d213-49f1-903f-cd5619432661/edit||fg:57cd477d-6a43-4470-86bd-a66c7f28e35d,Finished Goods Production,2026-04-01 18:59:59.999+00,2026-04-09 13:06:04.885331+00,,
9892b883-7670-4000-b745-8aba5f6a3199,65415ac9-fc97-471a-b17f-1340c7b1b55a,-88,Production,MO-2026-04-00025||/production/b6680b99-a568-4ad7-a5e7-d03884a1d19f/edit||comp:efc3deed-e658-4733-93a5-281b94466c17,Component Consumption,2026-04-08 18:59:59.999+00,2026-04-10 11:27:58.20828+00,,
06c72023-67f6-4cc4-99cf-75c8924969f1,0825ad1f-baf7-4c6c-b9a8-df86095dac5c,-50,Production,MO-2026-03-00013||line:74beaaf8-8ce9-4ebb-937c-512893ef9873||/production/2eddefb4-20e8-4d0f-af34-ff6eedb8427c/edit,[Auto] Bardana Premium Atta - 5 unit,2026-03-10 19:00:00+00,2026-03-14 07:05:30.738442+00,,
8a65921f-807b-4807-98db-46b74e4a4ec2,d23536f3-0d86-4dcd-934e-9085566d4dc7,-31890,Production,MO-2026-03-00013||line:df9aaba8-8972-4a92-a60a-d507692124ec||/production/2eddefb4-20e8-4d0f-af34-ff6eedb8427c/edit,Wheat - Standard,2026-03-10 19:00:00+00,2026-03-14 07:05:30.738442+00,,
12799400-e772-4ced-8bc7-4948d74d298c,d23536f3-0d86-4dcd-934e-9085566d4dc7,-47742,Production,MO-2026-03-00006||line:87e6c53b-daf4-4a69-b91f-b8f7ab704923||/production/44d52374-e4f4-4511-bd63-220c8f02b2b0/edit,Wheat - Standard,2026-03-03 19:00:00+00,2026-03-14 07:05:30.738442+00,,
4356c03f-912c-4120-8871-bc66b5a22be3,65415ac9-fc97-471a-b17f-1340c7b1b55a,-125,Production,MO-2026-03-00006||line:0dfd70dd-a770-45e9-a0f4-717ea845beef||/production/44d52374-e4f4-4511-bd63-220c8f02b2b0/edit,[Auto] Bardana Premium Maida - 80 unit,2026-03-03 19:00:00+00,2026-03-14 07:05:30.738442+00,,
17c0302e-1fca-44c7-a269-35c58d6b5685,c8ca813c-e4be-428e-aef8-503eeeb948b7,-70,Production,MO-2026-03-00006||line:dc6962a2-e038-4d73-8d23-b7291faab9f1||/production/44d52374-e4f4-4511-bd63-220c8f02b2b0/edit,[Auto] Bardana Premium Maida - 50 unit,2026-03-03 19:00:00+00,2026-03-14 07:05:30.738442+00,,
0742ea49-47c4-4b78-b99d-5ad2642642c1,8b945707-4cb1-4e34-8d12-92da06120bd2,-17,Production,MO-2026-03-00006||line:aa25d040-9944-4f29-8435-b61686acf776||/production/44d52374-e4f4-4511-bd63-220c8f02b2b0/edit,[Auto] Bardana Premium Fine - 80 unit,2026-03-03 19:00:00+00,2026-03-14 07:05:30.738442+00,,
cf8ba6b4-3a9c-4eee-8f66-9957bb17e1cf,9e331ef8-d768-4b45-8434-ed8adde48deb,-2,Production,MO-2026-03-00006||line:8ce29592-e455-4db8-943c-a14118b6ab75||/production/44d52374-e4f4-4511-bd63-220c8f02b2b0/edit,[Auto] Bardana Premium Fine - 50 unit,2026-03-03 19:00:00+00,2026-03-14 07:05:30.738442+00,,
eb3d4b6a-ae99-4c9b-86bd-43e2938d2cb4,8851e237-ca39-487c-a35f-e28fe711d32c,200,Production,MO-2026-04-00025||/production/b6680b99-a568-4ad7-a5e7-d03884a1d19f/edit||fg:bb17c95b-ad62-4da7-aa18-2cc61d12a080,Finished Goods Production,2026-04-08 18:59:59.999+00,2026-04-10 11:28:00.054099+00,,
86d0258f-0503-4354-a569-b5f49d2be180,2725799f-a307-4777-8b00-84f03278ab57,-927,Production,MO-2026-03-00006||line:4608d74e-3ebb-4afb-873b-976c5e9e8aa3||/production/44d52374-e4f4-4511-bd63-220c8f02b2b0/edit,[Auto] Bardana Al-Qamar Atta(Green) - 20 unit,2026-03-03 19:00:00+00,2026-03-14 07:05:30.738442+00,,
78b98cf5-f860-4ee5-b0e0-174b31723cfc,b2f8974f-ab3c-4880-a03d-6d3b29d26c57,-785,Production,MO-2026-03-00006||line:79f7d9f3-6623-4621-87ae-100e2e0b7a93||/production/44d52374-e4f4-4511-bd63-220c8f02b2b0/edit,[Auto] Bardana Al-Qamar Atta(Green) - 10 unit,2026-03-03 19:00:00+00,2026-03-14 07:05:30.738442+00,,
43dee0c9-622a-4d2b-bab4-1f3bd473bed7,da5c9701-b165-4fcf-85ac-7d8abfba8e6b,-188,Production,MO-2026-03-00006||line:e16fa758-95d3-4bc4-991d-398190235c26||/production/44d52374-e4f4-4511-bd63-220c8f02b2b0/edit,Bardana Premium Bran - 34,2026-03-03 19:00:00+00,2026-03-14 07:05:30.738442+00,,
8bf97a35-5d45-4613-b836-e0d0519099ad,d23536f3-0d86-4dcd-934e-9085566d4dc7,-10644,Production,MO-2026-03-00007||line:6fcc9ae0-fa2e-4c9d-b44c-01a8e59bf159||/production/ce71b86b-50ab-49d0-ac23-06061c230446/edit,Wheat - Standard,2026-03-04 19:00:00+00,2026-03-14 07:05:30.738442+00,,
747ac3f2-9b0c-43c4-a112-4dd2edbe9250,da5c9701-b165-4fcf-85ac-7d8abfba8e6b,-56,Production,MO-2026-03-00007||line:0ed39777-0ce3-46b9-93b5-c4155c61f1ed||/production/ce71b86b-50ab-49d0-ac23-06061c230446/edit,[Auto] Bardana Premium Bran - 34 unit,2026-03-04 19:00:00+00,2026-03-14 07:05:30.738442+00,,
fdbbcba6-e1e8-45c8-bffe-c7bb9c03c41b,65415ac9-fc97-471a-b17f-1340c7b1b55a,-50,Production,MO-2026-03-00007||line:4d844f84-7b75-4929-9342-ab638a4ce277||/production/ce71b86b-50ab-49d0-ac23-06061c230446/edit,[Auto] Bardana Premium Maida - 80 unit,2026-03-04 19:00:00+00,2026-03-14 07:05:30.738442+00,,
3a382687-8a53-4370-a490-95476b08fac1,8b945707-4cb1-4e34-8d12-92da06120bd2,-17,Production,MO-2026-03-00007||line:0c530731-753c-4c9c-8391-7f2d0dd6f03e||/production/ce71b86b-50ab-49d0-ac23-06061c230446/edit,[Auto] Bardana Premium Fine - 80 unit,2026-03-04 19:00:00+00,2026-03-14 07:05:30.738442+00,,
ab323c93-4352-47fa-9feb-e79f116762d6,2725799f-a307-4777-8b00-84f03278ab57,-40,Production,MO-2026-03-00007||line:14e871ff-16b9-4c80-a579-dded39d8e85f||/production/ce71b86b-50ab-49d0-ac23-06061c230446/edit,[Auto] Bardana Al-Qamar Atta(Green) - 20 unit,2026-03-04 19:00:00+00,2026-03-14 07:05:30.738442+00,,
abad79ad-0464-4806-b645-5b5faeae285a,b2f8974f-ab3c-4880-a03d-6d3b29d26c57,-243,Production,MO-2026-03-00007||line:1b61b389-ef91-44d3-a696-c9f69fb82444||/production/ce71b86b-50ab-49d0-ac23-06061c230446/edit,[Auto] Bardana Al-Qamar Atta(Green) - 10 unit,2026-03-04 19:00:00+00,2026-03-14 07:05:30.738442+00,,
06bc8965-0d06-4351-9469-b13060489b08,9e331ef8-d768-4b45-8434-ed8adde48deb,-3,Production,MO-2026-03-00007||line:5211d846-0b7b-436b-a63a-91a49ae031d4||/production/ce71b86b-50ab-49d0-ac23-06061c230446/edit,[Auto] Bardana Premium Fine - 50 unit,2026-03-04 19:00:00+00,2026-03-14 07:05:30.738442+00,,
5aa0723f-c8e9-40bc-bd4c-95afd1b79bbc,d23536f3-0d86-4dcd-934e-9085566d4dc7,-10212,Production,MO-2026-03-00008||line:f0d4b395-e161-4fd7-bc5a-7414744c0341||/production/b6bdaa86-d910-40aa-8285-e3610f8e223f/edit,Wheat - Standard,2026-03-05 19:00:00+00,2026-03-14 07:05:30.738442+00,,
e1d99894-4b99-4dec-af48-33482385fc2b,da5c9701-b165-4fcf-85ac-7d8abfba8e6b,-48,Production,MO-2026-03-00008||line:b49c9ffb-4ba4-4235-ab53-4f8beb051ece||/production/b6bdaa86-d910-40aa-8285-e3610f8e223f/edit,[Auto] Bardana Premium Bran - 34 unit,2026-03-05 19:00:00+00,2026-03-14 07:05:30.738442+00,,
825a8a91-b6ff-49fc-8920-988dc169cecb,65415ac9-fc97-471a-b17f-1340c7b1b55a,-50,Production,MO-2026-03-00008||line:27a7388a-df62-4aaf-bd26-4d97240e701a||/production/b6bdaa86-d910-40aa-8285-e3610f8e223f/edit,[Auto] Bardana Premium Maida - 80 unit,2026-03-05 19:00:00+00,2026-03-14 07:05:30.738442+00,,
da9c2b3f-5435-49dd-baa5-17dc3895a6ee,8b945707-4cb1-4e34-8d12-92da06120bd2,-17,Production,MO-2026-03-00008||line:4485482d-71e2-4587-85dc-8d7e20675a35||/production/b6bdaa86-d910-40aa-8285-e3610f8e223f/edit,[Auto] Bardana Premium Fine - 80 unit,2026-03-05 19:00:00+00,2026-03-14 07:05:30.738442+00,,
67c4fa70-bf37-4931-9d85-cf51dd7837e1,2725799f-a307-4777-8b00-84f03278ab57,-161,Production,MO-2026-03-00008||line:d49122b3-64db-463c-b475-b1412ee3c174||/production/b6bdaa86-d910-40aa-8285-e3610f8e223f/edit,[Auto] Bardana Al-Qamar Atta(Green) - 20 unit,2026-03-05 19:00:00+00,2026-03-14 07:05:30.738442+00,,
4342e602-6f15-46e0-b0b1-070dcb340170,da5c9701-b165-4fcf-85ac-7d8abfba8e6b,-160,Production,MO-2026-03-00013||line:74e9e3ec-db24-4785-91b1-c0e2ad791483||/production/2eddefb4-20e8-4d0f-af34-ff6eedb8427c/edit,[Auto] Bardana Premium Bran - 34 unit,2026-03-10 19:00:00+00,2026-03-14 07:05:30.738442+00,,
322f9490-805e-4f99-b1fb-90e3b43a4f19,65415ac9-fc97-471a-b17f-1340c7b1b55a,-102,Production,MO-2026-03-00013||line:9a9d29cb-f5cd-4b7f-a549-8df2d635ae1c||/production/2eddefb4-20e8-4d0f-af34-ff6eedb8427c/edit,[Auto] Bardana Premium Maida - 80 unit,2026-03-10 19:00:00+00,2026-03-14 07:05:30.738442+00,,
295a2604-b354-468e-9267-3eb0a772d69e,8b945707-4cb1-4e34-8d12-92da06120bd2,-60,Production,MO-2026-03-00013||line:1526a576-bcd7-435f-9f94-961fdc3be7c4||/production/2eddefb4-20e8-4d0f-af34-ff6eedb8427c/edit,[Auto] Bardana Premium Fine - 80 unit,2026-03-10 19:00:00+00,2026-03-14 07:05:30.738442+00,,
38db5eb8-c0f3-4c01-b0e2-9ec257e5991b,9e331ef8-d768-4b45-8434-ed8adde48deb,-1,Production,MO-2026-03-00013||line:6c448da3-ba41-44b6-a1d2-d232526f9e15||/production/2eddefb4-20e8-4d0f-af34-ff6eedb8427c/edit,[Auto] Bardana Premium Fine - 50 unit,2026-03-10 19:00:00+00,2026-03-14 07:05:30.738442+00,,
e3a6bd26-1658-4d2f-8aa2-35eab2e01c2e,2725799f-a307-4777-8b00-84f03278ab57,-221,Production,MO-2026-03-00013||line:288897b3-999b-4e43-85bf-9216a002fcae||/production/2eddefb4-20e8-4d0f-af34-ff6eedb8427c/edit,[Auto] Bardana Al-Qamar Atta(Green) - 20 unit,2026-03-10 19:00:00+00,2026-03-14 07:05:30.738442+00,,
2e911a36-f128-4cdd-af6f-cd5ec643264b,2725799f-a307-4777-8b00-84f03278ab57,-250,Production,MO-2026-03-00013||line:cd3c4e35-50cf-48d6-a28d-3c81beb0ea99||/production/2eddefb4-20e8-4d0f-af34-ff6eedb8427c/edit,[Auto] Bardana Al-Qamar Atta(Green) - 20 unit,2026-03-10 19:00:00+00,2026-03-14 07:05:30.738442+00,,
4663dacf-9568-4441-ac3b-7c30d4fc8b3d,b2f8974f-ab3c-4880-a03d-6d3b29d26c57,-221,Production,MO-2026-03-00013||line:95108025-6182-4de1-8ad3-8ab6ed0564ae||/production/2eddefb4-20e8-4d0f-af34-ff6eedb8427c/edit,[Auto] Bardana Al-Qamar Atta(Green) - 10 unit,2026-03-10 19:00:00+00,2026-03-14 07:05:30.738442+00,,
bdbe8efb-50ed-4bc2-afe9-5e6dff4c5664,2725799f-a307-4777-8b00-84f03278ab57,-299,Production,MO-2026-03-00013||line:6c16f5c0-9619-482e-8a7d-f1caf4afc87e||/production/2eddefb4-20e8-4d0f-af34-ff6eedb8427c/edit,[Auto] Bardana Al-Qamar Atta(Green) - 20 unit,2026-03-10 19:00:00+00,2026-03-14 07:05:30.738442+00,,
6c8a3f18-d175-43bc-b3c0-7fcf058b85e3,d23536f3-0d86-4dcd-934e-9085566d4dc7,-21402,Production,MO-2026-03-00014||line:f837b863-d5e3-449d-bdf5-c5d4b267f79e||/production/f20facdc-5862-4456-ae00-84ec81156402/edit,Wheat - Standard,2026-03-11 19:00:00+00,2026-03-14 07:05:30.738442+00,,
d66e9572-146b-4902-ac73-ad3b0277be5d,a6707819-7f9c-4968-ad8e-badfec24bef2,-2600,Sale,INV-2026-03-00121||/sales/invoices/4e9a4ed6-5fe8-41e1-ae13-81babd12d729||line:3433f7b7-9f08-44f6-adb4-8e620293e681,Al-Qamar Atta(Green) - 20,2026-03-13 19:00:00+00,2026-03-16 07:18:06.303994+00,,
0f24c9ab-c617-440f-9184-152b75756c65,da5c9701-b165-4fcf-85ac-7d8abfba8e6b,-108,Production,MO-2026-03-00014||line:85de3d82-9a71-4bf4-a9bc-d873e8a4de5f||/production/f20facdc-5862-4456-ae00-84ec81156402/edit,[Auto] Bardana Premium Bran - 34 unit,2026-03-11 19:00:00+00,2026-03-14 07:05:30.738442+00,,
7b18f793-7780-4bc7-b48e-3faa67c847b1,65415ac9-fc97-471a-b17f-1340c7b1b55a,-91,Production,MO-2026-03-00014||line:bc73d360-4b43-4014-9894-e163f0c43a64||/production/f20facdc-5862-4456-ae00-84ec81156402/edit,[Auto] Bardana Premium Maida - 80 unit,2026-03-11 19:00:00+00,2026-03-14 07:05:30.738442+00,,
bf201099-6248-442a-a5f4-71f4ae3ff1a7,8b945707-4cb1-4e34-8d12-92da06120bd2,-45,Production,MO-2026-03-00014||line:bad80a92-9536-422a-ae04-563e984c571d||/production/f20facdc-5862-4456-ae00-84ec81156402/edit,[Auto] Bardana Premium Fine - 80 unit,2026-03-11 19:00:00+00,2026-03-14 07:05:30.738442+00,,
e254b41a-b616-42d4-b036-e04c187e5905,2725799f-a307-4777-8b00-84f03278ab57,-297,Production,MO-2026-03-00014||line:53e26396-53c8-43c2-a36e-d3dc44fe4f52||/production/f20facdc-5862-4456-ae00-84ec81156402/edit,[Auto] Bardana Al-Qamar Atta(Green) - 20 unit,2026-03-11 19:00:00+00,2026-03-14 07:05:30.738442+00,,
7f14ac9e-2a03-4181-962f-174a7b780b1a,b2f8974f-ab3c-4880-a03d-6d3b29d26c57,-91,Production,MO-2026-03-00014||line:edac3f32-68b3-425d-8944-9a3b89cc78e1||/production/f20facdc-5862-4456-ae00-84ec81156402/edit,[Auto] Bardana Al-Qamar Atta(Green) - 10 unit,2026-03-11 19:00:00+00,2026-03-14 07:05:30.738442+00,,
71c366e8-3f62-4277-9f34-084381b8b102,2c981082-c3ab-47b1-99c3-c34fe22ee02c,-1200,Sale,INV-2026-03-00134||/sales/invoices/7a00bb89-bed7-4a17-a76d-6b899b98849d||line:e978a064-78ed-41f6-9585-76a46de6e4d0,Premium Fine - 80,2026-03-16 19:00:00+00,2026-03-18 12:48:47.786128+00,,
98ee6928-c34d-421e-8e40-054a94d012d4,65415ac9-fc97-471a-b17f-1340c7b1b55a,-20.625,Conversion,CONV-1776949357796,Packaging for 80,2026-04-23 18:59:59.999+00,2026-04-23 13:02:40.480708+00,,
d8c4a945-588d-4d51-846d-987bd01f0fb6,8b945707-4cb1-4e34-8d12-92da06120bd2,-79,Production,MO-2026-05-00045||/production/5469e87a-1c73-4330-af7f-c6e0cfb5a90e/edit||comp:5f54a51b-70d1-41ba-88ce-cd106b46d3da,Component Consumption,2026-05-02 18:59:59.999+00,2026-05-02 13:43:51.020231+00,,
401dd1f8-f0cd-4404-a212-fa125e3e74c9,c8ca813c-e4be-428e-aef8-503eeeb948b7,-40,Production,MO-2026-05-00045||/production/5469e87a-1c73-4330-af7f-c6e0cfb5a90e/edit||comp:d6bdb4ed-2510-4291-9763-36b224733709,Component Consumption,2026-05-02 18:59:59.999+00,2026-05-02 13:43:51.183346+00,,
d0b51d28-3a52-490f-b8da-b9c045c2c1d3,65415ac9-fc97-471a-b17f-1340c7b1b55a,-130,Production,MO-2026-05-00045||/production/5469e87a-1c73-4330-af7f-c6e0cfb5a90e/edit||comp:33eb9a80-ca0e-4bbc-9e7b-ce1b8c459dee,Component Consumption,2026-05-02 18:59:59.999+00,2026-05-02 13:43:51.383127+00,,
c2886571-b0c2-47f8-ab70-8777bdb64776,da5c9701-b165-4fcf-85ac-7d8abfba8e6b,-228,Production,MO-2026-05-00045||/production/5469e87a-1c73-4330-af7f-c6e0cfb5a90e/edit||comp:9f19528b-1814-4086-b75d-3aee519fe2cd,Component Consumption,2026-05-02 18:59:59.999+00,2026-05-02 13:43:51.595049+00,,
6e96c988-97fe-4960-8a72-c36bee448556,1066c1db-bbd7-4256-a751-f5cbf463f8a3,7395,Production,MO-2026-05-00045||/production/5469e87a-1c73-4330-af7f-c6e0cfb5a90e/edit||fg:bc23cfc3-331f-4ee2-8e0f-e8cd168b3406,Finished Goods Production,2026-05-02 18:59:59.999+00,2026-05-02 13:43:52.021801+00,,
043782ed-3707-46bd-acd2-2f6d6fe1f131,98506d04-47db-4d74-847b-cf3122bc85ad,250,Production,MO-2026-05-00045||/production/5469e87a-1c73-4330-af7f-c6e0cfb5a90e/edit||fg:fb5d336d-9ec0-4db6-8b2a-0dffe6a3ed42,Finished Goods Production,2026-05-02 18:59:59.999+00,2026-05-02 13:43:52.325593+00,,
b2b782a6-88c6-4fc5-9abc-ea6ae4e43d8c,2c981082-c3ab-47b1-99c3-c34fe22ee02c,6320,Production,MO-2026-05-00045||/production/5469e87a-1c73-4330-af7f-c6e0cfb5a90e/edit||fg:f69d165b-387d-4eed-9c0d-f751723a5183,Finished Goods Production,2026-05-02 18:59:59.999+00,2026-05-02 13:43:52.57434+00,,
ac8de8a3-1d53-4505-9d71-34e119f7178f,8851e237-ca39-487c-a35f-e28fe711d32c,2000,Production,MO-2026-05-00045||/production/5469e87a-1c73-4330-af7f-c6e0cfb5a90e/edit||fg:c62c8335-c9a6-46da-bf95-de8f04da1259,Finished Goods Production,2026-05-02 18:59:59.999+00,2026-05-02 13:43:52.790576+00,,
8501706e-64fe-448b-956c-9ee04cc868ef,e560c8fd-332b-48cb-b7de-125a590bcb0c,10400,Production,MO-2026-05-00045||/production/5469e87a-1c73-4330-af7f-c6e0cfb5a90e/edit||fg:600a81f1-d642-4598-9aad-f63392ca473c,Finished Goods Production,2026-05-02 18:59:59.999+00,2026-05-02 13:43:52.997053+00,,
2c89625d-24a1-43bf-91ce-0483f2e2b91a,18568477-1a69-413a-b5bd-94333c860750,7752,Production,MO-2026-05-00045||/production/5469e87a-1c73-4330-af7f-c6e0cfb5a90e/edit||fg:94730cce-c8a6-4887-b457-665dcfb0055c,Finished Goods Production,2026-05-02 18:59:59.999+00,2026-05-02 13:43:53.223857+00,,
4148164c-035d-4e4a-b714-972f68aa7858,d23536f3-0d86-4dcd-934e-9085566d4dc7,-1550,Adjustment,REF-2026-05-01285,Refraction Cleaning Loss,2026-05-02 18:59:59.999+00,2026-05-02 13:45:30.893791+00,,
ef42fb9d-64b5-4e39-8b04-fa861fac542f,71747c3d-230b-4f6c-a3a5-80ca29120b16,0,Adjustment,REF-2026-05-01285,Extracted from Wheat Cleaning,2026-05-02 18:59:59.999+00,2026-05-02 13:45:31.299435+00,,
b448dfd9-f387-492a-97db-9d0eb0d876af,d9964e90-72ce-482b-8a17-7651628e223e,1550,Adjustment,REF-2026-05-01285,Extracted from Wheat Cleaning,2026-05-02 18:59:59.999+00,2026-05-02 13:45:31.816443+00,,
94254671-3f70-4ca5-b5cf-c3b1d8f6c4c9,0532897a-fd36-45a5-9f0f-d042367920ec,0,Adjustment,REF-2026-05-01285,Extracted from Wheat Cleaning,2026-05-02 18:59:59.999+00,2026-05-02 13:45:32.187826+00,,
2bffff87-b9a1-4f51-a439-8978e4c06bbd,d9964e90-72ce-482b-8a17-7651628e223e,-1550,Sale,INV-2026-05-00423||/sales/invoices/88a6bfdc-50ad-48dc-83ae-929c07d64088||line:8402ec9f-4c26-4a24-91a2-63136b643123,Refraction (Mamni) - Standard,2026-05-01 19:00:00+00,2026-05-02 13:47:35.288126+00,,
5536525d-cefa-4439-93ba-adc2e5f3e1f4,c6b76b35-74b4-4b7d-aa4d-e473698b2f81,40,Adjustment,Manual Adjustment (Back-dated),Adjustment,2026-05-02 18:59:59.999+00,2026-05-02 13:49:22.910562+00,,
1cb005e9-ca8a-49be-ac50-2a185643e0c1,c6b76b35-74b4-4b7d-aa4d-e473698b2f81,-40,Sale,INV-2026-05-00424||/sales/invoices/70694d2f-bf4c-496e-8e31-954ded26168a||line:58196386-e894-4ba2-8480-9c4d2a6c2c1a,Al-Qamar Atta - 20,2026-05-01 19:00:00+00,2026-05-02 13:50:16.303514+00,,
b8b2ab2e-d184-43bf-aa3b-06209e0770ce,18568477-1a69-413a-b5bd-94333c860750,-4998,Sale,INV-2026-05-00425||/sales/invoices/2f220206-6ed6-4b49-acf5-8312e4cf5817||line:e12b5e16-f277-4ac4-b815-1c7f1784c647,Premium Bran - 34,2026-05-01 19:00:00+00,2026-05-02 13:51:36.757341+00,,
1a7483a6-cf6a-4df8-8163-afcdcb70c969,8851e237-ca39-487c-a35f-e28fe711d32c,-5000,Sale,INV-2026-05-00426||/sales/invoices/24dfe82d-4e0a-4dd8-974f-5fb202ea53fb||line:26453eac-3f8e-415f-bafd-9fb9c4fc604e,Premium Maida - 50,2026-05-01 19:00:00+00,2026-05-02 13:52:48.082478+00,,
c8e20cc2-4d06-4e97-8d2b-f5447a2139b7,1066c1db-bbd7-4256-a751-f5cbf463f8a3,-1500,Sale,INV-2026-05-00427||/sales/invoices/b83c3d41-2c92-4786-8852-e2e37ed73379||line:d7f6bc15-89f2-4f39-a239-ede22bc56c21,Al-Qamar Atta - 15,2026-05-01 19:00:00+00,2026-05-02 13:54:04.102181+00,,
964541f4-d9a7-4665-89ea-f37badd2e9d5,2c981082-c3ab-47b1-99c3-c34fe22ee02c,-2400,Sale,INV-2026-05-00427||/sales/invoices/b83c3d41-2c92-4786-8852-e2e37ed73379||line:eae20fad-abae-4e2f-a5f0-47d2c0462bbb,Premium Fine - 80,2026-05-01 19:00:00+00,2026-05-02 13:54:04.300774+00,,
71136c0c-fbe6-49cb-b3ad-836a74a2046c,1066c1db-bbd7-4256-a751-f5cbf463f8a3,-3750,Sale,INV-2026-05-00428||/sales/invoices/4039fbdf-664d-4382-9315-27638600f406||line:badc0ea0-5e82-454d-8a47-2da0778eaa85,Al-Qamar Atta - 15,2026-05-01 19:00:00+00,2026-05-02 13:55:18.048363+00,,
f5602ba3-d0a2-4041-8453-8873211a1364,1066c1db-bbd7-4256-a751-f5cbf463f8a3,-1500,Sale,INV-2026-05-00429||/sales/invoices/89489946-d73a-4644-a56e-6e4647e82345||line:234a9708-11fb-4b55-b31d-0546187ae0f2,Al-Qamar Atta - 15,2026-05-01 19:00:00+00,2026-05-02 13:56:16.686706+00,,
fd3c2995-2e24-4d91-97b5-696bd20186c4,1066c1db-bbd7-4256-a751-f5cbf463f8a3,-15,Sale,INV-2026-05-00430||/sales/invoices/a0532bd3-7e80-471c-915b-71256c70d6e1||line:ba12e9fa-32d0-44fa-8c59-905a55952a21,Al-Qamar Atta - 15,2026-05-01 19:00:00+00,2026-05-02 13:56:57.915615+00,,
5ac8209e-ebdb-4268-83a5-074f997e3404,1066c1db-bbd7-4256-a751-f5cbf463f8a3,-15,Sale,INV-2026-05-00431||/sales/invoices/c08c946e-5410-4ee2-9413-971f408e414c||line:e2d502e2-35ea-464c-9c5b-5d24fd140322,Al-Qamar Atta - 15,2026-05-01 19:00:00+00,2026-05-02 13:57:50.878614+00,,
76e02e68-fa17-4208-9ff1-a1b2e0834d06,1066c1db-bbd7-4256-a751-f5cbf463f8a3,-15,Sale,INV-2026-05-00432||/sales/invoices/2bb5252a-5b5f-44a0-8662-b86e946c73dd||line:273d0b2d-c77f-48cd-9604-34ffaf6dfe75,Al-Qamar Atta - 15,2026-05-01 19:00:00+00,2026-05-02 13:58:57.128123+00,,
fcb0d0bc-0859-4625-b703-57ff243cbf2a,1066c1db-bbd7-4256-a751-f5cbf463f8a3,-750,Sale,INV-2026-05-00450||/sales/invoices/9d05e263-7a9d-4c6b-870d-c874f115e454||line:c53aa3d4-1405-4842-ac2a-2b51456e769f,Al-Qamar Atta - 15,2026-05-05 19:00:00+00,2026-05-07 08:51:15.579077+00,,
c80999ec-6581-4910-94ba-2c90968579e1,1066c1db-bbd7-4256-a751-f5cbf463f8a3,-600,Sale,INV-2026-05-00455||/sales/invoices/761a2dec-5c79-408c-b84e-030351214aa7||line:8315457d-d0b4-4311-8b42-ba8893eaba18,Al-Qamar Atta - 15,2026-05-05 19:00:00+00,2026-05-07 08:58:11.618268+00,,
50b8cdaf-eac9-4e17-8bef-186a49e209b5,d23536f3-0d86-4dcd-934e-9085566d4dc7,130.25,Purchase,PO-2026-05-00063||/purchase/2c11df92-50b4-4352-853f-f76a598b90b1/edit||line:ef32fa55-7a94-4f3a-a23d-726d726320c1,Wheat - Kaat,2026-05-08 18:59:59.999+00,2026-05-08 06:43:38.139423+00,,
bbffc062-d765-44ff-a820-791804f9a45b,29f97aa5-e538-4261-b69f-6b1a394015c9,-200,Sale,INV-2026-05-00421||/sales/invoices/e9930b1c-8f67-40ce-a1c8-248bb5e385ec||line:713351f6-cb98-4b7f-a9bc-6ceb6180dd3f,Wheat Bardana - Standard,2026-04-27 19:00:00+00,2026-05-02 14:25:15.221326+00,,
819c7c7c-e2dd-4476-956c-68e6da61ce5b,71747c3d-230b-4f6c-a3a5-80ca29120b16,-730,Sale,INV-2026-05-00421||/sales/invoices/e9930b1c-8f67-40ce-a1c8-248bb5e385ec||line:32ba3b86-e785-4b02-8155-9b7f00eb5667,Refraction (Ghundi) - Standard,2026-04-27 19:00:00+00,2026-05-02 14:25:15.534707+00,,
09401415-8a2e-4ad1-81b9-0f14d3cbd32e,0532897a-fd36-45a5-9f0f-d042367920ec,-5590,Sale,INV-2026-05-00421||/sales/invoices/e9930b1c-8f67-40ce-a1c8-248bb5e385ec||line:bcb93fcd-185a-4453-8654-c0b1b705fbb8,Refraction (Khapra Matti) - Standard,2026-04-27 19:00:00+00,2026-05-02 14:25:15.790377+00,,
3b580ea1-de08-4b88-bec8-3b58d3fc269a,e560c8fd-332b-48cb-b7de-125a590bcb0c,-12800,Sale,INV-2026-05-00433||/sales/invoices/42ca48a9-8642-4a94-8632-2dcd02758791||line:9c1b72dc-7735-47a1-a872-801a2e783303,Premium Maida - 80,2026-05-03 19:00:00+00,2026-05-04 07:03:32.421007+00,,
77bd59a7-0a31-499a-b3eb-795b735f0a38,29a0bdd8-7ec8-49aa-94e2-3abc24a5fe6d,-313,Conversion,CONV-1777901358036,Stock Conversion (Source),2026-05-04 18:59:59.999+00,2026-05-04 13:29:18.43338+00,,
a9f7b5d2-06f3-41bf-bd61-e2eb999cab0d,a40b07a6-2948-489d-8dec-5e206ba38989,313,Conversion,CONV-1777901358036,Stock Conversion (Destination),2026-05-04 18:59:59.999+00,2026-05-04 13:29:18.651249+00,,
f76d1994-93eb-47f6-b95a-da83b778a4c3,d23536f3-0d86-4dcd-934e-9085566d4dc7,-27419,Production,MO-2026-05-00046||/production/8ffb9e5e-b525-49c2-8e33-9cd31c4ef7aa/edit||comp:8595ee71-69d0-4906-a548-e0731bd0d22d,Component Consumption,2026-05-04 18:59:59.999+00,2026-05-04 13:31:42.033918+00,,
442510f9-5b23-4176-8b97-7702c2408732,a40b07a6-2948-489d-8dec-5e206ba38989,-313,Production,MO-2026-05-00046||/production/8ffb9e5e-b525-49c2-8e33-9cd31c4ef7aa/edit||comp:9398cf9a-f6d9-4ff6-b769-bf4d4504b2cd,Component Consumption,2026-05-04 18:59:59.999+00,2026-05-04 13:31:42.198164+00,,
06b93d04-97cf-4f3d-b85c-e1fdccb2fa2d,29a0bdd8-7ec8-49aa-94e2-3abc24a5fe6d,-3,Production,MO-2026-05-00046||/production/8ffb9e5e-b525-49c2-8e33-9cd31c4ef7aa/edit||comp:404ccc38-b292-411a-bbdd-083b868abada,Component Consumption,2026-05-04 18:59:59.999+00,2026-05-04 13:31:42.350471+00,,
c1c8be43-03d8-4292-be7a-9c0699a0a271,9e331ef8-d768-4b45-8434-ed8adde48deb,-4,Production,MO-2026-05-00046||/production/8ffb9e5e-b525-49c2-8e33-9cd31c4ef7aa/edit||comp:9fba8715-193f-4502-b027-258b0f70e96d,Component Consumption,2026-05-04 18:59:59.999+00,2026-05-04 13:31:42.515447+00,,
ffffd190-f498-4f1e-a762-70dc54822969,8b945707-4cb1-4e34-8d12-92da06120bd2,-67,Production,MO-2026-05-00046||/production/8ffb9e5e-b525-49c2-8e33-9cd31c4ef7aa/edit||comp:74757880-d586-4bc2-b035-f7e478e0ea1f,Component Consumption,2026-05-04 18:59:59.999+00,2026-05-04 13:31:42.678243+00,,
3f9701ad-10af-4e1d-af0d-d9f52b9f389e,c8ca813c-e4be-428e-aef8-503eeeb948b7,-202,Production,MO-2026-05-00046||/production/8ffb9e5e-b525-49c2-8e33-9cd31c4ef7aa/edit||comp:9fd4d626-6bf5-461b-9705-a4bbcc5fecd1,Component Consumption,2026-05-04 18:59:59.999+00,2026-05-04 13:31:42.861809+00,,
b1148359-14b0-44fd-9675-d787bbd27650,da5c9701-b165-4fcf-85ac-7d8abfba8e6b,-206,Production,MO-2026-05-00046||/production/8ffb9e5e-b525-49c2-8e33-9cd31c4ef7aa/edit||comp:baede0d7-cf63-4dc5-9686-3b7d0a05c4e3,Component Consumption,2026-05-04 18:59:59.999+00,2026-05-04 13:31:43.00764+00,,
160fca92-0aaf-4147-a987-4d43277262c4,1066c1db-bbd7-4256-a751-f5cbf463f8a3,4695,Production,MO-2026-05-00046||/production/8ffb9e5e-b525-49c2-8e33-9cd31c4ef7aa/edit||fg:19f9ff54-c81f-4869-b648-31e9b8d54503,Finished Goods Production,2026-05-04 18:59:59.999+00,2026-05-04 13:31:43.5006+00,,
ec994b16-c049-43e9-9db7-464eebad1aca,98506d04-47db-4d74-847b-cf3122bc85ad,200,Production,MO-2026-05-00046||/production/8ffb9e5e-b525-49c2-8e33-9cd31c4ef7aa/edit||fg:9423882a-9519-4756-aa99-7818641458b1,Finished Goods Production,2026-05-04 18:59:59.999+00,2026-05-04 13:31:44.04996+00,,
6aeb4f46-4977-4749-8416-d974cf20ae49,8851e237-ca39-487c-a35f-e28fe711d32c,10100,Production,MO-2026-05-00046||/production/8ffb9e5e-b525-49c2-8e33-9cd31c4ef7aa/edit||fg:256f1dcc-5af9-4877-914c-3730cfe4455f,Finished Goods Production,2026-05-04 18:59:59.999+00,2026-05-04 13:31:44.529984+00,,
bce4e9a8-1247-4ae2-b4e3-57ef5a61f58e,1066c1db-bbd7-4256-a751-f5cbf463f8a3,-1500,Sale,INV-2026-05-00451||/sales/invoices/e1a14c13-1db6-4d25-abb8-9d570bf901a7||line:68f845c1-3f95-4c98-bb09-b8061c863c97,Al-Qamar Atta - 15,2026-05-05 19:00:00+00,2026-05-07 08:53:13.089109+00,,
e4f0ebc5-ead2-4db7-80c6-0316e1a351b9,1066c1db-bbd7-4256-a751-f5cbf463f8a3,600,Sale Return,SCN-2026-05-00099||/sales/credit-notes/0bfb7325-f64b-4237-82ea-0c4d527a0ca4||line:3e33014c-09c7-45eb-a4d3-b7d3740c6d5d,Customer Return: Returns,2026-05-06 18:59:59.999+00,2026-05-07 09:26:35.887352+00,,
3cb552e7-5b7c-4fa7-bfcf-4773640788bf,da5c9701-b165-4fcf-85ac-7d8abfba8e6b,500,Purchase,PO-2026-05-00064||/purchase/b865b4bd-3504-469f-9bbe-a558c7c6784c/edit||line:d803680f-d185-43a7-aed5-398a548e8cb7,Bardana Premium Bran - 34,2026-05-07 18:59:59.999+00,2026-05-08 06:46:58.671334+00,,
0c8e4399-a420-468b-9d8f-e3def4d75b53,2c981082-c3ab-47b1-99c3-c34fe22ee02c,400,Sale Return,SCN-2026-05-00102||/sales/credit-notes/8d1d91ef-43c3-4b86-8666-e3dd523ba8af||line:ebb7b18e-757c-47c0-abbe-045d5ffcd113,Customer Return: Returns,2026-05-07 18:59:59.999+00,2026-05-08 06:52:28.197705+00,,
3488b9d2-5069-4744-9220-9830bdfd3826,29a0bdd8-7ec8-49aa-94e2-3abc24a5fe6d,-204,Conversion,CONV-1778225053057,Stock Conversion (Source),2026-05-08 18:59:59.999+00,2026-05-08 07:24:13.467029+00,,
1d80c43d-57af-4529-82d4-945d9f6ac719,d23536f3-0d86-4dcd-934e-9085566d4dc7,-25613,Production,MO-2026-05-00049||/production/00559614-89b5-4b1d-a530-4d5212c580c9/edit||comp:40058d4f-0902-4724-8b9a-33cf1fa5cf73,Component Consumption,2026-05-07 18:59:59.999+00,2026-05-08 07:27:28.135021+00,,
8f1ede13-374f-4f26-975f-fc87797d80af,36fc17de-cda5-4433-9ab6-525db53d1776,-25,Production,MO-2026-05-00049||/production/00559614-89b5-4b1d-a530-4d5212c580c9/edit||comp:54b9303f-2cad-4655-ba12-082e25e38a9e,Component Consumption,2026-05-07 18:59:59.999+00,2026-05-08 07:27:28.594899+00,,
24c07a7d-a74c-4644-b341-adbc198b3cee,8b945707-4cb1-4e34-8d12-92da06120bd2,-51,Production,MO-2026-05-00049||/production/00559614-89b5-4b1d-a530-4d5212c580c9/edit||comp:dcf23e14-27f6-4cc0-afc1-9d60a5b9f86d,Component Consumption,2026-05-07 18:59:59.999+00,2026-05-08 07:27:28.952217+00,,
6055b280-9dd1-4b8f-8064-437a0d3c796a,65415ac9-fc97-471a-b17f-1340c7b1b55a,-112,Production,MO-2026-05-00049||/production/00559614-89b5-4b1d-a530-4d5212c580c9/edit||comp:4dff99ab-bf8f-4728-bf47-9946b816f478,Component Consumption,2026-05-07 18:59:59.999+00,2026-05-08 07:27:29.087186+00,,
3432e4e2-ebc4-4d92-9e1a-2d4e3f97ac8c,da5c9701-b165-4fcf-85ac-7d8abfba8e6b,-207,Production,MO-2026-05-00049||/production/00559614-89b5-4b1d-a530-4d5212c580c9/edit||comp:b0fe216e-645f-4987-9095-02dfbad95a75,Component Consumption,2026-05-07 18:59:59.999+00,2026-05-08 07:27:30.349964+00,,
28aa0271-e18f-4cb1-97e3-4e8e1b5d9589,1066c1db-bbd7-4256-a751-f5cbf463f8a3,3060,Production,MO-2026-05-00049||/production/00559614-89b5-4b1d-a530-4d5212c580c9/edit||fg:0bbfd4de-f78c-4572-9d54-57a6d70bb15a,Finished Goods Production,2026-05-07 18:59:59.999+00,2026-05-08 07:27:32.152903+00,,
a8fabed9-25a6-4d00-9299-dd632394940a,25a20076-8468-420b-97f9-75c1f6275242,1975,Production,MO-2026-05-00049||/production/00559614-89b5-4b1d-a530-4d5212c580c9/edit||fg:708cd9c8-fc86-4665-8030-72787cbf1bd1,Finished Goods Production,2026-05-07 18:59:59.999+00,2026-05-08 07:27:32.40332+00,,
7ed93fe6-2bbb-4d01-9bd1-ee87c3eb8dd6,4c46ce95-42bf-4f3d-beb8-123623d0fa76,500,Production,MO-2026-05-00049||/production/00559614-89b5-4b1d-a530-4d5212c580c9/edit||fg:10765fea-7b4b-4293-bf64-820bb0d64289,Finished Goods Production,2026-05-07 18:59:59.999+00,2026-05-08 07:27:32.624018+00,,
6181650d-8a67-499a-939a-04657fdf6a9b,2c981082-c3ab-47b1-99c3-c34fe22ee02c,4080,Production,MO-2026-05-00049||/production/00559614-89b5-4b1d-a530-4d5212c580c9/edit||fg:c11faf5d-6978-4346-812f-bd281e54d448,Finished Goods Production,2026-05-07 18:59:59.999+00,2026-05-08 07:27:32.851804+00,,
4c60dad2-739d-4122-a3a3-16aa719fbcde,e560c8fd-332b-48cb-b7de-125a590bcb0c,8960,Production,MO-2026-05-00049||/production/00559614-89b5-4b1d-a530-4d5212c580c9/edit||fg:2c48f55a-e3de-4ab0-bb93-0d1856f04b81,Finished Goods Production,2026-05-07 18:59:59.999+00,2026-05-08 07:27:33.062137+00,,
bf28ba87-353e-48b4-adbc-fb014d4dcf64,18568477-1a69-413a-b5bd-94333c860750,7038,Production,MO-2026-05-00049||/production/00559614-89b5-4b1d-a530-4d5212c580c9/edit||fg:8212d370-0dc1-4546-b821-f9c88137f28e,Finished Goods Production,2026-05-07 18:59:59.999+00,2026-05-08 07:27:33.270708+00,,
e79c176a-4d58-47bd-a5b4-b4b213e6a1c3,25a20076-8468-420b-97f9-75c1f6275242,-1185,Sale,INV-2026-05-00458||/sales/invoices/caf3878c-401c-4c00-bbb3-74260d4be1dc||line:1b19b119-690d-4071-a599-66be90354c41,Al-Qamar Atta - 79,2026-05-06 19:00:00+00,2026-05-08 07:35:36.603588+00,,
3b480826-5e9d-4a63-80b8-892d6a4f1aed,2c981082-c3ab-47b1-99c3-c34fe22ee02c,-1200,Sale,INV-2026-05-00458||/sales/invoices/caf3878c-401c-4c00-bbb3-74260d4be1dc||line:eeb64475-0406-4a7a-9cfb-dfaa059f3733,Premium Fine - 80,2026-05-06 19:00:00+00,2026-05-08 07:35:36.884893+00,,
01401f1c-cc60-4d10-a309-480557d862bf,1066c1db-bbd7-4256-a751-f5cbf463f8a3,-750,Sale,INV-2026-05-00459||/sales/invoices/ea47e2fd-6373-4a94-b9d6-7dbbbf905be8||line:299ae439-1638-4d33-8d98-1efc2d2d218f,Al-Qamar Atta - 15,2026-05-06 19:00:00+00,2026-05-08 07:37:10.499096+00,,
d6d708d6-4e5d-4c42-880b-a9f4e2586797,25a20076-8468-420b-97f9-75c1f6275242,-790,Sale,INV-2026-05-00459||/sales/invoices/ea47e2fd-6373-4a94-b9d6-7dbbbf905be8||line:41f6d107-055d-4c92-9b80-63ff66ed8523,Al-Qamar Atta - 79,2026-05-06 19:00:00+00,2026-05-08 07:37:10.715255+00,,
e382b927-a285-4571-8c32-5f66654a52c4,2c981082-c3ab-47b1-99c3-c34fe22ee02c,-1600,Sale,INV-2026-05-00459||/sales/invoices/ea47e2fd-6373-4a94-b9d6-7dbbbf905be8||line:ec8befb3-5025-4522-98e4-c3076a2d5e2c,Premium Fine - 80,2026-05-06 19:00:00+00,2026-05-08 07:37:10.950902+00,,
e9ac46ce-4e57-4e54-b325-cf4a403b30f5,1066c1db-bbd7-4256-a751-f5cbf463f8a3,-3330,Sale,INV-2026-05-00460||/sales/invoices/22c46903-3edb-42ab-be19-7fe4d263cb23||line:eb5667c3-d4f6-4ae8-905d-2e8f660013d6,Al-Qamar Atta - 15,2026-05-06 19:00:00+00,2026-05-08 07:38:16.397971+00,,
5f275f77-fe49-4359-90fa-0febabafa580,2c981082-c3ab-47b1-99c3-c34fe22ee02c,-2400,Sale,INV-2026-05-00460||/sales/invoices/22c46903-3edb-42ab-be19-7fe4d263cb23||line:7fe63695-4126-4de0-b503-d222208ce90e,Premium Fine - 80,2026-05-06 19:00:00+00,2026-05-08 07:38:16.72868+00,,
914f933a-ae01-4dbd-8e0b-d9593162ce1f,98506d04-47db-4d74-847b-cf3122bc85ad,-300,Sale,INV-2026-05-00461||/sales/invoices/411a873b-9691-4dac-b9b5-6ea52beb3563||line:02b7a162-4a23-4bca-84b5-e51f21ed3bb9,Premium Suji - 50,2026-05-06 19:00:00+00,2026-05-08 07:39:20.032981+00,,
639b0fbe-0421-48ef-b842-78bb1a2e02a7,4c46ce95-42bf-4f3d-beb8-123623d0fa76,-500,Sale,INV-2026-05-00462||/sales/invoices/e6c79f55-031a-4507-8b55-63e33475e6ac||line:778781f7-7f55-4d18-8c3d-b450fde3726f,Premium Fine - 50,2026-05-06 19:00:00+00,2026-05-12 11:01:07.207178+00,,
f6db43b0-0f9b-4ddd-8d82-4705f02d4291,8851e237-ca39-487c-a35f-e28fe711d32c,-50,Sale,INV-2026-05-00462||/sales/invoices/e6c79f55-031a-4507-8b55-63e33475e6ac||line:fcc1346a-2e5f-4d16-95d7-32fc52872c5c,Premium Maida - 50,2026-05-06 19:00:00+00,2026-05-12 11:01:09.274888+00,,
b863283f-a951-448e-a1b2-328b450c40f1,c6b76b35-74b4-4b7d-aa4d-e473698b2f81,60,Production,MO-2026-05-00046||/production/8ffb9e5e-b525-49c2-8e33-9cd31c4ef7aa/edit||fg:b78af1e3-a0ea-4571-8c9d-1d1e2e19026c,Finished Goods Production,2026-05-04 18:59:59.999+00,2026-05-04 13:31:43.792213+00,,
a1a5bccb-e8ad-44ff-98b8-002ec965d8af,2c981082-c3ab-47b1-99c3-c34fe22ee02c,5360,Production,MO-2026-05-00046||/production/8ffb9e5e-b525-49c2-8e33-9cd31c4ef7aa/edit||fg:d89703d8-e089-4a7f-adaf-229ff5dc870b,Finished Goods Production,2026-05-04 18:59:59.999+00,2026-05-04 13:31:44.285839+00,,
5d16c58a-804d-4262-ac2c-f2d68cbe8906,18568477-1a69-413a-b5bd-94333c860750,7004,Production,MO-2026-05-00046||/production/8ffb9e5e-b525-49c2-8e33-9cd31c4ef7aa/edit||fg:5d42eb6d-87d1-45e4-865f-fed5aae5aaab,Finished Goods Production,2026-05-04 18:59:59.999+00,2026-05-04 13:31:44.734521+00,,
165d675e-dbba-4cc0-9249-a74c833909b7,1066c1db-bbd7-4256-a751-f5cbf463f8a3,-15,Sale,INV-2026-05-00434||/sales/invoices/30af86e4-978e-4802-b723-34147b797909||line:d86e4edb-f4ce-45f8-b307-4bfd2a9f4af7,Al-Qamar Atta - 15,2026-05-03 19:00:00+00,2026-05-04 13:34:18.135457+00,,
15af5bac-f025-4eb3-a79d-83ce38940af0,c6b76b35-74b4-4b7d-aa4d-e473698b2f81,-20,Sale,INV-2026-05-00435||/sales/invoices/29121786-f913-48f7-88bc-442e0a61e179||line:c9577fac-3d13-4b1f-95be-a962b6373bab,Al-Qamar Atta - 20,2026-05-03 19:00:00+00,2026-05-04 13:35:24.780913+00,,
79183479-54f5-42c2-ad8a-6a5234f00fad,1066c1db-bbd7-4256-a751-f5cbf463f8a3,-15,Sale,INV-2026-05-00436||/sales/invoices/da535198-55d2-430d-8f9d-dd3f51a5d924||line:ceee64fe-1d65-44df-80f3-bf076015946c,Al-Qamar Atta - 15,2026-05-03 19:00:00+00,2026-05-04 13:37:29.949994+00,,
e517f86e-710e-4d9a-b2a9-9642612532f6,1066c1db-bbd7-4256-a751-f5cbf463f8a3,-1500,Sale,INV-2026-05-00437||/sales/invoices/582d4953-77be-454e-b093-2b7edb953b6b||line:6709e3f5-9aa0-4f4e-8c68-c983addd3aee,Al-Qamar Atta - 15,2026-05-03 19:00:00+00,2026-05-04 13:38:52.411772+00,,
6f72abf5-f7ae-486f-bc47-f611a76bccbc,1066c1db-bbd7-4256-a751-f5cbf463f8a3,-375,Sale,INV-2026-05-00438||/sales/invoices/c3c6451c-e75e-48f3-8aac-dfd8673c4bce||line:91454c5e-c724-4caa-92b9-efae06c56401,Al-Qamar Atta - 15,2026-05-03 19:00:00+00,2026-05-04 13:41:03.937253+00,,
3c94f517-9754-4f0f-bf4d-0e274b59b81e,1066c1db-bbd7-4256-a751-f5cbf463f8a3,-3390,Sale,INV-2026-05-00439||/sales/invoices/7b3174c4-8e4e-4960-a117-609b48aa199d||line:b7b25f5b-735d-400d-a8ec-a7c9f6f3173c,Al-Qamar Atta - 15,2026-05-03 19:00:00+00,2026-05-04 13:45:53.520869+00,,
5eaba8b9-3949-41de-95b6-ddfa7e5169c7,2c981082-c3ab-47b1-99c3-c34fe22ee02c,-2800,Sale,INV-2026-05-00439||/sales/invoices/7b3174c4-8e4e-4960-a117-609b48aa199d||line:6bc7e41b-a4a3-4db9-ba04-59a0758b9539,Premium Fine - 80,2026-05-03 19:00:00+00,2026-05-04 13:45:53.726621+00,,
6e0809be-9748-4435-a942-ad3e13e08bc8,8851e237-ca39-487c-a35f-e28fe711d32c,-1250,Sale,INV-2026-05-00439||/sales/invoices/7b3174c4-8e4e-4960-a117-609b48aa199d||line:1ce146d2-70e8-44f7-80cb-352c4cee7f77,Premium Maida - 50,2026-05-03 19:00:00+00,2026-05-04 13:45:53.90968+00,,
2ca47db4-4763-4bd1-934b-93341f26abc6,29f97aa5-e538-4261-b69f-6b1a394015c9,-20,Sale,INV-2026-05-00439||/sales/invoices/7b3174c4-8e4e-4960-a117-609b48aa199d||line:001d507c-8fa1-40df-9fb1-ef4131ea28e7,Wheat Bardana - Standard,2026-05-03 19:00:00+00,2026-05-04 13:45:54.100656+00,,
4467605c-884d-4359-8019-8b32b84a8721,c6b76b35-74b4-4b7d-aa4d-e473698b2f81,-40,Sale,INV-2026-05-00440||/sales/invoices/5736ee16-a29b-4e1e-adb6-6b58fdba1978||line:a3117aff-b019-410a-bd8a-40c265f991b8,Al-Qamar Atta - 20,2026-05-03 19:00:00+00,2026-05-04 13:49:25.04567+00,,
3c0a5bd3-4474-44d9-9af2-ee6ee8f5006a,29f97aa5-e538-4261-b69f-6b1a394015c9,-200,Sale,INV-2026-05-00421||/sales/invoices/e9930b1c-8f67-40ce-a1c8-248bb5e385ec||line:f05c5f58-d5b0-4a50-9c05-cfc217262253,Wheat Bardana - Standard,2026-04-27 19:00:00+00,2026-05-05 09:16:30.866884+00,,
14a0d450-8c44-41ab-8404-b130b60cf45c,71747c3d-230b-4f6c-a3a5-80ca29120b16,-730,Sale,INV-2026-05-00421||/sales/invoices/e9930b1c-8f67-40ce-a1c8-248bb5e385ec||line:46044808-cfa6-4755-98d1-117803c66c80,Refraction (Ghundi) - Standard,2026-04-27 19:00:00+00,2026-05-05 09:16:33.99889+00,,
303fdf86-8781-4086-9ae9-2ac794ac1b21,0532897a-fd36-45a5-9f0f-d042367920ec,-5590,Sale,INV-2026-05-00421||/sales/invoices/e9930b1c-8f67-40ce-a1c8-248bb5e385ec||line:8dfd0ce5-4a6f-439b-b2eb-e93552d7a9f5,Refraction (Khapra Matti) - Standard,2026-04-27 19:00:00+00,2026-05-05 09:16:36.798346+00,,
42504d45-3f2f-4344-aba0-6a5fe4185883,d23536f3-0d86-4dcd-934e-9085566d4dc7,55300,Purchase,PO-2026-05-00061||/purchase/f0c4cec0-85c8-4eee-a93d-beccdaab95f4/edit||line:fc817bac-a093-49d8-a9b6-a24857602c8b,Wheat,2026-05-04 18:59:59.999+00,2026-05-05 09:43:40.512706+00,,
fd68d5d7-aefa-4023-8cc1-5945ddd09827,29f97aa5-e538-4261-b69f-6b1a394015c9,553,Purchase,PO-2026-05-00061||/purchase/f0c4cec0-85c8-4eee-a93d-beccdaab95f4/edit||line:c9a9def2-2479-4172-8fcc-0677c838a1b3,Wheat Bardana,2026-05-04 18:59:59.999+00,2026-05-05 09:43:41.713055+00,,
5aed0423-4475-4ae9-819c-45c6fe81f0fc,da5c9701-b165-4fcf-85ac-7d8abfba8e6b,500,Purchase,PO-2026-05-00062||/purchase/8ea654ff-9b15-4254-b285-6fcd14e34be3/edit||line:1f27d4b8-347d-4fbf-963e-023b3b186e24,Bardana Premium Bran - 34,2026-05-04 18:59:59.999+00,2026-05-05 09:49:29.972514+00,,
bb05b96f-f4e5-462e-acdd-79b83d358e1a,29a0bdd8-7ec8-49aa-94e2-3abc24a5fe6d,-173,Conversion,CONV-1777990599882,Stock Conversion (Source),2026-05-05 18:59:59.999+00,2026-05-05 14:16:40.42886+00,,
00f40c7e-fb17-4b34-ae4f-1682573473bd,a40b07a6-2948-489d-8dec-5e206ba38989,173,Conversion,CONV-1777990599882,Stock Conversion (Destination),2026-05-05 18:59:59.999+00,2026-05-05 14:16:40.695991+00,,
f8b9879d-56a6-40b7-882c-c227ef359d0a,d23536f3-0d86-4dcd-934e-9085566d4dc7,-20127,Production,MO-2026-05-00047||/production/e48dfe6f-1125-469b-b0fe-c1919dd2ee0f/edit||comp:66e3dd88-8524-4bd4-9069-663ce759cb91,Component Consumption,2026-05-05 18:59:59.999+00,2026-05-05 14:20:35.46076+00,,
ab268fe8-4b0b-4f8b-b308-9f2fbad7faa1,a40b07a6-2948-489d-8dec-5e206ba38989,-173,Production,MO-2026-05-00047||/production/e48dfe6f-1125-469b-b0fe-c1919dd2ee0f/edit||comp:c6e26eee-72c8-40aa-92f9-bfa9ed642da4,Component Consumption,2026-05-05 18:59:59.999+00,2026-05-05 14:20:35.745677+00,,
c2e4a50c-7cbc-4f25-9567-3737c6785074,29a0bdd8-7ec8-49aa-94e2-3abc24a5fe6d,-1,Production,MO-2026-05-00047||/production/e48dfe6f-1125-469b-b0fe-c1919dd2ee0f/edit||comp:9fa73993-f340-4109-be9f-81c99ffb0705,Component Consumption,2026-05-05 18:59:59.999+00,2026-05-05 14:20:36.042429+00,,
253ba248-4ee5-418b-88e2-c5c248acc9f1,36fc17de-cda5-4433-9ab6-525db53d1776,-12,Production,MO-2026-05-00047||/production/e48dfe6f-1125-469b-b0fe-c1919dd2ee0f/edit||comp:c0eca2a9-63bf-461b-90e1-3147f901ef41,Component Consumption,2026-05-05 18:59:59.999+00,2026-05-05 14:20:36.256039+00,,
759fe254-b25c-42db-a39d-3138c549f76e,8b945707-4cb1-4e34-8d12-92da06120bd2,-46,Production,MO-2026-05-00047||/production/e48dfe6f-1125-469b-b0fe-c1919dd2ee0f/edit||comp:d474103d-f8c0-43fe-b03f-b12c0ce5fe1d,Component Consumption,2026-05-05 18:59:59.999+00,2026-05-05 14:20:36.474364+00,,
eac35943-5a06-41d0-a659-8fa19beb0ff9,c8ca813c-e4be-428e-aef8-503eeeb948b7,-155,Production,MO-2026-05-00047||/production/e48dfe6f-1125-469b-b0fe-c1919dd2ee0f/edit||comp:aa748367-832e-4cd5-9dca-71894a636d24,Component Consumption,2026-05-05 18:59:59.999+00,2026-05-05 14:20:36.714983+00,,
4f4548f2-b620-4ff9-9e0a-fb9a05f907b6,da5c9701-b165-4fcf-85ac-7d8abfba8e6b,-151,Production,MO-2026-05-00047||/production/e48dfe6f-1125-469b-b0fe-c1919dd2ee0f/edit||comp:b9889f35-e565-46e3-af99-0f05f047885c,Component Consumption,2026-05-05 18:59:59.999+00,2026-05-05 14:20:36.92109+00,,
74446246-b458-4136-891e-46361a00d4f9,1066c1db-bbd7-4256-a751-f5cbf463f8a3,2595,Production,MO-2026-05-00047||/production/e48dfe6f-1125-469b-b0fe-c1919dd2ee0f/edit||fg:afcfddbd-e3c8-49af-9f13-513656400aaa,Finished Goods Production,2026-05-05 18:59:59.999+00,2026-05-05 14:20:37.423105+00,,
499c91ba-5eb0-4b0d-9280-0a4b84c94e02,c6b76b35-74b4-4b7d-aa4d-e473698b2f81,20,Production,MO-2026-05-00047||/production/e48dfe6f-1125-469b-b0fe-c1919dd2ee0f/edit||fg:460752e8-27f0-4050-89df-9fbffd9f7838,Finished Goods Production,2026-05-05 18:59:59.999+00,2026-05-05 14:20:37.719449+00,,
085638b2-82e6-467f-9bea-1f5af45c2b97,25a20076-8468-420b-97f9-75c1f6275242,948,Production,MO-2026-05-00047||/production/e48dfe6f-1125-469b-b0fe-c1919dd2ee0f/edit||fg:e1ed678d-8eec-4607-bb61-780764dd1589,Finished Goods Production,2026-05-05 18:59:59.999+00,2026-05-05 14:20:38.026134+00,,
22836f91-27ed-4516-a003-50cb908ae2c0,2c981082-c3ab-47b1-99c3-c34fe22ee02c,3680,Production,MO-2026-05-00047||/production/e48dfe6f-1125-469b-b0fe-c1919dd2ee0f/edit||fg:6d22ec93-32a1-47e2-828b-f4ea317e2134,Finished Goods Production,2026-05-05 18:59:59.999+00,2026-05-05 14:20:38.328162+00,,
cecbe73a-9169-4e89-ba44-bdbd8339d0ff,8851e237-ca39-487c-a35f-e28fe711d32c,7750,Production,MO-2026-05-00047||/production/e48dfe6f-1125-469b-b0fe-c1919dd2ee0f/edit||fg:113e8ca4-4ac1-428d-a087-1a72ad2e474f,Finished Goods Production,2026-05-05 18:59:59.999+00,2026-05-05 14:20:38.619797+00,,
7df92e82-6c4c-47c8-82f8-987054c90915,18568477-1a69-413a-b5bd-94333c860750,5134,Production,MO-2026-05-00047||/production/e48dfe6f-1125-469b-b0fe-c1919dd2ee0f/edit||fg:49a22049-e162-4fb4-898f-4ead17cc6d5d,Finished Goods Production,2026-05-05 18:59:59.999+00,2026-05-05 14:20:38.89545+00,,
a8344236-b91a-4786-87e2-6863bc75b102,1066c1db-bbd7-4256-a751-f5cbf463f8a3,-30,Sale,INV-2026-05-00441||/sales/invoices/dea8fdb1-aa43-4a1a-8028-21916531b02e||line:090b4e5f-e15c-40d7-bc5c-6b86d54a450d,Al-Qamar Atta - 15,2026-05-04 19:00:00+00,2026-05-05 14:22:25.758265+00,,
2ffeb6f7-376f-40da-b687-715fdb30b596,1066c1db-bbd7-4256-a751-f5cbf463f8a3,-15,Sale,INV-2026-05-00442||/sales/invoices/5f701c4b-5e3d-442e-934a-69e5ac8e7ed8||line:b31ead22-9e66-41ab-b927-cfcd6a533d60,Al-Qamar Atta - 15,2026-05-04 19:00:00+00,2026-05-05 14:23:34.897755+00,,
8cfe75fb-0a80-4590-b7d5-c791d8ca745f,c6b76b35-74b4-4b7d-aa4d-e473698b2f81,-20,Sale,INV-2026-05-00442||/sales/invoices/5f701c4b-5e3d-442e-934a-69e5ac8e7ed8||line:a10ec3b1-01d8-4e4e-8761-a74b79652cb1,Al-Qamar Atta - 20,2026-05-04 19:00:00+00,2026-05-05 14:23:35.155427+00,,
40630442-f96a-408b-a74e-aad99c12d347,1066c1db-bbd7-4256-a751-f5cbf463f8a3,-30,Sale,INV-2026-05-00443||/sales/invoices/8a527e2e-f1d5-4017-98dd-4b804fb05eb2||line:870b1525-1deb-4ba6-ba6d-5db83d3b3109,Al-Qamar Atta - 15,2026-05-04 19:00:00+00,2026-05-05 14:25:02.270006+00,,
dcd5451d-31dc-4f6b-8d8f-163a0f5f2d3a,18568477-1a69-413a-b5bd-94333c860750,1632,Adjustment,Manual Adjustment (Back-dated),Adjustment ,2026-05-05 18:59:59.999+00,2026-05-05 15:27:07.953568+00,,
3ae19ebc-8779-4faf-835e-ca96932c7ba9,18568477-1a69-413a-b5bd-94333c860750,-17000,Sale,INV-2026-05-00444||/sales/invoices/7dc9c2cc-cd41-4171-8835-998f31c659a8||line:38625f97-6231-4457-993f-9de7b59d443d,Premium Bran - 34,2026-05-04 19:00:00+00,2026-05-05 15:28:39.345702+00,,
03a08eba-81fd-4a49-972d-7c2a24ce7d92,29a0bdd8-7ec8-49aa-94e2-3abc24a5fe6d,-367,Conversion,CONV-1778141731296,Stock Conversion (Source),2026-05-07 18:59:59.999+00,2026-05-07 08:15:31.663832+00,,
8663d39e-6b0e-4876-9649-477103ae8fbb,a40b07a6-2948-489d-8dec-5e206ba38989,367,Conversion,CONV-1778141731296,Stock Conversion (Destination),2026-05-07 18:59:59.999+00,2026-05-07 08:15:31.881183+00,,
dabeaa58-ea5e-479b-b3e8-ad3627b26e78,d23536f3-0d86-4dcd-934e-9085566d4dc7,-35499,Production,MO-2026-05-00048||/production/e175883d-e344-41ea-b1d1-b517d2a4a42d/edit||comp:f251d21b-45b8-4486-9176-f7cb5c94261c,Component Consumption,2026-05-06 18:59:59.999+00,2026-05-07 08:20:04.576572+00,,
731322ba-2f70-4e7d-8501-ae197ecd9bc5,a40b07a6-2948-489d-8dec-5e206ba38989,-367,Production,MO-2026-05-00048||/production/e175883d-e344-41ea-b1d1-b517d2a4a42d/edit||comp:1ef951f0-b238-4acc-a24e-57cc4863d413,Component Consumption,2026-05-06 18:59:59.999+00,2026-05-07 08:20:04.766819+00,,
e8ce0aab-850c-4b56-a49c-c358250ea047,36fc17de-cda5-4433-9ab6-525db53d1776,-20,Production,MO-2026-05-00048||/production/e175883d-e344-41ea-b1d1-b517d2a4a42d/edit||comp:7c7ae550-31a2-4300-ac5d-9e7e7f4ac1da,Component Consumption,2026-05-06 18:59:59.999+00,2026-05-07 08:20:04.924107+00,,
83defa2c-a7a1-4b82-8b90-51d5857adbea,9e331ef8-d768-4b45-8434-ed8adde48deb,-10,Production,MO-2026-05-00048||/production/e175883d-e344-41ea-b1d1-b517d2a4a42d/edit||comp:c04f8400-fee8-4d04-a492-3bde68e4f2a3,Component Consumption,2026-05-06 18:59:59.999+00,2026-05-07 08:20:05.076157+00,,
3164443a-331f-47d4-95a6-cd9b8d24ae72,8b945707-4cb1-4e34-8d12-92da06120bd2,-78,Production,MO-2026-05-00048||/production/e175883d-e344-41ea-b1d1-b517d2a4a42d/edit||comp:484b4686-041c-4748-9b97-e4e7161fcf81,Component Consumption,2026-05-06 18:59:59.999+00,2026-05-07 08:20:05.236331+00,,
3691e1d3-ff65-4465-98b7-99950800d25e,c8ca813c-e4be-428e-aef8-503eeeb948b7,-188,Production,MO-2026-05-00048||/production/e175883d-e344-41ea-b1d1-b517d2a4a42d/edit||comp:e234c758-9d80-4a58-a6b0-41abe111fbf6,Component Consumption,2026-05-06 18:59:59.999+00,2026-05-07 08:20:05.392107+00,,
48291160-9fb4-4f9b-944b-eae7b391ffac,65415ac9-fc97-471a-b17f-1340c7b1b55a,-34,Production,MO-2026-05-00048||/production/e175883d-e344-41ea-b1d1-b517d2a4a42d/edit||comp:ec5301dd-09a2-4df5-ba90-86707076e6e3,Component Consumption,2026-05-06 18:59:59.999+00,2026-05-07 08:20:05.531877+00,,
4929cdff-33cd-4adc-b9ac-dba11a50b29d,da5c9701-b165-4fcf-85ac-7d8abfba8e6b,-281,Production,MO-2026-05-00048||/production/e175883d-e344-41ea-b1d1-b517d2a4a42d/edit||comp:6f9a2887-5d67-415c-8bc6-690c537920ad,Component Consumption,2026-05-06 18:59:59.999+00,2026-05-07 08:20:05.665646+00,,
222d33a1-98eb-4095-8f8c-eeda0e55cdec,1066c1db-bbd7-4256-a751-f5cbf463f8a3,5505,Production,MO-2026-05-00048||/production/e175883d-e344-41ea-b1d1-b517d2a4a42d/edit||fg:455c00e9-f585-408a-bbc1-406b4ac918d9,Finished Goods Production,2026-05-06 18:59:59.999+00,2026-05-07 08:20:06.553711+00,,
ca26b211-e65b-4b5d-bbd2-2594c0949bf8,25a20076-8468-420b-97f9-75c1f6275242,1580,Production,MO-2026-05-00048||/production/e175883d-e344-41ea-b1d1-b517d2a4a42d/edit||fg:fccc91e7-de4c-48ba-ae59-654f81afd51d,Finished Goods Production,2026-05-06 18:59:59.999+00,2026-05-07 08:20:06.8075+00,,
feab6451-8b6a-408c-a1d5-e3a814c165de,4c46ce95-42bf-4f3d-beb8-123623d0fa76,500,Production,MO-2026-05-00048||/production/e175883d-e344-41ea-b1d1-b517d2a4a42d/edit||fg:ea0cd3f3-3d46-4e66-a715-95bb7cbdc8f9,Finished Goods Production,2026-05-06 18:59:59.999+00,2026-05-07 08:20:07.020156+00,,
b03b87ad-6dc4-444c-9387-d961b38b14e8,2c981082-c3ab-47b1-99c3-c34fe22ee02c,6240,Production,MO-2026-05-00048||/production/e175883d-e344-41ea-b1d1-b517d2a4a42d/edit||fg:1831256c-ea01-4149-b72f-919f790572ad,Finished Goods Production,2026-05-06 18:59:59.999+00,2026-05-07 08:20:07.238182+00,,
545a5978-3ed4-4c1b-8520-ab7d5690873b,8851e237-ca39-487c-a35f-e28fe711d32c,9400,Production,MO-2026-05-00048||/production/e175883d-e344-41ea-b1d1-b517d2a4a42d/edit||fg:01ab1896-d8e6-44ec-a76e-b59d82d34441,Finished Goods Production,2026-05-06 18:59:59.999+00,2026-05-07 08:20:07.436079+00,,
799b5129-7ba9-45de-9925-0d2c693f5269,e560c8fd-332b-48cb-b7de-125a590bcb0c,2720,Production,MO-2026-05-00048||/production/e175883d-e344-41ea-b1d1-b517d2a4a42d/edit||fg:1cf4158a-128f-4831-9a4d-417e214e09e1,Finished Goods Production,2026-05-06 18:59:59.999+00,2026-05-07 08:20:07.645786+00,,
9e653c64-16fc-43d8-9512-9f2f03fe54e2,18568477-1a69-413a-b5bd-94333c860750,9554,Production,MO-2026-05-00048||/production/e175883d-e344-41ea-b1d1-b517d2a4a42d/edit||fg:ba1de1f7-f09b-4944-8735-77d9a9f9fae7,Finished Goods Production,2026-05-06 18:59:59.999+00,2026-05-07 08:20:07.908951+00,,
c11a3382-b674-469b-99e2-1ba677788f04,8851e237-ca39-487c-a35f-e28fe711d32c,-250,Sale,INV-2026-05-00451||/sales/invoices/e1a14c13-1db6-4d25-abb8-9d570bf901a7||line:85d47c07-77d0-474c-82cf-6ddc4bb6510b,Premium Maida - 50,2026-05-05 19:00:00+00,2026-05-07 08:53:13.458678+00,,
7006e948-d1c8-4dc1-8c3f-42962a2095c3,e560c8fd-332b-48cb-b7de-125a590bcb0c,-12800,Sale,INV-2026-05-00456||/sales/invoices/092e8cfe-436a-48d4-8249-06cdda1bac4c||line:e2b5c107-b119-4410-a8db-80183bcebede,Premium Maida - 80,2026-05-07 19:00:00+00,2026-05-08 02:38:32.019705+00,,
44061e09-6980-4f77-bb67-eed6469ae201,25a20076-8468-420b-97f9-75c1f6275242,-1580,Sale,INV-2026-05-00445||/sales/invoices/7605b130-8e7b-4789-97de-01e9dc7e0de1||line:5d811ba1-7585-4c4d-9746-f8ac7186b1ea,Al-Qamar Atta - 79,2026-05-05 19:00:00+00,2026-05-07 08:36:35.579207+00,,
4f71f6d0-17fc-416e-b521-722da338f7e7,2c981082-c3ab-47b1-99c3-c34fe22ee02c,-6800,Sale,INV-2026-05-00445||/sales/invoices/7605b130-8e7b-4789-97de-01e9dc7e0de1||line:5a16c934-66ae-4a80-a7f4-68ebda0f8934,Premium Fine - 80,2026-05-05 19:00:00+00,2026-05-07 08:36:35.783533+00,,
c92e0ad8-a4fd-43c6-80e2-7b8304fc9c84,2c981082-c3ab-47b1-99c3-c34fe22ee02c,-400,Sale,INV-2026-05-00446||/sales/invoices/187655a6-d83f-4f96-9e2e-ca06906accba||line:96e175ae-55a4-46de-b19d-9fb1a3be6cc5,Premium Fine - 80,2026-05-05 19:00:00+00,2026-05-07 08:45:17.371339+00,,
0870f03c-5e98-43b1-a6de-fcaabdb07692,e560c8fd-332b-48cb-b7de-125a590bcb0c,-2400,Sale,INV-2026-05-00446||/sales/invoices/187655a6-d83f-4f96-9e2e-ca06906accba||line:07f39059-8cf1-4b59-b805-5b376e37e5be,Premium Maida - 80,2026-05-05 19:00:00+00,2026-05-07 08:45:17.748887+00,,
3112a639-9219-4e12-b7ae-cc268383c938,25a20076-8468-420b-97f9-75c1f6275242,-948,Sale,INV-2026-05-00447||/sales/invoices/c64b8a46-1372-4ca8-9901-a67f385ff6b1||line:9973b3ec-5e2e-4eaf-9bb5-29da00cf42fc,Al-Qamar Atta - 79,2026-05-05 19:00:00+00,2026-05-07 08:46:42.561672+00,,
6925eba9-ec7b-4e83-b295-db36fcf64d6e,2c981082-c3ab-47b1-99c3-c34fe22ee02c,-1600,Sale,INV-2026-05-00447||/sales/invoices/c64b8a46-1372-4ca8-9901-a67f385ff6b1||line:c87e00eb-9a4b-4b5c-a373-5ef2e371fcb4,Premium Fine - 80,2026-05-05 19:00:00+00,2026-05-07 08:46:42.902038+00,,
40d666f9-6800-4e20-a11a-9ac63b459c70,2c981082-c3ab-47b1-99c3-c34fe22ee02c,480,Sale Return,SCN-2026-05-00101||/sales/credit-notes/e39d603f-b7c4-4d60-a393-f3aa190952e0||line:91315519-2a41-4ee1-82e3-9b6ae6ffed0c,Customer Return: Returns,2026-05-07 18:59:59.999+00,2026-05-08 06:50:20.97882+00,,
5ce4be54-b4da-4a2f-9fab-d9bae2401b5f,e560c8fd-332b-48cb-b7de-125a590bcb0c,2400,Sale Return,SCN-2026-05-00102||/sales/credit-notes/8d1d91ef-43c3-4b86-8666-e3dd523ba8af||line:0f84f8d3-79eb-4790-b56d-0495b98130e5,Customer Return: Returns,2026-05-07 18:59:59.999+00,2026-05-08 06:52:28.481534+00,,
c51a9df2-721d-4c93-bba7-9af3a182847b,a40b07a6-2948-489d-8dec-5e206ba38989,204,Conversion,CONV-1778225053057,Stock Conversion (Destination),2026-05-08 18:59:59.999+00,2026-05-08 07:24:13.836577+00,,
becbbcfa-b116-4231-8903-8dbf24bfaae3,a40b07a6-2948-489d-8dec-5e206ba38989,-204,Production,MO-2026-05-00049||/production/00559614-89b5-4b1d-a530-4d5212c580c9/edit||comp:62ec4a09-9a22-4bf7-a0fd-62f4b4005cf4,Component Consumption,2026-05-07 18:59:59.999+00,2026-05-08 07:27:28.376904+00,,
3391d2ae-26fc-400c-8f51-4827201aa28c,9e331ef8-d768-4b45-8434-ed8adde48deb,-10,Production,MO-2026-05-00049||/production/00559614-89b5-4b1d-a530-4d5212c580c9/edit||comp:1b20faf1-2eba-43b8-9053-8fb81ec95fe5,Component Consumption,2026-05-07 18:59:59.999+00,2026-05-08 07:27:28.769099+00,,
